context,position,bb_id,n_carriers,in_sar_window,coherence,coherence_z,coherence_p,sparse_coherence,sparse_coherence_z,sibling_max_cos,sibling_max_sparse_j,sparse_falloff,effect_strength_l2,top20_gene_energy_fraction,delta_frac_deep_depth_tier,driver_genes_up,driver_genes_down,is_positive_control,sparse_composite_score,coherence_p_permutation,sparse_rank,within_candidate_chemical_coherence,ring1_phenotype_correlation,ring3_phenotype_correlation,falloff,falloff_null_percentile
zel024_hek293,bb3,BB_3497641765,168,1,0.2655725181102752,66.84651076144164,0.0099009900990099,0.1580545513802615,121.55521585992788,0.620434045791626,0.081967213114754,0.918032786885246,2.1269969940185547,0.075465090572834,-0.0288609622374176,"ACADM,KIF22,DDX21,CDC37,TSEN34,UBE2L3,MALAT1,STIP1,CCT2,RAB9A,YIPF3,RBM18,SLC25A36,RPL30,TMED5","PIN4,HNRNPL,LDHB,HSPA8,PAICS,EIF5A,P4HB,CALR,ILF3,KPNB1,CANX,HNRNPU,MLF2,ATP5PF,HNRNPAB",False,111.59167357632724,0.0099009900990099,1,0.9041318297386168,0.3371881246566772,0.1513846516609192,-0.0716156065464019,0.41
zel024_hek293,bb3,BB_9543364413,167,1,0.7155494093894958,253.5559914873081,0.0099009900990099,0.2744676926495241,114.48637630357346,0.9246317148208618,0.1049723756906077,0.8950276243093923,6.259069919586182,0.0573505945503711,-0.2247548886702662,"SCP2,EIF5A,PIGK,HDAC3,DSG2,KMT5A,DTWD2,BTBD1,CPE,PLS3,SNAPC3,INTS14,SRPK2,ASPH,DIAPH3","COX6A1,SLC25A6,RPL37,STOML2,RPS21,SNHG5,RBM8A,COX7C,FAU,RPL41,RPS29,NACA,RPS14,LDHA,FP236383.3",False,102.46846939877848,0.0099009900990099,2,0.9494149684906006,0.0236744657158851,0.011145663447678,0.6918749436736107,1.0
zel024_hek293,bb3,BB_8357462340,168,1,0.4800842702388763,167.8427057904849,0.0099009900990099,0.1654305966175492,109.57095143603183,0.8385831713676453,0.0869565217391304,0.9130434782608696,3.7544779777526855,0.054601065814495,0.1020914187149633,"MORF4L1,SLC25A6,HSP90AA1,TFAM,CYCS,VIM,IMPDH2,CCT4,KPNA2,TMBIM6,EIF5,TOMM20,PA2G4,GNAS,ILF2","FP236383.3,HMOX1,HSPA5,ADAMTS1,CENPW,PIGK,RAB3GAP1,ATP5PO,ATP6V0E1,INSIG1,IARS2,RNF13,APP,CPVL,RPL36",False,100.04304261550736,0.0099009900990099,3,0.9121208190917968,0.146217480301857,0.0109385550022125,0.3338667899370193,1.0
zel024_hek293,bb3,BB_5543109086,168,1,0.5933362245559692,148.41002465242883,0.0099009900990099,0.1826259440173255,110.82238497855876,0.903954029083252,0.1049723756906077,0.8950276243093923,4.939290523529053,0.0774982795119285,-0.1657657241421795,"SEC61A1,JMJD8,COMMD2,MT-ND5,HIST1H4C,SKA2,DTWD2,AL590867.1,CALU,EIF2A,OOEP-AS1,RAD21,NDUFB3,MBNL1,PICALM","SERBP1,UBC,HNRNPK,UBB,H3F3B,ACTG1,NONO,EIF4A1,JUN,SLC25A6,MALAT1,STOML2,MORF4L2,HNRNPM,H1FX",False,99.18909594766032,0.0099009900990099,4,0.9341612458229064,0.3973252177238464,-0.0203640516847372,0.1960110068321228,0.95
zel024_hek293,bb3,BB_2672352977,168,1,0.3585198521614074,157.13106055279837,0.0099009900990099,0.1458249345121295,105.26320572195084,0.8481158018112183,0.0641711229946524,0.9358288770053476,3.076784133911133,0.0507745407521724,-0.1895752479517033,"SH3D19,RPS2,DIPK1A,HSPA14-1,TMEM230,TCERG1,NAE1,EBPL,CUL3,DNAJC19,TMEM50A,RBBP6,NMT1,PCLAF,YY1","HNRNPU,SNHG29,DHX15,MALAT1,PNN,PRKDC,PSAT1,ILF3,NCL,EIF4H,SLC25A5,KHDRBS1,NAP1L1,ZFAS1,ACTB",False,98.50834760075614,0.0099009900990099,5,0.9040641784667968,0.3093562424182892,0.1126873269677162,0.0491636097431182,0.76
zel024_hek293,bb3,BB_3866639127,168,1,0.4364490211009979,135.31503098735138,0.0099009900990099,0.171666889267713,107.34086061803777,0.8090307116508484,0.0944444444444444,0.9055555555555556,3.561983823776245,0.05800786241889,-0.1836228669993223,"TMED2,IDH3B,EEF2,HNRNPK,NONO,PDIA3,DNAJC21,MALAT1,IRS4,EIF4H,CLNS1A,SRP9,RPL29,RNF40,BTBD1","EIF1AX,HMGB1,SRSF11,ACTB,GLO1,PPIA,SLC38A1,CCT3,PABPC1,CA2,HMGN2,RNPS1,HSP90AA1,CANX,TOP2A",False,97.20311267077864,0.0099009900990099,6,0.9305028319358826,-0.0146093964576721,-0.1714045256376266,0.45105841755867,1.0
zel024_hek293,bb3,BB_0671730704,166,1,0.2663722932338714,78.67961463519727,0.0099009900990099,0.1333896818696852,103.62266374693492,0.280691921710968,0.0659340659340659,0.934065934065934,1.8986380100250244,0.0978262051939964,0.0649428243374533,"RTRAF,XIST,SOX4,BRD2,HNRNPUL1,AL035425.3,EIF4B,PRPF8,XRCC6,NUSAP1,ENAH,SPDL1,PRRC2C,CTNNB1,HMGCS1","FP236383.3,C11orf58,H3F3B,ATP5F1B,EEF1B2,GUK1,SAT1,STOML2,TRIB3,MALAT1,EEF1A1,HMGB3,SELENOF,ANP32A,DPM1",False,96.79040020318097,0.0099009900990099,7,0.93900728225708,-0.2378668934106826,-0.0603770054876804,0.5042391866445541,1.0
zel024_hek293,bb3,BB_5272889191,167,1,0.489330917596817,146.55330523004065,0.0099009900990099,0.1571737568321855,104.7246304589269,0.873078465461731,0.081081081081081,0.9189189189189187,4.000166893005371,0.0505921207368373,-0.10499440962835,"DKC1,SLC30A5,HNRNPA2B1,HNRNPU,HNRNPH2,EWSR1,FUS,HNRNPAB,CLTC,TAF15,HNRNPA3,NMD3,XRCC2,MORF4L2,STRBP","CHCHD2,ILF2,CNIH4,HSPA8,TUBB,NME2,RBBP7,EIF1,COX6A1,MT-CO1,MDH2,EIF3M,MT-CO3,GNL3,YARS",False,96.2334442055004,0.0099009900990099,8,0.9050098657608032,0.1819846928119659,0.217204749584198,0.3073462247848511,0.98
zel024_hek293,bb3,BB_9420008587,168,1,0.2573703527450561,97.895445400345,0.0099009900990099,0.1369229322502219,102.11635465504654,0.3125440776348114,0.0582010582010582,0.941798941798942,1.881748080253601,0.0819140523672103,0.0842342758578205,"HSP90AA1,PRC1,PSMA4,ZFAS1,FDPS,CCT5,SF3B1,GARS,UBB,PSMD7,HSP90AB1,DIS3,SF3B2,GOT2,POP7","APP,FP236383.3,HNRNPA2B1,FUS,PIN4,SCD,C1orf43,HMOX1,RBMX,HSPA1B,SEC61A1,COX6C,ALG5,TAF15,SELENOK",False,96.17307475448828,0.0099009900990099,9,0.9520696997642516,0.1309784948825836,0.0915104299783706,0.1263918578624725,0.91
zel024_hek293,bb3,BB_1579169438,168,1,0.5384916067123413,208.69937745495795,0.0099009900990099,0.1233369997267377,101.1418515571256,0.9031372666358948,0.0531914893617021,0.946808510638298,4.210189342498779,0.0418774038553237,0.2449485615721062,"FP236383.3,VDAC2,SNHG1,IRF2BP2,ATP5PB,BRD2,SSR3,AK2,UBC,RAN,C19orf48,EIF3A,ATF3,FAU,NUDT5","JUN,EIF2B2,NCAPH,DCTN3,MRPS11,PKN1,ATP6V1D,TMEM141,CISD1,SNAP47,DTD1,NDUFS7,RBM10,MVB12A,UAP1",False,95.7619658360019,0.0099009900990099,10,0.9183804392814636,-0.4698189496994018,-0.1319844275712967,1.0083105564117432,1.0
zel024_hek293,bb3,BB_9932753009,168,1,0.2188712358474731,77.89345330925464,0.0099009900990099,0.1259819214599356,100.31533390064196,0.3217569291591644,0.0481283422459893,0.9518716577540108,1.6709027290344238,0.0902008563280105,-0.1181466765231319,"CCNG1,PITPNB,MT-CO1,PTDSS1,ODC1,ACLY,WDR59,MT-CYB,XRCC2,MYH10,MT-ND4,DNAJB1,OAZ1,AK2,PIP5K1A","MORF4L2,RBM39,CKAP2,LINC00486,XRCC5,CD164,PPP1CC,CD63,RRM1,SND1,PSAT1,ZFR,CEP57,ATP6V1G1,SAE1",False,95.4873231781512,0.0099009900990099,11,0.9048642516136168,-0.0321300365030765,-0.0411290116608142,0.2510012723505497,0.97
zel024_hek293,bb3,BB_8759755490,168,1,0.6895571947097778,218.14913331422085,0.0099009900990099,0.1549173774615263,107.75831308596824,0.8861063122749329,0.1173184357541899,0.88268156424581,5.246097087860107,0.0449041277170181,0.1794723710959157,"COX6C,H2AFZ,B2M,ATP5IF1,SSR2,EEF1B2,NDUFB9,COX7A2,COX7C,FBL,ATP5F1C,PPIB,PNISR,PPIA,HINT1","HSPA5,ADAMTS1,PBRM1,INTS13,DIAPH1,ZPR1,PPP6R3,AKAP12,DDX10,BRD2,YKT6,ERO1A,LIG1,TNPO3,IRS4",False,95.11627635521218,0.0099009900990099,12,0.9408432245254515,-0.5209826231002808,-0.1534572094678878,1.2105398178100586,1.0
zel024_hek293,bb3,BB_5345232705,168,1,0.2846932113170624,120.76496815805292,0.0099009900990099,0.1667437431152204,101.8620410242312,0.7101656794548035,0.081081081081081,0.9189189189189187,2.3850860595703125,0.1086956039071083,0.0782818949054395,"STAG2,OBI1,HSPD1,NOLC1,MALAT1,PKM,TPR,FP236383.3,SF3B1,U2SURP,DKC1,CSDE1,NASP,METAP2,ATXN10","ATP6V0B,BSG,SNHG29,TIPRL,ODC1,TSC22D3,NDUFA10,RPL13A,LINC02613,TBRG4,MT-ATP6,VHL,MT-CO1,JUND,BUB3",False,93.60295661686108,0.0099009900990099,13,0.9105163812637328,-0.171644777059555,-0.054927609860897,0.4563379883766174,1.0
zel024_hek293,bb3,BB_0972548426,167,1,0.5230058431625366,207.20165161896395,0.0099009900990099,0.1452735755535179,100.2673703224022,0.9115129709243774,0.075268817204301,0.9247311827956988,4.5611491203308105,0.0446338728070259,-0.2726590802870327,"TAOK3,PGK1,PRPS1,HIST1H1C,IRS4,AC139769.2,KHSRP,SELENOH,RPL13A,RLIM,ARF5,MIEN1,HIST3H2A,RPL6,COPS9","SRSF11,SNHG29,HNRNPA2B1,MALAT1,YWHAE,SF3B1,FUS,LINC00486,XRCC5,NUCKS1,EIF3A,SLC3A2,IARS,STMN1,HNRNPU",False,92.72036395404936,0.0099009900990099,14,0.9306296706199646,0.0374167822301387,-0.0310852527618408,0.4855890609323978,1.0
zel024_hek293,bb3,BB_6860382851,168,1,0.4202976524829864,155.37120548312467,0.0099009900990099,0.1753222560826557,98.3376541701114,0.8642138838768005,0.064516129032258,0.935483870967742,3.4342336654663086,0.054727304726839,-0.1062419146183699,"SAE1,TBC1D4,HNRNPF,GTF3C5,SREBF2,OGFOD1,ZYX,AMD1,SLC29A1,SLC6A8,POLR2A,DEPDC1,SDHD,FIP1L1,TMEM123","COX4I1,HSP90B1,FBL,EEF1G,UQCRH,SSR2,ATP5F1A,ATP5MC2,ATP5F1B,FUS,TPT1,GAS5,PKM,MALAT1,NONO",False,91.99328938494294,0.0099009900990099,15,0.910675883293152,0.4840010106563568,0.1094375848770141,-0.0637033581733703,0.38
zel024_hek293,bb3,BB_8066226507,168,1,0.2039994001388549,54.35628053366704,0.0099009900990099,0.1385574097100766,96.30247441488318,0.1536555141210556,0.053763440860215,0.946236559139785,1.5595134496688845,0.0806347727775573,-0.0764800098564652,"PKM,PAICS,CENPH,NCKAP1,SOX4,HSP90AA1,TXNDC5,FLNA,SRSF5,DDX3X,TFAM,TLN1,RAB1A,SERBP1,HMGXB4","UQCRC1,RCN2,PSAT1,CD63,MTHFD2,PRPS1,HAX1,MDH1,ILF2,PRDX5,KPNA2,TMBIM6,SRSF7,SLC39A1,CLTA",False,91.12492202698624,0.0099009900990099,16,0.911163568496704,-0.0326503962278366,0.0347320474684238,0.2366497963666916,0.96
zel024_hek293,bb3,BB_0896893626,168,1,0.3935266435146332,132.00729354012364,0.0099009900990099,0.2148179400598165,101.029710732563,0.4215218126773834,0.0994475138121546,0.9005524861878453,2.695613145828247,0.0923990383744239,-0.100289533665989,"FP236383.3,MALAT1,NCL,SET,SERBP1,HNRNPU,NONO,MYH9,CTNNB1,DHX15,FUS,LRRC59,TSPAN3,TSPYL1,PDIA4","PFN1,COX7C,RPS29,FAU,TUBA1B,TMSB10,TUBB,TMA7,ATP5PO,SPCS1,RPS2,SNHG32,UQCRQ,ZFAS1,RAN",True,90.98255717904846,0.0099009900990099,17,0.9540742635726928,0.1860961019992828,0.1498286128044128,0.2074305415153503,0.95
zel024_hek293,bb3,BB_9049784573,166,1,0.3293884098529815,91.80839822436988,0.0099009900990099,0.1631545495609361,97.76864369058264,0.7064711451530457,0.0756756756756756,0.9243243243243244,2.5056326389312744,0.0756537765264511,0.0287982460242002,"UQCRB,HMGN1,PRDX1,MSMO1,HNRNPA3,MYL6,MARK3,CCT8,SSX2IP,PLS3,HDLBP,HSPA1B,IPO7,BUB1,GOLGB1","XBP1,CD81,PHB2,H1FX,EIF1,RPL10A,EEF1A1,ARF1,PSMB1,BSG,ATP5F1A,RPLP0,EEF1B2,COX5B,SLC25A3",False,90.3699355194034,0.0099009900990099,18,0.9035771489143372,-0.1301267594099044,-0.0982590466737747,0.459515169262886,1.0
zel024_hek293,bb3,BB_5090475991,167,1,0.5529909133911133,147.00378739162306,0.0099009900990099,0.1271040745232762,95.91780173966325,0.899711012840271,0.0638297872340425,0.9361702127659576,4.231485366821289,0.0464267022907733,0.1824307400722487,"PSAP,FP236383.3,NCL,SERBP1,CBX3,HNRNPM,CCT5,FUS,SMC4,ATP1A1,HTATSF1,LDHB,RBM8A,NOP56,COX7A2","EEF2,HSPA5,TSC22D3,LMAN2,LSM12,POLR2J,RTCA,GTF3C5,SNAP47,CRLF1,FAM204A,YEATS4,AC139769.2,PDRG1,MRPS9",False,89.79538886266346,0.0099009900990099,19,0.9123111963272096,0.0342710129916667,0.0798008665442466,0.5187199003994465,1.0
zel024_hek293,bb3,BB_7968340747,168,1,0.5462550520896912,210.46812982177133,0.0099009900990099,0.1317313205611358,99.3158088424536,0.9016267657279968,0.0989010989010989,0.9010989010989012,4.223011016845703,0.0534302219748497,0.2092342758578205,"FUS,JUN,XRCC6,HNRNPD,EEF2,SRP14,SOX4,ILF3,PGRMC1,HNRNPH1,YBX1,CAPRIN1,ACTB,XRCC5,ARHGDIA","SLC1A5,RPS5,RPL3,H1F0,SCAMP1,ABCE1,NDUFS7,HIKESHI,YIPF4,BNIP3,SSU72,RPS14,CRYZL1,PSMC3IP,PYGL",False,89.49336620968347,0.0099009900990099,20,0.9013333320617676,0.100126102566719,0.1489362865686416,0.4461289495229721,1.0
zel024_hek293,bb3,BB_8150738125,167,1,0.5298753976821899,170.79634710791413,0.0099009900990099,0.1704208104861543,100.51317864427308,0.8861063122749329,0.1173184357541899,0.88268156424581,3.881491899490357,0.0523854345083236,0.236322955641111,"UQCRB,FBL,COX6C,UQCRH,GNAS,NDUFA1,COX7C,SSR2,COX5A,SLC25A6,ATP5F1E,SRP14,EEF1B2,STOML2,MT-CO3","LRRC75A,FP236383.3,CTNNB1,SOX4,STARD7,HSPA8,KIF22,PPP1R15A,SF3B2,SPECC1L,YWHAH,USP39,MAT2A,DDIT4,APP",False,88.7211297530455,0.0099009900990099,21,0.9058761596679688,0.5005943775177002,0.2042035609483719,0.0292810201644897,0.73
zel024_hek293,bb3,BB_1619714190,168,1,0.4372195601463318,171.82060658936672,0.0099009900990099,0.1497819450776926,94.49547935203758,0.8804284930229187,0.0648648648648648,0.9351351351351352,3.722680807113648,0.0541029535233974,-0.1836228669993223,"PRMT5,MCM2,C7orf50,POLR2J,EIF3K,CCNH,CD99,UTP4,RPLP0,PUSL1,PSME3,SGO1,LRR1,UQCC3,ACTG1","PNN,HNRNPU,NCL,FTH1,GAPDH,FUS,HNRNPDL,CALR,HSPA8,ENO1,TKT,MALAT1,CCT7,DDX21,EEF2",False,88.36604285352703,0.0099009900990099,22,0.9036080241203308,0.2231265306472778,0.2365112751722335,0.2140930294990539,0.99
zel024_hek293,bb3,BB_7896412862,167,1,0.3226112723350525,110.320505713124,0.0099009900990099,0.1846750979356482,95.99611271617582,0.2202758938074112,0.0824175824175824,0.9175824175824177,2.2248294353485107,0.14197438955307,0.0087780454614703,"NONO,HAGH,RPL5,H1F0,MALAT1,NAP1L1,MORF4L2,PSMC5,EIF3J,LSM14A,MORF4L1,TPT1,UBA1,FLNA,SMC1A","XIST,CCT3,CANX,YWHAZ,NUCKS1,PABPC1,SLC38A1,SOX4,PKM,ATP1A1,CYP51A1,SON,LBR,CCT8,SCD",False,88.08434518462286,0.0099009900990099,23,0.9078880548477172,0.0025599270593374,0.0101514207199215,0.320051345275715,1.0
zel024_hek293,bb3,BB_9507842734,168,1,0.8015614151954651,296.97039105725884,0.0099009900990099,0.231118832278463,104.198605636056,0.9427586793899536,0.1560693641618497,0.8439306358381503,7.50131893157959,0.0469100624322891,-0.2610038193802748,"USP33,TRAPPC4,HMOX1,IARS,CIZ1,KLC1,SRP54,LRRC75A,DRG1,RPL29,LAS1L,RPLP1,WAPL,RPL34,MYDGF","JUN,CNBP,HNRNPM,ACTG1,MALAT1,RAN,PARP1,HSPD1,UBC,SERBP1,HSP90AA1,TUBB,DDX5,HSPA8,PTMA",False,87.93639550788541,0.0099009900990099,24,0.9544842839241028,0.4985379874706268,0.2015824615955352,0.3030234277248382,1.0
zel024_hek293,bb3,BB_6235533440,168,1,0.2514667212963104,87.51247564306799,0.0099009900990099,0.1561666593359521,93.24402179260076,0.6305343508720398,0.0695187165775401,0.9304812834224598,2.1503162384033203,0.1172841116786003,-0.0407657241421794,"TRIM28,COA3,XIST,NAP1L1,PSAP,TMBIM6,DIPK1A,SEPTIN2,LRRC59,SP3,MT-CYB,OSTC,TMED10,CSNK1E,LARS","JTB,HSPA1B,EIF5A,ATP5F1D,MYL6,HSP90AB1,RPS29,COMMD4,SLC25A6,RPLP1,ANXA2,TIMM44,FDFT1,NBEAL1,MZT2B",False,86.76181706905096,0.0099009900990099,25,0.9291361570358276,0.2542606890201568,0.0391430519521236,-0.0027939677238464,0.58
zel024_hek293,bb3,BB_7055283758,167,1,0.7971224188804626,175.1929852357203,0.0099009900990099,0.1864141121592043,95.86230169449357,0.9316096901893616,0.1049723756906077,0.8950276243093923,7.520907878875732,0.036832220852375,-0.3025992000475117,"TAOK3,NDUFS2,MCM4,HSPA1B,HSP90AA1,ALAS1,PRRC2C,THRAP3,PKM,HIST3H2A,ZBTB33,ID3,EMC10,NRAS,HIST1H1C","EIF1,ATF4,GAS5,CNIH4,XBP1,RBM8A,RPS21,CNBP,MT-CO3,FAU,SELENOK,NACA,TXN,TMBIM6,EEF1G",False,85.79940814645279,0.0099009900990099,26,0.915623903274536,-0.3472512364387512,-0.0494460500776767,1.144373655319214,1.0
zel024_hek293,bb3,BB_1630146909,168,1,0.2876258790493011,94.16543300536146,0.0099009900990099,0.1456052525201407,93.8884521350824,0.543171226978302,0.0869565217391304,0.9130434782608696,2.148000717163086,0.0632808431982994,-0.0467181050945604,"MALAT1,HNRNPA2B1,HSPD1,CDC73,HDLBP,CCT7,HNRNPU,HMGCS1,MSH6,TOMM34,YARS,DNAJA1,SMC1A,DIPK1A,RBM8A","RPL30,ARF1,DDX39B,PSMB7,SNHG5,TUBA1B,PFN1,SLC1A5,C1orf43,CNBP,HMGN2,SSR4,ARPC5,RPL6,ATP5MC2",False,85.7242389059448,0.0099009900990099,27,0.9477602243423462,-0.0471983179450035,0.0173251200467348,0.3348241969943046,1.0
zel024_hek293,bb3,BB_0178192231,168,1,0.3493236601352691,108.10317243530578,0.0099009900990099,0.2013584340228981,91.86099178695731,0.7221798300743103,0.0710382513661202,0.9289617486338798,2.6304616928100586,0.144031673669815,0.0544723710959157,"RPRD1A,SNRNP70,OTUB1,DNAJB1,HSPA1B,P4HB,ACTB,COX5B,SF3A3,NME2,YKT6,RBM3,YWHAE,TMSB10,PIN4","HSPA5,MRPL3,SLC38A2,YIPF3,CGGBP1,FANCI,GNG12,MIB1,DHX29,IARS,TMEM38B,SEC63,CANX,FBXO5,DNAJC10",False,85.33534756165434,0.0099009900990099,28,0.9312500953674316,-0.0557014755904674,0.0400092937052249,0.4050251357257366,1.0
zel024_hek293,bb3,BB_6048600856,167,1,0.535900890827179,196.7561798126817,0.0099009900990099,0.1717043828604432,95.86282449723817,0.8229541182518005,0.1117318435754189,0.888268156424581,3.8367843627929688,0.0730727538466453,0.1225505005512906,"MIF,RHOA,CKB,FP236383.3,FAU,UBA52,NME2,RBM8A,PPIA,H2AFZ,SNRPD2,ATP5IF1,SNHG5,ACTG1,TXN","CANX,HSPA5,MT-CYB,SERINC1,SLC7A11,PRKDC,EPRS,PGRMC2,STT3B,XPOT,TMEM30A,CUL4B,H1F0,VPS35,HP1BP3",False,85.1518943858149,0.0099009900990099,29,0.9069108366966248,0.0622832328081131,-0.0832544788718223,0.4736176580190658,1.0
zel024_hek293,bb3,BB_7553096473,168,1,0.4340706765651703,127.45366108273367,0.0099009900990099,0.1847611943899886,92.2854447101194,0.8362485766410828,0.081081081081081,0.9189189189189187,3.2086639404296875,0.0585788041353225,0.1318533234768681,"COX7C,RPL37,SLC25A6,PSMB1,EEF1B2,ZFAS1,ATP5F1E,SERF2,PIN4,EIF1,SPCS1,RPS29,RHEB,RPL29,SLIRP","XIST,FP236383.3,SOX4,TSIX,HNRNPH1,MALAT1,IRS4,PHB,KHSRP,SPEN,DDX24,SMPD4,DDX3X,KDM1A,RBM15",False,84.80284108497459,0.0099009900990099,30,0.9475324153900146,0.0270886924117803,0.3429224789142608,0.4069819841533899,1.0
zel024_hek293,bb3,BB_1235396373,168,1,0.3355543613433838,101.85942599082593,0.0099009900990099,0.1755268838506572,96.50301347752948,0.6598674654960632,0.1560693641618497,0.8439306358381503,2.604782819747925,0.1687474697828292,0.0782818949054395,"GAS5,KDM1A,YBX1,HBS1L,EEF2,PARP1,SMC1A,HSPA8,HNRNPDL,HSP90AB1,H1F0,HNRNPA2B1,CSDE1,FP236383.3,NONO","MT-CYB,MGST3,SSR4,MT-CO3,FTH1,ATP5IF1,EIF4EBP1,EIF3M,COMMD6,ATP5MPL,LAPTM4B,MRPS18C,SARNP,SF3B6,TSEN34",False,81.44184952438904,0.0099009900990099,31,0.935369610786438,0.195632979273796,0.0825486779212951,0.1399213820695877,0.9
zel024_hek293,bb3,BB_8979142929,168,1,0.343309611082077,98.0921855522284,0.0099009900990099,0.1498266011773462,92.73890780290026,0.6672048568725586,0.1235955056179775,0.8764044943820225,2.4413743019104004,0.0738835260272026,0.2032818949054395,"SAT1,GNAS,FAU,UQCRB,TMSB10,VIM,TSC22D3,EEF1B2,ATP5MC3,CYC1,HMGB2,PHB2,PEBP1,SOX4,CST3","FP236383.3,XIST,HNRNPA2B1,FUS,EWSR1,SLC7A11,HNRNPU,SMC1A,DDX17,MALAT1,MYH10,SEPHS1,HNRNPH1,APP,CANX",False,81.2767956025418,0.0099009900990099,32,0.9555010795593262,-0.1812795102596283,-0.1957367211580276,0.5245891213417053,1.0
zel024_hek293,bb3,BB_1505273541,167,1,0.6033383011817932,229.09963809312976,0.0099009900990099,0.161816663900004,90.13620455747612,0.8975139260292053,0.0994475138121546,0.9005524861878453,4.636452674865723,0.0541128143668174,0.2183588837848236,"EIF3A,HNRNPM,NCL,MALAT1,HNRNPA2B1,SF3B1,CSDE1,ANP32B,FUS,PRKDC,TFAM,FP236383.3,XRCC5,CANX,NUCKS1","RPS18,RPL15,RPLP2,AIMP2,RPS5,ALG3,RPS16,LRRC75A,RPL14,ZNF593,COQ8A,RPL8,ID3,RPS13,EXOSC4",False,81.17238310977133,0.0099009900990099,33,0.906727135181427,0.2242064625024795,0.2012634426355362,0.3791318386793136,1.0
zel024_hek293,bb3,BB_7426840745,168,1,0.280814528465271,73.35742359627497,0.0099009900990099,0.150337422827545,93.12564331659998,0.7633827328681946,0.1299435028248587,0.8700564971751412,2.4210197925567627,0.0844442024827003,0.1080437996673442,"EEF1A1,PLS3,PARP1,SSB,CCT3,ILF3,KPNB1,HNRNPL,HSPD1,HSP90AA1,CCT6A,BUB1,ATP5F1B,TXNDC5,GLUL","FTH1,ATP5F1A,PLEKHA7,CNIH4,CDK4,CYP51A1,APH1A,LAPTM4A,MDK,MTCH2,NDUFS8,TSPAN6,SRP72,TRIB3,CD47",False,81.02457102122257,0.0099009900990099,34,0.9139841198921204,0.2499602437019348,0.1859923601150512,0.0308542847633361,0.64
zel024_hek293,bb3,BB_6210856258,168,1,0.7261543869972229,348.6580457806241,0.0099009900990099,0.1190460799483325,86.53084804055585,0.9210953116416932,0.0641711229946524,0.9358288770053476,5.62234354019165,0.0385563559830188,0.2270914187149633,"MTHFD2,PRKDC,SAT1,TOMM20,EIF3B,MALAT1,RBMX,EPRS,HSP90AA1,STAG2,ACTR2,SF3B3,EIF3E,GLO1,ADAMTS1","MTG1,BLVRB,CKLF,EXOSC5,OOEP-AS1,AL590867.1,RPSA,SLC37A4,C7orf50,SMARCB1,UQCC2,SDHAF3,TMCO1,MICOS13,NDUFS7",False,80.97806634811376,0.0099009900990099,35,0.9334223866462708,0.0488832183182239,-0.058935273438692,0.677271168678999,1.0
zel024_hek293,bb3,BB_8676145020,168,1,0.3100805878639221,113.43961852693975,0.0099009900990099,0.1737410802287164,89.1662387651126,0.7301654815673828,0.0928961748633879,0.907103825136612,2.4857711791992188,0.0896774977445602,-0.1240990574755128,"HADHA,WAC,TUBGCP2,TAF15,AC068888.1,GAPDH,TDG,MTRNR2L12,TNPO3,DDX46,YWHAQ,CPVL,KPNB1,CALM1,PDS5A","FP236383.3,FUS,HNRNPDL,SLC35F1,CCT5,APRT,HNRNPL,PKM,GPX4,HSPA9,PARP1,MORF4L2,HNRNPU,SET,YWHAE",False,80.88303625687809,0.0099009900990099,36,0.9077993631362916,-0.2630413770675659,-0.1725798994302749,0.573121964931488,1.0
zel024_hek293,bb3,BB_9236479542,168,1,0.3855156898498535,121.46255484703804,0.0099009900990099,0.2214881877016779,96.64419643352936,0.5102660059928894,0.1705882352941176,0.8294117647058823,2.698395252227783,0.2240919172763824,-0.0526704860469414,"UBXN1,EEF2,MRPL10,HSPA8,SLC1A5,CANX,IK,PKN1,FIP1L1,PRRC2A,ERP29,STIP1,SMC1A,FP236383.3,SEC63","PTMA,HSPA1B,LDHB,JUN,CFL1,HSPD1,XIST,PA2G4,PRDX1,PLS3,PABPC1,TUBA1B,NAA50,YWHAE,HNRNPH1",False,80.15783351251554,0.0099009900990099,37,0.9440580606460572,0.0978611856698989,-0.0268630925565958,0.2876545041799545,0.99
zel024_hek293,bb3,BB_5443714227,168,1,0.291931003332138,101.64092244549512,0.0099009900990099,0.1635898185834723,83.52169218785201,0.5251234173774719,0.0869565217391304,0.9130434782608696,2.1057770252227783,0.0867985188961029,0.0544723710959157,"RAD23B,POLA1,DCTN1,SFPQ,NONO,AURKAIP1,PLK1,STC2,HNRNPA2B1,SEC63,SAE1,SSU72,MRFAP1,NSRP1,BEX2","SOD1,MIF,PRDX1,COX7C,MYL6,SNRNP70,ATP5ME,EIF2S2,HMGN1,CALM2,XRCC6,PLS3,HNRNPC,SOX4,NHP2",False,76.2589363454301,0.0099009900990099,38,0.9376060962677002,0.1824040859937667,-0.0794825032353401,0.1095269173383712,0.82
zel024_hek293,bb3,BB_7431615886,166,1,0.8944163918495178,195.9115727284452,0.0099009900990099,0.155261825910203,87.2330103212627,0.9659125208854676,0.1299435028248587,0.8700564971751412,9.74893569946289,0.0404969155788421,-0.302527055180619,"NUP205,IPO5,BLM,CD55,EIF3L,ERLEC1,RNF13,CHTOP,NIPSNAP1,TAOK3,IMPACT,NPTN,CD47,SRD5A3,NELFB","HSP90AA1,HNRNPA2B1,SERBP1,HSPD1,HSP90AB1,RAN,PKM,MALAT1,JUN,OAZ1,ACTB,TUBA1B,SNRNP70,GAS5,MIF",False,75.89764739816076,0.0099009900990099,39,0.9441089034080504,0.233593076467514,-0.1960055381059646,0.6608233153820038,1.0
zel024_hek293,bb3,BB_4111522701,168,1,0.5100775361061096,181.2123366876264,0.0099009900990099,0.2300321967958667,87.29477086638038,0.8384525775909424,0.1337209302325581,0.8662790697674418,4.041141033172607,0.0680445805191993,-0.1598133431897985,"XIST,MT-CO2,OOEP-AS1,RPS21,SNRNP40,RPS29,RPS13,SH3D19,RPL27A,TMEM258,RPS11,RPL34,RPS5,RPL19,RPL37","HSP90AA1,HNRNPM,ACTG1,SSRP1,VDAC2,TUBB,CYCS,SRSF3,SF3B1,C1QBP,HNRNPA3,CKB,HNRNPA2B1,YBX1,RBM8A",False,75.62163290168998,0.0099009900990099,40,0.9337906241416932,0.2308222949504852,0.1270522028207779,0.2792552411556244,0.99
zel024_hek293,bb3,BB_4560745800,167,1,0.5730423927307129,193.29478778956545,0.0099009900990099,0.1746938100646656,85.82665457777375,0.879015326499939,0.1242937853107344,0.8757062146892656,4.219806671142578,0.050768207758665,0.2482990035453026,"GSTP1,HSPA1B,ATP5MC3,NDUFA1,PPIA,CCT3,CHCHD10,PTMA,TUBA1B,SNRPD1,HNRNPA3,CHCHD2,HSPE1,HSP90AA1,CNBP","FP236383.3,EEF2,NFE2L1,MT-CO1,LINC02613,LRRC75A,H1F0,FUBP3,CD46,PLAA,YKT6,PJA2,CHMP4B,SAR1B,HYOU1",False,75.15893479974538,0.0099009900990099,41,0.902563214302063,-0.2064268887042999,0.0765466317534446,0.7794692814350128,1.0
zel024_hek293,bb3,BB_9407612552,168,1,0.3058394193649292,114.92293200624044,0.0099009900990099,0.2086960280043315,87.14371281922274,0.5909460186958313,0.1428571428571428,0.8571428571428572,2.340209484100342,0.1722745448350906,0.0366152282387728,"EIF4H,NCL,HADHA,NPM1,ARCN1,ANP32A,ANP32B,SRSF11,SET,FP236383.3,YWHAQ,CRTAP,MYL6,CALR,CANX","CD81,COX8A,MT-CO1,PLD3,GSTP1,MT-ND2,MT-ND4,COX6A1,RFC4,LMAN2,HMOX1,TMBIM6,FKBP8,MT-ND1,UBXN1",False,74.69461098790521,0.0099009900990099,42,0.9550825357437134,0.2235149443149566,0.0226083863526582,0.0823244750499725,0.83
zel024_hek293,bb3,BB_3027049330,167,1,0.3289009928703308,81.25813339894825,0.0099009900990099,0.1375669448347026,80.55448607434182,0.8000594973564148,0.0765027322404371,0.9234972677595628,2.73640775680542,0.0544778034090995,-0.0990063856762542,"RPL34,GGH,NDUFB9,ARL6IP1,MT-CO3,SSR2,B2M,PLAGL1,RPS13,ZBTB8OS,TMUB1,PGRMC2,COPA,NFU1,AP2S1","PKM,RHOA,PMAIP1,HSPA9,NPM1,RPS20,YBX1,RBM8A,TPI1,DNAJB1,CACYBP,EIF4G2,EIF4G1,XPOT,SSRP1",False,74.39184779543044,0.0099009900990099,43,0.9180887341499328,-0.2058075368404388,-0.2348672002553939,0.5347085297107697,1.0
zel024_hek293,bb3,BB_4417860298,168,1,0.3499084413051605,105.66570464104124,0.0099009900990099,0.1526522132555885,82.60062565338012,0.7788500785827637,0.0994475138121546,0.9005524861878453,2.865265130996704,0.0875564143061637,0.0247104663340109,"FP236383.3,NUP205,TMBIM6,MT-CO3,DDX17,PSAP,SLC3A2,COX6A1,XIST,PDIA3,H3F3B,RHOA,STOML2,FTH1,ENO1","ATP5PF,ANKHD1,TSC22D3,ANKRD17,MARCKSL1,CA2,HSP90AA1,YWHAE,HNRNPD,TMSB10,NOP16,PRMT1,IMMP1L,MYH10,SLIT2",False,74.38619879282298,0.0099009900990099,44,0.9301941394805908,0.0389864221215248,0.2083748430013656,0.3109220191836357,0.99
zel024_hek293,bb3,BB_2459734371,168,1,0.4196604490280151,121.90503748617668,0.0099009900990099,0.1835681400150551,78.57040409609237,0.8284763693809509,0.0585106382978723,0.9414893617021276,3.3102426528930664,0.0538981668651104,-0.1062419146183699,"UBQLN1,SON,MALAT1,DDX3X,FAM168B,TSIX,CTNNB1,CIRBP,DIPK1A,MAGT1,PABPC1,LSM14A,ATRX,ADAMTS1,YKT6","ATP5IF1,PIN4,H1FX,RPL36,RPL37,BEX3,HINT1,HNRNPU,RPL23A,SNRPD1,COX7C,CALM2,NME4,RPS29,SNRPE",False,73.97319960110825,0.0099009900990099,45,0.9413109421730042,0.1039669960737228,0.1501889526844024,0.3156934529542923,1.0
zel024_hek293,bb3,BB_0173485578,168,1,0.233652651309967,61.21363393278794,0.0099009900990099,0.1297884278224993,80.16564329231731,0.4860018789768219,0.0869565217391304,0.9130434782608696,1.8260855674743648,0.0847241804003715,0.0009009425244871,"FTL,TCEAL9,SNRPA1,RPS25,PSMA1,NDUFS8,PSMB1,ALG5,TIMM13,RPL36,GSTP1,MT-CO3,OSTC,RPL10,PPA1","EEF2,HSPA9,MTHFD1,EIF3B,MCM4,SMC1A,CSDE1,HNRNPU,EWSR1,HDLBP,PLS3,SARS,DNAJC7,JUN,RPRD1A",False,73.19471778863755,0.0099009900990099,46,0.9557413458824158,0.1753619760274887,0.0791203379631042,0.0582906752824783,0.76
zel024_hek293,bb3,BB_7552836976,168,1,0.6119419932365417,242.39110635241815,0.0099009900990099,0.1500149145738487,82.9718534234273,0.8988953232765198,0.1235955056179775,0.8764044943820225,4.701086521148682,0.0517639592289924,0.2211390377625823,"RBMX,CITED1,FTH1,EIF3A,MT-CYB,PNN,NCL,SMC3,EIF3D,ST13,HSPA4,HMGB2,PCMT1,NUCKS1,CCAR1","SOX4,ADAMTS1,HIST3H2A,RHOB,HSPA1B,DHPS,OSGEP,COX17,ID3,OOEP-AS1,NDUFA8,MGAT4B,MRPS25,FASN,HMGCS1",False,72.71690524749809,0.0099009900990099,47,0.92372864484787,0.1891993135213852,0.0533613711595535,0.4227426797151565,1.0
zel024_hek293,bb3,BB_9701956839,168,1,0.3105379641056061,100.43586496659869,0.0099009900990099,0.1473737162145501,79.05072161469454,0.7496480941772461,0.0994475138121546,0.9005524861878453,2.522028923034668,0.0617240406572818,-0.1300514384278938,"HP1BP3,WAPL,EWSR1,ATP6AP1,HMOX1,MT-CYB,SLC1A5,MT-ND4,STIP1,MARS,ATP6V0B,ZNF598,GNB1,RPN2,RPS12","ACTR2,HNRNPA2B1,SAT1,JUN,IPO5,NPM1,PTMA,HTATSF1,RBMX,EIF4A1,VDAC2,EEF1A1,KHDRBS1,SLC25A6,NCL",False,71.18932388505641,0.0099009900990099,48,0.911331057548523,0.2354329228401184,0.0574481151998043,0.0751050412654876,0.76
zel024_hek293,bb3,BB_4464134601,168,1,0.5390455722808838,156.0476734207346,0.0099009900990099,0.2098852759466197,82.70818304290387,0.8525890111923218,0.1627906976744186,0.8372093023255813,4.179279804229736,0.0618362464010715,-0.2431466765231319,"EIF5A,CANX,SLC38A2,OOEP-AS1,HACD3,SLC38A1,SLC7A11,TMED2,MT-CYB,DDX17,HSPA13,CALU,DIPK1A,GGH,LRRC75A","JUN,COX7C,UQCRH,NDUFA1,RAN,BEX3,NME2,HNRNPDL,SLC25A5,MIF,COX6C,PPIA,RPL37,SNRPD2,TUBA1B",False,69.24406022196602,0.0099009900990099,49,0.9039739370346068,0.2248658388853073,0.2566380202770233,0.3141797333955765,1.0
zel024_hek293,bb3,BB_6545568677,168,1,0.3404616117477417,94.51784142284,0.0099009900990099,0.1894662512447054,79.28676038314265,0.7484235763549805,0.1436781609195402,0.8563218390804598,2.8067915439605717,0.0930023193359375,0.012805704429249,"JUN,HSP90AA1,HSPA1B,CCT3,VPS35,XRCC5,NPM1,UBXN4,PMAIP1,HSPA8,TRIM27,HSPA5,PKM,GNL3,EIF3I","MT-CO3,MT-CO1,KRTCAP2,NDUFB9,RPLP1,RPL36,RPS21,COX8A,ATP5F1E,RPL28,RPL35A,ADSL,UQCRQ,RPL34,RPS27",False,67.89498446602445,0.0099009900990099,50,0.9479909539222716,-0.2720645666122436,-0.1929622888565063,0.6125261783599854,1.0
zel024_hek293,bb3,BB_4313530054,168,1,0.3404718935489654,115.39797560976989,0.0099009900990099,0.1622144430851569,75.33611554122702,0.772663950920105,0.0994475138121546,0.9005524861878453,2.787272453308105,0.0825092941522598,0.1020914187149633,"MALAT1,FP236383.3,PSAP,EWSR1,ERP29,BEX2,SMC1A,ANP32A,CIRBP,XBP1,SARS,ZC3H13,HNRNPA2B1,H3F3B,SELENOK","HSPA1B,JUN,EIF5A,ID2,ZNF703,ID3,CYCS,RPLP1,XIST,DNAJB1,BTG1,MAZ,EIF3E,PA2G4,TXNDC17",False,67.84412615038676,0.0099009900990099,51,,,,,
zel024_hek293,bb3,BB_7153250188,159,1,0.5598850846290588,149.1630714652648,0.0099009900990099,0.187559814410833,80.09996596227087,0.918271780014038,0.1627906976744186,0.8372093023255813,4.621774196624756,0.0486528240144252,-0.2265249334862945,"DIPK1A,HSDL2,GRN,MT-CYB,LRRC75A,GGH,SLC7A11,TNPO1,PAIP1,HSPA13,PIGK,NMT1,TMEM39A,FBXO7,HARS","RAN,PTMA,UQCRB,NOP56,SOD1,RANBP1,SOX4,XRCC6,H1FX,JUN,TUBB,FUS,PKM,COX6C,HNRNPDL",False,67.06043661957561,0.0099009900990099,52,,,,,
zel024_hek293,bb3,BB_1193003673,167,1,0.9054374098777772,245.90983224112608,0.0099009900990099,0.1249764388168399,76.74348483620767,0.9659125208854676,0.1363636363636363,0.8636363636363636,9.957477569580078,0.0392291955649852,-0.2906231521433201,"GPI,SLC30A5,BLOC1S1,HIKESHI,MRPL57,POLR2D,ARF5,MPV17,SYPL1,SLC39A14,MRPS18A,SRP54,OOEP-AS1,PTRHD1,PREB","HSPA8,NAP1L1,TUBB,EIF3A,NONO,TOMM20,JUN,PPIA,HSPD1,PTMA,NPM1,ACTG1,GNL3,XIST,EIF4A1",False,66.27846417672481,0.0099009900990099,53,,,,,
zel024_hek293,bb3,BB_8391505475,168,1,0.5700726509094238,211.4306737704491,0.0099009900990099,0.2543873709799338,76.00669922181486,0.7741999626159668,0.1337209302325581,0.8662790697674418,4.874592304229736,0.0590614229440689,-0.1598133431897985,"RPS12,RPS19,MIF,RPLP1,RPL41,RPS16,EIF3I,RPS18,RPS21,RPS15A,RPS15,RPS29,RPS13,RPS23,RPS14","HDLBP,CANX,XIST,EIF3A,SF3B2,NUCKS1,HDAC2,FUS,CSDE1,NONO,PRKDC,SMARCC1,PDIA3,PLS3,IARS",False,65.84301269796752,0.0099009900990099,54,,,,,
zel024_hek293,bb3,BB_8380388218,167,1,0.4779955446720123,164.70820964972853,0.0099009900990099,0.2068434247361479,80.39820789772942,0.8011924028396606,0.1834319526627219,0.8165680473372781,3.6876206398010254,0.1145593151450157,-0.230742912622362,"STX4,SUPT16H,DNAJA2,HMOX1,STT3A,SLC7A11,APP,GUSB,XBP1,SERINC1,MARCH6,TMED10,CDC5L,SMC1A,MT-CO3","JUN,HSPA8,MIF,SOD1,TXN,PPIA,HSP90AA1,PTMA,EEF1B2,HMGB1,CKS2,CKB,HSP90AB1,SOX4,FAU",False,65.65060763246544,0.0099009900990099,55,,,,,
zel024_hek293,bb3,BB_5798078569,168,1,0.656132698059082,220.9682564112151,0.0099009900990099,0.1664038335412265,75.82567590904273,0.9258659482002258,0.1502890173410404,0.8497109826589595,4.991659641265869,0.0513396598398685,0.1735199901435347,"WDR75,CCT8,YWHAE,HSP90AA1,PPP2R1A,PGK1,CKB,HMG20B,HSPA9,ACTG1,PKM,HSPA8,JUN,TUBB,CCT5","MT-ND2,MT-CYB,AK3,FP236383.3,MT-CO3,APP,CANX,SLC30A5,MT-ND5,BRCA1,PIGP,CD59,UNC50,SLC39A1,IMPACT",False,64.42990958745249,0.0099009900990099,56,,,,,
zel024_hek293,bb3,BB_3586809514,168,1,0.5353820323944092,175.54833659926055,0.0099009900990099,0.1773892652889347,74.66587137143901,0.9032416939735411,0.1428571428571428,0.8571428571428572,4.067296981811523,0.0525582358241081,0.1318533234768681,"BRD2,ACTB,PRDX1,SOX4,PTMA,TUBA1B,H2AFZ,SRSF2,ESD,JUN,APRT,TXN,INSIG1,CHCHD10,CALM2","MT-CYB,DIPK1A,MT-CO3,GANAB,DEGS1,CLDND1,C5orf15,PIGK,LGMN,MT-ATP6,CHRNA5,CTSL,SLC7A11,C12orf73,C3orf14",False,63.9993183183763,0.0099009900990099,57,,,,,
zel024_hek293,bb3,BB_8031365100,168,1,0.6402145624160767,224.00221871069712,0.0099009900990099,0.2273592143992016,76.88317024306293,0.9149632453918456,0.1695906432748538,0.8304093567251463,5.3606486320495605,0.0567389167845249,-0.23124191461837,"TAOK3,DIPK1A,RBM17,AC139769.2,MT-CYB,EIF3M,EXO1,H1F0,HMOX1,APP,PRRC2A,HM13,LRRC75A,AC068888.1,LINC02613","PTMA,JUN,HNRNPDL,HSP90AA1,ACTB,NUCKS1,GNAS,HSPA1B,SNRPB,KHDRBS1,H2AFZ,HMGB2,PAICS,ACTG1,HNRNPA2B1",False,63.8445039445318,0.0099009900990099,58,,,,,
zel024_hek293,bb3,BB_4017357939,168,1,0.69326251745224,272.72125202737016,0.0099009900990099,0.1437642227800976,75.65088601660261,0.9405760169029236,0.1560693641618497,0.8439306358381503,6.048182487487793,0.0452221967279911,-0.2669562003326557,"PLS3,DNM2,APP,EIF3L,ZBTB33,TM2D1,TMSB4X,LRRC75A,C4orf48,PRNP,NFKBIL1,MT-ATP6,TFDP1,TSR2,ALG5","HSP90AA1,JUN,YBX1,HSPA8,ATP5F1B,HNRNPM,IMPDH2,PKM,XRCC6,NACA,HSPD1,HNRNPU,UQCRB,ACTG1,XRCC5",False,63.84410033771088,0.0099009900990099,59,,,,,
zel024_hek293,bb3,BB_7082156996,168,1,0.3993487954139709,112.81054913705267,0.0099009900990099,0.1451439766097373,71.88848091939974,0.8039327263832092,0.1173184357541899,0.88268156424581,2.9348256587982178,0.0638147220015525,0.0663771330006776,"NOP53,ACTG1,CNBP,JUN,EIF5,MT-CO1,VDAC2,COX6A1,RPLP0,SLC25A6,MT-CO2,PRDX4,SNRPB,GAS5,DNAJB1","APP,EWSR1,XPOT,ANP32E,TM9SF3,ITGB1,TSIX,XIST,GOPC,IRS4,CANX,CENPE,FP236383.3,PRKDC,CENPF",False,63.45463678919083,0.0099009900990099,60,,,,,
zel024_hek293,bb3,BB_5330967050,168,1,0.2799803614616394,125.13140934184696,0.0099009900990099,0.1591486195742694,73.75552350313497,0.3915233612060547,0.1436781609195402,0.8563218390804598,1.9946130514144895,0.102566584944725,-0.0943371527136081,"HSPA5,HSPA1B,HSP90AA1,JUN,HSPA8,SRSF1,DDX21,CCT5,CANX,CHCHD3,EIF4G2,SNU13,PRPS1,ATF3,CPSF3","COX5B,FTH1,CNIH4,UBA52,RPL30,ATP6AP1,MIF,NDUFB9,SNRPE,MT-CO3,ATP5PO,RPL37,KRTCAP2,NDUFA4,BEX2",False,63.15846552854661,0.0099009900990099,61,,,,,
zel024_hek293,bb3,BB_9434530945,168,1,0.616868257522583,254.67535835285207,0.0099009900990099,0.199643027892484,76.51671320526553,0.8972628116607666,0.1764705882352941,0.8235294117647058,5.247499942779541,0.0655355527997016,-0.2669562003326557,"SLC3A2,UBQLN1,TSPAN3,DEGS1,RPS3,MT-CYB,GGH,MT-ND2,TMBIM6,APMAP,RPLP0,SAR1B,MT-ND1,IFNGR1,DRAM2","JUN,MALAT1,NCL,HNRNPU,HSPA8,CSDE1,PRKDC,PRPF40A,XRCC6,ACTB,HSPA1B,HSP90AA1,PKM,ACTG1,SERBP1",False,63.01376381610103,0.0099009900990099,62,,,,,
zel024_hek293,bb3,BB_9760256516,168,1,0.4442343115806579,163.62672929425582,0.0099009900990099,0.1914823401849882,72.65282115407524,0.8019959330558777,0.1363636363636363,0.8636363636363636,3.472292184829712,0.0957661494612693,-0.100289533665989,"SF3B1,PRPF39,SMPD4,FUS,PCMT1,LAPTM4A,MYBL2,VHL,DHRS7,CALM3,ATXN2L,DEGS1,ARL6IP1,MT-CO1,OGT","HSP90AA1,HSPA8,HSPA1B,ACTB,HSP90AB1,XRCC6,SOD1,SOX4,NPM1,PKM,KHDRBS1,EIF4A1,PTMA,NACA,PEBP1",False,62.74561826942862,0.0099009900990099,63,,,,,
zel024_hek293,bb3,BB_0786918661,168,1,0.2496097683906555,62.929051282559215,0.0099009900990099,0.1493625462946702,71.06974520443995,0.5980974435806274,0.1235955056179775,0.8764044943820225,1.9851034879684448,0.1093822494149208,0.0366152282387728,"JUN,ACTB,SOX4,ACTG1,PTMA,RHOB,YWHAB,HSPA1B,RBMX,SRSF7,XIST,PABPC1,FTH1,HSPA8,CDC20","SEC63,PNISR,SELENOK,MT-CO3,SSR2,RBM8A,CCDC47,ITGB1,DEGS1,NCL,TAF15,NDUFA7,CKLF,TM9SF2,B2M",False,62.28584411175637,0.0099009900990099,64,,,,,
zel024_hek293,bb3,BB_7942064205,168,1,0.3479004502296448,88.83035145920509,0.0099009900990099,0.1823595688295314,71.88624027718403,0.6533739566802979,0.1428571428571428,0.8571428571428572,2.7541420459747314,0.1130328401923179,0.0306628472863919,"TRIM28,FP236383.3,MALAT1,EIF3A,ANKRD11,LINC02613,MT-CO3,HDLBP,HSP90B1,NCL,APP,CANX,XBP1,U2SURP,NPM1","HSPA1B,MIF,SRSF2,PABPC1,HIST3H2A,SOD1,SOX4,COX6C,ID2,PSMB6,SNU13,TOMM6,PKM,AURKA,RPL28",False,61.61677738044346,0.0099009900990099,65,,,,,
zel024_hek293,bb3,BB_3389989535,168,1,0.6960562467575073,283.4016985953294,0.0099009900990099,0.1867774114169594,71.66393454028672,0.8863716125488281,0.1436781609195402,0.8563218390804598,5.309773921966553,0.0567106083035469,0.2806628472863919,"INTS14,PKM,ATP1A1,MT-CYB,ACAT1,RPN1,PSAP,MT-CO3,SLC3A2,MT-CO2,SARS,MT-ND4,CDCA7,CNIH4,HMGB2","HSPA1B,JUN,RHOB,ACTB,SOX4,DNAJB1,HSP90AA1,HNRNPA2B1,HMGCS1,PTMA,CTNNB1,MKRN1,HIST3H2A,HIST1H4C,HIST1H1C",False,61.36739222128001,0.0099009900990099,66,,,,,
zel024_hek293,bb3,BB_8090408280,168,1,0.2733243703842163,110.68148398804324,0.0099009900990099,0.170470738118402,69.96768634170989,0.6491753458976746,0.1235955056179775,0.8764044943820225,2.238229990005493,0.1127295941114425,0.0604247520482966,"HNRNPH1,RPS11,TMBIM6,MT-ND4,MT-CO3,XBP1,MT-CO1,MT-CYB,SURF4,MT-CO2,MTDH,CD63,CD81,SNHG1,PABPC1","HSPA1B,HSPE1,SEM1,SNRPG,FP236383.3,SNRNP70,SNRPF,HNRNPH3,EIF5B,ELOF1,PNN,POMP,RPL36AL,SNRPD1,COX7C",False,61.3199947713862,0.0099009900990099,67,,,,,
zel024_hek293,bb3,BB_4196815390,168,1,0.843400239944458,213.78336775884532,0.0099009900990099,0.2503809694412941,72.32427286176403,0.9110578298568726,0.1627906976744186,0.8372093023255813,7.121516227722168,0.0633176267147064,0.3401866568102014,"EWSR1,WTAP,JUN,HNRNPA2B1,HNRNPU,BRIX1,NCL,XRCC6,MYBL2,PARP1,BRD2,HSPA8,HNRNPR,MALAT1,XRCC5","MT-CYB,MT-CO2,MT-ND2,MT-ATP6,SLC3A2,MT-ND1,CNIH4,CD47,MT-CO3,ATP6AP2,YIPF6,TMBIM6,MDK,DRAM2,SLC38A2",False,60.55055402380244,0.0099009900990099,68,,,,,
zel024_hek293,bb3,BB_9833957809,168,1,0.3458287417888641,108.5048461241216,0.0099009900990099,0.190816496598694,72.79508237224188,0.3260082900524139,0.1764705882352941,0.8235294117647058,2.388868808746338,0.1652344167232513,-0.0050514384278937,"MT-CO3,MT-CO1,MT-CO2,MT-CYB,MT-ND2,MT-ND1,TMBIM6,SLC3A2,MT-ATP6,CD81,PCNA,ATP6V0B,CSNK1E,MT-ND4,ARL6IP1","HNRNPA2B1,HSPA1B,HSPA8,HNRNPDL,PLS3,HSP90AA1,HNRNPU,JUN,ACTG1,APP,NCL,DDB1,IDI1,PRKDC,HNRNPM",False,59.94889136537567,0.0099009900990099,69,,,,,
zel024_hek293,bb3,BB_0665565048,167,1,0.5325932502746582,163.850801750282,0.0099009900990099,0.1916364029251797,71.00565376483472,0.897064745426178,0.1627906976744186,0.8372093023255813,4.095095634460449,0.0764643102884292,0.1524906203117697,"JUN,HNRNPDL,SOX4,HSPA8,PTMA,HSPA1B,BRD2,XIST,ATF3,NUCKS1,HSP90AA1,RHOB,EEF1A1,HSP90AB1,XRCC6","MT-CYB,MT-CO2,MT-ND2,COMT,MT-CO3,GET1,TSPAN3,PSAP,XBP1,LGMN,TMEM179B,TMEM9,RHBDD2,CHRNA5,ATRAID",False,59.44659384962906,0.0099009900990099,70,,,,,
zel024_hek293,bb3,BB_5008846823,168,1,0.6084586977958679,233.3438326912038,0.0099009900990099,0.2357891547197839,70.9323494712219,0.8731727004051208,0.1834319526627219,0.8165680473372781,4.954195499420166,0.0806662216782569,-0.2074323908088461,"LINC02613,MT-CO3,XBP1,APP,MT-CYB,SEC63,EID1,ANKRD11,SPCS2,CCDC47,SUMF2,CPVL,STT3A,HM13,PRKDC","HSP90AA1,JUN,HSPA8,PTMA,PKM,HSPA1B,SSB,ACTG1,KHDRBS1,HNRNPDL,FAU,HSPD1,CCT5,CKS2,PPIA",False,57.92109010076107,0.0099009900990099,71,,,,,
zel024_hek293,bb3,BB_1708320181,168,1,0.6994534134864807,198.59567123623208,0.0099009900990099,0.158869845060537,66.06030784239488,0.9216172695159912,0.1235955056179775,0.8764044943820225,5.366129398345947,0.0516078360378742,0.3223295139530585,"NCL,JUN,HNRNPA2B1,HNRNPU,HSP90AA1,SET,ACTB,HNRNPM,HNRNPC,KHSRP,CKB,PTMA,CCT6A,YWHAE,HNRNPL","TMEM39A,OOEP-AS1,CPVL,MT-CYB,ADIPOR1,TRIP6,UBE2J1,FUZ,MID1IP1,DIMT1,TMEM109,SMC6,GRINA,ESYT2,FAM216A",False,57.89555069333484,0.0099009900990099,72,,,,,
zel024_hek293,bb3,BB_9683205717,168,1,0.763169527053833,243.31258094094525,0.0099009900990099,0.1256319571236168,65.07211508479011,0.9280967712402344,0.1117318435754189,0.888268156424581,5.982274055480957,0.0373148061335086,0.2925676091911537,"NONO,RPN2,TXNDC5,FUS,NOLC1,TMED9,HNRNPA2B1,ATP5F1A,HSPA8,HNRNPD,XRCC6,HNRNPU,RBBP4,SF3B1,CKB","RPL6,DIPK1A,OOEP-AS1,MT-CO3,LRRC75A,MT-ND1,ETFB,TMSB4X,IAH1,RPS4X,TM9SF2,UQCC3,ZMAT5,FP236383.3,MT-ATP6",False,57.80148770101468,0.0099009900990099,73,,,,,
zel024_hek293,bb3,BB_9052671522,168,1,0.2861956357955932,103.91611910979393,0.0099009900990099,0.1450298522458901,64.90638181988189,0.6686099767684937,0.1111111111111111,0.8888888888888888,2.311659574508667,0.0946883559226989,-0.2133847717612271,"GOT2,CHD4,YWHAE,HSPA1B,CHCHD10,MYL6,CERS2,COX7C,JUN,ANAPC5,CKS2,SNHG5,PGAM1,TUBA1B,HSP90AA1","SMC1A,DSG2,TAF15,IARS,RPN1,MT-CYB,NCL,SERINC1,DDX17,XBP1,TMBIM6,NUCKS1,CSNK1E,PRKDC,RPN2",False,57.69456161767278,0.0099009900990099,74,,,,,
zel024_hek293,bb3,BB_1483345899,168,1,0.2332394421100616,84.7506894663546,0.0099009900990099,0.1143994108091382,64.91693092796169,0.3442434072494507,0.1173184357541899,0.88268156424581,1.7304198741912842,0.0981056541204452,-0.1300514384278938,"BCLAF1,MT-CYB,SSR2,DIPK1A,SNHG29,SEPTIN2,DHFR,MT-CO3,MT-CO1,MCFD2,SLC38A1,SLC38A2,RPN1,LAMP2,PHB2","FP236383.3,SUPT16H,ATP5IF1,PNN,PARP1,FUS,HNRNPM,SF3B3,HNRNPD,UQCRC1,MALAT1,KHSRP,HMGB2,ATF3,PKM",False,57.30097813753042,0.0099009900990099,75,,,,,
zel024_hek293,bb3,BB_3609802542,168,1,0.7634177207946777,233.4261171128233,0.0099009900990099,0.1601880278180446,67.55262172872659,0.9280967712402344,0.1834319526627219,0.8165680473372781,6.004121780395508,0.046944223344326,0.2866152282387728,"EIF5A,HNRNPM,JUN,LDHA,PKM,SOX4,HSPA1B,HSPA8,HSP90AA1,HSPD1,ACTB,FP236383.3,SRSF3,XIST,C1QBP","MT-CYB,MT-CO3,MDK,MT-ND2,MYDGF,VEGFA,SEC63,TMX1,ARL6IP6,NFX1,MT-ND4,FSTL1,HMOX1,HCCS,SNX4",False,55.16131241754005,0.0099009900990099,76,,,,,
zel024_hek293,bb3,BB_7255455512,168,1,0.5382028818130493,201.8802336978711,0.0099009900990099,0.1982976426597751,65.32250233884977,0.8997445702552795,0.1627906976744186,0.8372093023255813,4.043430328369141,0.0583467669785022,0.1556628472863919,"SRSF2,JUN,HNRNPA2B1,YWHAE,HSPA1B,LDHA,HSP90AA1,SOX4,PRDX1,SOD1,HSPD1,XRCC6,IDI1,PTMA,PLS3","ATP6AP1,MT-CYB,TRIB3,MT-CO3,MT-CO1,CPVL,GLT8D1,TMEM39A,IK,TMEM30A,MT-ND2,SHMT2,ANKRD11,MT-CO2,XBP1",False,54.68860660926957,0.0099009900990099,77,,,,,
zel024_hek293,bb3,BB_0662554446,167,1,0.2736917436122894,96.02113593666787,0.0099009900990099,0.1456641000957554,63.7602443030996,0.4633224606513977,0.1560693641618497,0.8439306358381503,2.0118680000305176,0.1234906092286109,0.0087780454614703,"HNRNPA2B1,JUN,XIST,PTMA,HSPA1B,LMNB1,ACTG1,PKM,EIF1AX,CYC1,CKB,CA2,TOMM6,GNAS,SOX4","PSAP,HSPA5,MT-CO3,ZFAS1,UBC,MT-CYB,TM9SF3,MT-CO2,SERINC1,APP,MYDGF,SNHG1,TMED9,OGT,BEX2",False,53.809223515910645,0.0099009900990099,78,,,,,
zel024_hek293,bb3,BB_8459495534,168,1,0.2719931006431579,81.49056389500797,0.0099009900990099,0.1826066266355274,61.61825378267556,0.3246214091777801,0.1560693641618497,0.8439306358381503,1.982369899749756,0.1993300467729568,-0.0467181050945604,"CD2BP2,SNHG16,JUN,HSPA1B,XIST,SOX4,RHOB,CCT7,PHC2,PARP1,YWHAE,PRDX3,RPL7,HNRNPA2B1,PFN1","MT-CO3,MT-CYB,SEC63,SARS,TMBIM6,MT-CO2,MT-CO1,SSR1,SSR2,CCDC47,PSAP,C5orf15,H1F0,SEC61A1,SLC3A2",False,52.00153209404989,0.0099009900990099,79,,,,,
zel024_hek293,bb3,BB_7600457365,168,1,0.6017987728118896,170.52516649982385,0.0099009900990099,0.2021249817726271,58.83136375226482,0.8425055742263794,0.1560693641618497,0.8439306358381503,4.638653755187988,0.0708152130246162,0.1794723710959157,"MT-CYB,MT-CO3,SLC38A1,IARS,MT-CO2,FTH1,HACD3,HMOX1,MT-ND4,TM9SF3,SLC7A11,CANX,EPRS,SSR2,TMBIM6","HSPA1B,SOX4,FP236383.3,IDI1,MYL6,RPS15,RHOB,ATP5MD,ADRM1,PTMA,DMAC1,EMC6,DNAJB1,PDCD5,RPL36",False,49.64959021867436,0.0099009900990099,80,,,,,
zel024_hek293,bb3,BB_4281749019,168,1,0.7038285136222839,209.43213140226655,0.0099009900990099,0.2110066701579689,55.031073818163726,0.9130918383598328,0.1560693641618497,0.8439306358381503,5.3988118171691895,0.072292722761631,0.2747104663340109,"JUN,HSPA1B,NOLC1,HSPA8,ATF3,YWHAE,DNAJB1,TUBB,CKB,EWSR1,SRSF3,TUBA1B,HSP90AA1,UBB,FUS","MT-CYB,MT-CO3,MT-CO2,PLD3,MT-ND2,SLC7A11,CKLF,TSPAN6,ARV1,VEGFA,GANAB,MAGT1,MAT2A,GET1,LRRC75A",False,46.442409118219096,0.0099009900990099,81,,,,,
zel024_hek293,bb3,BB_7633953407,168,1,0.3403740525245666,121.81178767572284,0.0099009900990099,0.1640749966212528,52.60683747937214,0.6037092208862305,0.1695906432748538,0.8304093567251463,2.468111038208008,0.1145249530673027,0.0068533234768681,"MT-CO3,MT-CYB,TRAM1,TMBIM6,SLC7A11,SPCS2,MT-CO2,RCN2,EEF1A1,SLC38A1,CANX,XBP1,MT-ND2,PDIA6,MT-CO1","JUN,HSPA1B,GNL3,HSPA8,NCL,HSP90AA1,SNRNP70,LDHA,PTMA,PKM,OAZ1,CALM2,SOX4,BRD2,PRDX1",False,43.68521007058973,0.0099009900990099,82,,,,,
zel024_hek293,bb3,BB_2122574568,168,1,0.4666333496570587,162.67057891096312,0.0099009900990099,0.1873674910175131,50.2725783271608,0.8455914258956909,0.1834319526627219,0.8165680473372781,3.433881521224976,0.0767269805073738,0.012805704429249,"HSPA1B,FP236383.3,HNRNPA2B1,JUN,TPI1,DNAJA1,PTMA,PPIA,HSPE1,HSP90AA1,UQCRB,BTF3,RBX1,HNRNPH1,SNU13","MT-CYB,MT-CO2,MT-CO1,MT-CO3,MT-ND1,SLC38A1,TRAM1,MT-ATP6,MCFD2,ATP2A2,TUSC3,PLD3,ATAD2,APP,MT-ND2",False,41.05098111922005,0.0099009900990099,83,,,,,
zel024_hek293,bb0,BB_7258043180,1161,0,0.0782414302229881,34.93333249534123,0.0099009900990099,0.0468770684728541,23.67152607158331,0.7007810473442078,0.0710382513661202,0.9289617486338798,2.025967121124268,0.0623760782182216,-0.0734038439896017,"POLR2A,RPL12,MAP1LC3B,RPL8,RPL29,RPS19,B2M,RPLP1,RPL15,NAXE,RPL19,RPL3,C7orf50,C12orf57,CTSL","XIST,PRKDC,MALAT1,EIF3A,APP,KPNB1,TPT1,CSDE1,NAP1L1,ILF3,HNRNPDL,PTGES3,THOC2,HSPA5,CANX",False,21.989942252290504,0.0099009900990099,84,,,,,
zel024_hek293,bb1,BB_4347926671,1991,0,0.1963040828704834,56.84659808934641,0.0099009900990099,0.0900604917642223,21.325618388489904,0.7995514273643494,0.0662983425414364,0.9337016574585636,2.755767822265625,0.0848158225417137,-0.1834853433811357,"MT-CO3,MT-CYB,MT-CO2,CD81,CNIH4,TMBIM6,ATP6AP1,ATRAID,MT-ND2,SPCS2,PSAP,COX6A1,RPS14,TMED10,MT-ATP6","JUN,HSP90AA1,HSPA1B,HSPA8,ACTG1,ACTB,SOX4,HSPD1,PARP1,HNRNPA2B1,PTMA,PKM,HSP90AB1,DDX21,HNRNPDL",True,19.911765235661843,0.0099009900990099,85,0.859954833984375,-0.0187303517013788,-0.1144012585282325,0.2403648886829614,0.97
zel024_hek293,bb1,BB_6601289516,1990,0,0.423209398984909,179.34890119871127,0.0099009900990099,0.0813657906199935,19.143115186514564,0.9199073314666748,0.2195121951219512,0.7804878048780488,4.042991161346436,0.0514223240315914,-0.2241229866451706,"RPS14,RPL36,RPS19,RPS15,RPS29,RPL35A,RPL41,RPL27A,RPS18,RPL8,RPL29,RPL32,RPL27,RPLP1,RPL15","CANX,XIST,MALAT1,PRKDC,MT-CO1,BCLAF1,SRRM2,PRRC2C,MT-ND4,DDX17,IARS,TMBIM6,NUCKS1,MT-CO3,MT-CYB",False,14.940967950450393,0.0099009900990099,86,,,,,
zel024_hek293,bb1,BB_2686618432,1989,0,0.032065138220787,12.956747632804325,0.0099009900990099,0.0340083936634115,15.239497586684104,0.4750353991985321,0.0815217391304347,0.9184782608695652,0.6137231588363647,0.1252083927392959,0.0117193724605641,"ACTG1,ACTB,TSC22D3,EIF4A1,PRKDC,EEF1A1,CCT4,HSPA5,SERBP1,PARP1,FLNA,PFN1,MT-CO1,PPA2,SOX4","RPS29,TMA7,ATP5PO,RPL36,NDUFB2,TOMM7,SNHG5,NDUFA4,TMCO1,NDUFA13,RPL30,RPL28,POLR2L,COX7B,SNRPG",False,13.997147239943551,0.0099009900990099,87,,,,,
zel024_hek293,bb0,BB_0078506578,1157,0,0.1718291491270065,67.21192609144346,0.0099009900990099,0.1056800532028797,22.149506544021243,0.5856279134750366,0.3698630136986301,0.6301369863013699,2.000275135040283,0.181564524769783,0.0380608799653234,"MT-CO3,MT-CYB,MT-CO2,CANX,MT-ND2,XBP1,SERINC1,TMBIM6,CNIH4,SLC7A11,SLC38A1,MT-ND4,PSAP,SLC3A2,MT-ND1","HSPA1B,JUN,HSPA8,SOX4,PTMA,ACTB,HSP90AA1,HSP90AB1,ACTG1,DNAJB1,SRSF2,PRDX1,RHOB,HNRNPA2B1,HSPE1",False,13.957223301712018,0.0099009900990099,88,,,,,
zel024_hek293,bb0,BB_0175183327,1150,0,0.0363157875835895,17.47157451276294,0.0099009900990099,0.0317818045425059,15.243355125923411,0.5946274399757385,0.1213872832369942,0.8786127167630058,0.996005654335022,0.0654910057783126,-0.0180535088212685,"JUN,XIST,MYC,HSPA5,HSPD1,SOX4,ADAMTS1,HNRNPDL,MT-CO1,HSPA8,MALAT1,AL035425.3,OLA1,HDAC2,EIF4A1","FTL,ATP5PO,CD81,TMED9,FTH1,CNIH4,TMBIM6,H2AFZ,CKS1B,ARL6IP1,MT-CYB,PPIA,COX7B,SNRPB,PFN1",False,13.39300565977086,0.0099009900990099,89,,,,,
zel024_hek293,bb0,BB_1174006333,1154,0,0.3517367243766784,145.59984419785934,0.0099009900990099,0.0965093658677232,21.225121610709284,0.9648189544677734,0.4285714285714285,0.5714285714285714,3.807293176651001,0.0889463871717453,0.1958233655664942,"PRKDC,MT-CO3,MT-CYB,CANX,MT-ND4,MT-CO2,SLC38A1,XIST,MT-ND2,TMBIM6,MT-CO1,HSP90B1,IARS,MALAT1,MT-ATP6","HSPA1B,JUN,DNAJB1,ACTB,RPS14,HSPA8,RHOB,IDI1,HIST3H2A,HIST1H1C,SNRPG,HSPE1,DNAJA1,JUND,TPI1",False,12.128640920405305,0.0099009900990099,90,,,,,
zel024_hek293,bb1,BB_8873714086,1980,0,0.6206622123718262,299.95642653666243,0.0099009900990099,0.0796101497602942,19.31125829247505,0.9838584661483764,0.4598540145985401,0.5401459854014599,5.749613761901856,0.0460057854652404,0.3621924288159734,"XIST,PRKDC,MALAT1,CANX,PRRC2C,BCLAF1,SRRM2,DDX17,SON,IARS,TSIX,DHFR,EIF3A,DDX21,NUCKS1","RPS14,RPL3,RPS18,RPS4X,RPS6,PET100,RPL8,RPS19,RPL35,LRRC75A,RPS3,RPL15,RPS8,RPL13,RPL29",False,10.430898639731046,0.0099009900990099,91,,,,,
zel024_hek293,bb2,BB_3472530680,6951,0,0.077640414237976,25.63867875469544,0.0099009900990099,0.0525400746644484,10.423122021391558,-0.9932769536972046,0.0,1.0,1.1744903326034546,0.0563691370189189,0.0237933321087196,"HSP90AA1,NUCKS1,XIST,PLS3,HNRNPU,ILF3,HSPA8,PARP1,EIF4G2,BRD2,CSDE1,PKM,HSPD1,HNRNPH1,DDX21","MT-CO3,RPLP0,RPS14,MT-CO2,RPS18,RPLP1,RPL8,RPL27A,RPL7,ATRAID,MT-CYB,RPL10,RPL32,RPS3,RPL41",False,10.423122021391558,0.0099009900990099,92,,,,,
zel024_hek293,bb0,BB_7372899989,1162,0,0.1329078078269958,54.5093404555426,0.0099009900990099,0.1057559397877585,21.701084746062996,0.924718141555786,0.5503875968992248,0.4496124031007752,2.2706987857818604,0.1510120928287506,-0.091683681686643,"HSPA1B,JUN,PTMA,HSPE1,PKM,IDI1,SOX4,HSP90AA1,SRSF2,ATP5MD,DNAJB1,CA2,CKB,HNRNPA2B1,TXN","MT-CO3,MT-CYB,MT-CO1,MT-CO2,CANX,MT-ND4,SLC3A2,XBP1,HSP90B1,TMBIM6,SLC38A1,PRKDC,PSAP,MT-ATP6,MT-ND2",False,9.757076862570958,0.0099009900990099,93,,,,,
zel024_hek293,bb0,BB_8772701107,1161,0,0.0378246679902076,17.639888592808887,0.0099009900990099,0.0470932114851814,11.902656163715976,0.5385973453521729,0.1845238095238095,0.8154761904761905,0.957395315170288,0.1128190010786056,0.0411525728923966,"DNAJB1,JUN,SOX4,ACTB,POLR2A,HSPA1B,HSP90AA1,PKM,BRD2,FP236383.3,XRCC6,SERBP1,HSPA8,ENO1,HMGCS1","MT-CO3,MT-CYB,XBP1,MT-CO2,CNIH4,RCN2,SEC63,SPCS2,SSR2,HSD17B12,ALG5,DARS,SELENOF,SLC3A2,FTH1",False,9.706332704935052,0.0099009900990099,94,,,,,
zel024_hek293,bb1,BB_6474669253,1990,0,0.1379965543746948,55.10276588137245,0.0099009900990099,0.0710990938390651,12.221365806676925,0.9199073314666748,0.2345679012345679,0.7654320987654322,2.2682600021362305,0.0746473968029022,-0.1281430871476832,"HSPA1B,JUN,ACTG1,SOX4,ACTB,DNAJB1,HSPA8,TSC22D3,PTMA,SNRPF,ADAMTS1,RPS14,IDI1,CA2,INSIG1","MT-CO3,TMBIM6,MT-CYB,MT-CO2,DDX17,PRKDC,MT-ND2,PSAP,SERINC1,MT-ND1,SLC3A2,SLC38A1,CANX,MT-ND4,HACD3",False,9.354625679184808,0.0099009900990099,95,,,,,
zel024_hek293,bb1,BB_8232087379,1990,0,0.3445579409599304,104.66436078210576,0.0099009900990099,0.0711980219631551,16.281990028549227,0.9838584661483764,0.4598540145985401,0.5401459854014599,3.909991502761841,0.0512798428535461,0.2271332947618645,"XIST,PRKDC,CANX,MALAT1,DDX17,PRRC2C,LINC00486,SON,TMBIM6,IARS,SRSF11,MT-CYB,SLC38A1,TSIX,DHFR","RPS14,HSPA1B,PET100,RPL35A,RPS4X,RPS19,HIST3H2A,RPS15,HIST1H1C,TSC22D3,RPL36,RPS8,LRRC75A,RPS18,ID3",False,8.794651548267465,0.0099009900990099,96,,,,,
zel024_hek293,bb0,BB_1008886218,1162,0,0.1871871650218963,62.74985856497823,0.0099009900990099,0.0759898466548512,15.072776556089094,0.9648189544677734,0.4285714285714285,0.5714285714285714,2.984023094177246,0.065521739423275,0.1096932546300522,"MT-CO3,MT-CYB,PRKDC,SLC38A1,CANX,MT-ND4,IARS,XBP1,MT-ND1,FTH1,SLC7A11,TMBIM6,MT-CO2,HSP90B1,DDX17","HSPA1B,JUN,DNAJB1,RPS14,RPS15,RHOB,ID3,SOX4,SRSF2,HIST1H4C,HIST3H2A,H2AFX,PTMA,CITED1,RPS19",False,8.613015174908053,0.0099009900990099,97,,,,,
zel024_hek293,bb0,BB_3511951537,1161,0,0.0200187377631664,7.630239090917691,0.0099009900990099,0.0301988268126375,9.764195041264436,0.3975884318351745,0.1569767441860465,0.8430232558139534,0.7280469536781311,0.08778066188097,-0.0191402780981288,"HSPA5,HNRNPL,SAT1,MT-CO2,MT-CO3,XBP1,ATF3,CANX,MT-CYB,MT-CO1,SEC63,KTN1,TAF7,MT-ND4,PYCR2","RPS12,GUK1,HSPA1B,TPT1,PKM,SSR4,COX7A2,RPS27,SRP9,COX5B,CYCS,SERF2,COX7C,SNRPD1,SUB1",False,8.231443494089204,0.01,98,,,,,
zel024_hek293,bb0,BB_0326377388,1160,0,0.0533249862492084,21.127940368590647,0.0099009900990099,0.0577258667352079,10.35265733594425,0.5385973453521729,0.206060606060606,0.793939393939394,1.3838207721710205,0.0919040665030479,0.0181833727379518,"RHOB,BRD2,HSPA8,HSPA1B,HSP90AB1,JUN,HSPA5,HSP90AA1,PTMA,INSIG1,PRDX1,CFL1,SOX4,C1QBP,ACTB","MT-CYB,XIST,HSPA13,MT-CO3,DHRS7,HLTF,SLC7A11,HSD17B12,CKLF,UNC50,SLC38A1,SERINC1,CNIH4,HM13,TMBIM6",False,8.219382490961799,0.0099009900990099,99,,,,,
zel024_hek293,bb0,BB_4932061249,1162,0,0.1448841392993927,73.30959310090373,0.0099009900990099,0.0951207169491747,16.54629042237025,0.924718141555786,0.5503875968992248,0.4496124031007752,2.2124388217926025,0.1348007321357727,-0.0727508073320819,"JUN,HSPA1B,DNAJB1,SOX4,HSPA8,IDI1,ACTG1,SNRPF,DNAJA1,HSBP1,PTMA,ID3,HIST1H1C,TOMM6,SNRPG","MT-CO3,MT-CYB,MT-CO2,MT-CO1,HSP90B1,LINC00486,TMBIM6,MT-ND4,XBP1,CANX,MT-ND2,SERINC1,SLC38A1,PRKDC,MT-ND1",False,7.439417399205229,0.0099009900990099,100,,,,,
zel024_hek293,bb1,BB_9483475878,1984,0,0.0474743247032165,17.812006886155093,0.0099009900990099,0.0502321364006114,9.379804594512953,0.8613693714141846,0.2345679012345679,0.7654320987654322,1.417538046836853,0.0898019671440124,-0.0635671834355742,"HNRNPA2B1,HSPA1B,HSPE1,HSP90AA1,HNRNPM,CA2,AL035425.3,PKM,HNRNPA3,PGK1,ATP5MD,PET100,PARP1,GCSH,PTMA","MT-CO3,MT-CYB,MT-CO2,MT-CO1,TMBIM6,MT-ND4,SLC3A2,NDUFB9,FTH1,CSNK1E,XBP1,PSAP,MT-ATP6,SSR2,MT-ND1",False,7.179603516787691,0.0099009900990099,101,,,,,
zel024_hek293,bb0,BB_4186593764,1162,0,0.0545066148042678,19.05365777868293,0.0099009900990099,0.0553259320497398,10.669507868918096,0.5856279134750366,0.3333333333333333,0.6666666666666667,1.0680915117263794,0.1777977049350738,-0.0675872961444744,"MT-CO3,MT-CYB,XBP1,CNIH4,MT-CO1,SLC3A2,MT-ND1,MT-CO2,PSAP,MT-ND2,TMBIM6,SERINC1,RPS14,HERPUD1,ATP6AP1","JUN,HSPA1B,SOX4,HSP90AA1,DNAJB1,HSPA8,XIST,PTMA,ACTB,SRSF2,SRSF3,PKM,HNRNPA2B1,HSPD1,CA2",False,7.113005245945399,0.0099009900990099,102,,,,,
zel024_hek293,bb0,BB_2046017352,1162,0,0.0886307135224342,40.58684349643079,0.0099009900990099,0.0556277832853836,10.650923176105945,0.8759656548500061,0.3605442176870748,0.6394557823129252,1.4497724771499634,0.111261636018753,-0.0589814441651284,"JUN,HSPA1B,HSP90AA1,DNAJB1,SRSF2,RHOB,ACTB,CA2,SOX4,CKS2,SNRPG,JUND,HSP90AB1,RANBP1,HSPE1","MT-CO3,MT-CYB,CANX,PRKDC,MT-CO1,MT-ND4,SLC38A1,MT-ATP6,TMBIM6,MALAT1,XBP1,MT-ND1,SMC1A,HLTF,MT-ND2",False,6.810794411931693,0.0099009900990099,103,,,,,
zel024_hek293,bb2,BB_5290020531,6963,0,0.0268059559166431,10.879306911846555,0.0099009900990099,0.0453138755525132,6.376081589046296,-0.9932769536972046,0.0,1.0,1.1061984300613403,0.0602529682219028,-0.0237523267970286,"MT-CO3,MT-CO2,MT-CYB,RPLP0,MT-ATP6,MT-CO1,ATRAID,MT-ND1,RPLP1,RPS18,MT-ND2,RPL8,RPL27A,MT-ND4,RPS14","HSP90AA1,HSPA1B,HSPA8,JUN,PKM,HNRNPU,HSPD1,PLS3,NUCKS1,GNL3,PARP1,BRD2,ILF3,HNRNPA2B1,EIF4G2",False,6.376081589046296,0.0099009900990099,104,,,,,
zel031_a549,bb0,BB_6939811422,38,1,0.8950018286705017,75.57969382635622,0.0099009900990099,0.2847280115862882,109.64458273699576,0.7400420904159546,0.1436781609195402,0.8563218390804598,11.394935607910156,0.1109617874026298,-0.1627492900018343,"RPL19,RPS21,RPS13,COPE,NFKBIA,UBE2B,RPL27A,RPL37,RPS19BP1,PTBP1,DNAJC12,NAGK,ISG20,SCFD1,CAPNS1","LINC00486,GSTP1,AKR1C2,SQSTM1,MALAT1,S100A10,GAPDH,CLU,H3F3B,HSPA5,EEF2,AGR2,KRT18,AKR1C3,PGD",False,93.89105073455386,0.0099009900990099,1,0.7896376252174377,0.1564491093158722,-0.0568141937255859,0.7385527193546295,1.0
zel031_a549,bb0,BB_7168001180,44,1,0.6935857534408569,81.15053402059061,0.0099009900990099,0.1801525905276573,93.10460756367586,0.4909935295581817,0.0760869565217391,0.9239130434782608,6.512691497802734,0.085350900888443,0.0094995138259169,"UBA52,EIF2S1,SOX4,RAB18,FP236383.3,MT-ND2,LAMTOR1,RNF7,NDUFS6,RTN4RL2,MRPL12,SAR1A,C1orf43,PHB2,EIF1","RPL5,TM4SF20,ALDH3A1,LINC00486,ANXA2,SPX,EIF4A1,G6PD,RPL29,GPX4,BTG1,TMBIM6,CCPG1,CLU,AKR1B10",False,86.02056133600486,0.0099009900990099,2,0.8191927075386047,0.0346152447164058,-0.0106952479109168,0.6589705087244511,1.0
zel031_a549,bb0,BB_3187913153,8,0,0.8711883425712585,14.390391828727946,0.0099009900990099,0.2466398755152068,92.75584261599316,0.1198505833745002,0.0773480662983425,0.9226519337016574,11.491625785827637,0.1262543499469757,0.1004086047350077,"IK,MYDGF,STOM,KRT81,PART1,PAPOLA,S100A10,SERF2,RPS7,ATP5ME,FAU,CLINT1,GPCPD1,BRI3,C12orf75","RPL10,MT-CO1,RPL28,RPS18,LINC00486,AKR1B1,HSP90AB1,HSP90AA1,HSPD1,NPM1,TKT,SAT1,TPT1,HSPB1,POLR2L",False,85.5813575517727,0.0099009900990099,3,,,,,
zel031_a549,bb0,BB_8137735199,66,1,0.8328097462654114,124.5616682902384,0.0099009900990099,0.1459354042377548,91.74794768402,0.7693262696266174,0.106145251396648,0.8938547486033519,9.203103065490724,0.0752793326973915,-0.2632277589013558,"UBB,RPL27,RPS12,RPS14,SLC30A5,MRPS18C,PET100,EDF1,UBE2M,ATF4,REXO2,NUPR1,ARMC10,POLR2I,CYC1","PGD,FP236383.3,RPL24,PABPC1,MT-ND4,LINC00486,RPS24,RAN,MT-ND1,MALAT1,PPIB,DHFR,YWHAZ,KRT8,RPS23",False,82.00933871197317,0.0099009900990099,4,0.7847833633422852,-0.3186668455600738,-0.1863701194524765,1.1514765918254852,1.0
zel031_a549,bb0,BB_2196410159,68,1,0.726737380027771,127.392692804215,0.0099009900990099,0.1658767010260952,89.67843355147612,0.7095282077789307,0.1,0.9,7.312559604644775,0.097959317266941,-0.1790031599708745,"PNKD,RPL26,CCT5,TAGLN2,C19orf53,CACYBP,NGRN,MPC2,PLPP1,RALA,RPS27A,CBX4,TOMM40,CALM2,CHMP5","LINC00486,FP236383.3,SQSTM1,MGST1,EEF1B2,RPLP2,HSPD1,EIF1,RPS8,COX7A2,RPS4X,RPL34,RPL11,RPLP0,PPIA",False,80.71059019632851,0.0099009900990099,5,0.7730111479759216,0.0995392203330993,0.0790499597787857,0.6271981596946716,1.0
zel031_a549,bb0,BB_9457072794,47,1,0.8168439269065857,119.00444281733114,0.0099009900990099,0.2045963564327007,86.65191174386634,0.721248209476471,0.0815217391304347,0.9184782608695652,8.497861862182617,0.0787561237812042,-0.2081020335628645,"CREG1,STYXL1,UPF3B,PTBP1,MRPL19,COMMD2,HEIH,SYT1,AP3D1,PPP2CA,RBX1,BOD1,LIPA,MRPL28,PSMC1","HSPA9,NTS,MT-CO2,RPS24,FN1,TM4SF4,RPS8,TMBIM6,RPL7A,ATF4,COX6B1,SNHG29,RPL23A,AKR1B10,MT-CO1",False,79.58789719952941,0.0099009900990099,6,0.8344191312789917,-0.1667395383119583,-0.0869520157575607,0.983583465218544,1.0
zel031_a549,bb0,BB_4494700729,65,1,0.7036303281784058,105.39480246689536,0.0099009900990099,0.1370423479032474,85.60416350943487,0.7133803367614746,0.081967213114754,0.918032786885246,6.688571453094482,0.086602509021759,-0.153437549111146,"SMIM26,NDUFS5,AREG,EDF1,ORMDL2,SLC35F1,MTCH1,SUCLG1,UQCRH,MORF4L1,NSMCE4A,TMSB4X,IKBKG,WBP1,RPS15A","TXNRD1,MALAT1,CANX,RPL17,SPCS1,RPS24,PFN1,RPL35A,RPL13,RPL10A,SERP1,ITGB1,DKK1,HSPD1,ASPH",False,78.58742879554677,0.0099009900990099,7,0.7959809303283691,0.1311164945363998,0.0238613057881593,0.5725138336420059,1.0
zel031_a549,bb0,BB_5314782749,82,1,0.4642232954502105,86.72316233116771,0.0099009900990099,0.0979428302157159,83.46106300292853,0.7109281420707703,0.075268817204301,0.9247311827956988,4.606586933135986,0.0868495553731918,0.1491890925398858,"ASPH,KYNU,ATF4,IGFBP3,ALDH3A2,RPL30,DNAJB9,MT-CYB,PRDX1,RPS3A,MT-ND1,PDIA6,ABCC2,ATP6V0E1,SNX3","S100A6,RPL37,SERPINA1,RPS18,RND1,GAPDH,PES1,SNRNP70,PERP,CD9,LSM14A,SEM1,BRK1,PVT1,DYNC1LI2",False,77.17904750808444,0.0099009900990099,8,0.8164922595024109,0.0703204125165939,0.13618865609169,0.3939028829336166,1.0
zel031_a549,bb0,BB_4749781516,73,1,0.4604652822017669,99.32611491042408,0.0099009900990099,0.108804427699594,82.32753732141845,0.3002008199691772,0.0765027322404371,0.9234972677595628,4.382389545440674,0.1146029606461525,-0.0023311212923894,"MT-ND4,RPSA,CCT2,RPL4,RTN4,NDUFA1,MCFD2,EIF2S3,NCKAP1,PTGS2,NONO,CHCHD3,MT-ATP6,MT-CO2,GNG5","AGR2,TMSB4X,DKK1,UBA52,SQSTM1,PFN1,ITGB1,COX5B,S100A10,RPS21,RPL6,RPL35A,CRIP1,RPS28,TXNRD1",False,76.02925577770338,0.0099009900990099,9,0.8361952304840088,0.0209444910287857,0.0055624721571803,0.4395207911729812,1.0
zel031_a549,bb0,BB_5920930380,73,1,0.4216302037239074,60.077532373875925,0.0099009900990099,0.0882831741989506,79.66083027852152,0.3716378211975097,0.064516129032258,0.935483870967742,3.959463357925415,0.0892347395420074,-0.0982215322512936,"C19orf33,MALAT1,PPIA,RPL31,RPS23,LINC00486,UQCRB,DKK1,SPG21,SNRPB,ERP29,PARD3,HNRNPDL,STOML2,RPL36AL","CRIP1,RPS5,EIF1,UBB,ASPH,ALDH3A1,ATP5F1E,OCIAD1,RPL19,MORF4L1,ZFAS1,RPL15,NDUFB9,S100A10,RPS13",False,74.52142187345562,0.0099009900990099,10,0.8117350339889526,0.0385321639478206,-0.0163628216832876,0.3830980397760868,1.0
zel031_a549,bb0,BB_0236907977,17,1,0.8435764312744141,35.21111418367593,0.0099009900990099,0.1924511971876071,81.56593729741876,0.2388200014829635,0.0898876404494382,0.9101123595505618,9.260246276855469,0.1201449558138847,-0.1054737482061686,"TMEM258,ANAPC16,SEM1,COX7A2,TXN,ANAPC11,RBPMS,RPL23A,MT-ND4,CTNNA1,PPIA,OCIAD2,TMEM208,MT-ATP6,CSNK2B","MALAT1,RPL13,KRT18,PGD,UBC,RPS4X,GNAS,RPL32,RPL14,RPS15,HSP90AA1,RACK1,SLIRP,EEF2,CLTA",False,74.23416765270696,0.0099009900990099,11,0.8963027000427246,0.0864220783114433,0.0436859093606472,0.7571543529629707,1.0
zel031_a549,bb0,BB_8844509852,46,1,0.8489557504653931,98.25367086490816,0.0099009900990099,0.1941126994270193,84.81190200784243,0.7276042699813843,0.1371428571428571,0.8628571428571429,9.50362777709961,0.0946916788816452,-0.2256783517867313,"RPL31,RPLP1,PSMB7,RPS6,RPS27,RPS19,TNFRSF12A,FIS1,ERF,CSTB,BTF3,RPS2,RPL37,UQCC3,RPS14","MALAT1,AKR1C3,LINC00486,RPL36,FN1,ITGB1,FP236383.3,EIF4A1,AKR1B1,SNHG5,NPM1,HSPA5,VDAC2,UBB,PDIA4",False,73.1805554467669,0.0099009900990099,12,0.8018737435340881,0.0188097283244133,-0.0389692448079586,0.8301460221409798,1.0
zel031_a549,bb0,BB_3529457219,65,1,0.7153798937797546,65.45011229375653,0.0099009900990099,0.1338736294144974,84.03740945606745,0.7192382216453552,0.1306818181818181,0.8693181818181819,7.195476531982422,0.0749314501881599,-0.2765144721880691,"RPS18,TMSB4X,MTCH1,CDC16,CFL2,LXN,RPL30,OSTC,DCTN6,VTN,SEM1,COA3,CGRRF1,RTRAF,SQOR","ACTG1,MT-ND4,RPL36,HSP90B1,ARPC3,SNHG5,MALAT1,UCHL1,IGFBP4,RPL13A,RACK1,PSAP,RPL4,SNHG6,EEF1B2",False,73.05524799305864,0.0099009900990099,13,0.8311428427696228,0.3642106354236603,-0.0606027729809284,0.3511692583560943,1.0
zel031_a549,bb0,BB_8221526733,56,1,0.7777592539787292,102.3386773547606,0.0099009900990099,0.1804476432216695,79.70889011871849,0.6797779202461243,0.087431693989071,0.912568306010929,7.9169487953186035,0.1000579223036766,-0.1853056809792779,"ATP5ME,RPLP1,RPL37A,RPL34,SNHG25,C12orf75,RBM39,GATAD1,SH3BGRL3,SNHG6,HACD2,PCNA,NENF,CUTC,HIKESHI","AGR2,RPS17,ITGB1,FN1,RPS11,RPS5,UCHL1,RPS3,RPS25,UBB,CD63,HSPA5,RPLP2,SERP1,NACA",False,72.7398068296502,0.0099009900990099,14,0.8360388875007629,0.0330079942941665,0.0488774627447128,0.7447512596845627,1.0
zel031_a549,bb0,BB_2794464685,65,1,0.6149762272834778,79.60740315126807,0.0099009900990099,0.1353865278883204,79.62865795372375,0.6128185987472534,0.0879120879120879,0.912087912087912,5.747483253479004,0.106123074889183,-0.0457452414188383,"YWHAE,TUBA1B,PFN1,SHTN1,CCT7,TSEN34,TPM2,MT-ATP8,SPAG7,TSKU,NAP1L4,NPTN,CCAR1,CLU,HLA-A","HSP90B1,MT-CO3,HSPA5,CRIP1,SPCS1,RPL31,NACA,S100A4,PPIA,GSTP1,MT-ND1,ANXA1,RPS7,SNRPG,CALM2",False,72.6283363753744,0.0099009900990099,15,0.7878494262695312,-0.04475998878479,-0.1036936342716217,0.6597362160682678,1.0
zel031_a549,bb0,BB_3856464292,33,1,0.7475404739379883,68.31814060409366,0.0099009900990099,0.1759963926881479,80.87074913116975,0.337673932313919,0.106145251396648,0.8938547486033519,6.896549224853516,0.1295617222785949,-0.0056520013255982,"SNRPD2,PSMB3,MT-CO3,UBA52,APOC1,CREG1,RPS20,BTF3,RPL35A,RBBP7,KRTCAP2,ATP5F1C,SF3B6,UBL5,LGALS1","EIF4A1,EEF2,RPL6,CALM2,MT-ND4,FTL,HSP90AB1,EIF3A,AKR1C3,EEF1D,DSTN,IGFBP4,MT-ND1,RAN,SAT1",False,72.28670313400647,0.0099009900990099,16,0.7722340226173401,0.0726272538304328,0.0080609675496816,0.6749132201075554,1.0
zel031_a549,bb0,BB_4237005218,70,1,0.4109558165073395,62.7741131666378,0.0099009900990099,0.105494491098069,76.40635513697585,0.2889869213104248,0.0659340659340659,0.934065934065934,3.928184509277344,0.1085264608263969,0.0861228904492935,"RPL37A,RPLP2,KYNU,SLC39A14,ACTG1,GAS5,TKT,KRT7,RBPMS,RPL36,UBB,ZFAS1,RPS24,PSMA7,SNHG1","COX6A1,RPL29,P4HB,RPS17,RPS9,RPL35A,TMA7,TM4SF20,DMAC1,PFDN5,NEDD8,KRT81,CLU,HINT1,AKR1C3",False,71.36857347959283,0.0099009900990099,17,0.8092145919799805,0.0795422717928886,0.0065494934096932,0.3314135447144508,1.0
zel031_a549,bb0,BB_4072031870,82,1,0.3556409180164337,75.08348482531261,0.0099009900990099,0.0889690405185699,77.14708670495713,0.258597731590271,0.0756756756756756,0.9243243243243244,3.4513790607452397,0.1327283233404159,0.0150427510764711,"AGR2,RAN,RSL24D1,EEF1A1,RPL35A,TATDN1,LRRC75A,EIF1,RPL35,SDCBP,DDX5,SERF2,RPS27L,RAB1A,RPS2","APOC1,SAP18,AKR1C2,VIM,RPLP2,ATP5MC2,RPS21,IK,SDF2,ERH,RPL23,FDFT1,RPL39,PTMS,WBP1",False,71.30892879214957,0.0099009900990099,18,0.8301433324813843,0.0701940432190895,0.040408469736576,0.2854468747973442,0.99
zel031_a549,bb1,BB_0875017141,85,1,0.7018578052520752,104.16004918810646,0.0099009900990099,0.1594093059879405,78.74466862372414,0.8228514194488525,0.1,0.9,8.627561569213867,0.0906498804688453,-0.2819443364414628,"LPGAT1,EREG,YARS,EMD,BMERB1,AMIGO2,HEXIM1,PSMD11,DCTN3,SDHAF2,CALR,CASC9,DPM1,MGAT1,TRIM44","COX7C,RPL32,C19orf33,RPS17,RPL28,EEF1B2,TMSB10,RPL37A,ATP5MPL,RPL31,LINC00486,SNRPD2,RPS27,TBCA,RPL38",False,70.87020176135172,0.0099009900990099,19,0.7653799057006836,-0.0273311138153076,0.0149350995197892,0.7291889190673828,1.0
zel031_a549,bb0,BB_1627525093,61,1,0.8390297889709473,120.87647284401392,0.0099009900990099,0.1598720170806507,78.32633794304537,0.7673501968383789,0.106145251396648,0.8938547486033519,9.054838180541992,0.0694663748145103,-0.2192635264125332,"LRRC75A,SPP1,ATP6V0E1,SARAF,GLA,CYP24A1,SRSF1,CYB5A,CCT6A,SEC61A1,RBM3,VCP,MRPL35,HADHB,LEPROTL1","TKT,SQSTM1,NME2,DDIT3,NACA,EEF2,ACP1,SERF2,CCPG1,HSP90B1,UQCRH,HNRNPU,S100A11,KRT18,CA12",False,70.012369111102,0.0099009900990099,20,0.8775114417076111,0.4396271109580993,-0.055510226637125,0.3994026780128479,1.0
zel031_a549,bb0,BB_3077386016,67,1,0.434377521276474,83.94460192635215,0.0099009900990099,0.1112050953377414,73.69821166076648,0.2955414652824402,0.053763440860215,0.946236559139785,4.018834590911865,0.1087440401315689,0.0033936793618734,"BSG,RPL31,HDLBP,UXT,VPS37A,CTSD,PGD,MT-ND4,CFH,FBL,SNRPF,SPX,ADAM9,RPL3,NEDD8","LINC00486,RPS9,SEC61G,NDUFB9,RPS13,RPL11,RPS7,RPL12,RPS24,UQCRH,EIF2S2,RPL21,DYNLL1,NUCB2,RPS11",False,69.73594221663924,0.0099009900990099,21,0.8427695631980896,0.023257952183485,-0.002865279559046,0.4111195690929889,1.0
zel031_a549,bb1,BB_1323947790,105,1,0.3079810738563537,62.14128615889435,0.0099009900990099,0.0699018720701429,73.3964014132303,0.5472978353500366,0.053763440860215,0.946236559139785,4.390091896057129,0.0756742805242538,0.1527895571159602,"TMBIM6,FGB,ALDH3A2,PABPC1,PPIB,PDIA4,RPL13A,RPL36AL,FAM107B,RSL24D1,IPO7,ABCC2,UBC,NDUFB1,ECHS1","RPLP0,ARL6IP5,RPS27A,GUK1,SERP1,NDUFS2,PRELID3B,RPL23,BOD1,LRPAP1,PPM1B,NDUFA3,WIPI1,KRT18,MAP3K13",False,69.45035832649748,0.0099009900990099,22,0.8448573350906372,0.0871943309903144,-0.005887986626476,0.2207867428660392,0.97
zel031_a549,bb1,BB_1886502771,63,1,0.8387846946716309,129.84418994819202,0.0099009900990099,0.1799595815591875,76.06667107850377,0.8228514194488525,0.0883977900552486,0.9116022099447514,11.197392463684082,0.0789090991020202,-0.3360993317729287,"ACAA2,APPL2,ASAH1,GRSF1,HPRT1,KPNA1,EMP3,CHD3,ARHGEF28,CYP4F11,SDF2L1,ARL6IP1,DHFR,CIAPIN1,NCOA4","RPS29,SERF2,RPS11,UCHL1,RPS12,RBFOX2,NPM1,RPS25,NME2,RPL8,NCL,RPS4X,RPS17,UQCRB,RPL23",False,69.34254545830454,0.0099009900990099,23,0.801884114742279,0.08048976957798,0.0758341252803802,0.7582949250936508,1.0
zel031_a549,bb0,BB_5016616551,41,1,0.8537755608558655,89.40323616276973,0.0099009900990099,0.1939352074706637,80.3470602125337,0.7150943279266357,0.1379310344827586,0.8620689655172413,9.336932182312012,0.1068577915430069,-0.20446944404548,"ATP5MG,RPL29,NEDD8,RPLP2,RPL35A,RPS16,NRG1,TMSB10,MAP1LC3B,PPP2CB,RPS18,EXOSC1,RPS21,AHSA1,ACTN1","MALAT1,HSPD1,TKT,UBC,LDHB,NAP1L1,FP236383.3,SLC25A3,LINC00486,HSPA5,TM4SF20,PABPC1,EEF2,P4HB,MT-ND4",False,69.26470707977043,0.0099009900990099,24,0.8221777677536011,-0.076057955622673,-0.0583023056387901,0.9298335164785384,1.0
zel031_a549,bb0,BB_6508913989,69,1,0.6298914551734924,83.60737374074999,0.0099009900990099,0.1182553547376266,75.89228708910952,0.62564617395401,0.0888888888888888,0.9111111111111112,6.207630634307861,0.0874661058187484,-0.0952435691780356,"RPL31,COX4I1,S100A6,C7orf50,TDP2,RPL3,EDF1,RPL36AL,KRT81,UBB,UBE2K,RPS20,ACBD6,DYNLL1,EIF4A1","TM4SF1,RTN4,FP236383.3,OST4,CD44,RPL28,NONO,ATP5F1E,SNRPD2,AKR1C3,SLC38A2,GSTP1,PPIA,SKP1,CLU",False,69.146306014522,0.0099009900990099,25,0.8505605459213257,-0.4450784623622894,-0.0658937096595764,1.074969917535782,1.0
zel031_a549,bb0,BB_7417942759,82,1,0.5038532018661499,97.2910821726624,0.0099009900990099,0.0824507482496396,76.68597118460357,0.7579696774482727,0.0989010989010989,0.9010989010989012,5.237932205200195,0.0910917520523071,0.2223598242472029,"FP236383.3,NQO1,COX4I1,MALAT1,HSPA5,KRT8,RBCK1,RPLP2,PSAP,TKT,PTMA,PABPC1,ATP1B1,RPL11,TM4SF20","COX7C,RPS18,CTSL,TMSB10,UQCRB,XPO1,AP1M2,SLC25A6,UFM1,SLC35F1,DCTN6,LTA4H,PDCD6,NUCB2,CFL2",False,69.10164436414827,0.0099009900990099,26,0.7572730779647827,0.0807454362511634,-0.088372103869915,0.4231077656149864,1.0
zel031_a549,bb0,BB_4122342871,81,1,0.3831816613674164,56.35613847557936,0.0099009900990099,0.0772966469332456,74.84060764232281,0.5938720703125,0.0773480662983425,0.9226519337016574,3.933304786682129,0.0806144252419471,0.0818900862164892,"PKM,LINC00486,FP236383.3,CLU,P4HB,RPL35A,RAC1,PCNA,DKK1,MGST1,UCHL1,EZR,HERPUD1,PTGR1,CPS1","MRPL33,TXN,PPDPF,RPL30,RPL18,PSME1,NDUFB6,RPL3,MIF,VPS28,NPM1,PSMC4,ACTG1,ATP5PD,SNRPD2",False,69.05183136059618,0.0099009900990099,27,0.773095428943634,0.1344771087169647,-0.0586749725043773,0.2487045526504516,0.98
zel031_a549,bb0,BB_1250584201,43,1,0.8341191411018372,95.96371368241316,0.0099009900990099,0.1832337428210677,81.72937028067501,0.7190387845039368,0.1569767441860465,0.8430232558139534,9.129927635192873,0.1053474470973014,-0.1902890696835968,"RPS14,RPS27,TUBA1C,GPX4,SNHG25,POLR2J,YWHAB,NDUFB9,SNORC,UBA52,IK,WDR33,SNRPC,NME1,RPS13","MALAT1,EEF2,FN1,ASPH,MT-CYB,MT-ND1,LINC00486,FP236383.3,HSPA5,CANX,ABCC2,RPS20,CHCHD2,ITGB1,ACTB",False,68.89975982963881,0.0099009900990099,28,0.8089468479156494,0.1608152240514755,0.0846926495432853,0.6733039170503616,1.0
zel031_a549,bb0,BB_2516664152,60,1,0.8208857774734497,121.16765471945028,0.0099009900990099,0.1647021579331703,80.61253836473902,0.7652741074562073,0.1453488372093023,0.8546511627906976,8.94881534576416,0.1013082712888717,-0.2495913952649922,"CRIP1,RPS28,RPL36AL,S100A6,RPL22L1,JPX,NOP10,EDF1,MITD1,TMEM126A,LAMTOR2,PSMB3,SEC61G,PSMA7,COX6C","LINC00486,MALAT1,FP236383.3,HSP90B1,ALDH3A1,RPL4,KRT18,TKT,APP,RPS17,TM4SF1,HDLBP,FN1,VIM,CANX",False,68.89559964893392,0.0099009900990099,29,0.8312567472457886,-0.2006383091211319,-0.1699041277170181,1.0215240865945816,1.0
zel031_a549,bb0,BB_0071831767,66,1,0.5684366226196289,79.1780454951967,0.0099009900990099,0.1086158653490136,73.94417563824395,0.5262014269828796,0.0760869565217391,0.9239130434782608,5.229433059692383,0.0871770456433296,-0.1117126073862043,"PFDN4,SPCS1,TM4SF20,LINC00486,ALDH1A1,ARPC1B,STOML2,GSTO1,TIMMDC1,TMEM258,ZNF706,ALDH3A2,ORMDL2,COMMD6,ERP29","RPL6,RPL24,RPL36,FAU,UQCRB,SEC61B,RPL4,MDH1,AKAP12,UBB,HMGA1,DBI,MT-CO3,MT-CO2,PTGR1",False,68.31798836142104,0.0099009900990099,30,0.8149406313896179,-0.0156109919771552,-0.1049942895770073,0.5840476145967841,1.0
zel031_a549,bb0,BB_7797904003,64,1,0.4862613976001739,56.22078817095145,0.0099009900990099,0.1029855470087051,74.39141856973458,0.1949144005775451,0.0824175824175824,0.9175824175824177,4.458071231842041,0.1058160588145256,0.0066586047350077,"MT-ND2,ANXA1,DNAJC12,HSPA5,CNIH4,SARS,SOD2,ATP6AP2,PDIA6,HSPD1,SNRPB,RPL34,UPK1B,RPL7A,NME2","COX6A1,RPL30,MRPL33,RPS17,SNHG29,RPL24,EEF1A1,LITAF,APOC1,OST4,NQO1,ATP5F1E,CLU,RPS8,MIF",False,68.26025769860262,0.0099009900990099,31,0.841059148311615,0.0250683166086673,0.0290194898843765,0.4611930809915066,1.0
zel031_a549,bb0,BB_0871581106,79,1,0.4445086419582367,78.31571323351753,0.0099009900990099,0.0968371763141206,72.91908854069501,0.5555906295776367,0.0698924731182795,0.9301075268817204,4.431476593017578,0.1083959639072418,0.0814212629628559,"RPS20,RACK1,RPL24,UBC,TGFBI,PRDX6,TM4SF4,AKR1C1,TPM4,VIM,RPL7A,MTHFD2,SNHG29,S100A11,RPS28","MT-CO1,MAGED2,TM9SF2,CAP1,RAP1B,SPX,HSD17B11,ME1,NDUFA2,GGNBP2,C19orf33,RBM4,RABEP1,GMPR2,NFE2L2",False,67.82259310505505,0.0099009900990099,32,0.7877886295318604,-0.0841454118490219,-0.036668810993433,0.5286540538072586,1.0
zel031_a549,bb0,BB_1241273460,66,1,0.4800599217414856,72.75275862639057,0.0099009900990099,0.1041904999110883,71.3489431954566,0.4134197235107422,0.0594594594594594,0.9405405405405404,4.349031448364258,0.1293310970067978,0.0701055744319775,"ACTG1,ITGB1,MGST1,KRT81,HSP90B1,AKAP12,AKR1B1,CTSL,SLIRP,FN1,KRT8,ETFA,PON2,RPS16,ATP5PF","AKR1C1,SNRPC,TFPI,PRR13,BNIP3,NFE2L1,RPS18,S100A10,CBR1,RBM3,C1orf43,NOP53,NUCB1,AREG,RPL12",False,67.10657360005106,0.0099009900990099,33,0.8176082372665405,0.1395607143640518,0.0026581478305161,0.3404992073774338,1.0
zel031_a549,bb0,BB_6363495728,78,1,0.500323474407196,96.23401465337408,0.0099009900990099,0.0883293399828075,72.51076122198573,0.7919572591781616,0.0756756756756756,0.9243243243243244,5.295404434204102,0.0772086456418037,0.1132291175555205,"TM4SF20,CPS1,HSPA5,TXNRD1,FP236383.3,COX7C,PKM,MT-CO3,COX4I1,RPS27A,VIM,MT-ND3,LDHA,ACTG1,CLTA","RPSA,RAN,ENY2,SH3GLB1,CIAO2A,TOMM40,MIEN1,TOMM7,RPLP1,RNF114,NAMPT,SMARCE1,DCXR,RPL23A,CD2BP2",False,67.02346037275439,0.0099009900990099,34,0.8160774111747742,0.3223533630371094,0.1689353436231613,0.1779701113700866,0.9
zel031_a549,bb0,BB_7004809687,73,1,0.4396747946739197,71.37740107357739,0.0099009900990099,0.0937948922818758,72.06477450273663,0.4508447647094726,0.0710382513661202,0.9289617486338798,4.311037540435791,0.0977488160133361,-0.0023311212923894,"LINC00486,TPM1,FTH1,EIF3E,ATF3,OSBP,SND1,CHCHD10,FAM136A,CEBPB,OSGIN2,SNHG5,SLIRP,RPS17,RAB1A","H3F3B,DKK1,CD63,FAU,HSPA8,RPL18,TMA7,RPL13,SLC1A5,MZT2B,COX6A1,PGK1,TM9SF3,RPL7A,SERF2",False,66.94541893696845,0.0099009900990099,35,0.7887977361679077,0.0276444181799888,0.0157688707113266,0.4120303764939308,1.0
zel031_a549,bb0,BB_4508823711,74,1,0.4017522931098938,56.80700491507572,0.0099009900990099,0.0833443706939515,72.58012917905164,0.2368851751089096,0.0782122905027933,0.9217877094972068,3.784081697463989,0.0962623804807663,0.0598680641944672,"GAS5,SCD,RPS18,RPS16,COMMD6,TRIR,TXNRD1,SLC25A5,PSMA2,RPL13,EEF1G,UBC,EEF1A2,NOP53,FAM172A","IGFBP4,UCHL1,GHITM,RPS9,AKR1C1,MT-CO3,NTS,LDHA,HSP90B1,ANP32B,COX4I1,B2M,PON2,UPK1B,RPS27A",False,66.90347103096938,0.0099009900990099,36,0.7928832173347473,-0.0251098424196243,0.001596957212314,0.4268621355295181,1.0
zel031_a549,bb0,BB_2712677252,57,1,0.6094031929969788,70.886944102895,0.0099009900990099,0.1161226573153426,74.79001991917849,0.5353315472602844,0.1067415730337078,0.8932584269662921,5.3504486083984375,0.1166396364569664,-0.0136264829842904,"TRAPPC1,RPS14,ATP6V1G1,C19orf33,NOP10,SLC39A1,SERPINA1,NDUFA13,PIR,S100A4,EIF5A,MED4,CCT5,HDAC1,CD24","HSPA5,LINC00486,NPM1,ASPH,ACTG1,GDI2,RPL37A,ZFAS1,FP236383.3,MT-ND4,VIM,GAS5,UQCRB,MT-ND2,EIF3A",False,66.80681554578302,0.0099009900990099,37,0.7930366396903992,0.0527758821845054,0.0219504758715629,0.5566273108124733,1.0
zel031_a549,bb0,BB_9115188506,19,1,0.9020592570304872,48.20689712094799,0.0099009900990099,0.2795189360514497,72.75917028819127,0.5659796595573425,0.0828729281767955,0.9171270718232044,12.075081825256348,0.0935907587409019,-0.1364335005281501,"STAU1,RPS21,MT-CO1,HMGA1,TM7SF3,RNF145,HMGB3,GADD45B,PTK2,PRPF19,COX5A,PNRC1,GHITM,MT-CO2,PNKD","PFN1,TXN,PTGR1,RPL11,HSPA5,LINC00486,RPS29,CLU,SNX6,AKR1C1,IGFBP1,RPL36AL,RPS5,RPL26,RPL23A",False,66.72940479469476,0.0099009900990099,38,0.7672456502914429,0.2647869288921356,0.1635286509990692,0.6372723281383514,1.0
zel031_a549,bb1,BB_1823222689,89,1,0.2914595901966095,54.13065789020151,0.0099009900990099,0.0941641478577138,73.60937651703749,0.3151154518127441,0.0939226519337016,0.9060773480662984,3.5478460788726807,0.1117611899971962,0.0723187170945583,"BSG,HMGN1,ARPC3,GOLGA4,PDK4,EIF3A,DRG2,LINC00486,EIF2S3,RNASEH1,PNN,GPS2,SCARB2,VAT1,SMIM20","RPL36,COX6A1,SNHG25,S100A10,RPS13,RPS15A,RPS29,RPS5,NDUFB9,RPS15,SNHG6,ZFAS1,FP236383.3,PPIA,RPS16",False,66.69578866737099,0.0099009900990099,39,0.84334397315979,0.0245026666671037,-0.0120800863951444,0.2669569235295057,0.98
zel031_a549,bb0,BB_9234283748,62,1,0.7738867402076721,140.3792188382264,0.0099009900990099,0.1629641017053008,72.52138717425063,0.721225380897522,0.0815217391304347,0.9184782608695652,7.71182107925415,0.0870284885168075,-0.2221720404262825,"RPL21,PET100,GDI2,AAGAB,UBE2B,NAA38,CNOT1,HCFC1R1,DERL2,NEDD8,CTNNA1,TMEM258,MT2A,XRN2,MPST","PABPC1,VIM,RPL7A,RPL27A,MTRNR2L12,MT-CO3,RPL37,RPL23,EIF1,MT-ND1,DSTN,RPL6,HSPA8,FTL,P4HB",False,66.60931756765412,0.0099009900990099,40,0.7678096294403076,0.0213238094002008,0.0190702341496944,0.7525629308074713,1.0
zel031_a549,bb0,BB_2607014696,60,1,0.4784005284309387,58.57602399751615,0.0099009900990099,0.1308478541835227,70.51374932740514,0.2556413114070892,0.0594594594594594,0.9405405405405404,4.323794841766357,0.1119141429662704,0.1337419380683411,"FP236383.3,KRT8,FN1,IGFBP4,PHB2,CPS1,EMP3,PPIA,ATP5MD,ATP5MG,RPS25,RPLP0,MT-CO3,NDUFA4,RPL7","TPT1,C19orf33,AGR2,RPL5,YWHAE,RPL29,PON2,RPS18,RPL34,NACA,RPS27L,OCIAD2,SKP1,AIMP1,RPL26",False,66.3210399079378,0.0099009900990099,41,0.7856063842773438,-0.0808793380856514,-0.0314966812729835,0.5592798665165901,1.0
zel031_a549,bb0,BB_8117313079,48,1,0.843259871006012,78.86117402871541,0.0099009900990099,0.1820791929959286,78.11863531562493,0.7364403605461121,0.1511627906976744,0.8488372093023255,9.32958984375,0.0952672734856605,-0.1912580619316588,"RPL29,RPL41,RPS21,RBFOX2,UQCRQ,GSTP1,RPS13,DBI,RPS18,RPS29,RPS14,NTS,KIZ-AS1,TM4SF1,MPC2","MALAT1,FN1,FP236383.3,LINC00486,CALR,ALDH3A2,HSP90AA1,HSPD1,PGD,UCHL1,HNRNPDL,ASPH,NCL,PTMA,HSP90B1",False,66.31000439582115,0.0099009900990099,42,0.8371966481208801,-0.2210066616535186,-0.0638962835073471,1.0642665326595306,1.0
zel031_a549,bb0,BB_1391314929,59,1,0.6085537672042847,69.15453360786971,0.0099009900990099,0.107376153084378,73.99277890680979,0.578953206539154,0.1067415730337078,0.8932584269662921,5.568602561950684,0.1021816134452819,-0.0606083444175346,"RPL13,ZFAS1,CRIP1,CALM2,PLPP5,DPY30,RPL35A,RPL34,RAB5A,ATP5F1E,CIAO2B,CRBN,ALKBH7,SUB1,HTATIP2","RPL27A,LINC00486,MT-ND4,MT-ND1,HSP90AB1,MT-ND2,MTHFD2,RPS15A,MT-CO1,RPL23,B2M,SPTBN1,HSPA5,DDX5,GARS",False,66.09467329316155,0.0099009900990099,43,0.7907227277755737,0.0531977117061615,0.0662453100085258,0.5553560554981232,1.0
zel031_a549,bb0,BB_2474927567,73,1,0.3656048476696014,49.810689184193095,0.0099009900990099,0.0941077530410422,70.65481085677804,0.195999726653099,0.0662983425414364,0.9337016574585636,3.6569902896881104,0.0865726172924041,-0.0023311212923894,"PPP2CB,NR0B1,RPS27,GAS5,PLP2,CNBP,COMMD6,RAN,AIMP2,ATP5MG,COX6A1,MRPS11,TIMM9,PFN1,RPS13","NDUFB2,NTS,LDHA,SAT1,RPL11,ATP5F1E,B2M,HSPA8,RPL41,OAZ1,RPL30,RBCK1,FN1,CLIC1,ERP29",False,65.97051400439496,0.0099009900990099,44,0.7685360908508301,0.0178915131837129,0.0103476848453283,0.3477133344858885,1.0
zel031_a549,bb0,BB_3648461995,68,1,0.4915345907211303,83.66260908264367,0.0099009900990099,0.1066322153551407,71.42692009428006,0.5318950414657593,0.0765027322404371,0.9234972677595628,4.6765875816345215,0.0920698344707489,-0.0613561011473451,"LINC00486,RPS8,SERF2,EIF3K,CCT5,RNASEK,ITGB1-DT,RPS17,MT-CO2,RPS15,RPS27A,DNPH1,AKR1B1,SRP19,SLC25A6","AKR1C2,CLU,EEF1B2,SLC25A5,UBC,RPL10,MIF,NME2,PTGR1,NPM1,RACK1,BASP1,H3F3B,SNHG6,CALM2",False,65.96256555154825,0.0099009900990099,45,0.7862682938575745,-0.0259426776319742,0.0583886764943599,0.5174772683531046,1.0
zel031_a549,bb1,BB_0068057945,102,1,0.2334407567977905,42.05863411525853,0.0099009900990099,0.0748961076727244,71.18866891613864,0.3406862914562225,0.0765027322404371,0.9234972677595628,3.3018100261688232,0.091391310095787,0.041585075323243,"AKR1B10,LINC00486,AKR1C3,EIF4A2,NACA,EIF5,SNHG29,YBX3,ALG5,SYF2,P4HB,TM4SF20,RPL3,ZFAND1,RCN1","MT-CO1,RPS16,SERF2,RBFOX2,RPL41,BUD31,PCBP1,MT-CO3,RPL28,COX7C,GSTP1,ATP5MG,SLIRP,LAMTOR5,MT-ND3",False,65.74254123949416,0.0099009900990099,46,0.7809504270553589,0.0434489473700523,0.0633727759122848,0.1899918094277382,0.9
zel031_a549,bb0,BB_0455133466,69,1,0.5799053907394409,84.71330948163798,0.0099009900990099,0.1332965463524585,70.10562323010868,0.5995694398880005,0.0662983425414364,0.9337016574585636,5.495547771453857,0.0920006781816482,-0.1242290764244125,"TPT1,FKBP3,EID1,SRC,RPS29,ARL6IP5,TRMT112,ANXA4,NDUFAB1,PSENEN,SERPINA1,HDGF,HGS,ALG5,ARHGDIA","RPLP0,NAP1L1,SNHG29,RPS15,RPS28,RPL30,UBA52,RPL13A,RPL37,ZFAS1,DDIT3,ATF4,DHFR,MT-CO3,RPS27A",False,65.45773660711804,0.0099009900990099,47,0.8298535346984863,-0.061758879572153,0.0309788379818201,0.641664270311594,1.0
zel031_a549,bb0,BB_3405735815,69,1,0.469567596912384,67.54027659103473,0.0099009900990099,0.1065823038058144,70.87188234765931,0.4382082223892212,0.0765027322404371,0.9234972677595628,4.340199947357178,0.0950268805027008,-0.0517653083084704,"NACA,MRPL13,PGD,UPK1B,TFPI2,SLC25A3,LINC00486,ATP5F1E,HPGD,LAMTOR5,ATP5IF1,FTL,LGR4,EIF3K,CBR1","MT-CYB,MT-CO2,COX6B1,TXN,RPL32,SNHG32,RPS5,AKR1C2,PKM,RPS16,FAU,POLD4,CLIC1,YWHAE,MT-ATP6",False,65.44998970904057,0.0099009900990099,48,0.8333778977394104,-0.193112164735794,-0.0559880323708057,0.6626797616481781,1.0
zel031_a549,bb0,BB_4722406434,79,1,0.5564778447151184,85.15930290559653,0.0099009900990099,0.0989737769710502,76.31097311357125,0.8033130764961243,0.1428571428571428,0.8571428571428572,5.633993625640869,0.0906650424003601,0.182687085747666,"FP236383.3,RPL30,MT-CYB,CALR,AC114956.3,MT-ND1,UCHL1,LINC00486,MALAT1,HSPA5,MT-ND3,DHFR,MT-ND2,EIF4G2,APP","C19orf33,RPS14,RPS18,NDUFB6,S100A4,RPL31,ATP5MPL,JPT1,TFF1,MYL12A,ENY2,H2AFJ,SUCLG1,PTRHD1,PSMC1",False,65.40940552591822,0.0099009900990099,49,0.7818547487258911,0.0317542403936386,0.0309696961194276,0.5247236043214798,1.0
zel031_a549,bb0,BB_3845181006,75,1,0.407831072807312,80.36122317535695,0.0099009900990099,0.0964880901553775,71.31429086104156,0.2614701688289642,0.0879120879120879,0.912087912087912,3.864646434783936,0.100124254822731,-0.0662580619316589,"RPL7,RPL13,RPS17,PTGS2,TMSB4X,RPS29,PSMB7,C19orf33,POLD4,RPS24,GAS5,MT-CO3,ANP32A,HSPA5,RPS23","CALM2,GSTP1,ENO1,PTMA,PFDN5,HNRNPK,CTSL,HNRNPU,TKT,CPS1,SRXN1,SF3B5,HINT1,TRMT112,FAU",False,65.04490265347746,0.0099009900990099,50,0.8044816255569458,0.0307935215532779,0.000980379525572,0.377037551254034,1.0
zel031_a549,bb0,BB_0918701036,76,1,0.4132298827171325,92.69160635984952,0.0099009900990099,0.0856425592382212,70.85793796864473,0.2305413335561752,0.0833333333333333,0.9166666666666666,3.931829690933228,0.0810486674308776,-0.004854553159729,"H3F3B,ERP29,TPI1,RPS27L,SELENOH,TRIB3,RPS3A,EID1,ADH5,RPS9,COX6B1,TMEM258,EEF1B2,MRPL32,MRPL10","SAT1,RPL3,UGDH,G6PD,COX6C,ANXA2,CA12,RTN4,LGR4,AKAP12,MTRNR2L12,CRTAP,SNRPB,UQCRFS1,TALDO1",False,64.95310980459101,0.0099009900990099,51,0.8176690936088562,0.0295046716928482,0.0086598331108689,0.3837252110242843,1.0
zel031_a549,bb1,BB_7622047569,92,1,0.5285887718200684,105.64782569299156,0.0099009900990099,0.0972031256577834,75.27986653120615,0.7345998883247375,0.1379310344827586,0.8620689655172413,6.556726932525635,0.0880316719412803,-0.1387218300476009,"RPS3,RPLP1,RPL19,ADM,NT5C,ZFAS1,RPL31,SEC61B,TMEM65,SAT2,RPL27A,TMEM101,OSER1,RPL26,SCAMP3","MALAT1,LINC00486,ASPH,CANX,ALDH1A1,CALR,SLC3A2,RPL6,EIF1,P4HB,KRT18,SQSTM1,PKM,MT-CYB,HSPA5",False,64.89643666483289,0.0099009900990099,52,0.8066550493240356,0.2103569060564041,0.0359687469899654,0.3182318657636642,1.0
zel031_a549,bb0,BB_6300914418,39,1,0.8198362588882446,68.9518079616627,0.0099009900990099,0.1501284538646087,73.75552980992089,0.5585960149765015,0.1206896551724138,0.8793103448275862,8.260814666748047,0.1222739666700363,-0.0662580619316589,"RPL28,COX7C,RPS13,RPS19,MT-CO3,RPL37A,RPL14,S100A11,COX6A1,RPL38,CRIP1,RPS29,RPS17,SNHG29,NME2","MALAT1,SQSTM1,TKT,TM4SF20,LINC00486,EEF2,ALDH1A1,ASPH,PGD,CTSL,CANX,EDF1,PSAP,PPIA,GABARAP",False,64.85400035010285,0.0099009900990099,53,0.7684804201126099,0.4236613512039184,0.1810124516487121,0.3961749076843261,1.0
zel031_a549,bb0,BB_4059529185,70,1,0.4674872457981109,69.24081948965949,0.0099009900990099,0.0793207652431448,69.29457287919831,0.540502667427063,0.0659340659340659,0.934065934065934,4.507498741149902,0.0981612280011177,0.114694319020722,"FP236383.3,KRT8,RPL19,COX6B1,KRT7,MALAT1,FN1,RPS28,PSMA7,COX8A,RER1,KRT81,EIF4A1,RPS3A,MT-CO2","RPS6,RSL24D1,TOMM20,ERP29,PDHA1,TDP2,ANXA1,RPL4,PFKP,SSBP1,ATP5MPL,C18orf32,IAH1,COMMD6,CIRBP",False,64.72569994210832,0.0099009900990099,54,0.8040674924850464,-0.0207287576049566,0.0246743708848953,0.4882160034030676,1.0
zel031_a549,bb1,BB_3406231744,72,1,0.6106216907501221,80.94706751086531,0.0099009900990099,0.1143756460206323,69.61121921913104,0.7266790866851807,0.0730337078651685,0.9269662921348316,7.480918884277344,0.0727736353874206,-0.2051469508205477,"RPS19,NDUFB2,COX6B1,NAP1L1,FTL,RPS2,RPL34,ACTG1,COA4,TALDO1,RABGGTB,RNASE4,GUK1,RAB34,CCT3","FP236383.3,FN1,KYNU,COX6A1,CANX,RPL7A,SNHG29,RPL37A,HSPA5,EIF4A1,COX4I1,CALR,MT-CO2,EIF4EBP1,DHFR",False,64.52725377054283,0.0099009900990099,55,0.795911431312561,-0.1186257004737854,-0.0261687636375427,0.7292473912239075,1.0
zel031_a549,bb0,BB_2700603523,75,1,0.4683712124824524,70.29657558508914,0.0099009900990099,0.0824992392786108,71.85266429588826,0.6961921453475952,0.1055555555555555,0.8944444444444445,4.723325252532959,0.0899034887552261,0.1204086047350078,"HSP90AB1,ARF4,MT-ND1,ITGB1,SPTBN1,MALAT1,FP236383.3,EIF1,HSPA8,HSPA9,SLC3A2,RPL7A,IGFBP4,CANX,SERBP1","RPL37A,AGR2,RPL34,COX7A2,FGG,HINT1,RPS29,PARK7,VPS29,RPL36AL,EIF3K,RPL30,COX7B,RPS21,RPS14",False,64.26821639798895,0.0099009900990099,56,0.8277577757835388,0.0059863002970814,-0.056776899844408,0.4623849121853709,1.0
zel031_a549,bb0,BB_8553310120,79,1,0.4327393770217895,82.44851662746264,0.0099009900990099,0.0682725472582186,68.2734415203819,0.6446452140808105,0.0597826086956521,0.9402173913043478,4.552685737609863,0.0894029289484024,0.043446579418552,"RPL17,RPL6,TM4SF4,RPL24,ENO1,RPL10,HSPB1,SPCS1,ERP29,EIF5,ATP5MC3,RPS4X,EEF2,RACK1,UPK1B","RPL22L1,SNHG25,STAU1,PFDN2,RAB13,PCK2,TATDN1,PDE4D,CMPK1,SF3B5,ATP6V1G1,PTPN12,BRD2,PYCR1,COX7A2L",False,64.1918770816634,0.0099009900990099,57,0.7733213305473328,0.0937955752015113,-0.0527453087270259,0.3389438018202781,1.0
zel031_a549,bb0,BB_6005762109,81,1,0.5886450409889221,118.61210959283808,0.0099009900990099,0.0969110166847475,69.62862415240878,0.8187773823738098,0.0815217391304347,0.9184782608695652,6.41514778137207,0.0758878365159034,0.1436184812782176,"RPS20,SQSTM1,NQO1,S100A10,AKR1B1,AGR2,ACTB,YWHAZ,COX7A2L,ENO1,RAC1,GHITM,CD63,CD44,ITGB1","DAZAP2,PRMT1,HTATSF1,SYPL1,CHMP2B,PAQR5,TMX2,ZC3H13,DYNLRB1,ENY2,SUCLG1,MAPK1IP1L,PNN,PSMD10,FXYD5",False,63.952377618245016,0.0099009900990099,58,0.7753939628601074,0.2130682319402694,0.0977684035897255,0.3755768090486526,1.0
zel031_a549,bb0,BB_1862312517,41,1,0.9035726189613342,67.36556640466573,0.0099009900990099,0.2298865711085798,75.82928551933041,0.7711392045021057,0.1569767441860465,0.8430232558139534,11.882631301879885,0.1042074933648109,-0.253249931850358,"SNHG7,TM4SF1,RPS19,RPS13,NDUFS8,S100A4,NSMCE1,RPL37,DNAJB2,RPL32,RPS27A,S100A6,TSPO,YIF1A,RPL39","MALAT1,RPS4X,FN1,HSP90AB1,IGFBP1,SQSTM1,UBC,RPS25,HSP90B1,PGD,EEF1B2,LINC00486,EEF1A1,IGFBP4,EEF2",False,63.925851164551794,0.0099009900990099,59,0.7584437131881714,0.4996785223484039,0.2391701191663742,0.4038940966129303,1.0
zel031_a549,bb0,BB_5900627794,67,1,0.4845886528491974,74.61784418995848,0.0099009900990099,0.1319567037776426,68.94726834249234,0.2294803112745285,0.0756756756756756,0.9243243243243244,4.348289012908936,0.0976100265979766,0.0033936793618734,"SAT1,HSP90AA1,MT-ND5,NAMPT,HNRNPM,DPM1,PWP1,KLF6,SFPQ,YBX1,TM4SF1,DCBLD2,ANXA2,PABPC1,RAB1A","RPS16,RPL32,RPL37A,CALM2,RPS19,FAU,SLIRP,RPL41,RPL27,PPIA,RABAC1,EIF1,SLC1A5,RPL31,NDUFA4",False,63.72963722468211,0.0099009900990099,60,0.7919955849647522,-0.0545811206102371,0.0080307628959417,0.5391697734594345,1.0
zel031_a549,bb0,BB_9364125398,60,1,0.5610568523406982,87.66220054333984,0.0099009900990099,0.1292914786249576,71.34321337344743,0.1585073620080948,0.1067415730337078,0.8932584269662921,4.971469402313232,0.1146738305687904,0.0670752714016744,"MT-ND4,MT-ND2,MALAT1,MT-CO2,MT-CYB,EIF5,SQSTM1,IGFBP4,LSM5,FP236383.3,TNPO1,CDV3,TNFRSF10B,MT-ND1,SCD","SERF2,RPS21,RPS14,RPL31,RPL6,PTMA,KRT81,PSAP,RPL26,UQCRQ,CALM2,AKR1C3,RPS27,TXN,SNHG8",False,63.727926552686185,0.0099009900990099,61,0.8227288126945496,0.0715939402580261,0.0498723685741424,0.4894629120826721,1.0
zel031_a549,bb0,BB_6407080290,75,1,0.4215801954269409,73.84155291128408,0.0099009900990099,0.0822394855954002,68.56325541781733,0.4582122266292572,0.0710382513661202,0.9289617486338798,4.121222019195557,0.1072759479284286,0.0270752714016744,"AGR2,ROMO1,UQCR11,MGST1,KRTCAP2,EEF1A1,HSP90AB1,SNHG5,HINT1,CALM2,IGFBP3,RPL7,COX4I1,AKR1C2,KRT18","LINC00486,HSP90AA1,XPO1,NAP1L1,SND1,MT-ND5,GRN,OSGIN2,TMEM256,ATP5MG,C16orf95,AC114956.3,FLNA,RNF130,PLEKHA7",False,63.69264164496692,0.0099009900990099,62,0.7959047555923462,0.0177950207144022,0.0101058976724743,0.4037851747125387,1.0
zel031_a549,bb0,BB_9498923076,79,1,0.409622311592102,78.80620689503708,0.0099009900990099,0.1156453622673101,69.36150280095019,0.2939232885837555,0.087431693989071,0.912568306010929,3.896526098251343,0.1168662831187248,-0.0071863319738529,"RTN4,MT-CYB,LGR4,DARS,TPT1,TM4SF20,SPINT2,RPL5,TGFBI,GLG1,CMAS,NAP1L1,FUS,RDX,LDHA","RPLP2,RPL21,PPIB,RPS28,RPL41,RPS2,RPS14,TMSB4X,RPS18,RPL12,COX7B,RPLP1,RPS15A,S100A11,RPL13",False,63.29710911343542,0.0099009900990099,63,0.7600022554397583,-0.0153996292501688,-0.0105964690446853,0.4250219408422708,1.0
zel031_a549,bb0,BB_3453212350,78,1,0.4653378427028656,61.47162635915353,0.0099009900990099,0.1013338653177026,68.22536213004408,0.6022514700889587,0.0756756756756756,0.9243243243243244,4.432376384735107,0.1124858111143112,0.1132291175555205,"RPS24,HSP90AB1,SNHG29,GNAS,AKR1C2,CLIC1,TMSB4X,RPS4X,HSPA5,P4HB,RPS27L,RPS15A,ACTG1,KRT18,ATP1B1","C19orf33,MORN2,PDK4,POMP,FAM172A,CTSZ,ALKBH7,C16orf95,SNHG32,CXCL8,MRPS26,YBX1,NELFE,SUMO1,UQCRC1",False,63.06236175263533,0.0099009900990099,64,0.8425807356834412,-0.158915027976036,-0.1527514159679412,0.6242528706789017,1.0
zel031_a549,bb0,BB_0903668936,80,1,0.4614470303058624,104.77679367590504,0.0099009900990099,0.0968118377953981,70.93991499794318,0.6433083415031433,0.1111111111111111,0.8888888888888888,4.57845401763916,0.1130231916904449,0.1254086047350078,"AGR2,PDIA6,RPL5,SLC25A5,HERPUD1,IGFBP3,DKK1,AKAP12,RAB10,MAGED2,TM4SF4,KRT18,MT-CO2,MLPH,ANP32B","UCHL1,RPS27,RPL37,RPS17,UQCRQ,RABAC1,RPS16,RPS15,RPS27L,MRPL13,RPL34,FTL,TMED3,TXN,TMSB10",False,63.057702220393935,0.0099009900990099,65,0.8235428929328918,-0.3535291254520416,0.0248290915042161,0.814976155757904,1.0
zel031_a549,bb0,BB_9238694080,71,1,0.5311263799667358,65.3280223950417,0.0099009900990099,0.1083805475503949,67.0923838640962,0.5848292708396912,0.0662983425414364,0.9337016574585636,4.927117824554443,0.0807425454258918,-0.0333942121664006,"SLC25A5,SLC25A6,ALDH1A1,PHLDA3,TIMM9,LXN,CCT5,LINC00486,GNS,BEX3,SRP68,DHX40,RPAIN,CCDC59,NT5C","NACA,RPL24,MT-CO1,RPL37,RPLP0,GAS5,COX5B,AKR1B1,AGR2,S100A6,RPL4,PFN1,SLC3A2,PGD,ANXA1",False,62.644270016752806,0.0099009900990099,66,0.7801171541213989,-0.1315155625343322,0.0276961140334606,0.6626419425010681,1.0
zel031_a549,bb0,BB_8443230528,73,1,0.7306309342384338,115.22561797666796,0.0099009900990099,0.1520616731500781,69.59715763235393,0.7228931784629822,0.1,0.9,7.075334548950195,0.0941084623336792,-0.1941119432101977,"AKR1B10,RPS14,ZNHIT1,TUBA1C,CCT4,WASHC3,ANXA2,METTL26,PTPRM,USP53,AOPEP,SUCLG2,FAT1,ANP32A,INSIG1","ACTG1,RPS24,RPLP2,UBB,SQSTM1,LDHA,RPL13,FN1,BLVRB,DYNLL1,RPS2,P4HB,FP236383.3,NQO1,RPL36",False,62.63744186911853,0.0099009900990099,67,0.7681997418403625,-0.0888407900929451,0.0013051207643002,0.8194717243313789,1.0
zel031_a549,bb0,BB_5995712791,55,1,0.7885185480117798,84.9567297469039,0.0099009900990099,0.1326279888351809,72.21481231507589,0.7383673787117004,0.1371428571428571,0.8628571428571429,8.025575637817383,0.1013936772942543,-0.2177732134468104,"CSKMT,RPL14,COX6B1,RPS20,CDK4,HCFC1R1,NDUFB11,WASHC3,PFDN5,APOC1,CTSL,NUPR1,COX7A2,TMEM99,RPL32","MALAT1,LINC00486,EEF2,FP236383.3,PGD,NCL,HSP90AB1,RPL7,SNX6,KRT18,UCHL1,CANX,RAB10,RPL3,CLU",False,62.3110666261512,0.0099009900990099,68,0.7894091606140137,0.3007902204990387,0.277163952589035,0.4877283275127411,1.0
zel031_a549,bb0,BB_6864808972,18,1,0.8322254419326782,44.058687409390096,0.0099009900990099,0.2095554388409707,68.75729018812459,0.3488898873329162,0.0944444444444444,0.9055555555555556,9.595626831054688,0.1092562228441238,-0.0107025063761033,"RPS17,CIAO2B,GPX4,LAPTM4A,CLU,S100A11,RPL37,DKK1,NFKBIA,HOXB7,PRSS23,UQCRQ,SRP19,ELF3,DDX39B","MALAT1,RPS27A,COX7C,FN1,FTL,KYNU,CD63,RPS20,TMSB4X,EIF4A1,EEF1B2,SERF2,FP236383.3,HINT1,RPS11",False,62.263546114801706,0.0099009900990099,69,0.8154677748680115,0.1196139454841613,0.1431124806404113,0.7126114964485168,1.0
zel031_a549,bb0,BB_7623342650,74,1,0.4537043571472168,62.65814853981757,0.0099009900990099,0.1082129904768306,67.33541143607864,0.2204463481903076,0.0765027322404371,0.9234972677595628,4.192144870758057,0.1154312416911125,0.0328410371674402,"MORF4L1,ACP1,EIF2S3,WDR43,NCL,UBC,SNX5,TLN1,HNRNPU,HSP90AA1,CCDC34,XPOT,EPHX1,PRKCSH,YWHAZ","RPS17,RPL15,RPL21,UBB,RPL18,RPS11,RPL30,NDUFA4,MT-CYB,RPL6,CRIP1,RPLP0,RTN4,ATP5MC3,ATP5MD",False,62.18406848468465,0.0099009900990099,70,0.788790762424469,0.0286228992044925,0.0051480107940733,0.4250814579427242,1.0
zel031_a549,bb0,BB_4470301148,72,1,0.5363415479660034,87.22268686314067,0.0099009900990099,0.0931658013690918,71.3486180140192,0.7633089423179626,0.1299435028248587,0.8700564971751412,5.467592716217041,0.0916979908943176,0.19763082695723,"MALAT1,FP236383.3,PSAP,HSPA9,RPS3A,CANX,DHFR,HSP90AB1,RPS24,EEF2,TNPO1,EEF1D,AKAP12,TMBIM6,PABPC1","MRPL22,SPCS1,RPS18,CALM2,SNRNP70,PSMA5,PET100,MIEN1,LACTB2,NAA38,ANP32A,MESD,SNHG25,RPL28,LAMTOR5",False,62.07732866756472,0.0099009900990099,71,0.8019387125968933,0.0930547788739204,-0.1012898981571197,0.443286769092083,1.0
zel031_a549,bb1,BB_9974692940,94,1,0.5774059295654297,107.18903747091596,0.0099009900990099,0.1672054236204801,74.86138734093048,0.7260785698890686,0.1715976331360946,0.8284023668639053,7.0867533683776855,0.1575809568166732,-0.144272246328822,"FP236383.3,IGFBP1,AKR1B10,FTL,LRRC75A,FN1,HSPA5,DKK1,ATP2B1,LMNA,TALDO1,HDLBP,SUPT6H,SIGMAR1,MALAT1","RPS13,S100A6,RPS29,ATP5MD,RPL37A,RPL32,RPS15A,RPL37,ATP5F1E,TXN,RPL35A,RPL24,RPL41,RPS21,CRIP1",False,62.01535045994241,0.0099009900990099,72,0.8245633840560913,-0.1773334741592407,-0.0937942042946815,0.7547394037246704,1.0
zel031_a549,bb1,BB_4156651179,96,1,0.2297012656927108,48.812200553946894,0.0099009900990099,0.0740265925065373,66.22785609651669,0.1045130267739296,0.0648648648648648,0.9351351351351352,3.264728784561157,0.0891334414482116,0.0274919380683411,"RPS4X,CNIH4,DDIT3,PMM1,HINT1,HSPA8,MRPS26,TPRKB,MTRNR2L12,ARF4,TSPYL2,OSGIN2,HTATIP2,SARNP,NUDC","RPL12,SNRPD2,RBFOX2,RPL22,EEF1B2,TIMP1,ARPC3,H3F3B,AKR1C2,UBA52,B2M,ZFAS1,LITAF,RPL37,RPS2",False,61.93199516052642,0.0099009900990099,73,0.7902911305427551,0.0142916440963745,0.0038043069653213,0.2154096215963363,0.89
zel031_a549,bb1,BB_0632771620,47,1,0.5416582226753235,56.015881557384986,0.0099009900990099,0.1308053494481382,66.42415057874926,0.3649685382843017,0.0714285714285714,0.9285714285714286,6.11660623550415,0.1074549034237861,0.0472171153733056,"FP236383.3,PEG10,TM4SF1,RPL15,MT-ATP6,MALAT1,ATP5ME,TMSB10,KLF6,ZFAND5,FGFR1,ACP1,FAM177A1,TKT,RPS8","AGR2,TMSB4X,NDUFA4,CRIP1,COX6C,TM4SF20,RPL38,DDIT4,RPL36AL,COX6A1,RPS27A,LINC00486,EEF1A1,CCPG1,RPS29",False,61.67956839455289,0.0099009900990099,74,0.829880952835083,-0.0698180198669433,-0.0520785339176654,0.6114762425422668,1.0
zel031_a549,bb0,BB_0411191628,75,1,0.484838992357254,111.37499073087086,0.0099009900990099,0.110331587414007,68.3382160181384,0.5420905351638794,0.1,0.9,4.545407295227051,0.1038669124245643,-0.0529247285983255,"MESD,DAD1,IGFBP1,PDIA3,ZNRD2,ITM2B,ATP6AP2,C16orf95,NDUFS8,CDC123,AIMP1,SYF2,MRPL33,EIF2S3,AOPEP","MT-ND4,MT-CO2,NME2,KRT7,DHFR,NQO1,SNHG32,MT-ND1,SQSTM1,ATP5F1E,RPL35,RPL23A,CD63,SLC25A5,RPL18",False,61.50439441632456,0.0099009900990099,75,0.8194932341575623,0.084411010146141,0.0797291174530983,0.400427982211113,1.0
zel031_a549,bb0,BB_8837345358,84,1,0.5745179653167725,113.54392005089684,0.0099009900990099,0.0959856412355085,66.43556721146294,0.835984468460083,0.075268817204301,0.9247311827956988,6.424073696136475,0.070713460445404,0.2075514618778648,"AGR2,AKR1C3,FN1,DHFR,TM4SF4,UQCRH,EEF1B2,EEF1G,TALDO1,HSP90AB1,UPK1B,EIF5,PDIA4,HSPA5,RAB10","UBE2V2,H2AFZ,RPL26,HOXB7,MRPL51,PFDN6,TPRKB,DCXR,SNRPE,MRPL36,CHMP4B,UQCC2,GADD45B,SF3B6,C15orf61",False,61.43504064715928,0.0099009900990099,76,0.8776928186416626,0.5885087847709656,0.0145656205713748,-0.0139908194541931,0.41
zel031_a549,bb1,BB_0435703887,75,1,0.3310561180114746,61.75018340637999,0.0099009900990099,0.0769072947216418,68.07150663571022,0.1762279868125915,0.1005586592178771,0.8994413407821229,3.9665563106536874,0.1070553585886955,0.0804086047350077,"MALAT1,CCT4,DHFR,EEF1B2,MT-CO2,OAZ1,RSL24D1,NUCB2,TGFBI,AKR1B10,MT-ND2,ASPH,EIF3A,RPN1,PRAME","NME2,RPS27A,RPL37,SERF2,RPL28,HSP90AA1,TNPO1,RPL13A,AGR2,ATP5F1E,PTGR1,IGFBP3,SEC11C,LDHB,RPS21",False,61.22632719748238,0.0099009900990099,77,0.8329325318336487,0.0133041469380259,-0.0276361145079135,0.3177519710734486,1.0
zel031_a549,bb0,BB_9826256151,58,1,0.7677394151687622,126.62105422043174,0.0099009900990099,0.1452183878782869,66.63050862516114,0.7169530987739563,0.0824175824175824,0.9175824175824177,7.940930843353271,0.0769713297486305,-0.2099362228511991,"NDUFA1,RPS15,MICU1,COPS6,NDUFA13,RPS14,RPL15,RPS18,S100A11,OSGIN2,CYB5A,LGMN,ATP5PF,LSM5,COMMD3","MT-CYB,MT-CO2,RPL28,EIF1,RPLP2,RPL13A,MTHFD2,UCHL1,FP236383.3,SERP1,RPL3,HSPB1,HSPD1,MT-ND1,EIF3E",False,61.13898318902148,0.0099009900990099,78,0.7942845821380615,0.4096556901931762,0.3522443771362304,0.3580837249755859,0.99
zel031_a549,bb0,BB_4786736629,73,1,0.6329019665718079,90.89506581374296,0.0099009900990099,0.0968353995820258,66.67891480657985,0.6363076567649841,0.0847457627118644,0.9152542372881356,5.844184875488281,0.0948802232742309,-0.1667146829362251,"C19orf33,HSPA5,RPL37A,NME2,RPS24,ZNHIT1,SLC3A2,ELOC,HNRNPH3,ANXA1,ANAPC11,CFL1,SERP1,CLU,ACTB","MT-CO3,RPS27,ZFAS1,FP236383.3,GAS5,DHFR,FN1,ANXA5,MT-CYB,SPX,RPS29,RPL24,MT-ND2,TMSB10,RPL35",False,61.02815931449682,0.0099009900990099,79,0.7822718024253845,0.1526128053665161,0.0337311625480651,0.4802891612052917,1.0
zel031_a549,bb0,BB_2098913133,46,1,0.739054799079895,66.42616454127801,0.0099009900990099,0.1703013930018764,68.34943503813018,0.6566861271858215,0.1117318435754189,0.888268156424581,7.585240840911865,0.1062771454453468,-0.0952435691780356,"POLR2L,MRPL32,FAM162A,RPLP1,SCD,SELENOH,CMAS,LAMTOR5,RPL14,SNRPD1,TM4SF1,UQCR10,PDHA1,GLRX,PLEKHA7","TKT,AGR2,MALAT1,PPIA,NCL,HSP90B1,GSTP1,ACTG1,KRT18,RPL5,FP236383.3,LINC00486,ALDH3A2,FTL,RPS6",False,60.71262665398156,0.0099009900990099,80,0.7856797575950623,0.0085414350032806,0.013672343455255,0.7305133640766144,1.0
zel031_a549,bb1,BB_9829174648,12,1,0.9351415038108826,33.66933138235517,0.0099009900990099,0.4820823368336786,68.77363566982108,0.7434810400009155,0.1186440677966101,0.8813559322033898,19.68734741210937,0.1343161612749099,-0.3995913952649922,"CIRBP,ACADVL,ST6GAL2,SCD,CCDC47,ERRFI1,CEBPG,CSNK2A2,GALNT7,ADM,SPTBN1,USP34,MT-ND3,AC135178.4,BHLHE40","RPS23,RPS29,RPLP1,RPL27,TPT1,RPL7,RPL35,C19orf33,RPS13,MIF,RPL37A,ATP5MD,SNHG29,RPL3,RPL15",False,60.614051776791456,0.0099009900990099,81,0.8227142691612244,-0.1039385423064231,-0.1611925959587097,1.0390800461173058,1.0
zel031_a549,bb0,BB_5395206777,76,1,0.5768622756004333,98.3373124981238,0.0099009900990099,0.093116066930709,68.10161335459173,0.8102867007255554,0.1111111111111111,0.8888888888888888,6.106284141540527,0.0831952765583992,0.1661980784192183,"FP236383.3,MT-ND1,P4HB,SNHG29,AGR2,IGFBP3,ATP5ME,PDIA6,COX5B,NARS,KRT7,MGST1,UBB,PSAP,TIMP1","PLA2G4A,POMP,CREM,AAGAB,CAPZB,HMGN1,AURKAIP1,SCRN1,C19orf33,RPL26L1,MTCH2,PSMC3,CCND1,DNAJC7,CFB",False,60.53476742630376,0.0099009900990099,82,0.779349148273468,-0.1642997115850448,-0.056867815554142,0.7411619871854782,1.0
zel031_a549,bb0,BB_3658207420,81,1,0.5946447849273682,92.68255950065534,0.0099009900990099,0.1022798310199071,65.86796595652059,0.8288809657096863,0.081081081081081,0.9189189189189187,6.475655555725098,0.0664851740002632,0.1930011973276003,"RPL30,UCHL1,RBIS,TM4SF20,HINT1,VIM,MT-CYB,KRT10,SSR4,SPX,TKT,RBFOX2,AGR2,KRT18,PCBP1","RPS14,RPS6,IGFBP1,ADH5,RHOA,ATP6V0E1,CAPN2,FDPS,BTF3,SPATA7,CAPZB,RPS5,C19orf33,SAT1,AC090204.1",False,60.52732006815405,0.0099009900990099,83,0.8667524456977844,0.4805629849433899,0.0305599588900804,0.1140817999839782,0.77
zel031_a549,bb0,BB_7895185222,79,1,0.3523925542831421,62.64202299041508,0.0099009900990099,0.0700990102750145,65.04079665741213,0.3968521058559418,0.0702702702702702,0.9297297297297298,3.55717134475708,0.1018869429826736,0.0814212629628559,"RPS29,MT-ND1,CRIP1,RPS15,GCLC,RPS4X,CHCHD10,FP236383.3,RPS23,CISD2,SERP1,MT-CYB,RPL38,RPS17,ARPC3","LDHB,CBX3,RPS2,HSP90AA1,SPX,NFE2L1,CAPNS1,RPS19,CTSA,SLC22A18,RPS14,RPL5,SNRNP70,DHFR,NORAD",False,60.470362297702096,0.0099009900990099,84,0.7983169555664062,-0.0153380474075675,-0.0375799387693405,0.3677306016907096,0.99
zel031_a549,bb1,BB_4831254958,98,1,0.2269702702760696,42.88279660891163,0.0099009900990099,0.0632599595251458,64.95015714609528,0.2255710363388061,0.0710382513661202,0.9289617486338798,3.144848108291626,0.097158707678318,0.0289800333064363,"PDK4,PALLD,RPL3,ITM2B,EIF2S2,MTCH1,PSMB6,TSG101,EDF1,FTL,TXN,DDX5,TPRKB,RPL17,AKR1C3","EIF4A2,FN1,MT-CO3,MT-CO2,RPS11,NEAT1,LDHB,MT-ND1,ZFAS1,TM9SF2,RBFOX2,MIF,PSAP,MT-ND2,TOMM7",False,60.33621155648196,0.0099009900990099,85,0.74217289686203,0.0838002040982246,0.0051923785358667,0.143170066177845,0.73
zel031_a549,bb1,BB_6112128578,100,1,0.4993770718574524,115.77922661608568,0.0099009900990099,0.1076936174469343,65.47459382844931,0.7658502459526062,0.0828729281767955,0.9171270718232044,6.191275596618652,0.0920663103461265,-0.2295913952649922,"AGR2,SLC38A2,NETO2,DHFR,S100A6,STOM,GCLM,PPP2R5C,MT-CO1,FSCN1,MRPS12,DSTN,AL138963.4,MT-ND2,EWSR1","RPL7A,RPL7,LINC00486,RPLP0,CALM2,HINT1,RPL36AL,TM4SF1,RPS2,NDUFS8,RPS24,EEF1G,RPS27A,RPS17,RPL35A",False,60.04852251669937,0.0099009900990099,86,0.8419241309165955,0.1784280389547348,0.0711189657449722,0.3209490329027176,1.0
zel031_a549,bb1,BB_3829381442,73,1,0.4200174808502197,56.37833546099784,0.0099009900990099,0.1175507018378732,66.62710784452304,0.4697519838809967,0.1,0.9,4.811414241790772,0.1266788989305496,-0.070824271977321,"MALAT1,MT-CO2,ITGB1,EIF4A1,RAB5A,SCD,UBE2Q1,HNRNPF,CD24,PRELID1,CA12,EIF4A2,IST1,DLST,ACBD5","AKR1B10,RPS25,NACA,AKR1C2,RPS7,RPS27A,RPL37,ERP29,RPLP2,RPL36,RPL38,RPL10,RPS15A,RPL41,SNRPG",False,59.96439706007074,0.0099009900990099,87,0.7885640263557434,0.1211593896150589,0.0622264146804809,0.2988580912351608,1.0
zel031_a549,bb0,BB_5057101192,72,1,0.4356312155723572,75.91425906569053,0.0099009900990099,0.1067322223739416,65.33837701965905,0.1605349034070968,0.0824175824175824,0.9175824175824177,3.96097469329834,0.0929713174700737,-0.0245913952649922,"NTS,ANP32B,TMED2,EMC7,CD24,HSD17B11,TMBIM1,LAPTM4B,SF3B6,C19orf33,TRAM1,SRP72,EGLN1,MALAT1,LDHA","RPL30,EIF1,RPL37,RPL23A,TMSB10,UCHL1,CSDE1,S100A11,PDCD5,RPS27L,MT-ND5,SLC25A5,MT-CO3,ANXA5,MTHFD2",False,59.95334594661022,0.0099009900990099,88,0.810748815536499,0.000842782028485,0.0118388291448354,0.4347884335438721,1.0
zel031_a549,bb0,BB_4880174412,16,1,0.9061106443405152,28.84294568555187,0.0099009900990099,0.2408117744946873,65.3432716546244,0.4667122662067413,0.0837988826815642,0.9162011173184358,11.9912691116333,0.0966110378503799,-0.2745913952649922,"RPL36,UCHL1,AREG,UBA52,TNFRSF10B,TRMT112,RPL10,SMIM26,MRPL38,ACSL3,PSMA3,SURF4,PDIA6,RPA3,DHFR","NACA,RPS4X,MGST1,ENO1,AKR1B10,PTMA,RPL21,MT-CYB,APP,EEF1B2,IGFBP4,TM4SF4,HSPD1,RPL4,MIF",False,59.86757849920895,0.0099009900990099,89,0.820822536945343,0.1726530492305755,0.1114441901445388,0.7334575951099396,1.0
zel031_a549,bb1,BB_7882633117,106,1,0.2458192110061645,51.25444501325198,0.0099009900990099,0.0520469913644909,63.9726484914313,0.4710740149021148,0.0652173913043478,0.9347826086956522,3.559025526046753,0.0898077636957168,0.0909746424708568,"COX6A1,CLIC1,MT-CO1,NDUFB9,RBFOX2,FGL1,ENY2,PSAP,EIF3E,NCL,ANXA5,RPS25,ITGB1,EEF2,ATP5ME","SNHG29,RPS7,IGFBP1,EIF4A1,S100A11,LINC00486,GSTP1,UQCR10,RPL37,RPL27,NUCB2,AKR1B10,ZNHIT3,APTX,NPM1",False,59.80051924199013,0.0099009900990099,90,0.7807949781417847,-0.0390579551458358,0.0088476371020078,0.2848771661520004,0.98
zel031_a549,bb0,BB_3103020399,83,1,0.7714295387268066,149.48779535829303,0.0099009900990099,0.0881880022100948,72.98875374688049,0.9202009439468384,0.1834319526627219,0.8165680473372781,9.998082160949709,0.0797053426504135,0.3473965565422366,"FP236383.3,MALAT1,LINC00486,MT-ND2,MT-ND4,DHFR,FN1,MT-ATP6,MT-ND1,MTRNR2L12,MT-ND5,MT-CYB,MT-CO1,MT-CO3,PABPC1","RPS19,AC244102.4,RPL26,C16orf95,C19orf33,NDUFS8,SCOC,ASPHD1,SDF2,HMGN3,RIDA,IFT27,RPL19,HPRT1,RPS12",False,59.60028412467164,0.0099009900990099,91,0.797482967376709,-0.0717778131365776,0.041756946593523,0.8432073518633842,1.0
zel031_a549,bb0,BB_5346990642,23,1,0.8869737386703491,54.87216490176438,0.0099009900990099,0.2221790092539516,68.35079003243496,0.6064022183418274,0.1306818181818181,0.8693181818181819,11.602636337280272,0.1061892807483673,-0.1822000909171661,"ATP5F1E,SLC35F1,RPL15,EIF4EBP1,TIMP1,BMERB1,HSBP1,SSR3,RPS21,RPS14,RPL30,NTS,EEF1D,SELENOK,COX4I1","VIM,ASPH,HSP90AB1,FN1,MALAT1,MT-ND4,LINC00486,VDAC2,MT-ND2,TM4SF4,PKM,HSPA9,CTSL,IGFBP4,FP236383.3",False,59.41858451683267,0.0099009900990099,92,0.7628524899482727,-0.0075852083973586,-0.0299782119691371,0.8945589470677078,1.0
zel031_a549,bb0,BB_6216718420,81,1,0.5826536417007446,107.28688228755826,0.0099009900990099,0.1025354311573592,63.88446567138481,0.8126324415206909,0.0702702702702702,0.9297297297297298,6.028122425079346,0.0705124214291572,0.2300382343646374,"FGB,IGFBP3,ALDH3A1,S100A6,MTRNR2L12,MT-ND4,BLVRB,TAX1BP1,PSAP,MT-ND2,UPK1B,ANXA2,TXNRD1,FN1,ASPH","RPL37A,RPS13,RPS23,RPL7,RPL28,PPIA,SNRPD1,NDUFS4,RPL19,NQO1,SNHG17,TCEAL4,PFN1,TSR2,TIMM8B",False,59.3952870025848,0.0099009900990099,93,0.8187472820281982,-0.0910045877099037,-0.0406709164381027,0.6736582294106483,1.0
zel031_a549,bb0,BB_9402200891,71,1,0.4179827868938446,49.792974274670215,0.0099009900990099,0.1024254334581688,63.78914613376763,0.1342843025922775,0.0714285714285714,0.9285714285714286,3.89887285232544,0.0884426459670066,0.0511128300871204,"ATF4,NAP1L1,TM4SF1,MT-ND1,CDC25B,RAN,PFN1,UBA2,MRPL21,RPS11,PTMA,BLVRB,PRKCSH,PCBD1,AKR1B1","RPL27A,SQSTM1,OST4,RPL5,IGFBP1,RPS27L,EIF3A,PFDN5,MRPL51,RPL21,RPL24,ATP5MPL,HSPA5,EIF4A1,PON2",False,59.23277855278423,0.0099009900990099,94,0.8006874918937683,0.0069739697501063,-0.0101020149886608,0.4110088171437382,1.0
zel031_a549,bb0,BB_9448954666,76,1,0.6381509304046631,91.10963466750862,0.0099009900990099,0.1001373352058699,69.06944124387357,0.828223466873169,0.1428571428571428,0.8571428571428572,6.509279251098633,0.0893590673804283,0.2056717626297446,"MALAT1,FP236383.3,TXNRD1,MTUS1,ABCC2,FN1,HSPA5,HSP90B1,KRT8,ASPH,ATF4,VIM,PSAP,MT-ND4,SLC3A2","RPS14,HSPE1,RPS18,RPS29,COX6A1,RPL26,PRELID1,GSTP1,ATP5IF1,MIEN1,GSTO1,LAMTOR4,TMED4,MRPL13,RPL28",False,59.20237820903449,0.0099009900990099,95,0.7980774641036987,0.0315606109797954,-0.0677887201309204,0.6065903194248676,1.0
zel031_a549,bb0,BB_7395280737,75,1,0.5324143171310425,106.83501114038638,0.0099009900990099,0.1001646059581846,65.36423553344137,0.729557454586029,0.0994475138121546,0.9005524861878453,5.376523971557617,0.0948671847581863,0.1737419380683411,"MALAT1,MT-CYB,PABPC1,CLU,MT-ND1,MT-ND2,DHFR,YBX1,EIF3A,RPL24,S100A10,TM4SF4,EIF3E,RPS2,YWHAE","RPS23,RBM8A,ELOC,TFF1,NDUFB11,RPL27,RPS27A,RPS4X,NQO1,RPS29,SPCS2,DYNLL1,RPS12,ATP6V0E1,MRPL17",False,58.86392481740853,0.0099009900990099,96,0.8177578449249268,0.0711641088128089,0.0079968022182583,0.4612502083182335,1.0
zel031_a549,bb1,BB_5797976733,103,1,0.2338698655366897,46.73541713361788,0.0099009900990099,0.0685726718929801,63.98604239345361,0.2442418187856674,0.081081081081081,0.9189189189189187,3.1976218223571777,0.1096144989132881,-0.0112418807018854,"GNAS,H3F3B,KRT18,CSDE1,EIF5,HSPD1,RHEB,EIF2S2,PSMA2,EEF2,RAC1,CAPRIN1,HDLBP,ARF4,AKR1B10","TMA7,RPS21,PERP,RPS6KA3,RPS20,RPL36,SNHG25,RPS27,NDUFS4,RPS11,TXN,RPS15A,SNRPD2,KRTCAP2,ARPC3",False,58.7979849020925,0.0099009900990099,97,0.8337531089782715,-0.0136560555547475,-0.027760487049818,0.2475259210914373,0.96
zel031_a549,bb0,BB_6638598402,79,1,0.3676045536994934,85.11544070294109,0.0099009900990099,0.0834953557963762,63.03098040214933,0.1399011760950088,0.0706521739130434,0.9293478260869564,3.6282031536102295,0.1129801273345947,0.0814212629628559,"C19orf33,TKT,VDAC1,RPL10,HSPD1,NDUFA4,RPS13,GNG11,SNHG8,SPCS2,AKR1B1,PON2,EIF5,EIF3E,RNF130","RPL37A,RPS29,RPS5,UQCRQ,RPS21,ATP5MC3,RPL11,RPL38,GPX4,RPS12,UBA52,RPL7,SPTBN1,RPS20,RPL15",False,58.577704612867045,0.0099009900990099,98,0.8398447036743164,0.0897155851125717,0.0364821702241897,0.2778889685869217,1.0
zel031_a549,bb1,BB_9266277810,65,1,0.3553426861763,44.09169136642954,0.0099009900990099,0.0753234526256342,64.09885525560047,0.2088121771812439,0.0883977900552486,0.9116022099447514,4.274872303009033,0.0925419777631759,0.0157932201196231,"RPL37A,KPNB1,SNHG6,EIF1,S100A11,RPS8,AC135178.4,MT-CO2,RPL4,TMEM147,SNHG32,CRIP1,RPL13A,SARAF,OST4","MALAT1,RPL5,HSPA5,MLPH,CD44,RPL35A,UGDH,PDIA6,H3F3B,TBCA,SRP14,CALM2,AGR2,NONO,AKR1C3",False,58.43265810593413,0.0099009900990099,99,0.7744100689888,0.0439210683107376,0.0169122498482465,0.3114216178655624,0.99
zel031_a549,bb0,BB_7951635412,63,1,0.661465585231781,85.4530475541241,0.0099009900990099,0.1229142987687608,67.25821829633435,0.6001170873641968,0.1314285714285714,0.8685714285714285,5.914109706878662,0.1266915202140808,-0.1138771095507065,"CSKMT,TMSB10,MTCH1,PHPT1,GSTP1,RPS9,AC078923.1,NDUFA3,S100A6,POLR2L,RPS4X,TNFRSF12A,CNIH4,COMMD6,RPS5","MALAT1,LINC00486,MT-ND1,PABPC1,RPL36AL,FP236383.3,HSP90AB1,VIM,MT-CYB,ANXA1,IGFBP4,ITGB1,CFH,PPIA,IGFBP3",False,58.41856674881612,0.0099009900990099,100,0.8020142316818237,-0.0639773905277252,-0.053974226117134,0.7254429757595062,1.0
zel031_a549,bb0,BB_6717751565,83,1,0.3486447930335998,67.63935616904087,0.0099009900990099,0.0885521542633052,63.18856320520349,0.1649356484413147,0.0765027322404371,0.9234972677595628,3.487264394760132,0.1033524051308631,-0.0260974193613777,"ACADVL,IGFBP1,HERPUD1,AMIGO2,ALDH3A1,TM4SF20,MALAT1,AKR1C3,IMPDH2,RTN4,LAPTM4A,MDM2,EPHX1,ZFAS1,MMADHC","RPLP2,COX6B1,FAU,RPL36,OST4,ANXA2,SLC25A6,RPL28,GSTP1,RPL34,HSPA8,COX4I1,MIF,RPL22,CRIP1",False,58.35446547365787,0.0099009900990099,101,0.8048115968704224,0.0096716163679957,-0.000512320024427,0.3389731766656041,1.0
zel031_a549,bb0,BB_6850452955,73,1,0.3981511294841766,58.95851113181682,0.0099009900990099,0.0893632466481672,63.64405743920807,0.3628396093845367,0.0837988826815642,0.9162011173184358,3.793544054031372,0.0939491987228393,0.0387647691185694,"LINC00486,MT-ND1,MT-ATP6,MT-CYB,AC114956.3,RPL13A,RPS23,FTL,KRT7,C1orf43,SNX3,PPIB,SOD1,PDAP1,HSBP1","RPS13,S100A6,COX6B1,IGFBP1,RPL21,RPL24,ATP5F1E,UBA52,VIM,BLVRB,UBC,RPL28,MYL12B,B2M,C19orf33",False,58.310756536481136,0.0099009900990099,102,0.8406248688697815,0.0529426708817482,0.16852368414402,0.3452084586024284,0.99
zel031_a549,bb0,BB_7271426626,80,1,0.7021263241767883,180.50050395051736,0.0099009900990099,0.1041264884061995,68.5462643843779,0.8860120177268982,0.1494252873563218,0.8505747126436781,8.189230918884277,0.084839753806591,0.3129086047350078,"LINC00486,FP236383.3,FN1,MT-ND2,MT-ND4,MT-CYB,RPL14,ACTG1,MT-ATP6,MTRNR2L12,VIM,PTGR1,RPS2,AKR1C1,COX7C","RPS19,RPS14,IGFBP1,C16orf95,AC244102.4,ACY1,CFD,IKBKG,NOL3,ZFAND6,SSU72,ALG5,SQOR,ACAT2,PBDC1",False,58.30371913153983,0.0099009900990099,103,0.8442001342773438,0.3379318714141845,-0.0538715422153472,0.3641944527626037,1.0
zel031_a549,bb1,BB_4330525650,97,1,0.3567070662975311,65.22840501307682,0.0099009900990099,0.076867469647564,62.404805839661165,0.6598451137542725,0.0659340659340659,0.934065934065934,4.677839756011963,0.0880238339304924,-0.0903130447495282,"SEM1,GTF2A2,LY6E,CYC1,TPD52L2,MID1,PCK2,CTSA,ETNK1,CALM2,SRI,LSM7,SNRPC,TPD52,MPHOSPH10","HSPA5,RPL35A,PFN1,G6PD,RPL30,PDIA4,RPS8,FP236383.3,ANXA5,DHFR,SKP1,KRT8,TM4SF20,RPL36,HSPA8",False,58.290203256826366,0.0099009900990099,104,0.7821155786514282,-0.075134091079235,-0.0381583273410797,0.4318411573767662,1.0
zel031_a549,bb0,BB_0337694424,23,1,0.8956018686294556,45.55030845576511,0.0099009900990099,0.2448807543083945,67.15471999749822,0.6325315833091736,0.1363636363636363,0.8636363636363636,11.332086563110352,0.1249169260263443,-0.1822000909171661,"RACK1,FAU,EMC7,LGALS1,RPLP0,CHCHD2,RPL29,S100A6,TPRKB,RPL13A,RPS17,GLRX5,RPS29,COMMD6,KRTCAP2","MALAT1,TKT,TM4SF20,ANXA1,HSP90AB1,ALDH1A1,RPL7,MT-CO1,RPL28,PGD,ALDH3A2,IGFBP4,FN1,RPL12,ASPH",False,57.99725817965756,0.0099009900990099,105,0.7871838212013245,0.2499787360429763,0.2324694246053695,0.6456231325864792,1.0
zel031_a549,bb1,BB_5090328094,96,1,0.3910755217075348,96.08089318352512,0.0099009900990099,0.0861222465016346,65.75149074996399,0.6405864953994751,0.1179775280898876,0.8820224719101124,5.146629810333252,0.0864230319857597,-0.0350080619316588,"RPL27A,RPS18,RPL7A,RPL37,RPL7,PFDN5,RPS23,RPL23,NPM1,ZNF655,TFF1,ZFAS1,IRAK1,TAF10,ATP5MPL","AKR1C1,AGR2,COX6C,RPL38,AKR1C2,LINC00486,TMSB4X,ITGB1,SPCS2,EIF2S3,SNHG29,TMED2,ATP5F1E,FN1,MALAT1",False,57.99429240305813,0.0099009900990099,106,0.8456900119781494,-0.1242550015449523,-0.0166522189974784,0.5153305232524872,1.0
zel031_a549,bb0,BB_6232717361,78,1,0.4308218657970428,61.25722850336347,0.0099009900990099,0.0971894965382875,62.68639719476136,0.5438807010650635,0.0765027322404371,0.9234972677595628,4.114650249481201,0.0921190157532692,0.1004086047350077,"TMSB4X,HSP90B1,TRIB3,PTGR1,SNHG6,ALDH3A2,CDC42,IGFBP4,BLVRB,PMM1,C1QBP,SSR4,GARS,AKR1B1,MALAT1","RPS13,SLIRP,RPL18,ATP5MD,CRIP1,COX7A2,UQCRQ,RPLP2,TXNDC17,NDUFB9,COX6B1,SNHG5,RPL23,SF3B5,RPS19",False,57.890716535052846,0.0099009900990099,107,0.809998095035553,0.1026935502886772,0.0245022606104612,0.3281283155083656,1.0
zel031_a549,bb0,BB_8457947906,73,1,0.4138315916061401,62.23710779098069,0.0099009900990099,0.105233150224404,64.54122551257574,0.2417365610599517,0.1067415730337078,0.8932584269662921,3.897275686264038,0.1167325228452682,0.0387647691185694,"MALAT1,ATP1B1,RPSA,SAT1,TAF1D,USO1,CFL1,ANP32B,SERPINE2,SQSTM1,HSPA8,NAP1L1,CLK1,SSR3,HSP90AA1","COX6A1,DSTN,RPLP0,MT-CO3,RPL41,RPS21,RPL35,TMEM258,CD63,MT-ND1,ERLEC1,RPS27,RAC1,ANAPC11,EIF4EBP1",False,57.65199357584012,0.0099009900990099,108,0.8101140260696411,-0.0343698635697364,-0.0147145828232169,0.4482014551758766,1.0
zel031_a549,bb0,BB_2121738513,73,1,0.3934331238269806,55.39377830944732,0.0099009900990099,0.0862169451746384,61.749671274915215,0.1853705644607544,0.0670391061452514,0.9329608938547486,3.6824755668640137,0.0853514820337295,-0.029728381566362,"SNRPG,SEC62,RPL29,NDRG1,NAP1L1,CFH,YBX1,GSTP1,TBCB,UQCRB,FGG,SERP1,ZNF706,CHMP2A,MCFD2","RPS9,ZFAS1,SNRPD2,RPS27,HSP90B1,RPS17,SNHG29,RPS15A,TAF1D,PSAP,RPL19,CALR,RPL13A,HTATIP2,VIM",False,57.61002850788179,0.0099009900990099,109,0.827484667301178,0.036499835550785,0.0158959217369556,0.3569332882761955,1.0
zel031_a549,bb0,BB_8828235800,76,1,0.3907660543918609,83.60530469235903,0.0099009900990099,0.0921915192166527,61.90495764180751,0.3891204297542572,0.0702702702702702,0.9297297297297298,3.793867588043213,0.108117401599884,-0.0706440268439395,"H2AFZ,NACA,RPS2,PFN1,TMSB10,RPL36,ADRM1,C1orf43,IDI1,EMC2,SNHG31,UQCRB,SRP54,ITGB1,PPIB","ANXA2,AGR2,HSPA5,LINC00486,H3F3B,PGD,SOD1,MT-CO1,SRXN1,MORF4L1,ANXA1,HNRNPDL,SNHG29,PTGR1,RPL24",False,57.55487953724806,0.0099009900990099,110,0.7968116998672485,0.059846431016922,-0.0245135873556137,0.3309196233749389,1.0
zel031_a549,bb0,BB_6202735893,73,1,0.4271584749221802,55.10073655383231,0.0099009900990099,0.0834068964109397,62.22859594616475,0.2736380100250244,0.0769230769230769,0.9230769230769232,4.066110134124756,0.0900211036205291,0.0250661389815831,"RPS11,FP236383.3,RPL37A,EIF4G2,P4HB,VIM,RPL27,RPS21,SNRPD2,RPL28,DDIT4,PERP,HLA-E,BEST1,RPS25","MT-CO2,TM4SF1,CFH,KRT18,C1QBP,MRPL13,PFN1,BUD23,NQO1,RPL39,ATP5PF,KYNU,HNRNPU,MALAT1,SNRPG",False,57.44178087338285,0.0099009900990099,111,0.7645554542541504,0.0296203605830669,0.0203835684806108,0.3975381143391132,1.0
zel031_a549,bb0,BB_0057422963,66,1,0.5295277833938599,96.65747240442724,0.0099009900990099,0.095532292840162,62.58966532970742,0.5791116952896118,0.0824175824175824,0.9175824175824177,5.09199857711792,0.0889185741543769,-0.1420156376892346,"TBCA,KRT81,C1orf122,RPS14,NDUFS8,RPL35,BNIP3,DMAC1,RPS9,UBE2V1,NDUFB9,ERP29,EIF3D,EIF3G,RPL29","UBB,ENO1,MT-ND1,RPL36AL,RPS15A,MT-CO1,DDIT3,EIF5,EIF4A1,CNBP,RPSA,MT-CYB,SEM1,AKR1B1,ARPC3",False,57.43117642890736,0.0099009900990099,112,0.8200558423995972,0.0345019064843654,0.0216121077537536,0.4950258769094944,1.0
zel031_a549,bb0,BB_6068264633,50,1,0.8111692070960999,85.54291351410986,0.0099009900990099,0.1536142270890527,65.41352745477462,0.7142471075057983,0.1306818181818181,0.8693181818181819,8.673864364624023,0.0973904952406883,-0.1995913952649922,"RPS29,RPL31,SNHG6,GSTO1,FUNDC2,RAB34,EIF3H,RPL36,LGALS1,RNF5,CKLF,RPS8,PMM1,ARMCX6,PPA2","MALAT1,MT-CYB,TXNRD1,IGFBP4,SLC3A2,RPL11,TM4SF1,RPS4X,NCL,UBB,RPL5,VIM,KRT8,HSP90AB1,MT-ND2",False,56.8651687532984,0.0099009900990099,113,0.7719788551330566,0.432168036699295,0.1909311711788177,0.3790011703968048,1.0
zel031_a549,bb0,BB_9173064485,79,1,0.395788311958313,71.57182785027318,0.0099009900990099,0.0878534402630717,62.17091851643451,0.5756704211235046,0.0883977900552486,0.9116022099447514,4.093786239624023,0.085185170173645,0.0687630351147546,"PTMA,RPL3,HPGD,CANX,RPL36AL,C16orf95,COX8A,FP236383.3,ANAPC16,PON2,PIN4,METAP2,TM4SF20,RPS6KA3,ARRB2","RPS27,ZFAS1,CST3,RPL7,C19orf33,RPL22L1,EMC7,FAM153CP,RPS19,ATP5ME,RPS21,AC114956.3,RPS28,VPS29,RPL31",False,56.67514671387677,0.0099009900990099,114,0.7824530601501465,0.2252472341060638,0.0824799239635467,0.1705410778522491,0.86
zel031_a549,bb1,BB_0923458751,104,1,0.3647031188011169,62.22949182532263,0.0099009900990099,0.0705832387384383,60.5280523169483,0.619214653968811,0.0652173913043478,0.9347826086956522,4.6394453048706055,0.0670815110206604,-0.130360626034223,"RPS15A,MT-CYB,NQO1,DCDC1,RPS23,CFAP36,SETD7,GSTP1,HHEX,NTS,GNG5,AKR1C3,DCTN3,MTX2,TFPI","HSPB1,G6PD,HSPA8,SLIRP,PDK4,RPL35,PPIA,UPK1B,ATP5MC2,TXNRD1,EIF3K,BTG1,PARK7,PSMB6,NEAT1",False,56.58057064410384,0.0099009900990099,115,0.8266077637672424,-0.2095744311809539,-0.0847135782241821,0.5742775499820709,1.0
zel031_a549,bb1,BB_9076436922,79,1,0.3810711801052093,74.70755038273148,0.0099009900990099,0.1142149784781562,65.49374937240772,0.2943757772445678,0.1371428571428571,0.8628571428571429,4.356351375579834,0.1252515763044357,0.1193959465071596,"MALAT1,VIM,MAGED2,EIF2S3,MT-ND4,EIF4A2,TRNP1,PCBP2,TNPO1,FADS1,TGFBI,PPP3CA,BTG1,FAM50A,ACTB","PTMA,RPL37A,RPL39,RPL30,HINT1,RBFOX2,RPS25,COX6A1,RPS29,COX4I1,RPL29,RPS19,RPS9,BLVRB,RPLP1",True,56.51174945847752,0.0099009900990099,116,0.7818958163261414,-0.093951016664505,-0.0035917346831411,0.4750221967697143,1.0
zel031_a549,bb0,BB_2661424130,72,1,0.3931455016136169,70.33859946766877,0.0099009900990099,0.0811906716635689,62.06016192306343,0.2661217451095581,0.0944444444444444,0.9055555555555556,3.760658264160156,0.1101718321442604,-0.05236917304277,"PTGR1,APP,NQO1,MALAT1,HSP90AB1,MT-ND2,EEF2,ITGB1,LINC00486,CLU,EEF1A2,PSAP,ALDH3A1,UPK1B,HNRNPK","RPL37A,PRDX1,RBFOX2,RPS3,RPSA,RPL27A,SNHG5,MYL12B,RPL10A,RPL38,ATP5F1E,RPS27,TPT1,AGR2,NDUFAF8",False,56.19892440810744,0.0099009900990099,117,0.8310884833335876,0.0276953559368848,0.1358398199081421,0.365450145676732,1.0
zel031_a549,bb1,BB_2172915349,26,1,0.8856998682022095,47.01256795896778,0.0099009900990099,0.2495241604693544,66.38127130388993,0.7537695169448853,0.1560693641618497,0.8439306358381503,13.338038444519045,0.0990010723471641,-0.3226683183419153,"SERF2,RPS29,RPL18,RPL41,S100A6,RPS25,CIAO2A,RPS27A,TUBB4B,DDT,RPL18A,USP53,MRPL51,UTP18,TPT1","LINC00486,IGFBP1,NACA,MALAT1,HSP90B1,UBC,SNHG5,C19orf33,EEF2,HSPD1,SLC3A2,RPL3,KYNU,GAPDH,RPL4",False,56.021188499236594,0.0099009900990099,118,0.7847985029220581,0.0421289429068565,0.0147384265437722,0.8435709252953529,1.0
zel031_a549,bb1,BB_0220556237,86,1,0.2995035052299499,53.33538758619497,0.0099009900990099,0.0875982588958532,63.05107267490805,0.4290152490139007,0.1117318435754189,0.888268156424581,3.8725953102111816,0.1097389534115791,-0.0274983720091782,"DKK1,PDK4,TFPI,TATDN1,PSMB1,C5,SNHG6,NDUFS2,CLIC1,PMP22,HSP90B1,PSAP,PABPC1,HIBADH,SERPINE2","RACK1,RPS29,NPM1,RPL12,PPIB,RPS21,RPL37A,MT-ND1,RPL8,RPLP1,ZFAS1,DDIT4,RPL7,RPS19,ATP5ME",False,56.00626008553285,0.0099009900990099,119,0.7993990182876587,0.0856527835130691,0.0331690609455108,0.2138507217168808,0.93
zel031_a549,bb1,BB_6472566515,106,1,0.2106855064630508,55.06036716442844,0.0099009900990099,0.0526185325108831,60.75462781476706,0.1550395190715789,0.0786516853932584,0.9213483146067416,2.9953830242156982,0.1106098070740699,0.0249369066218002,"LINC00486,AGR2,RPL7,RPS11,BTF3,RPS3A,RPL36,RSL24D1,SNX6,SERF2,SARS,RPS17,RPS27A,SSR4,SF3B6","MT-CO2,MT-ATP6,S100A10,EEF2,ADI1,DHFR,DSTN,MALAT1,LMO7,YWHAB,GSTP1,TPI1,ABCC2,TALDO1,DYNC1H1",False,55.9761739416955,0.0099009900990099,120,0.7842250466346741,0.0038315856363624,0.0240518152713775,0.2068539208266884,0.9
zel031_a549,bb0,BB_4817413158,55,1,0.8407154083251953,101.8999586253805,0.0099009900990099,0.1836393528061399,65.40480733227628,0.7711392045021057,0.1502890173410404,0.8497109826589595,9.663922309875488,0.0933212116360664,-0.2177732134468104,"RPS14,COX7A2,ATP5ME,RPS19,RABAC1,SVIP,MCTS1,COMMD4,MTHFS,NDUFA4,NTS,NUDT9,H2AFV,S100A6,TTC1","MALAT1,FP236383.3,LINC00486,P4HB,HSP90B1,EEF2,RPL4,FN1,HSPD1,BTF3,EIF4A1,KRT7,LAPTM4A,RPL6,TKT",False,55.57518310892839,0.0099009900990099,121,0.8018577694892883,0.1330810487270355,0.395763486623764,0.7076343595981598,1.0
zel031_a549,bb0,BB_3343534725,74,1,0.4240484833717346,58.82511785850514,0.0099009900990099,0.0692355506540679,60.94862097521964,0.4403553009033203,0.0888888888888888,0.9111111111111112,4.008571624755859,0.0790103152394294,-0.1022940979676949,"NTS,CALM2,RPL12,WDR43,MIF,RPL7A,DKK1,RAC1,CD63,ERP29,PSAP,C16orf95,ANXA1,PFDN5,LYPLAL1","MT-ND5,EIF3M,FP236383.3,DDIT4,S100A11,MT-CO2,PCBP1,IGFBP4,MT-ND4,DDX5,TGFBI,UCHL1,TDP2,TPI1,BNIP3",False,55.53096577742234,0.0099009900990099,122,0.8194816708564758,-0.1356299072504043,-0.1726024746894836,0.559678390622139,1.0
zel031_a549,bb0,BB_8867895298,76,1,0.3660079538822174,43.23015816217004,0.0099009900990099,0.0771092475372656,60.454654772332674,0.2470617294311523,0.081967213114754,0.918032786885246,3.5562472343444824,0.1083154529333114,0.0477770257876393,"ACTB,TM4SF20,ITGB1,VMP1,PGRMC2,KRT18,SRSF3,IGFBP3,TRAM1,PSMA1,LMNA,DKK1,SSR3,MT-ND4,PAPPA","RPL8,S100A11,RPL36AL,RPL30,ZNHIT1,RPS25,RPS27,UBC,S100A6,RPL10,RPS3A,RPS16,HINT1,PRDX5,AKR1B10",False,55.49935520083,0.0099009900990099,123,0.8419395685195923,-0.0480189099907875,0.024611409753561,0.4140268638730049,1.0
zel031_a549,bb1,BB_3050145525,94,1,0.4571669399738312,102.19513714321847,0.0099009900990099,0.0958235987662144,62.55331546767541,0.6951215267181396,0.1129943502824858,0.8870056497175142,5.6049981117248535,0.0834782794117927,-0.1017190548394603,"EEF1A1,MALAT1,CANX,PTGES3,ENO2,SPX,PHLDA3,ACBD3,PRMT2,PDIA3,METTL26,ILF3,SYNCRIP,VDAC2,PCED1A","RPL28,UQCRH,RPS15A,MIF,RPS13,RPL14,RPL24,ATP5MPL,RPL21,COX6A1,RPL32,RPS20,FAU,RPS27A,SLC35F1",False,55.48514422839005,0.0099009900990099,124,0.8383240699768066,-0.07783704996109,-0.033869694918394,0.5350039899349213,1.0
zel031_a549,bb0,BB_4392022717,69,1,0.569707453250885,85.85657758098972,0.0099009900990099,0.1124874009789092,60.079200697484765,0.5810309052467346,0.0765027322404371,0.9234972677595628,5.351393699645996,0.0955112278461456,-0.0807508155548473,"MT-CO2,SNHG5,EEF1A1,JPT1,RPL38,UBC,RPL27A,MRPS21,TMEM126B,SLIRP,KYNU,SNRPB2,PTGES3,DAP,PLP2","AGR2,KRT10,RPL36AL,ITGB1,RPL5,RPL24,RPL14,RPS25,RPS5,SQSTM1,SKP1,TXNRD1,NPM1,SNRPG,RPL8",False,55.48297769330561,0.0099009900990099,125,0.8500043153762817,0.3996442556381225,-0.1137382909655571,0.1700631976127624,0.9
zel031_a549,bb0,BB_6245000183,75,1,0.3530149161815643,70.34120296168352,0.0099009900990099,0.0767699456024131,60.445063143084525,0.1989335566759109,0.087431693989071,0.912568306010929,3.39016342163086,0.1074043214321136,0.0270752714016744,"TM4SF20,MT-CO1,HSPB1,TM4SF1,HSPD1,EIF2S3,ZNHIT3,EIF4A2,PCNP,EEF1A1,PAFAH1B1,DSTN,MALAT1,NONO,AKAP9","S100A6,MTHFD2,RPL37,RPL22L1,COX8A,TMSB4X,BEX3,RPS2,HSPE1,COX7A2,RPL37A,ATP5MC3,UBE2D3,PSMD7,RPL13",False,55.16024887920828,0.0099009900990099,126,0.7857062816619873,-0.0659801140427589,-0.0007998728542588,0.4189950302243233,1.0
zel031_a549,bb0,BB_9557658361,80,1,0.3399305045604706,60.722883431367705,0.0099009900990099,0.0640288907103438,60.46585683113628,0.2549170255661011,0.0888888888888888,0.9111111111111112,3.292675733566284,0.0870163962244987,-0.0745913952649922,"NTS,CIAO2B,RPS6,S100A4,CFB,BCAP31,DYNLL1,CCPG1,MCFD2,HSPB1,H2AFZ,MT-CO1,RDH10,SNRPG,CD63","BTF3,RPS24,LINC00486,TXN,SNHG1,CFL1,RPL37A,MT-CO3,ASPH,RPL23,SNHG29,RPL5,MT-ND5,MT-ND2,EIF2S2",False,55.09111400170194,0.0099009900990099,127,0.8096895217895508,0.1155940815806388,0.089746706187725,0.2243364229798317,0.96
zel031_a549,bb0,BB_5094248381,55,1,0.5546398758888245,92.30842289903046,0.0099009900990099,0.1311544000545249,60.3690147178161,0.3952879607677459,0.0879120879120879,0.912087912087912,5.075123310089111,0.1121667474508285,-0.0541368498104467,"CAPNS1,PDIA3,ITGB5,TOMM5,HPGD,MAGED2,RPS14,POLR1D,LACTB2,LDHA,DDIT3,ATP1B1,PDCD6,CST3,MYL6","RPL27A,RPLP2,RPL13,RPL23,TKT,RPS21,FTH1,FP236383.3,TUBB,HSPD1,RPL37A,MT-ND2,RPL13A,HNRNPA2B1,RPL12",False,55.06184858877732,0.0099009900990099,128,0.844154417514801,0.0089622978121042,0.0165020283311605,0.5456775780767202,1.0
zel031_a549,bb0,BB_5863299876,74,1,0.4135637879371643,73.2902428034475,0.0099009900990099,0.0923214655183612,60.32729592674429,0.2183945924043655,0.087431693989071,0.912568306010929,3.793581485748291,0.1078723073005676,0.0193275236539267,"UGDH,IGFBP4,UBC,RPS6KA3,ALDH1A1,HDLBP,RPL4,MALAT1,PDK4,MT-ATP6,ANXA1,ZNHIT3,TALDO1,SAT1,DHRS7","RPL12,EEF1B2,RPL19,RPLP1,RPL30,NDUFB9,ROMO1,RPL27A,RPL27,RPS17,COX6B1,ATP5MG,UQCRQ,RPS11,RPL36",False,55.05277825008905,0.0099009900990099,129,0.794941782951355,0.0364106856286525,0.055019911378622,0.3771531023085117,1.0
zel031_a549,bb0,BB_9005641327,82,1,0.4017686545848846,71.21510310881122,0.0099009900990099,0.0810477631931994,58.84053874061946,0.6071813702583313,0.0706521739130434,0.9293478260869564,4.036296844482422,0.0987367779016494,0.0516281169301297,"RPL37A,RAC1,MT-CO2,S100A10,MT-CO3,HTATIP2,MT-ND1,PTGR1,RPL14,SNHG32,ARPC3,RPLP2,UBA52,KRT18,ATP5MC3","EIF1,NEAT1,FP236383.3,GNG5,PIN4,YBX3,TIMM9,PPP1CC,HNRNPH1,C16orf95,BUD31,POMP,LINC00486,BAX,YWHAH",False,54.68332676438004,0.0099009900990099,130,0.7769894003868103,-0.0868096947669982,-0.0740875452756881,0.4885783493518829,1.0
zel031_a549,bb1,BB_3460962441,97,1,0.2730365395545959,50.5387671524438,0.0099009900990099,0.0820820369437866,61.57844455997672,0.3561596572399139,0.1129943502824858,0.8870056497175142,3.510010004043579,0.120468221604824,-0.0078388179454045,"IGFBP1,NDUFA1,PSMA2,GAPDH,RPL7,MAGED2,ZNHIT3,ITGB1,HSP90B1,ITM2B,SMARCE1,AC135178.4,TNPO1,TM4SF1,LINC00486","GAS5,RPL10A,NQO1,RPS27L,OST4,RPS24,RPL41,RPL27,RPL35A,RPSA,COX6A1,NCL,RPL37,H3F3B,RPS3",False,54.62042822551608,0.0099009900990099,131,0.7906572222709656,0.0084608290344476,0.0189203731715679,0.2645757105201483,0.97
zel031_a549,bb1,BB_6978473944,100,1,0.233857199549675,42.78673186501909,0.0099009900990099,0.0649941698342047,58.51201104197624,0.2725075483322143,0.0722222222222222,0.9277777777777778,3.1952223777771,0.1003406941890716,0.0504086047350078,"TMEM258,TMSB10,RPL23,NDUFB2,COX6C,C19orf33,ELOB,UQCRH,ETFB,RPS9,TMA7,RRBP1,RPL29,RPS15,DDIT4","CCT5,ZFAS1,NPM1,LITAF,SLC25A3,MT-CO1,IGFBP4,SSR1,RPL41,RPS13,EGLN1,TALDO1,EIF1,UBC,H2AFZ",False,54.28614357783351,0.0099009900990099,132,0.7600900530815125,-0.0371844656765461,-0.0154794473201036,0.2710416652262211,1.0
zel031_a549,bb0,BB_8588435118,74,1,0.4318872094154358,68.68623053947812,0.0099009900990099,0.1022177231953621,59.22801302580558,0.3565706014633178,0.0842696629213483,0.9157303370786516,3.9636425971984863,0.1261037141084671,-0.0076995033731003,"LINC00486,RPL11,IGFBP1,LGR4,EEF1B2,MRPS35,PFN1,YWHAQ,ANXA2,MLPH,MFF,CAMK2D,RALBP1,SLC39A7,VPS29","RPL41,MT-CO3,ATP5F1E,MT-CO1,RPL37,H3F3B,GAS5,RPL27,RPS23,SQSTM1,RPL35A,MT-ND1,HSPD1,UBC,SNHG1",False,54.23688833261972,0.0099009900990099,133,0.7729266285896301,0.0541509054601192,0.0082245385274291,0.3777363039553165,1.0
zel031_a549,bb0,BB_0539751636,54,1,0.8329862952232361,113.0917599464659,0.0099009900990099,0.1480511350044045,63.2511917412883,0.7342327833175659,0.1428571428571428,0.8571428571428572,9.017922401428224,0.1126896515488624,-0.2699617656353625,"RPS29,RPS7,RPL29,RPL12,COX6C,S100A4,NDUFA13,RPL37A,RPLP1,RPS19,RPS21,FAU,RPS14,OST4,RPL7A","MALAT1,LINC00486,FP236383.3,RPL3,HSP90B1,NEAT1,FN1,HSPA5,CANX,ALDH1A1,ITGB1,EIF3A,HSPD1,IGFBP3,NCL",False,54.21530720681855,0.0099009900990099,134,0.7919670939445496,0.1166658475995063,0.0384078212082386,0.7163204476237297,1.0
zel031_a549,bb0,BB_3187662161,83,1,0.6140066981315613,89.54545279284855,0.0099009900990099,0.085224537557698,61.03306371929739,0.8731470108032227,0.1173184357541899,0.88268156424581,6.657264232635498,0.0639952197670936,0.1907700505181403,"FP236383.3,LINC00486,MALAT1,CPS1,PON2,EEF2,LDHA,TM4SF20,PGD,SLC38A2,TGFBI,DHFR,PDIA6,GNAS,SQSTM1","RPS14,RPL26,ZBTB8OS,RPL35A,S100A4,SELENOT,HIST1H2AC,RPL37,TMEM11,RPL19,POLR2I,UBA52,SERPINB6,SMIM30,EWSR1",False,53.87276015446361,0.0099009900990099,135,0.8293784856796265,0.033235240727663,-0.1406396031379699,0.5807714574038982,1.0
zel031_a549,bb0,BB_5574910360,88,1,0.7445250153541565,106.46731612977209,0.0099009900990099,0.0985278235953193,65.88484218861105,0.9202009439468384,0.1834319526627219,0.8165680473372781,9.729235649108888,0.0709357112646102,0.3958631501895532,"FP236383.3,MALAT1,SPTBN1,CANX,LINC00486,MAP1B,EIF3A,DHFR,HSP90B1,IGFBP3,ABCC2,MT-ND1,HSPA5,VIM,MTRNR2L12","RPL26,RPS14,C16orf95,C19orf33,RPS19,MRPL13,AC244102.4,NDUFS8,RPS18,CSKMT,TPT1,HSPA1A,RPL29,DPM1,RPS23",False,53.79945693507884,0.0099009900990099,136,0.8109349012374878,0.1864605695009231,0.0311722848564386,0.5580644458532333,1.0
zel031_a549,bb0,BB_6719949163,69,1,0.6802657842636108,99.25902684432089,0.0099009900990099,0.1259227690492223,60.391673539134686,0.721705436706543,0.1117318435754189,0.888268156424581,6.594986438751221,0.0827145725488662,-0.1966928445403545,"CDIPT,ANAPC11,HSPD1,RPS14,RPL7,RPL35,PLAAT3,RPLP1,AKR1B10,NDUFB11,ACY1,DNAJB11,HGD,MRPS28,AC068724.3","EIF4A1,FP236383.3,GAS5,MT-CO3,RPL4,ABCC2,TRIB3,RPL36,PABPC1,MT-ND1,GHITM,ASPH,SNHG32,MTHFD2,APP",False,53.64400051800232,0.0099009900990099,137,0.7613236904144287,-0.0967394560575485,0.0177295487374067,0.7770052403211594,1.0
zel031_a549,bb0,BB_2259487598,64,1,0.477422684431076,66.85378140984521,0.0099009900990099,0.0872466701651305,59.1981243724358,0.1948657929897308,0.1005586592178771,0.8994413407821229,4.372220039367676,0.1079030558466911,0.1160336047350077,"MT-CO3,MT-ATP6,HSPA5,AGR2,MGST1,HSP90AA1,MT-CYB,RCN1,AKR1C3,PERP,ASPH,SLC35B1,HSP90B1,BTF3,BAX","UQCRQ,RPS15,KRT18,RPS24,NPM1,MALAT1,RPS6,RPL14,ATP5F1E,ENO1,RPS4X,YWHAE,TMSB4X,RPL36,KIZ-AS1",False,53.24524035733052,0.0099009900990099,138,0.8095028400421143,0.0264414306730031,-0.010658991523087,0.4509812537580728,1.0
zel031_a549,bb0,BB_1009857168,28,1,0.8694226145744324,48.577867426424895,0.0099009900990099,0.206441732898941,62.12857450866658,0.6234049201011658,0.1436781609195402,0.8563218390804598,10.019862174987791,0.1000315323472023,-0.042448538122135,"ATP5MD,FABP5,S100A11,B2M,RPL28,S100A4,TM4SF1,RPL41,MRPS24,SNHG7,MVP,OSTC,TBCA,RPL9,MGST3","MALAT1,LINC00486,MGST1,AKR1C3,ASPH,HSPA5,DSTN,RPLP2,ALDH3A1,HSP90B1,NCL,ALDH3A2,EEF1A1,SPX,HSP90AB1",False,53.20205518270874,0.0099009900990099,139,0.8091128468513489,-0.0503502935171127,-0.0792982950806617,0.9197729080915452,1.0
zel031_a549,bb1,BB_7797066649,98,1,0.2443029880523681,61.999488980782274,0.0099009900990099,0.0654963073130643,59.865781309034766,0.2278642207384109,0.1123595505617977,0.8876404494382022,3.3260180950164795,0.0976451113820076,0.0289800333064363,"IGFBP1,ANXA1,MTRNR2L12,MALAT1,AKR1C1,KLHL5,NGRN,ASPH,SEPTIN2,RPS6KA3,RPL14,DSTN,ATF3,TM9SF3,ITGB1","RPS9,PPIA,RPL37A,NPM1,RPS21,RPL37,LDHA,SNHG25,PRDX5,RPS27,ATP5MD,S100A4,RPL32,COX7C,NDUFB8",False,53.139289027120746,0.0099009900990099,140,0.7733812928199768,-0.033658891916275,0.0028666600119322,0.2779618799686432,0.93
zel031_a549,bb1,BB_9979481271,105,1,0.207112580537796,52.74522086795668,0.0099009900990099,0.0497610413311282,58.84589147465733,0.1765932291746139,0.1011235955056179,0.898876404494382,2.912980079650879,0.1194463819265365,0.0099324142588173,"NTS,LINC00486,SPX,RPL3,BASP1,HSP90AA1,CTSL,MTCH1,ALDH1A1,RPL19,TBCA,ACTG1,TXN,RPL13,MIEN1","RPS2,P4HB,ETFA,RPS17,FAU,RBFOX2,RPL24,DDX5,TMA7,RPL31,RPSA,RPS3A,RPL15,DAD1,MT-CO3",False,52.89518334800658,0.0099009900990099,141,0.7694535255432129,0.0067802811972796,-0.0188500117510557,0.2003322993405163,0.84
zel031_a549,bb1,BB_3064712138,104,1,0.2278848141431808,36.9329189131328,0.0099009900990099,0.0545967804894811,56.464172959099024,0.0884042829275131,0.0706521739130434,0.9293478260869564,3.136902093887329,0.0848601311445236,0.0234855278119308,"UBC,ATF3,RPL35,KRT18,RPS5,EIF4A2,TRAP1,PDK4,EIF3A,ATF4,CYCS,RPS18,HADHB,LGR4,GLRX3","RPL10A,MIF,ERP29,RPS7,PSMA4,WDR43,ANXA2,NDUFB2,GCLC,RPL23,RACK1,NDUFA1,S100A10,AKR1C2,GNAS",False,52.474856391336594,0.0099009900990099,142,0.8360844850540161,0.0154862096533179,0.0017686319770291,0.2123986044898629,0.87
zel031_a549,bb0,BB_3883727116,50,1,0.7713669538497925,79.07564599415163,0.0099009900990099,0.1435175079018442,61.82651648361775,0.6527576446533203,0.1520467836257309,0.847953216374269,7.54899787902832,0.1209971904754638,-0.0995913952649922,"RPS29,RPS21,RPS13,UBE2Q1,COX4I1,ATP5MC3,DGUOK,RABAC1,RPL27,RPL24,UQCRQ,RPL21,RPS14,TMSB10,RPL37A","MALAT1,FP236383.3,CANX,LINC00486,DDX5,HSP90B1,MT-ND4,RPS2,NCL,RPL36AL,UGDH,HSP90AA1,ALDH3A2,PABPC1,SNHG29",False,52.42599350950044,0.0099009900990099,143,0.7898244261741638,0.0604290664196014,0.0106062535196542,0.710937887430191,1.0
zel031_a549,bb1,BB_6943918746,82,1,0.3061157763004303,44.97785690552188,0.0099009900990099,0.0787242141550951,58.23743620014679,0.1598585098981857,0.1005586592178771,0.8994413407821229,3.6894102096557617,0.0885112956166267,0.0028476291252517,"NME2,LINC00486,CALM1,RPL14,VTN,NRG1,TMEM59,MALAT1,MGST1,TIMM17A,RPL18A,LMNA,MT-ND2,HINT1,MT-ND4","RPL36AL,RPL41,TMSB10,RPL35A,RPS2,NDUFA11,RPS3,RPL37,SERF2,BTF3,SNRPG,SLC25A6,ANXA2,RPL24,GPX4",False,52.38115769957337,0.0099009900990099,144,0.7896450161933899,-0.0069494806230068,0.0245476383715868,0.3130652569234371,0.99
zel031_a549,bb1,BB_3287363216,106,1,0.2395890206098556,62.58598320851085,0.0099009900990099,0.0609383392711556,56.27681403261512,0.4528276026248932,0.0722222222222222,0.9277777777777778,3.529303312301636,0.086513340473175,0.1287104915274606,"MTRNR2L12,ASPH,TKT,G6PD,MT-ND2,ALDH3A2,PGD,HSP90AA1,CLTC,LTA4H,RPS29,ATP5MPL,MT-ATP6,PRRC2C,MESD","RPL23,COMMD6,CRIP1,RPS19,NME2,RNASEK,COX5A,UQCR11,RPLP2,SNHG5,COX8A,DDIT4,RPS15A,ATP5MC1,TPI1",False,52.21237746359292,0.0099009900990099,145,0.8269954323768616,-0.1493866890668869,0.0261102393269538,0.3889757096767425,1.0
zel031_a549,bb1,BB_6561792115,92,1,0.2734359800815582,50.3929371762177,0.0099009900990099,0.0796250518187578,59.575411128304594,0.3859636187553406,0.1242937853107344,0.8757062146892656,3.63934326171875,0.1253212690353393,-0.0191566126562965,"MALAT1,MAGED2,RPS12,MTCH1,CA12,PSMA2,NOP53,NT5C,PSMB3,LINC00486,SETD7,IDI1,EAPP,NAP1L1,POLR2G","SNHG29,COX5B,RPL37,RPLP2,NDUFB2,RPS28,RPL35A,EEF1B2,COX6A1,NDUFB1,RPS5,RPS29,NDUFA1,RPL32,TXN",False,52.17055776772436,0.0099009900990099,146,0.7706871628761292,0.0040717022493481,0.0103688361123204,0.26936427783221,0.99
zel031_a549,bb1,BB_6544245917,109,1,0.1871671974658966,34.04321840479701,0.0099009900990099,0.0654881701035913,57.14617848346793,0.1930725127458572,0.0994475138121546,0.9005524861878453,2.822026014328003,0.1030971333384513,0.0316012652854665,"COX6A1,TCIM,ATP1B1,ALG5,RPS6,TPI1,UPK1B,IGFBP1,ANAPC16,UBE2E1,PABPC1,EPS8,UTP6,PSMA2,RBMX","RPL31,RPS28,RPL26,SNHG6,EIF4EBP1,RPL8,ELOB,CRIP1,CNIH1,MYL12B,SNRPG,MIF,SEC61B,ALDH3A2,RPL14",False,51.46313310942139,0.0099009900990099,147,0.7571768164634705,0.0126840882003307,0.005524065811187,0.1744831092655658,0.9
zel031_a549,bb0,BB_4046778248,33,1,0.8486369848251343,72.619185423915,0.0099009900990099,0.2218983402033344,59.25804127983948,0.6727643609046936,0.1337209302325581,0.8662790697674418,9.462578773498535,0.1120841056108474,-0.1268641225377195,"ATP6V1G1,ELOB,NTS,SNHG8,LXN,RPL30,PRDX6,NAXE,S100A6,RPL34,LEPROTL1,RPL19,PET100,GLA,UQCRQ","MALAT1,RPS4X,GAS5,ASPH,LINC00486,NCL,FP236383.3,EEF1A1,SPCS1,HSPA5,UBB,NACA,TM4SF1,EIF4A2,CANX",False,51.33400087614001,0.0099009900990099,148,0.7613354325294495,0.4877043962478637,0.2725415527820587,0.3609325885772705,1.0
zel031_a549,bb0,BB_0981479293,82,1,0.3498993813991546,48.15750735156022,0.0099009900990099,0.0673152333566084,54.52915169418257,0.5306267738342285,0.064516129032258,0.935483870967742,3.6258583068847656,0.1132493019104003,0.0272378730276907,"HSP90B1,S100A6,TMSB4X,EIF4A1,PKM,RPS15A,RPL10A,RPL11,MT-CYB,SLC25A5,CRIP1,NQO1,RAB10,KRT81,KRT8","RPL12,POLR2L,TPM1,NOP10,CHMP3,ARPC3,PSMD14,RAB1A,ANXA7,RPL27A,PFN1,SET,ISCU,BANF1,PHPT1",False,51.01114190746112,0.0099009900990099,149,0.7904617786407471,-0.1293113082647323,-0.017911372706294,0.479210689663887,1.0
zel031_a549,bb1,BB_1998369695,97,1,0.3532901108264923,78.17975972939145,0.0099009900990099,0.0777125578573375,57.112368058996665,0.6544753909111023,0.1149425287356321,0.8850574712643678,4.539573669433594,0.1043703332543373,-0.1624779932031365,"CLU,ALDH1A1,PCED1A,NDUFA1,CCNG2,FGG,HMGB1,DPY30,TMED9,PSMB7,YTHDC1,LUC7L2,IGFBP1,LXN,PPP2CB","RPL35,RPL23A,UBB,RPL30,RPL27A,RPS21,S100A4,ATP5F1E,GAPDH,ATP5MPL,RPL37,AKR1C3,HSPD1,MT-ND1,RPL35A",False,50.54772805221544,0.0099009900990099,150,0.8392510414123535,0.1639133989810943,0.0482108257710933,0.1893767118453979,0.9
zel031_a549,bb0,BB_1866547582,36,1,0.8927944898605347,76.6080198256864,0.0099009900990099,0.2479029494397834,59.10659349398916,0.7607073187828064,0.1502890173410404,0.8497109826589595,11.536710739135742,0.1097204014658927,-0.2329247285983255,"RPS21,RPL31,RPS5,MRPL33,RPS19,RPL18,CRIPT,DPH3,BCKDHA,CKLF,BLOC1S1,MRPL58,SLC35F1,RPS29,GDI2","MALAT1,UBC,ALDH1A1,ASPH,LINC00486,MT-ND4,NAP1L1,FP236383.3,RPL6,RPS6,HSP90AB1,HSPD1,VIM,CALM2,PSAP",False,50.22352163940119,0.0099009900990099,151,0.7895444631576538,0.0673104077577591,0.0782226622104644,0.8254840821027756,1.0
zel031_a549,bb0,BB_6828065861,9,0,0.9438956379890442,21.873440144124235,0.0099009900990099,0.4079653992570273,54.5856474277553,0.5416935086250305,0.0828729281767955,0.9171270718232044,17.626293182373047,0.0992065295577049,-0.3995913952649922,"RPL22L1,SRSF3,SNHG29,YBX1,RBM3,SF3B6,AC006064.4,PSMA3,NARS,TSPAN3,RPL14,HSPA5,UQCC2,WDR83OS,FIS1","RPLP1,RPL7A,NQO1,RBFOX2,RPL34,ATP5F1E,MT-ND2,RPS18,PTMA,VIM,EEF1D,SERF2,RPL41,COX7A2,RPL36AL",False,50.06197498899105,0.0099009900990099,152,,,,,
zel031_a549,bb1,BB_4729940582,82,1,0.7347859740257263,127.22164712094929,0.0099009900990099,0.2038358537605187,72.11817563902756,0.7837117910385132,0.3071895424836601,0.6928104575163399,9.23648166656494,0.112530842423439,-0.2898352977040166,"RPLP1,RPS13,S100A6,MIF,RPS15A,RPS29,RPS21,RPS5,S100A4,RPS23,RPL37,RPL37A,RPS19,RPLP2,RPL32","MALAT1,IGFBP1,LINC00486,HSPD1,ALDH3A2,HSP90AA1,HSP90B1,ASPH,ALDH1A1,HSP90AB1,EIF3A,TPT1,CANX,NCL,NEAT1",False,49.96422625971844,0.0099009900990099,153,0.9660125970840454,-0.0894554257392883,-0.0518316030502319,0.8242413997650146,1.0
zel031_a549,bb1,BB_6358616567,90,1,0.3019501268863678,45.24190981168905,0.0099009900990099,0.0783884627437286,57.09055583632904,0.2951482534408569,0.1299435028248587,0.8700564971751412,3.6618263721466064,0.1262667626142501,0.0670752714016744,"ASPH,LINC00486,CD81,IGFBP1,SUB1,KIF5B,RAB10,HDLBP,MALAT1,NCL,LDHA,AKR1B10,MRPL45,PVT1,TFPI2","RPL27A,RACK1,RPS21,RPS23,RPS13,RPL11,RPL41,RPL8,RPLP2,IGFBP4,RPL32,RPS8,RPL34,RPS12,RPS20",False,49.67200903273826,0.0099009900990099,154,0.7507456541061401,0.0335482135415077,0.0048668486997485,0.2684019133448601,0.99
zel031_a549,bb0,BB_3934109875,70,1,0.6003449559211731,111.57345214360176,0.0099009900990099,0.0948047240963458,57.049329861515446,0.6334002017974854,0.1306818181818181,0.8693181818181819,5.588909149169922,0.073306068778038,-0.1710199666935636,"RPL35A,RPS19,NDUFA4,RPS4X,AGR2,RPS14,RPL26,RPS9,MPC2,RPL41,TPT1,UPK1B,SNHG29,CFB,BTF3","ITGB1,MALAT1,HSP90AA1,DDX5,LDHB,FP236383.3,TAF1D,MT-CYB,HSP90AB1,OAZ1,CANX,SF3B6,RAB10,EIF3E,RACK1",False,49.59401970915832,0.0099009900990099,155,0.7871748805046082,0.2837342917919159,0.0380847789347171,0.3166106641292572,1.0
zel031_a549,bb1,BB_5929339909,103,1,0.2636233270168304,61.63877770704566,0.0099009900990099,0.0643163749851362,55.27619827464041,0.3493768870830536,0.1055555555555555,0.8944444444444445,3.5434248447418213,0.1181714311242103,0.0178843328903475,"PGD,FN1,APP,STOML2,IGFBP1,MDH1,UGDH,TMSB4X,VIM,KYNU,KRT8,DSTN,EIF4A2,MTCH1,RAB10","RPS29,SMIM26,LMNA,COX7C,RPS19,SNX3,RPL32,ATP6V0E1,COX6A1,CHCHD2,ATP5MC2,SLC35F1,OST4,RPL38,KRTCAP2",False,49.4414884567617,0.0099009900990099,156,0.821424126625061,0.0805683583021164,0.0479080602526664,0.183054968714714,0.87
zel031_a549,bb0,BB_2017258845,74,1,0.4011300206184387,61.887277825152175,0.0099009900990099,0.0791438246013159,52.997943956657245,0.161784753203392,0.0702702702702702,0.9297297297297298,3.854813814163208,0.0994932278990745,-0.0076995033731003,"AGR2,RPS15A,RPS2,RPL27A,RPL29,AKR1C3,FAU,HSPA5,RPL39,RPL28,RPL18,TM4SF20,NACA,OST4,EIF2S2","ENO1,PON2,KPNB1,RPLP0,SNRPD2,RPL13,RABGGTB,HSPD1,CTSL,CFH,MT-CO1,MAP1B,TMBIM1,ALDH3A2,TAGLN2",False,49.27376411105431,0.0099009900990099,157,0.8951513171195984,-0.0127523113042116,-0.0270748082548379,0.4138823319226503,1.0
zel031_a549,bb1,BB_2033792613,110,1,0.213933065533638,43.14606988864548,0.0099009900990099,0.052429482452435,55.04875570508043,0.3788195848464966,0.1055555555555555,0.8944444444444445,3.152646780014038,0.101229004561901,0.0458631501895532,"ATP5MPL,FP236383.3,EPRS,HSPD1,CCT6A,DDX1,KRT18,GCLC,KYNU,AKAP12,DMAC1,GDI2,MALAT1,HSP90B1,NEAT1","CRIP1,AGR2,BLVRB,S100A6,RPL13A,RPL36,GABARAP,RPS27,ATF4,HSP90AA1,RPL28,CAPZA2,RPL10A,S100A10,RPS13",False,49.23805371398861,0.0099009900990099,158,0.8176308870315552,0.0802777707576751,0.0532695911824703,0.1336552947759628,0.77
zel031_a549,bb0,BB_1732028080,79,1,0.4634020328521728,98.26883161682068,0.0099009900990099,0.0850263734482224,55.36457668408731,0.6589564085006714,0.1111111111111111,0.8888888888888888,4.683445453643799,0.0834101289510726,0.043446579418552,"FP236383.3,LINC00486,ABCC2,SLC39A14,MTRNR2L12,CD44,NAP1L1,PCNA,ARPC3,RPL5,YME1L1,PKM,CALR,PDIA4,KRT8","S100A6,UBB,RPL10,RPS14,RPL15,HSPE1,RPS18,RPS23,RPL13A,RPS29,RPS13,RPL17,RPS15,SNRPG,RPL19",False,49.21295705252205,0.0099009900990099,159,0.8010253310203552,-0.0402616485953331,0.1183507815003395,0.503663681447506,1.0
zel031_a549,bb0,BB_2793095141,80,1,0.421015202999115,52.68424096802536,0.0099009900990099,0.0839232778783767,54.99566024602003,0.6588180065155029,0.1079545454545454,0.8920454545454546,4.2805256843566895,0.1015784591436386,0.1504086047350078,"LINC00486,MTRNR2L12,DKK1,RPL23,MGST1,TKT,TM4SF20,RPS5,TXNDC17,NDUFAB1,AC114956.3,CLIC1,ST13,EPHX1,FP236383.3","S100A6,HSPE1,YWHAQ,RPS23,COX7C,C19orf33,TMSB10,RPL35A,ELOB,SNRPD2,RPS25,CCT3,RPL28,RPL12,ARF4",False,49.058628742188326,0.0099009900990099,160,0.8287695050239563,0.0148327527567744,0.0228114947676658,0.4061824502423405,1.0
zel031_a549,bb1,BB_5044717039,83,1,0.2993347942829132,63.68379453035354,0.0099009900990099,0.0711647120642603,53.66028353654863,0.2126128524541854,0.0893854748603352,0.9106145251396648,3.649647235870361,0.0952633544802665,-0.038145612132462,"CTSL,CLU,PGD,IGFBP1,TFPI2,RAC1,FEZ2,SPINT2,RTN3,SLC27A2,CALM2,RPL6,RPS27,KPNB1,MT-CO3","RPL35A,RPL27A,GAS5,SNHG6,RPL14,POMP,UQCRQ,SLC38A2,SNHG5,ATP5ME,RPS3,NDUFB1,DDIT3,RPL35,POLR2I",False,48.86383361149401,0.0099009900990099,161,0.791273295879364,0.0361278802156448,0.0359454341232776,0.2632069140672683,0.98
zel031_a549,bb0,BB_9301595053,84,1,0.3800197541713714,64.0923430845023,0.0099009900990099,0.0644380869863394,54.379739391535104,0.2326612323522567,0.1067415730337078,0.8932584269662921,3.7139101028442383,0.1233768686652183,-0.0067342524078493,"TMSB4X,TXN,CTSL,CD63,C19orf33,SNHG8,LGALS1,HSPE1,RPL29,HINT1,SERF2,CYBA,ACP1,COX6C,HSP90B1","MT-CYB,MT-ND1,FP236383.3,RPS24,MT-ND2,MT-ATP6,PABPC1,VIM,TGFBI,FN1,SMIM26,AC114956.3,JUND,NOP56,CA12",False,48.57516046771956,0.0099009900990099,162,0.8025699257850647,0.0264081582427024,-0.0326695367693901,0.353611595928669,1.0
zel031_a549,bb1,BB_2537879758,108,1,0.249686598777771,42.381959900754175,0.0099009900990099,0.0652993537953927,52.22149831971547,0.498426228761673,0.081081081081081,0.9189189189189187,3.498640537261963,0.1310340613126754,0.109667863994267,"AGR2,RACK1,COX6C,EDF1,PFN1,OST4,SPX,NTS,AKR1C2,PART1,HSPE1,S100A4,DDIT4,HSP90B1,COX6A1","MALAT1,SAT1,ZNHIT1,FP236383.3,SNHG6,WDR83OS,EIF4G2,CTSL,TMBIM6,ERLEC1,MT-ATP6,ARMCX3,DNAJB11,ADSL,HADHA",False,47.98732278027908,0.0099009900990099,163,0.7474210262298584,-0.0290396455675363,-0.0212675873190164,0.2787262443453073,0.98
zel031_a549,bb1,BB_7217307185,102,1,0.2277312725782394,51.70091146581229,0.0099009900990099,0.0596885882909424,54.47581249861425,0.1920547187328338,0.1193181818181818,0.8806818181818181,3.126176595687866,0.094049222767353,0.0317811537546156,"CD63,MALAT1,CANX,CCPG1,TESC,CTSA,CACYBP,PARD3,HERPUD1,DCDC1,VDAC2,HSPA8,FP236383.3,MT-ND5,FGL1","ATP5MD,RPS20,RPL23,S100A4,S100A6,RPS24,RPL35A,BTF3,MGST1,SEM1,RPS5,RPL7A,SMIM26,LINC00486,GSTP1",False,47.97585759821141,0.0099009900990099,164,0.8331664204597473,-0.0014088302850723,0.0089348014444112,0.2291401028633117,0.91
zel031_a549,bb1,BB_3556786606,87,1,0.2802017033100128,61.10972706744144,0.0099009900990099,0.0691036013545366,51.95666689738235,0.2435829490423202,0.0773480662983425,0.9226519337016574,3.63461709022522,0.1086738035082817,0.0946614782982261,"FP236383.3,AKR1B1,TIMM9,PRKCSH,ATP5PF,KRT18,RPL7,EEF1G,SEC13,RPL11,NPM1,VCP,SSB,RPLP1,EIF4A1","SNHG29,RPL38,UCHL1,RPL30,RPL28,S100A6,RPL15,GAPDH,RPL5,HSP90B1,TMSB4X,RPL14,OST4,ANXA4,SNHG5",False,47.93791918156272,0.0099009900990099,165,0.796077311038971,0.0152289839461445,-0.0078684212639927,0.2649727193638682,0.99
zel031_a549,bb1,BB_0154117619,91,1,0.3050487339496612,68.04497129693092,0.0099009900990099,0.083373113691915,54.75418876794013,0.3415957689285278,0.125,0.875,3.69169020652771,0.1211154535412788,0.0289800333064363,"NR0B1,ALDH3A2,AC114956.3,AKR1C1,NDUFB3,SAT1,PTMA,TIMMDC1,SP3,SF3B5,CUTA,GNAS,TKT,ACTB,ADRM1","MT-CO3,RPL37A,RPL37,RPS5,RPL35,TMSB10,RPS3,RBFOX2,RPS21,COX7C,ATP5F1E,NACA,NME2,RPL31,RPL19",False,47.90991517194761,0.0099009900990099,166,0.8153770565986633,0.0403608977794647,0.0174083765596151,0.2646878361701965,0.96
zel031_a549,bb1,BB_1680041278,112,1,0.1968468278646469,51.6775530005404,0.0099009900990099,0.0575576447086467,52.63338659557798,0.2253174632787704,0.1005586592178771,0.8994413407821229,2.9240951538085938,0.1003320962190628,0.0736228904492934,"B2M,RNF130,NDUFB2,SAT1,AKR1C3,ASPH,ALDH3A2,BTF3,ARF1,WDR45B,ATP5IF1,NEAT1,SNRPD1,ALDH1A1,CALM2","KRT10,HSPA5,RPL30,RPS21,RPL15,RPL10A,RPS15A,RPS19,PPIA,ATP5MD,ACTG1,NDUFB6,YWHAQ,RHOA,RPL26",False,47.34064380943048,0.0099009900990099,167,0.7538563013076782,-0.0004871002456638,-0.020139455795288,0.1973339281103108,0.88
zel031_a549,bb1,BB_1376184322,100,1,0.2380074858665466,51.4198421834913,0.0099009900990099,0.0686161821383564,53.22295644835861,0.2292712777853012,0.1117318435754189,0.888268156424581,3.251537561416626,0.0920349806547164,0.0504086047350078,"ACTB,TMA7,HSPA9,APEX1,PSAP,YBX3,CRTAP,MT-ND1,MALAT1,SNHG16,SLC16A4,POLR2K,GMPS,EEF1A2,CAST","RPL27,TXN,ATP5F1E,RPL13A,HSPE1,RPL35,RPS15,RPL37,SNHG6,RPL27A,COX5A,P4HB,S100A4,HSPA5,MGST1",False,47.276257403849264,0.0099009900990099,168,0.7667437791824341,-0.0013751616934314,0.0297426357865333,0.239382647559978,0.95
zel031_a549,bb0,BB_6598495385,78,1,0.5968520641326904,113.29704769297972,0.0099009900990099,0.0927804779592227,55.588683270582685,0.8184886574745178,0.1502890173410404,0.8497109826589595,6.277637004852295,0.1103862673044204,0.1901521944785975,"MT-ND1,FP236383.3,MT-CYB,LINC00486,MT-ATP6,ALDH3A1,MTRNR2L12,MALAT1,IGFBP4,DHFR,NPM1,TOMM20,MT-ND4,MT-ND2,NONO","C19orf33,RPL10,RPL29,RPS19,CLU,CYC1,NDUFS8,NTS,APP,RPS12,RPS14,SPCS1,RPS6,CTSL,TPI1",False,47.23431468656448,0.0099009900990099,169,0.8343289494514465,0.372450053691864,-0.0665444657206535,0.2244020104408264,0.96
zel031_a549,bb1,BB_8258170618,98,1,0.2121181190013885,49.82063215550598,0.0099009900990099,0.0605406900707413,51.96955155718601,0.2017377167940139,0.0944444444444444,0.9055555555555556,2.965101480484009,0.1191051229834556,0.0187759516737833,"MALAT1,CANX,LINC00486,BTF3,PSMA7,FP236383.3,HSPD1,PPP2CB,ERP29,SURF4,MYH9,LDHB,LXN,HDLBP,ERGIC3","COX4I1,RPL35A,RPSA,RPL35,MT-ND4,ELOB,FAU,COX6B1,RPLP0,RPS11,GAS5,RPL11,ATRAID,RPS15A,RBMX",False,47.06131613234066,0.0099009900990099,170,0.7473168969154358,0.0596054270863533,0.0265450030565261,0.1525126919150352,0.7
zel031_a549,bb1,BB_4873324777,95,1,0.3664350211620331,63.047272332583375,0.0099009900990099,0.0798771358567179,53.0533008755504,0.6477293968200684,0.1149425287356321,0.8850574712643678,4.730051517486572,0.1087744310498237,-0.0101177110544659,"LINC00486,SF3B1,TPM1,MALAT1,TSPAN6,NEAT1,NDRG1,ALDH1A1,CCND1,GFPT1,EEF2,NMD3,RPL6,CPLX2,CIAPIN1","RPL31,RPS21,RPS13,COX6A1,OST4,RPS16,VIM,S100A6,RPL35,MIF,RPL38,RPSA,RPL8,RPL32,RPS11",False,46.95522031514231,0.0099009900990099,171,0.7842571139335632,-0.1861883997917175,-0.0054185818880796,0.5526234209537506,1.0
zel031_a549,bb1,BB_1671826159,104,1,0.1857385486364364,38.8871838177658,0.0099009900990099,0.059411893473689,51.01499790255766,0.1571790874004364,0.081081081081081,0.9189189189189187,2.7874433994293213,0.0780422315001487,0.0234855278119308,"FGL1,PSME1,BFAR,SQOR,B2M,FP236383.3,ECHS1,LMAN2,FKBP1A,RAD21,TMED10,COX16,PSMB6,LMNA,ZC3H15","RPL35,RPL19,RPL12,RPS27,EEF1D,PTMA,RPS16,EIF1,RPS13,UQCRB,DYNLL1,SEC11C,RPL23,NDUFB1,PVT1",False,46.8786467212692,0.0099009900990099,172,0.8477270007133484,-0.0167253073304891,0.0019339637365192,0.2024638559669256,0.88
zel031_a549,bb1,BB_5693738549,105,1,0.2359785884618759,49.66464982698224,0.0099009900990099,0.0710534347207302,50.68356521168381,0.4047408699989319,0.0879120879120879,0.912087912087912,3.334959030151367,0.0885710418224334,0.0099324142588173,"RPL29,SELENOK,SEM1,RPF2,SPR,EIF4A1,IGFBP1,CNIH4,GDI2,EIF5B,UBC,NEAT1,ZCRB1,ETFB,WDR45B","RPL23,TXN,HSPB1,CST3,CRIP1,IGFBP4,UQCR11,MIF,SNRPD2,RPL37,GAS5,RPS2,TMSB4X,TOMM7,ERP29",False,46.22786717109622,0.0099009900990099,173,0.832122802734375,-0.0504421144723892,-0.0794967859983444,0.2864207029342651,0.97
zel031_a549,bb1,BB_2302843318,87,1,0.6390888690948486,92.2048624304919,0.0099009900990099,0.0873324629464672,53.73164665515304,0.7636643052101135,0.1560693641618497,0.8439306358381503,7.761313438415527,0.073736235499382,-0.2731546136557968,"RPS15A,RPS25,RPLP2,RPS28,RPS16,CLU,BRI3,RPL35A,ACP1,RPL28,RPS19,SLC25A5,TOMM7,GAS5,EEF1E1","LINC00486,IGFBP1,MT-CYB,TFPI,LDHA,RPS15,EIF4A1,PGD,SQSTM1,MALAT1,PSAP,CALM2,HSP90B1,EIF4A2,CANX",False,45.34578272631413,0.0099009900990099,174,0.8144536018371582,0.1626490950584411,0.1603439003229141,0.4764397740364074,1.0
zel031_a549,bb0,BB_7630268974,21,1,0.8603244423866272,48.601195103936334,0.0099009900990099,0.2196416702506573,51.44340888913767,0.4075497090816498,0.1193181818181818,0.8806818181818181,9.467432975769045,0.1234280541539192,-0.1614961571697541,"RPS29,UQCRH,RPL35A,RPL36,MIF,PSMD8,RPS5,SF3B6,SNHG5,RPL37,SNRPD2,S100A4,TPRKB,SEPHS2,GNG11","EEF2,MALAT1,IGFBP1,MT-ND4,TPT1,HSP90AB1,APP,ATP5MPL,DDX5,LINC00486,RPL3,CD44,HNRNPDL,KRT18,AGR2",False,45.30527487395646,0.0099009900990099,175,0.8044636845588684,-0.128998190164566,-0.030516754835844,0.9893226325511932,1.0
zel031_a549,bb1,BB_9151637064,98,1,0.2580116093158722,52.7620257226295,0.0099009900990099,0.0612733122137474,50.69987606731461,0.3005758821964264,0.1111111111111111,0.8888888888888888,3.335117816925049,0.0823143124580383,0.0697963598370486,"BTG1,HSP90AB1,AKR1C1,TMED9,PDIA6,MALAT1,GSTO1,STOML2,HGD,YWHAZ,CANX,WARS,AKAP12,NOP10,SMARCA5","RPL6,TMSB10,PPIA,RPS5,RPS29,SERF2,RPL18,RPL14,TM4SF1,COMMD6,RPS20,TPM1,UQCRQ,RPS25,RPL28",False,45.06655650427965,0.0099009900990099,176,0.8501054644584656,0.153403028845787,0.0592550225555896,0.1046085804700851,0.7
zel031_a549,bb1,BB_0440317785,103,1,0.3315649032592773,78.29960760497804,0.0099009900990099,0.087014596307023,54.32069201864349,0.5722631812095642,0.1715976331360946,0.8284023668639053,4.187765121459961,0.131282091140747,-0.0597855700222737,"HGD,NEAT1,MALAT1,LINC00486,MRPL13,HNRNPDL,CYP51A1,ALDH3A2,SUPT6H,MAGED2,HNRNPH3,CFB,ABCE1,PABPC1,CERS2","RPL30,RPL12,RPS29,RPS27A,FAU,PFDN5,CRIP1,MT-CO3,RPLP2,S100A4,RPL32,RPS28,RPS15,RPS27,RPS7",False,44.99938983792951,0.0099009900990099,177,0.8183447122573853,-0.025564394891262,-0.0199851058423519,0.3571292981505394,1.0
zel031_a549,bb0,BB_4093532305,68,1,0.4549860656261444,75.06344454331196,0.0099009900990099,0.0864262128075959,50.40540637450044,0.3540694117546081,0.1123595505617977,0.8876404494382022,4.220129489898682,0.1085447371006012,0.0268791929703018,"POLR2L,COX5B,MRPS26,RPS18,SLC25A6,RAN,RPS16,RPS29,TMSB10,TOMM5,ELOB,RPL32,H3F3B,RPS27,RPL34","LINC00486,MALAT1,NPM1,TCIM,FP236383.3,AKAP12,EIF1,HSP90AB1,KRT18,TPT1,FN1,UGDH,EDF1,GAPDH,CANX",False,44.74187756837679,0.0099009900990099,178,0.7847225666046143,0.0506119951605796,-0.0251771379262208,0.4043740704655647,1.0
zel031_a549,bb0,BB_6722211240,85,1,0.3435949683189392,58.80975719193413,0.0099009900990099,0.0731626405134414,48.592171394419374,0.1569992154836654,0.0828729281767955,0.9171270718232044,3.4503116607666016,0.1116378605365753,0.0121733106173607,"MALAT1,MT-ND1,EIF3A,PSMA7,ASPH,TPM2,KRT18,MT-CO3,TDP2,HSPA9,BAX,NCL,TFG,TM4SF1,NEAT1","COX5B,RPL10,UBB,LDHA,TBCA,RACK1,PEBP1,SAT1,NAA38,MRPL33,NDUFA4,RPL26,ATP5MD,DMAC1,RPL23A",False,44.56519586449512,0.0099009900990099,179,0.8149236440658569,0.0492614209651947,-0.0089511023834347,0.2943335473537445,0.99
zel031_a549,bb1,BB_4060062978,93,1,0.3177959322929382,64.61139538997988,0.0099009900990099,0.0672239626890493,50.40281842188863,0.5472978353500366,0.1179775280898876,0.8820224719101124,4.379056930541992,0.0766346454620361,0.1595483896812443,"OCIAD1,MALAT1,TM4SF20,SPCS1,UGDH,LDHA,P4HB,EEF1D,HSPA5,TXNDC5,SLC27A2,AKR1C1,RPL30,GNAS,PSAP","RPL37A,COX6B1,RPS21,RPS13,RPL24,GAS5,MZT2B,RPL19,RPLP2,RPS15A,TMA7,COX4I1,RBIS,RPS29,S100A6",False,44.45641849571077,0.0099009900990099,180,0.7885891795158386,-0.1375048607587814,-0.0365195348858833,0.4553007930517196,1.0
zel031_a549,bb1,BB_8729740620,92,1,0.2730930745601654,50.59040192425501,0.0099009900990099,0.0640077182497905,49.14750612370159,0.3814499080181122,0.1067415730337078,0.8932584269662921,3.5713064670562744,0.1114989444613456,0.0134520829958773,"MALAT1,SAP18,IGFBP4,CALM2,ITGB1,LINC00486,PRDX4,CANX,ANXA4,ATP5MC2,JPT1,ANXA5,ME1,PCNA,SCCPDH","ZFAS1,SNRPD2,NDUFB9,RPL29,RPL18,RPL11,UBB,RPL23A,COX7C,RPLP2,RPL36,ELOC,MIF,RPS8,RPL27A",False,43.90142400937389,0.0099009900990099,181,0.818398118019104,0.0395156703889369,0.0331968031823635,0.2335774041712284,0.97
zel031_a549,bb0,BB_3717371053,87,1,0.705900251865387,110.07294293253796,0.0099009900990099,0.1774418227935252,65.12173652756648,0.776002824306488,0.3333333333333333,0.6666666666666667,9.214103698730469,0.0964155942201614,0.2210982599074216,"MALAT1,SRXN1,H3F3B,HSP90AA1,SQSTM1,HIST1H2AC,TXNRD1,G6PD,PRDX1,UCHL1,ITGB1,TXN,POLR2L,DCXR,TMBIM6","TM4SF4,AGR2,TM4SF20,UPK1B,DKK1,C19orf33,ALDH3A1,LXN,KRT81,KYNU,KRT7,VSIG1,AQP3,CSGALNACT1,PART1",False,43.41449101837766,0.0099009900990099,182,0.9694336652755736,-0.1025437414646148,-0.1617200523614883,0.8084439933300018,1.0
zel031_a549,bb1,BB_8135509566,98,1,0.2559341788291931,39.7665042246855,0.0099009900990099,0.0699338533305166,49.39696675671759,0.2372651100158691,0.1242937853107344,0.8757062146892656,3.3788390159606934,0.1030960232019424,0.131020849632967,"HIST1H2AC,CALM2,HSP90AA1,GHITM,RPL3,ALDH3A1,VDAC2,FUS,CTSL,CTSA,MTRNR2L12,HSPA9,KRT81,SEPTIN2,SPINT2","RPL38,RPS15A,MT-CO3,RBFOX2,RPL37,RPS23,RPS29,HSPA5,NQO1,RPL37A,S100A11,RPLP1,RPL32,HSPE1,RPS20",False,43.257230775656645,0.0099009900990099,183,0.8248646259307861,0.0653377324342727,0.0297083631157875,0.1905964463949203,0.9
zel031_a549,bb1,BB_4488462111,102,1,0.3126401901245117,57.20900647283985,0.0099009900990099,0.0711309541130103,50.08863057078764,0.5077589750289917,0.1371428571428571,0.8628571428571429,4.243606090545654,0.0807795152068138,0.1494282125781451,"FP236383.3,SQSTM1,GFPT1,APP,EEF1A1,ST13,SPTBN1,GNAS,PGRMC2,EIF3A,COX4I1,AOPEP,CD44,CALU,CSNK1D","S100A6,RPS13,RPL37,TMSB10,COX7C,RPL19,RPL21,RPS15A,RPS17,ATP5F1E,RPL23,RPL32,RPS12,CRIP1,UBA52",False,43.21933266393677,0.0099009900990099,184,0.8070388436317444,0.0055779409594833,-0.0519243255257606,0.3070622491650283,1.0
zel031_a549,bb0,BB_5059195690,81,1,0.6446011662483215,117.09746322045964,0.0099009900990099,0.1635906882367643,64.54892179505867,0.5907922983169556,0.3422818791946309,0.6577181208053691,6.590235233306885,0.1326096206903457,-0.2637889261291897,"H3F3B,HIST1H2AC,TXN,NEAT1,RPS4X,ARL6IP1,ADI1,DCXR,FTL,POLR2L,RPS2,IGFBP1,RPL41,TXNRD1,RPS19","TM4SF20,DKK1,TM4SF4,UPK1B,AGR2,ALDH3A1,KRT81,KYNU,PDIA6,PON2,ABCC2,KRT7,IGFBP4,CLU,LINC00486",False,42.45499554305872,0.0099009900990099,185,0.9693055152893066,-0.2087577581405639,0.1778028160333633,0.8533589243888855,1.0
zel031_a549,bb1,BB_3934919930,104,1,0.252543181180954,59.294347755724594,0.0099009900990099,0.0674972099864095,46.680132257063335,0.3280943036079407,0.1067415730337078,0.8932584269662921,3.48612380027771,0.0909192785620689,0.0619470662734693,"VDAC2,ATF3,IGFBP3,RPL10A,SYF2,UBC,G6PD,ANXA5,CTSL,PDIA6,CP,NRG1,RPL3,MLF2,PRKCA","EEF2,RPS25,RPL8,RPS16,RPS9,RPLP0,RPL22,RPS18,RPL35,RPL18,RPS5,GSTP1,RPS27,COX6C,UBA52",False,41.69742151052287,0.0099009900990099,186,0.822503924369812,0.1045151799917221,0.0426750071346759,0.1480280011892318,0.82
zel031_a549,bb1,BB_6163126056,102,1,0.219567209482193,46.844705420424624,0.0099009900990099,0.0537327624133672,44.49931661845448,0.0959033444523811,0.0824175824175824,0.9175824175824177,3.02121901512146,0.1075814142823219,0.0121733106173607,"ANXA1,SPCS1,ITGB1,EEF1A1,LDHB,SF3B6,EIF2S3,C19orf33,NDUFS8,GNAS,RPS8,CIAO2A,NEAT1,NONO,MAGED2","RPL37A,RPS21,ZFAS1,RPL35A,NDUFB1,RPL27,RPS5,GSTP1,FGG,HINT1,RPL39,MT-ND4,PPIA,ZNHIT3,RPS18",False,40.83179052352691,0.0099009900990099,187,0.7800307869911194,0.0321714803576469,0.0431849472224712,0.187395729124546,0.91
zel031_a549,bb0,BB_7209113661,87,1,0.5497284531593323,117.85806280933288,0.0099009900990099,0.167211029325284,61.89923628869732,0.6619001030921936,0.3422818791946309,0.6577181208053691,5.831429958343506,0.1806839853525161,-0.0432695561845324,"H3F3B,HSP90AA1,DCXR,POLR2L,B2M,RPS2,GSTP1,SRXN1,UCHL1,ADI1,IGFBP1,TXN,HSPD1,HSPA8,PPIA","AGR2,DKK1,TM4SF4,UPK1B,KRT81,ALDH1A1,KRT7,ABCC2,TM4SF20,CYB5B,KYNU,AQP3,NRG1,CLIC1,ALDH3A1",False,40.71224937108951,0.0099009900990099,188,0.971853256225586,0.4841177463531494,-0.0319183096289634,0.0656107068061828,0.56
zel031_a549,bb1,BB_4179173119,102,1,0.2840485274791717,51.69173442513601,0.0099009900990099,0.071782432228072,46.92572093787612,0.3957274854183197,0.1371428571428571,0.8628571428571429,3.728258848190308,0.1203483045101165,0.0121733106173607,"MALAT1,ATP1B1,APP,PDIA3,CANX,AKAP12,UGDH,PGD,ALDH3A2,BTF3,LINC00486,EEF1A1,FP236383.3,DIPK1A,HNRNPDL","RPS29,RPL38,HSPB1,TMSB10,RPL32,MIF,RPS15A,RPL29,RPS27,LGALS1,SNHG25,EIF1,RPS20,RPL13,ATP5F1E",False,40.49019349496739,0.0099009900990099,189,0.8181466460227966,-0.1299526542425155,0.0600776672363281,0.4140011817216873,1.0
zel031_a549,bb1,BB_4329573890,98,1,0.2839947640895843,41.216090021288686,0.0099009900990099,0.0636738776526615,45.88689486295901,0.395326018333435,0.1186440677966101,0.8813559322033898,3.7309536933898926,0.1023360267281532,0.1004086047350077,"LINC00486,CCT7,MALAT1,APP,TM4SF1,TGFBI,TIMMDC1,EIF2S3,HSP90B1,LRRC59,MSN,HSPA9,TM4SF4,AC114956.3,VDAC1","AGR2,NACA,CRIP1,RPS5,RPS11,AKR1B10,COX5B,RPS19,RPL39,SNHG5,RPL11,RPL7,ELOB,SNHG25,RPL34",False,40.442686997862175,0.0099009900990099,190,0.8173856139183044,-0.0013708299957215,0.0197699461132287,0.2853655940853059,0.98
zel031_a549,bb1,BB_1471467870,79,1,0.3360815644264221,67.2101690638837,0.0099009900990099,0.0687877024607303,47.19184535485952,0.3763690292835235,0.1453488372093023,0.8546511627906976,3.9261109828948975,0.132563054561615,-0.0325027876700554,"RPS29,ANXA2,RPS15A,RPL30,S100A4,RPS25,RPL32,MT-ND1,TXN,SEC61B,OST4,SERF2,RACK1,RPL37,PPIA","AKR1C1,SPX,ALDH3A2,EIF2S3,IGFBP3,LINC00486,HAX1,CANX,NCL,EEF2,YWHAQ,IGFBP1,CFH,PRPF8,G6PD",False,40.33256550676947,0.0099009900990099,191,0.7989791035652161,-0.0124483536928892,0.0054103196598589,0.3485299181193113,1.0
zel031_a549,bb1,BB_6466700968,100,1,0.2524397373199463,39.53958895924459,0.0099009900990099,0.0590724824227181,47.951424356532776,0.4316038787364959,0.1637426900584795,0.8362573099415205,3.409477472305298,0.1200960800051689,-0.0295913952649922,"MPC2,POMP,RPS29,ELOB,COMMD6,MORF4L1,UQCRQ,MT-CO2,SEC61B,RPS19,EIF4A1,NDUFA11,ROMO1,RPL38,S100A4","LINC00486,ASPH,FP236383.3,NCL,G6PD,NAP1L1,MALAT1,EEF2,NEAT1,PABPC1,TXNRD1,EEF1A1,HDLBP,HSP90B1,PHB2",False,40.0997291402584,0.0099009900990099,192,0.8514968752861023,0.1496560126543045,0.0454951710999012,0.1027837246656417,0.7
zel031_a549,bb1,BB_5006432822,108,1,0.232311800122261,40.24335696651096,0.0099009900990099,0.0551973097651197,43.894381509329705,0.2326470762491226,0.1123595505617977,0.8876404494382022,3.1161608695983887,0.1044128909707069,0.0633715676979707,"EIF4A1,TM4SF4,NCL,PSMA1,LIMCH1,ATP5PF,MALAT1,TBCA,TUBA1B,CTSL,DDIT3,TPRKB,LINC00486,GNAS,RTRAF","RPS16,RPS13,COX4I1,RPL13,TMA7,MT-ND4,RPS11,TMSB4X,DYNLL1,RPL37A,RPS4X,CBR1,RPS24,PCBP2,ZFAS1",False,38.96242853075333,0.0099009900990099,193,0.7749096155166626,0.0664694681763649,0.0303588863462209,0.1658423319458961,0.82
zel031_a549,bb1,BB_2149000943,89,1,0.5815449357032776,116.63057051226396,0.0099009900990099,0.1074701170848821,53.73787009813459,0.7837117910385132,0.2756410256410256,0.7243589743589743,6.903269767761231,0.1074861288070678,-0.1973442042537562,"RPL37A,TMSB10,RPS13,RPS29,RPL32,RPS18,RPS16,ZFAS1,RPL38,RPS19,RPS5,RPL37,ATP5MD,RACK1,RPS15A","LINC00486,IGFBP1,APP,MALAT1,EEF1A1,FP236383.3,CTSL,P4HB,HSP90AA1,ITGB1,NPM1,CD44,RAB10,HSP90B1,HDLBP",False,38.92550846852057,0.0099009900990099,194,0.8175348043441772,-0.120561696588993,-0.1124354526400566,0.7021066322922707,1.0
zel031_a549,bb1,BB_0885525824,99,1,0.2497827112674713,44.87008425057343,0.0099009900990099,0.0518588328254948,43.92323455936316,0.2822120189666748,0.1186440677966101,0.8813559322033898,3.2721447944641118,0.092191644012928,0.0751560794824825,"FUS,HSPD1,PFDN5,CNPY2,NEAT1,IGFBP1,HSPA5,RHOQ,NCL,FN1,MAGED2,ATF4,VIM,YWHAB,C16orf95","RPL12,RPS21,RPS4X,SNHG25,COX4I1,RPS11,RPS28,PLEKHA7,RPL32,APOC1,MRPL21,SERF2,RPL27A,DYNLL1,ACP1",False,38.71200334045567,0.0099009900990099,195,0.8083503842353821,0.0631413757801055,0.0825700983405113,0.1866413354873657,0.88
zel031_a549,bb1,BB_6776932943,113,1,0.2586804926395416,50.4425786534688,0.0099009900990099,0.0730992340272645,44.53177218047308,0.4784554541110992,0.1371428571428571,0.8628571428571429,3.62476658821106,0.0905763730406761,0.0694351534075741,"MALAT1,TRAM1,PSAP,GFPT1,IGFBP1,IGFBP4,FP236383.3,SARAF,IPO7,C16orf95,PRNP,SPTBN1,RRBP1,TGFBI,MAP1B","RPL41,RPLP1,RPS18,ATP5F1E,RPL30,RPL35,RPS13,RPLP0,RPS4X,RPS19,CRIP1,KRT18,RPS27A,ATP5ME,RPL34",False,38.4245577100082,0.0099009900990099,196,0.7888323068618774,0.0283014755696058,0.0349245630204677,0.2303790170699358,0.98
zel031_a549,bb1,BB_8516334188,101,1,0.220330074429512,57.13972349083844,0.0099009900990099,0.0524204913624101,43.09771946808449,0.2647442817687988,0.1193181818181818,0.8806818181818181,3.177086591720581,0.1220081448554992,-0.0035517913045961,"RPS21,RPS8,MT-ND1,RPL28,NOP56,PPIB,RPL35A,FN1,FP236383.3,EWSR1,COX7C,MT-CO3,RHEB,RPL37,RPS24","LINC00486,MALAT1,RPL17,EDF1,COX6C,IGFBP1,RPS4X,TM4SF4,RPL3,C19orf33,VDAC2,ALDH3A2,NDUFS8,C1QBP,NQO1",False,37.95537794064259,0.0099009900990099,197,0.8094456195831299,0.0348466001451015,0.0185202918946743,0.1854834742844104,0.85
zel031_a549,bb1,BB_0141978289,109,1,0.2137215435504913,50.41403632817144,0.0099009900990099,0.0675253757492241,43.14770358441992,0.3295263350009918,0.1306818181818181,0.8693181818181819,3.1428346633911133,0.102993905544281,0.0316012652854665,"IGFBP1,NCL,MT-ND5,MYL6,IPO7,ITGB5,STOML2,ATP2B1,NDUFA12,SMOX,RPL6,ALDH3A1,EGLN1,LINC00486,PDHA1","RPS29,RPL27A,RPL41,SERF2,RPS25,RPS21,RPS11,RPS17,RPL23,MT-CO1,ATP5MC3,RPL35A,RPS12,TMEM258,RPL26",False,37.50908322963777,0.0099009900990099,198,0.8273753523826599,0.0814521238207817,0.0340058170258998,0.1322694197297096,0.75
zel031_a549,bb1,BB_0411171276,98,1,0.2283010780811309,55.27069073427579,0.0099009900990099,0.0508369924996014,41.85572604686642,0.3451626002788543,0.1055555555555555,0.8944444444444445,3.168391466140747,0.1082754954695701,-0.0220403748568289,"RPS5,MIF,RPL35A,NDUFA1,ZFAS1,ATP5MD,TCIM,PSMB6,RACK1,RPLP1,COX6C,RPL12,TMEM258,RPL22L1,TXN","LINC00486,MALAT1,UCHL1,FP236383.3,SARAF,MANF,EIF4A1,HNRNPH1,AC114956.3,FLNA,NSA2,TPI1,ALDH1A1,RPS24,AKR1B1",False,37.4376216308083,0.0099009900990099,199,0.7973942160606384,0.0765755251049995,0.0351676046848297,0.1517255529761314,0.82
zel031_a549,bb1,BB_3693426548,98,1,0.2849730551242828,62.106055113944926,0.0099009900990099,0.0740807915563485,43.04092982331159,0.3335966169834137,0.1371428571428571,0.8628571428571429,3.620652675628662,0.133189246058464,-0.0118362932241758,"MALAT1,SEPHS2,HNRNPU,UBXN4,SPAG9,ALDH1A1,CAPN2,LRRC75A,IGFBP1,ERP29,FP236383.3,CD24,HNRNPDL,AKAP12,MCFD2","RPS27A,RPL18,RPL28,OST4,RPLP2,MIF,RPLP1,RPL32,RPL38,RPS20,COX8A,RPL30,RPL37,ROMO1,APOC1",False,37.13817373325743,0.0099009900990099,200,0.7942826151847839,0.0129325939342379,0.0212149340659379,0.2720404611900449,0.97
zel031_a549,bb1,BB_1844827133,109,1,0.266574889421463,61.5826226400364,0.0099009900990099,0.0609557784297096,43.338412348589465,0.4891591966152191,0.1436781609195402,0.8563218390804598,3.6891329288482666,0.0805137977004051,0.0866471368450995,"SPCS1,ASPH,KYNU,CYSTM1,P4HB,PMM1,EIF2S3,AKR1C1,IGFBP1,GCLC,HDLBP,CLU,GSTO1,RPL5,SARS","RPL18,RPS23,RPL35A,S100A6,RPL24,RPS24,RPL38,TMSB4X,RPS29,RPL13A,RPS28,RPL37A,FTH1,RPL37,SERF2",False,37.11162896517144,0.0099009900990099,201,0.7598112225532532,-0.1009479239583015,0.0415426194667816,0.3675228133797645,1.0
zel031_a549,bb1,BB_9413321613,89,1,0.5587776899337769,138.3605928719164,0.0099009900990099,0.0990819163291301,51.91796952837357,0.7478653788566589,0.2987012987012987,0.7012987012987013,6.630043029785156,0.1033670753240585,-0.1299284739166776,"RPS29,RPL31,RPS21,RPL37A,RPLP2,RPL35A,RPL36,RPL27A,RPS28,RPS17,SNHG25,RPL37,RPS16,RPL28,RPLP1","MALAT1,HSPD1,CANX,PDIA6,HSPA5,ASPH,IGFBP1,VIM,SQSTM1,SLC3A2,ACTG1,TMBIM6,MT-ND4,EIF2S2,ALDH3A2",False,36.41000460431393,0.0099009900990099,202,0.7832616567611694,0.2482522577047348,0.1099326312541961,0.310525432229042,1.0
zel031_a549,bb1,BB_6886151638,91,1,0.3706953823566437,62.09221304695885,0.0099009900990099,0.0789737053409704,43.07689907377509,0.5832181572914124,0.1578947368421052,0.8421052631578947,4.619492530822754,0.1167338564991951,-0.1688221644957614,"RPS27A,TMSB4X,RPS21,NTS,RPL32,RPL35A,RPS19,RPL31,RPLP1,SUB1,RPS13,RPL18,RPL41,RPS7,MIF","LINC00486,MALAT1,HSPD1,NCL,IGFBP1,RPL3,GNAS,SSR3,HIST1H2AC,GARS,NPM1,SERP1,HERPUD1,TPM2,CTSL",False,36.27528343054744,0.0099009900990099,203,0.749186635017395,-0.0266268942505121,0.0133910560980439,0.3973222766071558,1.0
zel031_a549,bb1,BB_4720292644,112,1,0.3472557961940765,57.83434805053,0.0099009900990099,0.0642097206788199,43.40581139351769,0.5786267518997192,0.1845238095238095,0.8154761904761905,4.861000061035156,0.1023707538843154,0.064694319020722,"SERF2,RPS11,CALR,OST4,TMEM258,DDIT3,RPS27,TMA7,TXN,GSTP1,RPS20,RPL35,RPS29,MIF,NEDD8","MALAT1,CTSL,VDAC2,MT-ND2,TTC37,CAMLG,PAPPA,METRN,ZNF146,ATP6V1C1,MTUS1,UPK1B,SNX5,CPS1,MAGED2",False,35.396405719713826,0.0099009900990099,204,0.7731837630271912,0.1727259457111358,-0.1458330303430557,0.1745298504829406,0.9
zel031_a549,bb1,BB_0390296220,91,1,0.3934000432491302,60.94548523121855,0.0099009900990099,0.0881407243020143,46.42560882337303,0.6438783407211304,0.2658227848101265,0.7341772151898734,4.532576560974121,0.1902846544981002,0.0179910223174253,"RPS29,MIF,ZFAS1,RPS16,RPS21,RPL24,RPS27,RPL37A,RPL32,RPL38,COX7C,SERF2,RPL35,RPL37,RPL30","MALAT1,HNRNPU,HSP90B1,EEF1A1,APP,EIF4B,FTH1,VCP,STOML2,CTSL,LTBR,NCL,FP236383.3,LASP1,IGFBP1",False,34.08462419943843,0.0099009900990099,205,0.82889324426651,0.1035166084766388,0.1149493679404258,0.2898834347724914,0.99
zel031_a549,bb1,BB_8713766777,105,1,0.2411041557788849,47.65842755496596,0.0099009900990099,0.0467727488971175,38.58668786824009,0.4696412980556488,0.1306818181818181,0.8693181818181819,3.4013917446136475,0.0973261147737503,0.0861228904492935,"RPL28,LINC00486,TPM2,PTMA,AKR1C3,ETFB,RPS21,POLR2L,RPS24,RPLP2,UQCRH,APOC1,RPL36AL,RPL13,ZNHIT1","FN1,CTSL,EIF4A1,HNRNPDL,CLU,DKK1,PDIA3,CTSB,STOML2,FGG,PRNP,TOMM20,LMAN2,APP,PSAP",False,33.54410934000417,0.0099009900990099,206,0.8276678323745728,0.0125748133286833,0.0371137373149395,0.2285293424502015,0.91
zel031_a549,bb1,BB_7049354374,106,1,0.4948427379131317,111.3008230793214,0.0099009900990099,0.1050350012467433,44.37719479012176,0.7552952766418457,0.3071895424836601,0.6928104575163399,6.067183017730713,0.1868674904108047,0.053238793414253,"RPS29,MIF,RPS21,SNHG25,RPL28,COX7C,RPL27A,RPS13,RPL37,RPL38,RPS25,RPL31,RPL18,RPL37A,RPS17","MALAT1,FP236383.3,IGFBP1,CANX,NEAT1,HSPD1,LINC00486,ALDH1A1,HDLBP,EIF3A,HSP90B1,HNRNPU,ANXA1,EEF1A1,FLNA",False,30.744984625835997,0.0099009900990099,207,0.7789610028266907,0.0202237963676452,-0.0245827957987785,0.4746189415454864,1.0
zel031_a549,bb1,BB_1895570180,104,1,0.3649596869945526,69.09619025368279,0.0099009900990099,0.0807138704855859,40.53558364751373,0.6221672296524048,0.2422360248447205,0.7577639751552795,4.441460132598877,0.1706198006868362,-0.0245913952649922,"RPS16,RPS25,RPS29,RPL27A,RPS20,RPL35A,RPS15A,RPS21,MT-CO2,RPL35,RPL37A,RPLP2,RPS23,RPL37,RPL32","MALAT1,ASPH,HSPA5,CTSL,ALDH3A2,IGFBP1,ITGB1,SELENOK,STOML2,MTCH1,HSPA8,CD164,HSP90AA1,MAP1B,PRNP",False,30.71640499997935,0.0099009900990099,208,0.8051083087921143,-0.0281196944415569,-0.0693971812725067,0.3930793814361095,1.0
zel031_a549,bb1,BB_7837625215,101,1,0.2918172478675842,65.24080328994474,0.0099009900990099,0.0637555669316135,38.27086695756834,0.5405493974685669,0.1987951807228915,0.8012048192771084,3.7421889305114746,0.1491744667291641,0.075656129487483,"ATP5F1E,RPS21,RPL38,RPS16,MIF,HSPE1,RPL35A,SNX6,RPL32,RPS3,RPS13,RPS12,RPL24,UQCRB,RPS29","MALAT1,EIF4A1,PFKP,NDUFS8,HLA-A,ITGB1,SPCS2,PGD,CANX,ALDH3A2,IGFBP1,CLIC1,PSMC2,CAPN2,ASPH",False,30.662803044316806,0.0099009900990099,209,0.8550477623939514,0.1616993695497512,0.0902586355805397,0.1301178783178329,0.71
zel031_a549,bb1,BB_6946165266,99,1,0.4645578265190124,84.42724922397456,0.0099009900990099,0.0929208141836766,41.64282407525452,0.7552952766418457,0.2987012987012987,0.7012987012987013,5.474177837371826,0.1913121938705444,0.0448530491794522,"RPS21,CRIP1,RPS29,RPS17,RPL38,RPL27A,RPL37A,RPS15A,RPL28,RPS25,RPS27,COX7C,RPS20,RPL39,RPS11","MALAT1,IGFBP1,HSP90B1,FP236383.3,UGDH,FGL1,AC114956.3,CANX,VIM,GFPT1,HSPA5,HDLBP,CBX4,IDH1,LAMB1",False,29.204058442386284,0.0099009900990099,210,0.8065658211708069,0.1336070746183395,0.0060953400097787,0.3309507519006729,1.0
zel031_a549,bb1,BB_3140609311,106,1,0.3346092402935028,63.54667334567481,0.0099009900990099,0.0705458747872528,39.35278355948209,0.6569238305091858,0.2658227848101265,0.7341772151898734,4.134488105773926,0.1730641275644302,-0.0127989424348035,"RPS21,RPS29,SEC61G,ATP5F1E,RPL35A,RPS13,RPL41,RPL27A,SEC61B,RPL38,RPS17,FAU,RPS20,RPL32,RPL37A","MALAT1,IGFBP1,FP236383.3,VDAC2,EIF2S3,ALDH3A2,ALDH1A1,MTRNR2L12,KLF6,EIF3B,LINC00486,KPNB1,RPL3,CANX,PGD",False,28.8919170436704,0.0099009900990099,211,0.836197555065155,0.1844222694635391,0.0776566043496131,0.1501869708299636,0.75
zel031_a549,bb1,BB_8579790415,107,1,0.296606957912445,91.99651773365989,0.0099009900990099,0.0679769772408581,35.18551831006326,0.6031551361083984,0.2422360248447205,0.7577639751552795,3.9198615550994873,0.1689184010028839,0.0303151467910825,"RPS18,RPL41,RPS29,RPS25,RPL37,CRIP1,RPL11,RPL38,RPL37A,RPS13,RPL30,RPL31,RPS11,RPL27A,RPS27","IGFBP1,MTCH1,ALDH3A2,EIF2S3,VDAC2,ASPH,UBC,HSP90B1,SPCS1,STOML2,MALAT1,VMP1,AC114956.3,SCD,PDIA4",False,26.66231822253241,0.0099009900990099,212,0.7929635643959045,-0.112782709300518,-0.0350147075951099,0.4093896672129631,1.0
zel031_a549,bb1,BB_9265511036,75,1,0.5364235639572144,96.51771997580926,0.0099009900990099,0.0923354020486437,36.83409099317228,0.7350589632987976,0.2987012987012987,0.7012987012987013,6.3316330909729,0.107671745121479,-0.1195913952649921,"RPL37A,RPS13,RPS27A,S100A6,RPS20,RPL32,RPS15A,RPL37,RPL28,RPS7,SERF2,RPS11,RPS29,SNHG25,RPS12","MALAT1,IGFBP3,IGFBP1,ERP29,EEF1A1,CANX,LINC00486,FP236383.3,APP,CTSL,HSP90AB1,PRNP,PDK4,ITGB5,SPX",False,25.83170017702991,0.0099009900990099,213,0.7953881025314331,-0.0593775287270545,-0.0412089452147483,0.595801092684269,1.0
zel031_a549,bb1,BB_7549155266,106,1,0.3147162497043609,67.95609373028334,0.0099009900990099,0.0636059970978984,32.057358749170454,0.623548150062561,0.2345679012345679,0.7654320987654322,4.065657615661621,0.1674812138080597,0.0438048311501021,"TMSB10,RPS21,RPL38,TMEM258,MYL6,RPS29,RPS27,RPL37A,RPS17,RPS15A,RPS2,RPS18,RPL41,MT-CO2,RPS3","MALAT1,FP236383.3,IGFBP1,BTG1,LINC00486,EIF3A,GCC2,NCL,CEBPZ,HNRNPA2B1,EIF2S3,STOML2,FKBP3,VMP1,AKAP12",False,24.53773138825393,0.0099009900990099,214,0.8462265729904175,-0.097153328359127,-0.0272880271077156,0.411869578063488,1.0
zel031_a549,bb1,BB_8943054758,109,1,0.3174740970134735,54.88196502167707,0.0099009900990099,0.0617106579367027,31.726105010672267,0.6611183285713196,0.2269938650306748,0.7730061349693251,4.156887054443359,0.1416326910257339,0.0499498891386775,"RPL35,RPS15A,MIF,ATP5F1E,RPL39,APOC1,CRIP1,RPL37A,RPL41,RPS27,RPL13A,ATP5MD,RPS29,RPS21,S100A4","MALAT1,HSP90B1,MTCH1,APP,NDRG1,MRPL38,FGL1,ITGB5,CANX,MTUS1,RNF130,LRRC75A,AC114956.3,CCDC47,PDK4",False,24.524473811930708,0.0099009900990099,215,0.8044230937957764,0.0683709979057312,-0.0167898871004581,0.2491030991077423,1.0
zel031_a549,bb1,BB_4748925037,113,1,0.2416926473379135,54.69194675383688,0.0099009900990099,0.0540915950655294,27.811944345988767,0.547999918460846,0.2345679012345679,0.7654320987654322,3.423404693603516,0.1479242891073227,0.0517360383633263,"RPL18,RPL35A,RPS27,CRIP1,RPS16,RPS17,RPL41,ATP5MPL,NDUFB9,RPL30,RPS29,RPL37,RPSA,RPL29,SNRPD2","MALAT1,HDLBP,IGFBP1,UGDH,ABCC2,ASPH,PTGR1,CP,FP236383.3,GARS,BHLHE40,FGG,EPHX1,ITGB1,YWHAB",False,21.288154931497576,0.0099009900990099,216,0.797001838684082,0.0904300808906555,-0.0401843637228012,0.151262566447258,0.72
zel039_aec7,bb1,BB_9138301288,35,1,0.9851946234703064,34.73785022164353,0.0099009900990099,0.5378610195146895,94.06192715043863,0.9434155225753784,0.1363636363636363,0.8636363636363636,21.08044815063477,0.1013309881091117,-0.351270840340172,"TBC1D7,ELK3,ANXA3,SPG21,IMP4,ASNSD1,FTH1,USP14,DHX15,ETHE1,FUNDC2,TMEM60,THOC7,CRIPT,NUDT2","RPL23,RPS4X,CD63,RPL36,RPL37,RACK1,RPL4,RPL39,ATP5F1E,RPS2,S100A6,RPL14,RPLP0,RPS20,NPC2",False,81.23530072083338,0.0099009900990099,1,0.946219801902771,0.908844828605652,0.159332275390625,0.0763497948646545,0.03
zel039_aec7,bb1,BB_0549297364,336,0,0.9698030948638916,93.54784264298732,0.0099009900990099,0.1177045558510056,99.35133550071158,0.9852637052536012,0.2345679012345679,0.7654320987654322,13.798112869262695,0.0604055896401405,-0.351270840340172,"FTL,TMEM18,MT1G,RPL6P27,RPL21P16,BBLN,FTH1,TMA16,TRIP6,SLC26A3,UCHL3,NBL1,POP4,SDCBP2,GLOD4","RPS7,SLC39A14,S100A10,HSP90B1,RALA,LINC00486,C16orf95,ANXA2,IGFBP1,RPL23A,MT-RNR2,RPL10A,CD9,RPS24,ANXA1",False,76.04670124745826,0.0099009900990099,2,0.9406583309173584,0.7887535095214844,0.0219369828701019,0.1791970133781433,0.0
zel039_aec7,bb1,BB_6244448270,29,1,0.9865105748176576,36.35387756689704,0.0099009900990099,0.5513480538259539,87.83164218336066,0.932544767856598,0.1363636363636363,0.8636363636363636,20.89452743530273,0.1091708242893219,-0.351270840340172,"HSPA1B,MAPK6,MSN,ACYP1,NARS1,SF3A3,HSPA1A,YKT6,AARS1,NDUFS3,ATP5MF,TRIML2,ATF3,LACTB,PLOD2","RPL35,RPL10,RPL24,RPS11,RPL14,TXN,GSTP1,RPL23,RPS25,B2M,RPL26,TXNRD1,RACK1,MT2A,CD63",False,75.85460006744785,0.0099009900990099,3,0.9471408724784852,0.8266938924789429,0.0817711800336837,0.1598166823387146,0.23
zel039_aec7,bb1,BB_5372566179,276,0,0.9779582619667052,90.47844463974296,0.0099009900990099,0.153048299335573,101.7607371535914,0.9851943254470824,0.2658227848101265,0.7341772151898734,16.016691207885742,0.0679308846592903,-0.351270840340172,"TMEM205,RPL6P27,RPS15P4,TP53I11,SLC26A3,SLC25A11,AC073861.1,RPL21P16,RPL10AP6,GPX3,MRPL37,SMIM27,HES1,RPL26P6,RPS23P8","HSP90B1,HSP90AB1,IGFBP1,TXNRD1,LINC00486,HSPA5,RPL7A,RALA,CANX,GNAS,DSTN,MT-RNR2,ITGB1,NAP1L1,PSAP",False,74.71041461909242,0.0099009900990099,4,0.9447950720787048,0.5229938626289368,0.3009243309497833,0.4546757936477661,0.0
zel039_aec7,bb1,BB_2899866406,256,0,0.978226602077484,85.95596901049917,0.0099009900990099,0.1645439780821747,97.87664648596368,0.9851943254470824,0.282051282051282,0.717948717948718,16.387554168701172,0.0656448751688003,-0.347364590340172,"TMSB10,RPL10AP6,MT-TV,RPL21P16,DDX39A,DNPH1,AL450405.1,RPL6P27,PSMD10,ZNF226,AC089983.1,MRPL55,BPHL,CLN8-AS1,RPS23P8","HSP90B1,HSPA5,RPL5,LINC00486,NAP1L1,EEF2,ITGB1,IGFBP1,TXNRD1,SERPINE1,CD59,PSAP,MYL12B,HSP90AB1,MT-RNR2",False,70.27041286171752,0.0099009900990099,5,0.9437118768692015,0.8640535473823547,0.2577218115329742,0.1139959096908569,0.0
zel039_aec7,bb1,BB_4318016053,281,0,0.9800180792808532,77.23787312177136,0.0099009900990099,0.1501554508369793,90.97492663150815,0.9831549525260924,0.282051282051282,0.717948717948718,17.110557556152344,0.0602913834154605,-0.351270840340172,"CRYAB,FTL,INKA1,LRRC75A,RPA3,SLC26A3,CLTB,ODF2L,AK3,CLN8-AS1,AL450405.1,AL590867.2,SLC2A4RG,RPL6P27,AC073861.1","LINC00486,COX4I1,PTMA,RPL3,BTF3,SLC39A14,EEF2,ACTG1,SERPINE1,NQO1,HSP90B1,YWHAB,TXN,CD59,CANX",False,65.31533194056996,0.0099009900990099,6,0.9378296732902528,0.7795466780662537,0.1644953787326812,0.2003436088562011,0.0
zel039_aec7,bb2,BB_1055437227,343,0,0.355291336774826,30.89230469903019,0.0099009900990099,0.1154292060390433,75.80152875666893,0.9397799968719482,0.1637426900584795,0.8362573099415205,6.975895881652832,0.0599473565816879,-0.1588510152672857,"SLC39A14,AC244102.4,C16orf95,PCAT1,LINC02487,MALAT1,AC004540.1,SGCD,CTSZ,WDR19,PDIA3,BTBD1,RPS2P5,AL034405.1,EWSR1","NPC2,S100A10,ACTG1,IGFBP1,UBC,HSP90B1,RALA,CD9,NQO1,PSMA7,MT-RNR2,GNG11,RPS7,IFITM3,COX6C",False,63.38958252750677,0.0099009900990099,7,0.9519588351249696,-0.266859620809555,-0.0872355923056602,0.6163815855979919,0.03
zel039_aec7,bb1,BB_7334588199,306,0,0.9708197116851808,92.36069416422492,0.0099009900990099,0.1109529744599231,86.62854715063713,0.984447181224823,0.282051282051282,0.717948717948718,14.027591705322266,0.0644940957427024,-0.3480028664839629,"FTL,FTH1,MAP2K2,NUDT16,AC089983.1,TMSB10,TP53TG1,PSMG3,PPP2R1A,MED30,HHIP-AS1,UFSP2,IFI27L1,BBLN,TRPC4AP","LINC00486,HSP90B1,SLC39A14,EEF2,TXNRD1,NAP1L1,PSMA7,ITGB1,IGFBP1,HSP90AB1,C16orf95,PSAP,PTMA,SERPINE1,MT-RNR2",False,62.19485436456,0.0099009900990099,8,0.9389957189559937,0.9607881903648376,0.9605861306190492,0.0102907419204711,0.0
zel039_aec7,bb1,BB_6304962667,413,0,0.958947479724884,83.96870328441835,0.0099009900990099,0.0857477358269642,69.24305173053462,0.98548024892807,0.2048192771084337,0.7951807228915663,12.471592903137209,0.0548802278935909,-0.3415856103159589,"GRPEL1,SLC26A3,ATG101,MT-TV,C18orf21,LYVE1,PSMG3,TSPAN31,SLC52A2,UBE2E3,LARP6,SIKE1,ZNF226,MSMP,PHC2","C16orf95,SLC39A14,LINC00486,HSP90B1,RPS2,RPL9,RPL36,RPL10A,SNHG29,RPS3A,RPSA,HMOX1,RPL14,RPL18A,CTSB",False,55.06073993030464,0.0099009900990099,9,0.9455159902572632,0.489703357219696,0.2806209325790405,0.4691575765609741,0.0
zel039_aec7,bb2,BB_3523796487,350,0,0.1016579270362854,6.490835208768368,0.0099009900990099,0.0568342036242403,57.876225707149565,0.880640983581543,0.1173184357541899,0.88268156424581,3.4261670112609863,0.0911139696836471,-0.0198422689116006,"VIM,CIB1,PRPF4,SNX5,DDX10,MAPK1,PRRC2C,COPS4,MYADM,LIMS1,SMNDC1,AFG3L2,RNF13,SPTSSA,ICAM1","HSPA8,RPS7,NACA,RPL7A,RPL5,APP,HINT1,RPL29,CANX,RPL4,RPS24,TM4SF1,TXN,PCAT19,PGD",False,51.08627743983034,0.01,10,0.9500913619995116,0.4518217444419861,0.0865125507116317,-0.3501563668251037,0.0
zel039_aec7,bb1,BB_7794323333,369,0,0.9599741101264954,81.07982591707577,0.0099009900990099,0.0888022266696464,68.02299559609081,0.985373079776764,0.2578616352201258,0.7421383647798743,12.553802490234377,0.0630345270037651,-0.348560813239901,"FTL,IDH3B,PDZD2,MRPS26,TMSB4X,IFI27L1,ID1,SNRPA1,TLCD5,PYCR1,NGDN,PEF1,NME1,TMSB10,PDXK","LINC00486,SLC39A14,HSP90B1,C16orf95,CANX,RALA,PSAP,GNAS,NAP1L1,ITGB1,HSP90AB1,EEF2,HSPA5,RPL5,IGFBP1",False,50.48247471911142,0.0099009900990099,11,0.9433164596557616,0.9684808254241944,0.9598211646080016,-0.0083068013191223,0.0
zel039_aec7,bb1,BB_8325771045,420,0,0.9592399597167968,100.67960671910052,0.0099009900990099,0.0856508451900112,66.8005284226915,0.98548024892807,0.2578616352201258,0.7421383647798743,12.419096946716309,0.0614083260297775,-0.3465089355782673,"RPS14,LRRC75A,RPL6P27,ZNF511,RPL10AP6,SLC26A3,TMEM160,BCYRN1,AMN1,TSTD1,GPCPD1,IFT22,NUDT16,POLDIP2,EMC9","LINC00486,SLC39A14,HSPA5,C16orf95,HSP90B1,RALA,MT-RNR2,YWHAB,RPS24,ANXA1,SERPINE1,TXNRD1,CANX,SRGN,PPIB",False,49.575234930047785,0.0099009900990099,12,0.9412123560905457,0.6086824536323547,0.4299370348453522,0.3499458432197571,0.0
zel039_aec7,bb2,BB_5903811162,350,0,0.1106815934181213,8.3217787356815,0.0099009900990099,0.0627441274504081,56.22739546570925,0.9146223664283752,0.1235955056179775,0.8764044943820225,4.135482311248779,0.0687780380249023,-0.0569851260544577,"CMTM3,ACYP2,MRPL18,EDEM1,BEST1,STARD4,SLC20A1,CCND3,CRYAB,SMAD2,TGM2,ACTN1,RAB13,TBPL1,ZDHHC13","RPS15,APP,ANXA2,RPL36,RPL3,RPL28,ATF4,MYL12A,HSP90B1,EEF2,HSPA5,RPL10A,ANXA5,HSP90AA1,RPL6",False,49.27794209354294,0.0099009900990099,13,0.9493809938430786,-0.1428309082984924,0.0856497213244438,0.2528569847345352,0.0
zel039_aec7,bb2,BB_8127476770,368,0,0.1127889454364776,9.222413222526392,0.0099009900990099,0.0721662958924602,52.69337504676095,0.8985422849655151,0.0765027322404371,0.9234972677595628,3.356414556503296,0.082860842347145,-0.055075188166259,"PLK2,B2M,TP53I11,TMSB4X,MT-RNR1,DCTPP1,SGCE,DDX3X,PNRC2,RAB8B,ILK,PAIP1,CITED2,CTNNB1,FXYD5","HSPA5,RPS27L,BTF3,RPL29,RPL36,RPL18A,SNRPG,TMEM258,RPL7,RPS28,RPL5,TMA7,SEC61G,RPL28,RPL35",False,48.66218788471367,0.0099009900990099,14,0.950770378112793,-0.3198194503784179,0.1170013919472694,0.4170342981815338,0.0
zel039_aec7,bb2,BB_2197486312,388,0,0.1574075520038604,11.991193310185595,0.0099009900990099,0.1403371760819828,57.43237530959888,0.6800553798675537,0.1916167664670658,0.8083832335329342,3.233431577682495,0.1575472950935363,-0.0162192939484194,"EEF2,AC244102.4,HSPA8,APP,UBXN1,MALAT1,SLC39A14,PCAT1,AC004540.1,C16orf95,FP236383.3,UBC,SWAP70,CANX,PDIA3","NOP10,GNAS,TXN,SERF2,RPL9,GAS5,HINT1,YWHAB,ATP5MC2,NDUFA4,FAU,POLR2L,SF3B5,TOMM7,RPL15",False,46.42736926225059,0.0099009900990099,15,0.9411859512329102,0.0606252700090408,0.0226293727755546,0.1026912629604339,0.0
zel039_aec7,bb2,BB_2953743363,386,0,0.1116709634661674,7.68103262123762,0.0099009900990099,0.0514317415906392,51.92706897005884,0.7970290780067444,0.1117318435754189,0.888268156424581,2.35869574546814,0.0854812115430831,-0.0300273170241098,"MTHFD2,APP,FTL,MT2A,IDI1,FP236383.3,YWHAH,PSMD2,LAMB1,RABIF,HSPA5,FAM126A,TMSB10,FTH1,GBE1","MGST1,ATP5MJ,ATP5MC2,RPS24,S100A10,C16orf95,RALA,RPL5,CD9,HSPB1,PSMB7,RPL6,IL13RA2,SEC61B,PSAP",False,46.12516182256624,0.0099009900990099,16,0.9485169053077698,0.0710180923342704,0.0089545948430895,0.002947598695755,0.0
zel039_aec7,bb2,BB_5134356880,382,0,0.1188410297036171,9.442017637811729,0.0099009900990099,0.0694821701573451,49.71152723034414,0.8976508975028992,0.1299435028248587,0.8700564971751412,3.540627956390381,0.0771351307630539,-0.044988117827083,"CAPZA2,ITGA6,ADAMTSL2,RRM2B,BCAT1,CLINT1,PCAT1,AL034405.1,LINC02487,ECPAS,STX4,FADS2,PKM,LPIN1,C16orf95","UBC,RPL6,RPL5,RPL29,CTSB,OAZ1,RPS2,OST4,COX7C,RPL23A,SEC61B,HSP90B1,COX6C,EEF1B2,RAB32",False,43.25183725125987,0.0099009900990099,17,0.9501039385795592,0.3068214356899261,0.4172743856906891,-0.1913571134209633,0.0
zel039_aec7,bb2,BB_4949730103,388,0,0.0786361768841743,4.948152755219522,0.0099009900990099,0.0433156952987702,49.71889426001198,0.7546484470367432,0.1445086705202312,0.8554913294797688,1.8741066455841064,0.1423094868659973,-0.0007553764226462,"RAC1,RPL23,SIRT2,RPL29,CD81,PTPRN2,REXO2,MRPS22,EIF2S2,EEF1A1,ELOB,RGS10,DYNLL1,FTH1,TMEM181","SLC39A14,MALAT1,C16orf95,RPS27,APP,CALR,HSP90AB1,LINC00486,PDIA3,CANX,SWAP70,PDIA6,GAS5,HSPA8,APLP2",False,42.53408295076169,0.01,18,0.9491890072822572,0.1150261089205741,0.2866091430187225,-0.0522592365741729,0.0
zel039_aec7,bb2,BB_5451609690,384,0,0.0813092142343521,5.912365168315406,0.0099009900990099,0.0605620215123504,47.14582010939143,0.8870688080787659,0.1117318435754189,0.888268156424581,3.5120248794555664,0.081359714269638,-0.070020840340172,"SRP14,TMSB4X,EEF2,BCL2L1,CTSZ,EFNA1,RTF2,MICOS10,TMSB10,SLC2A4RG,TNFAIP8L3,ARHGDIA,STUB1,TPGS2,PSPC1","HSPA5,TXNRD1,HMOX1,MAP1LC3B,HSP90B1,CANX,RPL7A,SNRPD2,PRNP,MYL12B,GSTP1,PTX3,NPM1,SQSTM1,PDIA6",False,41.87813071169406,0.01,19,0.9514018893241882,0.1531285047531128,0.2649886012077331,-0.0513351336121559,0.0
zel039_aec7,bb2,BB_0997424185,377,0,0.1809519231319427,12.38048550998036,0.0099009900990099,0.1136754512840022,56.53450407283713,0.949832320213318,0.282051282051282,0.717948717948718,6.062327861785889,0.0629441142082214,-0.1311116891465381,"AC244102.4,C16orf95,SLC39A14,PCAT1,ADAMTSL2,AL034405.1,WDR19,RPS29,RPS21,TTLL5,RPL37,TMEM232,AC009242.1,ARHGAP6,RPL37A","HSP90B1,IGFBP7,PGF,PSMA7,ACTG1,APP,SERPINE1,HSPA5,DSTN,NQO1,CTSB,CANX,GPX1,MCAM,CD9",False,40.58887471895999,0.0099009900990099,20,0.9489250779151917,-0.0972363278269767,0.1720913052558899,0.3120371773838997,0.0
zel039_aec7,bb2,BB_3354738261,387,0,0.0557712763547897,2.689379172123423,0.01,0.0482613927005383,45.70359939791347,0.6920671463012695,0.1186440677966101,0.8813559322033898,1.7609628438949585,0.1069244146347045,-0.0024336310378464,"BEST1,HSPD1,S100A11,EIF5A,BSG,EIF4A2,CALR,CXCL8,SNHG29,PDIA6,CAV1,FP236383.3,PCMT1,MRFAP1,NGLY1","MALAT1,RPL36,RPS24,RPL29,ZFAS1,COX4I1,TMEM258,APP,HSP90AA1,RPL7,UBA52,RPS5,EEF2,SNRPD2,ATP5MG",False,40.28113845239832,0.0103960396039603,21,0.9566470384597778,0.0712238997220993,0.0197871979326009,-0.0113096758723258,0.0
zel039_aec7,bb1,BB_7546695917,376,0,0.955021321773529,88.37268766381003,0.0099009900990099,0.0915452408504143,56.07558727772613,0.985373079776764,0.282051282051282,0.717948717948718,12.116950035095217,0.067548431456089,-0.351270840340172,"TMSB10,RPS19,RPLP2,RPS3,FTL,TP53TG1,RPL26P6,TNFRSF14,NIT2,GCHFR,WDR45,LRRC75A,TMSB4X,OXLD1,CLN8-AS1","HSP90B1,LINC00486,SLC39A14,GNAS,HSPA5,C16orf95,CANX,TXNRD1,NAP1L1,HLA-E,PTMA,DSTN,PSAP,PRNP,ITGB1",False,40.259395994264914,0.0099009900990099,22,0.9438084959983826,0.9628720879554749,0.9570459723472596,-0.0068452954292297,0.0
zel039_aec7,bb2,BB_9930036786,407,0,0.0366986617445945,1.413385002011755,0.0106930693069306,0.0497727493433069,44.041946535590746,0.5542526841163635,0.1005586592178771,0.8994413407821229,1.321701169013977,0.1319275796413421,0.0443065552372235,"PECAM1,MT1X,TMEM232,SERF2,SAP18,IFITM3,COX7B,AC009242.1,AL034405.1,ESD,PSMD8,GNAS,ATOX1,CAV2,DUSP23","HSPA8,EEF2,APP,RPL24,NAP1L1,TMED2,CALR,DDIT3,SRP14,MMP1,SELENOS,SRGN,APLP2,SARAF,NPM1",False,39.61314744262632,0.0119801980198019,23,0.9325355291366576,-0.3322460055351257,-0.1390181481838226,0.3793538510799408,0.0
zel039_aec7,bb2,BB_5496937688,401,0,0.0528055317699909,2.883561144462522,0.01,0.0427869730037497,41.01178630878793,0.6981980204582214,0.0756756756756756,0.9243243243243244,1.7417248487472534,0.1128943413496017,0.0377565910812743,"EIF3E,CANX,HNRNPA2B1,IL32,ACTR3,SNHG29,PAFAH1B1,CTHRC1,GNAI3,ARHGDIA,FP236383.3,MAGOH,CSDE1,DNAJB4,TMEM230","IGFBP1,ANXA2,ANXA1,GAS5,PTX3,RPL4,RTN4,SELENOK,HDLBP,COX7C,RALA,RPL6,SH3BGRL3,RPL37,RPS15A",False,37.90819166920398,0.0107920792079207,24,0.9459643959999084,-0.1152101308107376,0.005331436637789,0.1721425540745258,0.0
zel039_aec7,bb2,BB_7685966993,408,0,0.0811793878674507,5.609797155282815,0.0099009900990099,0.0482155169085111,44.28423544514696,0.567998468875885,0.1647058823529411,0.8352941176470589,1.5463098287582395,0.2697815299034118,0.0335330812284554,"EIF1,HSPA1A,COX7A2L,PGF,TALDO1,IGFBP1,LGALS1,GNAS,RPS5,EIF3F,RPL35,NDUFS7,RPL18,TIMP1,DUSP1","SLC39A14,C16orf95,AC244102.4,LINC00486,APP,MALAT1,ITGB1,PCAT1,RPS2,PSAP,AC243919.1,RPL5,RPL7,SWAP70,AL034405.1",False,36.99036137182864,0.01,25,0.9425839185714722,-0.0699907466769218,-0.0101135522127151,0.133315123617649,0.0
zel039_aec7,bb2,BB_7709010551,411,0,0.0486773513257503,2.633714866320782,0.0099009900990099,0.0473128214563797,41.588832681459714,0.6640568375587463,0.1186440677966101,0.8813559322033898,1.6016123294830322,0.1238253638148307,0.0404566535771029,"RPLP1,MT-CYB,APP,S100A16,HMGN2,UQCRQ,RPS15,EFNA1,PFN1,NOP10,C4orf3,TRAPPC4,COMT,C4orf48,ZNF593","HSPA5,RPL3,SLC39A14,GPX1,MTHFD2,RPL4,ITGB1,UBC,HMOX1,RPL5,TPT1,TXNRD1,LINC00486,PTX3,SRP14",False,36.65456439721873,0.0108910891089108,26,0.9389989972114564,-0.2740457653999328,-0.2259711921215057,0.3308416157960892,0.0
zel039_aec7,bb2,BB_9703631653,377,0,0.1128519028425216,9.3877367703954,0.0099009900990099,0.0714619885287515,43.15573631174829,0.8510580658912659,0.1560693641618497,0.8439306358381503,3.243605136871338,0.0946583971381187,-0.0409260127539651,"SLC39A14,APP,FTL,APLP2,AC244102.4,CDKN1A,SQSTM1,MALAT1,LINC02487,ITGB1,SAT1,PCAT1,MED4,C16orf95,NCL","ANXA1,CAV1,RALA,ATP5MC2,ICAM2,PTX3,SERPINE1,RPS27L,PGF,IL13RA2,UBC,EIF2S2,SSR3,GNG11,ACTG1",False,36.42044798563729,0.0099009900990099,27,0.9372702836990356,-0.3409400880336761,0.0036856969818472,0.4588111266493797,0.0
zel039_aec7,bb2,BB_8523974361,371,0,0.0966794565320015,6.002919349656347,0.0099009900990099,0.0549116495727476,40.86926267250922,0.8964459896087646,0.1111111111111111,0.8888888888888888,3.2853128910064697,0.0796636417508125,-0.0332115411487973,"FP236383.3,DDIT4,PPIC,AC009242.1,VAT1,ATP2C1,TGFBR2,NMD3,LINC02487,ICAM1,TMEM232,SCRN1,PKM,SEL1L3,SGCD","RPL5,RPS2,ZFAS1,UQCRH,HINT1,GSTP1,SRGN,NDUFA4,S100A10,PTMA,CHCHD2,RPL7A,SERF2,RPS15,RAC1",False,36.32823348667486,0.01,28,0.9319571256637572,-0.2480819374322891,0.0422033034265041,0.3448845893144607,0.0
zel039_aec7,bb2,BB_0405690156,388,0,0.0806183293461799,6.099688183130427,0.0099009900990099,0.0438674203818047,41.07281247966623,0.8781429529190063,0.1173184357541899,0.88268156424581,2.846792221069336,0.0786461383104324,-0.0342605310618215,"SEC11C,SLC3A2,PDIA3,TMEM9B,PCAT1,TGM2,AL122020.1,TSC22D3,ADAMTSL2,TPM2,FERMT2,RPA3,CFAP36,POLR2H,TXNRD2","APP,HSP90AB1,PPIA,GNAS,TMED2,UBC,GAPDH,MYL6,NAP1L1,HSP90B1,PRNP,PSMA7,HLA-E,NPC2,S100A10",False,36.254214367526615,0.01,29,0.9374737739562988,-0.0083879260346293,-0.0139794889837503,0.0881845457479357,0.0
zel039_aec7,bb1,BB_8687334682,434,0,0.915478765964508,84.30442483828138,0.0099009900990099,0.0823553760921566,52.16559899899553,0.98275887966156,0.3071895424836601,0.6928104575163399,9.764872550964355,0.0685729682445526,-0.3282293656857941,"RPLP2,FTH1,RPS21,RPLP1,TMSB10,FAUP1,RPS19,RPL6P27,AMN1,RPS29,SLC26A3,MRPS18A,RPL37A,JMJD6,H1-10","SLC39A14,C16orf95,LINC00486,HSP90AB1,ITGB1,HSP90B1,CANX,HSP90AA1,YWHAB,GNAS,EEF2,NAP1L1,PRNP,HSPD1,MT-RNR2",False,36.140872509108014,0.0099009900990099,30,0.9446493983268738,0.3322319686412811,0.3089417517185211,0.5894850790500641,0.02
zel039_aec7,bb2,BB_7966337922,310,0,0.5280786752700806,54.33780268151668,0.0099009900990099,0.1259119638764633,49.87747401199231,0.949832320213318,0.282051282051282,0.717948717948718,8.313141822814941,0.0650747939944267,-0.1738514855014623,"C16orf95,SLC39A14,RPS6,AL034405.1,RPLP2,TMEM232,RPS21,AC244102.4,PCAT1,RPL41,RPS19,LINC02487,WDR19,RPS18,TMSB10","HSPA5,HSP90B1,ANXA1,KLF6,GNAS,ITGB1,TXNRD1,ANXA5,ACTG1,HSP90AA1,EIF2S2,PDIA6,PECAM1,PRNP,TALDO1",False,35.809468521430375,0.0099009900990099,31,0.9350480437278748,-0.4914574325084686,-0.1220658868551254,1.0292579233646393,1.0
zel039_aec7,bb2,BB_4770152940,348,0,0.1616196632385254,14.11839092688466,0.0099009900990099,0.0906884180832025,44.93537421064864,0.9397799968719482,0.2048192771084337,0.7951807228915663,5.045617580413818,0.0691323205828666,-0.0725352081562639,"C16orf95,AC244102.4,SLC39A14,PCAT1,LINC02487,AL034405.1,SGCD,ADAMTSL2,AC009242.1,TMEM232,BMPR2,AC004540.1,WDR19,MT1X,PDHB","PPIB,TXNRD1,GAPDH,NACA,RPL29,RPL28,MT-RNR2,CD9,GNAS,PTMA,LGALS3,NPC2,UBC,RPL14,RPL36",False,35.73174334822663,0.0099009900990099,32,0.9426753520965576,0.072994016110897,0.2144687920808792,0.0996542498469352,0.0
zel039_aec7,bb1,BB_5422857344,469,0,0.2696902155876159,22.283800323680502,0.0099009900990099,0.053270066830071,40.85078261510731,0.7431763410568237,0.1428571428571428,0.8571428571428572,2.632603883743286,0.1314530670642852,0.0964903536896787,"SLC39A14,RPL36,RPS27,C16orf95,AC244102.4,RPL29,RPS28,RPL28,RPL24,GSTP1,RPS15,ZFAS1,RPS24,RPL18A,COX7A2","VIM,WLS,ATF6,ITPRID2,ELOVL5,EIF3B,DDX17,CAVIN2,TBC1D15,PPP2CB,SLC44A1,SPIRE1,UNC50,MSN,TTC3",False,35.014956527234844,0.0099009900990099,33,0.9467523097991944,0.2372239679098129,0.2088021039962768,0.0617569535970687,0.0
zel039_aec7,bb2,BB_8489537894,402,0,0.0551637262105941,2.9025173049036024,0.0099009900990099,0.0414295875511756,41.11451215378752,0.5780455470085144,0.1494252873563218,0.8505747126436781,1.4864603281021118,0.1374900639057159,0.0367888611523652,"RPL13,S100A10,RPL35,PXDN,RPS19,DEPP1,CD151,CAPNS1,PGF,VPS29,CLDN5,AKR1A1,CAMTA1,RPS21,RPS15A","LINC00486,C16orf95,EEF2,AC244102.4,APP,HSPA5,SLC39A14,CALR,SELENOK,ANXA5,HNRNPA2B1,PRNP,HSP90B1,EIF4A2,SERP1",False,34.970964360692825,0.0103960396039603,34,0.9482543468475342,-0.1825566887855529,-0.2442959100008011,0.2399513162672519,0.0
zel039_aec7,bb2,BB_9889940298,420,0,0.0670048370957374,4.387750819867753,0.0099009900990099,0.0666340086669333,40.858979877543824,0.4017182290554046,0.1560693641618497,0.8439306358381503,1.839422821998596,0.290370911359787,0.0606339215645898,"RPL5,MALAT1,HSPA8,EIF5A,RPL11,ACTG1,MORF4L2,RPL4,EEF2,RPL3,PECAM1,APP,TMED2,CLNS1A,CLTA","TMEM258,NOP10,TRIB3,SAT1,TXN,MYL12B,GSTP1,RPL22,OAZ1,TMSB10,TOMM7,S100A6,B2M,RPL18,FTL",False,34.482144867753746,0.0100990099009901,35,0.9333009123802184,0.0584478341042995,0.0332736782729625,0.0141748748719692,0.0
zel039_aec7,bb2,BB_6162906971,362,0,0.1355636864900589,10.081781612678387,0.0099009900990099,0.0620032025365865,41.01320746600189,0.9299561381340028,0.1764705882352941,0.8235294117647058,4.575095176696777,0.0712721198797226,-0.0529282989037079,"AC244102.4,C16orf95,RPLP2,TTLL5,LINC02487,SLC39A14,ADAMTSL2,WIPI1,CD58,APH1A,ISG15,PNRC1,ARHGAP6,WDR19,ARL6IP4","TXNRD1,HSPA5,HSP90B1,PSAP,HSP90AB1,RPL6,GSTP1,RPL3,RPL29,EEF2,TPM3,PTX3,PPIB,RPL4,PSMA7",False,33.77558261906038,0.0099009900990099,36,0.95443195104599,0.016821825876832,0.1408502161502838,0.1158586796373128,0.0
zel039_aec7,bb2,BB_7648032248,428,0,0.1437940746545791,11.152160407470063,0.0099009900990099,0.0705798237092971,36.17361794369199,0.4598584771156311,0.1186440677966101,0.8813559322033898,3.20141339302063,0.0764937549829483,0.1534020568560896,"CD151,GNAS,GDI2,RALA,CALR,EEF2,UBC,PGF,ANXA5,HSPD1,HSPB1,ANXA2,CTSB,RPL18A,NQO1","C16orf95,SLC39A14,AC244102.4,AL034405.1,LINC02487,AC009242.1,ADAMTSL2,WDR19,LINC00486,PCAT1,STC1,TMSB10,NIT2,RPL39,SGCD",False,31.88183276393192,0.0099009900990099,37,0.93614000082016,0.2248094379901886,0.0928167253732681,-0.1190426871180534,0.0
zel039_aec7,bb2,BB_8384776618,359,0,0.1337558329105377,10.283752863462867,0.0099009900990099,0.0754851623569896,39.376776094567184,0.920288383960724,0.1916167664670658,0.8083832335329342,4.2263503074646,0.071974903345108,-0.0950034308694199,"SLC39A14,AL034405.1,PCAT1,FP236383.3,TTLL5,APP,LINC02487,AC009242.1,ATP5F1A,AC244102.4,AC004540.1,PTPRM,SLTM,TES,SWAP70","GNAS,MYL12B,GSTP1,SERF2,BTF3,GNG11,POLR2L,HSP90AB1,HSPA8,PPIB,NOP10,HSP90AA1,TM4SF1,CHCHD2,UQCRQ",False,31.831525585428565,0.0099009900990099,38,0.9341546893119812,-0.0025232445914298,0.2408533692359924,0.1520192783791571,0.0
zel039_aec7,bb2,BB_7809144981,414,0,0.063083216547966,4.147428918161651,0.0099009900990099,0.0545991009517039,37.96769162993536,0.3332936763763428,0.1647058823529411,0.8352941176470589,1.2680500745773315,0.1704266667366027,0.0545262611091033,"FTL,APP,RAC1,MAP1LC3B,UQCRH,RPL23,H2AZ1,UCHL1,RPS5,PEPD,ABRACL,COMMD6,RPS2,SQSTM1,RPLP0","SLC39A14,C16orf95,AC244102.4,PCAT1,IGFBP1,ACTG1,TPM4,LINC00486,TAGLN2,CXCL8,CD9,FP236383.3,SNCA,SWAP70,MGP",False,31.71418947912248,0.0100990099009901,39,0.9362016320228576,0.0012631878489628,-0.0426078215241432,0.0531133211916312,0.0
zel039_aec7,bb2,BB_3023095376,407,0,0.0633185431361198,3.943687144415717,0.0099009900990099,0.0412633450681805,36.86188074916856,0.7605372667312622,0.1511627906976744,0.8488372093023255,1.860740303993225,0.1504011005163192,0.0271075380382063,"PDIA3,RPL4,IFITM2,ACTB,DNAJB1,LINC00551,FTH1,OXA1L,TMSB10,RBM8A,TAGLN2,CAPNS1,RPL36,RPL10A,PHPT1","LINC00486,C16orf95,SLC39A14,AC244102.4,ITGB1,NAP1L1,PCAT1,APP,TXNRD1,MMP1,PGD,NOP10,EIF4A2,CALR,RPS24",False,31.28973598475936,0.0100990099009901,40,0.9387538433074952,-0.600530207157135,-0.096909761428833,0.6643229126930237,0.37
zel039_aec7,bb2,BB_2283348932,399,0,0.0722154080867767,4.294332144545066,0.0099009900990099,0.0584375359651931,36.41687691022025,0.6214459538459778,0.1445086705202312,0.8554913294797688,1.5764464139938354,0.1553192287683487,-0.0104187100143575,"AC244102.4,AL034405.1,C16orf95,AC009242.1,SLC39A14,WDR19,LINC00486,TTLL5,TMEM232,COX5B,ADAMTSL2,DDX10,PFN1,SIGIRR,LINC02487","RPL5,RAC1,GNAS,NDUFB2,TPM3,YBX1,EIF3M,BTF3,ATP5MC3,GNG11,YWHAB,RPL10A,GUK1,RPS24,TM4SF1",False,31.154322443425414,0.0100990099009901,41,0.9334164261817932,-0.1638872921466827,0.0715736746788024,0.2167851775884628,0.0
zel039_aec7,bb2,BB_9498562905,401,0,0.1003764197230339,8.515084695207515,0.0099009900990099,0.0553745943998713,37.08264020059764,0.9005977511405945,0.1785714285714285,0.8214285714285714,2.9149041175842285,0.0930794551968574,-0.0595002667740872,"RPS14,TMSB10,RPS19,RPL10,RPL35A,EBPL,CDC42SE1,NUDCD2,COA5,RNF130,RAC2,CEBPZOS,S100A6,SMIM29,TOMM7","CANX,APP,UBC,ANXA1,MALAT1,PDIA3,HSPA5,EEF2,HSP90AA1,TPM3,SQSTM1,PRNP,CALR,HSP90AB1,PDIA6",False,30.46074016477663,0.01,42,0.942355453968048,-0.1408540308475494,0.2759251296520233,0.2236808389425277,0.0
zel039_aec7,bb2,BB_5443844769,404,0,0.0478797107934951,2.25207007994992,0.0100990099009901,0.0321141604772677,33.89700863397528,0.2420604825019836,0.106145251396648,0.8938547486033519,1.2997853755950928,0.2023458182811737,0.0497192586697289,"APP,PTMA,C11orf58,NCL,ANP32B,NPM1,CALR,EEF1D,HNRNPDL,THBS1,SERPINE1,CCDC50,MT1E,HNRNPC,SNU13","C16orf95,SLC39A14,CD59,AC244102.4,LINC00486,ATOX1,RPL5,RPL39,ITGB1,UQCRB,TPT1,HSPE1,RPS27A,BST2,MMP1",False,30.299002130927622,0.0108910891089108,43,0.934721291065216,-0.03360216319561,0.016424698755145,0.0843479335308075,0.0
zel039_aec7,bb2,BB_6114924718,374,0,0.1153175681829452,8.77020147472148,0.0099009900990099,0.059629586588325,37.12666377441814,0.9328902959823608,0.2121212121212121,0.7878787878787878,4.075586318969727,0.0740003213286399,-0.0571531932813484,"RPL41,TMSB4X,ZNF271P,TMSB10,PSMG4,ATP5F1E,RPLP1,RPS14,TOMM22,BABAM1,CD320,RPS6,MAPKAPK5-AS1,RPS11,BUD23","HSP90B1,APLP2,LINC00486,CANX,EEF2,ANXA1,TXNRD1,PGD,PDIA6,CALR,PTMA,HSP90AB1,PPIB,PSAP,HSPA5",False,29.251310852571866,0.0099009900990099,44,0.9363178014755248,-0.3728793263435364,0.0050014080479741,0.478468470275402,0.0
zel039_aec7,bb1,BB_0164651813,474,0,0.7483870387077332,62.34131745386249,0.0099009900990099,0.0624429386833001,39.665772959069706,0.9810419678688048,0.2987012987012987,0.7012987012987013,6.671514987945557,0.0653479322791099,0.4440878094488574,"SLC39A14,C16orf95,LINC00486,MT-RNR2,MALAT1,RPL9,NAP1L1,RPS7,APLP2,AC244102.4,HSP90AB1,ITGB1,YWHAB,PRNP,MCAM","TMSB10,FTH1,RPS29,MAP1LC3A,MSMP,FTL,RPLP2,RPLP1,NRBF2,AL450405.1,RPS19,SYS1,RPS21,EMC9,TLCD5",False,27.81755506220473,0.0099009900990099,45,0.945058524608612,0.7632430791854858,0.5624474287033081,-0.0314018726348876,0.0
zel039_aec7,bb1,BB_7908408907,452,0,0.9165704250335692,82.10008017144376,0.0099009900990099,0.0818761117438859,37.22222150709612,0.9849119186401368,0.2578616352201258,0.7421383647798743,9.605870246887209,0.052064474672079,-0.3468460615791101,"FTL,RPS14,TMSB10,RPL27,RPLP2,RPS18,BCYRN1,SLC26A3,TMSB4X,LRRC75A,TPT1,RPL27A,TAF11,GNPAT,FTLP3","SLC39A14,LINC00486,C16orf95,HSPA5,MT-RNR2,MANF,COX6C,GNG11,RPL4,EEF2,MGST3,HSP90B1,OSTC,TM4SF1,PPIB",False,27.624038602750577,0.0099009900990099,46,0.9410743117332458,0.6649300456047058,0.2588816881179809,0.253705084323883,0.0
zel039_aec7,bb2,BB_4053585744,390,0,0.0694546326994896,4.396358588894308,0.0099009900990099,0.0491687684992905,34.40633134437799,0.8527865409851074,0.2048192771084337,0.7951807228915663,2.402235984802246,0.1248263418674469,-0.0102451993145309,"RPS20,TMSB10,RPS29,RPL35A,CRYAB,FAU,MRPS21,RPF1,ATP5F1E,MICOS10,H2AZ1,ATP5MK,MCTS1,ID3,DECR1","HSP90B1,SLC39A14,EEF2,CANX,HSPA5,APLP2,SWAP70,APP,MT-RNR2,HLA-E,PGD,LINC00486,ANXA2,RPL3,PPIB",False,27.359251430469243,0.0100990099009901,47,0.9480268955230712,0.0137635972350835,0.0748549848794937,0.0591527540236711,0.0
zel039_aec7,bb2,BB_0167791271,411,0,0.1487791538238525,12.799496968646691,0.0099009900990099,0.1008386186655946,36.17346276416051,0.5796487331390381,0.24375,0.75625,2.7078568935394287,0.2057812660932541,0.038023563552772,"APP,CALR,CANX,APLP2,HSPA8,PPP1R15A,CLIC1,MALAT1,ITGB1,UBC,FN1,HSP90B1,TPM3,PDIA3,CLNS1A","TMEM258,C16orf95,RPL34,RPL23,RPS15A,RPL39,ZFAS1,RPS28,RPL38,COX6C,RPL31,ATP5MK,ATP5MJ,TMA7,SNHG5",False,27.356181215396383,0.0099009900990099,48,0.9375810623168944,0.0159641318023204,-0.0130307981744408,0.1297692842781543,0.0
zel039_aec7,bb2,BB_1911924834,415,0,0.0380221232771873,1.2506700048056594,0.0109900990099009,0.048245400118904,30.55520567996356,0.1349066495895385,0.106145251396648,0.8938547486033519,1.1858285665512085,0.1442721784114837,0.0631869909851292,"AC244102.4,LINC00486,FP236383.3,SLC39A14,CKS2,RPL30,C16orf95,UBC,RPL37,SARS1,RPL15,C1orf43,RPL5,BEST1,PCAT1","HSP90B1,IGFBP1,TM4SF1,APP,SLC3A2,MALAT1,LDHB,HLA-E,PABPC1,ANXA1,RAB32,PTMA,TRIR,HDLBP,RAN",False,27.311915691587537,0.0119801980198019,49,0.9346168041229248,-0.2183331847190857,-0.1399325877428054,0.2640959918498993,0.0
zel039_aec7,bb2,BB_6014564733,418,0,0.0651950091123581,3.6883939543928217,0.0099009900990099,0.0310132609772114,32.30973848315041,0.3972167372703552,0.1588235294117647,0.8411764705882353,1.2491357326507568,0.2169196009635925,0.0315042792770528,"SRP14,S100A16,NAA38,MGST3,EIF4EBP1,RPS11,HLA-C,OCIAD2,PKIG,RPL28,BTF3,VAMP5,MT-RNR2,RPL36,RPL29","C16orf95,SLC39A14,APP,AC244102.4,PDIA6,LINC00486,HSP90B1,ITGB1,HSPA5,CANX,FP236383.3,EEF2,CALR,TXNRD1,PDIA3",False,27.178191782885342,0.0100990099009901,50,0.9528374075889589,0.0383748710155487,0.0150351505726575,0.0141670778393745,0.0
zel039_aec7,bb2,BB_4329380884,412,0,0.0451410636305809,2.1707661956376083,0.0102970297029702,0.0391232009665813,30.34640722448688,0.3940333724021911,0.1079545454545454,0.8920454545454546,1.200511813163757,0.1310561001300811,0.044360227620993,"TUBA1B,RPL19,SIVA1,RBMX,NQO1,OST4,GLRX,PDLIM3,TUBA1C,OSER1,NSA2,YIF1A,SERF2,HMGB2,ATP6V0E1","IGFBP1,SLC39A14,EEF2,PTMA,LINC00486,PCAT1,C16orf95,SERPINE1,RPS3A,ATP5MC2,AC244102.4,NDUFA1,SNHG6,GAS5,RPLP0",False,27.070374626388865,0.011089108910891,51,,,,,
zel039_aec7,bb2,BB_8496905824,402,0,0.0423777289688587,1.8162318852658703,0.0103960396039603,0.0521519203701033,30.501584340453075,0.8020461201667786,0.1299435028248587,0.8700564971751412,2.1488070487976074,0.1128647997975349,-0.0104748204396745,"HSPA1B,HSPB1,CACYBP,CRYAB,HSPE1,DUT,DNAJB1,PDLIM4,HSPA1A,JAGN1,GSTK1,RPL13,HSPH1,MALSU1,COMMD7","ITGB1,APP,CANX,TPT1,UBXN1,LINC00486,SLC39A14,PSMA7,HLA-E,HSP90B1,PGD,SRP14,PDIA3,IGFBP1,RPL23",False,26.53810162954674,0.0113861386138613,52,,,,,
zel039_aec7,bb2,BB_2999304335,411,0,0.0707814022898674,4.339836247894271,0.0099009900990099,0.0473277930800013,29.123766118118933,0.6069507598876953,0.1206896551724138,0.8793103448275862,1.616676688194275,0.1276530623435974,-0.0155044169825078,"RPL36,SH3GLB1,UBXN1,ENO1,ARF1,TMED2,HSPH1,EIF1B,RPS2P5,TNFRSF12A,SERF2,CALCOCO2,HNRNPH1,ID3,COA4","GNAS,SLC39A14,RPL23,HSP90B1,C16orf95,ARPC2,IGFBP1,SEM1,RAN,EMP1,RPLP0,DBI,SQSTM1,TRIB3,H2AZ1",False,25.60882882800113,0.0100990099009901,53,,,,,
zel039_aec7,bb1,BB_5540590266,466,0,0.6163385510444641,53.232473750456606,0.0099009900990099,0.1426245511711113,33.246239143089355,0.8579650521278381,0.2738853503184713,0.7261146496815287,4.689023494720459,0.0878674238920211,-0.2375369347607729,"HSP90AA1,HSPA1A,HSPH1,UBB,DNAJB1,ZFAND2A,HSPB1,HSPA6,HSPA1B,HSPE1,DNAJA1,CRYAB,UBC,HSPD1,SAT1","MALAT1,CANX,EEF2,MCAM,EMP1,KLF6,APP,NQO1,CD9,PDIA6,YWHAB,PGD,C16orf95,APLP2,PDIA3",False,24.14058128861265,0.0099009900990099,54,,,,,
zel039_aec7,bb1,BB_2927121314,467,0,0.516291081905365,48.51561560532912,0.0099009900990099,0.066189800092246,31.66607471453924,0.9371302723884584,0.2658227848101265,0.7341772151898734,4.080473899841309,0.1051128506660461,-0.2570524249226131,"VIM,FTH1,UBC,MT2A,RPL32,FTL,GAPDH,LGALS1,RPL35A,RPL8,RPS23,STK24,S100A6,RPL3,RAE1","C16orf95,SLC39A14,AC244102.4,LINC00486,MALAT1,MANF,PFDN4,COMMD6,TBCA,DPM1,GAS5,SNHG6,RPL26,APP,HINT1",False,23.248510549914887,0.0099009900990099,55,,,,,
zel039_aec7,bb2,BB_1564494047,409,0,0.0665086135268211,3.4747305961690915,0.0099009900990099,0.0535288524716508,26.156348398387216,0.6482289433479309,0.1511627906976744,0.8488372093023255,1.7244555950164795,0.1529533416032791,0.0154773259189966,"MMP1,RPL5,CXCL8,IER3,TIPARP,UBC,CASP4,MT-CO1,GNAS,PSMA1,PHLDA1,RPS11,RPS29,ZFAND2A,OOEP","HSPA5,EEF2,NUCB2,COX5A,HSP90B1,MANF,TAGLN2,PPIB,CD59,IGFBP1,SPARC,LAMA4,GPX1,PDIA6,OST4",False,22.20248178002636,0.0100990099009901,56,,,,,
zel039_aec7,bb2,BB_3217225768,413,0,0.0995091497898101,6.556883258643939,0.0099009900990099,0.0545503938475716,29.21488930952328,0.3972167372703552,0.2422360248447205,0.7577639751552795,1.721281886100769,0.1628294438123703,0.0821432032433631,"GSTP1,UQCRQ,SNRPD2,RPL35,RPL37,RPS21,LGALS1,RPL36,RPS29,RPS2,RPS18,RPL38,COX5A,RPS28,RPL10","C16orf95,APP,SLC39A14,AC244102.4,CANX,EEF2,LINC00486,CALR,FP236383.3,SWAP70,PDIA3,ITGB1,TMED2,PDIA6,FN1",False,22.13799065690584,0.01,57,,,,,
zel039_aec7,bb1,BB_2781176118,460,0,0.8048708438873291,73.51189009859335,0.0099009900990099,0.1161240158130417,35.11363699793585,0.9731342792510986,0.3698630136986301,0.6301369863013699,7.151943683624268,0.0711329653859138,-0.2969230142532155,"RPLP2,TMSB10,RPS19,RPL35A,TMSB4X,RPLP1,S100A6,RPS13,RPL27A,LGALS1,RPS12,RPS29,RPS21,AC004540.1,RPL30","C16orf95,LINC00486,HSP90B1,SLC39A14,ITGB1,IGFBP1,HSP90AA1,UBC,MALAT1,CANX,GNAS,PRNP,DPM1,HLA-E,APP",False,22.12640139595958,0.0099009900990099,58,,,,,
zel039_aec7,bb1,BB_8930974984,473,0,0.6872622966766357,63.92457711594231,0.0099009900990099,0.0642346853879359,30.74048957471057,0.97655588388443,0.2903225806451613,0.7096774193548387,6.651002407073975,0.0591279678046703,0.3696593922179674,"C16orf95,SLC39A14,RALA,MT-RNR2,ITGB1,LINC00486,HSP90AB1,ANXA1,HSP90AA1,APP,NPM1,EMP1,APLP2,MALAT1,TPM3","RPS14,RPS19,TMSB10,SGCD,RPLP2,FTL,RPS6,AC004540.1,LRRC75A,CRIM1-DT,MED30,TMEM232,SDCBP2,MSMP,FTLP3",False,21.81583131108492,0.0099009900990099,59,,,,,
zel039_aec7,bb1,BB_7150492135,439,0,0.8635315299034119,77.42238671037823,0.0099009900990099,0.0862232564440134,33.78472832135638,0.9801079034805298,0.3605442176870748,0.6394557823129252,7.989706039428711,0.0725240334868431,-0.3057127537798075,"TMSB10,RPS29,TMSB4X,RPLP1,RPS19,AC004540.1,RPS3,ADA,RPS21,RPS18,FTH1,RPS13,RPL41,RPLP2,LINC02762","LINC00486,SLC39A14,C16orf95,HSP90B1,APP,ITGB1,PRNP,HSPA8,HSPA5,PABPC1,CANX,GNAS,APLP2,RPS7,EEF2",False,21.603839878962585,0.0099009900990099,60,,,,,
zel039_aec7,bb1,BB_1759915366,467,0,0.6257481575012207,53.42748480432083,0.0099009900990099,0.0552729762914456,27.922869725741336,0.957291543483734,0.2269938650306748,0.7730061349693251,4.842361927032471,0.068789854645729,-0.2677590630382448,"FTH1,FTL,S100A6,RPS13,BEST1,RPLP1,LGALS1,RPS21,RPL11,AC004540.1,MT1X,MAP1LC3A,PHYH,MMP1,RPL30","C16orf95,SLC39A14,IGFBP1,LINC00486,PRNP,DPM1,AC243919.1,NDUFA1,MANF,DSTN,GAS5,SF3B5,ROMO1,TBCA,ARPC2",False,21.58454960394729,0.0099009900990099,61,,,,,
zel039_aec7,bb1,BB_1748751977,470,0,0.8693885207176208,76.638888863093,0.0099009900990099,0.1212046789875169,39.02719632432918,0.9829007387161256,0.4492753623188406,0.5507246376811594,9.155275344848633,0.0619562044739723,0.5189419256172747,"C16orf95,SLC39A14,HSP90B1,EIF4A2,SERPINE1,HSP90AB1,MALAT1,KLF6,HSPA5,LINC00486,POSTN,HDLBP,FN1,HNRNPDL,EEF2","RPS21,TMSB10,RPL35A,RPLP2,FTL,RPS19,RPLP1,RPL27A,RPS29,RPL41,TMSB4X,RPL37A,RPS18,ATP5MF,FTH1",False,21.493238555427663,0.0099009900990099,62,,,,,
zel039_aec7,bb2,BB_7987591949,414,0,0.0436240211129188,2.3157472887904005,0.01,0.048380157378971,23.75736893541967,0.2648045420646667,0.1123595505617977,0.8876404494382022,1.2817907333374023,0.186128482222557,0.0593571789834994,"PSAP,APP,HSP90AA1,PRNP,MRFAP1,FP236383.3,HSPD1,ST13,SEC61G,ITGB1,HSPA8,ZFAND2A,NACA,DNAJB1,PTGR1","MT2A,IGFBP1,GAS5,CAV1,CUL3,RPS11,ANXA2,MRPL17,ATP5MG,TMSB10,MYL12A,TAF1D,TSC22D3,ZFAS1,S100A10",False,21.088001639305094,0.0112871287128712,63,,,,,
zel039_aec7,bb2,BB_3624989023,360,0,0.1239000335335731,9.560279593478851,0.0099009900990099,0.0847522497335419,28.279288806161556,0.9313982129096984,0.2658227848101265,0.7341772151898734,4.600375652313232,0.0711430013179779,-0.076270840340172,"RPS14,RPS3,LGALS1,RPS21,MT1X,FTH1,TMSB10,RPS16,RPS18,S100A6,RPS19,PPP2R5C,RPL37A,RPL35A,H2AJ","APP,CANX,EEF2,SLC39A14,LINC00486,ITGB1,MALAT1,C16orf95,SWAP70,CALR,MCAM,APLP2,AC244102.4,SQSTM1,CD59",False,20.76200950325785,0.0099009900990099,64,,,,,
zel039_aec7,bb1,BB_9630095191,474,0,0.7487684488296509,71.91194089948326,0.0099009900990099,0.1019951960232424,36.93303296950843,0.9820293188095092,0.4388489208633093,0.5611510791366907,6.482550621032715,0.0921323224902153,0.4061131259045537,"SLC39A14,C16orf95,LINC00486,AC244102.4,MALAT1,HSP90B1,HSPA5,EIF4A2,APP,CANX,SERPINE1,HDLBP,NAP1L1,PRNP,HSP90AB1","TMSB10,RPS21,TMSB4X,RPLP2,RPLP1,RPS15P4,RPS19,RPS13,RPL6P27,FTH1,RPL41,SLC26A3,RPS3,S100A6,RPL21P16",False,20.725011306630638,0.0099009900990099,65,,,,,
zel039_aec7,bb2,BB_9734057272,399,0,0.0712190568447113,4.8166160559558415,0.0099009900990099,0.0482789757338277,24.63124836675104,0.5591601133346558,0.1627906976744186,0.8372093023255813,1.463233232498169,0.2006286680698394,0.0096314152989256,"S100A10,SH3BGRL3,VIM,RPLP0,LGALS1,IFITM3,SERF2,TMSB10,NACA,PTX3,RPL32,RPL41,IFI27,ICAM2,FTH1","SLC39A14,C16orf95,APP,AC244102.4,LINC00486,MALAT1,FP236383.3,SWAP70,EEF2,RPL5,ERP29,PCAT1,PDIA3,GNG11,PSAP",False,20.62151026053575,0.0100990099009901,66,,,,,
zel039_aec7,bb2,BB_4958727004,397,0,0.0601384118199348,4.066558231050189,0.0099009900990099,0.0479387805534812,24.93989689566171,0.6015738248825073,0.1976047904191616,0.8023952095808383,1.515317440032959,0.1757098883390426,0.0316006961837574,"RPS24,LGALS1,MT2A,COMMD6,MYL12B,VIM,CDK2AP2,YIF1A,RPL37A,PLEKHA7,IFI27,CRIP2,EIF1,RPL41,RPL35A","APP,SLC39A14,CANX,HSP90AB1,MALAT1,C16orf95,HSPA8,EEF2,ITGB1,LINC00486,APLP2,FN1,EMP1,NAP1L1,P4HB",False,20.011653796518974,0.0101980198019801,67,,,,,
zel039_aec7,bb1,BB_0787221251,467,0,0.7595686912536621,66.87050612033235,0.0099009900990099,0.1201775319607976,34.234061520110615,0.9792132377624512,0.4388489208633093,0.5611510791366907,7.139857769012451,0.0833055302500724,0.4602923288247102,"SLC39A14,C16orf95,MALAT1,LINC00486,APP,PRNP,ITGB1,HSP90B1,NAP1L1,AC244102.4,HSPA5,HSP90AA1,APLP2,CANX,EMP1","TMSB10,RPLP2,FTH1,RPLP1,RPS29,TMSB4X,RPS19,LGALS1,RPS18,RPS21,RPL27A,RPS12,RPL37A,RPS3,RPL35A",False,19.21048056524193,0.0099009900990099,68,,,,,
zel039_aec7,bb1,BB_8064768238,459,0,0.8095453977584839,70.15749890306978,0.0099009900990099,0.0818344759084187,28.055795437297714,0.9732199311256408,0.3157894736842105,0.6842105263157895,6.999435424804688,0.069899782538414,-0.2989832586408256,"TMSB10,RPLP2,TMSB4X,RPLP1,RPS21,RPL35A,FTH1,RPS19,RPL27A,RPL41,RPS18,S100A6,RPS3,RPL37A,UQCC2","C16orf95,SLC39A14,LINC00486,IGFBP1,PRNP,ITGB1,HSP90B1,MALAT1,EMP1,HSPA5,APLP2,APP,EIF3E,BTF3,PGD",False,19.196070562361594,0.0099009900990099,69,,,,,
zel039_aec7,bb1,BB_9390216993,467,0,0.5379337668418884,44.65735794054751,0.0099009900990099,0.0705268949888176,24.209958278372557,0.9475204348564148,0.2134146341463414,0.7865853658536586,4.3221211433410645,0.0627624094486236,-0.2463457868069814,"AC004540.1,RPS14,RPL35A,B2M,AC244102.4,TMEM232,TMSB10,RPS21,RPS27A,AC009242.1,SWAP70,DNAJA1,RPS12,TPT1,RPS29","C16orf95,SLC39A14,LINC00486,GSTO1,RPL9,RPS3A,SSR3,MT-RNR2,MALAT1,RTN4,RPS7,SRGN,SNHG6,NAP1L1,SLC25A3",False,19.04319888969549,0.0099009900990099,70,,,,,
zel039_aec7,bb2,BB_2784786752,395,0,0.0583948753774166,3.724730872047462,0.0099009900990099,0.0518345432956325,22.758610319229724,0.6940866708755493,0.1705882352941176,0.8294117647058823,1.6660423278808594,0.1200079843401908,0.0031595394066634,"ZFAND2A,HSPA1A,DNAJB1,WDR19,SLC3A2,HSPA1B,UBB,HSPH1,SNHG31,DNAJA1,RPL38,AL034405.1,HSPA6,UBA52,RPL24","RPL5,QARS1,NQO1,PTMA,TM4SF1,LINC00486,MT-RNR2,EEF2,CANX,EMP1,TXNRD1,TMED2,SARS1,GPX4,ATP5MC3",False,18.87625914712583,0.0103960396039603,71,,,,,
zel039_aec7,bb0,BB_0302650651,2314,0,0.1055542603135109,8.15149796240969,0.0099009900990099,0.0910279884177818,27.529793125968958,0.7979955673217773,0.3157894736842105,0.6842105263157895,2.3362128734588623,0.2845639288425445,0.0022295918119455,"PECAM1,CD9,GNG11,TMSB4X,CLEC14A,MCAM,CD59,HYAL2,ICAM2,CLDN5,CCND1,ESAM,GPX1,RGCC,NQO1","HSP90AA1,UBB,HSP90AB1,HSPD1,UBC,DNAJB1,HSPH1,HSPA8,HSPA1A,SQSTM1,HSPA5,DNAJA1,HMOX1,HSPA1B,GDF15",False,18.83617424408402,0.0099009900990099,72,,,,,
zel039_aec7,bb1,BB_6821040250,462,0,0.7944124937057495,66.67306703639203,0.0099009900990099,0.0883593076718299,26.7280651991675,0.9684640169143676,0.2987012987012987,0.7012987012987013,6.1272711753845215,0.0795196294784545,-0.3079807970501287,"TMSB10,FTL,FTH1,RPS29,RPS19,RPLP1,RPL39,RPL27A,CRYAB,RPL10,RPS13,TMSB4X,LGALS1,RPL41,RPLP2","SLC39A14,C16orf95,LINC00486,APP,MALAT1,NAP1L1,AC244102.4,PECAM1,PDIA3,CANX,HSP90B1,ITGB1,APLP2,SELENOK,SERPINE1",False,18.744357412403183,0.0099009900990099,73,,,,,
zel039_aec7,bb2,BB_9643158810,408,0,0.1025230437517166,6.569042732891303,0.0099009900990099,0.071034812101278,26.16827569375033,0.8016563057899475,0.3071895424836601,0.6928104575163399,2.418236255645752,0.1425837874412536,0.0433370027970828,"RPLP2,RPL37A,NDUFA1,RPL5,UQCRH,RPS16,RPS21,RPS11,RPS15A,NAA38,RPL41,RPS19,RPS13,UBA52,FTL","LINC00486,SLC39A14,C16orf95,ITGB1,PECAM1,CANX,HSPA5,EEF2,APP,CALR,AC244102.4,IGFBP1,TMED2,RPL3,SERPINE1",False,18.12965505580088,0.01,74,,,,,
zel039_aec7,bb1,BB_4739038994,471,0,0.8189133405685425,78.08813710571464,0.0099009900990099,0.1024537186525908,34.921616972709586,0.9892569780349731,0.4925373134328358,0.5074626865671642,8.320871353149414,0.0634557530283927,0.5022323443732037,"C16orf95,SLC39A14,LINC00486,CANX,HSPA5,HSP90B1,HSP90AB1,PRNP,MALAT1,APP,HSPD1,PABPC1,NAP1L1,PDIA3,HDLBP","TMSB10,RPS21,TMSB4X,RPLP2,RPLP1,RPL35A,RPS29,RPL37A,RPS19,RPL27A,FTH1,RPL41,RPS18,LGALS1,FTL",False,17.721417568240685,0.0099009900990099,75,,,,,
zel039_aec7,bb2,BB_4204953307,415,0,0.063369296491146,3.327958724140404,0.01,0.0587928933981179,22.10812204565222,0.7489572167396545,0.2024539877300613,0.7975460122699387,1.9901471138000488,0.1933260709047317,-0.00669252708716,"FTL,DNAJB1,FTH1,MT2A,UBB,IGFBP1,ELOB,SQSTM1,GADD45B,RPL32,PHPT1,DCXR,HERPUD1,RPL13,MT1X","SLC39A14,C16orf95,LINC00486,AC244102.4,APP,PDIA3,PCAT1,EEF2,RALA,SRP14,PECAM1,PGF,ITGB1,RPS24,HNRNPA2B1",False,17.632244576287047,0.0100990099009901,76,,,,,
zel039_aec7,bb1,BB_0094546068,453,0,0.867039680480957,71.83551138343657,0.0099009900990099,0.0762015946685607,23.33931626244576,0.9718337655067444,0.2578616352201258,0.7421383647798743,7.670756340026855,0.0634287521243095,-0.3159507520399512,"HSPA6,DNAJB1,HSPA1B,RPS29,RPL35A,FTL,RPLP2,CRYAB,FTH1,HSPA1A,AC009242.1,BAG3,TMSB10,RPL27A,HSPH1","C16orf95,LINC00486,SLC39A14,HSP90B1,NAP1L1,DSTN,IGFBP1,CD9,RPS7,TXNRD1,ITGB1,MCAM,CANX,PGF,EEF2",False,17.321002006091824,0.0099009900990099,77,,,,,
zel039_aec7,bb1,BB_4348936015,472,0,0.8415371775627136,93.5417056615418,0.0099009900990099,0.1094726854757305,32.67045691092412,0.9892569780349731,0.4705882352941176,0.5294117647058824,8.51590347290039,0.0643422603607177,0.513135939320845,"SLC39A14,C16orf95,LINC00486,CANX,MALAT1,APP,HSP90B1,HSPA5,NAP1L1,EIF4A2,EEF2,APLP2,PRNP,YWHAB,ITGB1","TMSB10,RPL27A,RPLP2,RPLP1,RPS19,RPS29,LGALS1,RPS21,FTL,TMSB4X,RPS13,RPL37A,RPL41,RPS18,RPS23",False,17.29612424695983,0.0099009900990099,78,,,,,
zel039_aec7,bb0,BB_2371372935,2267,0,0.1041742414236068,6.794170908192608,0.0099009900990099,0.0672860784700405,21.842655006172304,0.5449574589729309,0.2111801242236025,0.7888198757763976,2.041041851043701,0.2401589900255203,0.0082351146664446,"IGFBP1,HSPA5,HSP90B1,MANF,PTX3,PDIA6,DDIT3,IGFBP3,PDIA4,FTH1,OSTC,SERPINE1,NUCB2,DDX10,LGALS3","HSP90AA1,HSPA8,UBB,HSPH1,UBC,DNAJA1,HSPD1,HSPB1,DNAJB1,HSPA1A,GNG11,MT-RNR2,SRGN,MMP1,HSP90AB1",False,17.229920408595547,0.0099009900990099,79,,,,,
zel039_aec7,bb1,BB_8690476079,470,0,0.8281552195549011,72.14835866619515,0.0099009900990099,0.095303793063837,29.867806135758777,0.9873104691505432,0.4285714285714285,0.5714285714285714,7.830478191375732,0.0670330226421356,0.4700057554045088,"SLC39A14,C16orf95,LINC00486,MALAT1,EEF2,HSP90B1,MT-RNR2,AC244102.4,APP,APLP2,POSTN,FN1,HSPA5,SERPINE1,PSAP","TMSB10,FTL,RPS21,FTH1,RPLP1,S100A6,RPLP2,RPL27A,RPS19,RPS29,TMSB4X,RPS23,RPL35A,SLC26A3,RPL41",False,17.067317791862155,0.0099009900990099,80,,,,,
zel039_aec7,bb1,BB_7747778414,474,0,0.1837543547153473,13.537335211683816,0.0099009900990099,0.0570993561504648,23.23576216704296,0.549472987651825,0.2658227848101265,0.7341772151898734,1.743991732597351,0.1498437374830246,0.0158177672547646,"RPL35,RPL10,GNG11,ATP5F1E,RPL39,RPL38,RPS29,RPS27,POLR2L,RPS12,RPS28,RPL32,RPS25,RPL31,RPL18A","MALAT1,ITGB1,APP,ST13,UBE2D3,HSPA5,CTSL,EIF3A,CPT1A,HNRNPU,PRNP,EIF4A2,INSIG1,YWHAB,DDX5",False,17.059167160613818,0.0099009900990099,81,,,,,
zel039_aec7,bb1,BB_9727029708,472,0,0.80940842628479,76.4482202087453,0.0099009900990099,0.1386799168907232,33.9559562364981,0.9834344387054444,0.5151515151515151,0.4848484848484848,7.562106132507324,0.0846221446990966,0.4453393291513534,"C16orf95,SLC39A14,LINC00486,MALAT1,APP,ITGB1,APLP2,CANX,HSP90B1,NAP1L1,AC244102.4,PRNP,MANF,EIF3E,MCAM","TMSB10,HSPA1B,HSPA1A,RPS21,RPLP2,RPS19,HSPA6,RPL27A,CRYAB,RPL35A,RPLP1,LGALS1,RPS29,RPL10,RPL41",False,16.463493932847566,0.0099009900990099,82,,,,,
zel039_aec7,bb2,BB_0001826021,400,0,0.0856900587677955,6.377074644398621,0.0099009900990099,0.0649664784472048,21.034386953797547,0.7624987363815308,0.2208588957055214,0.7791411042944785,1.970966100692749,0.14251708984375,0.0212291596598279,"COX5B,RPLP1,POLR2L,TOMM7,RPS18,RPS19,RPLP0,RPS13,TSPAN15,RPL37A,RPS16,RPL27A,RPS21,COX5A,DBI","APP,SLC39A14,C16orf95,CANX,LINC00486,MTHFD2,ITGB1,HSP90B1,MALAT1,HSPA5,RPL4,PDIA3,PECAM1,AC244102.4,NAP1L1",False,16.388755479339192,0.01,83,,,,,
zel039_aec7,bb1,BB_9054028486,471,0,0.8291273713111877,75.49494525992513,0.0099009900990099,0.1175610141816822,29.52763526315673,0.9867510199546814,0.4492753623188406,0.5507246376811594,8.072766304016113,0.0729353204369545,0.4958629176216114,"LINC00486,C16orf95,SLC39A14,HSP90B1,HSPA5,MALAT1,IGFBP1,MANF,CANX,APLP2,HDLBP,AC243919.1,ITGB1,EIF4A2,RPL9","TMSB10,RPLP2,TMSB4X,RPS21,RPS29,RPLP1,LGALS1,RPL27A,RPL35A,S100A6,HSPA1B,RPS3,FTL,HSPA6,RPS18",False,16.261596231883416,0.0099009900990099,84,,,,,
zel039_aec7,bb1,BB_7526096666,474,0,0.8530498147010803,85.7965096581004,0.0099009900990099,0.1165204703434257,31.80919617999253,0.9872049689292908,0.4925373134328358,0.5074626865671642,8.566871643066406,0.0600454062223434,0.5221468811788152,"C16orf95,SLC39A14,LINC00486,MALAT1,HSP90B1,NAP1L1,PRNP,APLP2,ITGB1,APP,RPS7,RPL6,TXNRD1,YWHAB,RPL9","HSPA1B,HSPA6,RPL35A,RPLP2,HSPA1A,TMSB10,CRYAB,FTH1,FTL,RPLP1,RPS21,RPS19,RPS29,BAG3,ID1",False,16.141980151040986,0.0099009900990099,85,,,,,
zel039_aec7,bb1,BB_7872179906,468,0,0.5667849779129028,51.52119577814584,0.0099009900990099,0.0942593847577039,26.22395037333782,0.958951771259308,0.3888888888888889,0.6111111111111112,4.717806339263916,0.0833088159561157,-0.2337494728188045,"RPS21,RPS29,RPLP1,RPLP2,RPS23,TMSB10,FAU,LGALS1,TMSB4X,RPL12,RPL32,RPL41,RPS9,RPS3,RPS19","SLC39A14,C16orf95,LINC00486,HSPA5,MALAT1,HSP90B1,CANX,PRNP,APLP2,AC244102.4,PSAP,ANXA1,NAP1L1,EIF3E,PABPC1",False,16.025747450373114,0.0099009900990099,86,,,,,
zel039_aec7,bb2,BB_3942387955,412,0,0.033449150621891,0.8902137371994145,0.0117821782178217,0.0411177183336552,18.49442874769213,0.4598584771156311,0.1379310344827586,0.8620689655172413,1.2517186403274536,0.1055244281888008,0.0516417810190512,"ITGB1,PSAP,IL13RA2,POMP,YWHAZ,SQSTM1,SOD2,ATP5MC3,SDCBP,GSN,TKT,ATP6V0E1,CD59,VIM,TAGLN2","C16orf95,MANF,RPS15,RPL36AL,RPL5,SEC61B,AC243919.1,RPS4X,RPL26,NELFE,ZFAS1,COX6C,IGFBP1,RPL35A,ATP5F1E",False,15.943473058355282,0.0125742574257425,87,,,,,
zel039_aec7,bb1,BB_4825242175,463,0,0.5409142971038818,52.13024505048452,0.0099009900990099,0.1085126207890801,26.83380286195063,0.9366858005523682,0.4184397163120567,0.5815602836879432,4.285149097442627,0.0840312913060188,-0.2065624170140381,"RPLP2,RPS21,RPS28,RPL27A,TMSB10,RPL37,RPL37A,RPS29,RPL38,RPS18,RPL10,LGALS1,RPS15A,RPS11,TMSB4X","PRNP,MALAT1,SLC39A14,C16orf95,APP,CANX,ITGB1,HSP90B1,LINC00486,PDIA3,HSP90AA1,HSPD1,DDX5,NAP1L1,CSDE1",False,15.605474004822351,0.0099009900990099,88,,,,,
zel039_aec7,bb1,BB_6285514371,473,0,0.77573561668396,61.35038409993948,0.0099009900990099,0.1124797581791855,29.4215517546774,0.987619400024414,0.4705882352941176,0.5294117647058824,7.858366012573242,0.0695799216628074,0.462682648031921,"SLC39A14,C16orf95,LINC00486,MALAT1,ITGB1,HSP90B1,APP,HSPA5,CANX,EEF2,NAP1L1,APLP2,PRNP,SERPINE1,PDIA6","TMSB10,RPL35A,RPS21,RPS18,RPLP2,RPLP1,RPS29,RPL27A,RPS19,RPS12,RPS23,FTH1,TMSB4X,RPL41,RPS13",False,15.576115634829211,0.0099009900990099,89,,,,,
zel039_aec7,bb1,BB_6383795180,466,0,0.5480725169181824,45.37783461776594,0.0099009900990099,0.0741208432878215,21.48490235276553,0.9496370553970336,0.282051282051282,0.717948717948718,4.582365036010742,0.0954507663846015,-0.2611420849753652,"FTL,TMSB10,GAPDH,FTH1,RPS21,LGALS1,RPL10,RPLP2,RPS19,UBC,RPS18,CRYAB,HSPA1A,RPS23,RPS8","SLC39A14,C16orf95,AC244102.4,LINC00486,MALAT1,IGFBP1,MANF,EIF4A2,TBCA,GAS5,RPL7,AC243919.1,DPM1,UQCRB,CANX",False,15.425058099421406,0.0099009900990099,90,,,,,
zel039_aec7,bb2,BB_7859195179,421,0,0.0679557546973228,4.456721985004081,0.0099009900990099,0.0723944338012648,20.37212581374204,0.5796487331390381,0.24375,0.75625,1.8626009225845337,0.1434755027294159,0.0691567131040085,"ANXA1,FP236383.3,HSP90AB1,MTHFD2,MALAT1,UBC,CTSL,PSAP,NAP1L1,HSPA5,CANX,MMP1,GARS1,CLIC1,SARS1","POLR2L,SLC39A14,RPL10,RPL18A,C16orf95,RPL37A,RPS27A,RPS13,RPL9,RPS27,GPX1,RPL26,RPL30,FAU,RPS28",False,15.406420146642416,0.0100990099009901,91,,,,,
zel039_aec7,bb1,BB_1030418220,476,0,0.7898839116096497,88.815502833696,0.0099009900990099,0.1086683830803071,29.77780181926992,0.988107979297638,0.4925373134328358,0.5074626865671642,7.592466354370117,0.0748491436243057,0.4428468067186514,"C16orf95,SLC39A14,MALAT1,LINC00486,APP,HSP90B1,CANX,EIF4A2,APLP2,HSP90AA1,HSP90AB1,NAP1L1,AC244102.4,EEF2,EIF3E","TMSB10,RPL27A,RPLP1,RPLP2,RPS21,RPL35A,TMSB4X,S100A6,RPS19,RPS29,RPL41,RPS23,FTH1,FTL,RPS14",False,15.111123311271305,0.0099009900990099,92,,,,,
zel039_aec7,bb1,BB_1599289689,474,0,0.8055872917175293,71.93907848795993,0.0099009900990099,0.1090961894204653,28.616638088408365,0.9889573454856871,0.5037593984962406,0.4962406015037593,7.6181960105896,0.0665157064795494,0.4947207208412625,"SLC39A14,C16orf95,LINC00486,MALAT1,HSP90B1,APP,PDIA3,PRNP,MANF,PSAP,EEF2,NAP1L1,TXNRD1,HSPA5,ITGB1","TMSB10,HSPA1B,RPLP2,TMSB4X,HSPA6,RPS19,RPS29,HSPA1A,LGALS1,RPLP1,CRYAB,S100A6,RPS23,FTH1,RPS21",False,14.200737698007158,0.0099009900990099,93,,,,,
zel039_aec7,bb1,BB_2324141034,473,0,0.8344389796257019,67.96690175484343,0.0099009900990099,0.122751717038612,29.008287215897425,0.9889573454856871,0.5151515151515151,0.4848484848484848,8.605128288269043,0.0567956492304801,0.5366784197021113,"C16orf95,SLC39A14,HSP90B1,LINC00486,MALAT1,APLP2,APP,ITGB1,NAP1L1,PRNP,CANX,RPL9,YWHAB,MCAM,HSPA5","TMSB10,RPS21,RPS14,RPLP1,HSPA1B,RPLP2,FTL,RPS19,RPS29,HSPA6,HSPA1A,RPL27A,TMSB4X,CRYAB,RPL37A",False,14.06462410467754,0.0099009900990099,94,,,,,
zel039_aec7,bb1,BB_5573240869,468,0,0.2433059364557266,20.929740020926527,0.0099009900990099,0.0749060105743928,22.462680832071783,0.7450664639472961,0.3793103448275862,0.6206896551724138,2.2059152126312256,0.1111597567796707,-0.0969973360666677,"RPL37A,RPS28,TMSB10,RPL32,RPL27A,RPS29,RPS11,RPL38,RPL18A,LGALS1,RPL35,RPL37,RPS27,GNG11,POLR2L","C16orf95,SLC39A14,MALAT1,APP,PRNP,CANX,ASPH,APLP2,LINC00486,PSAP,HSP90AA1,CTSL,HSP90B1,FP236383.3,MSN",False,13.942353619906624,0.0099009900990099,95,,,,,
zel039_aec7,bb2,BB_7958505610,408,0,0.0395482033491134,1.7945088284094706,0.0102970297029702,0.0315254997573641,15.91736920360164,0.2179532200098037,0.1264367816091954,0.8735632183908046,1.162921905517578,0.1609289199113845,0.0212781792676711,"APP,HSP90AA1,HSPD1,C11orf58,HMOX1,UBB,CALR,HSP90AB1,CCDC50,HSPA4,SLC25A5,PGF,ANXA5,SARS1,GDI2","C16orf95,SLC39A14,AC244102.4,NACA,RPS24,GAS5,RNF130,PSMB6,NDUFB2,C1QBP,ATP5F1B,MT-RNR2,MESD,ARL2,PCAT19",False,13.90482826981293,0.0118811881188118,96,,,,,
zel039_aec7,bb0,BB_2085420374,2294,0,0.2397167533636093,20.670707191841554,0.0099009900990099,0.1761264779676697,34.64786834586498,0.9471820592880248,0.6129032258064516,0.3870967741935484,4.24007511138916,0.2713505327701568,-0.0282542753881231,"HSPA1A,HSP90AA1,HSPH1,DNAJB1,HSPD1,UBB,DNAJA1,HSPA1B,UBC,HSP90AB1,HSPA6,HSPA8,CRYAB,HSPB1,BAG3","NQO1,IGFBP1,PTX3,MANF,HSP90B1,MCAM,CD9,PDIA6,TM4SF1,RALA,RPS27L,PECAM1,S100A10,POLR2L,COX6C",True,13.412078069367087,0.0099009900990099,97,0.9493709206581116,0.2393992245197296,0.2088005095720291,-0.0033825039863586,0.0
zel039_aec7,bb2,BB_0318532484,399,0,0.0892838761210441,6.460290573137357,0.0099009900990099,0.0686667907684722,18.58769018663625,0.8384916186332703,0.3071895424836601,0.6928104575163399,2.5405638217926025,0.1243181675672531,-0.0104187100143575,"RPS21,RPL27A,RPS29,LGALS1,RPS28,RPL37,NDUFA4,RPS15,RPL41,TMSB10,POLR2L,RPL35,RPL18A,RPS13,UQCR11","APP,CANX,LINC00486,EEF2,PECAM1,SLC39A14,PDIA3,HSPA5,IGFBP1,ITGB1,CALR,HSP90B1,TXNRD1,TMED2,KLF6",False,12.877746142375443,0.01,98,,,,,
zel039_aec7,bb1,BB_2585216724,470,0,0.3978513777256012,35.900105442229275,0.0099009900990099,0.080338885723831,18.89841023599573,0.9228364825248718,0.3288590604026846,0.6711409395973154,3.72072434425354,0.0789911895990371,-0.1959516914040018,"RPS13,RPL27,RPL35A,RPLP1,RPL30,TPT1,LGALS1,RPS29,RPS18,RPS23,RPL27A,RPS12,RPS21,RPL13,RPLP2","C16orf95,SLC39A14,MANF,MALAT1,HSPA5,RPL6,HSP90B1,TXNRD1,LINC00486,APP,APLP2,AC244102.4,HNRNPDL,HDLBP,KLF6",False,12.683496802681695,0.0099009900990099,99,,,,,
zel039_aec7,bb2,BB_2375121697,410,0,0.0535348691046237,2.683154485657956,0.0101980198019801,0.0568107408059222,13.448456343420158,0.3358350694179535,0.1436781609195402,0.8563218390804598,1.399889349937439,0.2052573710680008,0.0536072084403158,"HSP90AA1,HSPD1,DNAJB1,DNAJA1,HSPA1A,HSPH1,HSP90AB1,HSPB1,ZFAND2A,HSPA5,SOD1,HSPA6,UBB,UBC,PTGES3","C16orf95,SLC39A14,ATP5ME,SEC61B,B2M,COX7A2,RPL10A,BEX3,RPL27,RPL5,MYL6,SF3B5,RPLP0,CD9,RPL9",False,11.516206868790825,0.0105940594059405,100,,,,,
zel039_aec7,bb1,BB_8415657178,461,0,0.6277167797088623,47.21994307959224,0.0099009900990099,0.0776091892882245,18.71435520942361,0.9644644260406494,0.4184397163120567,0.5815602836879432,5.073310375213623,0.0711394399404525,-0.2623337470646839,"TMSB4X,TMSB10,RPLP1,RPL41,RPS19,FTH1,RPS29,RPL35,RPS21,RPLP2,SERF2,EEF1A1,RPS18,RPL27A,FTL","SLC39A14,C16orf95,APP,MALAT1,PRNP,NAP1L1,CANX,EIF4A2,ITGB1,LINC00486,HSP90AB1,APLP2,PABPC1,HSP90B1,EMP1",False,10.883525724629331,0.0099009900990099,101,,,,,
zel039_aec7,bb1,BB_8778542709,464,0,0.3774157464504242,34.499077655138954,0.0099009900990099,0.0798335622345716,16.653904494889158,0.9098158478736876,0.3605442176870748,0.6394557823129252,3.1764063835144043,0.0699036717414856,-0.1745467024091375,"RPL35A,RPS21,LGALS1,TMSB10,RPS23,RPL39,RPL35,ATP5F1E,RPL37A,RPLP2,ZFAS1,RPL10,RPS29,RPL27,RPS18","C16orf95,SLC39A14,MALAT1,APP,HSP90B1,MANF,LINC00486,ST13,CTSL,HNRNPDL,PDIA6,PIR,PRXL2A,CNBP,COPS2",False,10.649435527344089,0.0099009900990099,102,,,,,
zel039_aec7,bb1,BB_7369022202,464,0,0.2301607578992843,17.631978885374945,0.0099009900990099,0.0525174132464083,14.02846588047199,0.8244102001190186,0.2578616352201258,0.7421383647798743,2.154174327850342,0.1025836467742919,-0.1077363575815513,"RPL10,RPS28,RPS12,RPL37,RPS13,RACK1,RPS15,S100A6,RPL37A,RALA,RPL38,RPS8,LGALS1,PTMA,TMSB10","SLC39A14,C16orf95,MALAT1,LINC00486,AC244102.4,EIF4A2,MANF,HSP90B1,RPL9,EMP1,HSPD1,PTX3,RBM3,EIF3E,DPH3",False,10.411062728903742,0.0099009900990099,103,,,,,
zel039_aec7,bb1,BB_2552014008,467,0,0.4464946687221527,36.81560062544631,0.0099009900990099,0.0796591435885119,16.747262519614786,0.9192363619804382,0.3888888888888889,0.6111111111111112,3.5594191551208496,0.0672982856631279,-0.1392794056506645,"TMSB10,RPL27A,RPL30,RPL35A,RPS29,RPS11,RPL37,RPL12,RPS12,RPS15,RPS9,RPLP2,RPL41,RPL39,RPL24","HSP90AB1,CANX,HSP90B1,MALAT1,PRNP,CTSL,NAP1L1,EIF3A,ITGB1,REXO2,RPL9,MCAM,HSP90AA1,APP,SF3B5",False,10.23443820643126,0.0099009900990099,104,,,,,
zel039_aec7,bb0,BB_0995925376,2179,0,0.0650788769125938,4.243958613715805,0.0099009900990099,0.057289720034376,17.774645194124478,0.9715891480445862,0.4492753623188406,0.5507246376811594,3.650214195251465,0.084303580224514,-0.0369064530065327,"RPS29,RPS21,MT1X,AC004540.1,MT1G,BCYRN1,HES1,RPLP2,STC1,MARCKS,LGALS1,AC009242.1,CXCL3,SLC26A3,HSPG2","HSP90B1,HSPA5,MANF,PTX3,IGFBP1,PDIA6,PRNP,TXNRD1,RPL5,YWHAB,CD9,ANXA1,CALR,CANX,RPLP0",False,9.788935034445364,0.0100990099009901,105,,,,,
zel039_aec7,bb0,BB_3825147739,2272,0,0.0505523532629013,2.508588082239245,0.0100990099009901,0.0846255103570748,16.951277916210614,0.9715891480445862,0.4492753623188406,0.5507246376811594,3.4126617908477783,0.0838422030210495,-0.0343694318894677,"RPS29,MT1E,RPS21,MT1X,HSPA1A,HSPA1B,DNAJB1,PCAT1,AC004540.1,MT1G,HSPH1,BCYRN1,AC009242.1,AC244102.4,RPS12","HSP90B1,MANF,PTX3,PDIA6,TXNRD1,PRNP,HSPA5,CD59,TM4SF1,NQO1,YWHAB,IGFBP1,NACA,OSTC,CALM2",False,9.33548638863773,0.0108910891089108,106,,,,,
zel039_aec7,bb0,BB_2315583918,2373,0,0.0533887222409248,2.904979877240568,0.0099009900990099,0.0478672229054268,13.84167399321096,0.6807233095169067,0.3333333333333333,0.6666666666666667,1.381820797920227,0.2260634005069732,0.0195677605869245,"MMP1,CTSL,PRNP,TXN,DDX10,MGST1,FTL,PTX3,GLRX,GCLM,MANF,SDF2L1,NQO1,SRGN,MIR22HG","HSPH1,HSPD1,HSPA1A,UBB,UBC,DNAJB1,HSP90AB1,MT2A,IGFBP1,HSP90AA1,HSPB1,KLF6,LINC00486,POSTN,GNAS",False,9.22778266214064,0.0105940594059405,107,,,,,
zel039_aec7,bb0,BB_6699958170,2362,0,0.0768533498048782,4.289566589095822,0.0099009900990099,0.0601561942359971,14.113764101407169,0.7979955673217773,0.375,0.625,1.8547385931015012,0.3340509235858917,0.0136741215565256,"IGFBP1,CD9,TMSB4X,B2M,RPL5,TM4SF1,RPS27L,PTX3,CALM2,TMSB10,S100A10,S100A6,PPIA,CD59,TMEM50B","HSP90AA1,HSP90AB1,HSPH1,HSPD1,DNAJB1,DNAJA1,UBC,UBB,HSPA1A,HSPA8,HSPB1,HMOX1,HSPA1B,MALAT1,SQSTM1",False,8.82110256337948,0.01,108,,,,,
zel039_aec7,bb1,BB_5853818500,472,0,0.2804470658302307,24.3608649886142,0.0099009900990099,0.0611354807382085,12.156761550795665,0.8709356784820557,0.2838709677419355,0.7161290322580645,2.6039745807647705,0.1050966829061508,-0.1584742301706805,"RPS21,RPS29,LGALS1,RPS23,GAPDH,RPL4,UBC,TMSB10,GSTP1,RPS12,RPL28,RPLP1,RPL38,UBB,HSP90AB1","C16orf95,SLC39A14,MALAT1,LINC00486,AC244102.4,SNHG6,APP,CANX,PCAT1,MANF,APLP2,COMMD6,EEF2,ATP5F1C,EIF4A2",False,8.705809884763346,0.0099009900990099,109,,,,,
zel039_aec7,bb0,BB_1722497045,2400,0,0.0697158053517341,4.513427635531843,0.0099009900990099,0.0510174088716086,11.310996323117688,0.7320058345794678,0.375,0.625,1.368801474571228,0.3036187887191772,0.0362291596598279,"TXN,TMSB4X,CTSL,POLR2L,PRNP,MANF,MMP1,MCAM,NQO1,PTX3,CD59,CD63,TALDO1,TM4SF1,CALM2","HSP90AA1,HSPH1,UBB,DNAJB1,HSPA1A,HSP90AB1,UBC,HSPD1,DNAJA1,HSPA1B,HSPB1,MALAT1,HSPA8,POSTN,HSPA6",False,7.069372701948556,0.0100990099009901,110,,,,,
zel039_aec7,bb0,BB_8506073726,2352,0,0.1346804052591323,9.471377161746226,0.0099009900990099,0.087438658065194,12.998540504641774,0.9471820592880248,0.6129032258064516,0.3870967741935484,2.6868815422058105,0.236709862947464,0.0143754181632293,"HSP90AA1,HSPH1,DNAJB1,HSP90AB1,HSPA1A,DNAJA1,HSPD1,UBB,UBC,HSPA8,HSPA1B,HSPB1,HSPA6,BAG3,ZFAND2A","IGFBP1,MANF,PTX3,NQO1,CD9,RPS27L,PDIA6,TM4SF1,OSTC,MCAM,CD59,RPL5,RPL36AL,B2M,C16orf95",False,5.031693098571009,0.0099009900990099,111,,,,,
