context,cluster_id,n_members,coherence,coherence_z,coherence_q,anchor_bb,anchor_pos,anchor_frac,top_up_set,top_up_q,top_dn_set,top_dn_q,prior_series_n,centroid_row,atlas_id,atlas_namespace
zel024_h1650,14,12,0.8141068013409641,14.913788200094316,2.249809214988148e-49,BB_6474669253,bb1,1.0,MSigDB_Hallmark_2020:Myc Targets V1,0.3431743045536508,Reactome_2022:SRP-dependent Cotranslational Protein Targeting To Membrane R-HSA-1799339,0.0102933473550604,0,0,zscreen_original_graph_v1:zel024_h1650:14,zscreen_original_graph_v1
zel024_h1650,21,4,0.8702524978659611,4.525746214992004,4.495849174081727e-06,BB_4347926671,bb1,1.0,Reactome_2022:Regulation Of IGF Transport And Uptake By IGFBPs R-HSA-381426,5.178111362286785e-10,Reactome_2022:Peptide Chain Elongation R-HSA-156902,2.599900331554388e-13,0,1,zscreen_original_graph_v1:zel024_h1650:21,zscreen_original_graph_v1
zel024_h1650,50,4,0.8759365881786577,4.555430630925891,3.994257586570866e-06,BB_3511951537,bb0,1.0,Reactome_2022:Cyclin E Associated Events During G1/S Transition R-HSA-69202,0.0550352314879135,KEGG_2021_Human:Tryptophan metabolism,1.0,0,2,zscreen_original_graph_v1:zel024_h1650:50,zscreen_original_graph_v1
zel024_h1650,57,4,0.8742336933393426,4.546537486038839,4.147840640814529e-06,BB_4347926671,bb1,1.0,MSigDB_Hallmark_2020:Myc Targets V1,0.0690982272090046,"Reactome_2022:Antigen Presentation: Folding, Assembly, Peptide Loading Of Class I MHC R-HSA-983170",0.469932072707216,0,3,zscreen_original_graph_v1:zel024_h1650:57,zscreen_original_graph_v1
zel024_h1650,195,3,0.8390333527402728,3.150214324588571,0.0008247629639731,BB_8873714086,bb1,1.0,Reactome_2022:Striated Muscle Contraction R-HSA-390522,0.2455223377828581,KEGG_2021_Human:Riboflavin metabolism,1.0,0,4,zscreen_original_graph_v1:zel024_h1650:195,zscreen_original_graph_v1
zel024_h1650,209,17,0.850990873164429,15.175928976478271,4.50940082074301e-51,BB_4347926671,bb1,1.0,MSigDB_Hallmark_2020:mTORC1 Signaling,0.0186416136199907,Reactome_2022:Selenocysteine Synthesis R-HSA-2408557,5.167943591142584e-28,0,5,zscreen_original_graph_v1:zel024_h1650:209,zscreen_original_graph_v1
zel024_h1650,212,3,0.8463353332057718,3.177691584272182,0.0007519705336508,BB_4932061249,bb0,1.0,Reactome_2022:Basigin Interactions R-HSA-210991,0.0006728417287817,MSigDB_Hallmark_2020:Apoptosis,0.1230534144343169,0,6,zscreen_original_graph_v1:zel024_h1650:212,zscreen_original_graph_v1
zel024_h1650,246,3,0.863883562042612,3.243725346347486,0.0006030623797355,BB_3511951537,bb0,1.0,Reactome_2022:Striated Muscle Contraction R-HSA-390522,0.2455223377828581,MSigDB_Hallmark_2020:Myogenesis,1.0,0,7,zscreen_original_graph_v1:zel024_h1650:246,zscreen_original_graph_v1
zel024_h1650,357,3,0.8872871367974327,3.3317927006907926,0.0004492891694985,BB_6601289516,bb1,1.0,Reactome_2022:Regulation Of Gene Expression By Hypoxia-inducible Factor R-HSA-1234158,1.0,Reactome_2022:RHO GTPase Effectors R-HSA-195258,1.0,0,8,zscreen_original_graph_v1:zel024_h1650:357,zscreen_original_graph_v1
zel024_h1650,392,6,0.8873594263080957,6.923029180802501,7.675539019703988e-12,BB_4281749019,bb3,1.0,MSigDB_Hallmark_2020:G2-M Checkpoint,0.0001153384173981,Reactome_2022:Processing Of SMDT1 R-HSA-8949664,1.0,0,9,zscreen_original_graph_v1:zel024_h1650:392,zscreen_original_graph_v1
zel024_h1650,412,4,0.8564661479439314,4.453748811224237,6.018024325260456e-06,BB_9483475878,bb1,1.0,KEGG_2021_Human:Antigen processing and presentation,0.000253970741257,Reactome_2022:Axon Guidance R-HSA-422475,0.2038680624909082,0,10,zscreen_original_graph_v1:zel024_h1650:412,zscreen_original_graph_v1
zel024_h1650,632,6,0.8860842840937619,6.912948517450043,8.157082445794979e-12,BB_8232087379,bb1,1.0,MSigDB_Hallmark_2020:G2-M Checkpoint,0.0338812569805207,KEGG_2021_Human:Amyotrophic lateral sclerosis,0.0201294146232765,0,11,zscreen_original_graph_v1:zel024_h1650:632,zscreen_original_graph_v1
zel024_h1650,708,4,0.8920664075740451,4.639666496566815,2.8899234326161165e-06,BB_8232087379,bb1,1.0,"Reactome_2022:Cell Cycle, Mitotic R-HSA-69278",0.2376471969575225,KEGG_2021_Human:Apoptosis,1.0,0,12,zscreen_original_graph_v1:zel024_h1650:708,zscreen_original_graph_v1
zel024_h1650,815,3,0.9069535047317416,3.4057969932683565,0.0003630219303559,BB_2686618432,bb1,1.0,KEGG_2021_Human:Tight junction,0.0028021805338138,KEGG_2021_Human:Ribosome,0.00851259176756,0,13,zscreen_original_graph_v1:zel024_h1650:815,zscreen_original_graph_v1
zel024_h1650,860,6,0.8397860618180625,6.546936956282754,8.595965740613739e-11,BB_6601289516,bb1,1.0,Reactome_2022:RHO GTPase Effectors R-HSA-195258,0.0121175695340533,Reactome_2022:Formation Of A Pool Of Free 40S Subunits R-HSA-72689,2.146757645207752e-20,0,14,zscreen_original_graph_v1:zel024_h1650:860,zscreen_original_graph_v1
zel024_h1650,869,3,0.8808462406590171,3.307555690385628,0.0004855163678932,BB_5290020531,bb2,1.0,KEGG_2021_Human:Spliceosome,0.7150846740992071,KEGG_2021_Human:Retrograde endocannabinoid signaling,0.5001345695356805,0,15,zscreen_original_graph_v1:zel024_h1650:869,zscreen_original_graph_v1
zel024_h1650,1002,4,0.8621016996183889,4.483179740487948,5.358444956232473e-06,BB_4347926671,bb1,1.0,KEGG_2021_Human:Spliceosome,0.0007643414153271,Reactome_2022:SRP-dependent Cotranslational Protein Targeting To Membrane R-HSA-1799339,0.0023334837446986,0,16,zscreen_original_graph_v1:zel024_h1650:1002,zscreen_original_graph_v1
zel024_h1650,1031,3,0.8762150248613123,3.2901284842015484,0.0005139787795521,BB_2686618432,bb1,1.0,Reactome_2022:Nuclear Envelope (NE) Reassembly R-HSA-2995410,1.0,KEGG_2021_Human:Complement and coagulation cascades,0.8964275456888857,0,17,zscreen_original_graph_v1:zel024_h1650:1031,zscreen_original_graph_v1
zel024_h1650,1203,3,0.8434713676178459,3.1669145181657767,0.0007796183817573,BB_6601289516,bb1,1.0,MSigDB_Hallmark_2020:Oxidative Phosphorylation,0.0034623901487303,Reactome_2022:Response Of EIF2AK1 (HRI) To Heme Deficiency R-HSA-9648895,1.0,0,18,zscreen_original_graph_v1:zel024_h1650:1203,zscreen_original_graph_v1
zel024_h1650,1279,3,0.8474972749811442,3.182063956404646,0.0007414558408773,BB_9483475878,bb1,1.0,KEGG_2021_Human:Gastric acid secretion,0.0137527279648425,KEGG_2021_Human:Ubiquitin mediated proteolysis,1.0,0,19,zscreen_original_graph_v1:zel024_h1650:1279,zscreen_original_graph_v1
zel024_h1650,1292,6,0.8582872683698503,6.69319863028773,3.4248107854247465e-11,BB_3472530680,bb2,1.0,KEGG_2021_Human:Protein processing in endoplasmic reticulum,0.1281612812291366,Reactome_2022:RHO GTPases Activate Formins R-HSA-5663220,0.3140738054636323,0,20,zscreen_original_graph_v1:zel024_h1650:1292,zscreen_original_graph_v1
zel024_h1650,1301,3,0.9231985330612876,3.466926828398372,0.0003012103941875,BB_4347926671,bb1,1.0,Reactome_2022:Interleukin-35 Signaling R-HSA-8984722,0.0710088733509071,Reactome_2022:Peptide Chain Elongation R-HSA-156902,1.0232142492611353e-21,0,21,zscreen_original_graph_v1:zel024_h1650:1301,zscreen_original_graph_v1
zel024_h1650,1462,3,0.9031612170875692,3.391526663063254,0.0003779207929536,BB_8232087379,bb1,1.0,"Reactome_2022:Respiratory Electron Transport, ATP Synthesis By Chemiosmotic Coupling, Heat Production By Uncoupling Proteins R-HSA-163200",1.0,Reactome_2022:Developmental Biology R-HSA-1266738,0.003312789787699,0,22,zscreen_original_graph_v1:zel024_h1650:1462,zscreen_original_graph_v1
zel024_h1650,1522,4,0.8795641830900184,4.574375269428196,3.711316029658885e-06,BB_8873714086,bb1,1.0,MSigDB_Hallmark_2020:Myc Targets V1,9.718424187370192e-06,Reactome_2022:SARS-CoV-2 Modulates Host Translation Machinery R-HSA-9754678,0.7002064647892785,0,23,zscreen_original_graph_v1:zel024_h1650:1522,zscreen_original_graph_v1
zel024_h1650,1561,3,0.8988541014615948,3.375319041706088,0.0003945072979676,BB_5290020531,bb2,1.0,Reactome_2022:Signaling By Rho GTPases R-HSA-194315,0.3585710182755542,Reactome_2022:Response Of EIF2AK4 (GCN2) To Amino Acid Deficiency R-HSA-9633012,0.0286297949875775,0,24,zscreen_original_graph_v1:zel024_h1650:1561,zscreen_original_graph_v1
zel024_h1650,1588,4,0.8538716733081784,4.44019950782109,6.364602471963853e-06,BB_4347926671,bb1,1.0,KEGG_2021_Human:Tight junction,0.0266213815198645,Reactome_2022:Interferon Alpha/Beta Signaling R-HSA-909733,0.8265209831787868,0,25,zscreen_original_graph_v1:zel024_h1650:1588,zscreen_original_graph_v1
zel024_h1650,1597,3,0.8559157292636937,3.213742492871452,0.0006656621332287,BB_8232087379,bb1,1.0,KEGG_2021_Human:Glutamatergic synapse,0.6885720120383221,MSigDB_Hallmark_2020:Oxidative Phosphorylation,0.0922063189499363,0,26,zscreen_original_graph_v1:zel024_h1650:1597,zscreen_original_graph_v1
zel024_h1650,2235,3,0.8563492632918069,3.215373875909031,0.0006625588421843,BB_4347926671,bb1,1.0,Reactome_2022:Cellular Response To Chemical Stress R-HSA-9711123,1.0,KEGG_2021_Human:Ribosome,0.0542735850894634,0,27,zscreen_original_graph_v1:zel024_h1650:2235,zscreen_original_graph_v1
zel024_h1650,2298,4,0.8941678876693571,4.650641200660923,2.814365931492319e-06,BB_3472530680,bb2,1.0,Reactome_2022:Selective Autophagy R-HSA-9663891,0.0121175695340533,KEGG_2021_Human:Pathways of neurodegeneration,1.0,0,28,zscreen_original_graph_v1:zel024_h1650:2298,zscreen_original_graph_v1
zel024_h1650,2559,3,0.8941560335075942,3.3576402717075564,0.0004140226024447,BB_9833957809,bb3,1.0,MSigDB_Hallmark_2020:TNF-alpha Signaling via NF-kB,0.1711031208297999,Reactome_2022:Regulation Of IGF Transport And Uptake By IGFBPs R-HSA-381426,1.0,0,29,zscreen_original_graph_v1:zel024_h1650:2559,zscreen_original_graph_v1
zel024_h1650,2592,5,0.8891897422409973,5.529084779448386,3.896143012764372e-08,BB_4347926671,bb1,1.0,Reactome_2022:Signaling By Rho GTPases R-HSA-194315,0.0483916867104687,Reactome_2022:Response Of EIF2AK4 (GCN2) To Amino Acid Deficiency R-HSA-9633012,7.168064576068233e-11,0,30,zscreen_original_graph_v1:zel024_h1650:2592,zscreen_original_graph_v1
zel024_h1650,2627,5,0.8629184451771282,5.3640240350591535,9.57450740952147e-08,BB_4347926671,bb1,1.0,Reactome_2022:Post-translational Protein Phosphorylation R-HSA-8957275,0.2662200834156216,Reactome_2022:Influenza Viral RNA Transcription And Replication R-HSA-168273,0.0023334837446986,0,31,zscreen_original_graph_v1:zel024_h1650:2627,zscreen_original_graph_v1
zel024_h1650,2640,3,0.9020099109874988,3.387194312841773,0.0003822883694,BB_5290020531,bb2,1.0,Reactome_2022:Post-translational Protein Phosphorylation R-HSA-8957275,0.0023549460507362,Reactome_2022:Response Of EIF2AK4 (GCN2) To Amino Acid Deficiency R-HSA-9633012,4.0594425540799917e-16,0,32,zscreen_original_graph_v1:zel024_h1650:2640,zscreen_original_graph_v1
zel024_h1650,2671,4,0.89042143796958,4.6310758586192655,2.992785517797893e-06,BB_5290020531,bb2,1.0,Reactome_2022:Signaling By TGFB Family Members R-HSA-9006936,0.1221800126015872,MSigDB_Hallmark_2020:E2F Targets,1.0,0,33,zscreen_original_graph_v1:zel024_h1650:2671,zscreen_original_graph_v1
zel024_h1650,2724,3,0.9108539786538136,3.4204744270621474,0.0003462574082664,BB_4347926671,bb1,1.0,Reactome_2022:Fanconi Anemia Pathway R-HSA-6783310,1.0,KEGG_2021_Human:Arrhythmogenic right ventricular cardiomyopathy,0.1199460828492201,0,34,zscreen_original_graph_v1:zel024_h1650:2724,zscreen_original_graph_v1
zel024_h1650,2913,5,0.87204908101649,5.421391189209483,6.98954787982805e-08,BB_4347926671,bb1,1.0,KEGG_2021_Human:Lysosome,0.2334021549297595,Reactome_2022:SARS-CoV-2 Modulates Host Translation Machinery R-HSA-9754678,0.0631625859446659,0,35,zscreen_original_graph_v1:zel024_h1650:2913,zscreen_original_graph_v1
zel024_h1650,3354,3,0.8584632493355581,3.223328778522936,0.0006457337846202,BB_1008886218,bb0,1.0,Reactome_2022:Regulation Of IGF Transport And Uptake By IGFBPs R-HSA-381426,0.0023549460507362,MSigDB_Hallmark_2020:Androgen Response,1.0,0,36,zscreen_original_graph_v1:zel024_h1650:3354,zscreen_original_graph_v1
zel024_h1650,4076,4,0.8858281788764653,4.607088165618054,3.2687227402453097e-06,BB_5290020531,bb2,1.0,KEGG_2021_Human:Leukocyte transendothelial migration,0.618534172629713,KEGG_2021_Human:Ribosome,0.0153816768042896,0,37,zscreen_original_graph_v1:zel024_h1650:4076,zscreen_original_graph_v1
zel024_h1650,4245,4,0.9047031174759302,4.705660056156386,2.259017746850404e-06,BB_5290020531,bb2,1.0,Reactome_2022:MAPK1 (ERK2) Activation R-HSA-112411,0.0710088733509071,KEGG_2021_Human:Allograft rejection,0.0239598839150272,0,38,zscreen_original_graph_v1:zel024_h1650:4245,zscreen_original_graph_v1
zel024_hek293,40,45,0.8819925621394102,52.36430443373555,0.0,BB_3389989535,bb3,1.0,Reactome_2022:Amino Acid Transport Across Plasma Membrane R-HSA-352230,2.4380070480883594e-06,MSigDB_Hallmark_2020:TNF-alpha Signaling via NF-kB,5.621382009969447e-06,21,39,zscreen_original_graph_v1:zel024_hek293:40,zscreen_original_graph_v1
zel024_hek293,69,3,0.9171159588583696,3.4210361494837294,0.0003459235736113,BB_6474669253,bb1,1.0,MSigDB_Hallmark_2020:Myc Targets V1,0.0023276200805042,Reactome_2022:Amino Acid Transport Across Plasma Membrane R-HSA-352230,0.575087673040801,95,40,zscreen_original_graph_v1:zel024_hek293:69,zscreen_original_graph_v1
zel024_hek293,70,101,0.7717042540061932,111.83243801174233,0.0,BB_5290020531,bb2,0.99009900990099,MSigDB_Hallmark_2020:TNF-alpha Signaling via NF-kB,5.621382009969447e-06,MSigDB_Hallmark_2020:Myc Targets V1,9.718424187370192e-06,83,41,zscreen_original_graph_v1:zel024_hek293:70,zscreen_original_graph_v1
zel024_hek293,77,13,0.8390731375786796,18.43288843243302,8.78772616663537e-75,BB_5290020531,bb2,1.0,MSigDB_Hallmark_2020:Myc Targets V1,1.8127949542997084e-08,KEGG_2021_Human:Lysosome,0.0296471523915022,83,42,zscreen_original_graph_v1:zel024_hek293:77,zscreen_original_graph_v1
zel024_hek293,99,3,0.8786968424196767,3.277739513373986,0.0005359837519963,BB_6601289516,bb1,1.0,KEGG_2021_Human:Coronavirus disease,0.0370669204528924,MSigDB_Hallmark_2020:Myc Targets V1,9.718424187370192e-06,95,43,zscreen_original_graph_v1:zel024_hek293:99,zscreen_original_graph_v1
zel024_hek293,112,66,0.8425081508972675,60.76198793787837,0.0,BB_9483475878,bb1,0.9242424242424242,MSigDB_Hallmark_2020:Interferon Gamma Response,6.498890709941806e-05,MSigDB_Hallmark_2020:Myc Targets V1,9.718424187370192e-06,95,44,zscreen_original_graph_v1:zel024_hek293:112,zscreen_original_graph_v1
zel024_hek293,136,121,0.8114713364015882,123.09796629386923,0.0,BB_5290020531,bb2,0.975206611570248,MSigDB_Hallmark_2020:TNF-alpha Signaling via NF-kB,2.543389414415257e-07,MSigDB_Hallmark_2020:Myc Targets V1,1.0898132706004602e-14,83,45,zscreen_original_graph_v1:zel024_hek293:136,zscreen_original_graph_v1
zel024_hek293,150,8,0.8876004559098637,10.426025468866898,7.537060137199268e-25,BB_6601289516,bb1,1.0,Reactome_2022:SARS-CoV-2 Modulates Host Translation Machinery R-HSA-9754678,0.0631625859446659,MSigDB_Hallmark_2020:Unfolded Protein Response,0.0032616163041781,95,46,zscreen_original_graph_v1:zel024_hek293:150,zscreen_original_graph_v1
zel024_hek293,199,3,0.8901093219130901,3.320306081079602,0.0004667434814977,BB_6474669253,bb1,1.0,Reactome_2022:Citric Acid (TCA) Cycle And Respiratory Electron Transport R-HSA-1428517,0.0020145116382182,MSigDB_Hallmark_2020:Myc Targets V1,0.0004448231866923,95,47,zscreen_original_graph_v1:zel024_hek293:199,zscreen_original_graph_v1
zel024_hek293,228,5,0.8607407652725987,5.5516393427763004,3.4754148875375625e-08,BB_9483475878,bb1,1.0,MSigDB_Hallmark_2020:Myc Targets V1,1.5788954724877929e-07,KEGG_2021_Human:Lysosome,1.0,95,48,zscreen_original_graph_v1:zel024_hek293:228,zscreen_original_graph_v1
zel024_hek293,245,12,0.7197651298671355,13.56894249261233,3.9504484895934167e-41,BB_2686618432,bb1,0.75,MSigDB_Hallmark_2020:Myc Targets V1,1.9602482427051839e-10,Reactome_2022:Formation Of Fibrin Clot (Clotting Cascade) R-HSA-140877,1.0,95,49,zscreen_original_graph_v1:zel024_hek293:245,zscreen_original_graph_v1
zel024_hek293,266,4,0.8552172787035844,4.350242013904537,9.35377551503293e-06,BB_8232087379,bb1,1.0,KEGG_2021_Human:Protein processing in endoplasmic reticulum,0.0224818243573182,Reactome_2022:L13a-mediated Translational Silencing Of Ceruloplasmin Expression R-HSA-156827,7.33647052234869e-08,95,50,zscreen_original_graph_v1:zel024_hek293:266,zscreen_original_graph_v1
zel024_hek293,321,4,0.9014601990804956,4.586210580580105,3.528904534181618e-06,BB_5290020531,bb2,1.0,MSigDB_Hallmark_2020:Oxidative Phosphorylation,0.0002183547368185,MSigDB_Hallmark_2020:E2F Targets,0.0015858893920501,83,51,zscreen_original_graph_v1:zel024_hek293:321,zscreen_original_graph_v1
zel024_hek293,332,3,0.8967950732630524,3.34524277320381,0.0004311773439936,BB_0175183327,bb0,1.0,MSigDB_Hallmark_2020:Myc Targets V1,0.0147546553244425,Reactome_2022:SRP-dependent Cotranslational Protein Targeting To Membrane R-HSA-1799339,1.564554257829099e-05,90,52,zscreen_original_graph_v1:zel024_hek293:332,zscreen_original_graph_v1
zel024_hek293,352,9,0.901234336937131,10.405872740575363,9.098523683755136e-25,BB_9483475878,bb1,1.0,MSigDB_Hallmark_2020:Myc Targets V1,1.8127949542997084e-08,KEGG_2021_Human:Various types of N-glycan biosynthesis,1.0,95,53,zscreen_original_graph_v1:zel024_hek293:352,zscreen_original_graph_v1
zel024_hek293,370,4,0.9085280614784068,4.622276498257917,3.097313701232724e-06,BB_4347926671,bb1,1.0,KEGG_2021_Human:GABAergic synapse,0.2448056147178405,MSigDB_Hallmark_2020:Pperoxisome,0.7997968377500435,95,54,zscreen_original_graph_v1:zel024_hek293:370,zscreen_original_graph_v1
zel024_hek293,415,3,0.9279508239717044,3.461448315805181,0.0003053263059763,BB_8873714086,bb1,1.0,MSigDB_Hallmark_2020:E2F Targets,0.0099445722109188,KEGG_2021_Human:Alzheimer disease,1.0,95,55,zscreen_original_graph_v1:zel024_hek293:415,zscreen_original_graph_v1
zel024_hek293,490,5,0.8805033146115251,5.679356320963372,1.7820547516960072e-08,BB_5290020531,bb2,1.0,Reactome_2022:Regulation Of Expression Of SLITs And ROBOs R-HSA-9010553,9.656491770735468e-12,MSigDB_Hallmark_2020:Myc Targets V1,1.283667667305466e-06,83,56,zscreen_original_graph_v1:zel024_hek293:490,zscreen_original_graph_v1
zel024_hek293,508,6,0.895209507826668,6.582683974511635,6.862312032494739e-11,BB_6601289516,bb1,1.0,Reactome_2022:SRP-dependent Cotranslational Protein Targeting To Membrane R-HSA-1799339,7.287382839891921e-10,MSigDB_Hallmark_2020:Myc Targets V1,1.379798340459942e-13,95,57,zscreen_original_graph_v1:zel024_hek293:508,zscreen_original_graph_v1
zel024_hek293,510,5,0.8784905575005679,5.666348725049131,1.91267714726639e-08,BB_9483475878,bb1,1.0,MSigDB_Hallmark_2020:E2F Targets,1.0,MSigDB_Hallmark_2020:Myc Targets V1,6.833000075301533e-05,95,58,zscreen_original_graph_v1:zel024_hek293:510,zscreen_original_graph_v1
zel024_hek293,518,36,0.8201863872526669,42.20862406454004,0.0,BB_3472530680,bb2,1.0,MSigDB_Hallmark_2020:Myc Targets V1,2.275948027917393e-24,Reactome_2022:Unfolded Protein Response (UPR) R-HSA-381119,0.0011823610859479,83,59,zscreen_original_graph_v1:zel024_hek293:518,zscreen_original_graph_v1
zel024_hek293,540,3,0.8647697784408557,3.2257939819811736,0.0006408465730959,BB_4347926671,bb1,1.0,Reactome_2022:Selenoamino Acid Metabolism R-HSA-2408522,0.4569498556171977,MSigDB_Hallmark_2020:Myc Targets V1,1.0898132706004602e-14,95,60,zscreen_original_graph_v1:zel024_hek293:540,zscreen_original_graph_v1
zel024_hek293,541,4,0.880708757289241,4.4803200369893785,5.422898674871975e-06,BB_0326377388,bb0,1.0,MSigDB_Hallmark_2020:Myc Targets V1,1.9470791933055078e-09,Reactome_2022:Transport Of Inorganic Cations/Anions And Amino Acids/Oligopeptides R-HSA-425393,0.2875438365204005,90,61,zscreen_original_graph_v1:zel024_hek293:541,zscreen_original_graph_v1
zel024_hek293,569,4,0.8594695023647078,4.371940278510684,8.50543520468845e-06,BB_4347926671,bb1,1.0,KEGG_2021_Human:Vibrio cholerae infection,0.99887265658097,Reactome_2022:Nephrin Family Interactions R-HSA-373753,0.8116289132049709,95,62,zscreen_original_graph_v1:zel024_hek293:569,zscreen_original_graph_v1
zel024_hek293,576,3,0.9062785359003408,3.3806144428455207,0.0003903012715431,BB_0078506578,bb0,1.0,KEGG_2021_Human:Protein processing in endoplasmic reticulum,0.0035470832578438,KEGG_2021_Human:Ribosome,5.42119662434484e-13,90,63,zscreen_original_graph_v1:zel024_hek293:576,zscreen_original_graph_v1
zel024_hek293,612,6,0.886086033003206,6.515671806889974,1.0321755926719795e-10,BB_0326377388,bb0,1.0,MSigDB_Hallmark_2020:Myc Targets V1,1.379798340459942e-13,Reactome_2022:Amino Acid Transport Across Plasma Membrane R-HSA-352230,0.575087673040801,90,64,zscreen_original_graph_v1:zel024_hek293:612,zscreen_original_graph_v1
zel024_hek293,746,3,0.9124804832941648,3.4037466301846733,0.0003637698700152,BB_6601289516,bb1,1.0,Reactome_2022:Pregnenolone Biosynthesis R-HSA-196108,1.0,MSigDB_Hallmark_2020:Myc Targets V1,1.8531169888936197e-11,95,65,zscreen_original_graph_v1:zel024_hek293:746,zscreen_original_graph_v1
zel024_hek293,758,3,0.9220756739239544,3.4395350258463666,0.0003270866095494,BB_5290020531,bb2,1.0,Reactome_2022:Amino Acid Transport Across Plasma Membrane R-HSA-352230,0.0112937523268402,Reactome_2022:Budding And Maturation Of HIV Virion R-HSA-162588,0.3701979935013189,83,66,zscreen_original_graph_v1:zel024_hek293:758,zscreen_original_graph_v1
zel024_hek293,788,9,0.8396000058576856,9.692409079441278,1.14352940579276e-21,BB_3472530680,bb2,1.0,Reactome_2022:Amino Acid Transport Across Plasma Membrane R-HSA-352230,0.014074779207254,KEGG_2021_Human:Sulfur relay system,1.0,83,67,zscreen_original_graph_v1:zel024_hek293:788,zscreen_original_graph_v1
zel024_hek293,808,5,0.8766434155310154,5.654411429582444,2.024111571395282e-08,BB_5290020531,bb2,1.0,MSigDB_Hallmark_2020:Oxidative Phosphorylation,0.0922063189499363,MSigDB_Hallmark_2020:Myc Targets V1,1.283667667305466e-06,83,68,zscreen_original_graph_v1:zel024_hek293:808,zscreen_original_graph_v1
zel024_hek293,823,5,0.872613194508135,5.628365819694734,2.3189672780149286e-08,BB_5290020531,bb2,1.0,Reactome_2022:Late SARS-CoV-2 Infection Events R-HSA-9772573,0.0026629502482634,Reactome_2022:HSF1-dependent Transactivation R-HSA-3371571,0.0313901400094703,83,69,zscreen_original_graph_v1:zel024_hek293:823,zscreen_original_graph_v1
zel024_hek293,845,3,0.8939795793117425,3.334741469436092,0.0004454735127871,BB_9483475878,bb1,1.0,MSigDB_Hallmark_2020:Myc Targets V1,1.8531169888936197e-11,MSigDB_Hallmark_2020:Unfolded Protein Response,1.0,95,70,zscreen_original_graph_v1:zel024_hek293:845,zscreen_original_graph_v1
zel024_hek293,854,6,0.904870356367436,6.65364316651999,4.416056636569343e-11,BB_3472530680,bb2,1.0,MSigDB_Hallmark_2020:E2F Targets,3.0865895729884216e-05,KEGG_2021_Human:Huntington disease,0.7357309778363093,83,71,zscreen_original_graph_v1:zel024_hek293:854,zscreen_original_graph_v1
zel024_hek293,856,4,0.9076545051706376,4.617818911492752,3.154353745943873e-06,BB_4347926671,bb1,1.0,KEGG_2021_Human:Thyroid hormone synthesis,0.1742194394565631,Reactome_2022:MAPK6/MAPK4 Signaling R-HSA-5687128,0.9528004964625542,95,72,zscreen_original_graph_v1:zel024_hek293:856,zscreen_original_graph_v1
zel024_hek293,894,5,0.8566270659819863,5.52505424823425,3.9770924210061386e-08,BB_4347926671,bb1,1.0,KEGG_2021_Human:Oxidative phosphorylation,0.0004367094736371,MSigDB_Hallmark_2020:Myc Targets V1,1.9470791933055078e-09,95,73,zscreen_original_graph_v1:zel024_hek293:894,zscreen_original_graph_v1
zel024_hek293,897,5,0.8701176089959087,5.612237908514714,2.52669180170736e-08,BB_6474669253,bb1,1.0,KEGG_2021_Human:Prion disease,1.0,MSigDB_Hallmark_2020:Myc Targets V1,0.0026720754315707,95,74,zscreen_original_graph_v1:zel024_hek293:897,zscreen_original_graph_v1
zel024_hek293,902,3,0.888341039587691,3.313710694917446,0.0004764192196023,BB_4347926671,bb1,1.0,Reactome_2022:Amino Acid Transport Across Plasma Membrane R-HSA-352230,0.575087673040801,"Reactome_2022:Respiratory Electron Transport, ATP Synthesis By Chemiosmotic Coupling, Heat Production By Uncoupling Proteins R-HSA-163200",1.0,95,75,zscreen_original_graph_v1:zel024_hek293:902,zscreen_original_graph_v1
zel024_hek293,921,3,0.8955650341054019,3.3406549406372843,0.0004379089335682,BB_0326377388,bb0,1.0,Reactome_2022:Influenza Viral RNA Transcription And Replication R-HSA-168273,3.2247964804417088e-12,MSigDB_Hallmark_2020:Myc Targets V1,1.9470791933055078e-09,90,76,zscreen_original_graph_v1:zel024_hek293:921,zscreen_original_graph_v1
zel024_hek293,958,3,0.8840657855397214,3.297764739352169,0.0005012255229796,BB_3472530680,bb2,1.0,Reactome_2022:SRP-dependent Cotranslational Protein Targeting To Membrane R-HSA-1799339,0.0001508031224902,MSigDB_Hallmark_2020:Myc Targets V1,1.8127949542997084e-08,83,77,zscreen_original_graph_v1:zel024_hek293:958,zscreen_original_graph_v1
zel024_hek293,967,3,0.9612352375185256,3.5855934013319666,0.0002127303983785,BB_5290020531,bb2,1.0,MSigDB_Hallmark_2020:Myc Targets V1,0.0026720754315707,Reactome_2022:Extracellular Matrix Organization R-HSA-1474244,0.4086625937486288,83,78,zscreen_original_graph_v1:zel024_hek293:967,zscreen_original_graph_v1
zel024_hek293,971,3,0.9021569782212224,3.3652417480597783,0.0004048998825249,BB_4347926671,bb1,1.0,Reactome_2022:Translation R-HSA-72766,0.2284749278085988,MSigDB_Hallmark_2020:Myc Targets V1,5.730999377238075e-17,95,79,zscreen_original_graph_v1:zel024_hek293:971,zscreen_original_graph_v1
zel024_hek293,976,12,0.8923496821866128,16.812794655719358,2.152753111486726e-62,BB_3472530680,bb2,1.0,Reactome_2022:mRNA Splicing - Major Pathway R-HSA-72163,2.3345744152741635e-11,KEGG_2021_Human:ECM-receptor interaction,1.0,83,80,zscreen_original_graph_v1:zel024_hek293:976,zscreen_original_graph_v1
zel024_hek293,1074,5,0.9287759182804282,5.991321693652952,2.817196866574648e-09,BB_3472530680,bb2,1.0,KEGG_2021_Human:Protein processing in endoplasmic reticulum,0.0035470832578438,KEGG_2021_Human:IL-17 signaling pathway,0.234966036353608,83,81,zscreen_original_graph_v1:zel024_hek293:1074,zscreen_original_graph_v1
zel024_hek293,1104,7,0.8842026434573457,7.940151054985647,5.408210726590732e-15,BB_6601289516,bb1,1.0,MSigDB_Hallmark_2020:Myc Targets V1,0.0002355502412466,Reactome_2022:Serine Biosynthesis R-HSA-977347,0.0017415567883492,95,82,zscreen_original_graph_v1:zel024_hek293:1104,zscreen_original_graph_v1
zel024_hek293,1114,3,0.9052343544299416,3.376719827194088,0.0003937591622533,BB_3472530680,bb2,1.0,KEGG_2021_Human:Ribosome,0.0012029652348629,MSigDB_Hallmark_2020:Unfolded Protein Response,0.0003620900807193,83,83,zscreen_original_graph_v1:zel024_hek293:1114,zscreen_original_graph_v1
zel024_hek293,1147,3,0.8883852061267178,3.31387542844226,0.000476628488098,BB_5290020531,bb2,1.0,Reactome_2022:Eukaryotic Translation Termination R-HSA-72764,0.3807915463476647,MSigDB_Hallmark_2020:Myc Targets V1,9.718424187370192e-06,83,84,zscreen_original_graph_v1:zel024_hek293:1147,zscreen_original_graph_v1
zel024_hek293,1179,5,0.846515254473803,5.459705897286498,5.663471956184471e-08,BB_3472530680,bb2,1.0,MSigDB_Hallmark_2020:Myc Targets V1,1.9602482427051839e-10,KEGG_2021_Human:Protein processing in endoplasmic reticulum,0.0035470832578438,83,85,zscreen_original_graph_v1:zel024_hek293:1179,zscreen_original_graph_v1
zel024_hek293,1199,5,0.8783325850951543,5.665327816364206,1.9141311082617813e-08,BB_5290020531,bb2,1.0,Reactome_2022:Influenza Viral RNA Transcription And Replication R-HSA-168273,0.0505531791283331,MSigDB_Hallmark_2020:Myc Targets V1,1.8127949542997084e-08,83,86,zscreen_original_graph_v1:zel024_hek293:1199,zscreen_original_graph_v1
zel024_hek293,1262,3,0.8986556406656373,3.352182366686427,0.0004213905314906,BB_6474669253,bb1,1.0,MSigDB_Hallmark_2020:Myc Targets V1,6.833000075301533e-05,KEGG_2021_Human:Protein export,0.691569559624005,95,87,zscreen_original_graph_v1:zel024_hek293:1262,zscreen_original_graph_v1
zel024_hek293,1285,3,0.9082351815871232,3.387912391652385,0.0003821106841751,BB_6474669253,bb1,1.0,Reactome_2022:Axon Guidance R-HSA-422475,2.634905780781976e-05,KEGG_2021_Human:Protein digestion and absorption,0.2865592049062839,95,88,zscreen_original_graph_v1:zel024_hek293:1285,zscreen_original_graph_v1
zel024_hek293,1299,5,0.8776586716360603,5.660972599378837,1.9532356160945657e-08,BB_5290020531,bb2,1.0,Reactome_2022:CDC6 Association With ORC:origin Complex R-HSA-68689,1.0,MSigDB_Hallmark_2020:Myc Targets V1,0.0026720754315707,83,89,zscreen_original_graph_v1:zel024_hek293:1299,zscreen_original_graph_v1
zel024_hek293,1320,3,0.9129538232390432,3.4055121060239126,0.0003630041815141,BB_9483475878,bb1,1.0,MSigDB_Hallmark_2020:Myc Targets V1,9.718424187370192e-06,Reactome_2022:Nuclear Events Stimulated By ALK Signaling In Cancer R-HSA-9725371,1.0,95,90,zscreen_original_graph_v1:zel024_hek293:1320,zscreen_original_graph_v1
zel024_hek293,1375,7,0.8678716025337859,7.79322903822679,1.7128982236642074e-14,BB_4347926671,bb1,1.0,KEGG_2021_Human:Ribosome,1.0,MSigDB_Hallmark_2020:Myc Targets V1,5.730999377238075e-17,95,91,zscreen_original_graph_v1:zel024_hek293:1375,zscreen_original_graph_v1
zel024_hek293,1417,4,0.8763287242837401,4.457969586328486,5.90913582778502e-06,BB_4347926671,bb1,1.0,MSigDB_Hallmark_2020:E2F Targets,0.0566629268166784,Reactome_2022:Major Pathway Of rRNA Processing In Nucleolus And Cytosol R-HSA-6791226,0.0671919997178177,95,92,zscreen_original_graph_v1:zel024_hek293:1417,zscreen_original_graph_v1
zel024_hek293,1440,5,0.8530874043074261,5.502178915445632,4.486364201819909e-08,BB_0326377388,bb0,1.0,MSigDB_Hallmark_2020:Myc Targets V1,1.283667667305466e-06,Reactome_2022:Polo-like Kinase Mediated Events R-HSA-156711,1.0,90,93,zscreen_original_graph_v1:zel024_hek293:1440,zscreen_original_graph_v1
zel024_hek293,1614,3,0.8892925903470182,3.317259814094012,0.0004713767978972,BB_2686618432,bb1,1.0,MSigDB_Hallmark_2020:Myc Targets V1,0.0093374224143469,MSigDB_Hallmark_2020:Myc Targets V1,1.283667667305466e-06,95,94,zscreen_original_graph_v1:zel024_hek293:1614,zscreen_original_graph_v1
zel024_hek293,1676,3,0.8934160789183178,3.3326397107724555,0.0004483874219105,BB_6601289516,bb1,1.0,Reactome_2022:Formation Of A Pool Of Free 40S Subunits R-HSA-72689,4.6463021059908665e-05,Reactome_2022:Translation Initiation Complex Formation R-HSA-72649,0.0013564448256422,95,95,zscreen_original_graph_v1:zel024_hek293:1676,zscreen_original_graph_v1
zel024_hek293,1728,5,0.8667064909781359,5.590193298884755,2.8338051453382645e-08,BB_6601289516,bb1,1.0,Reactome_2022:HSF1 Activation R-HSA-3371511,0.469932072707216,Reactome_2022:Eukaryotic Translation Elongation R-HSA-156842,4.3008387456409404e-10,95,96,zscreen_original_graph_v1:zel024_hek293:1728,zscreen_original_graph_v1
zel024_hek293,1883,5,0.8682253987602895,5.600009355950803,2.6912795295125365e-08,BB_3472530680,bb2,1.0,MSigDB_Hallmark_2020:Myc Targets V1,1.9602482427051839e-10,Reactome_2022:Asparagine N-linked Glycosylation R-HSA-446203,1.0,83,97,zscreen_original_graph_v1:zel024_hek293:1883,zscreen_original_graph_v1
zel024_hek293,1916,4,0.8659077348874185,4.4047933182392605,7.425207213362593e-06,BB_4347926671,bb1,1.0,Reactome_2022:Metabolism Of Amino Acids And Derivatives R-HSA-71291,1.0,MSigDB_Hallmark_2020:Myc Targets V1,9.718424187370192e-06,95,98,zscreen_original_graph_v1:zel024_hek293:1916,zscreen_original_graph_v1
zel024_hek293,1943,3,0.8929473789962268,3.330891541412868,0.000449815802731,BB_8772701107,bb0,1.0,Reactome_2022:Eukaryotic Translation Termination R-HSA-72764,8.554702968192376e-07,KEGG_2021_Human:Protein processing in endoplasmic reticulum,0.0035470832578438,90,99,zscreen_original_graph_v1:zel024_hek293:1943,zscreen_original_graph_v1
zel024_hek293,2002,3,0.9039162405782578,3.371803491305486,0.0003978860024291,BB_4347926671,bb1,1.0,Reactome_2022:Translation R-HSA-72766,0.2855936597607486,MSigDB_Hallmark_2020:Myc Targets V1,1.9602482427051839e-10,95,100,zscreen_original_graph_v1:zel024_hek293:2002,zscreen_original_graph_v1
zel024_hek293,2068,3,0.9001060644588265,3.357592195692495,0.0004136619098837,BB_5290020531,bb2,1.0,Reactome_2022:Unfolded Protein Response (UPR) R-HSA-381119,0.1651056944637407,MSigDB_Hallmark_2020:Oxidative Phosphorylation,0.2297107056498298,83,101,zscreen_original_graph_v1:zel024_hek293:2068,zscreen_original_graph_v1
zel024_hek293,2211,4,0.9072113391092812,4.615557521869321,3.1684247427455e-06,BB_6601289516,bb1,1.0,KEGG_2021_Human:Cardiac muscle contraction,1.0,MSigDB_Hallmark_2020:Myc Targets V1,1.8531169888936197e-11,95,102,zscreen_original_graph_v1:zel024_hek293:2211,zscreen_original_graph_v1
zel024_hek293,2319,4,0.8963272833346396,4.560018316736388,3.919878480663322e-06,BB_4347926671,bb1,1.0,Reactome_2022:Response Of EIF2AK4 (GCN2) To Amino Acid Deficiency R-HSA-9633012,9.53598750886044e-10,MSigDB_Hallmark_2020:Myc Targets V1,1.8531169888936197e-11,95,103,zscreen_original_graph_v1:zel024_hek293:2319,zscreen_original_graph_v1
zel024_hek293,2475,6,0.928752516182506,6.829058271801938,1.4064080091489007e-11,BB_1174006333,bb0,1.0,MSigDB_Hallmark_2020:E2F Targets,0.1715871522768254,MSigDB_Hallmark_2020:KRAS Signaling Up,1.0,90,104,zscreen_original_graph_v1:zel024_hek293:2475,zscreen_original_graph_v1
zel024_hek293,2529,7,0.8642283928627819,7.76045294545691,2.196365585130713e-14,BB_2686618432,bb1,1.0,Reactome_2022:Constitutive Signaling By NOTCH1 HD Domain Mutants R-HSA-2691232,1.0,Reactome_2022:Eukaryotic Translation Elongation R-HSA-156842,6.8804621259482806e-09,95,105,zscreen_original_graph_v1:zel024_hek293:2529,zscreen_original_graph_v1
zel024_hek293,2601,3,0.8581695185009779,3.201176157978281,0.0006946870145511,BB_8772701107,bb0,1.0,"Reactome_2022:Cell Cycle, Mitotic R-HSA-69278",0.2043099068854877,KEGG_2021_Human:Lysosome,0.1097588635034192,90,106,zscreen_original_graph_v1:zel024_hek293:2601,zscreen_original_graph_v1
zel024_hek293,2612,4,0.9448298595374284,4.807517464570465,1.5146238709229394e-06,BB_4347926671,bb1,1.0,KEGG_2021_Human:Ferroptosis,0.007037389603627,KEGG_2021_Human:Cardiac muscle contraction,1.0,95,107,zscreen_original_graph_v1:zel024_hek293:2612,zscreen_original_graph_v1
zel024_hek293,2648,4,0.9178803534674508,4.66999941276675,2.6057474287474697e-06,BB_4347926671,bb1,1.0,KEGG_2021_Human:Protein processing in endoplasmic reticulum,0.0035470832578438,KEGG_2021_Human:Prion disease,0.0023838787545784,95,108,zscreen_original_graph_v1:zel024_hek293:2648,zscreen_original_graph_v1
zel024_hek293,2841,4,0.8969144315573351,4.5630144191323065,3.882058148330267e-06,BB_4347926671,bb1,1.0,KEGG_2021_Human:Protein processing in endoplasmic reticulum,0.0224818243573182,Reactome_2022:RAC2 GTPase Cycle R-HSA-9013404,0.3835867761612175,95,109,zscreen_original_graph_v1:zel024_hek293:2841,zscreen_original_graph_v1
zel024_hek293,2933,3,0.8970197480342611,3.3460807711047846,0.0004303245786981,BB_8873714086,bb1,1.0,MSigDB_Hallmark_2020:G2-M Checkpoint,0.0338812569805207,Reactome_2022:Influenza Infection R-HSA-168255,1.256260418519856e-09,95,110,zscreen_original_graph_v1:zel024_hek293:2933,zscreen_original_graph_v1
zel024_hek293,2958,3,0.8872215680038508,3.309535260210593,0.0004825905206413,BB_3472530680,bb2,1.0,MSigDB_Hallmark_2020:Myc Targets V1,1.5788954724877929e-07,Reactome_2022:L13a-mediated Translational Silencing Of Ceruloplasmin Expression R-HSA-156827,0.0004837726786998,83,111,zscreen_original_graph_v1:zel024_hek293:2958,zscreen_original_graph_v1
zel024_hek293,2971,4,0.9219233955366652,4.690630264674579,2.39747651131764e-06,BB_5290020531,bb2,1.0,MSigDB_Hallmark_2020:G2-M Checkpoint,0.0056030574866077,Reactome_2022:Formation Of TC-NER Pre-Incision Complex R-HSA-6781823,0.1432796024531419,83,112,zscreen_original_graph_v1:zel024_hek293:2971,zscreen_original_graph_v1
zel024_hek293,2985,6,0.8848571505591919,6.5066456323326864,1.0930131839500151e-10,BB_4186593764,bb0,1.0,KEGG_2021_Human:Ribosome,0.3795175870232558,MSigDB_Hallmark_2020:Myc Targets V1,1.5788954724877929e-07,90,113,zscreen_original_graph_v1:zel024_hek293:2985,zscreen_original_graph_v1
zel024_hek293,3061,3,0.8679390085546125,3.2376146602386693,0.0006155031815841,BB_6474669253,bb1,1.0,Reactome_2022:RAB GEFs Exchange GTP For GDP On RABs R-HSA-8876198,1.0,Reactome_2022:Cap-dependent Translation Initiation R-HSA-72737,2.6729071183553e-15,95,114,zscreen_original_graph_v1:zel024_hek293:3061,zscreen_original_graph_v1
zel024_hek293,3327,3,0.9302650441709068,3.470079955481021,0.0002983744754551,BB_9483475878,bb1,1.0,Reactome_2022:Amino Acid Transport Across Plasma Membrane R-HSA-352230,0.575087673040801,Reactome_2022:Interleukin-4 And Interleukin-13 Signaling R-HSA-6785807,0.1850989967506594,95,115,zscreen_original_graph_v1:zel024_hek293:3327,zscreen_original_graph_v1
zel024_hek293,3636,3,0.894219979187437,3.335638119247474,0.0004444999670724,BB_3472530680,bb2,1.0,MSigDB_Hallmark_2020:Myc Targets V1,6.833000075301533e-05,"Reactome_2022:Transport Of Bile Salts And Organic Acids, Metal Ions And Amine Compounds R-HSA-425366",1.0,83,116,zscreen_original_graph_v1:zel024_hek293:3636,zscreen_original_graph_v1
zel024_hek293,3885,3,0.9083206075074428,3.388231015508244,0.0003820787674885,BB_4186593764,bb0,1.0,KEGG_2021_Human:Ribosome,1.7910768874784684e-07,MSigDB_Hallmark_2020:Myc Targets V1,1.0898132706004602e-14,90,117,zscreen_original_graph_v1:zel024_hek293:3885,zscreen_original_graph_v1
zel024_hek293,3911,3,0.9377156330315244,3.497869358771097,0.0002781352995629,BB_2686618432,bb1,1.0,MSigDB_Hallmark_2020:Myc Targets V1,0.0147546553244425,KEGG_2021_Human:Amyotrophic lateral sclerosis,0.1444407140048598,95,118,zscreen_original_graph_v1:zel024_hek293:3911,zscreen_original_graph_v1
zel024_hek293,4002,5,0.8698943875306082,5.610795322817609,2.5414617529527577e-08,BB_3472530680,bb2,1.0,MSigDB_Hallmark_2020:Myc Targets V1,0.0004448231866923,Reactome_2022:RNA Polymerase III Transcription Initiation From Type 2 Promoter R-HSA-76066,0.230523186541335,83,119,zscreen_original_graph_v1:zel024_hek293:4002,zscreen_original_graph_v1
zel024_hek293,4032,3,0.906988071704825,3.383260888245801,0.0003873897209452,BB_8232087379,bb1,1.0,Reactome_2022:Attenuation Phase R-HSA-3371568,0.0082511376077785,Reactome_2022:SRP-dependent Cotranslational Protein Targeting To Membrane R-HSA-1799339,0.0719148632752207,95,120,zscreen_original_graph_v1:zel024_hek293:4032,zscreen_original_graph_v1
zel024_hek293,4063,3,0.9062194842074688,3.380394190280404,0.0003901959954095,BB_8232087379,bb1,1.0,Reactome_2022:mRNA Splicing - Major Pathway R-HSA-72163,0.0186413382100982,KEGG_2021_Human:N-Glycan biosynthesis,0.1150290615574919,95,121,zscreen_original_graph_v1:zel024_hek293:4063,zscreen_original_graph_v1
zel024_hek293,4140,3,0.8634088240027361,3.220717858140784,0.0006509861178746,BB_7372899989,bb0,1.0,MSigDB_Hallmark_2020:Oxidative Phosphorylation,0.0186748448286939,MSigDB_Hallmark_2020:Myc Targets V1,0.0147546553244425,90,122,zscreen_original_graph_v1:zel024_hek293:4140,zscreen_original_graph_v1
zel024_hek293,4186,3,0.9030396621735792,3.368534005999197,0.0004009381336328,BB_7258043180,bb0,1.0,Reactome_2022:rRNA Processing In Nucleus And Cytosol R-HSA-8868773,0.0001137761561383,MSigDB_Hallmark_2020:Myc Targets V1,0.0004448231866923,90,123,zscreen_original_graph_v1:zel024_hek293:4186,zscreen_original_graph_v1
zel024_hek293,4298,3,0.9186478877084264,3.426749978205504,0.0003398492721599,BB_1008886218,bb0,1.0,Reactome_2022:Transport Of Inorganic Cations/Anions And Amino Acids/Oligopeptides R-HSA-425393,0.2875438365204005,Reactome_2022:RHO GTPases Activate PKNs R-HSA-5625740,0.3675057930137499,90,124,zscreen_original_graph_v1:zel024_hek293:4298,zscreen_original_graph_v1
zel024_hek293,4321,3,0.8929850127636114,3.331031908833315,0.0004500534939366,BB_1174006333,bb0,1.0,KEGG_2021_Human:Protein processing in endoplasmic reticulum,0.3457847798120025,Reactome_2022:Attenuation Phase R-HSA-3371568,0.0078475350023675,90,125,zscreen_original_graph_v1:zel024_hek293:4321,zscreen_original_graph_v1
zel024_hek293,4392,4,0.9155262140597036,4.657986700393206,2.74361820421361e-06,BB_3472530680,bb2,1.0,MSigDB_Hallmark_2020:Myc Targets V1,1.9470791933055078e-09,Reactome_2022:Platelet Degranulation R-HSA-114608,0.0281667275453378,83,126,zscreen_original_graph_v1:zel024_hek293:4392,zscreen_original_graph_v1
zel024_hek293,4540,3,0.9047161413879244,3.374786982490912,0.000394851155482,BB_1174006333,bb0,1.0,KEGG_2021_Human:Lysosome,0.2406919594240173,Reactome_2022:mRNA Splicing - Major Pathway R-HSA-72163,9.073713131158664e-05,90,127,zscreen_original_graph_v1:zel024_hek293:4540,zscreen_original_graph_v1
zel024_hek293,4676,9,0.8514330087574767,9.829384972960966,2.9830951679325416e-22,BB_3472530680,bb2,1.0,MSigDB_Hallmark_2020:E2F Targets,0.280243337789187,MSigDB_Hallmark_2020:Oxidative Phosphorylation,0.4147045487845474,83,128,zscreen_original_graph_v1:zel024_hek293:4676,zscreen_original_graph_v1
zel024_hek293,4795,3,0.8865750924547143,3.307124018617719,0.0004857674779652,BB_8232087379,bb1,1.0,Reactome_2022:mRNA Splicing - Major Pathway R-HSA-72163,9.073713131158664e-05,Reactome_2022:MAP2K And MAPK Activation R-HSA-5674135,1.0,95,129,zscreen_original_graph_v1:zel024_hek293:4795,zscreen_original_graph_v1
zel024_hek293,5070,3,0.911272845660144,3.39924235141317,0.0003690120462091,BB_6601289516,bb1,1.0,Reactome_2022:RUNX1 Interacts With Co-Factors Whose Precise Effect On RUNX1 Targets Is Not Known R-HSA-8939243,0.7742175363391699,MSigDB_Hallmark_2020:Myc Targets V1,1.0898132706004602e-14,95,130,zscreen_original_graph_v1:zel024_hek293:5070,zscreen_original_graph_v1
zel024_hek293,5147,3,0.9003541971508935,3.3585176875668017,0.0004131426078718,BB_4347926671,bb1,1.0,Reactome_2022:Respiratory Electron Transport R-HSA-611105,1.0,MSigDB_Hallmark_2020:Myc Targets V1,0.0002385357438675,95,131,zscreen_original_graph_v1:zel024_hek293:5147,zscreen_original_graph_v1
zel024_hek293,5694,3,0.9324577241520372,3.478258271238557,0.0002924143764172,BB_4347926671,bb1,1.0,Reactome_2022:Amino Acid Transport Across Plasma Membrane R-HSA-352230,0.301605015506969,KEGG_2021_Human:Ribosome,0.0153816768042896,95,132,zscreen_original_graph_v1:zel024_hek293:5694,zscreen_original_graph_v1
zel024_hek293,6253,3,0.88750897908093,3.31060725364365,0.0004812393477049,BB_6601289516,bb1,1.0,MSigDB_Hallmark_2020:Myc Targets V1,0.0147546553244425,KEGG_2021_Human:Protein digestion and absorption,0.2875438365204005,95,133,zscreen_original_graph_v1:zel024_hek293:6253,zscreen_original_graph_v1
zel024_hek293,6355,3,0.8857156736065915,3.3039185354790885,0.0004908534667655,BB_8772701107,bb0,1.0,Reactome_2022:Activation Of Pre-Replicative Complex R-HSA-68962,1.0,MSigDB_Hallmark_2020:Myc Targets V1,1.8531169888936197e-11,90,134,zscreen_original_graph_v1:zel024_hek293:6355,zscreen_original_graph_v1
zel024_hek293,6378,4,0.8968076939768853,4.562469758162284,3.886203434610154e-06,BB_4347926671,bb1,1.0,Reactome_2022:Nuclear Signaling By ERBB4 R-HSA-1251985,1.0,MSigDB_Hallmark_2020:Myc Targets V1,1.6476271550783957e-12,95,135,zscreen_original_graph_v1:zel024_hek293:6378,zscreen_original_graph_v1
zel024_hek293,6729,3,0.881335126245561,3.287579854131308,0.0005181257299748,BB_3472530680,bb2,1.0,Reactome_2022:Tryptophan Catabolism R-HSA-71240,0.8004623580865186,Reactome_2022:Peptide Chain Elongation R-HSA-156902,3.0135874083940395e-14,83,136,zscreen_original_graph_v1:zel024_hek293:6729,zscreen_original_graph_v1
zel024_hek293,6824,4,0.8684979869039274,4.418010867016074,7.01473479504949e-06,BB_4347926671,bb1,1.0,KEGG_2021_Human:Glycosylphosphatidylinositol (GPI)-anchor biosynthesis,1.0,MSigDB_Hallmark_2020:Myc Targets V1,1.6476271550783957e-12,95,137,zscreen_original_graph_v1:zel024_hek293:6824,zscreen_original_graph_v1
zel024_hek293,7032,3,0.8824741877192218,3.2918283557270764,0.0005114036279371,BB_6474669253,bb1,1.0,Reactome_2022:Attenuation Phase R-HSA-3371568,1.0,MSigDB_Hallmark_2020:Myc Targets V1,1.9470791933055078e-09,95,138,zscreen_original_graph_v1:zel024_hek293:7032,zscreen_original_graph_v1
zel024_hek293,7087,3,0.9035472708833668,3.370427298383697,0.0003986132326243,BB_4186593764,bb0,1.0,Reactome_2022:Diseases Of Glycosylation R-HSA-3781865,1.0,MSigDB_Hallmark_2020:Myc Targets V1,3.823789655422598e-18,90,139,zscreen_original_graph_v1:zel024_hek293:7087,zscreen_original_graph_v1
zel024_hek293,7375,3,0.9025295562795072,3.366631399550741,0.0004032893030778,BB_9483475878,bb1,1.0,MSigDB_Hallmark_2020:Myc Targets V1,0.0026720754315707,KEGG_2021_Human:Protein processing in endoplasmic reticulum,0.5717095447867239,95,140,zscreen_original_graph_v1:zel024_hek293:7375,zscreen_original_graph_v1
zel028_a549,4,3,0.8699159922683206,4.791513036172532,1.6089475007296764e-06,BB_5136219807,bb4,1.0,MSigDB_Hallmark_2020:Cholesterol Homeostasis,0.0390028851214875,KEGG_2021_Human:Ribosome,3.409311589549609e-14,0,141,zscreen_original_graph_v1:zel028_a549:4,zscreen_original_graph_v1
zel028_a549,7,3,0.8748544614957954,4.818709604128287,1.4492142008351174e-06,BB_4437896146,bb1,1.0,MSigDB_Hallmark_2020:Unfolded Protein Response,0.0032616163041781,Reactome_2022:Sialic Acid Metabolism R-HSA-4085001,0.575087673040801,0,142,zscreen_original_graph_v1:zel028_a549:7,zscreen_original_graph_v1
zel028_a549,16,5,0.8597883549954121,7.810900640190666,1.4968123127161262e-14,BB_0772210188,bb1,0.8,MSigDB_Hallmark_2020:Myc Targets V1,0.0461031594749681,MSigDB_Hallmark_2020:DNA Repair,1.0,0,143,zscreen_original_graph_v1:zel028_a549:16,zscreen_original_graph_v1
zel028_a549,50,5,0.8529357792240999,7.748200375974794,2.3942962740714115e-14,BB_8942712460,bb4,1.0,MSigDB_Hallmark_2020:Myc Targets V1,9.718424187370192e-06,Reactome_2022:mRNA Splicing - Major Pathway R-HSA-72163,1.0,0,144,zscreen_original_graph_v1:zel028_a549:50,zscreen_original_graph_v1
zel028_a549,69,24,0.7554419317927084,41.27879945585744,0.0,BB_8135509566,bb4,0.5416666666666666,KEGG_2021_Human:Prion disease,0.0001037058550517,Reactome_2022:Regulation Of TP53 Activity Thru Acetylation R-HSA-6804758,0.2398921656984403,0,145,zscreen_original_graph_v1:zel028_a549:69,zscreen_original_graph_v1
zel028_a549,89,3,0.8234149398017259,4.535427805067717,4.3395238690391725e-06,BB_5415608208,bb4,1.0,MSigDB_Hallmark_2020:Myc Targets V1,0.0082511376077785,Reactome_2022:Phosphate Bond Hydrolysis By NUDT Proteins R-HSA-2393930,0.1420177467018142,0,146,zscreen_original_graph_v1:zel028_a549:89,zscreen_original_graph_v1
zel028_a549,127,8,0.8305206742434663,12.77762899031449,1.2950812061311115e-36,BB_7205283989,bb4,0.75,MSigDB_Hallmark_2020:mTORC1 Signaling,0.0299103111415836,Reactome_2022:Selenoamino Acid Metabolism R-HSA-2408522,0.0621835027780267,0,147,zscreen_original_graph_v1:zel028_a549:127,zscreen_original_graph_v1
zel028_a549,157,10,0.8219951415395332,14.99142195194078,7.129664920415747e-50,BB_4488462111,bb4,0.8,MSigDB_Hallmark_2020:Myc Targets V1,1.9470791933055078e-09,Reactome_2022:Peptide Chain Elongation R-HSA-156902,2.149766141118601e-26,0,148,zscreen_original_graph_v1:zel028_a549:157,zscreen_original_graph_v1
zel028_a549,159,4,0.851790960415251,6.956396230209442,6.210791162765231e-12,BB_8579790415,bb3,1.0,MSigDB_Hallmark_2020:Myc Targets V1,0.0004448231866923,Reactome_2022:SARS-CoV-2 Modulates Host Translation Machinery R-HSA-9754678,1.0,0,149,zscreen_original_graph_v1:zel028_a549:159,zscreen_original_graph_v1
zel028_a549,226,5,0.8520871505722848,7.740435523390059,2.5322430208564692e-14,BB_6962831952,bb3,0.8,KEGG_2021_Human:Oxidative phosphorylation,6.443328113981949e-07,Reactome_2022:Interleukin-10 Signaling R-HSA-6783783,0.3880833750962854,0,150,zscreen_original_graph_v1:zel028_a549:226,zscreen_original_graph_v1
zel028_a549,300,6,0.7781339760428493,9.499318838215205,6.952502219740115e-21,BB_6290953361,bb1,1.0,MSigDB_Hallmark_2020:Glycolysis,0.0047817717669031,KEGG_2021_Human:Ribosome,1.0,0,151,zscreen_original_graph_v1:zel028_a549:300,zscreen_original_graph_v1
zel028_a549,389,3,0.8824504744844303,4.860541490472519,1.22796417302356e-06,BB_2842970343,bb4,1.0,MSigDB_Hallmark_2020:Myc Targets V1,0.0015144310856249,Reactome_2022:Synthesis Of UDP-N-acetyl-glucosamine R-HSA-446210,1.0,0,152,zscreen_original_graph_v1:zel028_a549:389,zscreen_original_graph_v1
zel028_a549,406,6,0.8127453701431495,9.923984569988678,1.1691851406366545e-22,BB_5476827048,bb1,0.8333333333333334,Reactome_2022:Translation R-HSA-72766,0.0004837902303342,Reactome_2022:Purine Salvage R-HSA-74217,1.0,0,153,zscreen_original_graph_v1:zel028_a549:406,zscreen_original_graph_v1
zel028_a549,458,4,0.7295314650538646,5.957478022110293,3.457818633951506e-09,BB_4244930596,bb4,1.0,MSigDB_Hallmark_2020:Myc Targets V1,9.718424187370192e-06,KEGG_2021_Human:Amoebiasis,0.0949749157546551,0,154,zscreen_original_graph_v1:zel028_a549:458,zscreen_original_graph_v1
zel028_a549,465,9,0.8017432126780598,14.908592374888157,2.3920181909528e-49,BB_0965953915,bb1,1.0,MSigDB_Hallmark_2020:Myc Targets V1,0.0004448231866923,Reactome_2022:Small Interfering RNA (siRNA) Biogenesis R-HSA-426486,1.0,0,155,zscreen_original_graph_v1:zel028_a549:465,zscreen_original_graph_v1
zel028_a549,466,3,0.8404516872290149,4.62925061489177,3.0094490334644504e-06,BB_4873324777,bb4,1.0,MSigDB_Hallmark_2020:mTORC1 Signaling,0.0299103111415836,Reactome_2022:Selenocysteine Synthesis R-HSA-2408557,3.0135874083940395e-14,0,156,zscreen_original_graph_v1:zel028_a549:466,zscreen_original_graph_v1
zel028_a549,501,7,0.8269511710765085,11.89441440315066,6.636626027575621e-32,BB_7665146157,bb1,0.8571428571428571,MSigDB_Hallmark_2020:mTORC1 Signaling,1.8357839908389e-05,KEGG_2021_Human:Mitophagy,1.0,0,157,zscreen_original_graph_v1:zel028_a549:501,zscreen_original_graph_v1
zel028_a549,512,3,0.7808721315090051,4.301140959596517,1.1545908742608865e-05,BB_3050145525,bb3,1.0,MSigDB_Hallmark_2020:mTORC1 Signaling,0.151806087089722,Reactome_2022:NoRC Negatively Regulates rRNA Expression R-HSA-427413,0.2817518877084183,0,158,zscreen_original_graph_v1:zel028_a549:512,zscreen_original_graph_v1
zel028_a549,514,10,0.8237359511069434,15.023413851107229,4.477790146748992e-50,BB_3795298929,bb4,1.0,KEGG_2021_Human:Prion disease,2.071358132981144e-07,Reactome_2022:Prevention Of Phagosomal-Lysosomal Fusion R-HSA-9636383,1.0,0,159,zscreen_original_graph_v1:zel028_a549:514,zscreen_original_graph_v1
zel028_a549,565,11,0.7953993099298576,15.709721302666535,1.3065646233949328e-54,BB_6776932943,bb3,0.5454545454545454,MSigDB_Hallmark_2020:Oxidative Phosphorylation,0.0005902040260371,Reactome_2022:Estrogen-dependent Nuclear Events Downstream Of ESR-membrane Signaling R-HSA-9634638,1.0,0,160,zscreen_original_graph_v1:zel028_a549:565,zscreen_original_graph_v1
zel028_a549,566,14,0.7603766232734017,20.083204959018943,1.6284618039515126e-88,BB_3556786606,bb3,0.5,KEGG_2021_Human:Prion disease,2.249426819703529e-08,Reactome_2022:DCC Mediated Attractive Signaling R-HSA-418885,1.0,0,161,zscreen_original_graph_v1:zel028_a549:566,zscreen_original_graph_v1
zel028_a549,596,5,0.7941554546550074,7.210367303540038,1.1955693553291654e-12,BB_0435703887,bb4,1.0,KEGG_2021_Human:Pathways of neurodegeneration,0.0659895975098997,MSigDB_Hallmark_2020:KRAS Signaling Up,1.0,0,162,zscreen_original_graph_v1:zel028_a549:596,zscreen_original_graph_v1
zel028_a549,627,9,0.7904483090604487,14.697249659974736,5.4517204449394475e-48,BB_4639591781,bb4,0.8888888888888888,MSigDB_Hallmark_2020:Myc Targets V1,1.8127949542997084e-08,Reactome_2022:Activation Of PUMA And Translocation To Mitochondria R-HSA-139915,1.0,0,163,zscreen_original_graph_v1:zel028_a549:627,zscreen_original_graph_v1
zel028_a549,641,17,0.8020745888716206,23.363413721604463,2.3044237242603784e-119,BB_4244930596,bb4,0.4705882352941176,KEGG_2021_Human:Prion disease,1.410496554751901e-05,Reactome_2022:GAB1 Signalosome R-HSA-180292,1.0,0,164,zscreen_original_graph_v1:zel028_a549:641,zscreen_original_graph_v1
zel028_a549,674,3,0.7689065524627331,4.235245503196498,1.5326683602699203e-05,BB_0923458751,bb4,1.0,KEGG_2021_Human:Folate biosynthesis,0.0532012301137194,KEGG_2021_Human:Rheumatoid arthritis,1.0,0,165,zscreen_original_graph_v1:zel028_a549:674,zscreen_original_graph_v1
zel028_a549,684,11,0.8075721853644927,15.95172141893927,2.907197751301556e-56,BB_0047100301,bb4,0.6363636363636364,KEGG_2021_Human:Oxidative phosphorylation,1.9237561340147002e-19,Reactome_2022:Cell-extracellular Matrix Interactions R-HSA-446353,1.0,0,166,zscreen_original_graph_v1:zel028_a549:684,zscreen_original_graph_v1
zel028_a549,702,3,0.8017950014924744,4.4163649752022245,7.058461813049118e-06,BB_3556381982,bb3,1.0,KEGG_2021_Human:Prion disease,0.0007028857568407,KEGG_2021_Human:Protein export,0.4455822765124642,0,167,zscreen_original_graph_v1:zel028_a549:702,zscreen_original_graph_v1
zel028_a549,713,5,0.7969753620464287,7.236169125279333,1.0147739611360137e-12,BB_7609608884,bb4,1.0,KEGG_2021_Human:Parkinson disease,0.0043333426992827,KEGG_2021_Human:Pyrimidine metabolism,1.0,0,168,zscreen_original_graph_v1:zel028_a549:713,zscreen_original_graph_v1
zel028_a549,778,17,0.7288959506730558,21.219846904796483,1.0510999712866851e-98,BB_9829174648,bb4,0.8823529411764706,KEGG_2021_Human:Prion disease,2.249426819703529e-08,"Reactome_2022:BMAL1:CLOCK,NPAS2 Activates Circadian Gene Expression R-HSA-1368108",1.0,0,169,zscreen_original_graph_v1:zel028_a549:778,zscreen_original_graph_v1
zel028_a549,787,7,0.8409257080276722,12.095371031747284,5.9850237829692066e-33,BB_7041857889,bb1,0.5714285714285714,MSigDB_Hallmark_2020:Myc Targets V1,5.185292752585015e-05,Reactome_2022:Chromosome Maintenance R-HSA-73886,1.0,0,170,zscreen_original_graph_v1:zel028_a549:787,zscreen_original_graph_v1
zel028_a549,831,3,0.8342115227625003,4.594885501098111,3.411720369124524e-06,BB_6776932943,bb3,1.0,MSigDB_Hallmark_2020:Myc Targets V1,6.833000075301533e-05,Reactome_2022:G Beta:Gamma Signaling Thru PLC Beta R-HSA-418217,0.9784970697386682,0,171,zscreen_original_graph_v1:zel028_a549:831,zscreen_original_graph_v1
zel028_a549,863,5,0.7264103740476454,6.590507765293188,6.529484400211707e-11,BB_9151637064,bb4,1.0,KEGG_2021_Human:Prion disease,0.0007028857568407,KEGG_2021_Human:Amino sugar and nucleotide sugar metabolism,1.0,0,172,zscreen_original_graph_v1:zel028_a549:863,zscreen_original_graph_v1
zel028_a549,894,4,0.838712768978759,6.849541187856271,1.2270695261226892e-11,BB_6317837957,bb1,0.75,Reactome_2022:TP53 Regulates Metabolic Genes R-HSA-5628897,0.0052614304984337,Reactome_2022:E2F-enabled Inhibition Of Pre-Replication Complex Formation R-HSA-113507,1.0,0,173,zscreen_original_graph_v1:zel028_a549:894,zscreen_original_graph_v1
zel028_a549,955,3,0.796266634440599,4.385919790007141,8.032124017509909e-06,BB_0965953915,bb1,1.0,Reactome_2022:ER-Phagosome Pathway R-HSA-1236974,0.174262749457782,MSigDB_Hallmark_2020:Myc Targets V1,0.3333317089159188,0,174,zscreen_original_graph_v1:zel028_a549:955,zscreen_original_graph_v1
zel028_a549,1007,7,0.7740122873204865,11.133142696012412,4.071759128976128e-28,BB_1274079422,bb4,0.7142857142857143,KEGG_2021_Human:Prion disease,0.0006757310088236,Reactome_2022:Autophagy R-HSA-9612973,1.0,0,175,zscreen_original_graph_v1:zel028_a549:1007,zscreen_original_graph_v1
zel028_a549,1015,3,0.8118634647827235,4.471812854589601,5.610790481740157e-06,BB_0822728753,bb3,1.0,MSigDB_Hallmark_2020:Myc Targets V1,0.0021872494588426,MSigDB_Hallmark_2020:Androgen Response,1.0,0,176,zscreen_original_graph_v1:zel028_a549:1015,zscreen_original_graph_v1
zel028_a549,1043,5,0.7971893413206785,7.238127010530066,1.0046223385467936e-12,BB_8629146945,bb1,1.0,MSigDB_Hallmark_2020:Myc Targets V1,0.0147546553244425,Reactome_2022:SRP-dependent Cotranslational Protein Targeting To Membrane R-HSA-1799339,7.533968520985097e-15,0,177,zscreen_original_graph_v1:zel028_a549:1043,zscreen_original_graph_v1
zel028_a549,1064,5,0.7193249411087896,6.525676885318105,9.79439369323881e-11,BB_8805984381,bb1,1.0,KEGG_2021_Human:Pathways of neurodegeneration,8.872616247544962e-07,Reactome_2022:Recruitment Of NuMA To Mitotic Centrosomes R-HSA-380320,0.082517067173925,0,178,zscreen_original_graph_v1:zel028_a549:1064,zscreen_original_graph_v1
zel028_a549,1077,3,0.822675840927289,4.531357525019637,4.397622771874851e-06,BB_6776932943,bb3,1.0,KEGG_2021_Human:Huntington disease,0.0001079144381665,Reactome_2022:Protein Methylation R-HSA-8876725,1.0,0,179,zscreen_original_graph_v1:zel028_a549:1077,zscreen_original_graph_v1
zel028_a549,1169,6,0.8614123360083507,10.52110563978578,2.8269026042071757e-25,BB_2296671906,bb1,0.8333333333333334,KEGG_2021_Human:Prion disease,0.0162504166349068,"Reactome_2022:Tristetraprolin (TTP, ZFP36) Binds And Destabilizes mRNA R-HSA-450513",1.0,0,180,zscreen_original_graph_v1:zel028_a549:1169,zscreen_original_graph_v1
zel028_a549,1193,4,0.7865586178802771,6.4234169755304125,1.86363300353744e-10,BB_9829174648,bb4,1.0,KEGG_2021_Human:Huntington disease,0.0078005770242975,KEGG_2021_Human:PPAR signaling pathway,1.0,0,181,zscreen_original_graph_v1:zel028_a549:1193,zscreen_original_graph_v1
zel028_a549,1241,15,0.7690952263451392,22.47193156629865,1.5733152576092426e-110,BB_0784487728,bb4,0.8,MSigDB_Hallmark_2020:Myc Targets V1,9.718424187370192e-06,KEGG_2021_Human:Pantothenate and CoA biosynthesis,1.0,0,182,zscreen_original_graph_v1:zel028_a549:1241,zscreen_original_graph_v1
zel028_a549,1305,5,0.791436000822969,7.185484620081725,1.410836786203926e-12,BB_9559837296,bb4,1.0,KEGG_2021_Human:Diabetic cardiomyopathy,0.0006333703748289,KEGG_2021_Human:Drug metabolism,1.0,0,183,zscreen_original_graph_v1:zel028_a549:1305,zscreen_original_graph_v1
zel028_a549,1374,9,0.8255990811687501,15.354967499823166,3.0589856633616454e-52,BB_6167857113,bb4,1.0,KEGG_2021_Human:Prion disease,1.410496554751901e-05,Reactome_2022:Global Genome Nucleotide Excision Repair (GG-NER) R-HSA-5696399,1.0,0,184,zscreen_original_graph_v1:zel028_a549:1374,zscreen_original_graph_v1
zel028_a549,1381,3,0.7897710198339137,4.350147890673986,9.345025037484863e-06,BB_3140609311,bb4,1.0,MSigDB_Hallmark_2020:Oxidative Phosphorylation,0.0186748448286939,KEGG_2021_Human:Legionellosis,0.8724940512992433,0,185,zscreen_original_graph_v1:zel028_a549:1381,zscreen_original_graph_v1
zel028_a549,1416,11,0.7399562076598142,14.607497159495235,1.948870763345372e-47,BB_3406231744,bb4,0.8181818181818182,KEGG_2021_Human:Prion disease,1.7745232495089923e-06,KEGG_2021_Human:Non-small cell lung cancer,0.0541698638149439,0,186,zscreen_original_graph_v1:zel028_a549:1416,zscreen_original_graph_v1
zel028_a549,1426,5,0.783412164179381,7.112067456322056,2.293178898682924e-12,BB_6310246769,bb4,1.0,KEGG_2021_Human:Thyroid hormone synthesis,0.0004770714877351,Reactome_2022:Regulation Of Expression Of SLITs And ROBOs R-HSA-9010553,0.0018899985576689,0,187,zscreen_original_graph_v1:zel028_a549:1426,zscreen_original_graph_v1
zel028_a549,1427,3,0.75114205697722,4.137414923229816,2.3423794808132527e-05,BB_0390296220,bb3,1.0,KEGG_2021_Human:Parkinson disease,2.7674324418064027e-06,Reactome_2022:Signaling By Interleukins R-HSA-449147,0.0186748448286939,0,188,zscreen_original_graph_v1:zel028_a549:1427,zscreen_original_graph_v1
zel028_a549,1432,13,0.8565811115360282,22.52148429751532,5.3635428760996e-111,BB_1685533675,bb4,0.6923076923076923,KEGG_2021_Human:Prion disease,1.0893692854716097e-06,Reactome_2022:Loss Of MECP2 Binding Ability To NCoR/SMRT Complex R-HSA-9022537,1.0,0,189,zscreen_original_graph_v1:zel028_a549:1432,zscreen_original_graph_v1
zel028_a549,1435,12,0.8181418221516382,18.662927210550635,1.2800280181788084e-76,BB_2758189165,bb1,0.5833333333333334,MSigDB_Hallmark_2020:Myc Targets V1,6.833000075301533e-05,KEGG_2021_Human:Leishmaniasis,0.4764002482312771,0,190,zscreen_original_graph_v1:zel028_a549:1435,zscreen_original_graph_v1
zel028_a549,1492,6,0.8567155929048591,10.46347878311493,5.119653960613079e-25,BB_0047100301,bb4,0.8333333333333334,KEGG_2021_Human:Huntington disease,2.819885362691507e-09,Reactome_2022:ERKs Are Inactivated R-HSA-202670,1.0,0,191,zscreen_original_graph_v1:zel028_a549:1492,zscreen_original_graph_v1
zel028_a549,1536,3,0.8858666772095029,4.879354807977097,1.1353652138671346e-06,BB_7696656032,bb3,1.0,KEGG_2021_Human:Oxidative phosphorylation,0.0261026727085265,MSigDB_Hallmark_2020:mTORC1 Signaling,0.4972297356252934,0,192,zscreen_original_graph_v1:zel028_a549:1536,zscreen_original_graph_v1
zel028_a549,1550,5,0.833076639286484,7.566491575847211,9.557502759648565e-14,BB_8805984381,bb1,0.8,Reactome_2022:SCF(Skp2)-mediated Degradation Of P27/P21 R-HSA-187577,1.246774545956324e-05,Reactome_2022:Nonsense Mediated Decay (NMD) Independent Of Exon Junction Complex (EJC) R-HSA-975956,0.0013355619147473,0,193,zscreen_original_graph_v1:zel028_a549:1550,zscreen_original_graph_v1
zel028_a549,1560,3,0.8316865019132621,4.580979997600397,3.6071341018150457e-06,BB_7665146157,bb1,1.0,MSigDB_Hallmark_2020:Myc Targets V1,6.833000075301533e-05,KEGG_2021_Human:Glutathione metabolism,0.647269651139342,0,194,zscreen_original_graph_v1:zel028_a549:1560,zscreen_original_graph_v1
zel028_a549,1601,3,0.8719674763300113,4.802810732507971,1.5445973872918627e-06,BB_8713766777,bb3,1.0,KEGG_2021_Human:Alzheimer disease,0.0506020290299073,Reactome_2022:Translation R-HSA-72766,0.0101482353772074,0,195,zscreen_original_graph_v1:zel028_a549:1601,zscreen_original_graph_v1
zel028_a549,1648,5,0.7995272049938087,7.259518188810738,8.616538701158205e-13,BB_6089238795,bb4,0.8,KEGG_2021_Human:Amyotrophic lateral sclerosis,0.1444407140048598,Reactome_2022:Autodegradation Of Cdh1 By Cdh1:APC/C R-HSA-174084,0.6236157403461506,0,196,zscreen_original_graph_v1:zel028_a549:1648,zscreen_original_graph_v1
zel028_a549,1649,4,0.8824834723245583,7.207168645945997,1.2187950349751168e-12,BB_7767575353,bb3,1.0,MSigDB_Hallmark_2020:mTORC1 Signaling,0.0001322752185281,Reactome_2022:Mitochondrial Translation Elongation R-HSA-5389840,1.0,0,197,zscreen_original_graph_v1:zel028_a549:1649,zscreen_original_graph_v1
zel028_a549,1658,4,0.7947372337055182,6.490240155527452,1.2086772012293015e-10,BB_4639591781,bb4,1.0,Reactome_2022:Formation Of ATP By Chemiosmotic Coupling R-HSA-163210,0.0050157662424544,Reactome_2022:Chondroitin Sulfate/Dermatan Sulfate Metabolism R-HSA-1793185,0.8116289132049709,0,198,zscreen_original_graph_v1:zel028_a549:1658,zscreen_original_graph_v1
zel028_a549,1712,8,0.8204463199147458,12.62057864407346,9.097794326824968e-36,BB_3691524891,bb3,0.75,MSigDB_Hallmark_2020:Myc Targets V1,1.283667667305466e-06,Reactome_2022:Selenocysteine Synthesis R-HSA-2408557,2.599900331554388e-13,0,199,zscreen_original_graph_v1:zel028_a549:1712,zscreen_original_graph_v1
zel028_a549,1719,5,0.8748271011231175,7.94850340258989,5.0828770744407954e-15,BB_7594796505,bb4,1.0,Reactome_2022:RHO GTPases Activate PKNs R-HSA-5625740,0.0151730300996074,Reactome_2022:Synthesis Of Very Long-Chain Fatty acyl-CoAs R-HSA-75876,1.0,0,200,zscreen_original_graph_v1:zel028_a549:1719,zscreen_original_graph_v1
zel028_a549,1824,3,0.798912386807333,4.400490172188661,7.552962908598979e-06,BB_1283183224,bb3,1.0,"Reactome_2022:Respiratory Electron Transport, ATP Synthesis By Chemiosmotic Coupling, Heat Production By Uncoupling Proteins R-HSA-163200",3.662143180873423e-10,KEGG_2021_Human:Arachidonic acid metabolism,1.0,0,201,zscreen_original_graph_v1:zel028_a549:1824,zscreen_original_graph_v1
zel028_a549,1866,3,0.8260442946098395,4.549907884506264,4.088130929394668e-06,BB_2725291112,bb1,1.0,KEGG_2021_Human:Prion disease,0.0043744989176852,KEGG_2021_Human:Viral protein interaction with cytokine and cytokine receptor,0.6714638486385093,0,202,zscreen_original_graph_v1:zel028_a549:1866,zscreen_original_graph_v1
zel028_a549,1871,3,0.8530285822432443,4.698512640060204,2.327137689192164e-06,BB_1998369695,bb4,1.0,KEGG_2021_Human:Huntington disease,0.176653213687349,Reactome_2022:ER To Golgi Anterograde Transport R-HSA-199977,1.0,0,203,zscreen_original_graph_v1:zel028_a549:1871,zscreen_original_graph_v1
zel028_a549,1906,3,0.7960263240614588,4.384596380412848,8.069960993265677e-06,BB_7347643908,bb3,1.0,KEGG_2021_Human:Prion disease,1.7745232495089923e-06,Reactome_2022:FGFR2 Alternative Splicing R-HSA-6803529,0.4504236377804191,0,204,zscreen_original_graph_v1:zel028_a549:1906,zscreen_original_graph_v1
zel028_a549,1930,4,0.7958563714390059,6.499384042928976,1.1406472485476443e-10,BB_3691524891,bb3,1.0,KEGG_2021_Human:Prion disease,1.410496554751901e-05,Reactome_2022:PERK Regulates Gene Expression R-HSA-381042,0.4476425657590062,0,205,zscreen_original_graph_v1:zel028_a549:1930,zscreen_original_graph_v1
zel028_a549,1953,3,0.772767638707959,4.256508831895016,1.4014567335887892e-05,BB_9301427762,bb4,1.0,Reactome_2022:Citric Acid (TCA) Cycle And Respiratory Electron Transport R-HSA-1428517,0.0002183547368185,MSigDB_Hallmark_2020:TGF-beta Signaling,1.0,0,206,zscreen_original_graph_v1:zel028_a549:1953,zscreen_original_graph_v1
zel028_a549,1960,7,0.8137124172006326,11.704038481929526,6.180793229937431e-31,BB_0965953915,bb1,1.0,KEGG_2021_Human:Antigen processing and presentation,0.0002940239680298,"Reactome_2022:Regulation Of Glycolysis By Fructose 2,6-Bisphosphate Metabolism R-HSA-9634600",1.0,0,207,zscreen_original_graph_v1:zel028_a549:1960,zscreen_original_graph_v1
zel028_a549,1982,3,0.8448707364579437,4.653586692959396,2.7838460190790367e-06,BB_6310246769,bb4,1.0,Reactome_2022:Nuclear Events Mediated By NFE2L2 R-HSA-9759194,0.0213433487824785,Reactome_2022:Processing Of Capped Intron-Containing Pre-mRNA R-HSA-72203,0.8971330563584601,0,208,zscreen_original_graph_v1:zel028_a549:1982,zscreen_original_graph_v1
zel028_a549,2021,3,0.8776058058204045,4.83386149015759,1.3759912577730029e-06,BB_8003855586,bb1,1.0,KEGG_2021_Human:Parkinson disease,3.5262413868797523e-06,Reactome_2022:TNF Receptor Superfamily (TNFSF) Members Mediating Non-Canonical NF-kB Pathway R-HSA-5676594,0.0718796517450817,0,209,zscreen_original_graph_v1:zel028_a549:2021,zscreen_original_graph_v1
zel028_a549,2022,5,0.8187936055698553,7.435803493332898,2.5280624801265497e-13,BB_2296671906,bb1,1.0,MSigDB_Hallmark_2020:Myc Targets V1,0.0147546553244425,Reactome_2022:Selenoamino Acid Metabolism R-HSA-2408522,1.6236643933331088e-13,0,210,zscreen_original_graph_v1:zel028_a549:2022,zscreen_original_graph_v1
zel028_a549,2101,3,0.7666164130679075,4.222633511745176,1.618871677935738e-05,BB_6946165266,bb4,1.0,Reactome_2022:Uptake And Function Of Diphtheria Toxin R-HSA-5336415,0.0690982272090046,Reactome_2022:Interferon Alpha/Beta Signaling R-HSA-909733,1.0,0,211,zscreen_original_graph_v1:zel028_a549:2101,zscreen_original_graph_v1
zel028_a549,2189,4,0.7731945907760799,6.314226519865164,3.7660690339976944e-10,BB_0510191033,bb1,0.75,"Reactome_2022:Respiratory Electron Transport, ATP Synthesis By Chemiosmotic Coupling, Heat Production By Uncoupling Proteins R-HSA-163200",9.57969848019852e-05,Reactome_2022:Formation Of Tubulin Folding Intermediates By CCT/TriC R-HSA-389960,1.0,0,212,zscreen_original_graph_v1:zel028_a549:2189,zscreen_original_graph_v1
zel028_a549,2220,3,0.8864040144478685,4.882313969621169,1.1232135630066256e-06,BB_3615416380,bb1,1.0,MSigDB_Hallmark_2020:Myc Targets V1,0.0147546553244425,Reactome_2022:Selenocysteine Synthesis R-HSA-2408557,3.315237480558021e-05,0,213,zscreen_original_graph_v1:zel028_a549:2220,zscreen_original_graph_v1
zel028_a549,2227,6,0.7326791855934047,8.941609669006793,1.1359617954096605e-18,BB_7616460895,bb4,0.8333333333333334,Reactome_2022:Respiratory Electron Transport R-HSA-611105,0.0001360538142136,MSigDB_Hallmark_2020:Myc Targets V1,0.3431743045536508,0,214,zscreen_original_graph_v1:zel028_a549:2227,zscreen_original_graph_v1
zel028_a549,2245,8,0.8835979504871456,13.605057164826524,2.4434536953672513e-41,BB_9829174648,bb4,0.875,MSigDB_Hallmark_2020:Myc Targets V1,6.833000075301533e-05,Reactome_2022:SARS-CoV-2 Modulates Host Translation Machinery R-HSA-9754678,0.4565862458417195,0,215,zscreen_original_graph_v1:zel028_a549:2245,zscreen_original_graph_v1
zel028_a549,2290,5,0.7966927266051823,7.2335830441568,1.0253408515765348e-12,BB_0510191033,bb1,0.6,MSigDB_Hallmark_2020:mTORC1 Signaling,0.0299103111415836,Reactome_2022:SARS-CoV-2 Modulates Host Translation Machinery R-HSA-9754678,0.0002123727950207,0,216,zscreen_original_graph_v1:zel028_a549:2290,zscreen_original_graph_v1
zel028_a549,2293,4,0.807850165947742,6.59737904678174,6.271120276925622e-11,BB_8003855586,bb1,0.75,KEGG_2021_Human:Diabetic cardiomyopathy,0.1974430560775198,Reactome_2022:GPCR Ligand Binding R-HSA-500792,0.9784970697386682,0,217,zscreen_original_graph_v1:zel028_a549:2293,zscreen_original_graph_v1
zel028_a549,2300,5,0.7924901266115868,7.1951297473548586,1.3257005702456334e-12,BB_9829174648,bb4,1.0,KEGG_2021_Human:Oxidative phosphorylation,7.329397712819109e-06,MSigDB_Hallmark_2020:Androgen Response,1.0,0,218,zscreen_original_graph_v1:zel028_a549:2300,zscreen_original_graph_v1
zel028_a549,2305,9,0.8184333078891526,15.220886322095993,2.3109318530248925e-51,BB_3734996210,bb4,0.5555555555555556,KEGG_2021_Human:Prion disease,1.410496554751901e-05,Reactome_2022:Transport Of Inorganic Cations/Anions And Amino Acids/Oligopeptides R-HSA-425393,1.0,0,219,zscreen_original_graph_v1:zel028_a549:2305,zscreen_original_graph_v1
zel028_a549,2423,16,0.779909659779073,25.78971371294185,2.773106263690535e-145,BB_6290953361,bb1,0.5625,KEGG_2021_Human:Prion disease,1.9116735867955705e-11,KEGG_2021_Human:mRNA surveillance pathway,0.8395350097994052,0,220,zscreen_original_graph_v1:zel028_a549:2423,zscreen_original_graph_v1
zel028_a549,2425,5,0.8036541229461115,7.297279003815497,6.659932424523546e-13,BB_3556786606,bb3,0.8,Reactome_2022:Translation R-HSA-72766,0.0124266061383759,MSigDB_Hallmark_2020:E2F Targets,1.0,0,221,zscreen_original_graph_v1:zel028_a549:2425,zscreen_original_graph_v1
zel028_a549,2451,3,0.7416923162855994,4.085374401552749,2.9230765459423084e-05,BB_3406231744,bb4,1.0,KEGG_2021_Human:Thyroid hormone synthesis,0.3045034336223254,Reactome_2022:Mitochondrial Translation Initiation R-HSA-5368286,0.1463451513378923,0,222,zscreen_original_graph_v1:zel028_a549:2451,zscreen_original_graph_v1
zel028_a549,2480,3,0.8571558821091431,4.721242029696209,2.1381310104826334e-06,BB_1515658596,bb1,1.0,KEGG_2021_Human:Prion disease,1.7745232495089923e-06,Reactome_2022:RNA Polymerase II Transcription Termination R-HSA-73856,1.0,0,223,zscreen_original_graph_v1:zel028_a549:2480,zscreen_original_graph_v1
zel028_a549,2484,3,0.8656121499131505,4.767811412108126,1.7461979089484185e-06,BB_4639591781,bb4,1.0,MSigDB_Hallmark_2020:mTORC1 Signaling,0.0008787379320556,Reactome_2022:Cellular Response To Starvation R-HSA-9711097,0.0037018104369892,0,224,zscreen_original_graph_v1:zel028_a549:2484,zscreen_original_graph_v1
zel028_a549,2488,4,0.8426479333950985,6.881693352199221,9.893561757953379e-12,BB_2149000943,bb4,1.0,MSigDB_Hallmark_2020:Myc Targets V1,1.283667667305466e-06,KEGG_2021_Human:Ribosome,1.1780834853115518e-38,0,225,zscreen_original_graph_v1:zel028_a549:2488,zscreen_original_graph_v1
zel028_a549,2527,3,0.8667584445315489,4.774124153577314,1.7018207147983022e-06,BB_2149000943,bb4,1.0,KEGG_2021_Human:Huntington disease,1.5909224206670858e-05,MSigDB_Hallmark_2020:mTORC1 Signaling,0.6968777578262524,0,226,zscreen_original_graph_v1:zel028_a549:2527,zscreen_original_graph_v1
zel028_a549,2562,3,0.8429699168950148,4.643118718768685,2.8703599763371604e-06,BB_0435703887,bb4,1.0,MSigDB_Hallmark_2020:Myc Targets V1,0.0147546553244425,Reactome_2022:Response Of EIF2AK4 (GCN2) To Amino Acid Deficiency R-HSA-9633012,1.0103205468332755e-10,0,227,zscreen_original_graph_v1:zel028_a549:2562,zscreen_original_graph_v1
zel028_a549,2583,9,0.7716235001689268,14.345012371941817,7.789271619609511e-46,BB_5929339909,bb4,1.0,MSigDB_Hallmark_2020:Myc Targets V1,0.0004448231866923,Reactome_2022:SARS-CoV-2 Modulates Host Translation Machinery R-HSA-9754678,1.0,0,228,zscreen_original_graph_v1:zel028_a549:2583,zscreen_original_graph_v1
zel028_a549,2650,5,0.8128507810010633,7.3814273458685,3.701823383854218e-13,BB_4490171968,bb1,0.8,Reactome_2022:Translocation Of SLC2A4 (GLUT4) To Plasma Membrane R-HSA-1445148,0.0631625859446659,KEGG_2021_Human:Transcriptional misregulation in cancer,0.24204823811396,0,229,zscreen_original_graph_v1:zel028_a549:2650,zscreen_original_graph_v1
zel028_a549,2724,3,0.8546066465894272,4.707203173958997,2.245972864574533e-06,BB_8003855586,bb1,1.0,KEGG_2021_Human:Prion disease,0.3092670863148565,Reactome_2022:Hedgehog On State R-HSA-5632684,1.0,0,230,zscreen_original_graph_v1:zel028_a549:2724,zscreen_original_graph_v1
zel028_a549,2850,4,0.7981540954196559,6.518157540354864,1.0239207310238624e-10,BB_8135509566,bb4,1.0,MSigDB_Hallmark_2020:mTORC1 Signaling,0.0162504166349068,Reactome_2022:SARS-CoV-2 Modulates Host Translation Machinery R-HSA-9754678,0.5350764732700486,0,231,zscreen_original_graph_v1:zel028_a549:2850,zscreen_original_graph_v1
zel028_a549,2919,3,0.881810047335116,4.857014603964826,1.244844292400857e-06,BB_0965953915,bb1,1.0,KEGG_2021_Human:Huntington disease,2.1787385709432194e-06,Reactome_2022:Downregulation Of TGF-beta Receptor Signaling R-HSA-2173788,1.0,0,232,zscreen_original_graph_v1:zel028_a549:2919,zscreen_original_graph_v1
zel028_a549,2954,3,0.8028778899377921,4.422328533510482,6.885597514288944e-06,BB_9266277810,bb3,1.0,"Reactome_2022:Respiratory Electron Transport, ATP Synthesis By Chemiosmotic Coupling, Heat Production By Uncoupling Proteins R-HSA-163200",0.2936089910193135,Reactome_2022:Interleukin-10 Signaling R-HSA-6783783,0.2591922271059629,0,233,zscreen_original_graph_v1:zel028_a549:2954,zscreen_original_graph_v1
zel028_a549,2982,15,0.7397104022962432,21.60890865324296,2.6632970340952068e-102,BB_0047100301,bb4,0.7333333333333333,Reactome_2022:Translation R-HSA-72766,0.0003514428784203,Reactome_2022:HATs Acetylate Histones R-HSA-3214847,1.0,0,234,zscreen_original_graph_v1:zel028_a549:2982,zscreen_original_graph_v1
zel028_a549,3032,5,0.8669103278727652,7.876065856315348,9.000401138996509e-15,BB_2818856921,bb4,0.8,KEGG_2021_Human:Fluid shear stress and atherosclerosis,0.0322013411406437,MSigDB_Hallmark_2020:Glycolysis,0.1974430560775198,0,235,zscreen_original_graph_v1:zel028_a549:3032,zscreen_original_graph_v1
zel028_a549,3038,4,0.8663135906382889,7.075053024239245,2.9613655217771106e-12,BB_3140609311,bb4,1.0,MSigDB_Hallmark_2020:Unfolded Protein Response,0.0261557183534658,Reactome_2022:Glutamate Neurotransmitter Release Cycle R-HSA-210500,1.0,0,236,zscreen_original_graph_v1:zel028_a549:3038,zscreen_original_graph_v1
zel028_a549,3043,5,0.7851391906851063,7.127869546197533,2.0778918093510005e-12,BB_5797976733,bb4,1.0,MSigDB_Hallmark_2020:Oxidative Phosphorylation,0.0034623901487303,Reactome_2022:Mitochondrial Translation Elongation R-HSA-5389840,0.0200121580029555,0,237,zscreen_original_graph_v1:zel028_a549:3043,zscreen_original_graph_v1
zel028_a549,3097,3,0.8044980844732789,4.431251081927058,6.615970286907866e-06,BB_4811208063,bb1,1.0,KEGG_2021_Human:Huntington disease,2.1787385709432194e-06,Reactome_2022:Mitochondrial Translation Elongation R-HSA-5389840,0.8724940512992433,0,238,zscreen_original_graph_v1:zel028_a549:3097,zscreen_original_graph_v1
zel028_a549,3135,3,0.9505250097677096,5.235433717113944,1.9184036152575945e-07,BB_6561792115,bb3,1.0,KEGG_2021_Human:Adherens junction,0.0397753196401753,KEGG_2021_Human:Protein processing in endoplasmic reticulum,0.0035470832578438,0,239,zscreen_original_graph_v1:zel028_a549:3135,zscreen_original_graph_v1
zel028_a549,3140,9,0.762741612095709,14.178820397003298,8.318620240133985e-45,BB_7665146157,bb1,0.6666666666666666,Reactome_2022:Uptake And Function Of Diphtheria Toxin R-HSA-5336415,1.9074402575260167e-06,KEGG_2021_Human:Coronavirus disease,1.0,0,240,zscreen_original_graph_v1:zel028_a549:3140,zscreen_original_graph_v1
zel028_a549,3263,3,0.8147989835340622,4.4879790047727415,5.246762816381565e-06,BB_4179173119,bb3,1.0,Reactome_2022:Glutathione Synthesis And Recycling R-HSA-174403,0.0690982272090046,Reactome_2022:Regulation Of Expression Of SLITs And ROBOs R-HSA-9010553,7.161585559078876e-13,0,241,zscreen_original_graph_v1:zel028_a549:3263,zscreen_original_graph_v1
zel028_a549,3294,11,0.7858569487284112,15.520016533841249,2.4128625436755566e-53,BB_4060062978,bb3,0.6363636363636364,Reactome_2022:Signaling By ROBO Receptors R-HSA-376176,7.164723287817576e-10,Reactome_2022:Cleavage Of Damaged Pyrimidine R-HSA-110329,0.6844482289479874,0,242,zscreen_original_graph_v1:zel028_a549:3294,zscreen_original_graph_v1
zel028_a549,3299,3,0.8712604205407756,4.798916916441754,1.5657176395731798e-06,BB_3355218593,bb1,1.0,MSigDB_Hallmark_2020:Xenobiotic Metabolism,0.0148072417479569,Reactome_2022:XBP1(S) Activates Chaperone Genes R-HSA-381038,1.0,0,243,zscreen_original_graph_v1:zel028_a549:3299,zscreen_original_graph_v1
zel028_a549,3426,3,0.7891815675133814,4.3469017268621615,9.47142797762808e-06,BB_7152472956,bb3,1.0,MSigDB_Hallmark_2020:Myc Targets V1,9.718424187370192e-06,Reactome_2022:Alpha-Linolenic (Omega3) And Linoleic (Omega6) Acid Metabolism R-HSA-2046104,0.2455223377828581,0,244,zscreen_original_graph_v1:zel028_a549:3426,zscreen_original_graph_v1
zel028_a549,3437,3,0.8402814753043049,4.628313243418136,3.018184549842956e-06,BB_9266277810,bb3,1.0,MSigDB_Hallmark_2020:Myc Targets V1,0.0316583052515517,KEGG_2021_Human:Protein processing in endoplasmic reticulum,0.0710088733509071,0,245,zscreen_original_graph_v1:zel028_a549:3437,zscreen_original_graph_v1
zel028_a549,3474,3,0.8671253260269826,4.776144601020169,1.69115356456495e-06,BB_9265511036,bb3,1.0,Reactome_2022:Cellular Response To Chemical Stress R-HSA-9711123,0.0015625445407535,KEGG_2021_Human:Mineral absorption,1.0,0,246,zscreen_original_graph_v1:zel028_a549:3474,zscreen_original_graph_v1
zel028_a549,3507,4,0.8503667141289161,6.944759460860508,6.627768256253379e-12,BB_2842970343,bb4,1.0,KEGG_2021_Human:Oxidative phosphorylation,1.8310715904367115e-10,KEGG_2021_Human:Spliceosome,1.0,0,247,zscreen_original_graph_v1:zel028_a549:3507,zscreen_original_graph_v1
zel028_a549,3510,3,0.8175583635854009,4.50317514422917,4.956932875549544e-06,BB_3829381442,bb3,1.0,Reactome_2022:Regulation Of Complement Cascade R-HSA-977606,0.4058144566024854,Reactome_2022:Constitutive Signaling By Ligand-Responsive EGFR Cancer Variants R-HSA-1236382,0.7204901743727335,0,248,zscreen_original_graph_v1:zel028_a549:3510,zscreen_original_graph_v1
zel028_a549,3547,4,0.8171336567521196,6.673229580695711,3.8886744317005107e-11,BB_5693738549,bb3,1.0,MSigDB_Hallmark_2020:Myc Targets V1,0.0026720754315707,Reactome_2022:SRP-dependent Cotranslational Protein Targeting To Membrane R-HSA-1799339,0.3501032323946392,0,249,zscreen_original_graph_v1:zel028_a549:3547,zscreen_original_graph_v1
zel028_a549,3570,3,0.8638671886188813,4.758201762592496,1.814506361675719e-06,BB_9829174648,bb4,1.0,KEGG_2021_Human:Oxidative phosphorylation,2.6449256979081195e-09,KEGG_2021_Human:One carbon pool by folate,1.0,0,250,zscreen_original_graph_v1:zel028_a549:3570,zscreen_original_graph_v1
zel028_a549,3584,3,0.8125552733304627,4.475622702806592,5.527539596132229e-06,BB_3406231744,bb4,1.0,KEGG_2021_Human:Oxidative phosphorylation,0.0059208093700551,Reactome_2022:Notch-HLH Transcription Pathway R-HSA-350054,1.0,0,251,zscreen_original_graph_v1:zel028_a549:3584,zscreen_original_graph_v1
zel028_a549,3593,4,0.769769848643662,6.286244748273483,4.4864893784322155e-10,BB_4944521105,bb1,1.0,KEGG_2021_Human:Prion disease,2.249426819703529e-08,MSigDB_Hallmark_2020:PI3K/AKT/mTOR  Signaling,0.0888400857007917,0,252,zscreen_original_graph_v1:zel028_a549:3593,zscreen_original_graph_v1
zel028_a549,3624,3,0.8931076814788503,4.91923163126145,9.48945720758799e-07,BB_9829174648,bb4,1.0,KEGG_2021_Human:Prion disease,0.0006305984022197,Reactome_2022:Uptake And Function Of Diphtheria Toxin R-HSA-5336415,1.0,0,253,zscreen_original_graph_v1:zel028_a549:3624,zscreen_original_graph_v1
zel028_a549,3715,3,0.7567207738967965,4.168137389407208,2.0507195813915e-05,BB_6580972793,bb3,1.0,Reactome_2022:Uptake And Function Of Diphtheria Toxin R-HSA-5336415,0.0372826764201964,Reactome_2022:mRNA Splicing - Major Pathway R-HSA-72163,1.0,0,254,zscreen_original_graph_v1:zel028_a549:3715,zscreen_original_graph_v1
zel028_a549,3726,5,0.814701787019712,7.398363833739282,3.305661344784907e-13,BB_3554179083,bb1,0.8,Reactome_2022:Response Of EIF2AK1 (HRI) To Heme Deficiency R-HSA-9648895,0.0022074092490047,MSigDB_Hallmark_2020:Oxidative Phosphorylation,0.0922063189499363,0,255,zscreen_original_graph_v1:zel028_a549:3726,zscreen_original_graph_v1
zel028_a549,3749,3,0.8375469561639596,4.613254015102413,3.1833193025439163e-06,BB_1597709695,bb1,1.0,MSigDB_Hallmark_2020:Myc Targets V1,0.0147546553244425,Reactome_2022:Regulation Of Ornithine Decarboxylase (ODC) R-HSA-350562,1.0,0,256,zscreen_original_graph_v1:zel028_a549:3749,zscreen_original_graph_v1
zel028_a549,3770,6,0.7311110009620857,8.922368771859306,1.3360886035736349e-18,BB_7665146157,bb1,0.6666666666666666,MSigDB_Hallmark_2020:Myc Targets V1,0.0026720754315707,KEGG_2021_Human:Ribosome,1.6766409627783118e-08,0,257,zscreen_original_graph_v1:zel028_a549:3770,zscreen_original_graph_v1
zel028_a549,3807,3,0.8538822665753069,4.703213951920271,2.2822167211604788e-06,BB_9589229674,bb3,1.0,MSigDB_Hallmark_2020:Myc Targets V1,6.833000075301533e-05,KEGG_2021_Human:Ribosome,0.0542735850894634,0,258,zscreen_original_graph_v1:zel028_a549:3807,zscreen_original_graph_v1
zel028_a549,3870,3,0.8424368010054583,4.640182804449739,2.8874614153623266e-06,BB_7152472956,bb3,1.0,MSigDB_Hallmark_2020:mTORC1 Signaling,0.0299103111415836,KEGG_2021_Human:Viral protein interaction with cytokine and cytokine receptor,0.0200441178305503,0,259,zscreen_original_graph_v1:zel028_a549:3870,zscreen_original_graph_v1
zel028_a549,3897,3,0.8252402360009169,4.545479865703126,4.16243653252654e-06,BB_2876436278,bb4,1.0,"Reactome_2022:Platelet Activation, Signaling And Aggregation R-HSA-76002",0.2500672847678402,Reactome_2022:Cardiac Conduction R-HSA-5576891,0.2398921656984403,0,260,zscreen_original_graph_v1:zel028_a549:3897,zscreen_original_graph_v1
zel028_a549,4037,4,0.8272209108485221,6.755647242872662,2.272927056389718e-11,BB_5479381903,bb3,1.0,Reactome_2022:Translation Initiation Complex Formation R-HSA-72649,0.1750516161973196,Reactome_2022:p130Cas Linkage To MAPK Signaling For Integrins R-HSA-372708,1.0,0,261,zscreen_original_graph_v1:zel028_a549:4037,zscreen_original_graph_v1
zel028_a549,4108,7,0.7708187502908026,11.0872189965706,6.746760139537048e-28,BB_1323947790,bb4,0.7142857142857143,MSigDB_Hallmark_2020:Myc Targets V1,1.8127949542997084e-08,"Reactome_2022:Synthesis, Secretion, And Inactivation Of Glucose-dependent Insulinotropic Polypeptide (GIP) R-HSA-400511",1.0,0,262,zscreen_original_graph_v1:zel028_a549:4108,zscreen_original_graph_v1
zel028_a549,4136,3,0.8056557299275893,4.437626333410182,6.432095046523654e-06,BB_8516334188,bb3,1.0,KEGG_2021_Human:Prion disease,0.0147373260696181,MSigDB_Hallmark_2020:Myc Targets V1,0.3431743045536508,0,263,zscreen_original_graph_v1:zel028_a549:4136,zscreen_original_graph_v1
zel028_a549,4181,7,0.8206896323888941,11.804372227951031,1.903775114706401e-31,BB_2149000943,bb4,0.8571428571428571,MSigDB_Hallmark_2020:Oxidative Phosphorylation,1.8306909008134768e-06,Reactome_2022:vRNP Assembly R-HSA-192905,1.0,0,264,zscreen_original_graph_v1:zel028_a549:4181,zscreen_original_graph_v1
zel028_a549,4204,4,0.8858763964163029,7.234890449016783,1.0199269653307305e-12,BB_6290953361,bb1,1.0,Reactome_2022:Uptake And Function Of Diphtheria Toxin R-HSA-5336415,0.0004393689660278,Reactome_2022:SARS-CoV-2 Modulates Host Translation Machinery R-HSA-9754678,0.9147455322766684,0,265,zscreen_original_graph_v1:zel028_a549:4204,zscreen_original_graph_v1
zel028_a549,4298,6,0.7897182511567099,9.641452514022564,1.829950848414651e-21,BB_5136219807,bb4,1.0,KEGG_2021_Human:Amyotrophic lateral sclerosis,6.410501397777763e-06,MSigDB_Hallmark_2020:mTORC1 Signaling,1.0,0,266,zscreen_original_graph_v1:zel028_a549:4298,zscreen_original_graph_v1
zel028_a549,4305,9,0.8573691492083446,15.949427856439485,2.9544032390084517e-56,BB_7665146157,bb1,0.7777777777777778,MSigDB_Hallmark_2020:Myc Targets V1,9.718424187370192e-06,Reactome_2022:Selenocysteine Synthesis R-HSA-2408557,8.601677491281882e-11,0,267,zscreen_original_graph_v1:zel028_a549:4305,zscreen_original_graph_v1
zel028_a549,4432,3,0.8077146628032609,4.448965050994573,6.144911518530407e-06,BB_8629146945,bb1,1.0,KEGG_2021_Human:Prion disease,0.0007028857568407,KEGG_2021_Human:Complement and coagulation cascades,1.0,0,268,zscreen_original_graph_v1:zel028_a549:4432,zscreen_original_graph_v1
zel028_a549,4521,3,0.838060218366255,4.616080593485486,3.175746124713939e-06,BB_0141978289,bb3,1.0,MSigDB_Hallmark_2020:Myc Targets V1,1.8127949542997084e-08,Reactome_2022:Attachment Of GPI Anchor To uPAR R-HSA-162791,1.0,0,269,zscreen_original_graph_v1:zel028_a549:4521,zscreen_original_graph_v1
zel028_a549,4528,3,0.8155784692399268,4.492271698519246,5.179614204430626e-06,BB_6163126056,bb3,1.0,Reactome_2022:HIV Infection R-HSA-162906,0.2769764319845468,Reactome_2022:RHOH GTPase Cycle R-HSA-9013407,1.0,0,270,zscreen_original_graph_v1:zel028_a549:4528,zscreen_original_graph_v1
zel028_a549,4534,3,0.8279536517002644,4.560422875583386,3.918297630897505e-06,BB_4639591781,bb4,1.0,Reactome_2022:Respiratory Electron Transport R-HSA-611105,0.0013618684056095,KEGG_2021_Human:Viral protein interaction with cytokine and cytokine receptor,0.2904578857367521,0,271,zscreen_original_graph_v1:zel028_a549:4534,zscreen_original_graph_v1
zel028_a549,4636,3,0.8344091499466818,4.595973850725684,3.4099673639259813e-06,BB_0657779575,bb4,1.0,MSigDB_Hallmark_2020:Myc Targets V1,0.0147546553244425,KEGG_2021_Human:PPAR signaling pathway,0.469932072707216,0,272,zscreen_original_graph_v1:zel028_a549:4636,zscreen_original_graph_v1
zel028_a549,4672,5,0.8042766145768685,7.302974729192811,6.441917806524153e-13,BB_6310246769,bb4,0.8,MSigDB_Hallmark_2020:Myc Targets V1,0.0026720754315707,KEGG_2021_Human:Ribosome,2.1648858577774785e-13,0,273,zscreen_original_graph_v1:zel028_a549:4672,zscreen_original_graph_v1
zel028_a549,4728,7,0.7177976696447046,10.32476528175879,2.108960824234869e-24,BB_6567642687,bb4,0.8571428571428571,MSigDB_Hallmark_2020:Myc Targets V1,6.833000075301533e-05,Reactome_2022:Peptide Chain Elongation R-HSA-156902,1.2642853472856752e-14,0,274,zscreen_original_graph_v1:zel028_a549:4728,zscreen_original_graph_v1
zel028_a549,4934,3,0.7613676934232907,4.193728368487146,1.8348432629747044e-05,BB_2758189165,bb1,1.0,KEGG_2021_Human:Oxidative phosphorylation,0.0004367094736371,KEGG_2021_Human:Arginine and proline metabolism,0.5806334366595907,0,275,zscreen_original_graph_v1:zel028_a549:4934,zscreen_original_graph_v1
zel028_a549,4976,4,0.8748356013349907,7.144681903610849,1.853795183062958e-12,BB_8332071132,bb1,0.75,MSigDB_Hallmark_2020:Estrogen Response Late,0.9453124672482875,Reactome_2022:SRP-dependent Cotranslational Protein Targeting To Membrane R-HSA-1799339,9.43973593309241e-08,0,276,zscreen_original_graph_v1:zel028_a549:4976,zscreen_original_graph_v1
zel028_a549,5107,17,0.789307868599554,22.98944778552876,1.30123075356061e-115,BB_4697201234,bb3,0.5294117647058824,MSigDB_Hallmark_2020:Myc Targets V1,6.833000075301533e-05,Reactome_2022:Response Of EIF2AK4 (GCN2) To Amino Acid Deficiency R-HSA-9633012,1.6766409627783118e-08,0,277,zscreen_original_graph_v1:zel028_a549:5107,zscreen_original_graph_v1
zel028_a549,5144,3,0.8595899079265951,4.734646415853384,2.008848855432481e-06,BB_2474314237,bb4,1.0,KEGG_2021_Human:Prion disease,0.002315380118434,Reactome_2022:Epigenetic Regulation Of Gene Expression R-HSA-212165,1.0,0,278,zscreen_original_graph_v1:zel028_a549:5144,zscreen_original_graph_v1
zel028_a549,5182,3,0.8971644845224122,4.941572788931023,8.538001996777348e-07,BB_4374065767,bb1,1.0,KEGG_2021_Human:Gastric acid secretion,0.0074036208739784,Reactome_2022:Cyclin A/B1/B2 Associated Events During G2/M Transition R-HSA-69273,1.0,0,279,zscreen_original_graph_v1:zel028_a549:5182,zscreen_original_graph_v1
zel028_a549,5286,4,0.8192000442190505,6.690112948810423,3.4869472269797685e-11,BB_7080851540,bb4,1.0,MSigDB_Hallmark_2020:Myc Targets V1,0.0026720754315707,Reactome_2022:Cell Cycle Checkpoints R-HSA-69620,1.0,0,280,zscreen_original_graph_v1:zel028_a549:5286,zscreen_original_graph_v1
zel028_a549,5316,3,0.8449193155339808,4.653854222042157,2.7849548783809226e-06,BB_3244550444,bb1,1.0,MSigDB_Hallmark_2020:mTORC1 Signaling,0.0053614142273981,Reactome_2022:Selenocysteine Synthesis R-HSA-2408557,4.7965480925811616e-33,0,281,zscreen_original_graph_v1:zel028_a549:5316,zscreen_original_graph_v1
zel028_a549,5319,4,0.8001173488833251,6.534198254625572,9.306191499749439e-11,BB_4350180461,bb1,1.0,MSigDB_Hallmark_2020:Myc Targets V1,9.718424187370192e-06,Reactome_2022:FOXO-mediated Transcription Of Cell Cycle Genes R-HSA-9617828,1.0,0,282,zscreen_original_graph_v1:zel028_a549:5319,zscreen_original_graph_v1
zel028_a549,5418,6,0.8699237350308487,10.625536553022927,9.433539036693996e-26,BB_0047100301,bb4,1.0,KEGG_2021_Human:Prion disease,1.410496554751901e-05,Reactome_2022:Polo-like Kinase Mediated Events R-HSA-156711,1.0,0,283,zscreen_original_graph_v1:zel028_a549:5418,zscreen_original_graph_v1
zel028_a549,5456,4,0.7997031750169432,6.530814257209054,9.491494629725778e-11,BB_8259233692,bb1,1.0,KEGG_2021_Human:Oxidative phosphorylation,3.796631638736336e-09,Reactome_2022:Signaling By MET R-HSA-6806834,0.0392630538738174,0,284,zscreen_original_graph_v1:zel028_a549:5456,zscreen_original_graph_v1
zel028_a549,5468,5,0.8185731690027289,7.433786524610053,2.554590436199685e-13,BB_6776932943,bb3,0.8,KEGG_2021_Human:Prion disease,2.071358132981144e-07,KEGG_2021_Human:Tyrosine metabolism,1.0,0,285,zscreen_original_graph_v1:zel028_a549:5468,zscreen_original_graph_v1
zel028_a549,5495,5,0.8204206895856785,7.450691121153175,2.280548516210849e-13,BB_4501961276,bb4,1.0,MSigDB_Hallmark_2020:Myc Targets V1,0.0004448231866923,Reactome_2022:Metabolism Of Nucleotides R-HSA-15869,1.0,0,286,zscreen_original_graph_v1:zel028_a549:5495,zscreen_original_graph_v1
zel028_a549,5523,3,0.7317502851610106,4.03062279480104,3.69029394300576e-05,BB_8629146945,bb1,1.0,MSigDB_Hallmark_2020:Myc Targets V1,0.0026720754315707,KEGG_2021_Human:Legionellosis,1.0,0,287,zscreen_original_graph_v1:zel028_a549:5523,zscreen_original_graph_v1
zel028_a549,5632,3,0.8248247499634781,4.543191748934269,4.195238237769351e-06,BB_8243376230,bb1,1.0,MSigDB_Hallmark_2020:Myc Targets V1,0.0615267072171584,"Reactome_2022:Synthesis, Secretion, And Inactivation Of Glucose-dependent Insulinotropic Polypeptide (GIP) R-HSA-400511",0.0613805844457145,0,288,zscreen_original_graph_v1:zel028_a549:5632,zscreen_original_graph_v1
zel028_a549,5718,4,0.8092541568636044,6.608850320123048,5.838731845002204e-11,BB_4488462111,bb4,1.0,MSigDB_Hallmark_2020:Myc Targets V1,0.0004448231866923,KEGG_2021_Human:Terpenoid backbone biosynthesis,1.0,0,289,zscreen_original_graph_v1:zel028_a549:5718,zscreen_original_graph_v1
zel028_a549,5723,4,0.8013125453669233,6.543963578179324,8.743298448226264e-11,BB_4437896146,bb1,0.75,KEGG_2021_Human:Diabetic cardiomyopathy,4.5093092737421205e-06,Reactome_2022:RHOV GTPase Cycle R-HSA-9013424,0.8189520686916711,0,290,zscreen_original_graph_v1:zel028_a549:5723,zscreen_original_graph_v1
zel028_a549,5816,3,0.8736394762830498,4.812018577743059,1.4896965857312278e-06,BB_7347643908,bb3,1.0,MSigDB_Hallmark_2020:mTORC1 Signaling,0.0008787379320556,KEGG_2021_Human:Ribosome,0.2687940327159986,0,291,zscreen_original_graph_v1:zel028_a549:5816,zscreen_original_graph_v1
zel028_a549,5836,13,0.8388703409605844,22.055064748043137,1.6539850171327794e-106,BB_3829381442,bb3,0.5384615384615384,MSigDB_Hallmark_2020:Myc Targets V1,9.718424187370192e-06,Reactome_2022:EML4 And NUDC In Mitotic Spindle Formation R-HSA-9648025,1.0,0,292,zscreen_original_graph_v1:zel028_a549:5836,zscreen_original_graph_v1
zel028_a549,5839,4,0.853982048629177,6.974298462718848,5.607838208599015e-12,BB_6872744579,bb1,0.75,MSigDB_Hallmark_2020:Myc Targets V1,6.833000075301533e-05,Reactome_2022:Biosynthesis Of N-glycan Precursor (Dolichol LLO) And Transfer To Protein R-HSA-446193,1.0,0,293,zscreen_original_graph_v1:zel028_a549:5839,zscreen_original_graph_v1
zel028_a549,5922,4,0.850723636513491,6.947675686449172,6.5376388508589145e-12,BB_3406231744,bb4,1.0,MSigDB_Hallmark_2020:Estrogen Response Late,0.3508564964384271,Reactome_2022:Viral mRNA Translation R-HSA-192823,1.0,0,294,zscreen_original_graph_v1:zel028_a549:5922,zscreen_original_graph_v1
zel028_a549,5941,4,0.7851373352383998,6.411804420565828,2.00573274775944e-10,BB_1323947790,bb4,1.0,KEGG_2021_Human:Dilated cardiomyopathy,0.1715871522768254,Reactome_2022:ATF4 Activates Genes In Response To Endoplasmic Reticulum Stress R-HSA-380994,1.0,0,295,zscreen_original_graph_v1:zel028_a549:5941,zscreen_original_graph_v1
zel028_a549,6029,3,0.8233078824196687,4.534838231004952,4.345148634801725e-06,BB_7255951017,bb3,1.0,MSigDB_Hallmark_2020:Myc Targets V1,1.9470791933055078e-09,Reactome_2022:Response Of EIF2AK4 (GCN2) To Amino Acid Deficiency R-HSA-9633012,1.8547614656211471e-06,0,296,zscreen_original_graph_v1:zel028_a549:6029,zscreen_original_graph_v1
zel028_a549,6051,4,0.8320139886945683,6.794808967850339,1.755873585680433e-11,BB_5415608208,bb4,1.0,MSigDB_Hallmark_2020:Myc Targets V1,0.0002342952522802,Reactome_2022:RAC2 GTPase Cycle R-HSA-9013404,0.8876828436789717,0,297,zscreen_original_graph_v1:zel028_a549:6051,zscreen_original_graph_v1
zel028_a549,6097,4,0.8594633499010991,7.019083300317067,4.227291616632152e-12,BB_0965953915,bb1,0.75,KEGG_2021_Human:Antigen processing and presentation,0.0001960159786865,KEGG_2021_Human:Sulfur relay system,1.0,0,298,zscreen_original_graph_v1:zel028_a549:6097,zscreen_original_graph_v1
zel028_a549,6146,4,0.8099314296740888,6.614383961009128,5.6754365996514175e-11,BB_7609608884,bb4,1.0,"Reactome_2022:Respiratory Electron Transport, ATP Synthesis By Chemiosmotic Coupling, Heat Production By Uncoupling Proteins R-HSA-163200",0.0006680188578926,MSigDB_Hallmark_2020:Hypoxia,0.2205034758082499,0,299,zscreen_original_graph_v1:zel028_a549:6146,zscreen_original_graph_v1
zel028_a549,6178,9,0.8408020446094685,15.639435227664697,3.8719239633483507e-54,BB_0197599538,bb4,0.8888888888888888,MSigDB_Hallmark_2020:mTORC1 Signaling,0.0053614142273981,Reactome_2022:Selenocysteine Synthesis R-HSA-2408557,0.0027223977021483,0,300,zscreen_original_graph_v1:zel028_a549:6178,zscreen_original_graph_v1
zel028_a549,6180,5,0.8567691797107369,7.783275540610495,1.8436574044072904e-14,BB_5797976733,bb4,1.0,MSigDB_Hallmark_2020:Myc Targets V1,9.718424187370192e-06,MSigDB_Hallmark_2020:TNF-alpha Signaling via NF-kB,1.0,0,301,zscreen_original_graph_v1:zel028_a549:6180,zscreen_original_graph_v1
zel028_a549,6297,5,0.8424437950887231,7.652199952281429,4.973817380029748e-14,BB_6317837957,bb1,0.8,MSigDB_Hallmark_2020:Myc Targets V1,6.833000075301533e-05,Reactome_2022:Response Of EIF2AK4 (GCN2) To Amino Acid Deficiency R-HSA-9633012,0.0153816768042896,0,302,zscreen_original_graph_v1:zel028_a549:6297,zscreen_original_graph_v1
zel028_a549,6622,4,0.8453542341885246,6.903805116452424,8.611847672622031e-12,BB_0923458751,bb4,1.0,Reactome_2022:Antigen processing-Cross Presentation R-HSA-1236975,0.0108336110899378,Reactome_2022:Hedgehog On State R-HSA-5632684,0.0533796833884165,0,303,zscreen_original_graph_v1:zel028_a549:6622,zscreen_original_graph_v1
zel028_a549,6764,4,0.8028821500425738,6.556787994682845,8.070545348343637e-11,BB_1671826159,bb3,1.0,KEGG_2021_Human:Huntington disease,2.1787385709432194e-06,Reactome_2022:Sensory Processing Of Sound By Inner Hair Cells Of Cochlea R-HSA-9662360,1.0,0,304,zscreen_original_graph_v1:zel028_a549:6764,zscreen_original_graph_v1
zel028_a549,6796,5,0.802328474135291,7.285149472750131,7.222389562715223e-13,BB_5913790006,bb3,0.8,MSigDB_Hallmark_2020:Myc Targets V1,9.718424187370192e-06,KEGG_2021_Human:Nicotinate and nicotinamide metabolism,1.0,0,305,zscreen_original_graph_v1:zel028_a549:6796,zscreen_original_graph_v1
zel028_a549,6800,8,0.7886789880647402,12.125353808475417,4.197168699184312e-33,BB_3406231744,bb4,0.875,MSigDB_Hallmark_2020:mTORC1 Signaling,0.0008787379320556,Reactome_2022:SARS-CoV-2 Modulates Host Translation Machinery R-HSA-9754678,0.0631625859446659,0,306,zscreen_original_graph_v1:zel028_a549:6800,zscreen_original_graph_v1
zel028_a549,6844,6,0.8296757441624739,10.131712396590515,1.4579222609174e-23,BB_2818856921,bb4,0.8333333333333334,MSigDB_Hallmark_2020:Myc Targets V1,0.046065484806003,KEGG_2021_Human:Rheumatoid arthritis,1.0,0,307,zscreen_original_graph_v1:zel028_a549:6844,zscreen_original_graph_v1
zel028_a549,6867,9,0.8359048051769163,15.547801344605892,1.594373972989677e-53,BB_4639591781,bb4,0.8888888888888888,MSigDB_Hallmark_2020:Myc Targets V1,0.0026720754315707,Reactome_2022:HATs Acetylate Histones R-HSA-3214847,1.0,0,308,zscreen_original_graph_v1:zel028_a549:6867,zscreen_original_graph_v1
zel028_a549,6909,4,0.8587714918077062,7.013430490734727,4.368886823489411e-12,BB_8741131108,bb1,0.75,Reactome_2022:RHO GTPases Activate PKNs R-HSA-5625740,0.0242351390681067,Reactome_2022:G2/M Transition R-HSA-69275,1.0,0,309,zscreen_original_graph_v1:zel028_a549:6909,zscreen_original_graph_v1
zel028_a549,6987,6,0.7643458676706568,9.330145151807749,3.3691803581796816e-20,BB_9559837296,bb4,1.0,KEGG_2021_Human:Glutathione metabolism,0.0555003387363073,Reactome_2022:RMTs Methylate Histone Arginines R-HSA-3214858,1.0,0,310,zscreen_original_graph_v1:zel028_a549:6987,zscreen_original_graph_v1
zel028_a549,6998,3,0.8285052075783218,4.563460340479499,3.87975036473651e-06,BB_1702767752,bb1,0.6666666666666666,Reactome_2022:Cristae Formation R-HSA-8949613,0.6232100366423167,KEGG_2021_Human:Pyruvate metabolism,1.0,0,311,zscreen_original_graph_v1:zel028_a549:6998,zscreen_original_graph_v1
zel028_a549,7057,5,0.8091407100420239,7.347480631938644,4.708134131462025e-13,BB_1274079422,bb4,1.0,MSigDB_Hallmark_2020:Myc Targets V1,6.833000075301533e-05,KEGG_2021_Human:Ribosome,0.00851259176756,0,312,zscreen_original_graph_v1:zel028_a549:7057,zscreen_original_graph_v1
zel028_a549,7177,4,0.7489794344634951,6.1163771791566335,1.309737610055176e-09,BB_3554179083,bb1,1.0,MSigDB_Hallmark_2020:Myc Targets V1,6.833000075301533e-05,"Reactome_2022:Synthesis, Secretion, And Inactivation Of Glucose-dependent Insulinotropic Polypeptide (GIP) R-HSA-400511",1.0,0,313,zscreen_original_graph_v1:zel028_a549:7177,zscreen_original_graph_v1
zel028_a549,7196,5,0.7834355116681052,7.1122810831042536,2.29878963475671e-12,BB_4488462111,bb4,1.0,MSigDB_Hallmark_2020:Oxidative Phosphorylation,0.0021872494588426,Reactome_2022:mRNA Splicing - Major Pathway R-HSA-72163,0.0105270976574443,0,314,zscreen_original_graph_v1:zel028_a549:7196,zscreen_original_graph_v1
zel028_a549,7257,9,0.7758540343039868,14.424171309450887,2.5857418845566923e-46,BB_8713766777,bb3,0.7777777777777778,MSigDB_Hallmark_2020:mTORC1 Signaling,0.0008787379320556,Reactome_2022:tRNA Modification In Nucleus And Cytosol R-HSA-6782315,1.0,0,315,zscreen_original_graph_v1:zel028_a549:7257,zscreen_original_graph_v1
zel028_a549,7293,3,0.7986355158512711,4.398965420403306,7.595667894782443e-06,BB_7616460895,bb4,1.0,KEGG_2021_Human:Prion disease,2.249426819703529e-08,Reactome_2022:Interleukin-10 Signaling R-HSA-6783783,0.1722830292373724,0,316,zscreen_original_graph_v1:zel028_a549:7293,zscreen_original_graph_v1
zel028_a549,7318,3,0.8712422046490221,4.79881659998434,1.563454273688882e-06,BB_6776932943,bb3,1.0,Reactome_2022:Formation Of ATP By Chemiosmotic Coupling R-HSA-163210,0.0727256078892705,KEGG_2021_Human:Ether lipid metabolism,1.0,0,317,zscreen_original_graph_v1:zel028_a549:7318,zscreen_original_graph_v1
zel028_a549,7807,3,0.810155530207331,4.462407114348226,5.804507192307037e-06,BB_3258452724,bb1,1.0,MSigDB_Hallmark_2020:Oxidative Phosphorylation,0.0124446265821246,MSigDB_Hallmark_2020:mTORC1 Signaling,1.0,0,318,zscreen_original_graph_v1:zel028_a549:7807,zscreen_original_graph_v1
zel028_a549,7815,5,0.8815404803815696,8.009930035046622,3.1069122487829306e-15,BB_9829174648,bb4,1.0,KEGG_2021_Human:Oxidative phosphorylation,1.5961037538348462e-11,Reactome_2022:TP53 Regulates Transcription Of Genes Involved In G2 Cell Cycle Arrest R-HSA-6804114,0.7191885012659356,0,319,zscreen_original_graph_v1:zel028_a549:7815,zscreen_original_graph_v1
zel028_a549,7972,5,0.8013087119088775,7.275818768038894,7.70524161591992e-13,BB_5693738549,bb3,0.8,MSigDB_Hallmark_2020:Myc Targets V1,0.0147546553244425,Reactome_2022:Signaling By Cytosolic FGFR1 Fusion Mutants R-HSA-1839117,1.0,0,320,zscreen_original_graph_v1:zel028_a549:7972,zscreen_original_graph_v1
zel028_a549,7980,7,0.790699389757361,11.373106557318144,2.782684483517164e-29,BB_2149000943,bb4,1.0,KEGG_2021_Human:Prion disease,2.071358132981144e-07,KEGG_2021_Human:N-Glycan biosynthesis,0.1150290615574919,0,321,zscreen_original_graph_v1:zel028_a549:7980,zscreen_original_graph_v1
zel028_a549,8048,4,0.8434881574984289,6.888558382626671,9.522672420386144e-12,BB_3406231744,bb4,1.0,Reactome_2022:Post-chaperonin Tubulin Folding Pathway R-HSA-389977,0.0481469046682866,Reactome_2022:Cellular Response To Starvation R-HSA-9711097,0.0315812929723329,0,322,zscreen_original_graph_v1:zel028_a549:8048,zscreen_original_graph_v1
zel028_a549,8120,3,0.9050867568787876,4.985201413223238,6.972100700421488e-07,BB_4429999241,bb1,1.0,KEGG_2021_Human:Amyotrophic lateral sclerosis,0.0197423506311441,MSigDB_Hallmark_2020:Reactive Oxygen Species Pathway,1.0,0,323,zscreen_original_graph_v1:zel028_a549:8120,zscreen_original_graph_v1
zel028_a549,8245,3,0.8412749267121157,4.6337842643921965,2.9684273462318894e-06,BB_8629146945,bb1,1.0,MSigDB_Hallmark_2020:Myc Targets V1,0.0147546553244425,Reactome_2022:Mitochondrial Translation Termination R-HSA-5419276,0.002381653230823,0,324,zscreen_original_graph_v1:zel028_a549:8245,zscreen_original_graph_v1
zel028_a549,8316,6,0.7738061068711021,9.446217893378543,1.1411419193967343e-20,BB_8003855586,bb1,1.0,KEGG_2021_Human:Antigen processing and presentation,0.1381964544180092,Reactome_2022:Cytosolic tRNA Aminoacylation R-HSA-379716,1.0,0,325,zscreen_original_graph_v1:zel028_a549:8316,zscreen_original_graph_v1
zel028_a549,8412,3,0.7308452427367746,4.025638649581174,3.764383853925821e-05,BB_3140609311,bb4,1.0,KEGG_2021_Human:Prion disease,0.017552692310729,Reactome_2022:Disassembly Of Destruction Complex And Recruitment Of AXIN To Membrane R-HSA-4641262,1.0,0,326,zscreen_original_graph_v1:zel028_a549:8412,zscreen_original_graph_v1
zel028_a549,8424,3,0.8489543411039607,4.676075449321786,2.542866816818086e-06,BB_4488462111,bb4,1.0,KEGG_2021_Human:Prion disease,1.9116735867955705e-11,KEGG_2021_Human:Rheumatoid arthritis,0.4827256003760536,0,327,zscreen_original_graph_v1:zel028_a549:8424,zscreen_original_graph_v1
zel028_a549,8428,6,0.8205011136896665,10.019143941468617,4.516609655282253e-23,BB_4429999241,bb1,0.6666666666666666,MSigDB_Hallmark_2020:Myc Targets V1,0.0021872494588426,Reactome_2022:Selenocysteine Synthesis R-HSA-2408557,0.0027223977021483,0,328,zscreen_original_graph_v1:zel028_a549:8428,zscreen_original_graph_v1
zel028_a549,8468,3,0.7758907486083596,4.273708062411022,1.2992916767374636e-05,BB_8243376230,bb1,0.6666666666666666,MSigDB_Hallmark_2020:Myc Targets V1,0.2043312968743144,Reactome_2022:Mitochondrial Translation Termination R-HSA-5419276,0.7769739700674096,0,329,zscreen_original_graph_v1:zel028_a549:8468,zscreen_original_graph_v1
zel028_a549,8559,4,0.773086543836334,6.31334372499412,3.7772191228273404e-10,BB_5044717039,bb4,1.0,MSigDB_Hallmark_2020:Myc Targets V1,0.0026720754315707,Reactome_2022:Selenocysteine Synthesis R-HSA-2408557,2.1946585551317533e-05,0,330,zscreen_original_graph_v1:zel028_a549:8559,zscreen_original_graph_v1
zel028_a549,8618,3,0.8358334260731147,4.6038174598839205,3.3047452238354567e-06,BB_3140609311,bb4,1.0,"Reactome_2022:Respiratory Electron Transport, ATP Synthesis By Chemiosmotic Coupling, Heat Production By Uncoupling Proteins R-HSA-163200",8.549402501662878e-07,Reactome_2022:G2/M Transition R-HSA-69275,0.7041903025109159,0,331,zscreen_original_graph_v1:zel028_a549:8618,zscreen_original_graph_v1
zel028_a549,8674,3,0.8226286802811534,4.531097807350379,4.39648124772024e-06,BB_8276479476,bb3,1.0,KEGG_2021_Human:Dilated cardiomyopathy,0.0100650456100904,Reactome_2022:Metabolism Of Nucleotides R-HSA-15869,1.0,0,332,zscreen_original_graph_v1:zel028_a549:8674,zscreen_original_graph_v1
zel028_a549,8746,7,0.8258656553948975,11.878804471141631,7.917578051211366e-32,BB_6317837957,bb1,1.0,MSigDB_Hallmark_2020:Myc Targets V1,1.5788954724877929e-07,KEGG_2021_Human:Ribosome,0.0001541030641091,0,333,zscreen_original_graph_v1:zel028_a549:8746,zscreen_original_graph_v1
zel028_a549,8836,3,0.8631731062279839,4.754379392128808,1.8423743290597127e-06,BB_4944521105,bb1,1.0,MSigDB_Hallmark_2020:Coagulation,0.466304178034869,"Reactome_2022:SUMO Is Transferred From E1 To E2 (UBE2I, UBC9) R-HSA-3065678",0.1420177467018142,0,334,zscreen_original_graph_v1:zel028_a549:8836,zscreen_original_graph_v1
zel028_a549,8925,3,0.9028221921427266,4.972730263582,7.386511285600559e-07,BB_3691524891,bb3,1.0,MSigDB_Hallmark_2020:mTORC1 Signaling,0.0053614142273981,KEGG_2021_Human:Rheumatoid arthritis,0.0548968696801915,0,335,zscreen_original_graph_v1:zel028_a549:8925,zscreen_original_graph_v1
zel028_a549,9131,3,0.9038972382045206,4.978650633220528,7.180100705211275e-07,BB_4488462111,bb4,1.0,KEGG_2021_Human:Parkinson disease,0.0001961252555471,Reactome_2022:Viral Messenger RNA Synthesis R-HSA-168325,1.0,0,336,zscreen_original_graph_v1:zel028_a549:9131,zscreen_original_graph_v1
zel028_a549,9138,5,0.8134101868804852,7.386545844023676,3.578939942172752e-13,BB_8741131108,bb1,1.0,MSigDB_Hallmark_2020:Myc Targets V1,1.283667667305466e-06,Reactome_2022:Glycerophospholipid Biosynthesis R-HSA-1483206,1.0,0,337,zscreen_original_graph_v1:zel028_a549:9138,zscreen_original_graph_v1
zel028_a549,9197,5,0.832534644391569,7.561532386157241,9.880212849513265e-14,BB_3734996210,bb4,1.0,MSigDB_Hallmark_2020:Myc Targets V1,0.0026720754315707,MSigDB_Hallmark_2020:IL-6/JAK/STAT3 Signaling,1.0,0,338,zscreen_original_graph_v1:zel028_a549:9197,zscreen_original_graph_v1
zel028_a549,9255,4,0.8559172245831458,6.990109770385226,5.065823268922401e-12,BB_8715425380,bb4,1.0,MSigDB_Hallmark_2020:mTORC1 Signaling,0.0008787379320556,Reactome_2022:Peptide Chain Elongation R-HSA-156902,1.373804416334644e-09,0,339,zscreen_original_graph_v1:zel028_a549:9255,zscreen_original_graph_v1
zel028_a549,9257,3,0.8227485015607113,4.531757673276831,4.395850266615484e-06,BB_3615416380,bb1,1.0,KEGG_2021_Human:Oxidative phosphorylation,6.881680045400096e-17,Reactome_2022:Endogenous Sterols R-HSA-211976,0.1929821711699748,0,340,zscreen_original_graph_v1:zel028_a549:9257,zscreen_original_graph_v1
zel028_a549,9298,4,0.8432779379745039,6.886840789162655,9.574053001114149e-12,BB_1235684090,bb3,1.0,Reactome_2022:Uptake And Function Of Diphtheria Toxin R-HSA-5336415,0.0005880479360597,Reactome_2022:Peptide Chain Elongation R-HSA-156902,0.1347309226857245,0,341,zscreen_original_graph_v1:zel028_a549:9298,zscreen_original_graph_v1
zel028_a549,9330,4,0.8231465883016686,6.722358090437584,2.8400394705736328e-11,BB_5476827048,bb1,1.0,MSigDB_Hallmark_2020:Myc Targets V1,0.0004393689660278,Reactome_2022:SRP-dependent Cotranslational Protein Targeting To Membrane R-HSA-1799339,1.0032523765645277e-08,0,342,zscreen_original_graph_v1:zel028_a549:9330,zscreen_original_graph_v1
zel028_a549,9373,7,0.8071758510193209,11.610041356515955,1.8267494950758496e-30,BB_7276621276,bb3,0.8571428571428571,KEGG_2021_Human:Phagosome,0.0169759467353096,KEGG_2021_Human:Ribosome,1.0385021932215398e-27,0,343,zscreen_original_graph_v1:zel028_a549:9373,zscreen_original_graph_v1
zel028_a549,9486,3,0.7720769251701457,4.2527050139903535,1.4235752053813767e-05,BB_3520185025,bb4,1.0,Reactome_2022:Regulation Of Complement Cascade R-HSA-977606,0.2286838179146895,Reactome_2022:Citric Acid (TCA) Cycle And Respiratory Electron Transport R-HSA-1428517,0.0819028252116996,0,344,zscreen_original_graph_v1:zel028_a549:9486,zscreen_original_graph_v1
zel028_a549,9725,4,0.8408682276753255,6.867152310268004,1.0919636541539008e-11,BB_0772210188,bb1,0.75,MSigDB_Hallmark_2020:Myc Targets V1,0.0004448231866923,Reactome_2022:Peptide Chain Elongation R-HSA-156902,4.7965480925811616e-33,0,345,zscreen_original_graph_v1:zel028_a549:9725,zscreen_original_graph_v1
zel028_a549,9935,12,0.8473315554980906,19.33271500055804,3.9862851960135474e-82,BB_3734996210,bb4,0.9166666666666666,KEGG_2021_Human:Parkinson disease,0.3541314306266418,MSigDB_Hallmark_2020:heme Metabolism,1.0,0,346,zscreen_original_graph_v1:zel028_a549:9935,zscreen_original_graph_v1
zel028_a549,10046,4,0.8095093178237427,6.6109351064893325,5.7743721112767357e-11,BB_5479381903,bb3,1.0,Reactome_2022:Signaling By Interleukins R-HSA-449147,5.185292752585015e-05,KEGG_2021_Human:Bile secretion,1.0,0,347,zscreen_original_graph_v1:zel028_a549:10046,zscreen_original_graph_v1
zel028_a549,10048,11,0.8453699832961935,16.703152052025274,1.3318127987387245e-61,BB_1039036398,bb3,0.7272727272727273,KEGG_2021_Human:Parkinson disease,2.812720335203134e-05,MSigDB_Hallmark_2020:Hypoxia,1.0,0,348,zscreen_original_graph_v1:zel028_a549:10048,zscreen_original_graph_v1
zel028_a549,10349,4,0.8569929008188634,6.998898556685233,4.775522776499486e-12,BB_4501961276,bb4,1.0,KEGG_2021_Human:Prion disease,1.410496554751901e-05,MSigDB_Hallmark_2020:Myogenesis,1.0,0,349,zscreen_original_graph_v1:zel028_a549:10349,zscreen_original_graph_v1
zel028_a549,10471,3,0.8252154308387688,4.545343261576029,4.158864342951353e-06,BB_0141978289,bb3,1.0,KEGG_2021_Human:Prion disease,0.0024835564005921,"Reactome_2022:Transport Of Vitamins, Nucleosides, And Related Molecules R-HSA-425397",1.0,0,350,zscreen_original_graph_v1:zel028_a549:10471,zscreen_original_graph_v1
zel028_a549,10549,3,0.7793360669626371,4.292681722149555,1.1962561401235026e-05,BB_2758189165,bb1,1.0,KEGG_2021_Human:Huntington disease,0.2029072283012427,Reactome_2022:Complex I Biogenesis R-HSA-6799198,1.0,0,351,zscreen_original_graph_v1:zel028_a549:10549,zscreen_original_graph_v1
zel028_a549,10561,5,0.8620140732678061,7.831265701213914,1.27990426448518e-14,BB_3064712138,bb4,1.0,KEGG_2021_Human:Cardiac muscle contraction,0.0005477957743831,Reactome_2022:Processing Of Intronless Pre-mRNAs R-HSA-77595,1.0,0,352,zscreen_original_graph_v1:zel028_a549:10561,zscreen_original_graph_v1
zel028_a549,10562,4,0.8176274731046567,6.677264295091908,3.794857607781269e-11,BB_3181956115,bb4,0.75,Reactome_2022:Uptake And Actions Of Bacterial Toxins R-HSA-5339562,1.0,Reactome_2022:ADORA2B Mediated Anti-Inflammatory Cytokine Production R-HSA-9660821,0.2205034758082499,0,353,zscreen_original_graph_v1:zel028_a549:10562,zscreen_original_graph_v1
zel028_a549,10577,3,0.8287900360892696,4.565028915193022,3.856759786811821e-06,BB_6978473944,bb3,1.0,MSigDB_Hallmark_2020:Estrogen Response Late,0.0071449596924691,"Reactome_2022:Respiratory Electron Transport, ATP Synthesis By Chemiosmotic Coupling, Heat Production By Uncoupling Proteins R-HSA-163200",1.0,0,354,zscreen_original_graph_v1:zel028_a549:10577,zscreen_original_graph_v1
zel028_a549,10605,3,0.7929027990411951,4.367394863796627,8.67242802891266e-06,BB_6089238795,bb4,1.0,MSigDB_Hallmark_2020:Oxidative Phosphorylation,0.0186748448286939,Reactome_2022:Response Of EIF2AK1 (HRI) To Heme Deficiency R-HSA-9648895,0.9052090923829418,0,355,zscreen_original_graph_v1:zel028_a549:10605,zscreen_original_graph_v1
zel028_a549,10660,4,0.8514778129603618,6.953837666610075,6.302271262339367e-12,BB_4297446030,bb3,1.0,Reactome_2022:Signaling By Interleukins R-HSA-449147,0.0005902040260371,Reactome_2022:Platelet Sensitization By LDL R-HSA-432142,1.0,0,356,zscreen_original_graph_v1:zel028_a549:10660,zscreen_original_graph_v1
zel028_a549,10678,4,0.7672201545968794,6.265412535602518,5.115335322668925e-10,BB_1998211288,bb1,1.0,MSigDB_Hallmark_2020:Hypoxia,0.0021337216635108,Reactome_2022:Nuclear Envelope (NE) Reassembly R-HSA-2995410,1.0,0,357,zscreen_original_graph_v1:zel028_a549:10678,zscreen_original_graph_v1
zel028_a549,10819,4,0.8085324413053353,6.602953560856274,6.057718643170957e-11,BB_1685533675,bb4,1.0,Reactome_2022:Respiratory Electron Transport R-HSA-611105,0.0949576369358412,KEGG_2021_Human:p53 signaling pathway,1.0,0,358,zscreen_original_graph_v1:zel028_a549:10819,zscreen_original_graph_v1
zel028_a549,11005,3,0.7484668584529902,4.122682378567073,2.494095916211184e-05,BB_1895570180,bb3,1.0,Reactome_2022:Cellular Response To Chemical Stress R-HSA-9711123,0.0075865150498037,Reactome_2022:Asparagine N-linked Glycosylation R-HSA-446203,1.0,0,359,zscreen_original_graph_v1:zel028_a549:11005,zscreen_original_graph_v1
zel028_a549,11047,3,0.8361416409263179,4.605514825163323,3.283096649654847e-06,BB_3691524891,bb3,1.0,MSigDB_Hallmark_2020:Myc Targets V1,0.0026720754315707,Reactome_2022:SRP-dependent Cotranslational Protein Targeting To Membrane R-HSA-1799339,0.5655193053269771,0,360,zscreen_original_graph_v1:zel028_a549:11047,zscreen_original_graph_v1
zel028_a549,11156,3,0.8005363768574486,4.409433622825494,7.278020055579162e-06,BB_1895570180,bb3,1.0,MSigDB_Hallmark_2020:Myc Targets V1,6.833000075301533e-05,KEGG_2021_Human:N-Glycan biosynthesis,1.0,0,361,zscreen_original_graph_v1:zel028_a549:11156,zscreen_original_graph_v1
zel028_a549,11188,4,0.847076119866491,6.917873741150257,7.905512388977769e-12,BB_0068057945,bb3,1.0,KEGG_2021_Human:Prion disease,0.0007028857568407,Reactome_2022:Pyrimidine Catabolism R-HSA-73621,1.0,0,362,zscreen_original_graph_v1:zel028_a549:11188,zscreen_original_graph_v1
zel028_a549,11253,3,0.7909800641476165,4.356806200025434,9.090139575769389e-06,BB_3556381982,bb3,1.0,Reactome_2022:LDL Clearance R-HSA-8964038,0.2790082723414346,Reactome_2022:TNF Receptor Superfamily (TNFSF) Members Mediating Non-Canonical NF-kB Pathway R-HSA-5676594,0.0718796517450817,0,363,zscreen_original_graph_v1:zel028_a549:11253,zscreen_original_graph_v1
zel028_a549,11473,4,0.8378015883018962,6.842096408485181,1.2883415159177999e-11,BB_9151637064,bb4,1.0,KEGG_2021_Human:Cardiac muscle contraction,0.122761168891429,KEGG_2021_Human:Pathways of neurodegeneration,0.7082628612532836,0,364,zscreen_original_graph_v1:zel028_a549:11473,zscreen_original_graph_v1
zel028_a549,11522,3,0.8343194396609995,4.59547980859066,3.407342360311881e-06,BB_9829174648,bb4,1.0,MSigDB_Hallmark_2020:G2-M Checkpoint,0.0008414236347947,MSigDB_Hallmark_2020:KRAS Signaling Up,0.7897623732730539,0,365,zscreen_original_graph_v1:zel028_a549:11522,zscreen_original_graph_v1
zel028_a549,11532,6,0.8334299867817714,10.177775210025851,9.225653557824468e-24,BB_0228574058,bb4,1.0,KEGG_2021_Human:Shigellosis,0.0766024652378073,Reactome_2022:HIV Transcription Initiation R-HSA-167161,1.0,0,366,zscreen_original_graph_v1:zel028_a549:11532,zscreen_original_graph_v1
zel028_a549,11721,5,0.848200192503476,7.704870313162014,3.3306330384802484e-14,BB_8258170618,bb3,0.8,Reactome_2022:Formation Of Tubulin Folding Intermediates By CCT/TriC R-HSA-389960,0.0071995540233111,MSigDB_Hallmark_2020:UV Response Up,1.0,0,367,zscreen_original_graph_v1:zel028_a549:11721,zscreen_original_graph_v1
zel028_a549,11796,4,0.8116699377050706,6.628588398234564,5.202508043708876e-11,BB_7609608884,bb4,0.75,MSigDB_Hallmark_2020:E2F Targets,0.0487896674869051,Reactome_2022:Gluconeogenesis R-HSA-70263,1.0,0,368,zscreen_original_graph_v1:zel028_a549:11796,zscreen_original_graph_v1
zel028_a549,11946,3,0.8570230266583986,4.720510383486011,2.138090013322852e-06,BB_8805984381,bb1,1.0,KEGG_2021_Human:Prion disease,0.0164235103181357,Reactome_2022:DNA Replication Pre-Initiation R-HSA-69002,1.0,0,369,zscreen_original_graph_v1:zel028_a549:11946,zscreen_original_graph_v1
zel028_a549,11975,3,0.8328584687331683,4.587434118055809,3.5137484878601587e-06,BB_6595555472,bb1,1.0,KEGG_2021_Human:Bacterial invasion of epithelial cells,0.0079301065589945,Reactome_2022:Viral mRNA Translation R-HSA-192823,2.841609787855994e-15,0,370,zscreen_original_graph_v1:zel028_a549:11975,zscreen_original_graph_v1
zel028_a549,12149,3,0.8474913269619786,4.6680185066336985,2.626478060250974e-06,BB_8259233692,bb1,1.0,KEGG_2021_Human:Alzheimer disease,0.0288881428009719,MSigDB_Hallmark_2020:Myc Targets V1,1.0,0,371,zscreen_original_graph_v1:zel028_a549:12149,zscreen_original_graph_v1
zel028_a549,12156,3,0.8343451685084117,4.595621499530673,3.4103729924767536e-06,BB_4748212610,bb3,1.0,MSigDB_Hallmark_2020:Myc Targets V1,0.0004448231866923,Reactome_2022:Detoxification Of Reactive Oxygen Species R-HSA-3299685,1.0,0,372,zscreen_original_graph_v1:zel028_a549:12156,zscreen_original_graph_v1
zel028_a549,12227,4,0.8325110093434563,6.798869862871277,1.7125985523617696e-11,BB_6310246769,bb4,1.0,MSigDB_Hallmark_2020:mTORC1 Signaling,0.0933291703911573,Reactome_2022:Biological Oxidations R-HSA-211859,0.3484388789131262,0,373,zscreen_original_graph_v1:zel028_a549:12227,zscreen_original_graph_v1
zel028_a549,12352,3,0.8122959346405606,4.474194502694655,5.556604297863032e-06,BB_2660463725,bb3,1.0,Reactome_2022:Host Interactions Of HIV Factors R-HSA-162909,0.5513406199050813,Reactome_2022:HuR (ELAVL1) Binds And Stabilizes mRNA R-HSA-450520,1.0,0,374,zscreen_original_graph_v1:zel028_a549:12352,zscreen_original_graph_v1
zel028_a549,12451,7,0.802020558867906,11.535907227149137,4.29285400156254e-30,BB_2296671906,bb1,0.7142857142857143,KEGG_2021_Human:Prion disease,0.0187018318230135,Reactome_2022:mRNA 3-End Processing R-HSA-72187,1.0,0,375,zscreen_original_graph_v1:zel028_a549:12451,zscreen_original_graph_v1
zel028_a549,12452,4,0.7477349845693627,6.106209431820187,1.392131321942738e-09,BB_0965953915,bb1,1.0,Reactome_2022:TP53 Regulates Transcription Of Cell Death Genes R-HSA-5633008,0.0313901400094703,Reactome_2022:Translation R-HSA-72766,8.556589943190222e-05,0,376,zscreen_original_graph_v1:zel028_a549:12452,zscreen_original_graph_v1
zel028_a549,12489,3,0.865877396345288,4.769272146656499,1.736818921019575e-06,BB_9151637064,bb4,1.0,MSigDB_Hallmark_2020:Myc Targets V1,0.0004448231866923,KEGG_2021_Human:Basal transcription factors,1.0,0,377,zscreen_original_graph_v1:zel028_a549:12489,zscreen_original_graph_v1
zel028_a549,12926,3,0.8156595625743258,4.492718286374339,5.176317134440437e-06,BB_4297446030,bb3,1.0,KEGG_2021_Human:Prion disease,1.410496554751901e-05,MSigDB_Hallmark_2020:UV Response Up,0.2346347993552895,0,378,zscreen_original_graph_v1:zel028_a549:12926,zscreen_original_graph_v1
zel028_a549,12935,3,0.8411246706916652,4.632956791772097,2.9754357003227524e-06,BB_9779482469,bb3,1.0,Reactome_2022:Post-chaperonin Tubulin Folding Pathway R-HSA-389977,0.880465616294298,Reactome_2022:Mitochondrial Translation Initiation R-HSA-5368286,1.0,0,379,zscreen_original_graph_v1:zel028_a549:12935,zscreen_original_graph_v1
zel028_a549,13015,3,0.8105016221833544,4.464313072148367,5.777737357234231e-06,BB_0502010716,bb4,1.0,KEGG_2021_Human:Oxidative phosphorylation,0.0442119782088544,Reactome_2022:Interleukin-1 Signaling R-HSA-9020702,0.0560486675578374,0,380,zscreen_original_graph_v1:zel028_a549:13015,zscreen_original_graph_v1
zel028_a549,13177,3,0.8339961042721794,4.593699173242033,3.4258218745357774e-06,BB_3556786606,bb3,1.0,MSigDB_Hallmark_2020:Myc Targets V1,9.718424187370192e-06,Reactome_2022:Beta-oxidation Of Very Long Chain Fatty Acids R-HSA-390247,1.0,0,381,zscreen_original_graph_v1:zel028_a549:13177,zscreen_original_graph_v1
zel028_a549,13243,5,0.8463853529028247,7.688264743772086,3.773566781949603e-14,BB_0527515463,bb4,1.0,KEGG_2021_Human:Prion disease,1.410496554751901e-05,Reactome_2022:Metabolism Of Cofactors R-HSA-8978934,1.0,0,382,zscreen_original_graph_v1:zel028_a549:13243,zscreen_original_graph_v1
zel028_a549,13391,3,0.8108071256193189,4.465995505423582,5.740712719775131e-06,BB_2497342366,bb4,1.0,MSigDB_Hallmark_2020:Myc Targets V1,9.718424187370192e-06,Reactome_2022:SRP-dependent Cotranslational Protein Targeting To Membrane R-HSA-1799339,5.439027082006084e-26,0,383,zscreen_original_graph_v1:zel028_a549:13391,zscreen_original_graph_v1
zel028_a549,13406,3,0.8172474376601015,4.501462848846308,4.9897044099288284e-06,BB_7665146157,bb1,1.0,MSigDB_Hallmark_2020:Reactive Oxygen Species Pathway,0.0462352940335501,KEGG_2021_Human:Nucleotide excision repair,1.0,0,384,zscreen_original_graph_v1:zel028_a549:13406,zscreen_original_graph_v1
zel028_a549,13582,3,0.8152700503130439,4.49057320938882,5.1983268256643526e-06,BB_6946165266,bb4,1.0,KEGG_2021_Human:Prion disease,6.331190290038925e-16,Reactome_2022:Integration Of Energy Metabolism R-HSA-163685,1.0,0,385,zscreen_original_graph_v1:zel028_a549:13582,zscreen_original_graph_v1
zel028_a549,13699,4,0.8109025785008885,6.622318708678394,5.4115937072928375e-11,BB_6167857113,bb4,1.0,KEGG_2021_Human:Parkinson disease,0.0001961252555471,KEGG_2021_Human:Basal transcription factors,0.8265209831787868,0,386,zscreen_original_graph_v1:zel028_a549:13699,zscreen_original_graph_v1
zel028_a549,13881,3,0.8691487809775807,4.787287938668847,1.6274719191368818e-06,BB_4297446030,bb3,1.0,KEGG_2021_Human:Huntington disease,0.0006779361937831,MSigDB_Hallmark_2020:Unfolded Protein Response,1.0,0,387,zscreen_original_graph_v1:zel028_a549:13881,zscreen_original_graph_v1
zel028_a549,13911,3,0.8263423349510736,4.55154921788723,4.062507802066636e-06,BB_2020345630,bb1,0.6666666666666666,Reactome_2022:Chaperone Mediated Autophagy R-HSA-9613829,0.075865150498037,Reactome_2022:GPCR Ligand Binding R-HSA-500792,0.4946076233867968,0,388,zscreen_original_graph_v1:zel028_a549:13911,zscreen_original_graph_v1
zel028_a549,13960,3,0.7941970658031665,4.374522500382677,8.428504874249319e-06,BB_5913790006,bb3,1.0,MSigDB_Hallmark_2020:Myc Targets V1,0.0147546553244425,Reactome_2022:Respiratory Electron Transport R-HSA-611105,1.0,0,389,zscreen_original_graph_v1:zel028_a549:13960,zscreen_original_graph_v1
zel028_a549,13983,3,0.8153313426529648,4.490910751491654,5.197649232458373e-06,BB_4748925037,bb3,1.0,KEGG_2021_Human:Diabetic cardiomyopathy,0.1974430560775198,MSigDB_Hallmark_2020:mTORC1 Signaling,0.6968777578262524,0,390,zscreen_original_graph_v1:zel028_a549:13983,zscreen_original_graph_v1
zel028_a549,14060,4,0.7980146971452303,6.517018590172797,1.0287830553067235e-10,BB_4437896146,bb1,1.0,MSigDB_Hallmark_2020:Myc Targets V1,0.0147546553244425,Reactome_2022:Fatty acyl-CoA Biosynthesis R-HSA-75105,0.1411612857052433,0,391,zscreen_original_graph_v1:zel028_a549:14060,zscreen_original_graph_v1
zel028_a549,14133,3,0.8599884092628121,4.736840996435276,1.990845832430911e-06,BB_4748925037,bb3,0.6666666666666666,MSigDB_Hallmark_2020:Cholesterol Homeostasis,1.0,Reactome_2022:RUNX1 Regulates Transcription Of Genes Involved In Differentiation Of HSCs R-HSA-8939236,0.2800880401899344,0,392,zscreen_original_graph_v1:zel028_a549:14133,zscreen_original_graph_v1
zel028_a549,14362,3,0.884948895132411,4.874300504410855,1.1623576090582125e-06,BB_3615416380,bb1,0.6666666666666666,Reactome_2022:Transcriptional Regulation By TP53 R-HSA-3700989,0.4576636686989315,MSigDB_Hallmark_2020:Hypoxia,0.9582821263347534,0,393,zscreen_original_graph_v1:zel028_a549:14362,zscreen_original_graph_v1
zel028_a549,14381,8,0.7863341853782221,12.08880039157457,6.41518053758712e-33,BB_8003855586,bb1,0.875,KEGG_2021_Human:Prion disease,0.0758274835538758,KEGG_2021_Human:Spliceosome,1.0,0,394,zscreen_original_graph_v1:zel028_a549:14381,zscreen_original_graph_v1
zel028_a549,15573,4,0.8572764144730541,7.001214998042845,4.714547119068726e-12,BB_3343167099,bb1,1.0,KEGG_2021_Human:Prion disease,2.249426819703529e-08,Reactome_2022:Regulation Of Cholesterol Biosynthesis By SREBP (SREBF) R-HSA-1655829,1.0,0,395,zscreen_original_graph_v1:zel028_a549:15573,zscreen_original_graph_v1
zel028_a549,15764,8,0.8573346055917838,13.195634657469864,5.925275964539373e-39,BB_9656987821,bb3,0.875,Reactome_2022:Cellular Response To Chemical Stress R-HSA-9711123,0.0002056079508126,Reactome_2022:GPCR Ligand Binding R-HSA-500792,0.0949749157546551,0,396,zscreen_original_graph_v1:zel028_a549:15764,zscreen_original_graph_v1
zel028_a549,15823,3,0.8111796770344082,4.4680471775938,5.694087221587338e-06,BB_6872744579,bb1,1.0,KEGG_2021_Human:Alzheimer disease,0.0020535870588259,Reactome_2022:GPCR Ligand Binding R-HSA-500792,0.5338443363132954,0,397,zscreen_original_graph_v1:zel028_a549:15823,zscreen_original_graph_v1
zel028_a549,15909,4,0.8098861465225179,6.614013976129913,5.672509919851215e-11,BB_6872744579,bb1,0.75,KEGG_2021_Human:Oxidative phosphorylation,0.0059208093700551,Reactome_2022:Serine Biosynthesis R-HSA-977347,1.0,0,398,zscreen_original_graph_v1:zel028_a549:15909,zscreen_original_graph_v1
zel028_a549,15973,3,0.797735953806361,4.394011456096166,7.74943937686368e-06,BB_6310246769,bb4,1.0,KEGG_2021_Human:Huntington disease,0.0006779361937831,MSigDB_Hallmark_2020:heme Metabolism,1.0,0,399,zscreen_original_graph_v1:zel028_a549:15973,zscreen_original_graph_v1
zel028_a549,16160,3,0.8462410446380662,4.661133096070241,2.7112549971716863e-06,BB_7152472956,bb3,1.0,KEGG_2021_Human:Lipid and atherosclerosis,0.1010481920142934,Reactome_2022:Influenza Viral RNA Transcription And Replication R-HSA-168273,7.705153205459193e-05,0,400,zscreen_original_graph_v1:zel028_a549:16160,zscreen_original_graph_v1
zel028_a549,16229,4,0.8973191229646402,7.328382965615569,5.380203763870293e-13,BB_4179173119,bb3,1.0,MSigDB_Hallmark_2020:Myc Targets V1,1.8127949542997084e-08,Reactome_2022:Acyl Chain Remodelling Of PC R-HSA-1482788,1.0,0,401,zscreen_original_graph_v1:zel028_a549:16229,zscreen_original_graph_v1
zel028_a549,17068,6,0.8428470794637931,10.29331856385322,2.9029095085575963e-24,BB_8805984381,bb1,0.6666666666666666,MSigDB_Hallmark_2020:Myc Targets V1,3.922505110943355e-05,KEGG_2021_Human:Base excision repair,1.0,0,402,zscreen_original_graph_v1:zel028_a549:17068,zscreen_original_graph_v1
zel028_a549,17101,4,0.746235733844926,6.0939598405494335,1.498950864157932e-09,BB_6167857113,bb4,1.0,Reactome_2022:Translation R-HSA-72766,0.0025454467928774,MSigDB_Hallmark_2020:mTORC1 Signaling,0.0299103111415836,0,403,zscreen_original_graph_v1:zel028_a549:17101,zscreen_original_graph_v1
zel028_a549,17324,4,0.81989233284932,6.6957692760837535,3.3756526966570956e-11,BB_8003855586,bb1,1.0,MSigDB_Hallmark_2020:Myc Targets V1,0.0147546553244425,Reactome_2022:Synthesis Of PC R-HSA-1483191,1.0,0,404,zscreen_original_graph_v1:zel028_a549:17324,zscreen_original_graph_v1
zel028_a549,17378,3,0.8401237187412401,4.627444464675123,3.025948837957008e-06,BB_8243376230,bb1,1.0,KEGG_2021_Human:Huntington disease,0.0021872494588426,Reactome_2022:ATF6 (ATF6-alpha) Activates Chaperone Genes R-HSA-381183,1.0,0,405,zscreen_original_graph_v1:zel028_a549:17378,zscreen_original_graph_v1
zel028_a549,17491,3,0.8448555192873459,4.653502890713154,2.7802658844474907e-06,BB_1895570180,bb3,1.0,KEGG_2021_Human:Prion disease,1.8444454332537647e-09,Reactome_2022:Innate Immune System R-HSA-168249,0.0473392489006047,0,406,zscreen_original_graph_v1:zel028_a549:17491,zscreen_original_graph_v1
zel028_a549,17903,4,0.7801415282161268,6.370986301826282,2.6123084740836776e-10,BB_0784487728,bb4,1.0,Reactome_2022:Cooperation Of PDCL (PhLP1) And TRiC/CCT In G-protein Beta Folding R-HSA-6814122,0.2219207109197429,Reactome_2022:Nucleotide Catabolism R-HSA-8956319,1.0,0,407,zscreen_original_graph_v1:zel028_a549:17903,zscreen_original_graph_v1
zel028_a549,17913,3,0.884247060474034,4.870435441554117,1.1803373456378164e-06,BB_8629146945,bb1,1.0,KEGG_2021_Human:Dilated cardiomyopathy,0.0100650456100904,KEGG_2021_Human:Parkinson disease,0.1666178694284158,0,408,zscreen_original_graph_v1:zel028_a549:17913,zscreen_original_graph_v1
zel028_a549,18151,3,0.8553515376366084,4.711305351992546,2.2090736443298247e-06,BB_8003855586,bb1,1.0,KEGG_2021_Human:Oxidative phosphorylation,0.1715871522768254,KEGG_2021_Human:Adrenergic signaling in cardiomyocytes,0.932608356069738,0,409,zscreen_original_graph_v1:zel028_a549:18151,zscreen_original_graph_v1
zel028_a549,18362,3,0.7714971114615571,4.249511930830175,1.4420886124033712e-05,BB_9589229674,bb3,1.0,Reactome_2022:mRNA Splicing - Minor Pathway R-HSA-72165,0.0126566292826934,Reactome_2022:HuR (ELAVL1) Binds And Stabilizes mRNA R-HSA-450520,1.0,0,410,zscreen_original_graph_v1:zel028_a549:18362,zscreen_original_graph_v1
zel028_a549,18559,3,0.8154773402751067,4.4917147727519,5.185609872413566e-06,BB_1184847906,bb1,1.0,KEGG_2021_Human:Prion disease,0.0929075981329437,Reactome_2022:Respiratory Electron Transport R-HSA-611105,0.2906574001971017,0,411,zscreen_original_graph_v1:zel028_a549:18559,zscreen_original_graph_v1
zel028_a549,18627,3,0.8560538824909335,4.7151732245415445,2.1713904739429003e-06,BB_5797976733,bb4,1.0,KEGG_2021_Human:Prion disease,0.0007028857568407,MSigDB_Hallmark_2020:Oxidative Phosphorylation,0.4147045487845474,0,412,zscreen_original_graph_v1:zel028_a549:18627,zscreen_original_graph_v1
zel028_a549,18724,4,0.8473082365971791,6.919770245205042,7.827205510739009e-12,BB_6461549130,bb4,1.0,MSigDB_Hallmark_2020:Myc Targets V1,0.0705806428526216,Reactome_2022:Initiation Of Nuclear Envelope (NE) Reformation R-HSA-2995383,0.1858151962658875,0,413,zscreen_original_graph_v1:zel028_a549:18724,zscreen_original_graph_v1
zel028_a549,19405,4,0.7887139899839215,6.441027390436799,1.6643192851561682e-10,BB_0141978289,bb3,1.0,MSigDB_Hallmark_2020:Myc Targets V1,0.0147546553244425,Reactome_2022:Phosphorylation Of APC/C R-HSA-176412,1.0,0,414,zscreen_original_graph_v1:zel028_a549:19405,zscreen_original_graph_v1
zel028_a549,20399,3,0.875924121664755,4.824600313199193,1.4211900327658792e-06,BB_7665146157,bb1,1.0,KEGG_2021_Human:Amyotrophic lateral sclerosis,0.0001270728995786,Reactome_2022:Rab Regulation Of Trafficking R-HSA-9007101,0.0823975598570402,0,415,zscreen_original_graph_v1:zel028_a549:20399,zscreen_original_graph_v1
zel028_a549,20743,3,0.8679993235242961,4.780957779200284,1.6731736906971032e-06,BB_3556381982,bb3,1.0,KEGG_2021_Human:Salivary secretion,0.7116901939428963,KEGG_2021_Human:Spliceosome,0.8107811689708628,0,416,zscreen_original_graph_v1:zel028_a549:20743,zscreen_original_graph_v1
zel028_a549,20798,3,0.8525551378709931,4.695905341836786,2.352873635817131e-06,BB_0989365327,bb4,1.0,Reactome_2022:APC/C:Cdc20 Mediated Degradation Of Mitotic Proteins R-HSA-176409,0.0781295403358777,MSigDB_Hallmark_2020:mTORC1 Signaling,0.6968777578262524,0,417,zscreen_original_graph_v1:zel028_a549:20798,zscreen_original_graph_v1
zel028_a549,20823,4,0.9288407739056468,7.585929841473703,8.26919897653751e-14,BB_3343801403,bb3,0.75,MSigDB_Hallmark_2020:Myc Targets V1,0.0026720754315707,Reactome_2022:Processing Of Capped Intron-Containing Pre-mRNA R-HSA-72203,1.0,0,418,zscreen_original_graph_v1:zel028_a549:20823,zscreen_original_graph_v1
zel028_a549,20961,4,0.8575076012579737,7.003103903998537,4.668620189107842e-12,BB_3064712138,bb4,1.0,KEGG_2021_Human:Prion disease,0.1288053645625751,KEGG_2021_Human:Steroid hormone biosynthesis,1.0,0,419,zscreen_original_graph_v1:zel028_a549:20961,zscreen_original_graph_v1
zel028_a549,21023,4,0.849416105461131,6.936992536056668,6.978178656810748e-12,BB_4639591781,bb4,1.0,KEGG_2021_Human:Huntington disease,0.0014901338403553,KEGG_2021_Human:Citrate cycle (TCA cycle),1.0,0,420,zscreen_original_graph_v1:zel028_a549:21023,zscreen_original_graph_v1
zel028_a549,21156,4,0.8300268139711012,6.778572805513188,1.9523705070586728e-11,BB_8839574583,bb3,1.0,KEGG_2021_Human:Diabetic cardiomyopathy,0.0006333703748289,Reactome_2022:Trafficking And Processing Of Endosomal TLR R-HSA-1679131,1.0,0,421,zscreen_original_graph_v1:zel028_a549:21156,zscreen_original_graph_v1
zel028_a549,21238,3,0.8831863898516675,4.864594238677045,1.2131795645573831e-06,BB_8713766777,bb3,1.0,KEGG_2021_Human:Oxidative phosphorylation,7.329397712819109e-06,Reactome_2022:2-LTR Circle Formation R-HSA-164843,1.0,0,422,zscreen_original_graph_v1:zel028_a549:21238,zscreen_original_graph_v1
zel028_a549,21263,3,0.8603890769979227,4.739047507559207,1.97288538453248e-06,BB_2296671906,bb1,0.6666666666666666,MSigDB_Hallmark_2020:Oxidative Phosphorylation,0.0082964177214164,KEGG_2021_Human:Folate biosynthesis,1.0,0,423,zscreen_original_graph_v1:zel028_a549:21263,zscreen_original_graph_v1
zel028_a549,21265,3,0.8103810727086347,4.463649195989535,5.779164859097232e-06,BB_8259233692,bb1,1.0,MSigDB_Hallmark_2020:Myc Targets V1,0.2073522743922737,KEGG_2021_Human:Viral protein interaction with cytokine and cytokine receptor,0.0133003075284298,0,424,zscreen_original_graph_v1:zel028_a549:21265,zscreen_original_graph_v1
zel028_a549,21334,3,0.8439541440480588,4.648538940991139,2.828861994480728e-06,BB_8516334188,bb3,1.0,"Reactome_2022:Respiratory Electron Transport, ATP Synthesis By Chemiosmotic Coupling, Heat Production By Uncoupling Proteins R-HSA-163200",0.043198814281341,KEGG_2021_Human:Protein processing in endoplasmic reticulum,1.0,0,425,zscreen_original_graph_v1:zel028_a549:21334,zscreen_original_graph_v1
zel028_a549,21425,3,0.8094618026774639,4.458586698134262,5.90052124886262e-06,BB_3744874621,bb3,1.0,KEGG_2021_Human:Huntington disease,0.0001079144381665,MSigDB_Hallmark_2020:Xenobiotic Metabolism,0.7519464202112867,0,426,zscreen_original_graph_v1:zel028_a549:21425,zscreen_original_graph_v1
zel028_a549,21567,3,0.8755000517203646,4.822264924128336,1.4293081821511436e-06,BB_4330525650,bb3,1.0,KEGG_2021_Human:Prion disease,0.0007028857568407,KEGG_2021_Human:Thyroid cancer,1.0,0,427,zscreen_original_graph_v1:zel028_a549:21567,zscreen_original_graph_v1
zel028_a549,22150,3,0.8697162575762446,4.790413080320636,1.611570953098649e-06,BB_1906808333,bb1,1.0,KEGG_2021_Human:Prion disease,0.1288053645625751,MSigDB_Hallmark_2020:DNA Repair,0.1401876526750805,0,428,zscreen_original_graph_v1:zel028_a549:22150,zscreen_original_graph_v1
zel028_a549,22378,3,0.8428898839849278,4.642677970760017,2.871721614447561e-06,BB_5090328094,bb4,1.0,Reactome_2022:Translation R-HSA-72766,0.1097588635034192,Reactome_2022:Early SARS-CoV-2 Infection Events R-HSA-9772572,1.0,0,429,zscreen_original_graph_v1:zel028_a549:22378,zscreen_original_graph_v1
zel028_a549,23235,3,0.87121717367592,4.79867875229721,1.5614926017847817e-06,BB_5415608208,bb4,1.0,MSigDB_Hallmark_2020:Myc Targets V1,0.0745653528403928,KEGG_2021_Human:Tyrosine metabolism,1.0,0,430,zscreen_original_graph_v1:zel028_a549:23235,zscreen_original_graph_v1
zel028_a549,25264,4,0.7614241492651903,6.218056416202956,6.905641031978933e-10,BB_9151637064,bb4,1.0,MSigDB_Hallmark_2020:Myc Targets V1,0.0026720754315707,KEGG_2021_Human:Ribosome biogenesis in eukaryotes,0.6666634178318376,0,431,zscreen_original_graph_v1:zel028_a549:25264,zscreen_original_graph_v1
zel028_a549,25682,3,0.8825679265324928,4.861188308840629,1.229079214508149e-06,BB_3556381982,bb3,1.0,KEGG_2021_Human:Thyroid hormone synthesis,0.3045034336223254,MSigDB_Hallmark_2020:Complement,1.0,0,432,zscreen_original_graph_v1:zel028_a549:25682,zscreen_original_graph_v1
zel028_a549,26074,3,0.8429998216525078,4.6432834067989015,2.8728441265379888e-06,BB_7882633117,bb3,1.0,MSigDB_Hallmark_2020:Myc Targets V1,0.0004448231866923,KEGG_2021_Human:Ribosome,0.1154836480163353,0,433,zscreen_original_graph_v1:zel028_a549:26074,zscreen_original_graph_v1
zel028_a549,26726,3,0.8128451546437746,4.477219103730329,5.494298688417941e-06,BB_4944521105,bb1,1.0,KEGG_2021_Human:Huntington disease,0.0006779361937831,MSigDB_Hallmark_2020:Unfolded Protein Response,0.7419114350801953,0,434,zscreen_original_graph_v1:zel028_a549:26726,zscreen_original_graph_v1
zel028_a549,26749,3,0.8497908285627483,4.680682056545435,2.490687954764189e-06,BB_9724540281,bb3,1.0,KEGG_2021_Human:Amyotrophic lateral sclerosis,0.0001413301447479,Reactome_2022:Role Of GTSE1 In G2/M Progression After G2 Checkpoint R-HSA-8852276,0.2429006513804495,0,435,zscreen_original_graph_v1:zel028_a549:26749,zscreen_original_graph_v1
zel028_a549,26775,4,0.8533109211696001,6.968815032271625,5.768081388072743e-12,BB_2197995887,bb4,1.0,MSigDB_Hallmark_2020:Myc Targets V1,0.0026720754315707,Reactome_2022:Interconversion Of Nucleotide Di- And Triphosphates R-HSA-499943,0.691569559624005,0,436,zscreen_original_graph_v1:zel028_a549:26775,zscreen_original_graph_v1
zel028_a549,26948,8,0.831720816285582,12.796338151924514,1.0425863895465355e-36,BB_0784487728,bb4,0.875,MSigDB_Hallmark_2020:Myc Targets V1,1.283667667305466e-06,Reactome_2022:Dissolution Of Fibrin Clot R-HSA-75205,1.0,0,437,zscreen_original_graph_v1:zel028_a549:26948,zscreen_original_graph_v1
zel028_a549,28017,3,0.8389207307791177,4.620819508164348,3.114100254626448e-06,BB_4811208063,bb1,0.6666666666666666,KEGG_2021_Human:Amyotrophic lateral sclerosis,0.0002438848550907,Reactome_2022:Pyruvate Metabolism R-HSA-70268,1.0,0,438,zscreen_original_graph_v1:zel028_a549:28017,zscreen_original_graph_v1
zel028_a549,29529,4,0.8834425532319369,7.215004792975632,1.160461568821132e-12,BB_4488462111,bb4,1.0,MSigDB_Hallmark_2020:Myc Targets V1,0.0026720754315707,Reactome_2022:Deadenylation-dependent mRNA Decay R-HSA-429914,1.0,0,439,zscreen_original_graph_v1:zel028_a549:29529,zscreen_original_graph_v1
zel028_a549,29956,3,0.8693100691742592,4.7881761664170375,1.6233908418000962e-06,BB_4488462111,bb4,1.0,KEGG_2021_Human:Prion disease,0.65049698344348,Reactome_2022:Centrosome Maturation R-HSA-380287,1.0,0,440,zscreen_original_graph_v1:zel028_a549:29956,zscreen_original_graph_v1
zel028_h1650,24,7,0.8388345464926952,10.710944432423316,3.826366302713499e-26,BB_1515658596,bb1,0.7142857142857143,KEGG_2021_Human:Prion disease,2.1565015061999022e-10,Reactome_2022:ER To Golgi Anterograde Transport R-HSA-199977,1.0,0,441,zscreen_original_graph_v1:zel028_h1650:24,zscreen_original_graph_v1
zel028_h1650,26,32,0.8538667252919413,60.215205226602485,0.0,BB_3556786606,bb3,0.375,MSigDB_Hallmark_2020:Myc Targets V1,1.8127949542997084e-08,Reactome_2022:FLT3 Signaling R-HSA-9607240,1.0,0,442,zscreen_original_graph_v1:zel028_h1650:26,zscreen_original_graph_v1
zel028_h1650,67,4,0.8665208811192712,7.143410413458794,1.8634262273204647e-12,BB_3795298929,bb4,1.0,MSigDB_Hallmark_2020:Oxidative Phosphorylation,0.3541314306266418,Reactome_2022:Metabolism Of Polyamines R-HSA-351202,0.7270783760827028,0,443,zscreen_original_graph_v1:zel028_h1650:67,zscreen_original_graph_v1
zel028_h1650,113,10,0.8136967331306492,16.906713622756364,4.492137984292975e-63,BB_6317837957,bb1,0.6,MSigDB_Hallmark_2020:Epithelial Mesenchymal Transition,0.005265571109634,Reactome_2022:rRNA Processing In Nucleus And Cytosol R-HSA-8868773,0.001633438621289,0,444,zscreen_original_graph_v1:zel028_h1650:113,zscreen_original_graph_v1
zel028_h1650,151,9,0.8635914823225432,15.26040743662465,1.2850154211889957e-51,BB_8943054758,bb3,0.6666666666666666,MSigDB_Hallmark_2020:Myc Targets V1,0.0084879733676548,MSigDB_Hallmark_2020:Hypoxia,0.0077533692984947,0,445,zscreen_original_graph_v1:zel028_h1650:151,zscreen_original_graph_v1
zel028_h1650,167,8,0.8391985511675911,12.73802598059244,2.128022019749729e-36,BB_6946165266,bb4,0.75,KEGG_2021_Human:Cardiac muscle contraction,0.0105228609968675,Reactome_2022:rRNA Processing In Nucleus And Cytosol R-HSA-8868773,1.0,0,446,zscreen_original_graph_v1:zel028_h1650:167,zscreen_original_graph_v1
zel028_h1650,225,6,0.8495914747148556,10.875915687922218,6.689892329082942e-27,BB_3064712138,bb4,1.0,KEGG_2021_Human:Prion disease,0.0001037058550517,Reactome_2022:Viral mRNA Translation R-HSA-192823,0.113009270601712,0,447,zscreen_original_graph_v1:zel028_h1650:225,zscreen_original_graph_v1
zel028_h1650,257,4,0.7998866992676051,6.594024401083266,6.395515371920329e-11,BB_8729740620,bb3,1.0,MSigDB_Hallmark_2020:Oxidative Phosphorylation,0.0186748448286939,Reactome_2022:Nucleotide Salvage R-HSA-8956321,1.0,0,448,zscreen_original_graph_v1:zel028_h1650:257,zscreen_original_graph_v1
zel028_h1650,289,3,0.8271276260304279,4.498700238784082,5.047563934585494e-06,BB_0510191033,bb1,1.0,MSigDB_Hallmark_2020:Oxidative Phosphorylation,0.0922063189499363,Reactome_2022:Unfolded Protein Response (UPR) R-HSA-381119,1.0,0,449,zscreen_original_graph_v1:zel028_h1650:289,zscreen_original_graph_v1
zel028_h1650,295,4,0.8442647710854855,6.959913067161793,6.079187140600973e-12,BB_1290459741,bb1,0.75,Reactome_2022:SARS-CoV-1 Infection R-HSA-9678108,0.1623257826409941,KEGG_2021_Human:Autophagy,0.698701657743822,0,450,zscreen_original_graph_v1:zel028_h1650:295,zscreen_original_graph_v1
zel028_h1650,299,4,0.8877693092126689,7.318599615983505,5.760867234784296e-13,BB_0435703887,bb4,1.0,MSigDB_Hallmark_2020:Myc Targets V1,0.0002951020130185,Reactome_2022:Selenoamino Acid Metabolism R-HSA-2408522,0.0018070656213348,0,451,zscreen_original_graph_v1:zel028_h1650:299,zscreen_original_graph_v1
zel028_h1650,324,8,0.8358016621168363,12.686123611516214,4.0391088518085856e-36,BB_6580972793,bb3,0.875,MSigDB_Hallmark_2020:Myc Targets V1,1.283667667305466e-06,Reactome_2022:Plasma Lipoprotein Assembly R-HSA-8963898,1.0,0,452,zscreen_original_graph_v1:zel028_h1650:324,zscreen_original_graph_v1
zel028_h1650,378,13,0.8492798101169107,19.576607126443264,3.734938967633809e-84,BB_3795298929,bb4,0.5384615384615384,KEGG_2021_Human:Prion disease,2.278176213404429e-09,KEGG_2021_Human:Toxoplasmosis,1.0,0,453,zscreen_original_graph_v1:zel028_h1650:378,zscreen_original_graph_v1
zel028_h1650,401,20,0.8482450546293148,35.47024505471592,4.74659770349062e-274,BB_3406231744,bb4,0.6,MSigDB_Hallmark_2020:Myc Targets V1,0.0026720754315707,Reactome_2022:Major Pathway Of rRNA Processing In Nucleolus And Cytosol R-HSA-6791226,0.1010481920142934,0,454,zscreen_original_graph_v1:zel028_h1650:401,zscreen_original_graph_v1
zel028_h1650,406,137,0.8037473382099539,227.3765315005284,0.0,BB_9169702177,bb4,0.3138686131386861,MSigDB_Hallmark_2020:Myc Targets V1,1.9602482427051839e-10,Reactome_2022:Oncogene Induced Senescence R-HSA-2559585,0.2473195392122866,0,455,zscreen_original_graph_v1:zel028_h1650:406,zscreen_original_graph_v1
zel028_h1650,499,3,0.8830384521459603,4.801965340174177,1.545075233555404e-06,BB_4501961276,bb4,1.0,MSigDB_Hallmark_2020:Oxidative Phosphorylation,0.0034623901487303,KEGG_2021_Human:Autophagy,1.0,0,456,zscreen_original_graph_v1:zel028_h1650:499,zscreen_original_graph_v1
zel028_h1650,581,11,0.8605724212535543,19.349038400201685,2.9876354482561373e-82,BB_6310246769,bb4,0.6363636363636364,MSigDB_Hallmark_2020:mTORC1 Signaling,1.8357839908389e-05,KEGG_2021_Human:Primary immunodeficiency,1.0,0,457,zscreen_original_graph_v1:zel028_h1650:581,zscreen_original_graph_v1
zel028_h1650,597,4,0.8973476321454928,7.39757104618765,3.309690017012784e-13,BB_0435703887,bb4,1.0,Reactome_2022:Signaling By Interleukins R-HSA-449147,9.285317485669127e-05,Reactome_2022:HIV Transcription Initiation R-HSA-167161,1.0,0,458,zscreen_original_graph_v1:zel028_h1650:597,zscreen_original_graph_v1
zel028_h1650,614,4,0.8635977492981967,7.119309753854342,2.193336848641951e-12,BB_2725291112,bb1,1.0,KEGG_2021_Human:Bacterial invasion of epithelial cells,0.0079301065589945,KEGG_2021_Human:Steroid biosynthesis,1.0,0,459,zscreen_original_graph_v1:zel028_h1650:614,zscreen_original_graph_v1
zel028_h1650,621,4,0.9012116553999002,7.429429174680783,2.627531076865432e-13,BB_0435703887,bb4,1.0,MSigDB_Hallmark_2020:mTORC1 Signaling,0.0008787379320556,Reactome_2022:Protein Localization R-HSA-9609507,0.8964275456888857,0,460,zscreen_original_graph_v1:zel028_h1650:621,zscreen_original_graph_v1
zel028_h1650,629,3,0.843634105674136,4.588232795723926,3.5057873397104306e-06,BB_4179173119,bb3,1.0,KEGG_2021_Human:Dilated cardiomyopathy,0.0003223742150408,Reactome_2022:NOTCH2 Activation And Transmission Of Signal To Nucleus R-HSA-2979096,0.4690630277892211,0,461,zscreen_original_graph_v1:zel028_h1650:629,zscreen_original_graph_v1
zel028_h1650,649,9,0.8275952099511982,14.622504047503025,1.587898114404738e-47,BB_9829174648,bb4,0.6666666666666666,KEGG_2021_Human:Prion disease,1.410496554751901e-05,"Reactome_2022:Gamma Carboxylation, Hypusine Formation And Arylsulfatase Activation R-HSA-163841",1.0,0,462,zscreen_original_graph_v1:zel028_h1650:649,zscreen_original_graph_v1
zel028_h1650,653,10,0.8549335048105687,17.769536743788148,1.424922943170718e-69,BB_2909612855,bb4,0.8,MSigDB_Hallmark_2020:mTORC1 Signaling,2.3570948683033927e-06,Reactome_2022:Eukaryotic Translation Termination R-HSA-72764,3.5285914473938276e-10,0,463,zscreen_original_graph_v1:zel028_h1650:653,zscreen_original_graph_v1
zel028_h1650,681,3,0.9156286960586144,4.978737609717754,7.192895138027432e-07,BB_3064712138,bb4,1.0,KEGG_2021_Human:Shigellosis,0.0018524266156948,KEGG_2021_Human:Various types of N-glycan biosynthesis,1.0,0,464,zscreen_original_graph_v1:zel028_h1650:681,zscreen_original_graph_v1
zel028_h1650,693,4,0.885197357830871,7.297394371551823,6.68433598301238e-13,BB_0047100301,bb4,1.0,KEGG_2021_Human:Protein processing in endoplasmic reticulum,0.1747387567427782,Reactome_2022:Attenuation Phase R-HSA-3371568,0.1910394699375226,0,465,zscreen_original_graph_v1:zel028_h1650:693,zscreen_original_graph_v1
zel028_h1650,708,16,0.8492257406101419,38.16822839254039,0.0,BB_3556786606,bb3,0.75,MSigDB_Hallmark_2020:Myc Targets V1,0.0147546553244425,Reactome_2022:Eukaryotic Translation Termination R-HSA-72764,0.0119331540742685,0,466,zscreen_original_graph_v1:zel028_h1650:708,zscreen_original_graph_v1
zel028_h1650,720,3,0.772162124670383,4.200562659695788,1.7826877191987428e-05,BB_0228574058,bb4,1.0,KEGG_2021_Human:Amyotrophic lateral sclerosis,4.0941635519210106e-05,Reactome_2022:Prefoldin Mediated Transfer Of Substrate To CCT/TriC R-HSA-389957,0.2609957156766699,0,467,zscreen_original_graph_v1:zel028_h1650:720,zscreen_original_graph_v1
zel028_h1650,736,21,0.8552727947070704,39.45975464356652,0.0,BB_8713766777,bb3,0.4761904761904761,MSigDB_Hallmark_2020:Myc Targets V1,1.5788954724877929e-07,Reactome_2022:Selenoamino Acid Metabolism R-HSA-2408522,2.318451832026434e-06,0,468,zscreen_original_graph_v1:zel028_h1650:736,zscreen_original_graph_v1
zel028_h1650,950,3,0.8594607086552598,4.674077643514468,2.5589032640099905e-06,BB_3554179083,bb1,0.6666666666666666,Reactome_2022:Neutrophil Degranulation R-HSA-6798695,0.0884054449812737,KEGG_2021_Human:Kaposi sarcoma-associated herpesvirus infection,0.2665989459166811,0,469,zscreen_original_graph_v1:zel028_h1650:950,zscreen_original_graph_v1
zel028_h1650,973,7,0.8444553729924832,10.783236506703478,1.777700633640979e-26,BB_8579790415,bb3,0.8571428571428571,MSigDB_Hallmark_2020:Myc Targets V1,6.833000075301533e-05,MSigDB_Hallmark_2020:Hypoxia,1.0,0,470,zscreen_original_graph_v1:zel028_h1650:973,zscreen_original_graph_v1
zel028_h1650,980,6,0.794429036787742,10.166120861006448,1.0322582945482749e-23,BB_6567642687,bb4,1.0,MSigDB_Hallmark_2020:Myc Targets V1,0.0004393689660278,Reactome_2022:Formation Of A Pool Of Free 40S Subunits R-HSA-72689,0.0002123727950207,0,471,zscreen_original_graph_v1:zel028_h1650:980,zscreen_original_graph_v1
zel028_h1650,1060,5,0.8410296890695397,9.1859727707882,1.275400903571913e-19,BB_2842970343,bb4,1.0,KEGG_2021_Human:Parkinson disease,3.732900530129178e-06,Reactome_2022:Cytoprotection By HMOX1 R-HSA-9707564,0.4161799105089092,0,472,zscreen_original_graph_v1:zel028_h1650:1060,zscreen_original_graph_v1
zel028_h1650,1075,5,0.8518085489811357,9.30316133224037,4.3171364912993677e-20,BB_6776932943,bb3,1.0,MSigDB_Hallmark_2020:Myc Targets V1,1.5788954724877929e-07,MSigDB_Hallmark_2020:Myogenesis,1.0,0,473,zscreen_original_graph_v1:zel028_h1650:1075,zscreen_original_graph_v1
zel028_h1650,1079,9,0.8283398576044705,14.635700226730238,1.328721888276881e-47,BB_0197599538,bb4,0.7777777777777778,MSigDB_Hallmark_2020:Myc Targets V1,6.833000075301533e-05,Reactome_2022:Mitochondrial Fatty Acid Beta-Oxidation Of Unsaturated Fatty Acids R-HSA-77288,1.0,0,474,zscreen_original_graph_v1:zel028_h1650:1079,zscreen_original_graph_v1
zel028_h1650,1081,3,0.8784723045666412,4.777198165284953,1.6854883346626614e-06,BB_1906808333,bb1,0.6666666666666666,MSigDB_Hallmark_2020:Reactive Oxygen Species Pathway,0.310869452023246,Reactome_2022:GPCR Ligand Binding R-HSA-500792,0.924096380276855,0,475,zscreen_original_graph_v1:zel028_h1650:1081,zscreen_original_graph_v1
zel028_h1650,1095,4,0.9024803218328348,7.439889085394119,2.4629917792113164e-13,BB_7665146157,bb1,0.75,MSigDB_Hallmark_2020:Oxidative Phosphorylation,0.0034623901487303,MSigDB_Hallmark_2020:Spermatogenesis,1.0,0,476,zscreen_original_graph_v1:zel028_h1650:1095,zscreen_original_graph_v1
zel028_h1650,1121,4,0.7956934167913098,6.559451593638216,7.974202755515201e-11,BB_3829381442,bb3,1.0,KEGG_2021_Human:Prion disease,5.395721908326303e-05,Reactome_2022:Mitochondrial Fatty Acid Beta-Oxidation Of Unsaturated Fatty Acids R-HSA-77288,1.0,0,477,zscreen_original_graph_v1:zel028_h1650:1121,zscreen_original_graph_v1
zel028_h1650,1149,6,0.8522204141037998,10.90974319172133,4.6550575743270485e-27,BB_8332071132,bb1,0.6666666666666666,MSigDB_Hallmark_2020:Myc Targets V1,0.0004448231866923,Reactome_2022:Aggrephagy R-HSA-9646399,1.0,0,478,zscreen_original_graph_v1:zel028_h1650:1149,zscreen_original_graph_v1
zel028_h1650,1154,3,0.8558115853814104,4.654284486866377,2.7838727051340867e-06,BB_4501961276,bb4,1.0,MSigDB_Hallmark_2020:Myc Targets V1,0.0147546553244425,Reactome_2022:SRP-dependent Cotranslational Protein Targeting To Membrane R-HSA-1799339,0.0102933473550604,0,479,zscreen_original_graph_v1:zel028_h1650:1154,zscreen_original_graph_v1
zel028_h1650,1174,6,0.8647777656910683,11.071323127839866,7.983466022172233e-28,BB_3734996210,bb4,0.8333333333333334,KEGG_2021_Human:Oxidative phosphorylation,4.274701250831439e-07,Reactome_2022:RHOH GTPase Cycle R-HSA-9013407,1.0,0,480,zscreen_original_graph_v1:zel028_h1650:1174,zscreen_original_graph_v1
zel028_h1650,1202,3,0.7988500205391024,4.345320088781011,9.514009935148842e-06,BB_3556786606,bb3,1.0,KEGG_2021_Human:Thyroid hormone synthesis,0.3045034336223254,Reactome_2022:Formation Of HIV-1 Elongation Complex Containing HIV-1 Tat R-HSA-167200,0.3330020324178442,0,481,zscreen_original_graph_v1:zel028_h1650:1202,zscreen_original_graph_v1
zel028_h1650,1245,8,0.846742389061882,12.853291169649385,5.061235745224174e-37,BB_2242759606,bb1,0.625,MSigDB_Hallmark_2020:Myc Targets V1,0.0004448231866923,Reactome_2022:Selenoamino Acid Metabolism R-HSA-2408522,0.0153816768042896,0,482,zscreen_original_graph_v1:zel028_h1650:1245,zscreen_original_graph_v1
zel028_h1650,1258,4,0.7904307795577618,6.516062161908507,1.0324192241014392e-10,BB_8629146945,bb1,1.0,KEGG_2021_Human:Shigellosis,0.0084879733676548,MSigDB_Hallmark_2020:p53 Pathway,0.790983910973706,0,483,zscreen_original_graph_v1:zel028_h1650:1258,zscreen_original_graph_v1
zel028_h1650,1264,4,0.8583106133495582,7.075718334931005,2.958840095791189e-12,BB_2197995887,bb4,0.75,KEGG_2021_Human:Prion disease,0.0248892531642493,Reactome_2022:Miscellaneous Transport And Binding Events R-HSA-5223345,1.0,0,484,zscreen_original_graph_v1:zel028_h1650:1264,zscreen_original_graph_v1
zel028_h1650,1269,3,0.7864745968228221,4.27819473240892,1.2750945159844463e-05,BB_3556786606,bb3,1.0,MSigDB_Hallmark_2020:Hypoxia,2.819588149730236e-06,MSigDB_Hallmark_2020:Adipogenesis,1.0,0,485,zscreen_original_graph_v1:zel028_h1650:1269,zscreen_original_graph_v1
zel028_h1650,1328,4,0.889152841254925,7.330006571551458,5.339917895346397e-13,BB_4803236175,bb3,0.75,Reactome_2022:Signaling By Interleukins R-HSA-449147,0.0442199443637851,Reactome_2022:Aggrephagy R-HSA-9646399,1.0,0,486,zscreen_original_graph_v1:zel028_h1650:1328,zscreen_original_graph_v1
zel028_h1650,1329,7,0.8466521767848715,10.8114906260833,1.3296541543118392e-26,BB_3554179083,bb1,0.7142857142857143,MSigDB_Hallmark_2020:Myc Targets V1,0.0147546553244425,Reactome_2022:Response Of EIF2AK4 (GCN2) To Amino Acid Deficiency R-HSA-9633012,0.4968567251793308,0,487,zscreen_original_graph_v1:zel028_h1650:1329,zscreen_original_graph_v1
zel028_h1650,1433,3,0.9461389537724808,5.144227856274193,3.0950080771329457e-07,BB_9151637064,bb4,1.0,KEGG_2021_Human:Amyotrophic lateral sclerosis,0.0069461403553022,Reactome_2022:Peptide Chain Elongation R-HSA-156902,4.522765192347562e-16,0,488,zscreen_original_graph_v1:zel028_h1650:1433,zscreen_original_graph_v1
zel028_h1650,1442,6,0.8727053423067468,11.173330092782605,2.6161345143376284e-28,BB_2909612855,bb4,0.6666666666666666,MSigDB_Hallmark_2020:Myc Targets V1,6.833000075301533e-05,Reactome_2022:Selenocysteine Synthesis R-HSA-2408557,1.373804416334644e-09,0,489,zscreen_original_graph_v1:zel028_h1650:1442,zscreen_original_graph_v1
zel028_h1650,1461,6,0.8753229845070144,11.207012231612676,1.806342316409161e-28,BB_2660463725,bb3,0.6666666666666666,KEGG_2021_Human:Prion disease,0.0043744989176852,KEGG_2021_Human:Ribosome,0.0023334837446986,0,490,zscreen_original_graph_v1:zel028_h1650:1461,zscreen_original_graph_v1
zel028_h1650,1474,13,0.8187918616522413,18.87295363022716,2.522211638864864e-78,BB_6567642687,bb4,0.6153846153846154,MSigDB_Hallmark_2020:mTORC1 Signaling,1.8357839908389e-05,Reactome_2022:rRNA Processing In Nucleus And Cytosol R-HSA-8868773,0.1097675625590213,0,491,zscreen_original_graph_v1:zel028_h1650:1474,zscreen_original_graph_v1
zel028_h1650,1482,3,0.7564301918509635,4.115231310956906,2.572647750071093e-05,BB_9254267248,bb1,1.0,Reactome_2022:Muscle Contraction R-HSA-397014,0.0039175885327835,Reactome_2022:Cellular Response To Starvation R-HSA-9711097,1.863930951923104e-06,0,492,zscreen_original_graph_v1:zel028_h1650:1482,zscreen_original_graph_v1
zel028_h1650,1507,3,0.8789938668602888,4.780027163760802,1.6745579912255314e-06,BB_6317837957,bb1,1.0,MSigDB_Hallmark_2020:Myc Targets V1,0.2184234459284727,KEGG_2021_Human:Ribosome,0.00851259176756,0,493,zscreen_original_graph_v1:zel028_h1650:1507,zscreen_original_graph_v1
zel028_h1650,1692,7,0.8021753814433007,10.239453792586009,4.922340765797961e-24,BB_6461549130,bb4,1.0,KEGG_2021_Human:Fluid shear stress and atherosclerosis,0.0007130119925356,Reactome_2022:Selenocysteine Synthesis R-HSA-2408557,0.0027223977021483,0,494,zscreen_original_graph_v1:zel028_h1650:1692,zscreen_original_graph_v1
zel028_h1650,1699,4,0.8519326516170626,7.023133267238576,4.121994864060987e-12,BB_6943918746,bb3,1.0,MSigDB_Hallmark_2020:Myc Targets V1,1.9602482427051839e-10,Reactome_2022:Mitochondrial Iron-Sulfur Cluster Biogenesis R-HSA-1362409,1.0,0,495,zscreen_original_graph_v1:zel028_h1650:1699,zscreen_original_graph_v1
zel028_h1650,1787,3,0.8671885617296308,4.715994179343936,2.170403624025872e-06,BB_7616460895,bb4,1.0,MSigDB_Hallmark_2020:Epithelial Mesenchymal Transition,0.0133879779744467,MSigDB_Hallmark_2020:UV Response Up,1.0,0,496,zscreen_original_graph_v1:zel028_h1650:1787,zscreen_original_graph_v1
zel028_h1650,1809,5,0.8517221053212326,9.302221510382234,4.328254788119497e-20,BB_7347643908,bb3,1.0,KEGG_2021_Human:Diabetic cardiomyopathy,0.0006333703748289,KEGG_2021_Human:Rheumatoid arthritis,1.0,0,497,zscreen_original_graph_v1:zel028_h1650:1809,zscreen_original_graph_v1
zel028_h1650,1821,3,0.8348277103286512,4.540466154397413,4.243460890566417e-06,BB_1844827133,bb3,1.0,MSigDB_Hallmark_2020:Myc Targets V1,0.0745653528403928,MSigDB_Hallmark_2020:TNF-alpha Signaling via NF-kB,0.251629549802277,0,498,zscreen_original_graph_v1:zel028_h1650:1821,zscreen_original_graph_v1
zel028_h1650,1885,5,0.8039252249439872,8.78257029501715,4.597117525655213e-18,BB_6567642687,bb4,1.0,MSigDB_Hallmark_2020:mTORC1 Signaling,0.0008787379320556,Reactome_2022:Cell-Cell Communication R-HSA-1500931,1.0,0,499,zscreen_original_graph_v1:zel028_h1650:1885,zscreen_original_graph_v1
zel028_h1650,1889,5,0.8715007704167792,9.517256618826108,5.9685244113521386e-21,BB_6317837957,bb1,1.0,MSigDB_Hallmark_2020:PI3K/AKT/mTOR  Signaling,0.0045842426549475,Reactome_2022:Eukaryotic Translation Termination R-HSA-72764,0.0009035328106674,0,500,zscreen_original_graph_v1:zel028_h1650:1889,zscreen_original_graph_v1
zel028_h1650,1907,7,0.8788821815004103,11.226015766653564,1.4711607135721014e-28,BB_6317837957,bb1,0.7142857142857143,MSigDB_Hallmark_2020:Myc Targets V1,0.0004448231866923,Reactome_2022:Synthesis Of Glycosylphosphatidylinositol (GPI) R-HSA-162710,1.0,0,501,zscreen_original_graph_v1:zel028_h1650:1907,zscreen_original_graph_v1
zel028_h1650,1909,7,0.8294048334592011,10.589664489859056,1.3734095641685363e-25,BB_3829381442,bb3,0.8571428571428571,KEGG_2021_Human:Diabetic cardiomyopathy,0.0006333703748289,Reactome_2022:Late Endosomal Microautophagy R-HSA-9615710,1.0,0,502,zscreen_original_graph_v1:zel028_h1650:1909,zscreen_original_graph_v1
zel028_h1650,1929,6,0.8404339022348064,10.758081926078088,2.316455738745039e-26,BB_8003855586,bb1,0.6666666666666666,MSigDB_Hallmark_2020:mTORC1 Signaling,0.0008787379320556,Reactome_2022:Anchoring Of Basal Body To Plasma Membrane R-HSA-5620912,1.0,0,503,zscreen_original_graph_v1:zel028_h1650:1929,zscreen_original_graph_v1
zel028_h1650,1982,3,0.8468289192320494,4.605561737627968,3.287566636655156e-06,BB_8713766777,bb3,1.0,Reactome_2022:Citric Acid (TCA) Cycle And Respiratory Electron Transport R-HSA-1428517,0.0020145116382182,Reactome_2022:Mitochondrial Translation Termination R-HSA-5419276,0.860801645068876,0,504,zscreen_original_graph_v1:zel028_h1650:1982,zscreen_original_graph_v1
zel028_h1650,1988,23,0.8685599741124823,40.55797300869256,0.0,BB_6310246769,bb4,0.9130434782608696,MSigDB_Hallmark_2020:mTORC1 Signaling,0.0001074580716802,Reactome_2022:Selenocysteine Synthesis R-HSA-2408557,1.373804416334644e-09,0,505,zscreen_original_graph_v1:zel028_h1650:1988,zscreen_original_graph_v1
zel028_h1650,2024,5,0.865975501965458,9.45718549193904,1.0342781452094691e-20,BB_3829381442,bb3,0.8,KEGG_2021_Human:Prion disease,1.7745232495089923e-06,Reactome_2022:Cyclin A/B1/B2 Associated Events During G2/M Transition R-HSA-69273,0.0958479455068001,0,506,zscreen_original_graph_v1:zel028_h1650:2024,zscreen_original_graph_v1
zel028_h1650,2041,4,0.861691239080125,7.103590943820909,2.4287140470997525e-12,BB_5044717039,bb4,1.0,MSigDB_Hallmark_2020:Myc Targets V1,0.0468777242015266,Reactome_2022:Synaptic Adhesion-Like Molecules R-HSA-8849932,1.0,0,507,zscreen_original_graph_v1:zel028_h1650:2041,zscreen_original_graph_v1
zel028_h1650,2042,18,0.8585592845645644,29.973219831324705,5.810483297398255e-196,BB_3406231744,bb4,0.6111111111111112,Reactome_2022:Muscle Contraction R-HSA-397014,0.0039175885327835,Reactome_2022:Cellular Response To Starvation R-HSA-9711097,0.0542735850894634,0,508,zscreen_original_graph_v1:zel028_h1650:2042,zscreen_original_graph_v1
zel028_h1650,2111,3,0.848461965084682,4.614419517962853,3.1705659337761407e-06,BB_1906808333,bb1,1.0,KEGG_2021_Human:Dilated cardiomyopathy,0.0857935761384127,KEGG_2021_Human:Oxidative phosphorylation,1.0,0,509,zscreen_original_graph_v1:zel028_h1650:2111,zscreen_original_graph_v1
zel028_h1650,2117,3,0.840001534247062,4.568529417707977,3.804586524812193e-06,BB_0068057945,bb3,1.0,KEGG_2021_Human:Parkinson disease,0.0322013411406437,Reactome_2022:HSP90 Chaperone Cycle For Steroid Hormone Receptors (SHR) In Presence Of Ligand R-HSA-3371497,1.0,0,510,zscreen_original_graph_v1:zel028_h1650:2117,zscreen_original_graph_v1
zel028_h1650,2163,3,0.8632918367828392,4.694858010051138,2.36080420816269e-06,BB_9204530019,bb3,1.0,MSigDB_Hallmark_2020:Myc Targets V1,0.0147546553244425,Reactome_2022:Cytokine Signaling In Immune System R-HSA-1280215,1.0,0,511,zscreen_original_graph_v1:zel028_h1650:2163,zscreen_original_graph_v1
zel028_h1650,2331,3,0.853395448453225,4.641179153581113,2.883070988115098e-06,BB_5929339909,bb4,1.0,MSigDB_Hallmark_2020:mTORC1 Signaling,0.1253244033685477,MSigDB_Hallmark_2020:Hypoxia,0.0659895975098997,0,512,zscreen_original_graph_v1:zel028_h1650:2331,zscreen_original_graph_v1
zel028_h1650,2342,4,0.8427304574344964,6.947262946232468,6.533941321121118e-12,BB_4697201234,bb3,1.0,MSigDB_Hallmark_2020:Myc Targets V1,0.0147546553244425,Reactome_2022:Major Pathway Of rRNA Processing In Nucleolus And Cytosol R-HSA-6791226,9.912466630025313e-08,0,513,zscreen_original_graph_v1:zel028_h1650:2342,zscreen_original_graph_v1
zel028_h1650,2395,7,0.7569451583253773,9.657726772641071,1.5939518513553329e-21,BB_0923458751,bb4,0.7142857142857143,KEGG_2021_Human:Prion disease,0.0248892531642493,KEGG_2021_Human:Ribosome biogenesis in eukaryotes,1.0,0,514,zscreen_original_graph_v1:zel028_h1650:2395,zscreen_original_graph_v1
zel028_h1650,2561,3,0.8883035883364626,4.830523889056032,1.396410327194655e-06,BB_4297446030,bb3,1.0,"Reactome_2022:Respiratory Electron Transport, ATP Synthesis By Chemiosmotic Coupling, Heat Production By Uncoupling Proteins R-HSA-163200",0.3239672183257291,MSigDB_Hallmark_2020:Hypoxia,0.1050941079179059,0,515,zscreen_original_graph_v1:zel028_h1650:2561,zscreen_original_graph_v1
zel028_h1650,2577,3,0.8545409762453621,4.647392594271647,2.839850000806299e-06,BB_8741131108,bb1,1.0,Reactome_2022:Degradation Of Cysteine And Homocysteine R-HSA-1614558,0.05997304142461,Reactome_2022:Cap-dependent Translation Initiation R-HSA-72737,0.0673654613428622,0,516,zscreen_original_graph_v1:zel028_h1650:2577,zscreen_original_graph_v1
zel028_h1650,2586,6,0.8135974635173019,10.41276786654186,8.59613952097405e-25,BB_7833643634,bb1,0.8333333333333334,MSigDB_Hallmark_2020:Epithelial Mesenchymal Transition,0.001271020824358,Reactome_2022:Nucleotide Salvage R-HSA-8956321,1.0,0,517,zscreen_original_graph_v1:zel028_h1650:2586,zscreen_original_graph_v1
zel028_h1650,2642,3,0.9077679840668584,4.936100435760563,8.742698829088086e-07,BB_2725291112,bb1,1.0,Reactome_2022:Innate Immune System R-HSA-168249,0.0004471065378696,Reactome_2022:Nucleotide Catabolism R-HSA-8956319,1.0,0,518,zscreen_original_graph_v1:zel028_h1650:2642,zscreen_original_graph_v1
zel028_h1650,2712,4,0.8704261238947244,7.1756083889744335,1.5102134017644165e-12,BB_0435703887,bb4,1.0,MSigDB_Hallmark_2020:mTORC1 Signaling,0.0053614142273981,KEGG_2021_Human:Sulfur relay system,0.0718796517450817,0,519,zscreen_original_graph_v1:zel028_h1650:2712,zscreen_original_graph_v1
zel028_h1650,2764,11,0.8578305237117644,19.28722430917763,9.35796647171622e-82,BB_6567642687,bb4,0.8181818181818182,Reactome_2022:Uptake And Function Of Diphtheria Toxin R-HSA-5336415,0.0005880479360597,Reactome_2022:Peptide Chain Elongation R-HSA-156902,8.601677491281882e-11,0,520,zscreen_original_graph_v1:zel028_h1650:2764,zscreen_original_graph_v1
zel028_h1650,2768,3,0.861381565261467,4.684496533985404,2.45750833495142e-06,BB_8839574583,bb3,1.0,MSigDB_Hallmark_2020:mTORC1 Signaling,2.808447395213387e-07,MSigDB_Hallmark_2020:DNA Repair,0.9472647384930004,0,521,zscreen_original_graph_v1:zel028_h1650:2768,zscreen_original_graph_v1
zel028_h1650,2776,12,0.847251387779346,19.36217415384906,2.383438606239468e-82,BB_9829174648,bb4,1.0,KEGG_2021_Human:Amyotrophic lateral sclerosis,6.410501397777763e-06,KEGG_2021_Human:Osteoclast differentiation,1.0,0,522,zscreen_original_graph_v1:zel028_h1650:2776,zscreen_original_graph_v1
zel028_h1650,2826,3,0.7969673709725568,4.335108436560014,9.953060091999462e-06,BB_9254267248,bb1,0.6666666666666666,KEGG_2021_Human:Ferroptosis,0.0084590543991121,MSigDB_Hallmark_2020:Reactive Oxygen Species Pathway,0.3457847798120025,0,523,zscreen_original_graph_v1:zel028_h1650:2826,zscreen_original_graph_v1
zel028_h1650,2840,3,0.8911604426109462,4.846019710910242,1.2996388134379936e-06,BB_2725291112,bb1,1.0,KEGG_2021_Human:Alzheimer disease,3.597147938884202e-05,Reactome_2022:Autophagy R-HSA-9612973,1.0,0,524,zscreen_original_graph_v1:zel028_h1650:2840,zscreen_original_graph_v1
zel028_h1650,2894,3,0.7894286267199977,4.294217643149412,1.189606520991926e-05,BB_8516334188,bb3,1.0,MSigDB_Hallmark_2020:Xenobiotic Metabolism,0.6768259954571635,Reactome_2022:Cap-dependent Translation Initiation R-HSA-72737,0.0001899879465716,0,525,zscreen_original_graph_v1:zel028_h1650:2894,zscreen_original_graph_v1
zel028_h1650,2993,12,0.8076095232701154,18.45866831186568,5.59083783988248e-75,BB_9559837296,bb4,0.6666666666666666,MSigDB_Hallmark_2020:Epithelial Mesenchymal Transition,0.1199460828492201,KEGG_2021_Human:Viral protein interaction with cytokine and cytokine receptor,0.6929594427391064,0,526,zscreen_original_graph_v1:zel028_h1650:2993,zscreen_original_graph_v1
zel028_h1650,3011,9,0.8254290577639264,14.58411685542494,2.70424888450436e-47,BB_8629146945,bb1,0.6666666666666666,MSigDB_Hallmark_2020:PI3K/AKT/mTOR  Signaling,0.075903043544861,KEGG_2021_Human:Inflammatory bowel disease,1.0,0,527,zscreen_original_graph_v1:zel028_h1650:3011,zscreen_original_graph_v1
zel028_h1650,3161,3,0.8778503625294132,4.773824698497162,1.7011687554562242e-06,BB_7665146157,bb1,1.0,MSigDB_Hallmark_2020:Myc Targets V1,0.0745653528403928,Reactome_2022:Translation R-HSA-72766,0.0025454467928774,0,528,zscreen_original_graph_v1:zel028_h1650:3161,zscreen_original_graph_v1
zel028_h1650,3316,3,0.8899533445652049,4.8394723078997215,1.340446002031186e-06,BB_3064712138,bb4,1.0,MSigDB_Hallmark_2020:Myc Targets V1,0.0745653528403928,Reactome_2022:Caspase Activation Via Death Receptors In Presence Of Ligand R-HSA-140534,1.0,0,529,zscreen_original_graph_v1:zel028_h1650:3316,zscreen_original_graph_v1
zel028_h1650,3331,5,0.880014133917496,9.60981453589256,2.455991186563176e-21,BB_5929339909,bb4,1.0,KEGG_2021_Human:Parkinson disease,0.0001961252555471,Reactome_2022:Signal Regulatory Protein Family Interactions R-HSA-391160,0.1420177467018142,0,530,zscreen_original_graph_v1:zel028_h1650:3331,zscreen_original_graph_v1
zel028_h1650,3338,3,0.8179382605812707,4.448856334870183,6.139338590418463e-06,BB_7609608884,bb4,1.0,KEGG_2021_Human:Bacterial invasion of epithelial cells,0.075903043544861,KEGG_2021_Human:Rheumatoid arthritis,0.0461031594749681,0,531,zscreen_original_graph_v1:zel028_h1650:3338,zscreen_original_graph_v1
zel028_h1650,3429,5,0.8843053724887355,9.656469198735948,1.6025049749594837e-21,BB_6872744579,bb1,0.8,MSigDB_Hallmark_2020:Myc Targets V1,0.0026720754315707,KEGG_2021_Human:Arginine and proline metabolism,0.7817717129820352,0,532,zscreen_original_graph_v1:zel028_h1650:3429,zscreen_original_graph_v1
zel028_h1650,3441,9,0.8150344498051036,14.399910124874635,3.623161421430852e-46,BB_4697201234,bb3,1.0,MSigDB_Hallmark_2020:Myc Targets V1,6.833000075301533e-05,Reactome_2022:Glycogen Synthesis R-HSA-3322077,0.3216369519499581,0,533,zscreen_original_graph_v1:zel028_h1650:3441,zscreen_original_graph_v1
zel028_h1650,3454,3,0.8673527985377092,4.716885013833681,2.1648054551115394e-06,BB_6567642687,bb4,1.0,MSigDB_Hallmark_2020:Epithelial Mesenchymal Transition,0.114256691107149,KEGG_2021_Human:Fat digestion and absorption,0.8116289132049709,0,534,zscreen_original_graph_v1:zel028_h1650:3454,zscreen_original_graph_v1
zel028_h1650,3505,3,0.8413808455607176,4.576010920208403,3.6881244039191184e-06,BB_1998369695,bb4,1.0,KEGG_2021_Human:Oxidative phosphorylation,0.2125883026512001,Reactome_2022:Degradation Of Cysteine And Homocysteine R-HSA-1614558,0.0718796517450817,0,535,zscreen_original_graph_v1:zel028_h1650:3505,zscreen_original_graph_v1
zel028_h1650,3518,4,0.8029441942292251,6.619232858936954,5.5090178458097386e-11,BB_2725291112,bb1,0.75,KEGG_2021_Human:Pentose phosphate pathway,0.1342955631443613,Reactome_2022:COPI-mediated Anterograde Transport R-HSA-6807878,1.0,0,536,zscreen_original_graph_v1:zel028_h1650:3518,zscreen_original_graph_v1
zel028_h1650,3521,3,0.8610992454236075,4.68296520704568,2.4716476030719027e-06,BB_6946165266,bb4,1.0,Reactome_2022:Cellular Response To Chemical Stress R-HSA-9711123,0.0107677053920266,Reactome_2022:Metabolism Of Nucleotides R-HSA-15869,1.0,0,537,zscreen_original_graph_v1:zel028_h1650:3521,zscreen_original_graph_v1
zel028_h1650,3700,3,0.8598216319851328,4.676035322515701,2.538979058193228e-06,BB_0068057945,bb3,1.0,MSigDB_Hallmark_2020:Epithelial Mesenchymal Transition,0.0001057073492478,KEGG_2021_Human:Peroxisome,1.0,0,538,zscreen_original_graph_v1:zel028_h1650:3700,zscreen_original_graph_v1
zel028_h1650,3745,3,0.8097976386525749,4.404700905481911,7.418041601818642e-06,BB_4748925037,bb3,1.0,KEGG_2021_Human:Parkinson disease,0.0009563543533806,KEGG_2021_Human:Spliceosome,1.0,0,539,zscreen_original_graph_v1:zel028_h1650:3745,zscreen_original_graph_v1
zel028_h1650,3806,3,0.7913573707262819,4.304679315552761,1.1378269586089494e-05,BB_5929339909,bb4,1.0,KEGG_2021_Human:Huntington disease,0.020959252703753,KEGG_2021_Human:Glutathione metabolism,1.0,0,540,zscreen_original_graph_v1:zel028_h1650:3806,zscreen_original_graph_v1
zel028_h1650,3886,5,0.881773249772644,9.628939773457873,2.053086356045725e-21,BB_7767575353,bb3,1.0,KEGG_2021_Human:Antigen processing and presentation,0.0002186425936991,Reactome_2022:Selenocysteine Synthesis R-HSA-2408557,8.601677491281882e-11,0,541,zscreen_original_graph_v1:zel028_h1650:3886,zscreen_original_graph_v1
zel028_h1650,3906,3,0.8516567661324993,4.631748392011064,2.9879605043805854e-06,BB_8715425380,bb4,1.0,MSigDB_Hallmark_2020:Myc Targets V1,1.5788954724877929e-07,KEGG_2021_Human:Ribosome biogenesis in eukaryotes,1.0,0,542,zscreen_original_graph_v1:zel028_h1650:3906,zscreen_original_graph_v1
zel028_h1650,3909,6,0.8558581633721972,10.956551413209596,2.803726034112664e-27,BB_1702767752,bb1,0.5,MSigDB_Hallmark_2020:Myc Targets V1,0.0004393689660278,Reactome_2022:Peptide Chain Elongation R-HSA-156902,2.84163212619259e-05,0,543,zscreen_original_graph_v1:zel028_h1650:3909,zscreen_original_graph_v1
zel028_h1650,3945,3,0.8045755766629513,4.376375994748592,8.368696370354493e-06,BB_4350180461,bb1,1.0,MSigDB_Hallmark_2020:Myc Targets V1,0.0745653528403928,MSigDB_Hallmark_2020:mTORC1 Signaling,0.0053614142273981,0,544,zscreen_original_graph_v1:zel028_h1650:3945,zscreen_original_graph_v1
zel028_h1650,3958,4,0.8923178841816738,7.356101741690932,4.4552388175613353e-13,BB_0965953915,bb1,0.75,MSigDB_Hallmark_2020:Myc Targets V1,9.718424187370192e-06,Reactome_2022:Selenoamino Acid Metabolism R-HSA-2408522,2.318451832026434e-06,0,545,zscreen_original_graph_v1:zel028_h1650:3958,zscreen_original_graph_v1
zel028_h1650,3989,5,0.8711561338100019,9.51350970417064,6.146568979083477e-21,BB_6561792115,bb3,0.8,MSigDB_Hallmark_2020:Myc Targets V1,1.8531169888936197e-11,Reactome_2022:Glycogen Synthesis R-HSA-3322077,1.0,0,546,zscreen_original_graph_v1:zel028_h1650:3989,zscreen_original_graph_v1
zel028_h1650,4020,5,0.8834563072107693,9.647238098293052,1.7414694392149644e-21,BB_6290953361,bb1,1.0,MSigDB_Hallmark_2020:Myc Targets V1,9.718424187370192e-06,Reactome_2022:Selenocysteine Synthesis R-HSA-2408557,3.461673977405133e-28,0,547,zscreen_original_graph_v1:zel028_h1650:4020,zscreen_original_graph_v1
zel028_h1650,4025,3,0.8759653084297518,4.76360000388295,1.7698750554612349e-06,BB_4069834956,bb1,1.0,MSigDB_Hallmark_2020:Myc Targets V1,0.0124446265821246,KEGG_2021_Human:Estrogen signaling pathway,1.0,0,548,zscreen_original_graph_v1:zel028_h1650:4025,zscreen_original_graph_v1
zel028_h1650,4161,4,0.9138051693988364,7.533260275257251,1.2214521675163388e-13,BB_4811208063,bb1,0.75,KEGG_2021_Human:Antigen processing and presentation,0.0002940239680298,Reactome_2022:Eukaryotic Translation Termination R-HSA-72764,3.0455693940216026e-18,0,549,zscreen_original_graph_v1:zel028_h1650:4161,zscreen_original_graph_v1
zel028_h1650,4177,3,0.8252130531355185,4.488315431700501,5.24608864647057e-06,BB_7665146157,bb1,1.0,MSigDB_Hallmark_2020:mTORC1 Signaling,0.0299103111415836,KEGG_2021_Human:Ribosome,4.109007164059927e-12,0,550,zscreen_original_graph_v1:zel028_h1650:4177,zscreen_original_graph_v1
zel028_h1650,4268,4,0.8771469901856461,7.231020638793875,1.040373117424885e-12,BB_9151637064,bb4,1.0,Reactome_2022:Signaling By Interleukins R-HSA-449147,9.285317485669127e-05,KEGG_2021_Human:Ribosome,0.4796650803398361,0,551,zscreen_original_graph_v1:zel028_h1650:4268,zscreen_original_graph_v1
zel028_h1650,4340,7,0.8029479729943668,10.249390453288845,4.5084895626030796e-24,BB_8715425380,bb4,1.0,Reactome_2022:Uptake And Function Of Diphtheria Toxin R-HSA-5336415,0.0003514428784203,KEGG_2021_Human:Epithelial cell signaling in Helicobacter pylori infection,1.0,0,552,zscreen_original_graph_v1:zel028_h1650:4340,zscreen_original_graph_v1
zel028_h1650,4421,3,0.8749452753391337,4.75806725718362,1.812371708571856e-06,BB_6943918746,bb3,1.0,KEGG_2021_Human:Thyroid hormone synthesis,0.0137527279648425,Reactome_2022:GPCR Ligand Binding R-HSA-500792,0.0053108138810293,0,553,zscreen_original_graph_v1:zel028_h1650:4421,zscreen_original_graph_v1
zel028_h1650,4570,3,0.8741144251418754,4.7535606546735645,1.84646020677754e-06,BB_5797976733,bb4,1.0,KEGG_2021_Human:Huntington disease,0.0147373260696181,MSigDB_Hallmark_2020:UV Response Dn,1.0,0,554,zscreen_original_graph_v1:zel028_h1650:4570,zscreen_original_graph_v1
zel028_h1650,4674,3,0.8312712763685569,4.521175752512338,4.580442460222705e-06,BB_6943918746,bb3,1.0,KEGG_2021_Human:Dilated cardiomyopathy,0.0100650456100904,Reactome_2022:Sulfur Amino Acid Metabolism R-HSA-1614635,1.0,0,555,zscreen_original_graph_v1:zel028_h1650:4674,zscreen_original_graph_v1
zel028_h1650,4707,4,0.8445403047189788,6.962184788971437,6.00321847903411e-12,BB_5090328094,bb4,1.0,KEGG_2021_Human:Shigellosis,0.0002480539134968,Reactome_2022:Pyrimidine Catabolism R-HSA-73621,1.0,0,556,zscreen_original_graph_v1:zel028_h1650:4707,zscreen_original_graph_v1
zel028_h1650,4758,3,0.8170156997001744,4.4438522857694585,6.275092987868519e-06,BB_7767575353,bb3,1.0,MSigDB_Hallmark_2020:Estrogen Response Late,0.845028363013099,KEGG_2021_Human:Oxidative phosphorylation,0.2916525760521684,0,557,zscreen_original_graph_v1:zel028_h1650:4758,zscreen_original_graph_v1
zel028_h1650,4900,3,0.8322994629964455,4.526752724694975,4.48114683404352e-06,BB_2842970343,bb4,1.0,KEGG_2021_Human:Phagosome,0.0162559666081702,Reactome_2022:Macroautophagy R-HSA-1632852,0.9203123011782964,0,558,zscreen_original_graph_v1:zel028_h1650:4900,zscreen_original_graph_v1
zel028_h1650,4929,3,0.8487601317538287,4.616036799470429,3.1713009917733546e-06,BB_8290305979,bb1,1.0,Reactome_2022:AUF1 (hnRNP D0) Binds And Destabilizes mRNA R-HSA-450408,0.0149551555707918,MSigDB_Hallmark_2020:TNF-alpha Signaling via NF-kB,0.251629549802277,0,559,zscreen_original_graph_v1:zel028_h1650:4929,zscreen_original_graph_v1
zel028_h1650,4952,3,0.8812146382871249,4.792072817862424,1.6075670720595825e-06,BB_8713766777,bb3,1.0,Reactome_2022:Muscle Contraction R-HSA-397014,0.3730433424278953,Reactome_2022:GPCR Ligand Binding R-HSA-500792,0.0949749157546551,0,560,zscreen_original_graph_v1:zel028_h1650:4952,zscreen_original_graph_v1
zel028_h1650,4972,3,0.8981437048414618,4.883897522337939,1.1166013801016384e-06,BB_6167857113,bb4,1.0,KEGG_2021_Human:Fluid shear stress and atherosclerosis,0.0007130119925356,Reactome_2022:Unfolded Protein Response (UPR) R-HSA-381119,1.0,0,561,zscreen_original_graph_v1:zel028_h1650:4972,zscreen_original_graph_v1
zel028_h1650,5021,3,0.8487198488591515,4.615818301605394,3.169535828622709e-06,BB_5415608208,bb4,1.0,MSigDB_Hallmark_2020:Epithelial Mesenchymal Transition,0.0133879779744467,KEGG_2021_Human:Ribosome,5.45105190163781e-22,0,562,zscreen_original_graph_v1:zel028_h1650:5021,zscreen_original_graph_v1
zel028_h1650,5202,10,0.8505304724433319,17.677409305719245,7.164310746250824e-69,BB_4501961276,bb4,0.6,MSigDB_Hallmark_2020:mTORC1 Signaling,0.0029509310648885,Reactome_2022:Peptide Chain Elongation R-HSA-156902,0.0002730507364552,0,563,zscreen_original_graph_v1:zel028_h1650:5202,zscreen_original_graph_v1
zel028_h1650,5205,4,0.8553422106658329,7.0512444257717855,3.433960741170808e-12,BB_4639591781,bb4,1.0,KEGG_2021_Human:Prion disease,0.0043744989176852,KEGG_2021_Human:Basal transcription factors,1.0,0,564,zscreen_original_graph_v1:zel028_h1650:5205,zscreen_original_graph_v1
zel028_h1650,5233,3,0.820669973644164,4.463673380092787,5.786755523679405e-06,BB_3556381982,bb3,1.0,MSigDB_Hallmark_2020:Oxidative Phosphorylation,0.0124446265821246,Reactome_2022:Transport Of Mature mRNA Derived From An Intron-Containing Transcript R-HSA-159236,1.0,0,565,zscreen_original_graph_v1:zel028_h1650:5233,zscreen_original_graph_v1
zel028_h1650,5310,5,0.811654455658922,8.866603062493857,2.194769394727247e-18,BB_8713766777,bb3,1.0,MSigDB_Hallmark_2020:Myc Targets V1,0.0634107404694139,Reactome_2022:Smooth Muscle Contraction R-HSA-445355,1.0,0,566,zscreen_original_graph_v1:zel028_h1650:5310,zscreen_original_graph_v1
zel028_h1650,5445,3,0.8459157683459305,4.600608729144583,3.340211555081508e-06,BB_4923564262,bb1,1.0,MSigDB_Hallmark_2020:Estrogen Response Late,0.0600364740088667,Reactome_2022:Organelle Biogenesis And Maintenance R-HSA-1852241,1.0,0,567,zscreen_original_graph_v1:zel028_h1650:5445,zscreen_original_graph_v1
zel028_h1650,5490,3,0.8379514184340248,4.557409414247155,3.962836858118458e-06,BB_8243376230,bb1,1.0,Reactome_2022:Regulation Of IGF Transport And Uptake By IGFBPs R-HSA-381426,0.0023549460507362,KEGG_2021_Human:Oxidative phosphorylation,1.0,0,568,zscreen_original_graph_v1:zel028_h1650:5490,zscreen_original_graph_v1
zel028_h1650,5622,8,0.7691461796997846,11.667668961490175,9.388386548711589e-31,BB_5929339909,bb4,1.0,KEGG_2021_Human:Prion disease,1.7745232495089923e-06,Reactome_2022:FGFR1 Mutant Receptor Activation R-HSA-1839124,0.9145905894881268,0,569,zscreen_original_graph_v1:zel028_h1650:5622,zscreen_original_graph_v1
zel028_h1650,5706,3,0.8986352245321987,4.88656356716687,1.1039475004628932e-06,BB_5913790006,bb3,1.0,MSigDB_Hallmark_2020:Epithelial Mesenchymal Transition,0.0001057073492478,Reactome_2022:Pyrimidine Catabolism R-HSA-73621,1.0,0,570,zscreen_original_graph_v1:zel028_h1650:5706,zscreen_original_graph_v1
zel028_h1650,5787,21,0.8338309885625959,38.47257577142253,0.0,BB_9279669837,bb4,0.6190476190476191,KEGG_2021_Human:Shigellosis,0.0017311950743651,KEGG_2021_Human:Legionellosis,0.1010481920142934,0,571,zscreen_original_graph_v1:zel028_h1650:5787,zscreen_original_graph_v1
zel028_h1650,5940,3,0.7792990969001972,4.239274207302335,1.507432035763306e-05,BB_5033587669,bb1,1.0,KEGG_2021_Human:Parkinson disease,0.0074506692017765,Reactome_2022:ER-Phagosome Pathway R-HSA-1236974,0.5580165446828692,0,572,zscreen_original_graph_v1:zel028_h1650:5940,zscreen_original_graph_v1
zel028_h1650,5943,4,0.8534563901707916,7.035696198525097,3.7813710352691366e-12,BB_8943054758,bb3,0.75,KEGG_2021_Human:Prion disease,1.7745232495089923e-06,Reactome_2022:Nonsense Mediated Decay (NMD) Enhanced By Exon Junction Complex (EJC) R-HSA-975957,1.0,0,573,zscreen_original_graph_v1:zel028_h1650:5943,zscreen_original_graph_v1
zel028_h1650,6023,5,0.8579364648877371,9.369784486793286,2.345818731191741e-20,BB_8943054758,bb3,1.0,MSigDB_Hallmark_2020:mTORC1 Signaling,0.0222100214251979,Reactome_2022:MHC Class II Antigen Presentation R-HSA-2132295,1.0,0,574,zscreen_original_graph_v1:zel028_h1650:6023,zscreen_original_graph_v1
zel028_h1650,6124,3,0.8833990796940037,4.803921414829476,1.5390671000951363e-06,BB_3181956115,bb4,1.0,MSigDB_Hallmark_2020:mTORC1 Signaling,0.151806087089722,Reactome_2022:Caspase Activation Via Extrinsic Apoptotic Signaling Pathway R-HSA-5357769,0.575087673040801,0,575,zscreen_original_graph_v1:zel028_h1650:6124,zscreen_original_graph_v1
zel028_h1650,6338,4,0.8433016233903522,6.951972099675528,6.3637922691016566e-12,BB_8805984381,bb1,1.0,KEGG_2021_Human:Prion disease,0.0201294146232765,MSigDB_Hallmark_2020:mTORC1 Signaling,1.0,0,576,zscreen_original_graph_v1:zel028_h1650:6338,zscreen_original_graph_v1
zel028_h1650,6410,5,0.8228094150514975,8.98788060529474,7.599040026705794e-19,BB_6310246769,bb4,1.0,KEGG_2021_Human:Protein processing in endoplasmic reticulum,0.0005079414825141,KEGG_2021_Human:Ribosome,0.00851259176756,0,577,zscreen_original_graph_v1:zel028_h1650:6410,zscreen_original_graph_v1
zel028_h1650,6478,6,0.864529312241727,11.0681261884061,8.198192307795843e-28,BB_8135509566,bb4,1.0,MSigDB_Hallmark_2020:Myc Targets V1,0.0026720754315707,Reactome_2022:Formation Of A Pool Of Free 40S Subunits R-HSA-72689,6.576872695094323e-12,0,578,zscreen_original_graph_v1:zel028_h1650:6478,zscreen_original_graph_v1
zel028_h1650,6705,19,0.855808053250202,31.07904772004563,1.2932003304677005e-210,BB_8805984381,bb1,0.7368421052631579,KEGG_2021_Human:Parkinson disease,5.2722841465899693e-08,Reactome_2022:Anchoring Of Basal Body To Plasma Membrane R-HSA-5620912,1.0,0,579,zscreen_original_graph_v1:zel028_h1650:6705,zscreen_original_graph_v1
zel028_h1650,6846,3,0.8426991522218924,4.583161528257698,3.5752244516815324e-06,BB_8003855586,bb1,1.0,KEGG_2021_Human:Amyotrophic lateral sclerosis,0.0013514620176472,MSigDB_Hallmark_2020:Hypoxia,0.3965882051360196,0,580,zscreen_original_graph_v1:zel028_h1650:6846,zscreen_original_graph_v1
zel028_h1650,6900,4,0.7914507673771157,6.5244717652858535,9.845171119908784e-11,BB_9829174648,bb4,1.0,MSigDB_Hallmark_2020:Myc Targets V1,0.0026720754315707,Reactome_2022:Transcriptional Regulation Of White Adipocyte Differentiation R-HSA-381340,0.0631625859446659,0,581,zscreen_original_graph_v1:zel028_h1650:6900,zscreen_original_graph_v1
zel028_h1650,7035,3,0.8624616929681904,4.690355239020755,2.396511737807801e-06,BB_8741131108,bb1,1.0,MSigDB_Hallmark_2020:Myc Targets V1,0.0026720754315707,Reactome_2022:Complex I Biogenesis R-HSA-6799198,0.1866583407823146,0,582,zscreen_original_graph_v1:zel028_h1650:7035,zscreen_original_graph_v1
zel028_h1650,7337,4,0.8806739010355275,7.260099340354788,8.617561566909682e-13,BB_3795298929,bb4,0.75,MSigDB_Hallmark_2020:Epithelial Mesenchymal Transition,0.0133879779744467,Reactome_2022:GPCR Ligand Binding R-HSA-500792,1.0,0,583,zscreen_original_graph_v1:zel028_h1650:7337,zscreen_original_graph_v1
zel028_h1650,7461,3,0.8869957230074245,4.823429915685011,1.423829022953929e-06,BB_1685533675,bb4,1.0,KEGG_2021_Human:Amyotrophic lateral sclerosis,0.0330045504311142,Reactome_2022:Nucleotide Salvage R-HSA-8956321,0.6891321169494896,0,584,zscreen_original_graph_v1:zel028_h1650:7461,zscreen_original_graph_v1
zel028_h1650,7569,4,0.8459044471874866,6.973431881233393,5.622136156164364e-12,BB_2497342366,bb4,0.75,KEGG_2021_Human:Dilated cardiomyopathy,0.0100650456100904,KEGG_2021_Human:Ribosome,0.0012029652348629,0,585,zscreen_original_graph_v1:zel028_h1650:7569,zscreen_original_graph_v1
zel028_h1650,7747,3,0.8533059170192981,4.640693527428294,2.885086565592497e-06,BB_1376184322,bb3,1.0,Reactome_2022:Signaling By Interleukins R-HSA-449147,0.0922063189499363,Reactome_2022:TP53 Regulates Metabolic Genes R-HSA-5628897,0.6666634178318376,0,586,zscreen_original_graph_v1:zel028_h1650:7747,zscreen_original_graph_v1
zel028_h1650,7826,3,0.8550917406161672,4.6503799873108616,2.813181040898717e-06,BB_8741131108,bb1,1.0,MSigDB_Hallmark_2020:Myc Targets V1,6.833000075301533e-05,Reactome_2022:B-WICH Complex Positively Regulates rRNA Expression R-HSA-5250924,0.0137527279648425,0,587,zscreen_original_graph_v1:zel028_h1650:7826,zscreen_original_graph_v1
zel028_h1650,7842,3,0.8657432557187845,4.708154715963207,2.2394940645393342e-06,BB_9559837296,bb4,1.0,MSigDB_Hallmark_2020:Myc Targets V1,0.0147546553244425,Reactome_2022:Neutrophil Degranulation R-HSA-6798695,0.5603048524347672,0,588,zscreen_original_graph_v1:zel028_h1650:7842,zscreen_original_graph_v1
zel028_h1650,7953,7,0.8456522974673746,10.798630711283508,1.5164674433179987e-26,BB_6567642687,bb4,1.0,MSigDB_Hallmark_2020:Myc Targets V1,1.5788954724877929e-07,KEGG_2021_Human:Ribosome,0.001633438621289,0,589,zscreen_original_graph_v1:zel028_h1650:7953,zscreen_original_graph_v1
zel028_h1650,8004,5,0.869893758531596,9.499785066861826,6.966981193084074e-21,BB_8135509566,bb4,1.0,KEGG_2021_Human:Parkinson disease,0.0269720667523977,Reactome_2022:Selenoamino Acid Metabolism R-HSA-2408522,0.0001709891519145,0,590,zscreen_original_graph_v1:zel028_h1650:8004,zscreen_original_graph_v1
zel028_h1650,8117,4,0.7888903335177885,6.503361480611563,1.1140078980883847e-10,BB_2149000943,bb4,1.0,MSigDB_Hallmark_2020:Myc Targets V1,0.0147546553244425,Reactome_2022:Cytosolic Iron-Sulfur Cluster Assembly R-HSA-2564830,1.0,0,591,zscreen_original_graph_v1:zel028_h1650:8117,zscreen_original_graph_v1
zel028_h1650,8150,6,0.8484255728261573,10.860913611139772,7.816163546105148e-27,BB_6461549130,bb4,1.0,MSigDB_Hallmark_2020:Myc Targets V1,6.833000075301533e-05,KEGG_2021_Human:Spliceosome,1.0,0,592,zscreen_original_graph_v1:zel028_h1650:8150,zscreen_original_graph_v1
zel028_h1650,8168,3,0.8640462062626305,4.698949774610327,2.326265616107937e-06,BB_7549155266,bb3,1.0,Reactome_2022:Formation Of Tubulin Folding Intermediates By CCT/TriC R-HSA-389960,0.0071995540233111,Reactome_2022:Influenza Viral RNA Transcription And Replication R-HSA-168273,0.2908668740681599,0,593,zscreen_original_graph_v1:zel028_h1650:8168,zscreen_original_graph_v1
zel028_h1650,8189,3,0.8716664752140538,4.740282764958169,1.96447993103428e-06,BB_8942712460,bb4,1.0,KEGG_2021_Human:Antigen processing and presentation,0.1199460828492201,Reactome_2022:Regulation Of HSF1-mediated Heat Shock Response R-HSA-3371453,0.5513056935595917,0,594,zscreen_original_graph_v1:zel028_h1650:8189,zscreen_original_graph_v1
zel028_h1650,8337,3,0.7989558953921171,4.345894363036373,9.502060002735997e-06,BB_6317837957,bb1,1.0,Reactome_2022:Basigin Interactions R-HSA-210991,0.6654509796256104,Reactome_2022:Deregulated CDK5 Triggers Neurodegenerative Pathways In Alzheimers Disease Models R-HSA-8862803,1.0,0,595,zscreen_original_graph_v1:zel028_h1650:8337,zscreen_original_graph_v1
zel028_h1650,8360,3,0.8298841353847101,4.513651781211334,4.732068903873749e-06,BB_1702767752,bb1,1.0,MSigDB_Hallmark_2020:Myc Targets V1,0.0026720754315707,Reactome_2022:Viral mRNA Translation R-HSA-192823,6.321426736428377e-14,0,596,zscreen_original_graph_v1:zel028_h1650:8360,zscreen_original_graph_v1
zel028_h1650,8416,5,0.8569822184803307,9.35940984933886,2.571483332674013e-20,BB_2758189165,bb1,1.0,KEGG_2021_Human:Parkinson disease,0.0001961252555471,MSigDB_Hallmark_2020:TNF-alpha Signaling via NF-kB,0.6232100366423167,0,597,zscreen_original_graph_v1:zel028_h1650:8416,zscreen_original_graph_v1
zel028_h1650,8456,6,0.8212376030083433,10.511076275151742,3.1189341547783886e-25,BB_6567642687,bb4,0.6666666666666666,MSigDB_Hallmark_2020:Myc Targets V1,0.0147546553244425,KEGG_2021_Human:Ribosome,0.0542735850894634,0,598,zscreen_original_graph_v1:zel028_h1650:8456,zscreen_original_graph_v1
zel028_h1650,8545,4,0.835677055696184,6.889109005612018,9.517829732978112e-12,BB_6167857113,bb4,1.0,KEGG_2021_Human:Oxidative phosphorylation,7.329397712819109e-06,Reactome_2022:Loss Of MECP2 Binding Ability To NCoR/SMRT Complex R-HSA-9022537,1.0,0,599,zscreen_original_graph_v1:zel028_h1650:8545,zscreen_original_graph_v1
zel028_h1650,8563,3,0.9134172915734476,4.966742762708647,7.5844484142884e-07,BB_0197599538,bb4,1.0,KEGG_2021_Human:Prion disease,0.0248892531642493,Reactome_2022:SLBP Independent Processing Of Histone Pre-mRNAs R-HSA-111367,0.1940416875481427,0,600,zscreen_original_graph_v1:zel028_h1650:8563,zscreen_original_graph_v1
zel028_h1650,8584,6,0.8362362453855817,10.70406917340236,4.0869362058339884e-26,BB_9265511036,bb3,0.8333333333333334,MSigDB_Hallmark_2020:Epithelial Mesenchymal Transition,0.001271020824358,KEGG_2021_Human:Thyroid cancer,0.979222458871362,0,601,zscreen_original_graph_v1:zel028_h1650:8584,zscreen_original_graph_v1
zel028_h1650,8689,4,0.82479759385028,6.799409935341772,1.7117128102110197e-11,BB_2758189165,bb1,1.0,MSigDB_Hallmark_2020:E2F Targets,0.0566629268166784,KEGG_2021_Human:Estrogen signaling pathway,0.5863287847365264,0,602,zscreen_original_graph_v1:zel028_h1650:8689,zscreen_original_graph_v1
zel028_h1650,8897,4,0.8051966133116552,6.637803621021937,4.90245253161536e-11,BB_4831254958,bb3,0.75,KEGG_2021_Human:Amyotrophic lateral sclerosis,0.0069461403553022,KEGG_2021_Human:Ribosome,1.4331774274124008e-26,0,603,zscreen_original_graph_v1:zel028_h1650:8897,zscreen_original_graph_v1
zel028_h1650,9074,3,0.8281753774996421,4.50438333233892,4.936076357470621e-06,BB_1998369695,bb4,1.0,MSigDB_Hallmark_2020:Epithelial Mesenchymal Transition,0.0133879779744467,Reactome_2022:HSF1 Activation R-HSA-3371511,0.469932072707216,0,604,zscreen_original_graph_v1:zel028_h1650:9074,zscreen_original_graph_v1
zel028_h1650,9132,3,0.8485753997060009,4.615034797047879,3.1662453304334667e-06,BB_1039036398,bb3,1.0,MSigDB_Hallmark_2020:Myc Targets V1,9.718424187370192e-06,MSigDB_Hallmark_2020:Hypoxia,0.0021337216635108,0,605,zscreen_original_graph_v1:zel028_h1650:9132,zscreen_original_graph_v1
zel028_h1650,9171,4,0.807360100907804,6.655641160108377,4.3698793534510156e-11,BB_0965953915,bb1,1.0,KEGG_2021_Human:Prion disease,0.0018626673004441,Reactome_2022:Fanconi Anemia Pathway R-HSA-6783310,1.0,0,606,zscreen_original_graph_v1:zel028_h1650:9171,zscreen_original_graph_v1
zel028_h1650,9174,5,0.8203355169743004,8.960984202593176,9.644217670401384e-19,BB_3406231744,bb4,0.8,KEGG_2021_Human:Oxidative phosphorylation,0.0059208093700551,Reactome_2022:Attenuation Phase R-HSA-3371568,1.0,0,607,zscreen_original_graph_v1:zel028_h1650:9174,zscreen_original_graph_v1
zel028_h1650,9216,3,0.8399132344776441,4.568050472208765,3.8074307031304688e-06,BB_5693738549,bb3,1.0,MSigDB_Hallmark_2020:Unfolded Protein Response,0.0149551555707918,Reactome_2022:Nonsense Mediated Decay (NMD) Enhanced By Exon Junction Complex (EJC) R-HSA-975957,0.1019340312454541,0,608,zscreen_original_graph_v1:zel028_h1650:9216,zscreen_original_graph_v1
zel028_h1650,9232,6,0.8134773673289747,10.411222545914088,8.668586124031283e-25,BB_8243376230,bb1,0.8333333333333334,KEGG_2021_Human:Protein processing in endoplasmic reticulum,0.0005079414825141,Reactome_2022:Peptide Chain Elongation R-HSA-156902,1.2642853472856752e-14,0,609,zscreen_original_graph_v1:zel028_h1650:9232,zscreen_original_graph_v1
zel028_h1650,9497,4,0.8636097467427423,7.119408670476929,2.2006011950985684e-12,BB_8713766777,bb3,1.0,Reactome_2022:Neutrophil Degranulation R-HSA-6798695,0.4644110192574823,Reactome_2022:Cellular Response To Starvation R-HSA-9711097,0.4658156857379272,0,610,zscreen_original_graph_v1:zel028_h1650:9497,zscreen_original_graph_v1
zel028_h1650,9542,4,0.8209515093074886,6.767699708075427,2.098119354283261e-11,BB_9151637064,bb4,1.0,"Reactome_2022:Respiratory Electron Transport, ATP Synthesis By Chemiosmotic Coupling, Heat Production By Uncoupling Proteins R-HSA-163200",0.0067640907742441,Reactome_2022:Degradation Of Cysteine And Homocysteine R-HSA-1614558,1.0,0,611,zscreen_original_graph_v1:zel028_h1650:9542,zscreen_original_graph_v1
zel028_h1650,9940,4,0.8922790010163645,7.355781157472078,4.4451737365415963e-13,BB_6943918746,bb3,1.0,MSigDB_Hallmark_2020:Myc Targets V1,0.0004448231866923,Reactome_2022:Response Of EIF2AK4 (GCN2) To Amino Acid Deficiency R-HSA-9633012,0.0741338409057848,0,612,zscreen_original_graph_v1:zel028_h1650:9940,zscreen_original_graph_v1
zel028_h1650,10002,3,0.8486491803426205,4.615434989529365,3.165214207268297e-06,BB_4429999241,bb1,0.6666666666666666,MSigDB_Hallmark_2020:Hypoxia,2.829714865732408e-05,Reactome_2022:Striated Muscle Contraction R-HSA-390522,1.0,0,613,zscreen_original_graph_v1:zel028_h1650:10002,zscreen_original_graph_v1
zel028_h1650,10191,3,0.8871842523503884,4.824452514961059,1.419388316417256e-06,BB_4944521105,bb1,1.0,KEGG_2021_Human:Prion disease,0.0007028857568407,Reactome_2022:Scavenging By Class A Receptors R-HSA-3000480,0.0718796517450817,0,614,zscreen_original_graph_v1:zel028_h1650:10191,zscreen_original_graph_v1
zel028_h1650,10317,4,0.8267014892035144,6.815107186317588,1.5448349170659732e-11,BB_0772210188,bb1,1.0,KEGG_2021_Human:Prion disease,0.0029604046850275,Reactome_2022:Binding And Uptake Of Ligands By Scavenger Receptors R-HSA-2173782,0.7105047603081853,0,615,zscreen_original_graph_v1:zel028_h1650:10317,zscreen_original_graph_v1
zel028_h1650,10448,3,0.7963020720441963,4.331499798287579,1.0103913476999408e-05,BB_9254267248,bb1,0.6666666666666666,KEGG_2021_Human:Prion disease,0.0037253346008882,Reactome_2022:Mitochondrial Translation Initiation R-HSA-5368286,0.0200121580029555,0,616,zscreen_original_graph_v1:zel028_h1650:10448,zscreen_original_graph_v1
zel028_h1650,10552,3,0.8936296519679741,4.859412913587395,1.2324167997607888e-06,BB_6595555472,bb1,1.0,MSigDB_Hallmark_2020:Epithelial Mesenchymal Transition,0.001271020824358,Reactome_2022:TP53 Regulates Transcription Of Death Receptors And Ligands R-HSA-6803211,1.0,0,617,zscreen_original_graph_v1:zel028_h1650:10552,zscreen_original_graph_v1
zel028_h1650,10698,3,0.8674707678114952,4.717524889261416,2.16189137439448e-06,BB_4923564262,bb1,1.0,MSigDB_Hallmark_2020:Myc Targets V1,0.0004448231866923,MSigDB_Hallmark_2020:TNF-alpha Signaling via NF-kB,1.0,0,618,zscreen_original_graph_v1:zel028_h1650:10698,zscreen_original_graph_v1
zel028_h1650,10742,4,0.7966178294502746,6.567073198201903,7.598973983010476e-11,BB_5929339909,bb4,1.0,MSigDB_Hallmark_2020:Myc Targets V1,0.0004448231866923,Reactome_2022:TP53 Regulates Transcription Of Additional Cell Death Genes With Uncertain Roles In P53-Dependent Apoptosis R-HSA-6803205,1.0,0,619,zscreen_original_graph_v1:zel028_h1650:10742,zscreen_original_graph_v1
zel028_h1650,10942,4,0.8691875567918409,7.1653966414478045,1.607090295863943e-12,BB_7696656032,bb3,0.75,MSigDB_Hallmark_2020:Oxidative Phosphorylation,0.0186748448286939,Reactome_2022:Repression Of WNT Target Genes R-HSA-4641265,1.0,0,620,zscreen_original_graph_v1:zel028_h1650:10942,zscreen_original_graph_v1
zel028_h1650,11121,3,0.8928102533725412,4.8549684255447865,1.2525699216369634e-06,BB_2579054681,bb1,1.0,KEGG_2021_Human:Parkinson disease,0.0012611968044395,MSigDB_Hallmark_2020:Hypoxia,0.2632541244243513,0,621,zscreen_original_graph_v1:zel028_h1650:11121,zscreen_original_graph_v1
zel028_h1650,11770,3,0.8541170066750093,4.645092947071413,2.866857976334353e-06,BB_4697201234,bb3,1.0,MSigDB_Hallmark_2020:Myc Targets V1,6.833000075301533e-05,Reactome_2022:Processing Of Capped Intron-Containing Pre-mRNA R-HSA-72203,1.0,0,622,zscreen_original_graph_v1:zel028_h1650:11770,zscreen_original_graph_v1
zel028_h1650,11858,3,0.851227875311789,4.62942205152811,3.0118640848304977e-06,BB_7205283989,bb4,1.0,MSigDB_Hallmark_2020:Myc Targets V1,0.0026720754315707,Reactome_2022:MAPK6/MAPK4 Signaling R-HSA-5687128,0.2403177865748273,0,623,zscreen_original_graph_v1:zel028_h1650:11858,zscreen_original_graph_v1
zel028_h1650,11927,3,0.8671239458454663,4.71564369726338,2.17025405030958e-06,BB_8003855586,bb1,1.0,KEGG_2021_Human:Parkinson disease,3.732900530129178e-06,MSigDB_Hallmark_2020:TNF-alpha Signaling via NF-kB,0.251629549802277,0,624,zscreen_original_graph_v1:zel028_h1650:11927,zscreen_original_graph_v1
zel028_h1650,12000,4,0.8454946508020346,6.970053188859101,5.738110245928046e-12,BB_5929339909,bb4,1.0,KEGG_2021_Human:Protein processing in endoplasmic reticulum,0.1902329616518456,KEGG_2021_Human:Legionellosis,0.1759979599337835,0,625,zscreen_original_graph_v1:zel028_h1650:12000,zscreen_original_graph_v1
zel028_h1650,12049,5,0.836311439205056,9.13467560961108,2.0140969238009841e-19,BB_9559837296,bb4,1.0,MSigDB_Hallmark_2020:mTORC1 Signaling,0.0001322752185281,Reactome_2022:Selenocysteine Synthesis R-HSA-2408557,0.1019340312454541,0,626,zscreen_original_graph_v1:zel028_h1650:12049,zscreen_original_graph_v1
zel028_h1650,12561,3,0.8608358083070106,4.681536301600613,2.484628186815943e-06,BB_7549155266,bb3,1.0,"Reactome_2022:Respiratory Electron Transport, ATP Synthesis By Chemiosmotic Coupling, Heat Production By Uncoupling Proteins R-HSA-163200",8.549402501662878e-07,Reactome_2022:RHOV GTPase Cycle R-HSA-9013424,1.0,0,627,zscreen_original_graph_v1:zel028_h1650:12561,zscreen_original_graph_v1
zel028_h1650,12672,3,0.8548609583674275,4.649128204661139,2.8255417725608063e-06,BB_8579790415,bb3,1.0,KEGG_2021_Human:Shigellosis,0.0124446265821246,MSigDB_Hallmark_2020:TNF-alpha Signaling via NF-kB,1.0,0,628,zscreen_original_graph_v1:zel028_h1650:12672,zscreen_original_graph_v1
zel028_h1650,13104,4,0.8543558571725995,7.043112130943787,3.6127627559404642e-12,BB_8741131108,bb1,0.75,Reactome_2022:Neutrophil Degranulation R-HSA-6798695,0.0884054449812737,Reactome_2022:Autodegradation Of Cdh1 By Cdh1:APC/C R-HSA-174084,0.9354236105192258,0,629,zscreen_original_graph_v1:zel028_h1650:13104,zscreen_original_graph_v1
zel028_h1650,13792,4,0.9410421471208807,7.757823917581028,2.2308663067146322e-14,BB_4179173119,bb3,1.0,MSigDB_Hallmark_2020:Myc Targets V1,0.0004448231866923,Reactome_2022:Nonsense Mediated Decay (NMD) Enhanced By Exon Junction Complex (EJC) R-HSA-975957,1.6845123346240206e-06,0,630,zscreen_original_graph_v1:zel028_h1650:13792,zscreen_original_graph_v1
zel028_h1650,13880,3,0.7953827003726112,4.32651304773193,1.032129694207246e-05,BB_0965953915,bb1,1.0,KEGG_2021_Human:Shigellosis,0.0125463957421861,KEGG_2021_Human:Ribosome biogenesis in eukaryotes,1.0,0,631,zscreen_original_graph_v1:zel028_h1650:13880,zscreen_original_graph_v1
zel028_h1650,14191,3,0.8480345645026421,4.612101260661866,3.1959318533020706e-06,BB_0502010716,bb4,1.0,Reactome_2022:Complex I Biogenesis R-HSA-6799198,0.0952376311188339,Reactome_2022:RHOF GTPase Cycle R-HSA-9035034,0.1250336423839201,0,632,zscreen_original_graph_v1:zel028_h1650:14191,zscreen_original_graph_v1
zel028_h1650,14354,3,0.8787617205199321,4.778767982161515,1.678706840228537e-06,BB_1842841152,bb3,1.0,KEGG_2021_Human:Legionellosis,3.18235512329084e-05,Reactome_2022:Mitochondrial Translation Elongation R-HSA-5389840,0.1463451513378923,0,633,zscreen_original_graph_v1:zel028_h1650:14354,zscreen_original_graph_v1
zel028_h1650,14883,5,0.9260572041331868,10.110398197585136,1.799629726623859e-23,BB_7276621276,bb3,0.8,MSigDB_Hallmark_2020:Myc Targets V1,6.833000075301533e-05,Reactome_2022:Viral mRNA Translation R-HSA-192823,1.005984577666987e-07,0,634,zscreen_original_graph_v1:zel028_h1650:14883,zscreen_original_graph_v1
zel028_h1650,14971,3,0.8534940804826604,4.6417141421420975,2.8803756994413305e-06,BB_6290953361,bb1,1.0,KEGG_2021_Human:Thyroid hormone synthesis,0.1159469876007101,MSigDB_Hallmark_2020:mTORC1 Signaling,1.0,0,635,zscreen_original_graph_v1:zel028_h1650:14971,zscreen_original_graph_v1
zel028_h1650,15258,3,0.8856995744413668,4.816399495038215,1.463170356786295e-06,BB_8516334188,bb3,1.0,MSigDB_Hallmark_2020:Epithelial Mesenchymal Transition,0.0001057073492478,KEGG_2021_Human:Ribosome biogenesis in eukaryotes,0.6666634178318376,0,636,zscreen_original_graph_v1:zel028_h1650:15258,zscreen_original_graph_v1
zel028_h1650,15418,4,0.7295192098367956,6.013857985814179,2.458589547613617e-09,BB_9724540281,bb3,1.0,KEGG_2021_Human:Parkinson disease,5.285778181302666e-11,MSigDB_Hallmark_2020:IL-6/JAK/STAT3 Signaling,1.0,0,637,zscreen_original_graph_v1:zel028_h1650:15418,zscreen_original_graph_v1
zel028_h1650,15615,3,0.8809655740469878,4.790721872128199,1.6121929125865715e-06,BB_9151637064,bb4,1.0,KEGG_2021_Human:Prion disease,0.0001037058550517,Reactome_2022:Amyloid Fiber Formation R-HSA-977225,1.0,0,638,zscreen_original_graph_v1:zel028_h1650:15615,zscreen_original_graph_v1
zel028_h1650,16377,4,0.869146457756406,7.165057787805986,1.6044677189349912e-12,BB_2758189165,bb1,0.75,Reactome_2022:Translation R-HSA-72766,0.0561054954690405,Reactome_2022:Zinc Influx Into Cells By SLC39 Gene Family R-HSA-442380,1.0,0,639,zscreen_original_graph_v1:zel028_h1650:16377,zscreen_original_graph_v1
zel028_h1650,16380,4,0.8496923927771652,7.00466276401427,4.6340988959194086e-12,BB_2758189165,bb1,0.75,KEGG_2021_Human:Prion disease,0.3054660939520957,Reactome_2022:Cyclin A/B1/B2 Associated Events During G2/M Transition R-HSA-69273,1.0,0,640,zscreen_original_graph_v1:zel028_h1650:16380,zscreen_original_graph_v1
zel028_h1650,17681,3,0.8169629332877753,4.443566076236922,6.274600402106017e-06,BB_0068057945,bb3,1.0,KEGG_2021_Human:Prion disease,0.0649949859033221,Reactome_2022:Autophagy R-HSA-9612973,1.0,0,641,zscreen_original_graph_v1:zel028_h1650:17681,zscreen_original_graph_v1
zel028_h1650,19601,3,0.93218780446241,5.068555629552226,4.5974003970086724e-07,BB_4437896146,bb1,1.0,KEGG_2021_Human:Shigellosis,0.0766024652378073,Reactome_2022:Metabolism Of Nucleotides R-HSA-15869,0.4476425657590062,0,642,zscreen_original_graph_v1:zel028_h1650:19601,zscreen_original_graph_v1
zel028_hek293,21,5,0.8968930246443426,5.589191706871565,2.8431422673756533e-08,BB_9151637064,bb4,1.0,MSigDB_Hallmark_2020:Myc Targets V1,1.379798340459942e-13,Reactome_2022:Selenocysteine Synthesis R-HSA-2408557,1.1085139245647262e-49,0,643,zscreen_original_graph_v1:zel028_hek293:21,zscreen_original_graph_v1
zel028_hek293,59,3,0.9271947091217976,3.6081411797093534,0.000197555634604,BB_9254267248,bb1,0.6666666666666666,MSigDB_Hallmark_2020:Myc Targets V1,1.8127949542997084e-08,Reactome_2022:Selenocysteine Synthesis R-HSA-2408557,6.992571454999694e-44,0,644,zscreen_original_graph_v1:zel028_hek293:59,zscreen_original_graph_v1
zel028_hek293,103,4,0.8451870630798987,4.532394641918867,4.389162699017171e-06,BB_6310246769,bb4,1.0,Reactome_2022:Role Of GTSE1 In G2/M Progression After G2 Checkpoint R-HSA-8852276,0.0542150776090877,MSigDB_Hallmark_2020:E2F Targets,0.0566629268166784,0,645,zscreen_original_graph_v1:zel028_hek293:103,zscreen_original_graph_v1
zel028_hek293,117,3,0.8664747212583283,3.3730764956839745,0.0003964705058533,BB_6163126056,bb3,1.0,MSigDB_Hallmark_2020:Myc Targets V1,1.0898132706004602e-14,Reactome_2022:Selenocysteine Synthesis R-HSA-2408557,8.702150477915127e-46,0,646,zscreen_original_graph_v1:zel028_hek293:117,zscreen_original_graph_v1
zel028_hek293,148,29,0.8761896067225,31.53866919789623,7.595071841674404e-217,BB_6163126056,bb3,0.2758620689655172,MSigDB_Hallmark_2020:Myc Targets V1,5.730999377238075e-17,Reactome_2022:Peptide Chain Elongation R-HSA-156902,2.0635921659108842e-66,0,647,zscreen_original_graph_v1:zel028_hek293:148,zscreen_original_graph_v1
zel028_hek293,195,8,0.9062747993109888,9.172831924404102,1.432030182297976e-19,BB_1274079422,bb4,0.625,MSigDB_Hallmark_2020:Myc Targets V1,1.5788954724877929e-07,Reactome_2022:Peptide Chain Elongation R-HSA-156902,1.1342512497373301e-51,0,648,zscreen_original_graph_v1:zel028_hek293:195,zscreen_original_graph_v1
zel028_hek293,203,4,0.9043096876172876,4.846281051423801,1.3005940054880014e-06,BB_8332071132,bb1,1.0,KEGG_2021_Human:Parkinson disease,0.0074506692017765,Reactome_2022:Formation Of A Pool Of Free 40S Subunits R-HSA-72689,3.2247964804417088e-12,0,649,zscreen_original_graph_v1:zel028_hek293:203,zscreen_original_graph_v1
zel028_hek293,227,6,0.9230581230517932,7.215066134483478,1.1649168463225293e-12,BB_3181956115,bb4,0.8333333333333334,MSigDB_Hallmark_2020:Myc Targets V1,8.12823762147328e-16,Reactome_2022:Peptide Chain Elongation R-HSA-156902,8.179092294970425e-58,0,650,zscreen_original_graph_v1:zel028_hek293:227,zscreen_original_graph_v1
zel028_hek293,268,5,0.8952415785195402,5.579020405128844,2.9996306262823806e-08,BB_6461549130,bb4,1.0,MSigDB_Hallmark_2020:Myc Targets V1,6.833000075301533e-05,KEGG_2021_Human:Ribosome,1.7989264668197227e-05,0,651,zscreen_original_graph_v1:zel028_hek293:268,zscreen_original_graph_v1
zel028_hek293,273,4,0.934271911842806,5.005352727563317,6.323215034461933e-07,BB_4350180461,bb1,1.0,MSigDB_Hallmark_2020:Myc Targets V1,1.9602482427051839e-10,KEGG_2021_Human:Ribosome,8.021210822214933e-34,0,652,zscreen_original_graph_v1:zel028_hek293:273,zscreen_original_graph_v1
zel028_hek293,278,6,0.919874213870338,7.190030224183228,1.3703869749097538e-12,BB_3734996210,bb4,0.8333333333333334,MSigDB_Hallmark_2020:Myc Targets V1,2.4165132863902857e-19,Reactome_2022:Peptide Chain Elongation R-HSA-156902,2.2685024994746602e-51,0,653,zscreen_original_graph_v1:zel028_hek293:278,zscreen_original_graph_v1
zel028_hek293,291,3,0.9496691631058546,3.6951463094910704,0.0001442624021134,BB_5090328094,bb4,1.0,MSigDB_Hallmark_2020:Myc Targets V1,9.718424187370192e-06,Reactome_2022:Selenocysteine Synthesis R-HSA-2408557,1.2153992137763924e-82,0,654,zscreen_original_graph_v1:zel028_hek293:291,zscreen_original_graph_v1
zel028_hek293,300,12,0.8683457599272463,14.393552811430638,3.917742505843416e-46,BB_0047100301,bb4,0.75,KEGG_2021_Human:Parkinson disease,5.2722841465899693e-08,Reactome_2022:Degradation Of Cysteine And Homocysteine R-HSA-1614558,1.0,0,655,zscreen_original_graph_v1:zel028_hek293:300,zscreen_original_graph_v1
zel028_hek293,349,7,0.9216740441945608,8.93459807669647,1.2032796365187233e-18,BB_3795298929,bb4,0.8571428571428571,MSigDB_Hallmark_2020:Myc Targets V1,1.8127949542997084e-08,Reactome_2022:Peptide Chain Elongation R-HSA-156902,6.418951476315608e-60,0,656,zscreen_original_graph_v1:zel028_hek293:349,zscreen_original_graph_v1
zel028_hek293,365,3,0.9197853209314588,3.5794572890323737,0.0002166991710994,BB_0502010716,bb4,1.0,MSigDB_Hallmark_2020:Myc Targets V1,6.833000075301533e-05,Reactome_2022:HSF1 Activation R-HSA-3371511,0.469932072707216,0,657,zscreen_original_graph_v1:zel028_hek293:365,zscreen_original_graph_v1
zel028_hek293,395,12,0.8764861787936694,14.529645348859434,5.737451643618365e-47,BB_2725291112,bb1,0.75,KEGG_2021_Human:Parkinson disease,2.812720335203134e-05,Reactome_2022:Major Pathway Of rRNA Processing In Nucleolus And Cytosol R-HSA-6791226,5.751393815023834e-05,0,658,zscreen_original_graph_v1:zel028_hek293:395,zscreen_original_graph_v1
zel028_hek293,481,3,0.9387677085136412,3.652943616946111,0.0001688654148623,BB_0657779575,bb4,1.0,MSigDB_Hallmark_2020:Myc Targets V1,1.0,Reactome_2022:SRP-dependent Cotranslational Protein Targeting To Membrane R-HSA-1799339,1.6236643933331088e-13,0,659,zscreen_original_graph_v1:zel028_hek293:481,zscreen_original_graph_v1
zel028_hek293,488,3,0.913859926058702,3.556518366899813,0.0002324526004738,BB_7882633117,bb3,1.0,KEGG_2021_Human:One carbon pool by folate,0.0359263376415587,Reactome_2022:GTP Hydrolysis And Joining Of 60S Ribosomal Subunit R-HSA-72706,0.2970548510083095,0,660,zscreen_original_graph_v1:zel028_hek293:488,zscreen_original_graph_v1
zel028_hek293,535,5,0.8587522151002652,5.354281420209393,1.0081394475980957e-07,BB_3244550444,bb1,0.8,MSigDB_Hallmark_2020:Myc Targets V1,1.6476271550783957e-12,Reactome_2022:Peptide Chain Elongation R-HSA-156902,5.26520112709925e-42,0,661,zscreen_original_graph_v1:zel028_hek293:535,zscreen_original_graph_v1
zel028_hek293,630,8,0.902764020558928,9.13647671020736,1.992998652672709e-19,BB_5090328094,bb4,1.0,MSigDB_Hallmark_2020:Myc Targets V1,1.283667667305466e-06,Reactome_2022:Peptide Chain Elongation R-HSA-156902,6.8437797089565936e-71,0,662,zscreen_original_graph_v1:zel028_hek293:630,zscreen_original_graph_v1
zel028_hek293,646,3,0.9308256594713716,3.622197641620277,0.0001883198297288,BB_3795298929,bb4,1.0,"Reactome_2022:Respiratory Electron Transport, ATP Synthesis By Chemiosmotic Coupling, Heat Production By Uncoupling Proteins R-HSA-163200",8.549402501662878e-07,MSigDB_Hallmark_2020:E2F Targets,0.0015858893920501,0,663,zscreen_original_graph_v1:zel028_hek293:646,zscreen_original_graph_v1
zel028_hek293,742,3,0.89763765828002,3.493717263280601,0.0002808428725258,BB_7253871423,bb4,1.0,Reactome_2022:rRNA Processing In Nucleus And Cytosol R-HSA-8868773,0.3795496713300231,Reactome_2022:Regulation Of Expression Of SLITs And ROBOs R-HSA-9010553,6.218256455186682e-19,0,664,zscreen_original_graph_v1:zel028_hek293:742,zscreen_original_graph_v1
zel028_hek293,789,4,0.9560958537530811,5.121217657800445,3.489657394127628e-07,BB_2842970343,bb4,1.0,MSigDB_Hallmark_2020:Myc Targets V1,1.283667667305466e-06,Reactome_2022:Viral mRNA Translation R-HSA-192823,1.0593594978240941e-44,0,665,zscreen_original_graph_v1:zel028_hek293:789,zscreen_original_graph_v1
zel028_hek293,802,3,0.8895829875244212,3.462535296638075,0.0003044392680138,BB_7665146157,bb1,1.0,MSigDB_Hallmark_2020:Myc Targets V1,0.0004448231866923,KEGG_2021_Human:Ribosome,1.0385021932215398e-27,0,666,zscreen_original_graph_v1:zel028_hek293:802,zscreen_original_graph_v1
zel028_hek293,814,4,0.8740584929041968,4.685675209480471,2.447663225290964e-06,BB_0502010716,bb4,1.0,MSigDB_Hallmark_2020:Myc Targets V1,0.0124446265821246,Reactome_2022:Influenza Infection R-HSA-168255,0.000550318609102,0,667,zscreen_original_graph_v1:zel028_hek293:814,zscreen_original_graph_v1
zel028_hek293,842,3,0.8805070762403617,3.4273998117129643,0.0003397878535343,BB_9829174648,bb4,1.0,Reactome_2022:RNA Polymerase III Chain Elongation R-HSA-73780,0.0377004135258679,Reactome_2022:Peptide Chain Elongation R-HSA-156902,1.8301158172878002e-21,0,668,zscreen_original_graph_v1:zel028_hek293:842,zscreen_original_graph_v1
zel028_hek293,855,4,0.868302962448347,4.655118670359978,2.777348526137052e-06,BB_7622047569,bb4,1.0,Reactome_2022:Formation Of A Pool Of Free 40S Subunits R-HSA-72689,1.2229500954501378e-10,KEGG_2021_Human:Parkinson disease,4.648578026778226e-12,0,669,zscreen_original_graph_v1:zel028_hek293:855,zscreen_original_graph_v1
zel028_hek293,903,4,0.9003886060402294,4.82546373779422,1.4178994292322083e-06,BB_9151637064,bb4,1.0,MSigDB_Hallmark_2020:Myc Targets V1,0.0745653528403928,Reactome_2022:Attenuation Phase R-HSA-3371568,1.0,0,670,zscreen_original_graph_v1:zel028_hek293:903,zscreen_original_graph_v1
zel028_hek293,939,5,0.88755954719601,5.531706564601343,3.8662229929130434e-08,BB_3993285124,bb1,0.6,MSigDB_Hallmark_2020:Myc Targets V1,1.283667667305466e-06,Reactome_2022:Peptide Chain Elongation R-HSA-156902,4.299532282237202e-26,0,671,zscreen_original_graph_v1:zel028_hek293:939,zscreen_original_graph_v1
zel028_hek293,1056,5,0.913962887550561,5.6943254582658485,1.6454834355260012e-08,BB_7609608884,bb4,0.8,MSigDB_Hallmark_2020:Myc Targets V1,1.283667667305466e-06,Reactome_2022:Formation Of A Pool Of Free 40S Subunits R-HSA-72689,1.8716803718044682e-07,0,672,zscreen_original_graph_v1:zel028_hek293:1056,zscreen_original_graph_v1
zel028_hek293,1198,6,0.9042674104987424,7.067309849003966,3.0947809605839613e-12,BB_6290953361,bb1,1.0,MSigDB_Hallmark_2020:Myc Targets V1,0.0745653528403928,MSigDB_Hallmark_2020:Coagulation,1.0,0,673,zscreen_original_graph_v1:zel028_hek293:1198,zscreen_original_graph_v1
zel028_hek293,1203,5,0.9066775549869815,5.649454896224896,2.078001418821016e-08,BB_4748925037,bb3,0.8,MSigDB_Hallmark_2020:Myc Targets V1,1.8127949542997084e-08,KEGG_2021_Human:Ribosome,2.87078109422522e-56,0,674,zscreen_original_graph_v1:zel028_hek293:1203,zscreen_original_graph_v1
zel028_hek293,1259,12,0.8722456526113338,14.458751703500754,1.5879336445146071e-46,BB_2296671906,bb1,0.4166666666666667,MSigDB_Hallmark_2020:Myc Targets V1,8.228309084398787e-22,Reactome_2022:Selenocysteine Synthesis R-HSA-2408557,8.179092294970425e-58,0,675,zscreen_original_graph_v1:zel028_hek293:1259,zscreen_original_graph_v1
zel028_hek293,1338,3,0.89586161219461,3.4868416737659897,0.0002854883631353,BB_3258452724,bb1,1.0,KEGG_2021_Human:Spinocerebellar ataxia,0.0372826764201964,Reactome_2022:Selenoamino Acid Metabolism R-HSA-2408522,2.583971795571292e-28,0,676,zscreen_original_graph_v1:zel028_hek293:1338,zscreen_original_graph_v1
zel028_hek293,1496,3,0.9182002003407544,3.573320827483108,0.0002207399464702,BB_8839574583,bb3,1.0,Reactome_2022:RHOV GTPase Cycle R-HSA-9013424,1.0,MSigDB_Hallmark_2020:DNA Repair,0.0281667275453378,0,677,zscreen_original_graph_v1:zel028_hek293:1496,zscreen_original_graph_v1
zel028_hek293,1575,6,0.8938893011727568,6.9857040621037285,5.208302535541999e-12,BB_6886151638,bb4,0.8333333333333334,MSigDB_Hallmark_2020:Myc Targets V1,1.6476271550783957e-12,Reactome_2022:Selenocysteine Synthesis R-HSA-2408557,3.22637245498819e-64,0,678,zscreen_original_graph_v1:zel028_hek293:1575,zscreen_original_graph_v1
zel028_hek293,1681,5,0.9010151787185552,5.614580166288501,2.5052947395090573e-08,BB_5136219807,bb4,1.0,MSigDB_Hallmark_2020:Myc Targets V1,1.5788954724877929e-07,Reactome_2022:Peptide Chain Elongation R-HSA-156902,2.4562056808426724e-38,0,679,zscreen_original_graph_v1:zel028_hek293:1681,zscreen_original_graph_v1
zel028_hek293,1776,12,0.8767240346640844,14.533621852953177,5.493456924113893e-47,BB_2242759606,bb1,0.75,MSigDB_Hallmark_2020:Myc Targets V1,1.9602482427051839e-10,Reactome_2022:Eukaryotic Translation Elongation R-HSA-156842,1.548196693569022e-48,0,680,zscreen_original_graph_v1:zel028_hek293:1776,zscreen_original_graph_v1
zel028_hek293,1990,3,0.9055840309360662,3.52447997656937,0.0002567819030807,BB_6872744579,bb1,1.0,MSigDB_Hallmark_2020:Myc Targets V1,1.9470791933055078e-09,Reactome_2022:Selenocysteine Synthesis R-HSA-2408557,5.26520112709925e-42,0,681,zscreen_original_graph_v1:zel028_hek293:1990,zscreen_original_graph_v1
zel028_hek293,2009,3,0.9290295300201628,3.615244303571752,0.0001929533635143,BB_2725291112,bb1,1.0,MSigDB_Hallmark_2020:Myc Targets V1,0.0004448231866923,KEGG_2021_Human:Ribosome,5.713834172917968e-18,0,682,zscreen_original_graph_v1:zel028_hek293:2009,zscreen_original_graph_v1
zel028_hek293,2039,3,0.88695393636476,3.4523574770785275,0.0003147361869386,BB_1184847906,bb1,0.6666666666666666,"Reactome_2022:Respiratory Electron Transport, ATP Synthesis By Chemiosmotic Coupling, Heat Production By Uncoupling Proteins R-HSA-163200",0.0008734189472743,KEGG_2021_Human:Parkinson disease,4.598452474976736e-07,0,683,zscreen_original_graph_v1:zel028_hek293:2039,zscreen_original_graph_v1
zel028_hek293,2062,4,0.856020280151155,4.589908996812463,3.4831776436317475e-06,BB_9413321613,bb4,1.0,Reactome_2022:Selenocysteine Synthesis R-HSA-2408557,1.373804416334644e-09,MSigDB_Hallmark_2020:Myc Targets V1,1.8127949542997084e-08,0,684,zscreen_original_graph_v1:zel028_hek293:2062,zscreen_original_graph_v1
zel028_hek293,2071,7,0.903455605847032,8.756867205032124,5.743102306954225e-18,BB_3520185025,bb4,0.5714285714285714,MSigDB_Hallmark_2020:Myc Targets V1,0.0004448231866923,Reactome_2022:Selenocysteine Synthesis R-HSA-2408557,1.1611127669153404e-29,0,685,zscreen_original_graph_v1:zel028_hek293:2071,zscreen_original_graph_v1
zel028_hek293,2100,5,0.9502991064713544,5.918121222040571,4.383949343365766e-09,BB_4057852842,bb3,1.0,MSigDB_Hallmark_2020:Myc Targets V1,8.12823762147328e-16,Reactome_2022:Selenocysteine Synthesis R-HSA-2408557,2.0635921659108842e-66,0,686,zscreen_original_graph_v1:zel028_hek293:2100,zscreen_original_graph_v1
zel028_hek293,2101,6,0.9177894341251988,7.173637055998946,1.525773548513953e-12,BB_0527515463,bb4,1.0,KEGG_2021_Human:Parkinson disease,0.1715871522768254,Reactome_2022:rRNA Processing In Nucleus And Cytosol R-HSA-8868773,1.2574807220837338e-08,0,687,zscreen_original_graph_v1:zel028_hek293:2101,zscreen_original_graph_v1
zel028_hek293,2106,4,0.9230428370570996,4.945736734631224,8.37581308511758e-07,BB_4350180461,bb1,0.75,MSigDB_Hallmark_2020:Myc Targets V1,6.833000075301533e-05,KEGG_2021_Human:Coronavirus disease,5.051602734166378e-11,0,688,zscreen_original_graph_v1:zel028_hek293:2106,zscreen_original_graph_v1
zel028_hek293,2197,3,0.921741977929205,3.587032075772376,0.0002118266897161,BB_3744874621,bb3,1.0,Reactome_2022:AUF1 (hnRNP D0) Binds And Destabilizes mRNA R-HSA-450408,0.0013360377157853,Reactome_2022:Selenocysteine Synthesis R-HSA-2408557,1.1611127669153404e-29,0,689,zscreen_original_graph_v1:zel028_hek293:2197,zscreen_original_graph_v1
zel028_hek293,2232,3,0.8911560478230713,3.468625069298875,0.0002996535086595,BB_3980030738,bb4,1.0,Reactome_2022:Post-chaperonin Tubulin Folding Pathway R-HSA-389977,0.7261447143418802,MSigDB_Hallmark_2020:Myc Targets V1,0.3431743045536508,0,690,zscreen_original_graph_v1:zel028_hek293:2232,zscreen_original_graph_v1
zel028_hek293,2253,3,0.8674839341646923,3.376983451552974,0.0003938017996772,BB_1513349690,bb3,1.0,MSigDB_Hallmark_2020:Myc Targets V1,0.0003171781958459,Reactome_2022:Response Of EIF2AK4 (GCN2) To Amino Acid Deficiency R-HSA-9633012,2.0122379330083216e-12,0,691,zscreen_original_graph_v1:zel028_hek293:2253,zscreen_original_graph_v1
zel028_hek293,2277,4,0.9004606059783522,4.825845990818994,1.4180412370514956e-06,BB_5797976733,bb4,1.0,KEGG_2021_Human:Parkinson disease,0.0001961252555471,Reactome_2022:Metabolism Of Amino Acids And Derivatives R-HSA-71291,7.228511574875244e-05,0,692,zscreen_original_graph_v1:zel028_hek293:2277,zscreen_original_graph_v1
zel028_hek293,2317,4,0.939806977965758,5.0347388051486766,5.450795591135966e-07,BB_3140609311,bb4,1.0,MSigDB_Hallmark_2020:Oxidative Phosphorylation,0.0186748448286939,MSigDB_Hallmark_2020:E2F Targets,0.0015858893920501,0,693,zscreen_original_graph_v1:zel028_hek293:2317,zscreen_original_graph_v1
zel028_hek293,2361,11,0.9142129867148998,12.927991901160643,1.9692163983258305e-37,BB_6167857113,bb4,0.7272727272727273,MSigDB_Hallmark_2020:Myc Targets V1,5.730999377238075e-17,Reactome_2022:Selenocysteine Synthesis R-HSA-2408557,1.195918127762775e-92,0,694,zscreen_original_graph_v1:zel028_hek293:2361,zscreen_original_graph_v1
zel028_hek293,2618,3,0.8641433032071761,3.364050900211897,0.0004062238860527,BB_8019107213,bb4,1.0,KEGG_2021_Human:Oxidative phosphorylation,7.57183713208211e-05,KEGG_2021_Human:Parkinson disease,5.639770725383014e-09,0,695,zscreen_original_graph_v1:zel028_hek293:2618,zscreen_original_graph_v1
zel028_hek293,2732,7,0.890682561071771,8.63225913828074,1.682582732773596e-17,BB_3355218593,bb1,0.7142857142857143,MSigDB_Hallmark_2020:Myc Targets V1,2.275948027917393e-24,Reactome_2022:Selenocysteine Synthesis R-HSA-2408557,9.746692585071728e-56,0,696,zscreen_original_graph_v1:zel028_hek293:2732,zscreen_original_graph_v1
zel028_hek293,2753,6,0.904582566370608,7.069788002019315,3.063858108595089e-12,BB_8332071132,bb1,0.8333333333333334,Reactome_2022:Citric Acid (TCA) Cycle And Respiratory Electron Transport R-HSA-1428517,0.0568706126654069,MSigDB_Hallmark_2020:Apical Surface,0.595469897328473,0,697,zscreen_original_graph_v1:zel028_hek293:2753,zscreen_original_graph_v1
zel028_hek293,2789,4,0.8585373548242767,4.603272333399498,3.30817638807192e-06,BB_8943054758,bb3,0.75,KEGG_2021_Human:Cardiac muscle contraction,2.3659989349108844e-05,KEGG_2021_Human:Parkinson disease,3.8430879345693897e-13,0,698,zscreen_original_graph_v1:zel028_hek293:2789,zscreen_original_graph_v1
zel028_hek293,2841,5,0.858259558843155,5.351247136879619,1.0228090976248368e-07,BB_2842970343,bb4,1.0,KEGG_2021_Human:Non-alcoholic fatty liver disease,0.0494921981324248,Reactome_2022:Processing Of Capped Intron-Containing Pre-mRNA R-HSA-72203,0.0677664538238883,0,699,zscreen_original_graph_v1:zel028_hek293:2841,zscreen_original_graph_v1
zel028_hek293,2875,5,0.904882496458644,5.638399081770306,2.204589662314547e-08,BB_3691524891,bb3,1.0,KEGG_2021_Human:Parkinson disease,4.598452474976736e-07,KEGG_2021_Human:Ribosome,0.0049850518569306,0,700,zscreen_original_graph_v1:zel028_hek293:2875,zscreen_original_graph_v1
zel028_hek293,2991,10,0.886990661909167,12.603294585472629,1.120456580606284e-35,BB_3355218593,bb1,0.8,MSigDB_Hallmark_2020:Myc Targets V1,1.379798340459942e-13,Reactome_2022:Selenocysteine Synthesis R-HSA-2408557,4.708602209797998e-62,0,701,zscreen_original_graph_v1:zel028_hek293:2991,zscreen_original_graph_v1
zel028_hek293,3088,3,0.9169885713958827,3.5686302604210294,0.0002233401701819,BB_4488462111,bb4,1.0,MSigDB_Hallmark_2020:Myc Targets V1,1.5788954724877929e-07,Reactome_2022:Peptide Chain Elongation R-HSA-156902,4.7965480925811616e-33,0,702,zscreen_original_graph_v1:zel028_hek293:3088,zscreen_original_graph_v1
zel028_hek293,3104,3,0.9044811841514248,3.5202105368003265,0.0002597026338456,BB_1998369695,bb4,1.0,Reactome_2022:Translation R-HSA-72766,0.0153816768042896,MSigDB_Hallmark_2020:Myc Targets V1,1.5788954724877929e-07,0,703,zscreen_original_graph_v1:zel028_hek293:3104,zscreen_original_graph_v1
zel028_hek293,3186,5,0.8943380596392773,5.573455607692598,3.0894773891273435e-08,BB_3691524891,bb3,0.8,MSigDB_Hallmark_2020:Myc Targets V1,0.0147546553244425,KEGG_2021_Human:Measles,1.0,0,704,zscreen_original_graph_v1:zel028_hek293:3186,zscreen_original_graph_v1
zel028_hek293,3194,3,0.9395656184186416,3.656032557611273,0.0001672774829979,BB_6310246769,bb4,1.0,MSigDB_Hallmark_2020:Myc Targets V1,1.9602482427051839e-10,MSigDB_Hallmark_2020:G2-M Checkpoint,1.0,0,705,zscreen_original_graph_v1:zel028_hek293:3194,zscreen_original_graph_v1
zel028_hek293,3198,3,0.8777826633194508,3.416852819117238,0.0003497421307549,BB_7549155266,bb3,1.0,Reactome_2022:Synthesis Of DNA R-HSA-69239,0.0156502815261213,MSigDB_Hallmark_2020:Myc Targets V1,1.0,0,706,zscreen_original_graph_v1:zel028_hek293:3198,zscreen_original_graph_v1
zel028_hek293,3234,6,0.8593023158990307,6.713737554417964,3.0036051485041226e-11,BB_8243376230,bb1,1.0,MSigDB_Hallmark_2020:Myc Targets V1,1.6476271550783957e-12,Reactome_2022:Peptide Chain Elongation R-HSA-156902,6.992571454999694e-44,0,707,zscreen_original_graph_v1:zel028_hek293:3234,zscreen_original_graph_v1
zel028_hek293,3269,7,0.8870622250480199,8.596940772076954,2.264898259513484e-17,BB_0784487728,bb4,0.8571428571428571,MSigDB_Hallmark_2020:Myc Targets V1,1.6476271550783957e-12,Reactome_2022:Peptide Chain Elongation R-HSA-156902,5.167943591142584e-28,0,708,zscreen_original_graph_v1:zel028_hek293:3269,zscreen_original_graph_v1
zel028_hek293,3396,3,0.8659337480106751,3.370982231340383,0.0003982312222049,BB_6847716822,bb3,1.0,MSigDB_Hallmark_2020:Myc Targets V1,1.9602482427051839e-10,Reactome_2022:Selenocysteine Synthesis R-HSA-2408557,3.0135874083940395e-14,0,709,zscreen_original_graph_v1:zel028_hek293:3396,zscreen_original_graph_v1
zel028_hek293,3432,3,0.8967736771032658,3.490372541559407,0.0002830559848409,BB_2302843318,bb3,1.0,Reactome_2022:Complex I Biogenesis R-HSA-6799198,0.8374782829565552,Reactome_2022:AUF1 (hnRNP D0) Binds And Destabilizes mRNA R-HSA-450408,0.2653196661827109,0,710,zscreen_original_graph_v1:zel028_hek293:3432,zscreen_original_graph_v1
zel028_hek293,3468,5,0.8992953241094224,5.60398753482425,2.6367763702803842e-08,BB_1998369695,bb4,1.0,MSigDB_Hallmark_2020:Myc Targets V1,1.8127949542997084e-08,Reactome_2022:Selenocysteine Synthesis R-HSA-2408557,4.708602209797998e-62,0,711,zscreen_original_graph_v1:zel028_hek293:3468,zscreen_original_graph_v1
zel028_hek293,3530,9,0.8922881365642825,10.248339804620027,4.523744691102119e-24,BB_5090328094,bb4,0.7777777777777778,MSigDB_Hallmark_2020:Myc Targets V1,1.0898132706004602e-14,Reactome_2022:Selenocysteine Synthesis R-HSA-2408557,8.179092294970425e-58,0,712,zscreen_original_graph_v1:zel028_hek293:3530,zscreen_original_graph_v1
zel028_hek293,3677,4,0.8949358711834647,4.796514763022475,1.5753896713805189e-06,BB_7609608884,bb4,1.0,MSigDB_Hallmark_2020:E2F Targets,0.0015858893920501,Reactome_2022:ATF6 (ATF6-alpha) Activates Chaperone Genes R-HSA-381183,0.3880833750962854,0,713,zscreen_original_graph_v1:zel028_hek293:3677,zscreen_original_graph_v1
zel028_hek293,3690,3,0.8987643591501716,3.4980790491332074,0.0002782444391563,BB_0527515463,bb4,1.0,MSigDB_Hallmark_2020:Myc Targets V1,6.833000075301533e-05,Reactome_2022:Nonsense Mediated Decay (NMD) Independent Of Exon Junction Complex (EJC) R-HSA-975956,2.920793919662115e-11,0,714,zscreen_original_graph_v1:zel028_hek293:3690,zscreen_original_graph_v1
zel028_hek293,3740,3,0.9010858145383512,3.5070660762473835,0.0002702891971271,BB_9724540281,bb3,1.0,KEGG_2021_Human:Huntington disease,0.1023089945981441,MSigDB_Hallmark_2020:E2F Targets,0.0566629268166784,0,715,zscreen_original_graph_v1:zel028_hek293:3740,zscreen_original_graph_v1
zel028_hek293,3745,16,0.8418020306478157,20.438341821509106,1.2390537942121948e-91,BB_6466700968,bb3,0.8125,KEGG_2021_Human:Parkinson disease,0.0400347625413124,Reactome_2022:Influenza Infection R-HSA-168255,0.0681104322914381,0,716,zscreen_original_graph_v1:zel028_hek293:3745,zscreen_original_graph_v1
zel028_hek293,3772,3,0.8997653553437845,3.5019541957240023,0.0002748770836508,BB_0228574058,bb4,1.0,Reactome_2022:Translation R-HSA-72766,4.560494421305344e-05,KEGG_2021_Human:Protein export,0.0400882356611006,0,717,zscreen_original_graph_v1:zel028_hek293:3772,zscreen_original_graph_v1
zel028_hek293,3863,3,0.909158670280214,3.5383184422460463,0.0002460575790359,BB_5415608208,bb4,1.0,MSigDB_Hallmark_2020:Myc Targets V1,0.0745653528403928,KEGG_2021_Human:Ribosome,1.7989264668197227e-05,0,718,zscreen_original_graph_v1:zel028_hek293:3863,zscreen_original_graph_v1
zel028_hek293,3917,3,0.9180578565219624,3.5727697732756774,0.0002206562447207,BB_6163126056,bb3,1.0,MSigDB_Hallmark_2020:Myc Targets V1,1.8531169888936197e-11,KEGG_2021_Human:Ribosome,5.1160712463056785e-22,0,719,zscreen_original_graph_v1:zel028_hek293:3917,zscreen_original_graph_v1
zel028_hek293,3981,6,0.8679315303080685,6.78159132335227,1.9181301370043748e-11,BB_7148527391,bb1,0.5,Reactome_2022:L13a-mediated Translational Silencing Of Ceruloplasmin Expression R-HSA-156827,3.8529241687428456e-15,MSigDB_Hallmark_2020:Myc Targets V1,1.379798340459942e-13,0,720,zscreen_original_graph_v1:zel028_hek293:3981,zscreen_original_graph_v1
zel028_hek293,4182,5,0.8833541049585758,5.505805131114589,4.40544339575492e-08,BB_0772210188,bb1,0.8,MSigDB_Hallmark_2020:Myc Targets V1,0.0004448231866923,Reactome_2022:Peptide Chain Elongation R-HSA-156902,1.5214426479593692e-36,0,721,zscreen_original_graph_v1:zel028_hek293:4182,zscreen_original_graph_v1
zel028_hek293,4187,4,0.8857376972495782,4.747680973712535,1.897459608570796e-06,BB_2818856921,bb4,1.0,MSigDB_Hallmark_2020:Myc Targets V1,1.0,KEGG_2021_Human:Ribosome,0.0056220515979044,0,722,zscreen_original_graph_v1:zel028_hek293:4187,zscreen_original_graph_v1
zel028_hek293,4247,10,0.904729575705721,12.857160169794282,4.8736661867009325e-37,BB_7594796505,bb4,1.0,MSigDB_Hallmark_2020:Myc Targets V1,1.5788954724877929e-07,Reactome_2022:Selenocysteine Synthesis R-HSA-2408557,4.522765192347562e-16,0,723,zscreen_original_graph_v1:zel028_hek293:4247,zscreen_original_graph_v1
zel028_hek293,4265,3,0.8679753697160754,3.37888594110657,0.0003915045842766,BB_0141978289,bb3,1.0,MSigDB_Hallmark_2020:Myc Targets V1,1.5788954724877929e-07,Reactome_2022:Complex I Biogenesis R-HSA-6799198,0.0013538630544268,0,724,zscreen_original_graph_v1:zel028_hek293:4265,zscreen_original_graph_v1
zel028_hek293,4301,4,0.8437768098864763,4.524907502861022,4.507028091967807e-06,BB_5033587669,bb1,1.0,MSigDB_Hallmark_2020:Myc Targets V1,1.9602482427051839e-10,Reactome_2022:Selenocysteine Synthesis R-HSA-2408557,1.0232142492611353e-21,0,725,zscreen_original_graph_v1:zel028_hek293:4301,zscreen_original_graph_v1
zel028_hek293,4346,16,0.8981452380454584,21.8147943112996,3.131464994672817e-104,BB_6310246769,bb4,0.625,MSigDB_Hallmark_2020:Myc Targets V1,3.823789655422598e-18,Reactome_2022:Selenocysteine Synthesis R-HSA-2408557,7.623429764175736e-78,0,726,zscreen_original_graph_v1:zel028_hek293:4346,zscreen_original_graph_v1
zel028_hek293,4364,3,0.938905327409441,3.653476379606239,0.0001687335448555,BB_9829174648,bb4,1.0,KEGG_2021_Human:Glutathione metabolism,0.0067366742221734,Reactome_2022:Selenoamino Acid Metabolism R-HSA-2408522,5.887128168894843e-11,0,727,zscreen_original_graph_v1:zel028_hek293:4364,zscreen_original_graph_v1
zel028_hek293,4429,3,0.9029509880106974,3.5142867037270107,0.0002639852448185,BB_0657779575,bb4,1.0,Reactome_2022:Formation Of Tubulin Folding Intermediates By CCT/TriC R-HSA-389960,0.0002114331245695,Reactome_2022:Selenoamino Acid Metabolism R-HSA-2408522,1.0,0,728,zscreen_original_graph_v1:zel028_hek293:4429,zscreen_original_graph_v1
zel028_hek293,4513,3,0.9063022576685028,3.527260440562518,0.0002550197308653,BB_8943054758,bb3,1.0,MSigDB_Hallmark_2020:Myc Targets V1,1.8127949542997084e-08,Reactome_2022:Peptide Chain Elongation R-HSA-156902,6.992571454999694e-44,0,729,zscreen_original_graph_v1:zel028_hek293:4513,zscreen_original_graph_v1
zel028_hek293,4529,3,0.905559886026616,3.5243865046219853,0.0002565641424588,BB_5033587669,bb1,1.0,KEGG_2021_Human:Salmonella infection,0.0006559277810974,Reactome_2022:Respiratory Electron Transport R-HSA-611105,0.0933291703911573,0,730,zscreen_original_graph_v1:zel028_hek293:4529,zscreen_original_graph_v1
zel028_hek293,4594,4,0.9406175198793996,5.039042032432933,5.35389556488714e-07,BB_7410067331,bb1,1.0,Reactome_2022:Processing Of Capped Intron-Containing Pre-mRNA R-HSA-72203,5.774704417660488e-05,Reactome_2022:SRP-dependent Cotranslational Protein Targeting To Membrane R-HSA-1799339,1.4836775791452492e-35,0,731,zscreen_original_graph_v1:zel028_hek293:4594,zscreen_original_graph_v1
zel028_hek293,4760,3,0.9127410265750332,3.5521867824769675,0.000235445450094,BB_4923564262,bb1,1.0,MSigDB_Hallmark_2020:Myc Targets V1,1.8531169888936197e-11,Reactome_2022:Selenocysteine Synthesis R-HSA-2408557,3.542104184428325e-73,0,732,zscreen_original_graph_v1:zel028_hek293:4760,zscreen_original_graph_v1
zel028_hek293,4762,8,0.8530794794925417,8.621977717163448,1.8306123051169408e-17,BB_0119627261,bb1,0.5,MSigDB_Hallmark_2020:Myc Targets V1,9.718424187370192e-06,Reactome_2022:Peptide Chain Elongation R-HSA-156902,5.167943591142584e-28,0,733,zscreen_original_graph_v1:zel028_hek293:4762,zscreen_original_graph_v1
zel028_hek293,4809,4,0.8663602185617035,4.644804498620519,2.866065518442657e-06,BB_2842970343,bb4,1.0,Reactome_2022:Formation Of Tubulin Folding Intermediates By CCT/TriC R-HSA-389960,1.0,Reactome_2022:mRNA Splicing - Minor Pathway R-HSA-72165,0.8907190869622742,0,734,zscreen_original_graph_v1:zel028_hek293:4809,zscreen_original_graph_v1
zel028_hek293,4863,3,0.9097775102537352,3.5407141512696567,0.0002444275972374,BB_6290953361,bb1,1.0,Reactome_2022:Citric Acid (TCA) Cycle And Respiratory Electron Transport R-HSA-1428517,3.779894111068085e-06,KEGG_2021_Human:Antigen processing and presentation,0.1381964544180092,0,735,zscreen_original_graph_v1:zel028_hek293:4863,zscreen_original_graph_v1
zel028_hek293,4868,5,0.8923548738200531,5.561241112120344,3.305610966653254e-08,BB_8579790415,bb3,1.0,MSigDB_Hallmark_2020:Myc Targets V1,1.9602482427051839e-10,Reactome_2022:Peptide Chain Elongation R-HSA-156902,1.0331613818157693e-29,0,736,zscreen_original_graph_v1:zel028_hek293:4868,zscreen_original_graph_v1
zel028_hek293,4918,4,0.893380438106016,4.7882568531660405,1.625853074708764e-06,BB_7347643908,bb3,0.75,MSigDB_Hallmark_2020:Myc Targets V1,1.283667667305466e-06,KEGG_2021_Human:Ribosome,1.1780834853115518e-38,0,737,zscreen_original_graph_v1:zel028_hek293:4918,zscreen_original_graph_v1
zel028_hek293,4948,4,0.9234134519898513,4.947704356864854,8.328139354283227e-07,BB_6167857113,bb4,1.0,MSigDB_Hallmark_2020:Myc Targets V1,1.283667667305466e-06,Reactome_2022:Selenoamino Acid Metabolism R-HSA-2408522,3.445295727428389e-28,0,738,zscreen_original_graph_v1:zel028_hek293:4948,zscreen_original_graph_v1
zel028_hek293,4993,3,0.8747456769561858,3.405095764068488,0.0003627660196641,BB_6978473944,bb3,1.0,"Reactome_2022:Respiratory Electron Transport, ATP Synthesis By Chemiosmotic Coupling, Heat Production By Uncoupling Proteins R-HSA-163200",1.0,KEGG_2021_Human:Oxidative phosphorylation,5.167881084375346e-08,0,739,zscreen_original_graph_v1:zel028_hek293:4993,zscreen_original_graph_v1
zel028_hek293,5025,11,0.8949289774055625,12.652920708952536,6.0981073529038e-36,BB_2149000943,bb4,0.7272727272727273,MSigDB_Hallmark_2020:Myc Targets V1,1.0898132706004602e-14,Reactome_2022:Peptide Chain Elongation R-HSA-156902,1.1342512497373301e-51,0,740,zscreen_original_graph_v1:zel028_hek293:5025,zscreen_original_graph_v1
zel028_hek293,5042,4,0.8978470162418852,4.811970248584652,1.4871121802771952e-06,BB_3064712138,bb4,1.0,MSigDB_Hallmark_2020:Myc Targets V1,1.283667667305466e-06,Reactome_2022:Eukaryotic Translation Elongation R-HSA-156842,1.548196693569022e-48,0,741,zscreen_original_graph_v1:zel028_hek293:5042,zscreen_original_graph_v1
zel028_hek293,5047,4,0.8751454913865434,4.691446165242851,2.3921157794900447e-06,BB_5033587669,bb1,1.0,KEGG_2021_Human:Oocyte meiosis,0.4368468918569455,Reactome_2022:mTORC1-mediated Signaling R-HSA-166208,0.1940416875481427,0,742,zscreen_original_graph_v1:zel028_hek293:5047,zscreen_original_graph_v1
zel028_hek293,5095,3,0.922190011619097,3.58876654413202,0.0002114866726203,BB_3484107570,bb4,1.0,MSigDB_Hallmark_2020:Myc Targets V1,6.833000075301533e-05,Reactome_2022:Selenocysteine Synthesis R-HSA-2408557,4.7965480925811616e-33,0,743,zscreen_original_graph_v1:zel028_hek293:5095,zscreen_original_graph_v1
zel028_hek293,5287,5,0.9134258653863236,5.691017924103545,1.6732663022740433e-08,BB_9301427762,bb4,1.0,MSigDB_Hallmark_2020:Myc Targets V1,0.0004448231866923,Reactome_2022:GTP Hydrolysis And Joining Of 60S Ribosomal Subunit R-HSA-72706,0.8698719650305619,0,744,zscreen_original_graph_v1:zel028_hek293:5287,zscreen_original_graph_v1
zel028_hek293,5346,6,0.8915294054963979,6.967147585425503,5.815988461384053e-12,BB_4330525650,bb3,0.8333333333333334,MSigDB_Hallmark_2020:Myc Targets V1,1.8531169888936197e-11,Reactome_2022:Eukaryotic Translation Termination R-HSA-72764,5.2207501452783215e-79,0,745,zscreen_original_graph_v1:zel028_hek293:5346,zscreen_original_graph_v1
zel028_hek293,5364,3,0.8983255622929635,3.4963803392319,0.000279363102637,BB_1685533675,bb4,1.0,MSigDB_Hallmark_2020:Myc Targets V1,0.0147546553244425,Reactome_2022:Selenoamino Acid Metabolism R-HSA-2408522,4.0594425540799917e-16,0,746,zscreen_original_graph_v1:zel028_hek293:5364,zscreen_original_graph_v1
zel028_hek293,5368,3,0.8927097221750429,3.474639793337452,0.0002950289379485,BB_9779482469,bb3,1.0,Reactome_2022:Complex I Biogenesis R-HSA-6799198,0.0887750366571795,Reactome_2022:WNT Ligand Biogenesis And Trafficking R-HSA-3238698,0.1420177467018142,0,747,zscreen_original_graph_v1:zel028_hek293:5368,zscreen_original_graph_v1
zel028_hek293,5410,5,0.8886777282705587,5.5385934723493,3.726272695634399e-08,BB_7837625215,bb3,0.8,KEGG_2021_Human:Parkinson disease,0.040258829246553,Reactome_2022:G2/M Checkpoints R-HSA-69481,0.9381625118976146,0,748,zscreen_original_graph_v1:zel028_hek293:5410,zscreen_original_graph_v1
zel028_hek293,5458,3,0.877320911174932,3.4150652426408823,0.0003516599283743,BB_8715425380,bb4,1.0,Reactome_2022:APC/C:Cdc20 Mediated Degradation Of Mitotic Proteins R-HSA-176409,0.0133106907599322,Reactome_2022:Mitochondrial Translation Termination R-HSA-5419276,0.1463451513378923,0,749,zscreen_original_graph_v1:zel028_hek293:5458,zscreen_original_graph_v1
zel028_hek293,5589,3,0.9203991957528762,3.581833776512116,0.000215275189029,BB_0047100301,bb4,1.0,MSigDB_Hallmark_2020:Myc Targets V1,6.833000075301533e-05,Reactome_2022:Eukaryotic Translation Elongation R-HSA-156842,1.710817427683129e-22,0,750,zscreen_original_graph_v1:zel028_hek293:5589,zscreen_original_graph_v1
zel028_hek293,5609,3,0.8874139989799228,3.454138512896721,0.0003130169669732,BB_3050145525,bb3,1.0,Reactome_2022:RHOBTB GTPase Cycle R-HSA-9706574,0.1951586699476207,Reactome_2022:Selenoamino Acid Metabolism R-HSA-2408522,4.680701103951759e-19,0,751,zscreen_original_graph_v1:zel028_hek293:5609,zscreen_original_graph_v1
zel028_hek293,5622,3,0.9019469285908828,3.5103996984991417,0.000267239388734,BB_0989365327,bb4,1.0,MSigDB_Hallmark_2020:Myc Targets V1,1.9470791933055078e-09,Reactome_2022:Selenocysteine Synthesis R-HSA-2408557,3.027668996463422e-23,0,752,zscreen_original_graph_v1:zel028_hek293:5622,zscreen_original_graph_v1
zel028_hek293,5663,4,0.9372817799257808,5.021332341003025,5.832221628384731e-07,BB_2197995887,bb4,1.0,MSigDB_Hallmark_2020:Myc Targets V1,1.6476271550783957e-12,Reactome_2022:Selenocysteine Synthesis R-HSA-2408557,6.8437797089565936e-71,0,753,zscreen_original_graph_v1:zel028_hek293:5663,zscreen_original_graph_v1
zel028_hek293,5665,4,0.880398522543547,4.719334898224363,2.14660646121226e-06,BB_2149000943,bb4,1.0,MSigDB_Hallmark_2020:Myc Targets V1,0.0026720754315707,Reactome_2022:mRNA 3-End Processing R-HSA-72187,1.0,0,754,zscreen_original_graph_v1:zel028_hek293:5665,zscreen_original_graph_v1
zel028_hek293,5714,4,0.9321041990166165,4.993844178997104,6.682004788607234e-07,BB_2497342366,bb4,1.0,MSigDB_Hallmark_2020:UV Response Up,0.0148072417479569,Reactome_2022:Peptide Chain Elongation R-HSA-156902,1.9493385170143456e-55,0,755,zscreen_original_graph_v1:zel028_hek293:5714,zscreen_original_graph_v1
zel028_hek293,5754,3,0.8393854144003846,3.2682059319521906,0.0005538069379392,BB_4488462111,bb4,1.0,MSigDB_Hallmark_2020:Myc Targets V1,1.8531169888936197e-11,KEGG_2021_Human:Ribosome,2.1028738895748062e-54,0,756,zscreen_original_graph_v1:zel028_hek293:5754,zscreen_original_graph_v1
zel028_hek293,5896,3,0.8902514859050861,3.465123247758484,0.0003022075052228,BB_4811208063,bb1,0.6666666666666666,KEGG_2021_Human:Parkinson disease,0.1979687925296992,MSigDB_Hallmark_2020:Myc Targets V1,0.9088656861766342,0,757,zscreen_original_graph_v1:zel028_hek293:5896,zscreen_original_graph_v1
zel028_hek293,5920,3,0.8924833560283866,3.4737634643293265,0.0002956554528217,BB_6962831952,bb3,1.0,KEGG_2021_Human:Diabetic cardiomyopathy,0.0024835564005921,Reactome_2022:HSP90 Chaperone Cycle For Steroid Hormone Receptors (SHR) In Presence Of Ligand R-HSA-3371497,1.0,0,758,zscreen_original_graph_v1:zel028_hek293:5920,zscreen_original_graph_v1
zel028_hek293,5987,11,0.8682723237778445,12.272684557017852,6.948982703943273e-34,BB_5797976733,bb4,0.9090909090909092,MSigDB_Hallmark_2020:Myc Targets V1,6.833000075301533e-05,KEGG_2021_Human:Serotonergic synapse,1.0,0,759,zscreen_original_graph_v1:zel028_hek293:5987,zscreen_original_graph_v1
zel028_hek293,5994,3,0.8846277084168387,3.4433519740013745,0.0003235866223938,BB_6872744579,bb1,1.0,Reactome_2022:Signaling By FGFR In Disease R-HSA-1226099,0.0192785059726023,MSigDB_Hallmark_2020:Myc Targets V1,0.0745653528403928,0,760,zscreen_original_graph_v1:zel028_hek293:5994,zscreen_original_graph_v1
zel028_hek293,6056,3,0.8661135487965211,3.371678292331163,0.0003976461136635,BB_9151637064,bb4,1.0,MSigDB_Hallmark_2020:Myc Targets V1,1.5788954724877929e-07,KEGG_2021_Human:Ribosome,2.209127580062596e-23,0,761,zscreen_original_graph_v1:zel028_hek293:6056,zscreen_original_graph_v1
zel028_hek293,6109,4,0.92376750761943,4.949584064526735,8.266319570738955e-07,BB_0182808297,bb1,1.0,MSigDB_Hallmark_2020:Myc Targets V1,1.283667667305466e-06,Reactome_2022:Selenocysteine Synthesis R-HSA-2408557,1.0867551374853592e-53,0,762,zscreen_original_graph_v1:zel028_hek293:6109,zscreen_original_graph_v1
zel028_hek293,6354,3,0.8952225021186949,3.4843674932969453,0.0002874738232424,BB_4803236175,bb3,1.0,Reactome_2022:Response Of EIF2AK4 (GCN2) To Amino Acid Deficiency R-HSA-9633012,0.3046332370781318,KEGG_2021_Human:Parkinson disease,2.194487550848519e-15,0,763,zscreen_original_graph_v1:zel028_hek293:6354,zscreen_original_graph_v1
zel028_hek293,6416,4,0.9008568273224656,4.82794955939441,1.4088401912028948e-06,BB_5415608208,bb4,1.0,MSigDB_Hallmark_2020:Myc Targets V1,9.718424187370192e-06,KEGG_2021_Human:Ribosome,2.9389460094695684e-32,0,764,zscreen_original_graph_v1:zel028_hek293:6416,zscreen_original_graph_v1
zel028_hek293,6537,3,0.9204476694031812,3.582021432071569,0.0002153904859333,BB_8741131108,bb1,1.0,Reactome_2022:Mitochondrial Translation Elongation R-HSA-5389840,2.318212656009787e-05,MSigDB_Hallmark_2020:G2-M Checkpoint,0.904815046520907,0,765,zscreen_original_graph_v1:zel028_hek293:6537,zscreen_original_graph_v1
zel028_hek293,6558,4,0.8984530637335167,4.8151877997780606,1.469156237826061e-06,BB_6595555472,bb1,1.0,Reactome_2022:Mitochondrial Translation Termination R-HSA-5419276,0.002381653230823,Reactome_2022:Ubiquitin Mediated Degradation Of Phosphorylated Cdc25A R-HSA-69601,0.3890859401687682,0,766,zscreen_original_graph_v1:zel028_hek293:6558,zscreen_original_graph_v1
zel028_hek293,6567,3,0.933893359861224,3.634073599574132,0.000180781268475,BB_7217307185,bb3,1.0,MSigDB_Hallmark_2020:Myc Targets V1,0.0745653528403928,Reactome_2022:Nonsense Mediated Decay (NMD) Independent Of Exon Junction Complex (EJC) R-HSA-975956,0.0001989142488334,0,767,zscreen_original_graph_v1:zel028_hek293:6567,zscreen_original_graph_v1
zel028_hek293,6633,4,0.9214120955257324,4.937079006593664,8.717954180171837e-07,BB_0197599538,bb4,1.0,KEGG_2021_Human:Oocyte meiosis,0.281181656336219,Reactome_2022:Selenocysteine Synthesis R-HSA-2408557,8.601677491281882e-11,0,768,zscreen_original_graph_v1:zel028_hek293:6633,zscreen_original_graph_v1
zel028_hek293,6698,3,0.8796765662412049,3.424184666628109,0.0003426951180121,BB_9301427762,bb4,1.0,KEGG_2021_Human:Prion disease,2.071358132981144e-07,Reactome_2022:Cytosolic tRNA Aminoacylation R-HSA-379716,0.1420177467018142,0,769,zscreen_original_graph_v1:zel028_hek293:6698,zscreen_original_graph_v1
zel028_hek293,6752,3,0.938751037420134,3.65287907830792,0.000168689651432,BB_7594796505,bb4,1.0,MSigDB_Hallmark_2020:Myc Targets V1,1.5788954724877929e-07,Reactome_2022:Peptide Chain Elongation R-HSA-156902,1.0867551374853592e-53,0,770,zscreen_original_graph_v1:zel028_hek293:6752,zscreen_original_graph_v1
zel028_hek293,6808,5,0.8978074489574877,5.594823671166489,2.7660699783303143e-08,BB_2053918042,bb1,0.8,MSigDB_Hallmark_2020:Myc Targets V1,9.718424187370192e-06,Reactome_2022:RAS Processing R-HSA-9648002,0.7613480834319852,0,771,zscreen_original_graph_v1:zel028_hek293:6808,zscreen_original_graph_v1
zel028_hek293,6989,5,0.9037965399894188,5.631710646245791,2.2802015626157035e-08,BB_2497342366,bb4,0.8,MSigDB_Hallmark_2020:Myc Targets V1,0.0004448231866923,Reactome_2022:Nonsense Mediated Decay (NMD) Independent Of Exon Junction Complex (EJC) R-HSA-975956,3.668213111671181e-15,0,772,zscreen_original_graph_v1:zel028_hek293:6989,zscreen_original_graph_v1
zel028_hek293,7138,4,0.8959822817293515,4.8020702344124295,1.5472879205473982e-06,BB_9829174648,bb4,1.0,MSigDB_Hallmark_2020:Oxidative Phosphorylation,0.0005902040260371,Reactome_2022:mRNA Splicing - Major Pathway R-HSA-72163,0.0189849439240401,0,773,zscreen_original_graph_v1:zel028_hek293:7138,zscreen_original_graph_v1
zel028_hek293,7343,4,0.9005963280366375,4.826566549317524,1.415782791422736e-06,BB_4057852842,bb3,0.75,MSigDB_Hallmark_2020:Myc Targets V1,6.833000075301533e-05,Reactome_2022:Selenocysteine Synthesis R-HSA-2408557,4.708602209797998e-62,0,774,zscreen_original_graph_v1:zel028_hek293:7343,zscreen_original_graph_v1
zel028_hek293,7373,3,0.8957644037736804,3.486465351774592,0.0002855590516025,BB_8715425380,bb4,1.0,Reactome_2022:Selenoamino Acid Metabolism R-HSA-2408522,0.0954654201414516,KEGG_2021_Human:Parkinson disease,4.598452474976736e-07,0,775,zscreen_original_graph_v1:zel028_hek293:7373,zscreen_original_graph_v1
zel028_hek293,7380,4,0.8919580180874705,4.780705119528999,1.6720931256943057e-06,BB_8276479476,bb3,1.0,MSigDB_Hallmark_2020:Myc Targets V1,1.5788954724877929e-07,Reactome_2022:Selenocysteine Synthesis R-HSA-2408557,8.367517434634028e-07,0,776,zscreen_original_graph_v1:zel028_hek293:7380,zscreen_original_graph_v1
zel028_hek293,7416,4,0.8930284074984646,4.786387896496665,1.631663978982885e-06,BB_6567642687,bb4,1.0,MSigDB_Hallmark_2020:Oxidative Phosphorylation,0.7658680905110546,MSigDB_Hallmark_2020:G2-M Checkpoint,0.2860347724412147,0,777,zscreen_original_graph_v1:zel028_hek293:7416,zscreen_original_graph_v1
zel028_hek293,7472,5,0.9120017121976496,5.682246525756176,1.756790138850426e-08,BB_4501961276,bb4,1.0,MSigDB_Hallmark_2020:Myc Targets V1,1.9470791933055078e-09,Reactome_2022:SARS-CoV-2 Modulates Host Translation Machinery R-HSA-9754678,1.5836255616390446e-05,0,778,zscreen_original_graph_v1:zel028_hek293:7472,zscreen_original_graph_v1
zel028_hek293,7629,3,0.8927489328562356,3.4747915892568733,0.0002952001942372,BB_8516334188,bb3,1.0,"Reactome_2022:Respiratory Electron Transport, ATP Synthesis By Chemiosmotic Coupling, Heat Production By Uncoupling Proteins R-HSA-163200",0.0041422020461253,KEGG_2021_Human:Spliceosome,0.1470084082580248,0,779,zscreen_original_graph_v1:zel028_hek293:7629,zscreen_original_graph_v1
zel028_hek293,7709,3,0.8784739401515353,3.419528952229672,0.0003470811227237,BB_0068057945,bb3,1.0,MSigDB_Hallmark_2020:Myc Targets V1,6.833000075301533e-05,Reactome_2022:SRP-dependent Cotranslational Protein Targeting To Membrane R-HSA-1799339,1.0032523765645277e-08,0,780,zscreen_original_graph_v1:zel028_hek293:7709,zscreen_original_graph_v1
zel028_hek293,7826,4,0.9233405537083148,4.947317334468105,8.32636921184977e-07,BB_6567642687,bb4,1.0,MSigDB_Hallmark_2020:Myc Targets V1,8.385677451693048e-07,Reactome_2022:Selenocysteine Synthesis R-HSA-2408557,3.542104184428325e-73,0,781,zscreen_original_graph_v1:zel028_hek293:7826,zscreen_original_graph_v1
zel028_hek293,7827,3,0.948245816471943,3.689636121848883,0.0001472311624066,BB_9076436922,bb4,1.0,MSigDB_Hallmark_2020:Myc Targets V1,1.0898132706004602e-14,Reactome_2022:Selenocysteine Synthesis R-HSA-2408557,3.22637245498819e-64,0,782,zscreen_original_graph_v1:zel028_hek293:7827,zscreen_original_graph_v1
zel028_hek293,7835,4,0.9160007285973116,4.90834965722925,1.0009623277180246e-06,BB_2242759606,bb1,1.0,MSigDB_Hallmark_2020:E2F Targets,0.0013360377157853,Reactome_2022:Influenza Infection R-HSA-168255,0.0001709891519145,0,783,zscreen_original_graph_v1:zel028_hek293:7835,zscreen_original_graph_v1
zel028_hek293,7862,3,0.8961917007584934,3.4881195423344766,0.000284788115691,BB_4697201234,bb3,1.0,MSigDB_Hallmark_2020:Myc Targets V1,0.0026720754315707,Reactome_2022:Translation R-HSA-72766,1.4119998593269964e-05,0,784,zscreen_original_graph_v1:zel028_hek293:7862,zscreen_original_graph_v1
zel028_hek293,7926,6,0.8834879416957022,6.903915453187077,8.634327843694233e-12,BB_8259233692,bb1,0.8333333333333334,MSigDB_Hallmark_2020:Myc Targets V1,0.0147546553244425,Reactome_2022:GTP Hydrolysis And Joining Of 60S Ribosomal Subunit R-HSA-72706,3.924752112596562e-11,0,785,zscreen_original_graph_v1:zel028_hek293:7926,zscreen_original_graph_v1
zel028_hek293,7972,4,0.8660987086303944,4.64341612295163,2.8757835011043674e-06,BB_5929339909,bb4,1.0,Reactome_2022:RAB Geranylgeranylation R-HSA-8873719,1.0,Reactome_2022:Nucleotide Salvage R-HSA-8956321,1.0,0,786,zscreen_original_graph_v1:zel028_hek293:7972,zscreen_original_graph_v1
zel028_hek293,8113,3,0.9276432781280172,3.6098777204337655,0.0001967383764317,BB_4944521105,bb1,0.6666666666666666,MSigDB_Hallmark_2020:Myc Targets V1,1.6476271550783957e-12,Reactome_2022:Peptide Chain Elongation R-HSA-156902,8.208251893806554e-46,0,787,zscreen_original_graph_v1:zel028_hek293:8113,zscreen_original_graph_v1
zel028_hek293,8146,8,0.901087511230568,9.1191159307223,2.31120627399938e-19,BB_4501961276,bb4,1.0,MSigDB_Hallmark_2020:Myc Targets V1,8.12823762147328e-16,Reactome_2022:Peptide Chain Elongation R-HSA-156902,1.5214426479593692e-36,0,788,zscreen_original_graph_v1:zel028_hek293:8146,zscreen_original_graph_v1
zel028_hek293,8167,3,0.9181772142956008,3.5732318418355296,0.0002205407008992,BB_4261355840,bb1,1.0,Reactome_2022:Positive Epigenetic Regulation Of rRNA Expression R-HSA-5250913,0.1401876526750805,"Reactome_2022:Respiratory Electron Transport, ATP Synthesis By Chemiosmotic Coupling, Heat Production By Uncoupling Proteins R-HSA-163200",0.0006809342028047,0,789,zscreen_original_graph_v1:zel028_hek293:8167,zscreen_original_graph_v1
zel028_hek293,8188,10,0.8927857764018872,12.68622977213502,4.0800030768729856e-36,BB_2197995887,bb4,0.9,MSigDB_Hallmark_2020:Myc Targets V1,8.12823762147328e-16,Reactome_2022:Selenocysteine Synthesis R-HSA-2408557,8.702150477915127e-46,0,790,zscreen_original_graph_v1:zel028_hek293:8188,zscreen_original_graph_v1
zel028_hek293,8391,4,0.8688768504529345,4.658165484445574,2.7459229616319056e-06,BB_3858692603,bb4,1.0,Reactome_2022:Selenoamino Acid Metabolism R-HSA-2408522,5.051602734166378e-11,KEGG_2021_Human:Parkinson disease,5.640879166910904e-10,0,791,zscreen_original_graph_v1:zel028_hek293:8391,zscreen_original_graph_v1
zel028_hek293,8400,4,0.8819815020788296,4.727739054273549,2.074618241868996e-06,BB_7609608884,bb4,1.0,MSigDB_Hallmark_2020:Myc Targets V1,1.5788954724877929e-07,KEGG_2021_Human:Ribosome,0.0175790592049024,0,792,zscreen_original_graph_v1:zel028_hek293:8400,zscreen_original_graph_v1
zel028_hek293,8486,5,0.9043489559994556,5.635112991524398,2.2413257037774665e-08,BB_4057852842,bb3,0.8,MSigDB_Hallmark_2020:Myc Targets V1,1.9602482427051839e-10,Reactome_2022:Eukaryotic Translation Termination R-HSA-72764,1.4683922183493267e-67,0,793,zscreen_original_graph_v1:zel028_hek293:8486,zscreen_original_graph_v1
zel028_hek293,8520,3,0.9200222628296328,3.580374559841977,0.0002162101009948,BB_5797976733,bb4,1.0,Reactome_2022:Mitochondrial Translation Elongation R-HSA-5389840,0.0186413382100982,Reactome_2022:HuR (ELAVL1) Binds And Stabilizes mRNA R-HSA-450520,1.0,0,794,zscreen_original_graph_v1:zel028_hek293:8520,zscreen_original_graph_v1
zel028_hek293,8616,4,0.9202833849574504,4.931086598265711,8.950639633400282e-07,BB_6962831952,bb3,0.75,MSigDB_Hallmark_2020:Myc Targets V1,1.5788954724877929e-07,Reactome_2022:Viral mRNA Translation R-HSA-192823,7.534639857035484e-08,0,795,zscreen_original_graph_v1:zel028_hek293:8616,zscreen_original_graph_v1
zel028_hek293,8765,4,0.8807348952948453,4.721120726170711,2.135538012351998e-06,BB_6167857113,bb4,1.0,KEGG_2021_Human:Pathways of neurodegeneration,0.0302960863080833,Reactome_2022:Peptide Chain Elongation R-HSA-156902,2.599900331554388e-13,0,796,zscreen_original_graph_v1:zel028_hek293:8765,zscreen_original_graph_v1
zel028_hek293,8776,6,0.8844841915767436,6.911749226462917,8.198377097510438e-12,BB_2497342366,bb4,0.6666666666666666,MSigDB_Hallmark_2020:Myc Targets V1,1.9470791933055078e-09,Reactome_2022:Formation Of A Pool Of Free 40S Subunits R-HSA-72689,6.283462321848816e-19,0,797,zscreen_original_graph_v1:zel028_hek293:8776,zscreen_original_graph_v1
zel028_hek293,8877,3,0.8864117371673242,3.450258466727757,0.0003164817177459,BB_6290953361,bb1,1.0,Reactome_2022:Formation Of Tubulin Folding Intermediates By CCT/TriC R-HSA-389960,1.173356418206808e-09,Reactome_2022:Peptide Chain Elongation R-HSA-156902,6.992571454999694e-44,0,798,zscreen_original_graph_v1:zel028_hek293:8877,zscreen_original_graph_v1
zel028_hek293,8885,13,0.8356260923788613,13.614698876485663,2.1696395878291928e-41,BB_9076436922,bb4,0.6153846153846154,MSigDB_Hallmark_2020:Myc Targets V1,5.730999377238075e-17,Reactome_2022:Nonsense Mediated Decay (NMD) Independent Of Exon Junction Complex (EJC) R-HSA-975956,1.2223001780990368e-64,0,799,zscreen_original_graph_v1:zel028_hek293:8885,zscreen_original_graph_v1
zel028_hek293,8933,3,0.9079073840885826,3.533474350479715,0.0002500041376111,BB_3460962441,bb4,1.0,Reactome_2022:mRNA Splicing - Major Pathway R-HSA-72163,2.3760902290886435e-08,Reactome_2022:Selenocysteine Synthesis R-HSA-2408557,5.26520112709925e-42,0,800,zscreen_original_graph_v1:zel028_hek293:8933,zscreen_original_graph_v1
zel028_hek293,9003,6,0.9013573072099608,7.044426946022075,3.592526897523309e-12,BB_0965953915,bb1,0.6666666666666666,Reactome_2022:Detoxification Of Reactive Oxygen Species R-HSA-3299685,0.1715871522768254,Reactome_2022:PERK Regulates Gene Expression R-HSA-381042,0.6639801544655249,0,801,zscreen_original_graph_v1:zel028_hek293:9003,zscreen_original_graph_v1
zel028_hek293,9318,5,0.877634495056892,5.47057789766933,5.3520199515792533e-08,BB_1671826159,bb3,1.0,MSigDB_Hallmark_2020:Myc Targets V1,5.730999377238075e-17,KEGG_2021_Human:Ribosome,1.0193854597401693e-30,0,802,zscreen_original_graph_v1:zel028_hek293:9318,zscreen_original_graph_v1
zel028_hek293,9421,4,0.8893115434507588,4.766654788914227,1.7497310429198957e-06,BB_7878081693,bb1,1.0,MSigDB_Hallmark_2020:Myc Targets V1,9.718424187370192e-06,KEGG_2021_Human:Ribosome,1.1467436876580466e-09,0,803,zscreen_original_graph_v1:zel028_hek293:9421,zscreen_original_graph_v1
zel028_hek293,9504,4,0.91460759935737,4.90095343051362,1.0304750300564803e-06,BB_2296671906,bb1,1.0,MSigDB_Hallmark_2020:Myc Targets V1,0.0026720754315707,Reactome_2022:SARS-CoV-2 Modulates Host Translation Machinery R-HSA-9754678,0.0002956293616344,0,804,zscreen_original_graph_v1:zel028_hek293:9504,zscreen_original_graph_v1
zel028_hek293,9608,8,0.8715713242671105,8.813466564837974,3.511024401965064e-18,BB_6413431763,bb1,0.75,MSigDB_Hallmark_2020:Myc Targets V1,1.283667667305466e-06,Reactome_2022:Selenocysteine Synthesis R-HSA-2408557,2.599900331554388e-13,0,805,zscreen_original_graph_v1:zel028_hek293:9608,zscreen_original_graph_v1
zel028_hek293,9739,4,0.8917253841500669,4.779470048658719,1.6760242103918373e-06,BB_4330525650,bb3,0.75,MSigDB_Hallmark_2020:Myc Targets V1,9.718424187370192e-06,Reactome_2022:Peptide Chain Elongation R-HSA-156902,1.0232142492611353e-21,0,806,zscreen_original_graph_v1:zel028_hek293:9739,zscreen_original_graph_v1
zel028_hek293,9751,9,0.8949905916551408,10.279935493507418,3.31034720619493e-24,BB_6461549130,bb4,1.0,MSigDB_Hallmark_2020:Myc Targets V1,5.730999377238075e-17,KEGG_2021_Human:Ribosome,2.1509149699921267e-64,0,807,zscreen_original_graph_v1:zel028_hek293:9751,zscreen_original_graph_v1
zel028_hek293,9896,6,0.9031319905930912,7.058381745439779,3.2874405290287568e-12,BB_7217307185,bb3,0.8333333333333334,MSigDB_Hallmark_2020:Myc Targets V1,0.0026720754315707,Reactome_2022:Nonsense Mediated Decay (NMD) Enhanced By Exon Junction Complex (EJC) R-HSA-975957,8.554702968192376e-07,0,808,zscreen_original_graph_v1:zel028_hek293:9896,zscreen_original_graph_v1
zel028_hek293,9946,6,0.8771284522240496,6.85390912483606,1.1940883085411897e-11,BB_2149000943,bb4,1.0,MSigDB_Hallmark_2020:Myc Targets V1,9.718424187370192e-06,Reactome_2022:Selenocysteine Synthesis R-HSA-2408557,1.972048820347725e-17,0,809,zscreen_original_graph_v1:zel028_hek293:9946,zscreen_original_graph_v1
zel028_hek293,10073,3,0.8948308329680578,3.482851228416524,0.0002884392052641,BB_6167857113,bb4,1.0,Reactome_2022:rRNA Processing In Nucleus And Cytosol R-HSA-8868773,0.0001143463950789,KEGG_2021_Human:Parkinson disease,2.9910606493744494e-14,0,810,zscreen_original_graph_v1:zel028_hek293:10073,zscreen_original_graph_v1
zel028_hek293,10089,12,0.8786153477227961,14.56524106044801,3.511973619354683e-47,BB_8003855586,bb1,0.5833333333333334,MSigDB_Hallmark_2020:Myc Targets V1,1.0898132706004602e-14,Reactome_2022:Peptide Chain Elongation R-HSA-156902,8.82776227922287e-35,0,811,zscreen_original_graph_v1:zel028_hek293:10089,zscreen_original_graph_v1
zel028_hek293,10223,3,0.8990687441010522,3.499257411560778,0.0002773446419132,BB_1876988248,bb1,1.0,Reactome_2022:Folding Of Actin By CCT/TriC R-HSA-390450,0.0079206089271462,Reactome_2022:Peptide Chain Elongation R-HSA-156902,1.5395381607728108e-26,0,812,zscreen_original_graph_v1:zel028_hek293:10223,zscreen_original_graph_v1
zel028_hek293,10281,4,0.8663383820442013,4.644688566925529,2.862887901332297e-06,BB_0965953915,bb1,0.75,MSigDB_Hallmark_2020:Myc Targets V1,0.0026720754315707,Reactome_2022:Selenoamino Acid Metabolism R-HSA-2408522,7.740751779435602e-30,0,813,zscreen_original_graph_v1:zel028_hek293:10281,zscreen_original_graph_v1
zel028_hek293,10309,3,0.90579839841682,3.525309855261737,0.0002565955601093,BB_3744874621,bb3,1.0,MSigDB_Hallmark_2020:Myc Targets V1,0.0745653528403928,KEGG_2021_Human:Viral myocarditis,1.0,0,814,zscreen_original_graph_v1:zel028_hek293:10309,zscreen_original_graph_v1
zel028_hek293,10573,3,0.8860798962193551,3.448973814172219,0.0003176347072997,BB_8332071132,bb1,1.0,MSigDB_Hallmark_2020:Myc Targets V1,1.283667667305466e-06,Reactome_2022:Eukaryotic Translation Termination R-HSA-72764,3.5285914473938276e-10,0,815,zscreen_original_graph_v1:zel028_hek293:10573,zscreen_original_graph_v1
zel028_hek293,10605,4,0.900918649734872,4.828277779178444,1.4093794043562155e-06,BB_7616460895,bb4,1.0,MSigDB_Hallmark_2020:Myc Targets V1,1.9470791933055078e-09,Reactome_2022:Peptide Chain Elongation R-HSA-156902,2.444200848054965e-07,0,816,zscreen_original_graph_v1:zel028_hek293:10605,zscreen_original_graph_v1
zel028_hek293,10619,3,0.92260772248737,3.590383624054456,0.0002104449192162,BB_5929339909,bb4,1.0,Reactome_2022:Chromosome Maintenance R-HSA-73886,0.4128097948955398,MSigDB_Hallmark_2020:E2F Targets,0.0566629268166784,0,817,zscreen_original_graph_v1:zel028_hek293:10619,zscreen_original_graph_v1
zel028_hek293,10630,5,0.8893889695914039,5.542974027050758,3.6430489674148834e-08,BB_0333023890,bb1,0.8,MSigDB_Hallmark_2020:Myc Targets V1,0.0003915016447269,Reactome_2022:Selenocysteine Synthesis R-HSA-2408557,1.5214426479593692e-36,0,818,zscreen_original_graph_v1:zel028_hek293:10630,zscreen_original_graph_v1
zel028_hek293,10786,4,0.9094405685424652,4.873521279742536,1.1644919668170144e-06,BB_4297446030,bb3,1.0,KEGG_2021_Human:Citrate cycle (TCA cycle),1.0,Reactome_2022:Selenoamino Acid Metabolism R-HSA-2408522,1.3339037313361256e-08,0,819,zscreen_original_graph_v1:zel028_hek293:10786,zscreen_original_graph_v1
zel028_hek293,10832,6,0.9003871503419655,7.036798348929617,3.765858475611336e-12,BB_7665146157,bb1,0.8333333333333334,MSigDB_Hallmark_2020:Myc Targets V1,9.718424187370192e-06,Reactome_2022:Response Of EIF2AK4 (GCN2) To Amino Acid Deficiency R-HSA-9633012,1.8716803718044682e-07,0,820,zscreen_original_graph_v1:zel028_hek293:10832,zscreen_original_graph_v1
zel028_hek293,10923,5,0.9056968452759392,5.643414678355709,2.146766398474612e-08,BB_5425169677,bb3,0.8,MSigDB_Hallmark_2020:E2F Targets,0.0002309881767064,Reactome_2022:Peptide Chain Elongation R-HSA-156902,1.0335887182285167e-27,0,821,zscreen_original_graph_v1:zel028_hek293:10923,zscreen_original_graph_v1
zel028_hek293,10969,3,0.932793478685592,3.629815640537698,0.000183317769575,BB_3222577192,bb3,1.0,MSigDB_Hallmark_2020:Myc Targets V1,6.833000075301533e-05,Reactome_2022:Major Pathway Of rRNA Processing In Nucleolus And Cytosol R-HSA-6791226,0.0026711238294946,0,822,zscreen_original_graph_v1:zel028_hek293:10969,zscreen_original_graph_v1
zel028_hek293,10984,4,0.8910319282966488,4.775788439973673,1.6909712900958376e-06,BB_5929339909,bb4,1.0,Reactome_2022:Complex I Biogenesis R-HSA-6799198,0.0150091185022166,Reactome_2022:Mitotic Anaphase R-HSA-68882,0.1097675625590213,0,823,zscreen_original_graph_v1:zel028_hek293:10984,zscreen_original_graph_v1
zel028_hek293,11034,3,0.8803634894765248,3.426843945704765,0.0003401075046135,BB_8715425380,bb4,1.0,MSigDB_Hallmark_2020:Myc Targets V1,1.283667667305466e-06,Reactome_2022:Mitotic Anaphase R-HSA-68882,0.0475814846770003,0,824,zscreen_original_graph_v1:zel028_hek293:11034,zscreen_original_graph_v1
zel028_hek293,11438,3,0.963021563089926,3.746837322511259,0.000117863846138,BB_8596154155,bb1,1.0,MSigDB_Hallmark_2020:Myc Targets V1,9.718424187370192e-06,Reactome_2022:Selenocysteine Synthesis R-HSA-2408557,8.702150477915127e-46,0,825,zscreen_original_graph_v1:zel028_hek293:11438,zscreen_original_graph_v1
zel028_hek293,11514,3,0.8640553324979982,3.363710340081962,0.0004062986641,BB_8243376230,bb1,1.0,MSigDB_Hallmark_2020:Myc Targets V1,0.0745653528403928,Reactome_2022:Peptide Chain Elongation R-HSA-156902,2.599900331554388e-13,0,826,zscreen_original_graph_v1:zel028_hek293:11514,zscreen_original_graph_v1
zel028_hek293,11567,5,0.8874272946889974,5.530892017802114,3.8748389309483775e-08,BB_4069834956,bb1,0.8,MSigDB_Hallmark_2020:Myc Targets V1,0.0147546553244425,Reactome_2022:Peptide Chain Elongation R-HSA-156902,1.765552455844574e-34,0,827,zscreen_original_graph_v1:zel028_hek293:11567,zscreen_original_graph_v1
zel028_hek293,11675,3,0.8920326601906203,3.4720186900231407,0.0002969042779767,BB_4261355840,bb1,1.0,Reactome_2022:Peptide Chain Elongation R-HSA-156902,2.599900331554388e-13,MSigDB_Hallmark_2020:Myc Targets V1,1.0898132706004602e-14,0,828,zscreen_original_graph_v1:zel028_hek293:11675,zscreen_original_graph_v1
zel028_hek293,11786,3,0.8684359233721243,3.3806688778864538,0.0003906426600166,BB_3222577192,bb3,1.0,Reactome_2022:Ubiquitin-dependent Degradation Of Cyclin D R-HSA-75815,3.811546502631949e-05,Reactome_2022:Viral mRNA Translation R-HSA-192823,4.3008387456409404e-10,0,829,zscreen_original_graph_v1:zel028_hek293:11786,zscreen_original_graph_v1
zel028_hek293,11880,3,0.8977903981488993,3.494308563613153,0.0002808793301002,BB_4944521105,bb1,0.6666666666666666,Reactome_2022:Complex I Biogenesis R-HSA-6799198,0.1866583407823146,KEGG_2021_Human:Ribosome biogenesis in eukaryotes,0.0795506392803507,0,830,zscreen_original_graph_v1:zel028_hek293:11880,zscreen_original_graph_v1
zel028_hek293,11945,6,0.9045760095385422,7.069736443934555,3.053023991831682e-12,BB_7767575353,bb3,0.8333333333333334,KEGG_2021_Human:Prion disease,9.806262777358387e-05,Reactome_2022:Cap-dependent Translation Initiation R-HSA-72737,1.247094057696947e-26,0,831,zscreen_original_graph_v1:zel028_hek293:11945,zscreen_original_graph_v1
zel028_hek293,11948,4,0.9048006905769236,4.8488878226431495,1.2862622646463285e-06,BB_4467099960,bb1,0.75,MSigDB_Hallmark_2020:G2-M Checkpoint,0.0001153384173981,Reactome_2022:Peptide Chain Elongation R-HSA-156902,5.9275181855263e-44,0,832,zscreen_original_graph_v1:zel028_hek293:11948,zscreen_original_graph_v1
zel028_hek293,12101,4,0.9687174866050166,5.18822684504446,2.4687301399972335e-07,BB_8243376230,bb1,1.0,MSigDB_Hallmark_2020:Myc Targets V1,6.833000075301533e-05,Reactome_2022:Selenocysteine Synthesis R-HSA-2408557,6.418951476315608e-60,0,833,zscreen_original_graph_v1:zel028_hek293:12101,zscreen_original_graph_v1
zel028_hek293,12245,7,0.8310283209967838,8.0502992641821,2.2478371922136005e-15,BB_3556381982,bb3,0.7142857142857143,MSigDB_Hallmark_2020:Myc Targets V1,9.718424187370192e-06,Reactome_2022:Selenocysteine Synthesis R-HSA-2408557,1.5214426479593692e-36,0,834,zscreen_original_graph_v1:zel028_hek293:12245,zscreen_original_graph_v1
zel028_hek293,12386,3,0.8811591209044171,3.429924065724201,0.0003373898086671,BB_4697201234,bb3,1.0,Reactome_2022:Complex I Biogenesis R-HSA-6799198,0.0878070908027354,KEGG_2021_Human:Pyrimidine metabolism,1.0,0,835,zscreen_original_graph_v1:zel028_hek293:12386,zscreen_original_graph_v1
zel028_hek293,12544,8,0.8997948969029385,9.105730504276057,2.599025173428124e-19,BB_6567642687,bb4,1.0,MSigDB_Hallmark_2020:Myc Targets V1,8.12823762147328e-16,Reactome_2022:Selenocysteine Synthesis R-HSA-2408557,3.22637245498819e-64,0,836,zscreen_original_graph_v1:zel028_hek293:12544,zscreen_original_graph_v1
zel028_hek293,12845,3,0.894908669936009,3.4831525578950155,0.0002884478084519,BB_0772210188,bb1,1.0,MSigDB_Hallmark_2020:Myc Targets V1,1.8127949542997084e-08,KEGG_2021_Human:Ribosome,1.1136591637463596e-10,0,837,zscreen_original_graph_v1:zel028_hek293:12845,zscreen_original_graph_v1
zel028_hek293,12858,3,0.9033290187748236,3.5157501704576206,0.0002628470255488,BB_2725291112,bb1,1.0,Reactome_2022:SRP-dependent Cotranslational Protein Targeting To Membrane R-HSA-1799339,0.0719148632752207,KEGG_2021_Human:Parkinson disease,5.285778181302666e-11,0,838,zscreen_original_graph_v1:zel028_hek293:12858,zscreen_original_graph_v1
zel028_hek293,13039,3,0.9146858812406784,3.5597158789663004,0.0002299231441123,BB_8729740620,bb3,1.0,MSigDB_Hallmark_2020:Myc Targets V1,1.8127949542997084e-08,Reactome_2022:Influenza Viral RNA Transcription And Replication R-HSA-168273,1.6236643933331088e-13,0,839,zscreen_original_graph_v1:zel028_hek293:13039,zscreen_original_graph_v1
zel028_hek293,13110,6,0.893843746963544,6.98534585744692,5.202621402334476e-12,BB_7253871423,bb4,0.6666666666666666,MSigDB_Hallmark_2020:Myc Targets V1,1.5788954724877929e-07,Reactome_2022:Peptide Chain Elongation R-HSA-156902,3.0428852959187384e-36,0,840,zscreen_original_graph_v1:zel028_hek293:13110,zscreen_original_graph_v1
zel028_hek293,13209,3,0.866839700999048,3.3744894381177057,0.0003948590828012,BB_2296671906,bb1,1.0,MSigDB_Hallmark_2020:Myc Targets V1,9.718424187370192e-06,KEGG_2021_Human:Ribosome,1.2675624830658515e-20,0,841,zscreen_original_graph_v1:zel028_hek293:13209,zscreen_original_graph_v1
zel028_hek293,13330,5,0.8920483472995724,5.559353206917061,3.333394365896805e-08,BB_2497342366,bb4,1.0,Reactome_2022:Biological Oxidations R-HSA-211859,0.5515207725184854,Reactome_2022:Influenza Viral RNA Transcription And Replication R-HSA-168273,0.0064022955533585,0,842,zscreen_original_graph_v1:zel028_hek293:13330,zscreen_original_graph_v1
zel028_hek293,13730,4,0.8420508799498916,4.515744412502794,4.692495584005667e-06,BB_8243376230,bb1,0.75,MSigDB_Hallmark_2020:Myc Targets V1,1.283667667305466e-06,KEGG_2021_Human:Ribosome,1.9223497429407826e-06,0,843,zscreen_original_graph_v1:zel028_hek293:13730,zscreen_original_graph_v1
zel028_hek293,13759,3,0.903880836608022,3.5178864173371824,0.0002616747302514,BB_8805984381,bb1,1.0,MSigDB_Hallmark_2020:Myc Targets V1,0.0004448231866923,Reactome_2022:Selenocysteine Synthesis R-HSA-2408557,1.6303267827441535e-08,0,844,zscreen_original_graph_v1:zel028_hek293:13759,zscreen_original_graph_v1
zel028_hek293,13796,4,0.8583024205485715,4.602025049862141,3.3228051055830754e-06,BB_1701344746,bb1,1.0,KEGG_2021_Human:Ribosome,7.168064576068233e-11,MSigDB_Hallmark_2020:Myc Targets V1,1.8127949542997084e-08,0,845,zscreen_original_graph_v1:zel028_hek293:13796,zscreen_original_graph_v1
zel028_hek293,13845,7,0.854871656045506,8.28290409236537,3.2893663098300824e-16,BB_5136219807,bb4,0.8571428571428571,MSigDB_Hallmark_2020:Myc Targets V1,5.730999377238075e-17,Reactome_2022:Peptide Chain Elongation R-HSA-156902,3.715060544572435e-40,0,846,zscreen_original_graph_v1:zel028_hek293:13845,zscreen_original_graph_v1
zel028_hek293,13928,6,0.8815310238005385,6.888527696157563,9.492871116979907e-12,BB_6167857113,bb4,1.0,MSigDB_Hallmark_2020:Myc Targets V1,1.5788954724877929e-07,MSigDB_Hallmark_2020:Apoptosis,0.1230534144343169,0,847,zscreen_original_graph_v1:zel028_hek293:13928,zscreen_original_graph_v1
zel028_hek293,13995,3,0.9023208534349996,3.5118472700225287,0.0002661037293984,BB_4179173119,bb3,1.0,MSigDB_Hallmark_2020:Myc Targets V1,1.283667667305466e-06,Reactome_2022:Nonsense Mediated Decay (NMD) Independent Of Exon Junction Complex (EJC) R-HSA-975956,8.242826498007864e-09,0,848,zscreen_original_graph_v1:zel028_hek293:13995,zscreen_original_graph_v1
zel028_hek293,14069,6,0.902895211121346,7.056519886549432,3.3189051668281318e-12,BB_0197599538,bb4,0.8333333333333334,MSigDB_Hallmark_2020:Myc Targets V1,1.9470791933055078e-09,KEGG_2021_Human:Ribosome,5.654712735092316e-70,0,849,zscreen_original_graph_v1:zel028_hek293:14069,zscreen_original_graph_v1
zel028_hek293,14143,3,0.9170256154472451,3.568773668687976,0.0002234942339116,BB_8003855586,bb1,1.0,MSigDB_Hallmark_2020:Myc Targets V1,6.833000075301533e-05,KEGG_2021_Human:Ribosome,2.209127580062596e-23,0,850,zscreen_original_graph_v1:zel028_hek293:14143,zscreen_original_graph_v1
zel028_hek293,14155,5,0.9096770749326542,5.66792902141284,1.900072431413293e-08,BB_5415608208,bb4,0.8,Reactome_2022:Formation Of Tubulin Folding Intermediates By CCT/TriC R-HSA-389960,0.0002114331245695,Reactome_2022:Selenocysteine Synthesis R-HSA-2408557,2.439687748982462e-31,0,851,zscreen_original_graph_v1:zel028_hek293:14155,zscreen_original_graph_v1
zel028_hek293,14275,5,0.8680288764371251,5.411416630498815,7.373044568728368e-08,BB_9589229674,bb3,0.8,KEGG_2021_Human:Parkinson disease,3.732900530129178e-06,Reactome_2022:Positive Epigenetic Regulation Of rRNA Expression R-HSA-5250913,0.0761258584055813,0,852,zscreen_original_graph_v1:zel028_hek293:14275,zscreen_original_graph_v1
zel028_hek293,14325,4,0.9140102579970208,4.8977821008185005,1.0449989221404366e-06,BB_6167857113,bb4,1.0,KEGG_2021_Human:Parkinson disease,0.0012611968044395,Reactome_2022:mRNA 3-End Processing R-HSA-72187,0.7891335779715162,0,853,zscreen_original_graph_v1:zel028_hek293:14325,zscreen_original_graph_v1
zel028_hek293,14474,5,0.8955246508030319,5.580763855046557,2.9770473126882865e-08,BB_7549155266,bb3,1.0,KEGG_2021_Human:Prion disease,9.806262777358387e-05,Reactome_2022:Transport Of Mature Transcript To Cytoplasm R-HSA-72202,0.93633816103784,0,854,zscreen_original_graph_v1:zel028_hek293:14474,zscreen_original_graph_v1
zel028_hek293,14583,3,0.8768039912529577,3.413064095697333,0.0003538648244457,BB_0047100301,bb4,1.0,"Reactome_2022:Synthesis, Secretion, And Inactivation Of Glucose-dependent Insulinotropic Polypeptide (GIP) R-HSA-400511",0.0613805844457145,MSigDB_Hallmark_2020:Myc Targets V1,0.0147546553244425,0,855,zscreen_original_graph_v1:zel028_hek293:14583,zscreen_original_graph_v1
zel028_hek293,14655,3,0.9154655754131517,3.5627343012476245,0.0002278552266103,BB_8629146945,bb1,1.0,MSigDB_Hallmark_2020:Myc Targets V1,1.283667667305466e-06,Reactome_2022:Formation Of A Pool Of Free 40S Subunits R-HSA-72689,2.060846072912386e-06,0,856,zscreen_original_graph_v1:zel028_hek293:14655,zscreen_original_graph_v1
zel028_hek293,14726,3,0.8782181914988514,3.4185388750187173,0.0003479639504039,BB_4330525650,bb3,1.0,KEGG_2021_Human:Pathways of neurodegeneration,0.0073431337687348,Reactome_2022:Translation R-HSA-72766,5.470034450163496e-09,0,857,zscreen_original_graph_v1:zel028_hek293:14726,zscreen_original_graph_v1
zel028_hek293,14970,3,0.9250363206224708,3.5997854318172595,0.0002034957044577,BB_2579054681,bb1,1.0,Reactome_2022:mRNA Decay By 3 To 5 Exoribonuclease R-HSA-429958,0.551258689520625,KEGG_2021_Human:Protein processing in endoplasmic reticulum,0.1285514388497443,0,858,zscreen_original_graph_v1:zel028_hek293:14970,zscreen_original_graph_v1
zel028_hek293,15009,3,0.8724450335599011,3.396189306211171,0.0003723452411702,BB_4350180461,bb1,1.0,MSigDB_Hallmark_2020:Myc Targets V1,0.0099701037138612,Reactome_2022:Selenocysteine Synthesis R-HSA-2408557,4.692972201551043e-33,0,859,zscreen_original_graph_v1:zel028_hek293:15009,zscreen_original_graph_v1
zel028_hek293,15028,4,0.8887534565570511,4.763691864101123,1.7723451846310609e-06,BB_2242759606,bb1,1.0,MSigDB_Hallmark_2020:Myc Targets V1,0.0004448231866923,Reactome_2022:WNT Ligand Biogenesis And Trafficking R-HSA-3238698,0.1420177467018142,0,860,zscreen_original_graph_v1:zel028_hek293:15028,zscreen_original_graph_v1
zel028_hek293,15039,3,0.888625063714018,3.458826895735243,0.0003079657278468,BB_2725291112,bb1,1.0,KEGG_2021_Human:Oxidative phosphorylation,0.0007066507237398,MSigDB_Hallmark_2020:Myc Targets V1,1.5788954724877929e-07,0,861,zscreen_original_graph_v1:zel028_hek293:15039,zscreen_original_graph_v1
zel028_hek293,15106,5,0.8835733303980685,5.507155346578038,4.38223369740306e-08,BB_5797976733,bb4,1.0,MSigDB_Hallmark_2020:Myc Targets V1,0.0004448231866923,Reactome_2022:Eukaryotic Translation Elongation R-HSA-156842,1.1495538786841176e-48,0,862,zscreen_original_graph_v1:zel028_hek293:15106,zscreen_original_graph_v1
zel028_hek293,15281,3,0.8726297249336551,3.396904300086192,0.0003717760929405,BB_6310246769,bb4,1.0,Reactome_2022:Recruitment Of NuMA To Mitotic Centrosomes R-HSA-380320,0.082517067173925,Reactome_2022:S Phase R-HSA-69242,0.8555562937555962,0,863,zscreen_original_graph_v1:zel028_hek293:15281,zscreen_original_graph_v1
zel028_hek293,15282,3,0.8921305193542803,3.472397531228387,0.0002968244062744,BB_1842841152,bb3,1.0,MSigDB_Hallmark_2020:Myc Targets V1,6.833000075301533e-05,Reactome_2022:Selenocysteine Synthesis R-HSA-2408557,8.911945107544376e-48,0,864,zscreen_original_graph_v1:zel028_hek293:15282,zscreen_original_graph_v1
zel028_hek293,15333,3,0.8976977090153749,3.4939497370940584,0.0002809273902694,BB_4639591781,bb4,1.0,MSigDB_Hallmark_2020:Myc Targets V1,1.9470791933055078e-09,Reactome_2022:Selenocysteine Synthesis R-HSA-2408557,1.1342512497373301e-51,0,865,zscreen_original_graph_v1:zel028_hek293:15333,zscreen_original_graph_v1
zel028_hek293,15373,3,0.9354716406465596,3.640183582253023,0.0001770005352318,BB_0527515463,bb4,1.0,MSigDB_Hallmark_2020:Myc Targets V1,1.5788954724877929e-07,Reactome_2022:Selenocysteine Synthesis R-HSA-2408557,1.0867551374853592e-53,0,866,zscreen_original_graph_v1:zel028_hek293:15373,zscreen_original_graph_v1
zel028_hek293,15434,3,0.9033572714775376,3.515859544864138,0.0002630519285574,BB_0784487728,bb4,1.0,MSigDB_Hallmark_2020:Myc Targets V1,6.833000075301533e-05,KEGG_2021_Human:Ribosome,0.001700998701902,0,867,zscreen_original_graph_v1:zel028_hek293:15434,zscreen_original_graph_v1
zel028_hek293,15734,3,0.8902593756475407,3.4651537912398376,0.000302515783386,BB_9151637064,bb4,1.0,Reactome_2022:Complex I Biogenesis R-HSA-6799198,0.0172687237123419,KEGG_2021_Human:Fanconi anemia pathway,0.5731184098125678,0,868,zscreen_original_graph_v1:zel028_hek293:15734,zscreen_original_graph_v1
zel028_hek293,15851,3,0.8827558895684207,3.436105620343573,0.0003305182658178,BB_0141978289,bb3,1.0,Reactome_2022:Cristae Formation R-HSA-8949613,0.7469638484031372,MSigDB_Hallmark_2020:E2F Targets,0.2916302958422013,0,869,zscreen_original_graph_v1:zel028_hek293:15851,zscreen_original_graph_v1
zel028_hek293,15868,4,0.9398374071921758,5.034900356174177,5.458550385640871e-07,BB_9656987821,bb3,1.0,MSigDB_Hallmark_2020:Myc Targets V1,1.283667667305466e-06,Reactome_2022:Peptide Chain Elongation R-HSA-156902,6.418951476315608e-60,0,870,zscreen_original_graph_v1:zel028_hek293:15868,zscreen_original_graph_v1
zel028_hek293,16191,3,0.919721520470348,3.579210298942959,0.0002166332686323,BB_6163126056,bb3,1.0,MSigDB_Hallmark_2020:G2-M Checkpoint,0.0929075981329437,Reactome_2022:Coenzyme A Biosynthesis R-HSA-196783,1.0,0,871,zscreen_original_graph_v1:zel028_hek293:16191,zscreen_original_graph_v1
zel028_hek293,16592,3,0.8701985472911612,3.3874925063021184,0.0003822841040178,BB_0390296220,bb3,1.0,Reactome_2022:Influenza Viral RNA Transcription And Replication R-HSA-168273,1.66460453277244e-07,MSigDB_Hallmark_2020:Myc Targets V1,1.9470791933055078e-09,0,872,zscreen_original_graph_v1:zel028_hek293:16592,zscreen_original_graph_v1
zel028_hek293,16637,3,0.8917237941229158,3.470822979892658,0.0002978893921316,BB_3050145525,bb3,1.0,MSigDB_Hallmark_2020:Myc Targets V1,0.0026720754315707,Reactome_2022:Response Of EIF2AK4 (GCN2) To Amino Acid Deficiency R-HSA-9633012,0.0136726016038129,0,873,zscreen_original_graph_v1:zel028_hek293:16637,zscreen_original_graph_v1
zel028_hek293,16677,7,0.8857447038973283,8.58408762966805,2.519155261386376e-17,BB_4350180461,bb1,0.8571428571428571,MSigDB_Hallmark_2020:Myc Targets V1,1.0898132706004602e-14,Reactome_2022:Selenocysteine Synthesis R-HSA-2408557,2.439687748982462e-31,0,874,zscreen_original_graph_v1:zel028_hek293:16677,zscreen_original_graph_v1
zel028_hek293,16770,3,0.9091917475119424,3.538446493803668,0.0002462370993098,BB_3355218593,bb1,1.0,Reactome_2022:Translation R-HSA-72766,8.556589943190222e-05,Reactome_2022:HSP90 Chaperone Cycle For Steroid Hormone Receptors (SHR) In Presence Of Ligand R-HSA-3371497,0.2296360293643291,0,875,zscreen_original_graph_v1:zel028_hek293:16770,zscreen_original_graph_v1
zel028_hek293,16788,3,0.9078330088447588,3.533186422339346,0.0002499739548654,BB_6872744579,bb1,1.0,Reactome_2022:Translation R-HSA-72766,0.7990506420910807,Reactome_2022:mRNA Splicing - Major Pathway R-HSA-72163,0.0188876422722261,0,876,zscreen_original_graph_v1:zel028_hek293:16788,zscreen_original_graph_v1
zel028_hek293,16855,4,0.9276021899959882,4.96994267837698,7.476885479856189e-07,BB_6413431763,bb1,1.0,MSigDB_Hallmark_2020:Myc Targets V1,9.718424187370192e-06,Reactome_2022:Selenocysteine Synthesis R-HSA-2408557,4.7965480925811616e-33,0,877,zscreen_original_graph_v1:zel028_hek293:16855,zscreen_original_graph_v1
zel028_hek293,16903,3,0.8578829312973152,3.339815184813176,0.0004387785833858,BB_8516334188,bb3,0.6666666666666666,Reactome_2022:rRNA Processing R-HSA-72312,0.0153816768042896,KEGG_2021_Human:Parkinson disease,5.640879166910904e-10,0,878,zscreen_original_graph_v1:zel028_hek293:16903,zscreen_original_graph_v1
zel028_hek293,16920,3,0.9300514055529916,3.619200280140418,0.0001902707594102,BB_8943054758,bb3,1.0,MSigDB_Hallmark_2020:Myc Targets V1,1.379798340459942e-13,Reactome_2022:Selenocysteine Synthesis R-HSA-2408557,7.623429764175736e-78,0,879,zscreen_original_graph_v1:zel028_hek293:16920,zscreen_original_graph_v1
zel028_hek293,16937,4,0.915729825489243,4.9069114124865525,1.0061495566156976e-06,BB_1376184322,bb3,1.0,KEGG_2021_Human:Oxidative phosphorylation,0.0059208093700551,Reactome_2022:Nucleotide Excision Repair R-HSA-5696398,0.0949576369358412,0,880,zscreen_original_graph_v1:zel028_hek293:16937,zscreen_original_graph_v1
zel028_hek293,17038,3,0.9184605570697932,3.574328743894143,0.0002201652775136,BB_6962831952,bb3,1.0,MSigDB_Hallmark_2020:Myc Targets V1,1.0898132706004602e-14,KEGG_2021_Human:Ribosome,8.048951732033286e-12,0,881,zscreen_original_graph_v1:zel028_hek293:17038,zscreen_original_graph_v1
zel028_hek293,17064,4,0.9324147796882,4.995493074874576,6.640048240608232e-07,BB_5693738549,bb3,1.0,Reactome_2022:Formation Of Tubulin Folding Intermediates By CCT/TriC R-HSA-389960,0.0071995540233111,Reactome_2022:Regulation Of Expression Of SLITs And ROBOs R-HSA-9010553,0.001700998701902,0,882,zscreen_original_graph_v1:zel028_hek293:17064,zscreen_original_graph_v1
zel028_hek293,17136,3,0.8981057703073495,3.495529460707915,0.000279926013913,BB_4350180461,bb1,1.0,MSigDB_Hallmark_2020:mTORC1 Signaling,0.0053614142273981,KEGG_2021_Human:Legionellosis,0.1951586699476207,0,883,zscreen_original_graph_v1:zel028_hek293:17136,zscreen_original_graph_v1
zel028_hek293,17143,3,0.8842145921925022,3.441752681278232,0.0003247790799363,BB_6167857113,bb4,1.0,"Reactome_2022:Respiratory Electron Transport, ATP Synthesis By Chemiosmotic Coupling, Heat Production By Uncoupling Proteins R-HSA-163200",0.0316525456452804,KEGG_2021_Human:Antigen processing and presentation,0.8763140073615565,0,884,zscreen_original_graph_v1:zel028_hek293:17143,zscreen_original_graph_v1
zel028_hek293,17272,3,0.8899330748350511,3.463890586155582,0.0003032522529165,BB_6872744579,bb1,1.0,"Reactome_2022:Respiratory Electron Transport, ATP Synthesis By Chemiosmotic Coupling, Heat Production By Uncoupling Proteins R-HSA-163200",0.0409514126058498,MSigDB_Hallmark_2020:Unfolded Protein Response,1.0,0,885,zscreen_original_graph_v1:zel028_hek293:17272,zscreen_original_graph_v1
zel028_hek293,17331,4,0.899669106400442,4.821643860710954,1.4309045993334343e-06,BB_9829174648,bb4,1.0,Reactome_2022:G1/S Transition R-HSA-69206,0.4362470256496216,MSigDB_Hallmark_2020:Myc Targets V1,9.718424187370192e-06,0,886,zscreen_original_graph_v1:zel028_hek293:17331,zscreen_original_graph_v1
zel028_hek293,17392,3,0.8963058900843666,3.488561602333992,0.0002846486000709,BB_5913790006,bb3,1.0,Reactome_2022:Mitochondrial Translation Termination R-HSA-5419276,0.1189537116925009,Reactome_2022:Nonsense Mediated Decay (NMD) Independent Of Exon Junction Complex (EJC) R-HSA-975956,5.227617230035214e-10,0,887,zscreen_original_graph_v1:zel028_hek293:17392,zscreen_original_graph_v1
zel028_hek293,17627,6,0.8979129701267063,7.017343223043279,4.26422372828794e-12,BB_5913790006,bb3,1.0,MSigDB_Hallmark_2020:Myc Targets V1,1.379798340459942e-13,Reactome_2022:Peptide Chain Elongation R-HSA-156902,1.0147271850384052e-47,0,888,zscreen_original_graph_v1:zel028_hek293:17627,zscreen_original_graph_v1
zel028_hek293,17728,3,0.8571121011816883,3.3368310778668024,0.0004430561289094,BB_8943054758,bb3,1.0,Reactome_2022:Lagging Strand Synthesis R-HSA-69186,0.2413628001880268,MSigDB_Hallmark_2020:G2-M Checkpoint,0.1849339726105064,0,889,zscreen_original_graph_v1:zel028_hek293:17728,zscreen_original_graph_v1
zel028_hek293,17945,4,0.9110130791619704,4.881869855539485,1.123356648948047e-06,BB_8003855586,bb1,1.0,Reactome_2022:APC/C:Cdc20 Mediated Degradation Of Mitotic Proteins R-HSA-176409,0.0439035454013677,KEGG_2021_Human:Protein processing in endoplasmic reticulum,0.1285514388497443,0,890,zscreen_original_graph_v1:zel028_hek293:17945,zscreen_original_graph_v1
zel028_hek293,18369,3,0.8746035871888541,3.404545693367944,0.0003631019091184,BB_6872744579,bb1,1.0,Reactome_2022:Translation R-HSA-72766,0.9278903995810786,Reactome_2022:mRNA Splicing - Major Pathway R-HSA-72163,0.0189849439240401,0,891,zscreen_original_graph_v1:zel028_hek293:18369,zscreen_original_graph_v1
zel028_hek293,18460,3,0.91518201463791,3.5616365552437217,0.0002285284411772,BB_3355218593,bb1,1.0,MSigDB_Hallmark_2020:Myc Targets V1,1.5788954724877929e-07,Reactome_2022:Selenocysteine Synthesis R-HSA-2408557,1.1342512497373301e-51,0,892,zscreen_original_graph_v1:zel028_hek293:18460,zscreen_original_graph_v1
zel028_hek293,18549,4,0.8893186596613516,4.766692569405363,1.7526547945065732e-06,BB_8290305979,bb1,1.0,MSigDB_Hallmark_2020:Myc Targets V1,1.9602482427051839e-10,Reactome_2022:Response Of EIF2AK4 (GCN2) To Amino Acid Deficiency R-HSA-9633012,4.71259674138661e-19,0,893,zscreen_original_graph_v1:zel028_hek293:18549,zscreen_original_graph_v1
zel028_hek293,18602,3,0.8713122882197005,3.3918041204618894,0.0003779464749589,BB_8942712460,bb4,1.0,Reactome_2022:Translation R-HSA-72766,0.8334827699300136,KEGG_2021_Human:Prion disease,1.8444454332537647e-09,0,894,zscreen_original_graph_v1:zel028_hek293:18602,zscreen_original_graph_v1
zel028_hek293,18936,5,0.8855553982044851,5.519362956278905,4.098234749744892e-08,BB_7549155266,bb3,0.8,KEGG_2021_Human:Parkinson disease,0.0012611968044395,KEGG_2021_Human:Antigen processing and presentation,0.1381964544180092,0,895,zscreen_original_graph_v1:zel028_hek293:18936,zscreen_original_graph_v1
zel028_hek293,18960,3,0.9045467642044628,3.520464416206238,0.0002597648703931,BB_8135509566,bb4,1.0,KEGG_2021_Human:Thermogenesis,0.1545712534448663,Reactome_2022:Plasma Lipoprotein Assembly R-HSA-8963898,1.0,0,896,zscreen_original_graph_v1:zel028_hek293:18960,zscreen_original_graph_v1
zel028_hek293,19288,3,0.879639894324337,3.4240426990017228,0.0003424961664756,BB_8290305979,bb1,1.0,MSigDB_Hallmark_2020:Myc Targets V1,0.0745653528403928,Reactome_2022:FGFR2 Alternative Splicing R-HSA-6803529,0.6639198257830254,0,897,zscreen_original_graph_v1:zel028_hek293:19288,zscreen_original_graph_v1
zel028_hek293,19420,4,0.9061803307765588,4.856212435040867,1.2473074653579716e-06,BB_7410067331,bb1,0.75,MSigDB_Hallmark_2020:Myc Targets V1,1.9470791933055078e-09,Reactome_2022:Eukaryotic Translation Elongation R-HSA-156842,5.62011706226087e-41,0,898,zscreen_original_graph_v1:zel028_hek293:19420,zscreen_original_graph_v1
zel028_hek293,19448,7,0.9006630384622204,8.729624176512543,7.227778446520418e-18,BB_7549155266,bb3,0.5714285714285714,MSigDB_Hallmark_2020:Myc Targets V1,5.730999377238075e-17,Reactome_2022:Peptide Chain Elongation R-HSA-156902,1.0867551374853592e-53,0,899,zscreen_original_graph_v1:zel028_hek293:19448,zscreen_original_graph_v1
zel028_hek293,19492,3,0.8681177697270316,3.379437212850166,0.0003911381652988,BB_1998211288,bb1,1.0,MSigDB_Hallmark_2020:Oxidative Phosphorylation,9.285317485669127e-05,KEGG_2021_Human:Antigen processing and presentation,0.1381964544180092,0,900,zscreen_original_graph_v1:zel028_hek293:19492,zscreen_original_graph_v1
zel028_hek293,19685,3,0.8932609232855574,3.476773652704632,0.0002933630604491,BB_3615416380,bb1,1.0,MSigDB_Hallmark_2020:Myc Targets V1,1.283667667305466e-06,Reactome_2022:Response Of EIF2AK4 (GCN2) To Amino Acid Deficiency R-HSA-9633012,6.8214283284075695e-22,0,901,zscreen_original_graph_v1:zel028_hek293:19685,zscreen_original_graph_v1
zel028_hek293,20050,3,0.8943612591074753,3.481033371808703,0.0002900689953033,BB_8259233692,bb1,0.6666666666666666,MSigDB_Hallmark_2020:Myc Targets V1,0.0026720754315707,Reactome_2022:Eukaryotic Translation Termination R-HSA-72764,2.6138086150176086e-10,0,902,zscreen_original_graph_v1:zel028_hek293:20050,zscreen_original_graph_v1
zel028_hek293,20061,8,0.8645292090173091,8.740543254545525,6.5993242356092004e-18,BB_5044717039,bb4,0.75,Reactome_2022:Mitochondrial Translation Initiation R-HSA-5368286,0.7769739700674096,Reactome_2022:RHOF GTPase Cycle R-HSA-9035034,0.380792685979394,0,903,zscreen_original_graph_v1:zel028_hek293:20061,zscreen_original_graph_v1
zel028_hek293,20606,3,0.9109160825128638,3.5451218947121275,0.000241256765647,BB_7253871423,bb4,1.0,Reactome_2022:Mitochondrial Translation Elongation R-HSA-5389840,0.0200121580029555,MSigDB_Hallmark_2020:G2-M Checkpoint,0.1849339726105064,0,904,zscreen_original_graph_v1:zel028_hek293:20606,zscreen_original_graph_v1
zel028_hek293,20618,3,0.9102555057385834,3.542564610427587,0.0002430146977162,BB_6290953361,bb1,1.0,Reactome_2022:Detoxification Of Reactive Oxygen Species R-HSA-3299685,0.2398921656984403,KEGG_2021_Human:Legionellosis,0.1951586699476207,0,905,zscreen_original_graph_v1:zel028_hek293:20618,zscreen_original_graph_v1
zel028_hek293,21011,4,0.8752534303974291,4.692019221477035,2.389608385206766e-06,BB_0657779575,bb4,1.0,MSigDB_Hallmark_2020:Myc Targets V1,0.0004448231866923,Reactome_2022:Eukaryotic Translation Termination R-HSA-72764,0.0081671931064451,0,906,zscreen_original_graph_v1:zel028_hek293:21011,zscreen_original_graph_v1
zel028_hek293,21152,3,0.907970028462914,3.5337168650219,0.0002500776330004,BB_6776932943,bb3,1.0,Reactome_2022:DDX58/IFIH1-mediated Induction Of Interferon-Alpha/Beta R-HSA-168928,0.0989843962648496,Reactome_2022:mRNA Splicing - Major Pathway R-HSA-72163,1.0,0,907,zscreen_original_graph_v1:zel028_hek293:21152,zscreen_original_graph_v1
zel028_hek293,21769,3,0.917770247787174,3.571656356446313,0.0002213220468026,BB_0411171276,bb3,1.0,"Reactome_2022:mRNA Activation Upon Binding Of Cap-Binding Complex And eIFs, Subsequent Binding To 43S R-HSA-72662",0.0040693344769267,Reactome_2022:Nucleotide Excision Repair R-HSA-5696398,1.0,0,908,zscreen_original_graph_v1:zel028_hek293:21769,zscreen_original_graph_v1
zel028_hek293,21948,4,0.9070456545612932,4.860806503351853,1.2288814407172654e-06,BB_3691524891,bb3,1.0,MSigDB_Hallmark_2020:Myc Targets V1,1.283667667305466e-06,Reactome_2022:Eukaryotic Translation Elongation R-HSA-156842,3.771320562582215e-32,0,909,zscreen_original_graph_v1:zel028_hek293:21948,zscreen_original_graph_v1
zel028_hek293,22495,4,0.8972859162347597,4.808991326928385,1.5064659136617174e-06,BB_5044717039,bb4,1.0,MSigDB_Hallmark_2020:Myc Targets V1,0.0004448231866923,Reactome_2022:SRP-dependent Cotranslational Protein Targeting To Membrane R-HSA-1799339,5.439027082006084e-26,0,910,zscreen_original_graph_v1:zel028_hek293:22495,zscreen_original_graph_v1
zel028_hek293,22652,3,0.9505202970076536,3.698441295684736,0.000142588771865,BB_5415608208,bb4,1.0,MSigDB_Hallmark_2020:Myc Targets V1,9.718424187370192e-06,Reactome_2022:Peptide Chain Elongation R-HSA-156902,8.82776227922287e-35,0,911,zscreen_original_graph_v1:zel028_hek293:22652,zscreen_original_graph_v1
zel028_hek293,22671,5,0.9469208135574574,5.897314223806429,4.960695097185062e-09,BB_0141978289,bb3,1.0,MSigDB_Hallmark_2020:Myc Targets V1,5.730999377238075e-17,Reactome_2022:Selenocysteine Synthesis R-HSA-2408557,3.1624198429308776e-80,0,912,zscreen_original_graph_v1:zel028_hek293:22671,zscreen_original_graph_v1
zel028_hek293,22801,6,0.917328762879698,7.170014677556924,1.560220133182313e-12,BB_2053918042,bb1,1.0,MSigDB_Hallmark_2020:Myc Targets V1,5.730999377238075e-17,Reactome_2022:Peptide Chain Elongation R-HSA-156902,2.0635921659108842e-66,0,913,zscreen_original_graph_v1:zel028_hek293:22801,zscreen_original_graph_v1
zel028_hek293,22909,3,0.8742322072271129,3.4031079738223413,0.0003642253728116,BB_3829381442,bb3,1.0,MSigDB_Hallmark_2020:Myc Targets V1,1.8127949542997084e-08,Reactome_2022:Selenocysteine Synthesis R-HSA-2408557,1.1611127669153404e-29,0,914,zscreen_original_graph_v1:zel028_hek293:22909,zscreen_original_graph_v1
zel028_hek293,23572,3,0.9479755974946268,3.688590025814357,0.0001476454742665,BB_8276479476,bb3,1.0,MSigDB_Hallmark_2020:Myc Targets V1,2.4165132863902857e-19,Reactome_2022:Selenocysteine Synthesis R-HSA-2408557,1.0147271850384052e-47,0,915,zscreen_original_graph_v1:zel028_hek293:23572,zscreen_original_graph_v1
zel028_hek293,23588,4,0.904998230936484,4.849936579099412,1.2821181707244197e-06,BB_9656987821,bb3,1.0,MSigDB_Hallmark_2020:Myc Targets V1,0.3431743045536508,KEGG_2021_Human:Ribosome,1.0,0,916,zscreen_original_graph_v1:zel028_hek293:23588,zscreen_original_graph_v1
zel028_hek293,23713,3,0.9129951733040184,3.553170658176668,0.0002351421960762,BB_5033587669,bb1,1.0,MSigDB_Hallmark_2020:Myc Targets V1,1.283667667305466e-06,Reactome_2022:Eukaryotic Translation Termination R-HSA-72764,3.2456324411596957e-41,0,917,zscreen_original_graph_v1:zel028_hek293:23713,zscreen_original_graph_v1
zel028_hek293,23810,3,0.9105835535935712,3.5438345788200603,0.0002421421088648,BB_9254267248,bb1,1.0,MSigDB_Hallmark_2020:Myc Targets V1,0.0004448231866923,KEGG_2021_Human:Cardiac muscle contraction,1.0,0,918,zscreen_original_graph_v1:zel028_hek293:23810,zscreen_original_graph_v1
zel028_hek293,23910,5,0.8873058728108345,5.530144177141487,3.882017723700973e-08,BB_3556786606,bb3,1.0,KEGG_2021_Human:Parkinson disease,2.812720335203134e-05,Reactome_2022:Cyclin E Associated Events During G1/S Transition R-HSA-69202,0.5267649431121737,0,919,zscreen_original_graph_v1:zel028_hek293:23910,zscreen_original_graph_v1
zel028_hek293,23954,3,0.8628882288503412,3.359192143359357,0.000412567556812,BB_2725291112,bb1,1.0,MSigDB_Hallmark_2020:Myc Targets V1,6.833000075301533e-05,KEGG_2021_Human:Ribosome,1.0686336851070781e-43,0,920,zscreen_original_graph_v1:zel028_hek293:23954,zscreen_original_graph_v1
zel028_hek293,24234,4,0.9637991853139766,5.162115217808905,2.826254497039513e-07,BB_8135509566,bb4,1.0,MSigDB_Hallmark_2020:Myc Targets V1,1.8127949542997084e-08,Reactome_2022:Peptide Chain Elongation R-HSA-156902,3.542104184428325e-73,0,921,zscreen_original_graph_v1:zel028_hek293:24234,zscreen_original_graph_v1
zel028_hek293,25088,6,0.8715608373027435,6.810129513103405,1.5940502706457988e-11,BB_0068057945,bb3,0.8333333333333334,MSigDB_Hallmark_2020:Myc Targets V1,1.9470791933055078e-09,Reactome_2022:Selenocysteine Synthesis R-HSA-2408557,5.9275181855263e-44,0,922,zscreen_original_graph_v1:zel028_hek293:25088,zscreen_original_graph_v1
zel028_hek293,25247,5,0.9092614789422916,5.665369354368572,1.9186380104171903e-08,BB_3744874621,bb3,0.8,MSigDB_Hallmark_2020:Myc Targets V1,2.4165132863902857e-19,Reactome_2022:Selenocysteine Synthesis R-HSA-2408557,2.0635921659108842e-66,0,923,zscreen_original_graph_v1:zel028_hek293:25247,zscreen_original_graph_v1
zel028_hek293,25292,3,0.9459284368887314,3.68066487335787,0.0001521136170332,BB_1685533675,bb4,1.0,MSigDB_Hallmark_2020:Myc Targets V1,1.8127949542997084e-08,Reactome_2022:Eukaryotic Translation Termination R-HSA-72764,1.390897036110653e-37,0,924,zscreen_original_graph_v1:zel028_hek293:25292,zscreen_original_graph_v1
zel028_hek293,25420,6,0.8396500116287302,6.559206348009759,7.963972131296267e-11,BB_9151637064,bb4,0.8333333333333334,MSigDB_Hallmark_2020:Myc Targets V1,1.9470791933055078e-09,Reactome_2022:Selenocysteine Synthesis R-HSA-2408557,1.5214426479593692e-36,0,925,zscreen_original_graph_v1:zel028_hek293:25420,zscreen_original_graph_v1
zel028_hek293,25511,3,0.882333621988232,3.434470900067699,0.0003321487763365,BB_5136219807,bb4,1.0,MSigDB_Hallmark_2020:Myc Targets V1,1.9470791933055078e-09,KEGG_2021_Human:Ribosome,0.00851259176756,0,926,zscreen_original_graph_v1:zel028_hek293:25511,zscreen_original_graph_v1
zel028_hek293,25814,3,0.9190418421964116,3.57657906721312,0.00021855168068,BB_9974692940,bb4,1.0,MSigDB_Hallmark_2020:G2-M Checkpoint,0.0001153384173981,Reactome_2022:Selenoamino Acid Metabolism R-HSA-2408522,1.6100682339058135e-20,0,927,zscreen_original_graph_v1:zel028_hek293:25814,zscreen_original_graph_v1
zel028_hek293,26127,3,0.9236353838318494,3.594361999178119,0.0002075182260314,BB_4244930596,bb4,1.0,MSigDB_Hallmark_2020:Myc Targets V1,9.718424187370192e-06,Reactome_2022:SRP-dependent Cotranslational Protein Targeting To Membrane R-HSA-1799339,1.0032523765645277e-08,0,928,zscreen_original_graph_v1:zel028_hek293:26127,zscreen_original_graph_v1
zel028_hek293,26271,3,0.8672083200045249,3.375916469200831,0.0003940704446872,BB_4297446030,bb3,1.0,Reactome_2022:Chaperone Mediated Autophagy R-HSA-9613829,0.0022074092490047,KEGG_2021_Human:Parkinson disease,4.648578026778226e-12,0,929,zscreen_original_graph_v1:zel028_hek293:26271,zscreen_original_graph_v1
zel028_hek293,26414,3,0.8970502333997454,3.4914431711944687,0.0002822529666444,BB_0822728753,bb3,1.0,KEGG_2021_Human:Thermogenesis,0.0023838787545784,KEGG_2021_Human:Parkinson disease,5.640879166910904e-10,0,930,zscreen_original_graph_v1:zel028_hek293:26414,zscreen_original_graph_v1
zel028_hek293,27302,3,0.8806875025240029,3.4280982941871265,0.0003392905311466,BB_4639591781,bb4,1.0,Reactome_2022:Nervous System Development R-HSA-9675108,0.1888321684980008,KEGG_2021_Human:Parkinson disease,5.639770725383014e-09,0,931,zscreen_original_graph_v1:zel028_hek293:27302,zscreen_original_graph_v1
zel028_hek293,28157,3,0.90569008324107,3.5248905358010667,0.0002566927939039,BB_3734996210,bb4,1.0,KEGG_2021_Human:Parkinson disease,0.4455822765124642,KEGG_2021_Human:Cardiac muscle contraction,1.0,0,932,zscreen_original_graph_v1:zel028_hek293:28157,zscreen_original_graph_v1
zel028_hek293,28327,3,0.8906486497786797,3.46666078430514,0.0003011664174108,BB_8984708114,bb4,1.0,Reactome_2022:Eukaryotic Translation Termination R-HSA-72764,3.5285914473938276e-10,KEGG_2021_Human:Parkinson disease,5.639770725383014e-09,0,933,zscreen_original_graph_v1:zel028_hek293:28327,zscreen_original_graph_v1
zel028_hek293,28860,5,0.9334008603006564,5.814044462802958,8.165967277681983e-09,BB_1998369695,bb4,1.0,MSigDB_Hallmark_2020:Myc Targets V1,1.6476271550783957e-12,Reactome_2022:Peptide Chain Elongation R-HSA-156902,5.26520112709925e-42,0,934,zscreen_original_graph_v1:zel028_hek293:28860,zscreen_original_graph_v1
zel028_hek293,28916,5,0.9263458783129466,5.77059263624395,1.054989096099666e-08,BB_2149000943,bb4,0.8,MSigDB_Hallmark_2020:Myc Targets V1,1.283667667305466e-06,Reactome_2022:Peptide Chain Elongation R-HSA-156902,1.5395381607728108e-26,0,935,zscreen_original_graph_v1:zel028_hek293:28916,zscreen_original_graph_v1
zel028_hek293,29003,3,0.9272756229829008,3.608454420733649,0.0001975686639748,BB_7696656032,bb3,1.0,MSigDB_Hallmark_2020:Myc Targets V1,0.0026720754315707,Reactome_2022:Selenoamino Acid Metabolism R-HSA-2408522,0.0023334837446986,0,936,zscreen_original_graph_v1:zel028_hek293:29003,zscreen_original_graph_v1
zel028_hek293,29483,4,0.8915072761619428,4.778312097133186,1.6793420839257471e-06,BB_8187164141,bb1,0.75,Reactome_2022:Complex I Biogenesis R-HSA-6799198,0.9163982818562872,Reactome_2022:FGFR2 Alternative Splicing R-HSA-6803529,0.691569559624005,0,937,zscreen_original_graph_v1:zel028_hek293:29483,zscreen_original_graph_v1
zel028_hek293,29757,3,0.8673022287733448,3.376280017281893,0.0003939691806321,BB_3406231744,bb4,1.0,Reactome_2022:Separation Of Sister Chromatids R-HSA-2467813,0.0025788204789551,KEGG_2021_Human:Spliceosome,0.2252767985957175,0,938,zscreen_original_graph_v1:zel028_hek293:29757,zscreen_original_graph_v1
zel028_hek293,29943,3,0.9342026173057668,3.635270824837869,0.0001801756316406,BB_0989365327,bb4,1.0,MSigDB_Hallmark_2020:Myc Targets V1,1.5788954724877929e-07,Reactome_2022:ATF6 (ATF6-alpha) Activates Chaperone Genes R-HSA-381183,0.3880833750962854,0,939,zscreen_original_graph_v1:zel028_hek293:29943,zscreen_original_graph_v1
zel028_hek293,29953,3,0.921803218542272,3.587269155947564,0.0002119007926058,BB_4501961276,bb4,1.0,MSigDB_Hallmark_2020:Myc Targets V1,9.718424187370192e-06,Reactome_2022:Selenocysteine Synthesis R-HSA-2408557,2.366458584417271e-17,0,940,zscreen_original_graph_v1:zel028_hek293:29953,zscreen_original_graph_v1
zel028_hek293,30187,5,0.908727585347072,5.662081089148212,1.9456712829499184e-08,BB_8713766777,bb3,1.0,MSigDB_Hallmark_2020:Myc Targets V1,1.0898132706004602e-14,Reactome_2022:Nonsense Mediated Decay (NMD) Independent Of Exon Junction Complex (EJC) R-HSA-975956,2.766533809116144e-30,0,941,zscreen_original_graph_v1:zel028_hek293:30187,zscreen_original_graph_v1
zel028_hek293,30304,3,0.8845623776131015,3.443099059511798,0.0003235275105257,BB_9413321613,bb4,1.0,Reactome_2022:Mismatch Repair (MMR) Directed By MSH2:MSH3 (MutSbeta) R-HSA-5358606,0.1916958910136003,KEGG_2021_Human:Oxidative phosphorylation,1.610442328898165e-09,0,942,zscreen_original_graph_v1:zel028_hek293:30304,zscreen_original_graph_v1
zel028_hek293,31333,5,0.9008446146640082,5.61352965762267,2.5142102030511484e-08,BB_4944521105,bb1,0.8,Reactome_2022:ERCC6 (CSB) And EHMT2 (G9a) Positively Regulate rRNA Expression R-HSA-427389,0.0359263376415587,Reactome_2022:HSP90 Chaperone Cycle For Steroid Hormone Receptors (SHR) In Presence Of Ligand R-HSA-3371497,1.0,0,943,zscreen_original_graph_v1:zel028_hek293:31333,zscreen_original_graph_v1
zel028_hek293,32087,3,0.921922025955134,3.587729093901226,0.0002120616160732,BB_0965953915,bb1,1.0,MSigDB_Hallmark_2020:Myc Targets V1,1.9602482427051839e-10,Reactome_2022:Selenocysteine Synthesis R-HSA-2408557,1.2310550853854938e-68,0,944,zscreen_original_graph_v1:zel028_hek293:32087,zscreen_original_graph_v1
zel028_hek293,32217,3,0.8960220785071398,3.487462885402862,0.0002851567852103,BB_8943054758,bb3,1.0,MSigDB_Hallmark_2020:Myc Targets V1,1.9470791933055078e-09,Reactome_2022:L13a-mediated Translational Silencing Of Ceruloplasmin Expression R-HSA-156827,1.727634056982746e-23,0,945,zscreen_original_graph_v1:zel028_hek293:32217,zscreen_original_graph_v1
zel028_hek293,32670,3,0.883543088323171,3.4391530950394937,0.0003271836819671,BB_3980030738,bb4,1.0,MSigDB_Hallmark_2020:Myc Targets V1,0.0745653528403928,Reactome_2022:SRP-dependent Cotranslational Protein Targeting To Membrane R-HSA-1799339,0.0001315301168573,0,946,zscreen_original_graph_v1:zel028_hek293:32670,zscreen_original_graph_v1
zel028_hek293,32890,3,0.931370767952337,3.624307914651388,0.0001870284702645,BB_9279669837,bb4,1.0,Reactome_2022:Translation R-HSA-72766,0.6929594427391064,KEGG_2021_Human:Ribosome biogenesis in eukaryotes,0.5244069546979796,0,947,zscreen_original_graph_v1:zel028_hek293:32890,zscreen_original_graph_v1
zel028_hek293,32957,4,0.915127854838131,4.90371550554258,1.020462803666875e-06,BB_8243376230,bb1,1.0,"Reactome_2022:Respiratory Electron Transport, ATP Synthesis By Chemiosmotic Coupling, Heat Production By Uncoupling Proteins R-HSA-163200",1.0,KEGG_2021_Human:Amphetamine addiction,0.979222458871362,0,948,zscreen_original_graph_v1:zel028_hek293:32957,zscreen_original_graph_v1
zel028_hek293,33339,3,0.9164040182242656,3.566367285552009,0.0002249986001903,BB_8715425380,bb4,1.0,MSigDB_Hallmark_2020:Myc Targets V1,9.718424187370192e-06,Reactome_2022:mRNA Decay By 3 To 5 Exoribonuclease R-HSA-429958,0.7240884005640805,0,949,zscreen_original_graph_v1:zel028_hek293:33339,zscreen_original_graph_v1
zel028_hek293,34127,3,0.8747900084503136,3.4052673841400027,0.0003629334501963,BB_6317837957,bb1,0.6666666666666666,MSigDB_Hallmark_2020:Myc Targets V1,1.6476271550783957e-12,Reactome_2022:Selenocysteine Synthesis R-HSA-2408557,5.26520112709925e-42,0,950,zscreen_original_graph_v1:zel028_hek293:34127,zscreen_original_graph_v1
zel028_hek293,34513,3,0.8973483803333736,3.4925973844480027,0.0002816933147744,BB_0502010716,bb4,1.0,MSigDB_Hallmark_2020:Myc Targets V1,0.0004448231866923,Reactome_2022:Eukaryotic Translation Termination R-HSA-72764,1.2227377038903932e-15,0,951,zscreen_original_graph_v1:zel028_hek293:34513,zscreen_original_graph_v1
zel028_hek293,34724,3,0.9263973355352046,3.6050543152883,0.000199664716438,BB_5438514157,bb4,1.0,MSigDB_Hallmark_2020:Myc Targets V1,1.8127949542997084e-08,Reactome_2022:Eukaryotic Translation Elongation R-HSA-156842,1.6421895758317449e-19,0,952,zscreen_original_graph_v1:zel028_hek293:34724,zscreen_original_graph_v1
zel028_hek293,34737,4,0.9147463094190316,4.901689852544235,1.0288265864759534e-06,BB_1274079422,bb4,1.0,MSigDB_Hallmark_2020:Myc Targets V1,1.9470791933055078e-09,Reactome_2022:Selenocysteine Synthesis R-HSA-2408557,6.8437797089565936e-71,0,953,zscreen_original_graph_v1:zel028_hek293:34737,zscreen_original_graph_v1
zel028_hek293,35308,5,0.876348571897485,5.462657861843853,5.5832328681285936e-08,BB_0784487728,bb4,0.8,MSigDB_Hallmark_2020:Myc Targets V1,1.8531169888936197e-11,Reactome_2022:Response Of EIF2AK4 (GCN2) To Amino Acid Deficiency R-HSA-9633012,2.146757645207752e-20,0,954,zscreen_original_graph_v1:zel028_hek293:35308,zscreen_original_graph_v1
zel028_hek293,35526,3,0.8850815223574795,3.445108819388151,0.000321850695585,BB_6776932943,bb3,1.0,Reactome_2022:RHOBTB GTPase Cycle R-HSA-9706574,0.0975793349738103,Reactome_2022:Selenoamino Acid Metabolism R-HSA-2408522,0.1154836480163353,0,955,zscreen_original_graph_v1:zel028_hek293:35526,zscreen_original_graph_v1
zel028_hek293,36031,3,0.9036517398927884,3.5169995175061293,0.0002622373253599,BB_8003855586,bb1,1.0,Reactome_2022:Complex I Biogenesis R-HSA-6799198,0.1479583944286326,Reactome_2022:Mitochondrial Translation Elongation R-HSA-5389840,0.0067019771117206,0,956,zscreen_original_graph_v1:zel028_hek293:36031,zscreen_original_graph_v1
zel028_hek293,36066,3,0.8864147285836032,3.4502700473677925,0.0003168237229395,BB_7882633117,bb3,1.0,MSigDB_Hallmark_2020:Myc Targets V1,1.8531169888936197e-11,Reactome_2022:Response Of EIF2AK4 (GCN2) To Amino Acid Deficiency R-HSA-9633012,6.283462321848816e-19,0,957,zscreen_original_graph_v1:zel028_hek293:36066,zscreen_original_graph_v1
zel028_hek293,37053,3,0.893435115624882,3.477448001772274,0.000292962474213,BB_1702767752,bb1,0.6666666666666666,MSigDB_Hallmark_2020:Myc Targets V1,1.283667667305466e-06,Reactome_2022:Selenoamino Acid Metabolism R-HSA-2408522,1.6861467869283156e-06,0,958,zscreen_original_graph_v1:zel028_hek293:37053,zscreen_original_graph_v1
zel028_hek293,37275,4,0.9077268668831984,4.864423110217777,1.2116840432605194e-06,BB_4156651179,bb4,1.0,MSigDB_Hallmark_2020:Myc Targets V1,1.8127949542997084e-08,Reactome_2022:Selenocysteine Synthesis R-HSA-2408557,1.885038696554644e-18,0,959,zscreen_original_graph_v1:zel028_hek293:37275,zscreen_original_graph_v1
zel028_hek293,38277,3,0.8973271808092411,3.4925153149414525,0.0002814507099677,BB_3615416380,bb1,1.0,MSigDB_Hallmark_2020:E2F Targets,4.5564029843267286e-08,Reactome_2022:Peptide Chain Elongation R-HSA-156902,1.3687559417913187e-70,0,960,zscreen_original_graph_v1:zel028_hek293:38277,zscreen_original_graph_v1
zel028_hek293,40237,3,0.9218033974928088,3.5872698487169936,0.0002121674432184,BB_3554179083,bb1,1.0,MSigDB_Hallmark_2020:Myc Targets V1,0.0026720754315707,Reactome_2022:Translation R-HSA-72766,2.179142636396853e-06,0,961,zscreen_original_graph_v1:zel028_hek293:40237,zscreen_original_graph_v1
zel028_hek293,41824,3,0.9113838486654132,3.546932753157852,0.0002398974749342,BB_3943870750,bb1,1.0,KEGG_2021_Human:Parkinson disease,0.0220816076349809,Reactome_2022:Synthesis Of UDP-N-acetyl-glucosamine R-HSA-446210,1.0,0,962,zscreen_original_graph_v1:zel028_hek293:41824,zscreen_original_graph_v1
zel028_hek293,42789,3,0.9127766061803444,3.5523245214485075,0.0002356106105593,BB_1998211288,bb1,1.0,MSigDB_Hallmark_2020:Myc Targets V1,1.9470791933055078e-09,Reactome_2022:Peptide Chain Elongation R-HSA-156902,4.9308085968719116e-12,0,963,zscreen_original_graph_v1:zel028_hek293:42789,zscreen_original_graph_v1
zel028_hek293,45346,3,0.9070255597848104,3.530060552838678,0.0002526405914632,BB_7609608884,bb4,1.0,KEGG_2021_Human:Ribosome,0.1010481920142934,KEGG_2021_Human:Prion disease,1.5898326940811393e-12,0,964,zscreen_original_graph_v1:zel028_hek293:45346,zscreen_original_graph_v1
zel028_hek293,45721,3,0.900259575294356,3.503867464494433,0.0002732327754961,BB_6872744579,bb1,1.0,MSigDB_Hallmark_2020:Myc Targets V1,0.2274824506616276,Reactome_2022:Peptide Chain Elongation R-HSA-156902,1.373804416334644e-09,0,965,zscreen_original_graph_v1:zel028_hek293:45721,zscreen_original_graph_v1
zel031_a549,321,3,0.8518349407964473,4.569570311106426,3.7915736809464815e-06,BB_6776932943,bb1,1.0,KEGG_2021_Human:Protein processing in endoplasmic reticulum,0.0035470832578438,Reactome_2022:Processing Of Capped Intron-Containing Pre-mRNA R-HSA-72203,0.4834535630409014,0,966,zscreen_original_graph_v1:zel031_a549:321,zscreen_original_graph_v1
zel031_a549,483,22,0.7805219525048006,33.21689682938939,1.9319802348813118e-240,BB_3717371053,bb0,0.9545454545454546,MSigDB_Hallmark_2020:mTORC1 Signaling,2.808447395213387e-07,Reactome_2022:Unwinding Of DNA R-HSA-176974,1.0,0,967,zscreen_original_graph_v1:zel031_a549:483,zscreen_original_graph_v1
zel031_a549,636,4,0.8344772932754282,6.739606506347582,2.5305040654565103e-11,BB_3103020399,bb0,0.75,MSigDB_Hallmark_2020:Myc Targets V1,0.3431743045536508,Reactome_2022:Antigen Processing: Ubiquitination And Proteasome Degradation R-HSA-983168,1.0,0,968,zscreen_original_graph_v1:zel031_a549:636,zscreen_original_graph_v1
zel031_a549,1389,4,0.9033355494904184,7.293227017058998,6.83264254188848e-13,BB_6776932943,bb1,1.0,Reactome_2022:Extracellular Matrix Organization R-HSA-1474244,0.0015699640338241,Reactome_2022:Beta-oxidation Of Very Long Chain Fatty Acids R-HSA-390247,1.0,0,969,zscreen_original_graph_v1:zel031_a549:1389,zscreen_original_graph_v1
zel031_a549,2293,3,0.8382707887147394,4.496473385748715,5.09322487041955e-06,BB_3287363216,bb1,1.0,MSigDB_Hallmark_2020:Oxidative Phosphorylation,0.0186748448286939,Reactome_2022:Mitochondrial Translation Elongation R-HSA-5389840,1.0,0,970,zscreen_original_graph_v1:zel031_a549:2293,zscreen_original_graph_v1
zel031_a549,4293,3,0.8330755643872529,4.468476433001851,5.690827887072427e-06,BB_6776932943,bb1,1.0,MSigDB_Hallmark_2020:mTORC1 Signaling,1.8357839908389e-05,Reactome_2022:Formation Of A Pool Of Free 40S Subunits R-HSA-72689,1.2229500954501378e-10,0,971,zscreen_original_graph_v1:zel031_a549:4293,zscreen_original_graph_v1
zel031_thp1,36,4,0.8243023721025625,5.458323100857404,5.6943174030837616e-08,BB_5059195690,bb0,0.5,Reactome_2022:Peptide Chain Elongation R-HSA-156902,1.670347665443065e-24,Reactome_2022:Metabolism Of Steroids R-HSA-8957322,1.0,0,972,zscreen_original_graph_v1:zel031_thp1:36,zscreen_original_graph_v1
zel031_thp1,537,3,0.8467561898385806,3.521135878720933,0.0002594186345233,BB_3140609311,bb1,1.0,Reactome_2022:Diseases Of Signal Transduction By Growth Factor Receptors And Second Messengers R-HSA-5663202,0.0615716979001708,Reactome_2022:Collagen Degradation R-HSA-1442490,1.0,0,973,zscreen_original_graph_v1:zel031_thp1:537,zscreen_original_graph_v1
zel031_thp1,540,3,0.8370491441285105,3.4801842335408053,0.0002906547093768,BB_8516334188,bb1,1.0,KEGG_2021_Human:Lipid and atherosclerosis,0.1577389267889923,Reactome_2022:TNFR1-induced NFkappaB Signaling Pathway R-HSA-5357956,0.1411612857052433,0,974,zscreen_original_graph_v1:zel031_thp1:540,zscreen_original_graph_v1
zel031_thp1,614,3,0.9612779491519492,4.004275094593771,4.115860523991614e-05,BB_7271426626,bb0,0.6666666666666666,Reactome_2022:FOXO-mediated Transcription Of Cell Death Genes R-HSA-9614657,0.4946076233867968,Reactome_2022:Influenza Infection R-HSA-168255,6.182538218737157e-06,0,975,zscreen_original_graph_v1:zel031_thp1:614,zscreen_original_graph_v1
zel031_thp1,642,3,0.8728333803378229,3.631149149958723,0.0001826074460546,BB_3717371053,bb0,1.0,KEGG_2021_Human:Glutamatergic synapse,1.0,KEGG_2021_Human:Rheumatoid arthritis,0.0001300550484264,0,976,zscreen_original_graph_v1:zel031_thp1:642,zscreen_original_graph_v1
zel031_thp1,717,13,0.7778461427362368,17.996065675977935,2.507426648033176e-71,BB_3717371053,bb0,1.0,Reactome_2022:Cap-dependent Translation Initiation R-HSA-72737,3.9754376184008944e-05,Reactome_2022:Role Of Phospholipids In Phagocytosis R-HSA-2029485,1.0,0,977,zscreen_original_graph_v1:zel031_thp1:717,zscreen_original_graph_v1
zel031_thp1,769,4,0.8658683530204855,5.737557023464901,1.2794220687617132e-08,BB_5797976733,bb1,1.0,Reactome_2022:SUMOylation Of Chromatin Organization Proteins R-HSA-4551638,0.3432477515241987,Reactome_2022:SRP-dependent Cotranslational Protein Targeting To Membrane R-HSA-1799339,1.4754932963863645e-06,0,978,zscreen_original_graph_v1:zel031_thp1:769,zscreen_original_graph_v1
zel031_thp1,1522,3,0.9198646710725886,3.829562631058901,8.471153865217951e-05,BB_6598495385,bb0,0.6666666666666666,KEGG_2021_Human:Glioma,0.0392630538738174,Reactome_2022:Synthesis Of Substrates In N-glycan Biosythesis R-HSA-446219,0.6962487797194656,0,979,zscreen_original_graph_v1:zel031_thp1:1522,zscreen_original_graph_v1
zel031_thp1,1536,3,0.9144142343175916,3.80656857511912,9.28629531749552e-05,BB_9173064485,bb0,0.6666666666666666,MSigDB_Hallmark_2020:TNF-alpha Signaling via NF-kB,0.0046719125569781,Reactome_2022:SRP-dependent Cotranslational Protein Targeting To Membrane R-HSA-1799339,0.4443160296183445,0,980,zscreen_original_graph_v1:zel031_thp1:1536,zscreen_original_graph_v1
zel031_thp1,1909,5,0.8455447931726525,6.469510224789239,1.3828118068350495e-10,BB_4729940582,bb1,1.0,Reactome_2022:Eukaryotic Translation Elongation R-HSA-156842,8.144422142077954e-29,MSigDB_Hallmark_2020:Epithelial Mesenchymal Transition,0.0133879779744467,0,981,zscreen_original_graph_v1:zel031_thp1:1909,zscreen_original_graph_v1
zel031_thp1,5335,3,0.929554926362146,3.870443441572768,7.178347965498294e-05,BB_3934919930,bb1,1.0,MSigDB_Hallmark_2020:mTORC1 Signaling,0.0053614142273981,Reactome_2022:Influenza Viral RNA Transcription And Replication R-HSA-168273,0.0767428646572276,0,982,zscreen_original_graph_v1:zel031_thp1:5335,zscreen_original_graph_v1
zel039_aec7,76,5,0.9296552924941676,5.236511816253544,1.911661817216301e-07,BB_6699958170,bb0,1.0,Reactome_2022:Cellular Responses To Stimuli R-HSA-8953897,1.124614183219344e-07,Reactome_2022:Recycling Pathway Of L1 R-HSA-437239,1.0,100,983,zscreen_original_graph_v1:zel039_aec7:76,zscreen_original_graph_v1
zel039_aec7,80,5,0.9167993874316328,5.162610058655754,2.825285872205664e-07,BB_2085420374,bb0,1.0,Reactome_2022:Cellular Responses To Stress R-HSA-2262752,1.0323220721364414e-08,KEGG_2021_Human:Parkinson disease,3.732900530129178e-06,100,984,zscreen_original_graph_v1:zel039_aec7:80,zscreen_original_graph_v1
zel039_aec7,115,112,0.9068604771048512,68.15556171721289,0.0,BB_8930974984,bb1,1.0,KEGG_2021_Human:Fluid shear stress and atherosclerosis,3.7314727461677792e-06,Reactome_2022:Attenuation Phase R-HSA-3371568,0.1146236819625135,9,985,zscreen_original_graph_v1:zel039_aec7:115,zscreen_original_graph_v1
zel039_aec7,127,27,0.901689376572289,26.360672366807595,9.748985649726883e-152,BB_0302650651,bb0,0.9629629629629628,Reactome_2022:Axon Guidance R-HSA-422475,1.143786000328209e-06,Reactome_2022:Regulation Of HSF1-mediated Heat Shock Response R-HSA-3371453,0.0060587847670266,100,986,zscreen_original_graph_v1:zel039_aec7:127,zscreen_original_graph_v1
zel039_aec7,481,3,0.899118104572573,2.802806369167187,0.0025355216240449,BB_2085420374,bb0,1.0,Reactome_2022:HSF1 Activation R-HSA-3371511,3.826415521199943e-12,Reactome_2022:Cap-dependent Translation Initiation R-HSA-72737,1.3674872192288956e-16,100,987,zscreen_original_graph_v1:zel039_aec7:481,zscreen_original_graph_v1
zel039_aec7,547,6,0.889521797868218,6.709706563835896,3.078076634061145e-11,BB_1722497045,bb0,0.8333333333333334,Reactome_2022:SRP-dependent Cotranslational Protein Targeting To Membrane R-HSA-1799339,1.2078500380491528e-05,KEGG_2021_Human:Protein processing in endoplasmic reticulum,0.1285514388497443,100,988,zscreen_original_graph_v1:zel039_aec7:547,zscreen_original_graph_v1
zel039_aec7,589,43,0.8964783616336176,45.51737257366249,0.0,BB_6699958170,bb0,0.9069767441860463,KEGG_2021_Human:Antigen processing and presentation,1.737002790727506e-05,Reactome_2022:Regulation Of HSF1-mediated Heat Shock Response R-HSA-3371453,0.0060587847670266,100,989,zscreen_original_graph_v1:zel039_aec7:589,zscreen_original_graph_v1
zel039_aec7,701,3,0.9374722737204656,2.9260386531113745,0.001730287474382,BB_2371372935,bb0,1.0,KEGG_2021_Human:Non-alcoholic fatty liver disease,1.3839555905107051e-05,Reactome_2022:HSF1-dependent Transactivation R-HSA-3371571,1.2520045295016962e-06,100,990,zscreen_original_graph_v1:zel039_aec7:701,zscreen_original_graph_v1
zel039_aec7,724,3,0.902652453133174,2.8141622622826983,0.0024525332703891,BB_2085420374,bb0,1.0,Reactome_2022:Attenuation Phase R-HSA-3371568,7.45177183032906e-13,Reactome_2022:SRP-dependent Cotranslational Protein Targeting To Membrane R-HSA-1799339,0.0001508031224902,100,991,zscreen_original_graph_v1:zel039_aec7:724,zscreen_original_graph_v1
zel039_aec7,917,22,0.8749399595528919,21.34586115555024,7.396973683955797e-100,BB_8930974984,bb1,1.0,Reactome_2022:Attenuation Phase R-HSA-3371568,6.724511326973485e-11,Reactome_2022:Synthesis Of PC R-HSA-1483191,1.0,9,992,zscreen_original_graph_v1:zel039_aec7:917,zscreen_original_graph_v1
zel039_aec7,988,3,0.9213294066131452,2.87417147863624,0.0020375853153781,BB_0302650651,bb0,1.0,Reactome_2022:Eukaryotic Translation Elongation R-HSA-156842,3.906398643098756e-09,KEGG_2021_Human:Protein processing in endoplasmic reticulum,0.4058144566024854,100,993,zscreen_original_graph_v1:zel039_aec7:988,zscreen_original_graph_v1
zel039_aec7,1315,4,0.8997194083844994,4.372867708269421,8.481003579053616e-06,BB_0995925376,bb0,1.0,Reactome_2022:Peptide Chain Elongation R-HSA-156902,7.378501241077309e-22,Reactome_2022:Cellular Responses To Stress R-HSA-2262752,1.8066963017437127e-09,100,994,zscreen_original_graph_v1:zel039_aec7:1315,zscreen_original_graph_v1
zel039_aec7,1402,3,0.9489430432519174,2.9628943368444136,0.0015390897363605,BB_0302650651,bb0,1.0,MSigDB_Hallmark_2020:Oxidative Phosphorylation,2.307373058714857e-07,Reactome_2022:Transport Of Inorganic Cations/Anions And Amino Acids/Oligopeptides R-HSA-425393,0.3045034336223254,100,995,zscreen_original_graph_v1:zel039_aec7:1402,zscreen_original_graph_v1
zel039_aec7,1761,13,0.9086478434134678,12.795524757447597,1.0410182292282358e-36,BB_0302650651,bb0,1.0,KEGG_2021_Human:Phagosome,0.0001440379424259,Reactome_2022:Phosphorylation Of APC/C R-HSA-176412,0.380792685979394,100,996,zscreen_original_graph_v1:zel039_aec7:1761,zscreen_original_graph_v1
zel039_aec7,1813,3,0.9232236990717194,2.880257857022595,0.0020006574764899,BB_2085420374,bb0,1.0,Reactome_2022:Attenuation Phase R-HSA-3371568,4.5062947212009747e-17,Reactome_2022:Cap-dependent Translation Initiation R-HSA-72737,3.843721064185483e-07,100,997,zscreen_original_graph_v1:zel039_aec7:1813,zscreen_original_graph_v1
zel039_aec7,2121,8,0.9124062557271976,8.63760476192457,1.6146826294707557e-17,BB_2315583918,bb0,1.0,Reactome_2022:Cellular Responses To Stress R-HSA-2262752,8.525023345552767e-05,Reactome_2022:HSF1-dependent Transactivation R-HSA-3371571,0.0013391360557431,100,998,zscreen_original_graph_v1:zel039_aec7:2121,zscreen_original_graph_v1
zel039_aec7,2564,3,0.9404286913359596,2.9355376490000697,0.0016798646988352,BB_6699958170,bb0,1.0,KEGG_2021_Human:Phagosome,0.0553562577098297,Reactome_2022:HSF1 Activation R-HSA-3371511,0.0242351390681067,100,999,zscreen_original_graph_v1:zel039_aec7:2564,zscreen_original_graph_v1
zel039_aec7,2824,5,0.914395044367802,5.148788769728927,3.027627744422835e-07,BB_3825147739,bb0,1.0,Reactome_2022:Cellular Responses To Stimuli R-HSA-8953897,5.83531954360168e-07,Reactome_2022:Cardiac Conduction R-HSA-5576891,1.0,100,1000,zscreen_original_graph_v1:zel039_aec7:2824,zscreen_original_graph_v1
zel039_aec7,3417,4,0.9042079385491618,4.394245284961344,7.751825440495728e-06,BB_9390216993,bb1,0.75,Reactome_2022:Selenoamino Acid Metabolism R-HSA-2408522,1.7080903409184204e-17,Reactome_2022:Cellular Responses To Stress R-HSA-2262752,5.62307091609672e-08,9,1001,zscreen_original_graph_v1:zel039_aec7:3417,zscreen_original_graph_v1
zel039_aec7,4030,3,0.9003588452831056,2.8067928800195507,0.0025068489868472,BB_2085420374,bb0,1.0,KEGG_2021_Human:Coronavirus disease,1.3026311042644112e-08,Reactome_2022:Cellular Responses To Stress R-HSA-2262752,4.376016281984159e-20,100,1002,zscreen_original_graph_v1:zel039_aec7:4030,zscreen_original_graph_v1
zel039_aec7,4262,9,0.9190274431241856,8.946905139940709,1.0891932191115417e-18,BB_1722497045,bb0,1.0,Reactome_2022:Cellular Responses To Stress R-HSA-2262752,4.342506976818765e-06,Reactome_2022:IkBA Variant Leads To EDA-ID R-HSA-5603029,0.0901809903561078,100,1003,zscreen_original_graph_v1:zel039_aec7:4262,zscreen_original_graph_v1
zel039_aec7,5577,3,0.9068906529026608,2.827779635543782,0.0023552975782689,BB_2085420374,bb0,1.0,Reactome_2022:Attenuation Phase R-HSA-3371568,4.851343079360675e-09,Reactome_2022:SRP-dependent Cotranslational Protein Targeting To Membrane R-HSA-1799339,1.0032523765645277e-08,100,1004,zscreen_original_graph_v1:zel039_aec7:5577,zscreen_original_graph_v1
zel039_aec7,9993,3,0.9041734036470322,2.819049089705973,0.0024179119795605,BB_1722497045,bb0,1.0,Reactome_2022:SRP-dependent Cotranslational Protein Targeting To Membrane R-HSA-1799339,3.801905211785967e-20,Reactome_2022:Diseases Of Signal Transduction By Growth Factor Receptors And Second Messengers R-HSA-5663202,0.848703157858716,100,1005,zscreen_original_graph_v1:zel039_aec7:9993,zscreen_original_graph_v1
zel039_aec7,11522,3,0.8949494063661673,2.7894123050416275,0.002640189726493,BB_2085420374,bb0,1.0,Reactome_2022:Attenuation Phase R-HSA-3371568,6.724511326973485e-11,Reactome_2022:SRP-dependent Cotranslational Protein Targeting To Membrane R-HSA-1799339,4.8848077935037015e-11,100,1006,zscreen_original_graph_v1:zel039_aec7:11522,zscreen_original_graph_v1
