atlas_id,atlas_namespace,context,cluster_id,public_compound_id,member_order,core_usage_row,core_surface_row
zscreen_original_graph_v1:zel024_h1650:14,zscreen_original_graph_v1,zel024_h1650,14,CPD_002023185273,0,15,15
zscreen_original_graph_v1:zel024_h1650:14,zscreen_original_graph_v1,zel024_h1650,14,CPD_017759183969,1,183,183
zscreen_original_graph_v1:zel024_h1650:14,zscreen_original_graph_v1,zel024_h1650,14,CPD_058130493091,2,611,611
zscreen_original_graph_v1:zel024_h1650:14,zscreen_original_graph_v1,zel024_h1650,14,CPD_089774505110,3,970,970
zscreen_original_graph_v1:zel024_h1650:14,zscreen_original_graph_v1,zel024_h1650,14,CPD_223331849591,4,2355,2355
zscreen_original_graph_v1:zel024_h1650:14,zscreen_original_graph_v1,zel024_h1650,14,CPD_391139902627,5,4061,4061
zscreen_original_graph_v1:zel024_h1650:14,zscreen_original_graph_v1,zel024_h1650,14,CPD_411164030933,6,4270,4270
zscreen_original_graph_v1:zel024_h1650:14,zscreen_original_graph_v1,zel024_h1650,14,CPD_446626963143,7,4669,4669
zscreen_original_graph_v1:zel024_h1650:14,zscreen_original_graph_v1,zel024_h1650,14,CPD_536848238749,8,5628,5628
zscreen_original_graph_v1:zel024_h1650:14,zscreen_original_graph_v1,zel024_h1650,14,CPD_549166305471,9,5743,5743
zscreen_original_graph_v1:zel024_h1650:14,zscreen_original_graph_v1,zel024_h1650,14,CPD_726068429569,10,7648,7648
zscreen_original_graph_v1:zel024_h1650:14,zscreen_original_graph_v1,zel024_h1650,14,CPD_904496273331,11,9688,9688
zscreen_original_graph_v1:zel024_h1650:21,zscreen_original_graph_v1,zel024_h1650,21,CPD_002749833829,0,22,22
zscreen_original_graph_v1:zel024_h1650:21,zscreen_original_graph_v1,zel024_h1650,21,CPD_496624481702,1,5200,5200
zscreen_original_graph_v1:zel024_h1650:21,zscreen_original_graph_v1,zel024_h1650,21,CPD_829718822450,2,8846,8846
zscreen_original_graph_v1:zel024_h1650:21,zscreen_original_graph_v1,zel024_h1650,21,CPD_991793725728,3,10600,10600
zscreen_original_graph_v1:zel024_h1650:50,zscreen_original_graph_v1,zel024_h1650,50,CPD_005867763668,0,56,56
zscreen_original_graph_v1:zel024_h1650:50,zscreen_original_graph_v1,zel024_h1650,50,CPD_295583576381,1,3105,3105
zscreen_original_graph_v1:zel024_h1650:50,zscreen_original_graph_v1,zel024_h1650,50,CPD_491433061321,2,5148,5148
zscreen_original_graph_v1:zel024_h1650:50,zscreen_original_graph_v1,zel024_h1650,50,CPD_942700587999,3,10098,10098
zscreen_original_graph_v1:zel024_h1650:57,zscreen_original_graph_v1,zel024_h1650,57,CPD_006380465510,0,63,63
zscreen_original_graph_v1:zel024_h1650:57,zscreen_original_graph_v1,zel024_h1650,57,CPD_364115326126,1,3798,3798
zscreen_original_graph_v1:zel024_h1650:57,zscreen_original_graph_v1,zel024_h1650,57,CPD_709642307411,2,7479,7479
zscreen_original_graph_v1:zel024_h1650:57,zscreen_original_graph_v1,zel024_h1650,57,CPD_979681170131,3,10473,10473
zscreen_original_graph_v1:zel024_h1650:195,zscreen_original_graph_v1,zel024_h1650,195,CPD_021096888109,0,222,222
zscreen_original_graph_v1:zel024_h1650:195,zscreen_original_graph_v1,zel024_h1650,195,CPD_222214897910,1,2347,2347
zscreen_original_graph_v1:zel024_h1650:195,zscreen_original_graph_v1,zel024_h1650,195,CPD_624107131178,2,6561,6561
zscreen_original_graph_v1:zel024_h1650:209,zscreen_original_graph_v1,zel024_h1650,209,CPD_022554952821,0,237,237
zscreen_original_graph_v1:zel024_h1650:209,zscreen_original_graph_v1,zel024_h1650,209,CPD_053274653114,1,569,569
zscreen_original_graph_v1:zel024_h1650:209,zscreen_original_graph_v1,zel024_h1650,209,CPD_065950557548,2,688,688
zscreen_original_graph_v1:zel024_h1650:209,zscreen_original_graph_v1,zel024_h1650,209,CPD_189163808188,3,2015,2015
zscreen_original_graph_v1:zel024_h1650:209,zscreen_original_graph_v1,zel024_h1650,209,CPD_215533848906,4,2291,2291
zscreen_original_graph_v1:zel024_h1650:209,zscreen_original_graph_v1,zel024_h1650,209,CPD_352842111976,5,3676,3676
zscreen_original_graph_v1:zel024_h1650:209,zscreen_original_graph_v1,zel024_h1650,209,CPD_406845027463,6,4235,4235
zscreen_original_graph_v1:zel024_h1650:209,zscreen_original_graph_v1,zel024_h1650,209,CPD_457323054999,7,4789,4789
zscreen_original_graph_v1:zel024_h1650:209,zscreen_original_graph_v1,zel024_h1650,209,CPD_457786587480,8,4796,4796
zscreen_original_graph_v1:zel024_h1650:209,zscreen_original_graph_v1,zel024_h1650,209,CPD_514988345894,9,5393,5393
zscreen_original_graph_v1:zel024_h1650:209,zscreen_original_graph_v1,zel024_h1650,209,CPD_516397290050,10,5409,5409
zscreen_original_graph_v1:zel024_h1650:209,zscreen_original_graph_v1,zel024_h1650,209,CPD_541461211882,11,5665,5665
zscreen_original_graph_v1:zel024_h1650:209,zscreen_original_graph_v1,zel024_h1650,209,CPD_594064932150,12,6215,6215
zscreen_original_graph_v1:zel024_h1650:209,zscreen_original_graph_v1,zel024_h1650,209,CPD_684109117858,13,7185,7185
zscreen_original_graph_v1:zel024_h1650:209,zscreen_original_graph_v1,zel024_h1650,209,CPD_742222132690,14,7835,7835
zscreen_original_graph_v1:zel024_h1650:209,zscreen_original_graph_v1,zel024_h1650,209,CPD_775926040354,15,8222,8222
zscreen_original_graph_v1:zel024_h1650:209,zscreen_original_graph_v1,zel024_h1650,209,CPD_788506667274,16,8372,8372
zscreen_original_graph_v1:zel024_h1650:212,zscreen_original_graph_v1,zel024_h1650,212,CPD_022632965138,0,240,240
zscreen_original_graph_v1:zel024_h1650:212,zscreen_original_graph_v1,zel024_h1650,212,CPD_202602876889,1,2156,2156
zscreen_original_graph_v1:zel024_h1650:212,zscreen_original_graph_v1,zel024_h1650,212,CPD_870855392042,2,9313,9313
zscreen_original_graph_v1:zel024_h1650:246,zscreen_original_graph_v1,zel024_h1650,246,CPD_025790191601,0,278,278
zscreen_original_graph_v1:zel024_h1650:246,zscreen_original_graph_v1,zel024_h1650,246,CPD_130034395566,1,1408,1408
zscreen_original_graph_v1:zel024_h1650:246,zscreen_original_graph_v1,zel024_h1650,246,CPD_642628592267,2,6779,6779
zscreen_original_graph_v1:zel024_h1650:357,zscreen_original_graph_v1,zel024_h1650,357,CPD_038194405382,0,408,408
zscreen_original_graph_v1:zel024_h1650:357,zscreen_original_graph_v1,zel024_h1650,357,CPD_389437914730,1,4040,4040
zscreen_original_graph_v1:zel024_h1650:357,zscreen_original_graph_v1,zel024_h1650,357,CPD_582534284207,2,6097,6097
zscreen_original_graph_v1:zel024_h1650:392,zscreen_original_graph_v1,zel024_h1650,392,CPD_042709724283,0,450,450
zscreen_original_graph_v1:zel024_h1650:392,zscreen_original_graph_v1,zel024_h1650,392,CPD_158690249319,1,1686,1686
zscreen_original_graph_v1:zel024_h1650:392,zscreen_original_graph_v1,zel024_h1650,392,CPD_767701901444,2,8146,8146
zscreen_original_graph_v1:zel024_h1650:392,zscreen_original_graph_v1,zel024_h1650,392,CPD_828177526638,3,8828,8828
zscreen_original_graph_v1:zel024_h1650:392,zscreen_original_graph_v1,zel024_h1650,392,CPD_879288760475,4,9406,9406
zscreen_original_graph_v1:zel024_h1650:392,zscreen_original_graph_v1,zel024_h1650,392,CPD_904358311585,5,9684,9684
zscreen_original_graph_v1:zel024_h1650:412,zscreen_original_graph_v1,zel024_h1650,412,CPD_044291665734,0,474,474
zscreen_original_graph_v1:zel024_h1650:412,zscreen_original_graph_v1,zel024_h1650,412,CPD_177672039754,1,1885,1885
zscreen_original_graph_v1:zel024_h1650:412,zscreen_original_graph_v1,zel024_h1650,412,CPD_918837781053,2,9858,9858
zscreen_original_graph_v1:zel024_h1650:412,zscreen_original_graph_v1,zel024_h1650,412,CPD_979631170888,3,10470,10470
zscreen_original_graph_v1:zel024_h1650:632,zscreen_original_graph_v1,zel024_h1650,632,CPD_068414014795,0,720,720
zscreen_original_graph_v1:zel024_h1650:632,zscreen_original_graph_v1,zel024_h1650,632,CPD_220322283885,1,2326,2326
zscreen_original_graph_v1:zel024_h1650:632,zscreen_original_graph_v1,zel024_h1650,632,CPD_332274167621,2,3472,3472
zscreen_original_graph_v1:zel024_h1650:632,zscreen_original_graph_v1,zel024_h1650,632,CPD_787698010084,3,8359,8359
zscreen_original_graph_v1:zel024_h1650:632,zscreen_original_graph_v1,zel024_h1650,632,CPD_932702254076,4,9994,9994
zscreen_original_graph_v1:zel024_h1650:632,zscreen_original_graph_v1,zel024_h1650,632,CPD_943040208946,5,10100,10100
zscreen_original_graph_v1:zel024_h1650:708,zscreen_original_graph_v1,zel024_h1650,708,CPD_077346208728,0,806,806
zscreen_original_graph_v1:zel024_h1650:708,zscreen_original_graph_v1,zel024_h1650,708,CPD_161051618907,1,1709,1709
zscreen_original_graph_v1:zel024_h1650:708,zscreen_original_graph_v1,zel024_h1650,708,CPD_250677413788,2,2635,2635
zscreen_original_graph_v1:zel024_h1650:708,zscreen_original_graph_v1,zel024_h1650,708,CPD_298120900210,3,3139,3139
zscreen_original_graph_v1:zel024_h1650:815,zscreen_original_graph_v1,zel024_h1650,815,CPD_085931780208,0,922,922
zscreen_original_graph_v1:zel024_h1650:815,zscreen_original_graph_v1,zel024_h1650,815,CPD_375668114999,1,3907,3907
zscreen_original_graph_v1:zel024_h1650:815,zscreen_original_graph_v1,zel024_h1650,815,CPD_456909026851,2,4785,4785
zscreen_original_graph_v1:zel024_h1650:860,zscreen_original_graph_v1,zel024_h1650,860,CPD_089552566049,0,969,969
zscreen_original_graph_v1:zel024_h1650:860,zscreen_original_graph_v1,zel024_h1650,860,CPD_186942504421,1,1993,1993
zscreen_original_graph_v1:zel024_h1650:860,zscreen_original_graph_v1,zel024_h1650,860,CPD_189788120284,2,2023,2023
zscreen_original_graph_v1:zel024_h1650:860,zscreen_original_graph_v1,zel024_h1650,860,CPD_301988108189,3,3189,3189
zscreen_original_graph_v1:zel024_h1650:860,zscreen_original_graph_v1,zel024_h1650,860,CPD_370122850846,4,3844,3844
zscreen_original_graph_v1:zel024_h1650:860,zscreen_original_graph_v1,zel024_h1650,860,CPD_670068673158,5,7050,7050
zscreen_original_graph_v1:zel024_h1650:869,zscreen_original_graph_v1,zel024_h1650,869,CPD_090778653305,0,979,979
zscreen_original_graph_v1:zel024_h1650:869,zscreen_original_graph_v1,zel024_h1650,869,CPD_521390407825,1,5466,5466
zscreen_original_graph_v1:zel024_h1650:869,zscreen_original_graph_v1,zel024_h1650,869,CPD_684430952647,2,7186,7186
zscreen_original_graph_v1:zel024_h1650:1002,zscreen_original_graph_v1,zel024_h1650,1002,CPD_105350821327,0,1130,1130
zscreen_original_graph_v1:zel024_h1650:1002,zscreen_original_graph_v1,zel024_h1650,1002,CPD_282048015040,1,2951,2951
zscreen_original_graph_v1:zel024_h1650:1002,zscreen_original_graph_v1,zel024_h1650,1002,CPD_760985997354,2,8065,8065
zscreen_original_graph_v1:zel024_h1650:1002,zscreen_original_graph_v1,zel024_h1650,1002,CPD_868698580433,3,9291,9291
zscreen_original_graph_v1:zel024_h1650:1031,zscreen_original_graph_v1,zel024_h1650,1031,CPD_107737197677,0,1163,1163
zscreen_original_graph_v1:zel024_h1650:1031,zscreen_original_graph_v1,zel024_h1650,1031,CPD_435706172047,1,4551,4551
zscreen_original_graph_v1:zel024_h1650:1031,zscreen_original_graph_v1,zel024_h1650,1031,CPD_741849418393,2,7829,7829
zscreen_original_graph_v1:zel024_h1650:1203,zscreen_original_graph_v1,zel024_h1650,1203,CPD_123967493323,0,1354,1354
zscreen_original_graph_v1:zel024_h1650:1203,zscreen_original_graph_v1,zel024_h1650,1203,CPD_344951071830,1,3590,3590
zscreen_original_graph_v1:zel024_h1650:1203,zscreen_original_graph_v1,zel024_h1650,1203,CPD_896905610908,2,9585,9585
zscreen_original_graph_v1:zel024_h1650:1279,zscreen_original_graph_v1,zel024_h1650,1279,CPD_133074655824,0,1437,1437
zscreen_original_graph_v1:zel024_h1650:1279,zscreen_original_graph_v1,zel024_h1650,1279,CPD_467223008510,1,4896,4896
zscreen_original_graph_v1:zel024_h1650:1279,zscreen_original_graph_v1,zel024_h1650,1279,CPD_722485851563,2,7618,7618
zscreen_original_graph_v1:zel024_h1650:1292,zscreen_original_graph_v1,zel024_h1650,1292,CPD_134192687464,0,1450,1450
zscreen_original_graph_v1:zel024_h1650:1292,zscreen_original_graph_v1,zel024_h1650,1292,CPD_158484357590,1,1683,1683
zscreen_original_graph_v1:zel024_h1650:1292,zscreen_original_graph_v1,zel024_h1650,1292,CPD_171510975875,2,1811,1811
zscreen_original_graph_v1:zel024_h1650:1292,zscreen_original_graph_v1,zel024_h1650,1292,CPD_199173045321,3,2119,2119
zscreen_original_graph_v1:zel024_h1650:1292,zscreen_original_graph_v1,zel024_h1650,1292,CPD_281967450527,4,2948,2948
zscreen_original_graph_v1:zel024_h1650:1292,zscreen_original_graph_v1,zel024_h1650,1292,CPD_343221032052,5,3570,3570
zscreen_original_graph_v1:zel024_h1650:1301,zscreen_original_graph_v1,zel024_h1650,1301,CPD_135272126758,0,1459,1459
zscreen_original_graph_v1:zel024_h1650:1301,zscreen_original_graph_v1,zel024_h1650,1301,CPD_275140302462,1,2879,2879
zscreen_original_graph_v1:zel024_h1650:1301,zscreen_original_graph_v1,zel024_h1650,1301,CPD_612884593654,2,6430,6430
zscreen_original_graph_v1:zel024_h1650:1462,zscreen_original_graph_v1,zel024_h1650,1462,CPD_154479954691,0,1640,1640
zscreen_original_graph_v1:zel024_h1650:1462,zscreen_original_graph_v1,zel024_h1650,1462,CPD_713780886638,1,7513,7513
zscreen_original_graph_v1:zel024_h1650:1462,zscreen_original_graph_v1,zel024_h1650,1462,CPD_841741458216,2,8979,8979
zscreen_original_graph_v1:zel024_h1650:1522,zscreen_original_graph_v1,zel024_h1650,1522,CPD_161410060680,0,1712,1712
zscreen_original_graph_v1:zel024_h1650:1522,zscreen_original_graph_v1,zel024_h1650,1522,CPD_220082367922,1,2322,2322
zscreen_original_graph_v1:zel024_h1650:1522,zscreen_original_graph_v1,zel024_h1650,1522,CPD_523509111811,2,5497,5497
zscreen_original_graph_v1:zel024_h1650:1522,zscreen_original_graph_v1,zel024_h1650,1522,CPD_620823913648,3,6527,6527
zscreen_original_graph_v1:zel024_h1650:1561,zscreen_original_graph_v1,zel024_h1650,1561,CPD_165825712115,0,1754,1754
zscreen_original_graph_v1:zel024_h1650:1561,zscreen_original_graph_v1,zel024_h1650,1561,CPD_517249327294,1,5420,5420
zscreen_original_graph_v1:zel024_h1650:1561,zscreen_original_graph_v1,zel024_h1650,1561,CPD_637262552618,2,6713,6713
zscreen_original_graph_v1:zel024_h1650:1588,zscreen_original_graph_v1,zel024_h1650,1588,CPD_168826562066,0,1786,1786
zscreen_original_graph_v1:zel024_h1650:1588,zscreen_original_graph_v1,zel024_h1650,1588,CPD_181782563222,1,1932,1932
zscreen_original_graph_v1:zel024_h1650:1588,zscreen_original_graph_v1,zel024_h1650,1588,CPD_266211945423,2,2805,2805
zscreen_original_graph_v1:zel024_h1650:1588,zscreen_original_graph_v1,zel024_h1650,1588,CPD_530728313704,3,5569,5569
zscreen_original_graph_v1:zel024_h1650:1597,zscreen_original_graph_v1,zel024_h1650,1597,CPD_170212757264,0,1796,1796
zscreen_original_graph_v1:zel024_h1650:1597,zscreen_original_graph_v1,zel024_h1650,1597,CPD_288892685335,1,3027,3027
zscreen_original_graph_v1:zel024_h1650:1597,zscreen_original_graph_v1,zel024_h1650,1597,CPD_504628656023,2,5273,5273
zscreen_original_graph_v1:zel024_h1650:2235,zscreen_original_graph_v1,zel024_h1650,2235,CPD_236816517868,0,2507,2507
zscreen_original_graph_v1:zel024_h1650:2235,zscreen_original_graph_v1,zel024_h1650,2235,CPD_246912782444,1,2605,2605
zscreen_original_graph_v1:zel024_h1650:2235,zscreen_original_graph_v1,zel024_h1650,2235,CPD_524779974604,2,5515,5515
zscreen_original_graph_v1:zel024_h1650:2298,zscreen_original_graph_v1,zel024_h1650,2298,CPD_243660943154,0,2577,2577
zscreen_original_graph_v1:zel024_h1650:2298,zscreen_original_graph_v1,zel024_h1650,2298,CPD_472757970706,1,4960,4960
zscreen_original_graph_v1:zel024_h1650:2298,zscreen_original_graph_v1,zel024_h1650,2298,CPD_610138052131,2,6404,6404
zscreen_original_graph_v1:zel024_h1650:2298,zscreen_original_graph_v1,zel024_h1650,2298,CPD_821461051829,3,8762,8762
zscreen_original_graph_v1:zel024_h1650:2559,zscreen_original_graph_v1,zel024_h1650,2559,CPD_272650029530,0,2861,2861
zscreen_original_graph_v1:zel024_h1650:2559,zscreen_original_graph_v1,zel024_h1650,2559,CPD_443802427710,1,4638,4638
zscreen_original_graph_v1:zel024_h1650:2559,zscreen_original_graph_v1,zel024_h1650,2559,CPD_861608310955,2,9218,9218
zscreen_original_graph_v1:zel024_h1650:2592,zscreen_original_graph_v1,zel024_h1650,2592,CPD_276488466882,0,2901,2901
zscreen_original_graph_v1:zel024_h1650:2592,zscreen_original_graph_v1,zel024_h1650,2592,CPD_462101556770,1,4843,4843
zscreen_original_graph_v1:zel024_h1650:2592,zscreen_original_graph_v1,zel024_h1650,2592,CPD_602388104987,2,6307,6307
zscreen_original_graph_v1:zel024_h1650:2592,zscreen_original_graph_v1,zel024_h1650,2592,CPD_624620386642,3,6569,6569
zscreen_original_graph_v1:zel024_h1650:2592,zscreen_original_graph_v1,zel024_h1650,2592,CPD_952327165794,4,10198,10198
zscreen_original_graph_v1:zel024_h1650:2627,zscreen_original_graph_v1,zel024_h1650,2627,CPD_281894148016,0,2945,2945
zscreen_original_graph_v1:zel024_h1650:2627,zscreen_original_graph_v1,zel024_h1650,2627,CPD_616579173521,1,6483,6483
zscreen_original_graph_v1:zel024_h1650:2627,zscreen_original_graph_v1,zel024_h1650,2627,CPD_674101058141,2,7088,7088
zscreen_original_graph_v1:zel024_h1650:2627,zscreen_original_graph_v1,zel024_h1650,2627,CPD_894777028139,3,9565,9565
zscreen_original_graph_v1:zel024_h1650:2627,zscreen_original_graph_v1,zel024_h1650,2627,CPD_987883233035,4,10559,10559
zscreen_original_graph_v1:zel024_h1650:2640,zscreen_original_graph_v1,zel024_h1650,2640,CPD_283069800283,0,2964,2964
zscreen_original_graph_v1:zel024_h1650:2640,zscreen_original_graph_v1,zel024_h1650,2640,CPD_745351297966,1,7876,7876
zscreen_original_graph_v1:zel024_h1650:2640,zscreen_original_graph_v1,zel024_h1650,2640,CPD_746506331890,2,7895,7895
zscreen_original_graph_v1:zel024_h1650:2671,zscreen_original_graph_v1,zel024_h1650,2671,CPD_286523888811,0,3000,3000
zscreen_original_graph_v1:zel024_h1650:2671,zscreen_original_graph_v1,zel024_h1650,2671,CPD_406796749399,1,4234,4234
zscreen_original_graph_v1:zel024_h1650:2671,zscreen_original_graph_v1,zel024_h1650,2671,CPD_695459320593,2,7331,7331
zscreen_original_graph_v1:zel024_h1650:2671,zscreen_original_graph_v1,zel024_h1650,2671,CPD_910258221797,3,9763,9763
zscreen_original_graph_v1:zel024_h1650:2724,zscreen_original_graph_v1,zel024_h1650,2724,CPD_292719931731,0,3060,3060
zscreen_original_graph_v1:zel024_h1650:2724,zscreen_original_graph_v1,zel024_h1650,2724,CPD_313622666247,1,3289,3289
zscreen_original_graph_v1:zel024_h1650:2724,zscreen_original_graph_v1,zel024_h1650,2724,CPD_518329159559,2,5431,5431
zscreen_original_graph_v1:zel024_h1650:2913,zscreen_original_graph_v1,zel024_h1650,2913,CPD_311905988955,0,3268,3268
zscreen_original_graph_v1:zel024_h1650:2913,zscreen_original_graph_v1,zel024_h1650,2913,CPD_341971795818,1,3553,3553
zscreen_original_graph_v1:zel024_h1650:2913,zscreen_original_graph_v1,zel024_h1650,2913,CPD_473532830204,2,4969,4969
zscreen_original_graph_v1:zel024_h1650:2913,zscreen_original_graph_v1,zel024_h1650,2913,CPD_513593180527,3,5376,5376
zscreen_original_graph_v1:zel024_h1650:2913,zscreen_original_graph_v1,zel024_h1650,2913,CPD_878721088197,4,9399,9399
zscreen_original_graph_v1:zel024_h1650:3354,zscreen_original_graph_v1,zel024_h1650,3354,CPD_360647469748,0,3759,3759
zscreen_original_graph_v1:zel024_h1650:3354,zscreen_original_graph_v1,zel024_h1650,3354,CPD_636566867811,1,6710,6710
zscreen_original_graph_v1:zel024_h1650:3354,zscreen_original_graph_v1,zel024_h1650,3354,CPD_920667201740,2,9878,9878
zscreen_original_graph_v1:zel024_h1650:4076,zscreen_original_graph_v1,zel024_h1650,4076,CPD_438271131314,0,4572,4572
zscreen_original_graph_v1:zel024_h1650:4076,zscreen_original_graph_v1,zel024_h1650,4076,CPD_581175044884,1,6080,6080
zscreen_original_graph_v1:zel024_h1650:4076,zscreen_original_graph_v1,zel024_h1650,4076,CPD_587123205188,2,6146,6146
zscreen_original_graph_v1:zel024_h1650:4076,zscreen_original_graph_v1,zel024_h1650,4076,CPD_970240580773,3,10381,10381
zscreen_original_graph_v1:zel024_h1650:4245,zscreen_original_graph_v1,zel024_h1650,4245,CPD_454554166262,0,4763,4763
zscreen_original_graph_v1:zel024_h1650:4245,zscreen_original_graph_v1,zel024_h1650,4245,CPD_546338275325,1,5711,5711
zscreen_original_graph_v1:zel024_h1650:4245,zscreen_original_graph_v1,zel024_h1650,4245,CPD_791576731840,2,8418,8418
zscreen_original_graph_v1:zel024_h1650:4245,zscreen_original_graph_v1,zel024_h1650,4245,CPD_981185017638,3,10499,10499
zscreen_original_graph_v1:zel024_hek293:40,zscreen_original_graph_v1,zel024_hek293,40,CPD_003497340364,0,48,48
zscreen_original_graph_v1:zel024_hek293:40,zscreen_original_graph_v1,zel024_hek293,40,CPD_015238902196,1,209,209
zscreen_original_graph_v1:zel024_hek293:40,zscreen_original_graph_v1,zel024_hek293,40,CPD_021263160913,2,297,297
zscreen_original_graph_v1:zel024_hek293:40,zscreen_original_graph_v1,zel024_hek293,40,CPD_026328210794,3,378,378
zscreen_original_graph_v1:zel024_hek293:40,zscreen_original_graph_v1,zel024_hek293,40,CPD_047122394476,4,665,665
zscreen_original_graph_v1:zel024_hek293:40,zscreen_original_graph_v1,zel024_hek293,40,CPD_055506686874,5,785,785
zscreen_original_graph_v1:zel024_hek293:40,zscreen_original_graph_v1,zel024_hek293,40,CPD_061712642282,6,869,869
zscreen_original_graph_v1:zel024_hek293:40,zscreen_original_graph_v1,zel024_hek293,40,CPD_064476530151,7,903,903
zscreen_original_graph_v1:zel024_hek293:40,zscreen_original_graph_v1,zel024_hek293,40,CPD_074884573557,8,1035,1035
zscreen_original_graph_v1:zel024_hek293:40,zscreen_original_graph_v1,zel024_hek293,40,CPD_086916416531,9,1239,1239
zscreen_original_graph_v1:zel024_hek293:40,zscreen_original_graph_v1,zel024_hek293,40,CPD_112377137006,10,1589,1589
zscreen_original_graph_v1:zel024_hek293:40,zscreen_original_graph_v1,zel024_hek293,40,CPD_116987196459,11,1669,1669
zscreen_original_graph_v1:zel024_hek293:40,zscreen_original_graph_v1,zel024_hek293,40,CPD_133618820274,12,1905,1905
zscreen_original_graph_v1:zel024_hek293:40,zscreen_original_graph_v1,zel024_hek293,40,CPD_136074778630,13,1947,1947
zscreen_original_graph_v1:zel024_hek293:40,zscreen_original_graph_v1,zel024_hek293,40,CPD_184269508500,14,2581,2581
zscreen_original_graph_v1:zel024_hek293:40,zscreen_original_graph_v1,zel024_hek293,40,CPD_189791151225,15,2666,2666
zscreen_original_graph_v1:zel024_hek293:40,zscreen_original_graph_v1,zel024_hek293,40,CPD_236118861170,16,3285,3285
zscreen_original_graph_v1:zel024_hek293:40,zscreen_original_graph_v1,zel024_hek293,40,CPD_334534650738,17,4599,4599
zscreen_original_graph_v1:zel024_hek293:40,zscreen_original_graph_v1,zel024_hek293,40,CPD_437577257232,18,6012,6012
zscreen_original_graph_v1:zel024_hek293:40,zscreen_original_graph_v1,zel024_hek293,40,CPD_462779549886,19,6376,6376
zscreen_original_graph_v1:zel024_hek293:40,zscreen_original_graph_v1,zel024_hek293,40,CPD_499229249052,20,6871,6871
zscreen_original_graph_v1:zel024_hek293:40,zscreen_original_graph_v1,zel024_hek293,40,CPD_527954814701,21,7270,7270
zscreen_original_graph_v1:zel024_hek293:40,zscreen_original_graph_v1,zel024_hek293,40,CPD_566335467816,22,7792,7792
zscreen_original_graph_v1:zel024_hek293:40,zscreen_original_graph_v1,zel024_hek293,40,CPD_585237366390,23,8037,8037
zscreen_original_graph_v1:zel024_hek293:40,zscreen_original_graph_v1,zel024_hek293,40,CPD_626109886361,24,8647,8647
zscreen_original_graph_v1:zel024_hek293:40,zscreen_original_graph_v1,zel024_hek293,40,CPD_637599500212,25,8832,8832
zscreen_original_graph_v1:zel024_hek293:40,zscreen_original_graph_v1,zel024_hek293,40,CPD_670604057047,26,9291,9291
zscreen_original_graph_v1:zel024_hek293:40,zscreen_original_graph_v1,zel024_hek293,40,CPD_688317595696,27,9524,9524
zscreen_original_graph_v1:zel024_hek293:40,zscreen_original_graph_v1,zel024_hek293,40,CPD_711360047466,28,9847,9847
zscreen_original_graph_v1:zel024_hek293:40,zscreen_original_graph_v1,zel024_hek293,40,CPD_749023275363,29,10390,10390
zscreen_original_graph_v1:zel024_hek293:40,zscreen_original_graph_v1,zel024_hek293,40,CPD_766142981151,30,10632,10632
zscreen_original_graph_v1:zel024_hek293:40,zscreen_original_graph_v1,zel024_hek293,40,CPD_770509059949,31,10706,10706
zscreen_original_graph_v1:zel024_hek293:40,zscreen_original_graph_v1,zel024_hek293,40,CPD_778457837659,32,10809,10809
zscreen_original_graph_v1:zel024_hek293:40,zscreen_original_graph_v1,zel024_hek293,40,CPD_794445946704,33,11063,11063
zscreen_original_graph_v1:zel024_hek293:40,zscreen_original_graph_v1,zel024_hek293,40,CPD_810993883333,34,11293,11293
zscreen_original_graph_v1:zel024_hek293:40,zscreen_original_graph_v1,zel024_hek293,40,CPD_869596005049,35,12124,12124
zscreen_original_graph_v1:zel024_hek293:40,zscreen_original_graph_v1,zel024_hek293,40,CPD_875737464890,36,12220,12220
zscreen_original_graph_v1:zel024_hek293:40,zscreen_original_graph_v1,zel024_hek293,40,CPD_895165267867,37,12469,12469
zscreen_original_graph_v1:zel024_hek293:40,zscreen_original_graph_v1,zel024_hek293,40,CPD_895811365259,38,12480,12480
zscreen_original_graph_v1:zel024_hek293:40,zscreen_original_graph_v1,zel024_hek293,40,CPD_904394104188,39,12614,12614
zscreen_original_graph_v1:zel024_hek293:40,zscreen_original_graph_v1,zel024_hek293,40,CPD_936346821420,40,13062,13062
zscreen_original_graph_v1:zel024_hek293:40,zscreen_original_graph_v1,zel024_hek293,40,CPD_981432295601,41,13677,13677
zscreen_original_graph_v1:zel024_hek293:40,zscreen_original_graph_v1,zel024_hek293,40,CPD_983463889145,42,13695,13695
zscreen_original_graph_v1:zel024_hek293:40,zscreen_original_graph_v1,zel024_hek293,40,CPD_990182938807,43,13781,13781
zscreen_original_graph_v1:zel024_hek293:40,zscreen_original_graph_v1,zel024_hek293,40,CPD_993288043025,44,13831,13831
zscreen_original_graph_v1:zel024_hek293:69,zscreen_original_graph_v1,zel024_hek293,69,CPD_006242945045,0,81,81
zscreen_original_graph_v1:zel024_hek293:69,zscreen_original_graph_v1,zel024_hek293,69,CPD_045073814913,1,640,640
zscreen_original_graph_v1:zel024_hek293:69,zscreen_original_graph_v1,zel024_hek293,69,CPD_743910486138,2,10306,10306
zscreen_original_graph_v1:zel024_hek293:70,zscreen_original_graph_v1,zel024_hek293,70,CPD_006290712155,0,82,82
zscreen_original_graph_v1:zel024_hek293:70,zscreen_original_graph_v1,zel024_hek293,70,CPD_006981213158,1,90,90
zscreen_original_graph_v1:zel024_hek293:70,zscreen_original_graph_v1,zel024_hek293,70,CPD_034991657477,2,491,491
zscreen_original_graph_v1:zel024_hek293:70,zscreen_original_graph_v1,zel024_hek293,70,CPD_041534908416,3,588,588
zscreen_original_graph_v1:zel024_hek293:70,zscreen_original_graph_v1,zel024_hek293,70,CPD_051039573040,4,726,726
zscreen_original_graph_v1:zel024_hek293:70,zscreen_original_graph_v1,zel024_hek293,70,CPD_066934445265,5,935,935
zscreen_original_graph_v1:zel024_hek293:70,zscreen_original_graph_v1,zel024_hek293,70,CPD_071723778566,6,1006,1006
zscreen_original_graph_v1:zel024_hek293:70,zscreen_original_graph_v1,zel024_hek293,70,CPD_074827333959,7,1034,1034
zscreen_original_graph_v1:zel024_hek293:70,zscreen_original_graph_v1,zel024_hek293,70,CPD_082037260405,8,1163,1163
zscreen_original_graph_v1:zel024_hek293:70,zscreen_original_graph_v1,zel024_hek293,70,CPD_094628160361,9,1347,1347
zscreen_original_graph_v1:zel024_hek293:70,zscreen_original_graph_v1,zel024_hek293,70,CPD_097335856128,10,1391,1391
zscreen_original_graph_v1:zel024_hek293:70,zscreen_original_graph_v1,zel024_hek293,70,CPD_102239379997,11,1463,1463
zscreen_original_graph_v1:zel024_hek293:70,zscreen_original_graph_v1,zel024_hek293,70,CPD_103832989404,12,1480,1480
zscreen_original_graph_v1:zel024_hek293:70,zscreen_original_graph_v1,zel024_hek293,70,CPD_120473667601,13,1724,1724
zscreen_original_graph_v1:zel024_hek293:70,zscreen_original_graph_v1,zel024_hek293,70,CPD_121399641337,14,1741,1741
zscreen_original_graph_v1:zel024_hek293:70,zscreen_original_graph_v1,zel024_hek293,70,CPD_124205662524,15,1786,1786
zscreen_original_graph_v1:zel024_hek293:70,zscreen_original_graph_v1,zel024_hek293,70,CPD_129910795682,16,1855,1855
zscreen_original_graph_v1:zel024_hek293:70,zscreen_original_graph_v1,zel024_hek293,70,CPD_138623146226,17,1977,1977
zscreen_original_graph_v1:zel024_hek293:70,zscreen_original_graph_v1,zel024_hek293,70,CPD_146354645915,18,2073,2073
zscreen_original_graph_v1:zel024_hek293:70,zscreen_original_graph_v1,zel024_hek293,70,CPD_146729142352,19,2078,2078
zscreen_original_graph_v1:zel024_hek293:70,zscreen_original_graph_v1,zel024_hek293,70,CPD_153312339133,20,2151,2151
zscreen_original_graph_v1:zel024_hek293:70,zscreen_original_graph_v1,zel024_hek293,70,CPD_154866227881,21,2171,2171
zscreen_original_graph_v1:zel024_hek293:70,zscreen_original_graph_v1,zel024_hek293,70,CPD_177419204546,22,2484,2484
zscreen_original_graph_v1:zel024_hek293:70,zscreen_original_graph_v1,zel024_hek293,70,CPD_183470500534,23,2570,2570
zscreen_original_graph_v1:zel024_hek293:70,zscreen_original_graph_v1,zel024_hek293,70,CPD_196839735904,24,2764,2764
zscreen_original_graph_v1:zel024_hek293:70,zscreen_original_graph_v1,zel024_hek293,70,CPD_211327993567,25,2961,2961
zscreen_original_graph_v1:zel024_hek293:70,zscreen_original_graph_v1,zel024_hek293,70,CPD_211378944105,26,2962,2962
zscreen_original_graph_v1:zel024_hek293:70,zscreen_original_graph_v1,zel024_hek293,70,CPD_223828649098,27,3115,3115
zscreen_original_graph_v1:zel024_hek293:70,zscreen_original_graph_v1,zel024_hek293,70,CPD_235685552499,28,3279,3279
zscreen_original_graph_v1:zel024_hek293:70,zscreen_original_graph_v1,zel024_hek293,70,CPD_271628291323,29,3741,3741
zscreen_original_graph_v1:zel024_hek293:70,zscreen_original_graph_v1,zel024_hek293,70,CPD_272298809549,30,3752,3752
zscreen_original_graph_v1:zel024_hek293:70,zscreen_original_graph_v1,zel024_hek293,70,CPD_275498805710,31,3794,3794
zscreen_original_graph_v1:zel024_hek293:70,zscreen_original_graph_v1,zel024_hek293,70,CPD_281905519534,32,3875,3875
zscreen_original_graph_v1:zel024_hek293:70,zscreen_original_graph_v1,zel024_hek293,70,CPD_284643978588,33,3921,3921
zscreen_original_graph_v1:zel024_hek293:70,zscreen_original_graph_v1,zel024_hek293,70,CPD_292204083738,34,4016,4016
zscreen_original_graph_v1:zel024_hek293:70,zscreen_original_graph_v1,zel024_hek293,70,CPD_327642406176,35,4518,4518
zscreen_original_graph_v1:zel024_hek293:70,zscreen_original_graph_v1,zel024_hek293,70,CPD_339672724641,36,4659,4659
zscreen_original_graph_v1:zel024_hek293:70,zscreen_original_graph_v1,zel024_hek293,70,CPD_356387324900,37,4900,4900
zscreen_original_graph_v1:zel024_hek293:70,zscreen_original_graph_v1,zel024_hek293,70,CPD_359435227517,38,4941,4941
zscreen_original_graph_v1:zel024_hek293:70,zscreen_original_graph_v1,zel024_hek293,70,CPD_365935002626,39,5022,5022
zscreen_original_graph_v1:zel024_hek293:70,zscreen_original_graph_v1,zel024_hek293,70,CPD_388114713661,40,5312,5312
zscreen_original_graph_v1:zel024_hek293:70,zscreen_original_graph_v1,zel024_hek293,70,CPD_393899827151,41,5394,5394
zscreen_original_graph_v1:zel024_hek293:70,zscreen_original_graph_v1,zel024_hek293,70,CPD_399598844605,42,5468,5468
zscreen_original_graph_v1:zel024_hek293:70,zscreen_original_graph_v1,zel024_hek293,70,CPD_402972015008,43,5520,5520
zscreen_original_graph_v1:zel024_hek293:70,zscreen_original_graph_v1,zel024_hek293,70,CPD_408675101627,44,5591,5591
zscreen_original_graph_v1:zel024_hek293:70,zscreen_original_graph_v1,zel024_hek293,70,CPD_415164587282,45,5673,5673
zscreen_original_graph_v1:zel024_hek293:70,zscreen_original_graph_v1,zel024_hek293,70,CPD_423246885957,46,5807,5807
zscreen_original_graph_v1:zel024_hek293:70,zscreen_original_graph_v1,zel024_hek293,70,CPD_425292011701,47,5841,5841
zscreen_original_graph_v1:zel024_hek293:70,zscreen_original_graph_v1,zel024_hek293,70,CPD_432930681660,48,5950,5950
zscreen_original_graph_v1:zel024_hek293:70,zscreen_original_graph_v1,zel024_hek293,70,CPD_436018620240,49,5997,5997
zscreen_original_graph_v1:zel024_hek293:70,zscreen_original_graph_v1,zel024_hek293,70,CPD_439383631115,50,6035,6035
zscreen_original_graph_v1:zel024_hek293:70,zscreen_original_graph_v1,zel024_hek293,70,CPD_454592660790,51,6259,6259
zscreen_original_graph_v1:zel024_hek293:70,zscreen_original_graph_v1,zel024_hek293,70,CPD_461961287042,52,6362,6362
zscreen_original_graph_v1:zel024_hek293:70,zscreen_original_graph_v1,zel024_hek293,70,CPD_469424505155,53,6470,6470
zscreen_original_graph_v1:zel024_hek293:70,zscreen_original_graph_v1,zel024_hek293,70,CPD_481331126484,54,6626,6626
zscreen_original_graph_v1:zel024_hek293:70,zscreen_original_graph_v1,zel024_hek293,70,CPD_484376693957,55,6663,6663
zscreen_original_graph_v1:zel024_hek293:70,zscreen_original_graph_v1,zel024_hek293,70,CPD_495287075305,56,6814,6814
zscreen_original_graph_v1:zel024_hek293:70,zscreen_original_graph_v1,zel024_hek293,70,CPD_504211292569,57,6929,6929
zscreen_original_graph_v1:zel024_hek293:70,zscreen_original_graph_v1,zel024_hek293,70,CPD_506338403293,58,6960,6960
zscreen_original_graph_v1:zel024_hek293:70,zscreen_original_graph_v1,zel024_hek293,70,CPD_507217301315,59,6970,6970
zscreen_original_graph_v1:zel024_hek293:70,zscreen_original_graph_v1,zel024_hek293,70,CPD_525614815471,60,7240,7240
zscreen_original_graph_v1:zel024_hek293:70,zscreen_original_graph_v1,zel024_hek293,70,CPD_541399434674,61,7448,7448
zscreen_original_graph_v1:zel024_hek293:70,zscreen_original_graph_v1,zel024_hek293,70,CPD_542007386612,62,7456,7456
zscreen_original_graph_v1:zel024_hek293:70,zscreen_original_graph_v1,zel024_hek293,70,CPD_573114515055,63,7887,7887
zscreen_original_graph_v1:zel024_hek293:70,zscreen_original_graph_v1,zel024_hek293,70,CPD_604395900403,64,8314,8314
zscreen_original_graph_v1:zel024_hek293:70,zscreen_original_graph_v1,zel024_hek293,70,CPD_619130705767,65,8540,8540
zscreen_original_graph_v1:zel024_hek293:70,zscreen_original_graph_v1,zel024_hek293,70,CPD_619823031765,66,8552,8552
zscreen_original_graph_v1:zel024_hek293:70,zscreen_original_graph_v1,zel024_hek293,70,CPD_625210153179,67,8634,8634
zscreen_original_graph_v1:zel024_hek293:70,zscreen_original_graph_v1,zel024_hek293,70,CPD_633285757253,68,8758,8758
zscreen_original_graph_v1:zel024_hek293:70,zscreen_original_graph_v1,zel024_hek293,70,CPD_647154537383,69,8980,8980
zscreen_original_graph_v1:zel024_hek293:70,zscreen_original_graph_v1,zel024_hek293,70,CPD_651975415048,70,9051,9051
zscreen_original_graph_v1:zel024_hek293:70,zscreen_original_graph_v1,zel024_hek293,70,CPD_654201238063,71,9074,9074
zscreen_original_graph_v1:zel024_hek293:70,zscreen_original_graph_v1,zel024_hek293,70,CPD_661420240389,72,9168,9168
zscreen_original_graph_v1:zel024_hek293:70,zscreen_original_graph_v1,zel024_hek293,70,CPD_689137084154,73,9538,9538
zscreen_original_graph_v1:zel024_hek293:70,zscreen_original_graph_v1,zel024_hek293,70,CPD_727486325202,74,10070,10070
zscreen_original_graph_v1:zel024_hek293:70,zscreen_original_graph_v1,zel024_hek293,70,CPD_729454639900,75,10091,10091
zscreen_original_graph_v1:zel024_hek293:70,zscreen_original_graph_v1,zel024_hek293,70,CPD_740818213722,76,10259,10259
zscreen_original_graph_v1:zel024_hek293:70,zscreen_original_graph_v1,zel024_hek293,70,CPD_748156563226,77,10373,10373
zscreen_original_graph_v1:zel024_hek293:70,zscreen_original_graph_v1,zel024_hek293,70,CPD_753615975784,78,10461,10461
zscreen_original_graph_v1:zel024_hek293:70,zscreen_original_graph_v1,zel024_hek293,70,CPD_756770676901,79,10507,10507
zscreen_original_graph_v1:zel024_hek293:70,zscreen_original_graph_v1,zel024_hek293,70,CPD_770853692866,80,10711,10711
zscreen_original_graph_v1:zel024_hek293:70,zscreen_original_graph_v1,zel024_hek293,70,CPD_782119927913,81,10862,10862
zscreen_original_graph_v1:zel024_hek293:70,zscreen_original_graph_v1,zel024_hek293,70,CPD_815705040139,82,11359,11359
zscreen_original_graph_v1:zel024_hek293:70,zscreen_original_graph_v1,zel024_hek293,70,CPD_829121988829,83,11545,11545
zscreen_original_graph_v1:zel024_hek293:70,zscreen_original_graph_v1,zel024_hek293,70,CPD_837646252037,84,11650,11650
zscreen_original_graph_v1:zel024_hek293:70,zscreen_original_graph_v1,zel024_hek293,70,CPD_866781566558,85,12089,12089
zscreen_original_graph_v1:zel024_hek293:70,zscreen_original_graph_v1,zel024_hek293,70,CPD_878160524850,86,12249,12249
zscreen_original_graph_v1:zel024_hek293:70,zscreen_original_graph_v1,zel024_hek293,70,CPD_895010928037,87,12467,12467
zscreen_original_graph_v1:zel024_hek293:70,zscreen_original_graph_v1,zel024_hek293,70,CPD_906387270443,88,12648,12648
zscreen_original_graph_v1:zel024_hek293:70,zscreen_original_graph_v1,zel024_hek293,70,CPD_906664766843,89,12653,12653
zscreen_original_graph_v1:zel024_hek293:70,zscreen_original_graph_v1,zel024_hek293,70,CPD_907284068068,90,12663,12663
zscreen_original_graph_v1:zel024_hek293:70,zscreen_original_graph_v1,zel024_hek293,70,CPD_909197278162,91,12692,12692
zscreen_original_graph_v1:zel024_hek293:70,zscreen_original_graph_v1,zel024_hek293,70,CPD_923836833437,92,12894,12894
zscreen_original_graph_v1:zel024_hek293:70,zscreen_original_graph_v1,zel024_hek293,70,CPD_924842108649,93,12909,12909
zscreen_original_graph_v1:zel024_hek293:70,zscreen_original_graph_v1,zel024_hek293,70,CPD_947519490633,94,13205,13205
zscreen_original_graph_v1:zel024_hek293:70,zscreen_original_graph_v1,zel024_hek293,70,CPD_954460715469,95,13308,13308
zscreen_original_graph_v1:zel024_hek293:70,zscreen_original_graph_v1,zel024_hek293,70,CPD_959774329054,96,13378,13378
zscreen_original_graph_v1:zel024_hek293:70,zscreen_original_graph_v1,zel024_hek293,70,CPD_969107833806,97,13505,13505
zscreen_original_graph_v1:zel024_hek293:70,zscreen_original_graph_v1,zel024_hek293,70,CPD_979729557934,98,13645,13645
zscreen_original_graph_v1:zel024_hek293:70,zscreen_original_graph_v1,zel024_hek293,70,CPD_992769503135,99,13820,13820
zscreen_original_graph_v1:zel024_hek293:70,zscreen_original_graph_v1,zel024_hek293,70,CPD_993651640101,100,13836,13836
zscreen_original_graph_v1:zel024_hek293:77,zscreen_original_graph_v1,zel024_hek293,77,CPD_007150441980,0,94,94
zscreen_original_graph_v1:zel024_hek293:77,zscreen_original_graph_v1,zel024_hek293,77,CPD_090778653305,1,1299,1299
zscreen_original_graph_v1:zel024_hek293:77,zscreen_original_graph_v1,zel024_hek293,77,CPD_097640532118,2,1400,1400
zscreen_original_graph_v1:zel024_hek293:77,zscreen_original_graph_v1,zel024_hek293,77,CPD_164658442550,3,2302,2302
zscreen_original_graph_v1:zel024_hek293:77,zscreen_original_graph_v1,zel024_hek293,77,CPD_292715249652,4,4024,4024
zscreen_original_graph_v1:zel024_hek293:77,zscreen_original_graph_v1,zel024_hek293,77,CPD_345395473157,5,4738,4738
zscreen_original_graph_v1:zel024_hek293:77,zscreen_original_graph_v1,zel024_hek293,77,CPD_431845932949,6,5931,5931
zscreen_original_graph_v1:zel024_hek293:77,zscreen_original_graph_v1,zel024_hek293,77,CPD_492851434812,7,6777,6777
zscreen_original_graph_v1:zel024_hek293:77,zscreen_original_graph_v1,zel024_hek293,77,CPD_670699772818,8,9292,9292
zscreen_original_graph_v1:zel024_hek293:77,zscreen_original_graph_v1,zel024_hek293,77,CPD_684430952647,9,9457,9457
zscreen_original_graph_v1:zel024_hek293:77,zscreen_original_graph_v1,zel024_hek293,77,CPD_687741170676,10,9516,9516
zscreen_original_graph_v1:zel024_hek293:77,zscreen_original_graph_v1,zel024_hek293,77,CPD_700585756468,11,9708,9708
zscreen_original_graph_v1:zel024_hek293:77,zscreen_original_graph_v1,zel024_hek293,77,CPD_918667087001,12,12828,12828
zscreen_original_graph_v1:zel024_hek293:99,zscreen_original_graph_v1,zel024_hek293,99,CPD_009346125193,0,121,121
zscreen_original_graph_v1:zel024_hek293:99,zscreen_original_graph_v1,zel024_hek293,99,CPD_173230086468,1,2427,2427
zscreen_original_graph_v1:zel024_hek293:99,zscreen_original_graph_v1,zel024_hek293,99,CPD_654982806802,2,9087,9087
zscreen_original_graph_v1:zel024_hek293:112,zscreen_original_graph_v1,zel024_hek293,112,CPD_010626828857,0,140,140
zscreen_original_graph_v1:zel024_hek293:112,zscreen_original_graph_v1,zel024_hek293,112,CPD_027732316994,1,389,389
zscreen_original_graph_v1:zel024_hek293:112,zscreen_original_graph_v1,zel024_hek293,112,CPD_038351595316,2,541,541
zscreen_original_graph_v1:zel024_hek293:112,zscreen_original_graph_v1,zel024_hek293,112,CPD_039173170761,3,551,551
zscreen_original_graph_v1:zel024_hek293:112,zscreen_original_graph_v1,zel024_hek293,112,CPD_054798937002,4,774,774
zscreen_original_graph_v1:zel024_hek293:112,zscreen_original_graph_v1,zel024_hek293,112,CPD_064094213642,5,896,896
zscreen_original_graph_v1:zel024_hek293:112,zscreen_original_graph_v1,zel024_hek293,112,CPD_071565492190,6,1001,1001
zscreen_original_graph_v1:zel024_hek293:112,zscreen_original_graph_v1,zel024_hek293,112,CPD_082842691025,7,1178,1178
zscreen_original_graph_v1:zel024_hek293:112,zscreen_original_graph_v1,zel024_hek293,112,CPD_085489958709,8,1208,1208
zscreen_original_graph_v1:zel024_hek293:112,zscreen_original_graph_v1,zel024_hek293,112,CPD_092578743846,9,1321,1321
zscreen_original_graph_v1:zel024_hek293:112,zscreen_original_graph_v1,zel024_hek293,112,CPD_105692865293,10,1503,1503
zscreen_original_graph_v1:zel024_hek293:112,zscreen_original_graph_v1,zel024_hek293,112,CPD_116072743943,11,1654,1654
zscreen_original_graph_v1:zel024_hek293:112,zscreen_original_graph_v1,zel024_hek293,112,CPD_117404519309,12,1671,1671
zscreen_original_graph_v1:zel024_hek293:112,zscreen_original_graph_v1,zel024_hek293,112,CPD_125196886185,13,1800,1800
zscreen_original_graph_v1:zel024_hek293:112,zscreen_original_graph_v1,zel024_hek293,112,CPD_144901529241,14,2055,2055
zscreen_original_graph_v1:zel024_hek293:112,zscreen_original_graph_v1,zel024_hek293,112,CPD_168974972315,15,2368,2368
zscreen_original_graph_v1:zel024_hek293:112,zscreen_original_graph_v1,zel024_hek293,112,CPD_180930047886,16,2527,2527
zscreen_original_graph_v1:zel024_hek293:112,zscreen_original_graph_v1,zel024_hek293,112,CPD_182051241767,17,2547,2547
zscreen_original_graph_v1:zel024_hek293:112,zscreen_original_graph_v1,zel024_hek293,112,CPD_252214334461,18,3481,3481
zscreen_original_graph_v1:zel024_hek293:112,zscreen_original_graph_v1,zel024_hek293,112,CPD_258976396380,19,3575,3575
zscreen_original_graph_v1:zel024_hek293:112,zscreen_original_graph_v1,zel024_hek293,112,CPD_293964944459,20,4053,4053
zscreen_original_graph_v1:zel024_hek293:112,zscreen_original_graph_v1,zel024_hek293,112,CPD_301232608371,21,4172,4172
zscreen_original_graph_v1:zel024_hek293:112,zscreen_original_graph_v1,zel024_hek293,112,CPD_332241758753,22,4573,4573
zscreen_original_graph_v1:zel024_hek293:112,zscreen_original_graph_v1,zel024_hek293,112,CPD_343062325043,23,4702,4702
zscreen_original_graph_v1:zel024_hek293:112,zscreen_original_graph_v1,zel024_hek293,112,CPD_368341426315,24,5045,5045
zscreen_original_graph_v1:zel024_hek293:112,zscreen_original_graph_v1,zel024_hek293,112,CPD_368678147712,25,5052,5052
zscreen_original_graph_v1:zel024_hek293:112,zscreen_original_graph_v1,zel024_hek293,112,CPD_377595977027,26,5180,5180
zscreen_original_graph_v1:zel024_hek293:112,zscreen_original_graph_v1,zel024_hek293,112,CPD_378945401219,27,5196,5196
zscreen_original_graph_v1:zel024_hek293:112,zscreen_original_graph_v1,zel024_hek293,112,CPD_379541515461,28,5201,5201
zscreen_original_graph_v1:zel024_hek293:112,zscreen_original_graph_v1,zel024_hek293,112,CPD_380271768397,29,5210,5210
zscreen_original_graph_v1:zel024_hek293:112,zscreen_original_graph_v1,zel024_hek293,112,CPD_389867524058,30,5340,5340
zscreen_original_graph_v1:zel024_hek293:112,zscreen_original_graph_v1,zel024_hek293,112,CPD_446301768701,31,6138,6138
zscreen_original_graph_v1:zel024_hek293:112,zscreen_original_graph_v1,zel024_hek293,112,CPD_460621630557,32,6341,6341
zscreen_original_graph_v1:zel024_hek293:112,zscreen_original_graph_v1,zel024_hek293,112,CPD_460752062385,33,6342,6342
zscreen_original_graph_v1:zel024_hek293:112,zscreen_original_graph_v1,zel024_hek293,112,CPD_476404313750,34,6561,6561
zscreen_original_graph_v1:zel024_hek293:112,zscreen_original_graph_v1,zel024_hek293,112,CPD_512644791024,35,7049,7049
zscreen_original_graph_v1:zel024_hek293:112,zscreen_original_graph_v1,zel024_hek293,112,CPD_524670584255,36,7230,7230
zscreen_original_graph_v1:zel024_hek293:112,zscreen_original_graph_v1,zel024_hek293,112,CPD_545435042933,37,7493,7493
zscreen_original_graph_v1:zel024_hek293:112,zscreen_original_graph_v1,zel024_hek293,112,CPD_599271005083,38,8223,8223
zscreen_original_graph_v1:zel024_hek293:112,zscreen_original_graph_v1,zel024_hek293,112,CPD_603665845025,39,8303,8303
zscreen_original_graph_v1:zel024_hek293:112,zscreen_original_graph_v1,zel024_hek293,112,CPD_606475560568,40,8338,8338
zscreen_original_graph_v1:zel024_hek293:112,zscreen_original_graph_v1,zel024_hek293,112,CPD_612279604476,41,8436,8436
zscreen_original_graph_v1:zel024_hek293:112,zscreen_original_graph_v1,zel024_hek293,112,CPD_650778372753,42,9038,9038
zscreen_original_graph_v1:zel024_hek293:112,zscreen_original_graph_v1,zel024_hek293,112,CPD_663609540870,43,9196,9196
zscreen_original_graph_v1:zel024_hek293:112,zscreen_original_graph_v1,zel024_hek293,112,CPD_666771302942,44,9236,9236
zscreen_original_graph_v1:zel024_hek293:112,zscreen_original_graph_v1,zel024_hek293,112,CPD_694525762763,45,9628,9628
zscreen_original_graph_v1:zel024_hek293:112,zscreen_original_graph_v1,zel024_hek293,112,CPD_728967584267,46,10086,10086
zscreen_original_graph_v1:zel024_hek293:112,zscreen_original_graph_v1,zel024_hek293,112,CPD_759958774468,47,10545,10545
zscreen_original_graph_v1:zel024_hek293:112,zscreen_original_graph_v1,zel024_hek293,112,CPD_762136473378,48,10570,10570
zscreen_original_graph_v1:zel024_hek293:112,zscreen_original_graph_v1,zel024_hek293,112,CPD_773549457683,49,10750,10750
zscreen_original_graph_v1:zel024_hek293:112,zscreen_original_graph_v1,zel024_hek293,112,CPD_783162010772,50,10878,10878
zscreen_original_graph_v1:zel024_hek293:112,zscreen_original_graph_v1,zel024_hek293,112,CPD_790592025161,51,11002,11002
zscreen_original_graph_v1:zel024_hek293:112,zscreen_original_graph_v1,zel024_hek293,112,CPD_833713232731,52,11596,11596
zscreen_original_graph_v1:zel024_hek293:112,zscreen_original_graph_v1,zel024_hek293,112,CPD_838285528212,53,11662,11662
zscreen_original_graph_v1:zel024_hek293:112,zscreen_original_graph_v1,zel024_hek293,112,CPD_839332131669,54,11684,11684
zscreen_original_graph_v1:zel024_hek293:112,zscreen_original_graph_v1,zel024_hek293,112,CPD_841303863226,55,11717,11717
zscreen_original_graph_v1:zel024_hek293:112,zscreen_original_graph_v1,zel024_hek293,112,CPD_846435615553,56,11800,11800
zscreen_original_graph_v1:zel024_hek293:112,zscreen_original_graph_v1,zel024_hek293,112,CPD_900500384373,57,12562,12562
zscreen_original_graph_v1:zel024_hek293:112,zscreen_original_graph_v1,zel024_hek293,112,CPD_926866860672,58,12942,12942
zscreen_original_graph_v1:zel024_hek293:112,zscreen_original_graph_v1,zel024_hek293,112,CPD_933442278792,59,13021,13021
zscreen_original_graph_v1:zel024_hek293:112,zscreen_original_graph_v1,zel024_hek293,112,CPD_947996605047,60,13210,13210
zscreen_original_graph_v1:zel024_hek293:112,zscreen_original_graph_v1,zel024_hek293,112,CPD_959210340172,61,13368,13368
zscreen_original_graph_v1:zel024_hek293:112,zscreen_original_graph_v1,zel024_hek293,112,CPD_962008496764,62,13409,13409
zscreen_original_graph_v1:zel024_hek293:112,zscreen_original_graph_v1,zel024_hek293,112,CPD_962680296345,63,13417,13417
zscreen_original_graph_v1:zel024_hek293:112,zscreen_original_graph_v1,zel024_hek293,112,CPD_986688499596,64,13741,13741
zscreen_original_graph_v1:zel024_hek293:112,zscreen_original_graph_v1,zel024_hek293,112,CPD_987819098539,65,13751,13751
zscreen_original_graph_v1:zel024_hek293:136,zscreen_original_graph_v1,zel024_hek293,136,CPD_012605968165,0,166,166
zscreen_original_graph_v1:zel024_hek293:136,zscreen_original_graph_v1,zel024_hek293,136,CPD_043123633496,1,609,609
zscreen_original_graph_v1:zel024_hek293:136,zscreen_original_graph_v1,zel024_hek293,136,CPD_058105460964,2,812,812
zscreen_original_graph_v1:zel024_hek293:136,zscreen_original_graph_v1,zel024_hek293,136,CPD_067628804574,3,947,947
zscreen_original_graph_v1:zel024_hek293:136,zscreen_original_graph_v1,zel024_hek293,136,CPD_077992766247,4,1092,1092
zscreen_original_graph_v1:zel024_hek293:136,zscreen_original_graph_v1,zel024_hek293,136,CPD_081728304842,5,1158,1158
zscreen_original_graph_v1:zel024_hek293:136,zscreen_original_graph_v1,zel024_hek293,136,CPD_084033809589,6,1191,1191
zscreen_original_graph_v1:zel024_hek293:136,zscreen_original_graph_v1,zel024_hek293,136,CPD_088746301168,7,1271,1271
zscreen_original_graph_v1:zel024_hek293:136,zscreen_original_graph_v1,zel024_hek293,136,CPD_094169279832,8,1342,1342
zscreen_original_graph_v1:zel024_hek293:136,zscreen_original_graph_v1,zel024_hek293,136,CPD_111484669116,9,1580,1580
zscreen_original_graph_v1:zel024_hek293:136,zscreen_original_graph_v1,zel024_hek293,136,CPD_112800551878,10,1600,1600
zscreen_original_graph_v1:zel024_hek293:136,zscreen_original_graph_v1,zel024_hek293,136,CPD_120882397353,11,1735,1735
zscreen_original_graph_v1:zel024_hek293:136,zscreen_original_graph_v1,zel024_hek293,136,CPD_127792643411,12,1833,1833
zscreen_original_graph_v1:zel024_hek293:136,zscreen_original_graph_v1,zel024_hek293,136,CPD_149653658846,13,2105,2105
zscreen_original_graph_v1:zel024_hek293:136,zscreen_original_graph_v1,zel024_hek293,136,CPD_160848143165,14,2253,2253
zscreen_original_graph_v1:zel024_hek293:136,zscreen_original_graph_v1,zel024_hek293,136,CPD_165014785403,15,2306,2306
zscreen_original_graph_v1:zel024_hek293:136,zscreen_original_graph_v1,zel024_hek293,136,CPD_165279810841,16,2311,2311
zscreen_original_graph_v1:zel024_hek293:136,zscreen_original_graph_v1,zel024_hek293,136,CPD_175039905875,17,2443,2443
zscreen_original_graph_v1:zel024_hek293:136,zscreen_original_graph_v1,zel024_hek293,136,CPD_182340665448,18,2554,2554
zscreen_original_graph_v1:zel024_hek293:136,zscreen_original_graph_v1,zel024_hek293,136,CPD_183530001081,19,2573,2573
zscreen_original_graph_v1:zel024_hek293:136,zscreen_original_graph_v1,zel024_hek293,136,CPD_189416515350,20,2660,2660
zscreen_original_graph_v1:zel024_hek293:136,zscreen_original_graph_v1,zel024_hek293,136,CPD_190407009965,21,2671,2671
zscreen_original_graph_v1:zel024_hek293:136,zscreen_original_graph_v1,zel024_hek293,136,CPD_203660963402,22,2849,2849
zscreen_original_graph_v1:zel024_hek293:136,zscreen_original_graph_v1,zel024_hek293,136,CPD_211928215308,23,2968,2968
zscreen_original_graph_v1:zel024_hek293:136,zscreen_original_graph_v1,zel024_hek293,136,CPD_218907955726,24,3054,3054
zscreen_original_graph_v1:zel024_hek293:136,zscreen_original_graph_v1,zel024_hek293,136,CPD_239940784595,25,3338,3338
zscreen_original_graph_v1:zel024_hek293:136,zscreen_original_graph_v1,zel024_hek293,136,CPD_256223025340,26,3536,3536
zscreen_original_graph_v1:zel024_hek293:136,zscreen_original_graph_v1,zel024_hek293,136,CPD_260027369368,27,3599,3599
zscreen_original_graph_v1:zel024_hek293:136,zscreen_original_graph_v1,zel024_hek293,136,CPD_271661274754,28,3743,3743
zscreen_original_graph_v1:zel024_hek293:136,zscreen_original_graph_v1,zel024_hek293,136,CPD_274999151484,29,3786,3786
zscreen_original_graph_v1:zel024_hek293:136,zscreen_original_graph_v1,zel024_hek293,136,CPD_280049931746,30,3846,3846
zscreen_original_graph_v1:zel024_hek293:136,zscreen_original_graph_v1,zel024_hek293,136,CPD_280624852426,31,3853,3853
zscreen_original_graph_v1:zel024_hek293:136,zscreen_original_graph_v1,zel024_hek293,136,CPD_305538638307,32,4232,4232
zscreen_original_graph_v1:zel024_hek293:136,zscreen_original_graph_v1,zel024_hek293,136,CPD_305751834023,33,4236,4236
zscreen_original_graph_v1:zel024_hek293:136,zscreen_original_graph_v1,zel024_hek293,136,CPD_313722725610,34,4327,4327
zscreen_original_graph_v1:zel024_hek293:136,zscreen_original_graph_v1,zel024_hek293,136,CPD_323989315092,35,4461,4461
zscreen_original_graph_v1:zel024_hek293:136,zscreen_original_graph_v1,zel024_hek293,136,CPD_332485180779,36,4575,4575
zscreen_original_graph_v1:zel024_hek293:136,zscreen_original_graph_v1,zel024_hek293,136,CPD_335101535067,37,4604,4604
zscreen_original_graph_v1:zel024_hek293:136,zscreen_original_graph_v1,zel024_hek293,136,CPD_336262759638,38,4623,4623
zscreen_original_graph_v1:zel024_hek293:136,zscreen_original_graph_v1,zel024_hek293,136,CPD_341014766994,39,4679,4679
zscreen_original_graph_v1:zel024_hek293:136,zscreen_original_graph_v1,zel024_hek293,136,CPD_343013111047,40,4701,4701
zscreen_original_graph_v1:zel024_hek293:136,zscreen_original_graph_v1,zel024_hek293,136,CPD_370409040899,41,5075,5075
zscreen_original_graph_v1:zel024_hek293:136,zscreen_original_graph_v1,zel024_hek293,136,CPD_387600058817,42,5305,5305
zscreen_original_graph_v1:zel024_hek293:136,zscreen_original_graph_v1,zel024_hek293,136,CPD_389435116413,43,5333,5333
zscreen_original_graph_v1:zel024_hek293:136,zscreen_original_graph_v1,zel024_hek293,136,CPD_397131919121,44,5437,5437
zscreen_original_graph_v1:zel024_hek293:136,zscreen_original_graph_v1,zel024_hek293,136,CPD_410870008040,45,5616,5616
zscreen_original_graph_v1:zel024_hek293:136,zscreen_original_graph_v1,zel024_hek293,136,CPD_410970834852,46,5618,5618
zscreen_original_graph_v1:zel024_hek293:136,zscreen_original_graph_v1,zel024_hek293,136,CPD_411164030933,47,5622,5622
zscreen_original_graph_v1:zel024_hek293:136,zscreen_original_graph_v1,zel024_hek293,136,CPD_416796486870,48,5705,5705
zscreen_original_graph_v1:zel024_hek293:136,zscreen_original_graph_v1,zel024_hek293,136,CPD_418123831520,49,5721,5721
zscreen_original_graph_v1:zel024_hek293:136,zscreen_original_graph_v1,zel024_hek293,136,CPD_418328918368,50,5724,5724
zscreen_original_graph_v1:zel024_hek293:136,zscreen_original_graph_v1,zel024_hek293,136,CPD_436292073981,51,6000,6000
zscreen_original_graph_v1:zel024_hek293:136,zscreen_original_graph_v1,zel024_hek293,136,CPD_442950676413,52,6094,6094
zscreen_original_graph_v1:zel024_hek293:136,zscreen_original_graph_v1,zel024_hek293,136,CPD_444398966602,53,6117,6117
zscreen_original_graph_v1:zel024_hek293:136,zscreen_original_graph_v1,zel024_hek293,136,CPD_447440342710,54,6159,6159
zscreen_original_graph_v1:zel024_hek293:136,zscreen_original_graph_v1,zel024_hek293,136,CPD_450261751586,55,6203,6203
zscreen_original_graph_v1:zel024_hek293:136,zscreen_original_graph_v1,zel024_hek293,136,CPD_455418276117,56,6270,6270
zscreen_original_graph_v1:zel024_hek293:136,zscreen_original_graph_v1,zel024_hek293,136,CPD_467163304402,57,6431,6431
zscreen_original_graph_v1:zel024_hek293:136,zscreen_original_graph_v1,zel024_hek293,136,CPD_484191056236,58,6661,6661
zscreen_original_graph_v1:zel024_hek293:136,zscreen_original_graph_v1,zel024_hek293,136,CPD_494348425388,59,6802,6802
zscreen_original_graph_v1:zel024_hek293:136,zscreen_original_graph_v1,zel024_hek293,136,CPD_496147427120,60,6832,6832
zscreen_original_graph_v1:zel024_hek293:136,zscreen_original_graph_v1,zel024_hek293,136,CPD_504832533619,61,6941,6941
zscreen_original_graph_v1:zel024_hek293:136,zscreen_original_graph_v1,zel024_hek293,136,CPD_507402870653,62,6973,6973
zscreen_original_graph_v1:zel024_hek293:136,zscreen_original_graph_v1,zel024_hek293,136,CPD_512858020737,63,7051,7051
zscreen_original_graph_v1:zel024_hek293:136,zscreen_original_graph_v1,zel024_hek293,136,CPD_513268115388,64,7058,7058
zscreen_original_graph_v1:zel024_hek293:136,zscreen_original_graph_v1,zel024_hek293,136,CPD_521142983626,65,7172,7172
zscreen_original_graph_v1:zel024_hek293:136,zscreen_original_graph_v1,zel024_hek293,136,CPD_522050473130,66,7186,7186
zscreen_original_graph_v1:zel024_hek293:136,zscreen_original_graph_v1,zel024_hek293,136,CPD_530015365875,67,7294,7294
zscreen_original_graph_v1:zel024_hek293:136,zscreen_original_graph_v1,zel024_hek293,136,CPD_532711974144,68,7323,7323
zscreen_original_graph_v1:zel024_hek293:136,zscreen_original_graph_v1,zel024_hek293,136,CPD_536848238749,69,7387,7387
zscreen_original_graph_v1:zel024_hek293:136,zscreen_original_graph_v1,zel024_hek293,136,CPD_547956734185,70,7525,7525
zscreen_original_graph_v1:zel024_hek293:136,zscreen_original_graph_v1,zel024_hek293,136,CPD_553554681332,71,7611,7611
zscreen_original_graph_v1:zel024_hek293:136,zscreen_original_graph_v1,zel024_hek293,136,CPD_579061831475,72,7953,7953
zscreen_original_graph_v1:zel024_hek293:136,zscreen_original_graph_v1,zel024_hek293,136,CPD_584005984198,73,8019,8019
zscreen_original_graph_v1:zel024_hek293:136,zscreen_original_graph_v1,zel024_hek293,136,CPD_590384894972,74,8096,8096
zscreen_original_graph_v1:zel024_hek293:136,zscreen_original_graph_v1,zel024_hek293,136,CPD_599351490228,75,8225,8225
zscreen_original_graph_v1:zel024_hek293:136,zscreen_original_graph_v1,zel024_hek293,136,CPD_601347934183,76,8257,8257
zscreen_original_graph_v1:zel024_hek293:136,zscreen_original_graph_v1,zel024_hek293,136,CPD_610606855172,77,8413,8413
zscreen_original_graph_v1:zel024_hek293:136,zscreen_original_graph_v1,zel024_hek293,136,CPD_616470961057,78,8505,8505
zscreen_original_graph_v1:zel024_hek293:136,zscreen_original_graph_v1,zel024_hek293,136,CPD_616594871969,79,8508,8508
zscreen_original_graph_v1:zel024_hek293:136,zscreen_original_graph_v1,zel024_hek293,136,CPD_618078651211,80,8524,8524
zscreen_original_graph_v1:zel024_hek293:136,zscreen_original_graph_v1,zel024_hek293,136,CPD_625008249642,81,8630,8630
zscreen_original_graph_v1:zel024_hek293:136,zscreen_original_graph_v1,zel024_hek293,136,CPD_628516780730,82,8685,8685
zscreen_original_graph_v1:zel024_hek293:136,zscreen_original_graph_v1,zel024_hek293,136,CPD_632797494759,83,8753,8753
zscreen_original_graph_v1:zel024_hek293:136,zscreen_original_graph_v1,zel024_hek293,136,CPD_634287835980,84,8772,8772
zscreen_original_graph_v1:zel024_hek293:136,zscreen_original_graph_v1,zel024_hek293,136,CPD_682148022230,85,9428,9428
zscreen_original_graph_v1:zel024_hek293:136,zscreen_original_graph_v1,zel024_hek293,136,CPD_689397319405,86,9542,9542
zscreen_original_graph_v1:zel024_hek293:136,zscreen_original_graph_v1,zel024_hek293,136,CPD_699340275954,87,9696,9696
zscreen_original_graph_v1:zel024_hek293:136,zscreen_original_graph_v1,zel024_hek293,136,CPD_700799123468,88,9716,9716
zscreen_original_graph_v1:zel024_hek293:136,zscreen_original_graph_v1,zel024_hek293,136,CPD_706777058358,89,9780,9780
zscreen_original_graph_v1:zel024_hek293:136,zscreen_original_graph_v1,zel024_hek293,136,CPD_716784871419,90,9922,9922
zscreen_original_graph_v1:zel024_hek293:136,zscreen_original_graph_v1,zel024_hek293,136,CPD_736093330824,91,10179,10179
zscreen_original_graph_v1:zel024_hek293:136,zscreen_original_graph_v1,zel024_hek293,136,CPD_750909182535,92,10414,10414
zscreen_original_graph_v1:zel024_hek293:136,zscreen_original_graph_v1,zel024_hek293,136,CPD_766055457665,93,10630,10630
zscreen_original_graph_v1:zel024_hek293:136,zscreen_original_graph_v1,zel024_hek293,136,CPD_770673623824,94,10708,10708
zscreen_original_graph_v1:zel024_hek293:136,zscreen_original_graph_v1,zel024_hek293,136,CPD_771749509237,95,10721,10721
zscreen_original_graph_v1:zel024_hek293:136,zscreen_original_graph_v1,zel024_hek293,136,CPD_778269624433,96,10803,10803
zscreen_original_graph_v1:zel024_hek293:136,zscreen_original_graph_v1,zel024_hek293,136,CPD_781211845636,97,10848,10848
zscreen_original_graph_v1:zel024_hek293:136,zscreen_original_graph_v1,zel024_hek293,136,CPD_787376188618,98,10941,10941
zscreen_original_graph_v1:zel024_hek293:136,zscreen_original_graph_v1,zel024_hek293,136,CPD_788370415270,99,10957,10957
zscreen_original_graph_v1:zel024_hek293:136,zscreen_original_graph_v1,zel024_hek293,136,CPD_789347359505,100,10977,10977
zscreen_original_graph_v1:zel024_hek293:136,zscreen_original_graph_v1,zel024_hek293,136,CPD_795860764983,101,11084,11084
zscreen_original_graph_v1:zel024_hek293:136,zscreen_original_graph_v1,zel024_hek293,136,CPD_796022990862,102,11088,11088
zscreen_original_graph_v1:zel024_hek293:136,zscreen_original_graph_v1,zel024_hek293,136,CPD_816690469154,103,11369,11369
zscreen_original_graph_v1:zel024_hek293:136,zscreen_original_graph_v1,zel024_hek293,136,CPD_822116558946,104,11454,11454
zscreen_original_graph_v1:zel024_hek293:136,zscreen_original_graph_v1,zel024_hek293,136,CPD_822928817414,105,11468,11468
zscreen_original_graph_v1:zel024_hek293:136,zscreen_original_graph_v1,zel024_hek293,136,CPD_830841304808,106,11561,11561
zscreen_original_graph_v1:zel024_hek293:136,zscreen_original_graph_v1,zel024_hek293,136,CPD_839593689635,107,11688,11688
zscreen_original_graph_v1:zel024_hek293:136,zscreen_original_graph_v1,zel024_hek293,136,CPD_841530971751,108,11719,11719
zscreen_original_graph_v1:zel024_hek293:136,zscreen_original_graph_v1,zel024_hek293,136,CPD_843380345529,109,11748,11748
zscreen_original_graph_v1:zel024_hek293:136,zscreen_original_graph_v1,zel024_hek293,136,CPD_844991225160,110,11772,11772
zscreen_original_graph_v1:zel024_hek293:136,zscreen_original_graph_v1,zel024_hek293,136,CPD_845004936200,111,11773,11773
zscreen_original_graph_v1:zel024_hek293:136,zscreen_original_graph_v1,zel024_hek293,136,CPD_880592173393,112,12282,12282
zscreen_original_graph_v1:zel024_hek293:136,zscreen_original_graph_v1,zel024_hek293,136,CPD_889828349732,113,12406,12406
zscreen_original_graph_v1:zel024_hek293:136,zscreen_original_graph_v1,zel024_hek293,136,CPD_893938962193,114,12459,12459
zscreen_original_graph_v1:zel024_hek293:136,zscreen_original_graph_v1,zel024_hek293,136,CPD_895526281447,115,12476,12476
zscreen_original_graph_v1:zel024_hek293:136,zscreen_original_graph_v1,zel024_hek293,136,CPD_907653912616,116,12666,12666
zscreen_original_graph_v1:zel024_hek293:136,zscreen_original_graph_v1,zel024_hek293,136,CPD_925017350841,117,12913,12913
zscreen_original_graph_v1:zel024_hek293:136,zscreen_original_graph_v1,zel024_hek293,136,CPD_936852456422,118,13070,13070
zscreen_original_graph_v1:zel024_hek293:136,zscreen_original_graph_v1,zel024_hek293,136,CPD_955420925228,119,13318,13318
zscreen_original_graph_v1:zel024_hek293:136,zscreen_original_graph_v1,zel024_hek293,136,CPD_985583476679,120,13726,13726
zscreen_original_graph_v1:zel024_hek293:150,zscreen_original_graph_v1,zel024_hek293,150,CPD_013596971717,0,184,184
zscreen_original_graph_v1:zel024_hek293:150,zscreen_original_graph_v1,zel024_hek293,150,CPD_148056749702,1,2089,2089
zscreen_original_graph_v1:zel024_hek293:150,zscreen_original_graph_v1,zel024_hek293,150,CPD_155396740478,2,2178,2178
zscreen_original_graph_v1:zel024_hek293:150,zscreen_original_graph_v1,zel024_hek293,150,CPD_374094199192,3,5128,5128
zscreen_original_graph_v1:zel024_hek293:150,zscreen_original_graph_v1,zel024_hek293,150,CPD_786418730243,4,10933,10933
zscreen_original_graph_v1:zel024_hek293:150,zscreen_original_graph_v1,zel024_hek293,150,CPD_818525031369,5,11406,11406
zscreen_original_graph_v1:zel024_hek293:150,zscreen_original_graph_v1,zel024_hek293,150,CPD_910387744121,6,12711,12711
zscreen_original_graph_v1:zel024_hek293:150,zscreen_original_graph_v1,zel024_hek293,150,CPD_965329875598,7,13448,13448
zscreen_original_graph_v1:zel024_hek293:199,zscreen_original_graph_v1,zel024_hek293,199,CPD_017327268035,0,240,240
zscreen_original_graph_v1:zel024_hek293:199,zscreen_original_graph_v1,zel024_hek293,199,CPD_252081469599,1,3479,3479
zscreen_original_graph_v1:zel024_hek293:199,zscreen_original_graph_v1,zel024_hek293,199,CPD_992232097628,2,13808,13808
zscreen_original_graph_v1:zel024_hek293:228,zscreen_original_graph_v1,zel024_hek293,228,CPD_019482918594,0,271,271
zscreen_original_graph_v1:zel024_hek293:228,zscreen_original_graph_v1,zel024_hek293,228,CPD_112297692008,1,1587,1587
zscreen_original_graph_v1:zel024_hek293:228,zscreen_original_graph_v1,zel024_hek293,228,CPD_322437189004,2,4441,4441
zscreen_original_graph_v1:zel024_hek293:228,zscreen_original_graph_v1,zel024_hek293,228,CPD_428407833288,3,5877,5877
zscreen_original_graph_v1:zel024_hek293:228,zscreen_original_graph_v1,zel024_hek293,228,CPD_834100682076,4,11607,11607
zscreen_original_graph_v1:zel024_hek293:245,zscreen_original_graph_v1,zel024_hek293,245,CPD_020654609000,0,288,288
zscreen_original_graph_v1:zel024_hek293:245,zscreen_original_graph_v1,zel024_hek293,245,CPD_037581640991,1,528,528
zscreen_original_graph_v1:zel024_hek293:245,zscreen_original_graph_v1,zel024_hek293,245,CPD_294010880725,2,4056,4056
zscreen_original_graph_v1:zel024_hek293:245,zscreen_original_graph_v1,zel024_hek293,245,CPD_536917414521,3,7389,7389
zscreen_original_graph_v1:zel024_hek293:245,zscreen_original_graph_v1,zel024_hek293,245,CPD_565429014580,4,7781,7781
zscreen_original_graph_v1:zel024_hek293:245,zscreen_original_graph_v1,zel024_hek293,245,CPD_610138052131,5,8405,8405
zscreen_original_graph_v1:zel024_hek293:245,zscreen_original_graph_v1,zel024_hek293,245,CPD_813062479014,6,11319,11319
zscreen_original_graph_v1:zel024_hek293:245,zscreen_original_graph_v1,zel024_hek293,245,CPD_828177526638,7,11528,11528
zscreen_original_graph_v1:zel024_hek293:245,zscreen_original_graph_v1,zel024_hek293,245,CPD_857732315568,8,11965,11965
zscreen_original_graph_v1:zel024_hek293:245,zscreen_original_graph_v1,zel024_hek293,245,CPD_872760410441,9,12178,12178
zscreen_original_graph_v1:zel024_hek293:245,zscreen_original_graph_v1,zel024_hek293,245,CPD_879288760475,10,12264,12264
zscreen_original_graph_v1:zel024_hek293:245,zscreen_original_graph_v1,zel024_hek293,245,CPD_904358311585,11,12611,12611
zscreen_original_graph_v1:zel024_hek293:266,zscreen_original_graph_v1,zel024_hek293,266,CPD_022100757725,0,310,310
zscreen_original_graph_v1:zel024_hek293:266,zscreen_original_graph_v1,zel024_hek293,266,CPD_107878729347,1,1539,1539
zscreen_original_graph_v1:zel024_hek293:266,zscreen_original_graph_v1,zel024_hek293,266,CPD_647022424280,2,8977,8977
zscreen_original_graph_v1:zel024_hek293:266,zscreen_original_graph_v1,zel024_hek293,266,CPD_769441784476,3,10686,10686
zscreen_original_graph_v1:zel024_hek293:321,zscreen_original_graph_v1,zel024_hek293,321,CPD_025870281114,0,373,373
zscreen_original_graph_v1:zel024_hek293:321,zscreen_original_graph_v1,zel024_hek293,321,CPD_029415535788,1,420,420
zscreen_original_graph_v1:zel024_hek293:321,zscreen_original_graph_v1,zel024_hek293,321,CPD_695138061585,2,9636,9636
zscreen_original_graph_v1:zel024_hek293:321,zscreen_original_graph_v1,zel024_hek293,321,CPD_808696061319,3,11260,11260
zscreen_original_graph_v1:zel024_hek293:332,zscreen_original_graph_v1,zel024_hek293,332,CPD_027906691945,0,392,392
zscreen_original_graph_v1:zel024_hek293:332,zscreen_original_graph_v1,zel024_hek293,332,CPD_332532850298,1,4576,4576
zscreen_original_graph_v1:zel024_hek293:332,zscreen_original_graph_v1,zel024_hek293,332,CPD_892053749068,2,12436,12436
zscreen_original_graph_v1:zel024_hek293:352,zscreen_original_graph_v1,zel024_hek293,352,CPD_029606753769,0,421,421
zscreen_original_graph_v1:zel024_hek293:352,zscreen_original_graph_v1,zel024_hek293,352,CPD_070806986883,1,993,993
zscreen_original_graph_v1:zel024_hek293:352,zscreen_original_graph_v1,zel024_hek293,352,CPD_114167384452,2,1627,1627
zscreen_original_graph_v1:zel024_hek293:352,zscreen_original_graph_v1,zel024_hek293,352,CPD_283340455825,3,3903,3903
zscreen_original_graph_v1:zel024_hek293:352,zscreen_original_graph_v1,zel024_hek293,352,CPD_515138429574,4,7086,7086
zscreen_original_graph_v1:zel024_hek293:352,zscreen_original_graph_v1,zel024_hek293,352,CPD_901766719457,5,12576,12576
zscreen_original_graph_v1:zel024_hek293:352,zscreen_original_graph_v1,zel024_hek293,352,CPD_956595417646,6,13338,13338
zscreen_original_graph_v1:zel024_hek293:352,zscreen_original_graph_v1,zel024_hek293,352,CPD_958366457828,7,13360,13360
zscreen_original_graph_v1:zel024_hek293:352,zscreen_original_graph_v1,zel024_hek293,352,CPD_983579575858,8,13696,13696
zscreen_original_graph_v1:zel024_hek293:370,zscreen_original_graph_v1,zel024_hek293,370,CPD_031364736020,0,448,448
zscreen_original_graph_v1:zel024_hek293:370,zscreen_original_graph_v1,zel024_hek293,370,CPD_346647824716,1,4750,4750
zscreen_original_graph_v1:zel024_hek293:370,zscreen_original_graph_v1,zel024_hek293,370,CPD_503187688216,2,6915,6915
zscreen_original_graph_v1:zel024_hek293:370,zscreen_original_graph_v1,zel024_hek293,370,CPD_870552088133,3,12143,12143
zscreen_original_graph_v1:zel024_hek293:415,zscreen_original_graph_v1,zel024_hek293,415,CPD_035679142676,0,502,502
zscreen_original_graph_v1:zel024_hek293:415,zscreen_original_graph_v1,zel024_hek293,415,CPD_171432843608,1,2399,2399
zscreen_original_graph_v1:zel024_hek293:415,zscreen_original_graph_v1,zel024_hek293,415,CPD_521548839101,2,7177,7177
zscreen_original_graph_v1:zel024_hek293:490,zscreen_original_graph_v1,zel024_hek293,490,CPD_042753281625,0,602,602
zscreen_original_graph_v1:zel024_hek293:490,zscreen_original_graph_v1,zel024_hek293,490,CPD_302811347751,1,4203,4203
zscreen_original_graph_v1:zel024_hek293:490,zscreen_original_graph_v1,zel024_hek293,490,CPD_705792705778,2,9768,9768
zscreen_original_graph_v1:zel024_hek293:490,zscreen_original_graph_v1,zel024_hek293,490,CPD_971896705095,3,13546,13546
zscreen_original_graph_v1:zel024_hek293:490,zscreen_original_graph_v1,zel024_hek293,490,CPD_981772493092,4,13682,13682
zscreen_original_graph_v1:zel024_hek293:508,zscreen_original_graph_v1,zel024_hek293,508,CPD_043733568724,0,621,621
zscreen_original_graph_v1:zel024_hek293:508,zscreen_original_graph_v1,zel024_hek293,508,CPD_161529544504,1,2261,2261
zscreen_original_graph_v1:zel024_hek293:508,zscreen_original_graph_v1,zel024_hek293,508,CPD_195792958307,2,2748,2748
zscreen_original_graph_v1:zel024_hek293:508,zscreen_original_graph_v1,zel024_hek293,508,CPD_520836535399,3,7164,7164
zscreen_original_graph_v1:zel024_hek293:508,zscreen_original_graph_v1,zel024_hek293,508,CPD_537727216849,4,7402,7402
zscreen_original_graph_v1:zel024_hek293:508,zscreen_original_graph_v1,zel024_hek293,508,CPD_796877768747,5,11099,11099
zscreen_original_graph_v1:zel024_hek293:510,zscreen_original_graph_v1,zel024_hek293,510,CPD_043809734063,0,623,623
zscreen_original_graph_v1:zel024_hek293:510,zscreen_original_graph_v1,zel024_hek293,510,CPD_099739485489,1,1429,1429
zscreen_original_graph_v1:zel024_hek293:510,zscreen_original_graph_v1,zel024_hek293,510,CPD_166327722592,2,2328,2328
zscreen_original_graph_v1:zel024_hek293:510,zscreen_original_graph_v1,zel024_hek293,510,CPD_353856937933,3,4862,4862
zscreen_original_graph_v1:zel024_hek293:510,zscreen_original_graph_v1,zel024_hek293,510,CPD_831296076211,4,11570,11570
zscreen_original_graph_v1:zel024_hek293:518,zscreen_original_graph_v1,zel024_hek293,518,CPD_044437704012,0,633,633
zscreen_original_graph_v1:zel024_hek293:518,zscreen_original_graph_v1,zel024_hek293,518,CPD_115534048006,1,1650,1650
zscreen_original_graph_v1:zel024_hek293:518,zscreen_original_graph_v1,zel024_hek293,518,CPD_118762844555,2,1693,1693
zscreen_original_graph_v1:zel024_hek293:518,zscreen_original_graph_v1,zel024_hek293,518,CPD_172075223485,3,2408,2408
zscreen_original_graph_v1:zel024_hek293:518,zscreen_original_graph_v1,zel024_hek293,518,CPD_228245924320,4,3179,3179
zscreen_original_graph_v1:zel024_hek293:518,zscreen_original_graph_v1,zel024_hek293,518,CPD_297974650045,5,4125,4125
zscreen_original_graph_v1:zel024_hek293:518,zscreen_original_graph_v1,zel024_hek293,518,CPD_309891461459,6,4282,4282
zscreen_original_graph_v1:zel024_hek293:518,zscreen_original_graph_v1,zel024_hek293,518,CPD_354506762705,7,4875,4875
zscreen_original_graph_v1:zel024_hek293:518,zscreen_original_graph_v1,zel024_hek293,518,CPD_372944850110,8,5109,5109
zscreen_original_graph_v1:zel024_hek293:518,zscreen_original_graph_v1,zel024_hek293,518,CPD_388261078725,9,5314,5314
zscreen_original_graph_v1:zel024_hek293:518,zscreen_original_graph_v1,zel024_hek293,518,CPD_392567146036,10,5377,5377
zscreen_original_graph_v1:zel024_hek293:518,zscreen_original_graph_v1,zel024_hek293,518,CPD_423817801062,11,5816,5816
zscreen_original_graph_v1:zel024_hek293:518,zscreen_original_graph_v1,zel024_hek293,518,CPD_458394430119,12,6313,6313
zscreen_original_graph_v1:zel024_hek293:518,zscreen_original_graph_v1,zel024_hek293,518,CPD_492243650479,13,6770,6770
zscreen_original_graph_v1:zel024_hek293:518,zscreen_original_graph_v1,zel024_hek293,518,CPD_498755053663,14,6863,6863
zscreen_original_graph_v1:zel024_hek293:518,zscreen_original_graph_v1,zel024_hek293,518,CPD_502622625463,15,6907,6907
zscreen_original_graph_v1:zel024_hek293:518,zscreen_original_graph_v1,zel024_hek293,518,CPD_512379608076,16,7043,7043
zscreen_original_graph_v1:zel024_hek293:518,zscreen_original_graph_v1,zel024_hek293,518,CPD_525160081840,17,7235,7235
zscreen_original_graph_v1:zel024_hek293:518,zscreen_original_graph_v1,zel024_hek293,518,CPD_559483868480,18,7693,7693
zscreen_original_graph_v1:zel024_hek293:518,zscreen_original_graph_v1,zel024_hek293,518,CPD_586266924251,19,8052,8052
zscreen_original_graph_v1:zel024_hek293:518,zscreen_original_graph_v1,zel024_hek293,518,CPD_648962912539,20,9008,9008
zscreen_original_graph_v1:zel024_hek293:518,zscreen_original_graph_v1,zel024_hek293,518,CPD_663013710992,21,9189,9189
zscreen_original_graph_v1:zel024_hek293:518,zscreen_original_graph_v1,zel024_hek293,518,CPD_680013815424,22,9398,9398
zscreen_original_graph_v1:zel024_hek293:518,zscreen_original_graph_v1,zel024_hek293,518,CPD_685448686191,23,9475,9475
zscreen_original_graph_v1:zel024_hek293:518,zscreen_original_graph_v1,zel024_hek293,518,CPD_717876944174,24,9943,9943
zscreen_original_graph_v1:zel024_hek293:518,zscreen_original_graph_v1,zel024_hek293,518,CPD_721901232602,25,9999,9999
zscreen_original_graph_v1:zel024_hek293:518,zscreen_original_graph_v1,zel024_hek293,518,CPD_760798350241,26,10555,10555
zscreen_original_graph_v1:zel024_hek293:518,zscreen_original_graph_v1,zel024_hek293,518,CPD_847610738455,27,11819,11819
zscreen_original_graph_v1:zel024_hek293:518,zscreen_original_graph_v1,zel024_hek293,518,CPD_867347733095,28,12094,12094
zscreen_original_graph_v1:zel024_hek293:518,zscreen_original_graph_v1,zel024_hek293,518,CPD_873284985458,29,12186,12186
zscreen_original_graph_v1:zel024_hek293:518,zscreen_original_graph_v1,zel024_hek293,518,CPD_873989208529,30,12198,12198
zscreen_original_graph_v1:zel024_hek293:518,zscreen_original_graph_v1,zel024_hek293,518,CPD_875774645957,31,12221,12221
zscreen_original_graph_v1:zel024_hek293:518,zscreen_original_graph_v1,zel024_hek293,518,CPD_884889353696,32,12341,12341
zscreen_original_graph_v1:zel024_hek293:518,zscreen_original_graph_v1,zel024_hek293,518,CPD_896574205526,33,12489,12489
zscreen_original_graph_v1:zel024_hek293:518,zscreen_original_graph_v1,zel024_hek293,518,CPD_967729489978,34,13480,13480
zscreen_original_graph_v1:zel024_hek293:518,zscreen_original_graph_v1,zel024_hek293,518,CPD_980690955943,35,13664,13664
zscreen_original_graph_v1:zel024_hek293:540,zscreen_original_graph_v1,zel024_hek293,540,CPD_046451042103,0,659,659
zscreen_original_graph_v1:zel024_hek293:540,zscreen_original_graph_v1,zel024_hek293,540,CPD_300556276946,1,4162,4162
zscreen_original_graph_v1:zel024_hek293:540,zscreen_original_graph_v1,zel024_hek293,540,CPD_472843859682,2,6519,6519
zscreen_original_graph_v1:zel024_hek293:541,zscreen_original_graph_v1,zel024_hek293,541,CPD_046733454782,0,661,661
zscreen_original_graph_v1:zel024_hek293:541,zscreen_original_graph_v1,zel024_hek293,541,CPD_281967450527,1,3877,3877
zscreen_original_graph_v1:zel024_hek293:541,zscreen_original_graph_v1,zel024_hek293,541,CPD_708280102143,2,9797,9797
zscreen_original_graph_v1:zel024_hek293:541,zscreen_original_graph_v1,zel024_hek293,541,CPD_952868446835,3,13289,13289
zscreen_original_graph_v1:zel024_hek293:569,zscreen_original_graph_v1,zel024_hek293,569,CPD_048910150996,0,694,694
zscreen_original_graph_v1:zel024_hek293:569,zscreen_original_graph_v1,zel024_hek293,569,CPD_309015747736,1,4268,4268
zscreen_original_graph_v1:zel024_hek293:569,zscreen_original_graph_v1,zel024_hek293,569,CPD_644814182782,2,8934,8934
zscreen_original_graph_v1:zel024_hek293:569,zscreen_original_graph_v1,zel024_hek293,569,CPD_695346077333,3,9638,9638
zscreen_original_graph_v1:zel024_hek293:576,zscreen_original_graph_v1,zel024_hek293,576,CPD_049227409722,0,702,702
zscreen_original_graph_v1:zel024_hek293:576,zscreen_original_graph_v1,zel024_hek293,576,CPD_686259103122,1,9489,9489
zscreen_original_graph_v1:zel024_hek293:576,zscreen_original_graph_v1,zel024_hek293,576,CPD_896936899896,2,12493,12493
zscreen_original_graph_v1:zel024_hek293:612,zscreen_original_graph_v1,zel024_hek293,612,CPD_052712661492,0,747,747
zscreen_original_graph_v1:zel024_hek293:612,zscreen_original_graph_v1,zel024_hek293,612,CPD_223390679360,1,3106,3106
zscreen_original_graph_v1:zel024_hek293:612,zscreen_original_graph_v1,zel024_hek293,612,CPD_363411072178,2,4991,4991
zscreen_original_graph_v1:zel024_hek293:612,zscreen_original_graph_v1,zel024_hek293,612,CPD_430377018708,3,5907,5907
zscreen_original_graph_v1:zel024_hek293:612,zscreen_original_graph_v1,zel024_hek293,612,CPD_837128998872,4,11644,11644
zscreen_original_graph_v1:zel024_hek293:612,zscreen_original_graph_v1,zel024_hek293,612,CPD_865883845527,5,12076,12076
zscreen_original_graph_v1:zel024_hek293:746,zscreen_original_graph_v1,zel024_hek293,746,CPD_065404437970,0,915,915
zscreen_original_graph_v1:zel024_hek293:746,zscreen_original_graph_v1,zel024_hek293,746,CPD_664705145737,1,9213,9213
zscreen_original_graph_v1:zel024_hek293:746,zscreen_original_graph_v1,zel024_hek293,746,CPD_712455261585,2,9859,9859
zscreen_original_graph_v1:zel024_hek293:758,zscreen_original_graph_v1,zel024_hek293,758,CPD_066551909917,0,928,928
zscreen_original_graph_v1:zel024_hek293:758,zscreen_original_graph_v1,zel024_hek293,758,CPD_476958788581,1,6566,6566
zscreen_original_graph_v1:zel024_hek293:758,zscreen_original_graph_v1,zel024_hek293,758,CPD_939894799574,2,13108,13108
zscreen_original_graph_v1:zel024_hek293:788,zscreen_original_graph_v1,zel024_hek293,788,CPD_068414014795,0,962,962
zscreen_original_graph_v1:zel024_hek293:788,zscreen_original_graph_v1,zel024_hek293,788,CPD_185837623270,1,2609,2609
zscreen_original_graph_v1:zel024_hek293:788,zscreen_original_graph_v1,zel024_hek293,788,CPD_195177719494,2,2740,2740
zscreen_original_graph_v1:zel024_hek293:788,zscreen_original_graph_v1,zel024_hek293,788,CPD_332274167621,3,4574,4574
zscreen_original_graph_v1:zel024_hek293:788,zscreen_original_graph_v1,zel024_hek293,788,CPD_458297308068,4,6311,6311
zscreen_original_graph_v1:zel024_hek293:788,zscreen_original_graph_v1,zel024_hek293,788,CPD_828452762898,5,11535,11535
zscreen_original_graph_v1:zel024_hek293:788,zscreen_original_graph_v1,zel024_hek293,788,CPD_861597831269,6,12021,12021
zscreen_original_graph_v1:zel024_hek293:788,zscreen_original_graph_v1,zel024_hek293,788,CPD_877852757830,7,12246,12246
zscreen_original_graph_v1:zel024_hek293:788,zscreen_original_graph_v1,zel024_hek293,788,CPD_943040208946,8,13151,13151
zscreen_original_graph_v1:zel024_hek293:808,zscreen_original_graph_v1,zel024_hek293,808,CPD_070601280699,0,987,987
zscreen_original_graph_v1:zel024_hek293:808,zscreen_original_graph_v1,zel024_hek293,808,CPD_277376689689,1,3824,3824
zscreen_original_graph_v1:zel024_hek293:808,zscreen_original_graph_v1,zel024_hek293,808,CPD_389972256481,2,5341,5341
zscreen_original_graph_v1:zel024_hek293:808,zscreen_original_graph_v1,zel024_hek293,808,CPD_395539519128,3,5416,5416
zscreen_original_graph_v1:zel024_hek293:808,zscreen_original_graph_v1,zel024_hek293,808,CPD_961971362319,4,13407,13407
zscreen_original_graph_v1:zel024_hek293:823,zscreen_original_graph_v1,zel024_hek293,823,CPD_071966166936,0,1009,1009
zscreen_original_graph_v1:zel024_hek293:823,zscreen_original_graph_v1,zel024_hek293,823,CPD_385863348019,1,5286,5286
zscreen_original_graph_v1:zel024_hek293:823,zscreen_original_graph_v1,zel024_hek293,823,CPD_542100150492,2,7457,7457
zscreen_original_graph_v1:zel024_hek293:823,zscreen_original_graph_v1,zel024_hek293,823,CPD_546338275325,3,7508,7508
zscreen_original_graph_v1:zel024_hek293:823,zscreen_original_graph_v1,zel024_hek293,823,CPD_652453487401,4,9056,9056
zscreen_original_graph_v1:zel024_hek293:845,zscreen_original_graph_v1,zel024_hek293,845,CPD_074587825351,0,1031,1031
zscreen_original_graph_v1:zel024_hek293:845,zscreen_original_graph_v1,zel024_hek293,845,CPD_601465990159,1,8260,8260
zscreen_original_graph_v1:zel024_hek293:845,zscreen_original_graph_v1,zel024_hek293,845,CPD_873092740940,2,12183,12183
zscreen_original_graph_v1:zel024_hek293:854,zscreen_original_graph_v1,zel024_hek293,854,CPD_075443041340,0,1045,1045
zscreen_original_graph_v1:zel024_hek293:854,zscreen_original_graph_v1,zel024_hek293,854,CPD_302177443417,1,4193,4193
zscreen_original_graph_v1:zel024_hek293:854,zscreen_original_graph_v1,zel024_hek293,854,CPD_517294950441,2,7121,7121
zscreen_original_graph_v1:zel024_hek293:854,zscreen_original_graph_v1,zel024_hek293,854,CPD_603421641075,3,8298,8298
zscreen_original_graph_v1:zel024_hek293:854,zscreen_original_graph_v1,zel024_hek293,854,CPD_680085562437,4,9399,9399
zscreen_original_graph_v1:zel024_hek293:854,zscreen_original_graph_v1,zel024_hek293,854,CPD_978010838983,5,13619,13619
zscreen_original_graph_v1:zel024_hek293:856,zscreen_original_graph_v1,zel024_hek293,856,CPD_075592630342,0,1047,1047
zscreen_original_graph_v1:zel024_hek293:856,zscreen_original_graph_v1,zel024_hek293,856,CPD_401750700380,1,5499,5499
zscreen_original_graph_v1:zel024_hek293:856,zscreen_original_graph_v1,zel024_hek293,856,CPD_473532830204,2,6529,6529
zscreen_original_graph_v1:zel024_hek293:856,zscreen_original_graph_v1,zel024_hek293,856,CPD_615286297491,3,8489,8489
zscreen_original_graph_v1:zel024_hek293:894,zscreen_original_graph_v1,zel024_hek293,894,CPD_077914170037,0,1089,1089
zscreen_original_graph_v1:zel024_hek293:894,zscreen_original_graph_v1,zel024_hek293,894,CPD_236985218834,1,3301,3301
zscreen_original_graph_v1:zel024_hek293:894,zscreen_original_graph_v1,zel024_hek293,894,CPD_256178665108,2,3534,3534
zscreen_original_graph_v1:zel024_hek293:894,zscreen_original_graph_v1,zel024_hek293,894,CPD_356903891620,3,4907,4907
zscreen_original_graph_v1:zel024_hek293:894,zscreen_original_graph_v1,zel024_hek293,894,CPD_709056920755,4,9813,9813
zscreen_original_graph_v1:zel024_hek293:897,zscreen_original_graph_v1,zel024_hek293,897,CPD_078006658786,0,1093,1093
zscreen_original_graph_v1:zel024_hek293:897,zscreen_original_graph_v1,zel024_hek293,897,CPD_084496207787,1,1197,1197
zscreen_original_graph_v1:zel024_hek293:897,zscreen_original_graph_v1,zel024_hek293,897,CPD_460131367362,2,6335,6335
zscreen_original_graph_v1:zel024_hek293:897,zscreen_original_graph_v1,zel024_hek293,897,CPD_502945885276,3,6912,6912
zscreen_original_graph_v1:zel024_hek293:897,zscreen_original_graph_v1,zel024_hek293,897,CPD_882284107326,4,12303,12303
zscreen_original_graph_v1:zel024_hek293:902,zscreen_original_graph_v1,zel024_hek293,902,CPD_078273297991,0,1098,1098
zscreen_original_graph_v1:zel024_hek293:902,zscreen_original_graph_v1,zel024_hek293,902,CPD_164132494541,1,2292,2292
zscreen_original_graph_v1:zel024_hek293:902,zscreen_original_graph_v1,zel024_hek293,902,CPD_969970511760,2,13516,13516
zscreen_original_graph_v1:zel024_hek293:921,zscreen_original_graph_v1,zel024_hek293,921,CPD_079450573413,0,1119,1119
zscreen_original_graph_v1:zel024_hek293:921,zscreen_original_graph_v1,zel024_hek293,921,CPD_097286895562,1,1389,1389
zscreen_original_graph_v1:zel024_hek293:921,zscreen_original_graph_v1,zel024_hek293,921,CPD_195497266328,2,2744,2744
zscreen_original_graph_v1:zel024_hek293:958,zscreen_original_graph_v1,zel024_hek293,958,CPD_081969017631,0,1161,1161
zscreen_original_graph_v1:zel024_hek293:958,zscreen_original_graph_v1,zel024_hek293,958,CPD_378240677480,1,5185,5185
zscreen_original_graph_v1:zel024_hek293:958,zscreen_original_graph_v1,zel024_hek293,958,CPD_857173455416,2,11951,11951
zscreen_original_graph_v1:zel024_hek293:967,zscreen_original_graph_v1,zel024_hek293,967,CPD_082295038703,0,1172,1172
zscreen_original_graph_v1:zel024_hek293:967,zscreen_original_graph_v1,zel024_hek293,967,CPD_095535227469,1,1356,1356
zscreen_original_graph_v1:zel024_hek293:967,zscreen_original_graph_v1,zel024_hek293,967,CPD_929555226317,2,12974,12974
zscreen_original_graph_v1:zel024_hek293:971,zscreen_original_graph_v1,zel024_hek293,971,CPD_082747752271,0,1176,1176
zscreen_original_graph_v1:zel024_hek293:971,zscreen_original_graph_v1,zel024_hek293,971,CPD_148008888555,1,2087,2087
zscreen_original_graph_v1:zel024_hek293:971,zscreen_original_graph_v1,zel024_hek293,971,CPD_716712673475,2,9921,9921
zscreen_original_graph_v1:zel024_hek293:976,zscreen_original_graph_v1,zel024_hek293,976,CPD_083204602447,0,1182,1182
zscreen_original_graph_v1:zel024_hek293:976,zscreen_original_graph_v1,zel024_hek293,976,CPD_098112216250,1,1406,1406
zscreen_original_graph_v1:zel024_hek293:976,zscreen_original_graph_v1,zel024_hek293,976,CPD_224659399239,2,3123,3123
zscreen_original_graph_v1:zel024_hek293:976,zscreen_original_graph_v1,zel024_hek293,976,CPD_254362173002,3,3514,3514
zscreen_original_graph_v1:zel024_hek293:976,zscreen_original_graph_v1,zel024_hek293,976,CPD_420914038729,4,5764,5764
zscreen_original_graph_v1:zel024_hek293:976,zscreen_original_graph_v1,zel024_hek293,976,CPD_462349954811,5,6369,6369
zscreen_original_graph_v1:zel024_hek293:976,zscreen_original_graph_v1,zel024_hek293,976,CPD_463726559197,6,6386,6386
zscreen_original_graph_v1:zel024_hek293:976,zscreen_original_graph_v1,zel024_hek293,976,CPD_570361342577,7,7846,7846
zscreen_original_graph_v1:zel024_hek293:976,zscreen_original_graph_v1,zel024_hek293,976,CPD_613238527134,8,8452,8452
zscreen_original_graph_v1:zel024_hek293:976,zscreen_original_graph_v1,zel024_hek293,976,CPD_674445834710,9,9341,9341
zscreen_original_graph_v1:zel024_hek293:976,zscreen_original_graph_v1,zel024_hek293,976,CPD_757075098682,10,10510,10510
zscreen_original_graph_v1:zel024_hek293:976,zscreen_original_graph_v1,zel024_hek293,976,CPD_795413282823,11,11077,11077
zscreen_original_graph_v1:zel024_hek293:1074,zscreen_original_graph_v1,zel024_hek293,1074,CPD_091110002777,0,1304,1304
zscreen_original_graph_v1:zel024_hek293:1074,zscreen_original_graph_v1,zel024_hek293,1074,CPD_184653558657,1,2591,2591
zscreen_original_graph_v1:zel024_hek293:1074,zscreen_original_graph_v1,zel024_hek293,1074,CPD_489369415729,2,6735,6735
zscreen_original_graph_v1:zel024_hek293:1074,zscreen_original_graph_v1,zel024_hek293,1074,CPD_882783414569,3,12311,12311
zscreen_original_graph_v1:zel024_hek293:1074,zscreen_original_graph_v1,zel024_hek293,1074,CPD_978367635918,4,13624,13624
zscreen_original_graph_v1:zel024_hek293:1104,zscreen_original_graph_v1,zel024_hek293,1104,CPD_093993673715,0,1341,1341
zscreen_original_graph_v1:zel024_hek293:1104,zscreen_original_graph_v1,zel024_hek293,1104,CPD_408666670919,1,5590,5590
zscreen_original_graph_v1:zel024_hek293:1104,zscreen_original_graph_v1,zel024_hek293,1104,CPD_599666462403,2,8231,8231
zscreen_original_graph_v1:zel024_hek293:1104,zscreen_original_graph_v1,zel024_hek293,1104,CPD_610153939243,3,8406,8406
zscreen_original_graph_v1:zel024_hek293:1104,zscreen_original_graph_v1,zel024_hek293,1104,CPD_667840476937,4,9248,9248
zscreen_original_graph_v1:zel024_hek293:1104,zscreen_original_graph_v1,zel024_hek293,1104,CPD_837670382302,5,11652,11652
zscreen_original_graph_v1:zel024_hek293:1104,zscreen_original_graph_v1,zel024_hek293,1104,CPD_895900286862,6,12482,12482
zscreen_original_graph_v1:zel024_hek293:1114,zscreen_original_graph_v1,zel024_hek293,1114,CPD_095095579267,0,1353,1353
zscreen_original_graph_v1:zel024_hek293:1114,zscreen_original_graph_v1,zel024_hek293,1114,CPD_436709167534,1,6002,6002
zscreen_original_graph_v1:zel024_hek293:1114,zscreen_original_graph_v1,zel024_hek293,1114,CPD_462389430237,2,6370,6370
zscreen_original_graph_v1:zel024_hek293:1147,zscreen_original_graph_v1,zel024_hek293,1147,CPD_097441514634,0,1395,1395
zscreen_original_graph_v1:zel024_hek293:1147,zscreen_original_graph_v1,zel024_hek293,1147,CPD_197264380503,1,2769,2769
zscreen_original_graph_v1:zel024_hek293:1147,zscreen_original_graph_v1,zel024_hek293,1147,CPD_808335204596,2,11251,11251
zscreen_original_graph_v1:zel024_hek293:1179,zscreen_original_graph_v1,zel024_hek293,1179,CPD_100156086851,0,1433,1433
zscreen_original_graph_v1:zel024_hek293:1179,zscreen_original_graph_v1,zel024_hek293,1179,CPD_149575157753,1,2104,2104
zscreen_original_graph_v1:zel024_hek293:1179,zscreen_original_graph_v1,zel024_hek293,1179,CPD_331004542881,2,4561,4561
zscreen_original_graph_v1:zel024_hek293:1179,zscreen_original_graph_v1,zel024_hek293,1179,CPD_660977193252,3,9162,9162
zscreen_original_graph_v1:zel024_hek293:1179,zscreen_original_graph_v1,zel024_hek293,1179,CPD_663634270245,4,9198,9198
zscreen_original_graph_v1:zel024_hek293:1199,zscreen_original_graph_v1,zel024_hek293,1199,CPD_101348467323,0,1455,1455
zscreen_original_graph_v1:zel024_hek293:1199,zscreen_original_graph_v1,zel024_hek293,1199,CPD_126862037171,1,1822,1822
zscreen_original_graph_v1:zel024_hek293:1199,zscreen_original_graph_v1,zel024_hek293,1199,CPD_598012832537,2,8210,8210
zscreen_original_graph_v1:zel024_hek293:1199,zscreen_original_graph_v1,zel024_hek293,1199,CPD_736991175924,3,10193,10193
zscreen_original_graph_v1:zel024_hek293:1199,zscreen_original_graph_v1,zel024_hek293,1199,CPD_791753491699,4,11021,11021
zscreen_original_graph_v1:zel024_hek293:1262,zscreen_original_graph_v1,zel024_hek293,1262,CPD_107196347781,0,1526,1526
zscreen_original_graph_v1:zel024_hek293:1262,zscreen_original_graph_v1,zel024_hek293,1262,CPD_312601164191,1,4311,4311
zscreen_original_graph_v1:zel024_hek293:1262,zscreen_original_graph_v1,zel024_hek293,1262,CPD_495605668245,2,6822,6822
zscreen_original_graph_v1:zel024_hek293:1285,zscreen_original_graph_v1,zel024_hek293,1285,CPD_109379755129,0,1553,1553
zscreen_original_graph_v1:zel024_hek293:1285,zscreen_original_graph_v1,zel024_hek293,1285,CPD_137764453820,1,1965,1965
zscreen_original_graph_v1:zel024_hek293:1285,zscreen_original_graph_v1,zel024_hek293,1285,CPD_732251892122,2,10125,10125
zscreen_original_graph_v1:zel024_hek293:1299,zscreen_original_graph_v1,zel024_hek293,1299,CPD_110694140602,0,1571,1571
zscreen_original_graph_v1:zel024_hek293:1299,zscreen_original_graph_v1,zel024_hek293,1299,CPD_191692806976,1,2687,2687
zscreen_original_graph_v1:zel024_hek293:1299,zscreen_original_graph_v1,zel024_hek293,1299,CPD_299458480421,2,4150,4150
zscreen_original_graph_v1:zel024_hek293:1299,zscreen_original_graph_v1,zel024_hek293,1299,CPD_695342228406,3,9637,9637
zscreen_original_graph_v1:zel024_hek293:1299,zscreen_original_graph_v1,zel024_hek293,1299,CPD_753587171601,4,10460,10460
zscreen_original_graph_v1:zel024_hek293:1320,zscreen_original_graph_v1,zel024_hek293,1320,CPD_112773890986,0,1598,1598
zscreen_original_graph_v1:zel024_hek293:1320,zscreen_original_graph_v1,zel024_hek293,1320,CPD_635986364116,1,8802,8802
zscreen_original_graph_v1:zel024_hek293:1320,zscreen_original_graph_v1,zel024_hek293,1320,CPD_787993962738,2,10950,10950
zscreen_original_graph_v1:zel024_hek293:1375,zscreen_original_graph_v1,zel024_hek293,1375,CPD_117114517350,0,1670,1670
zscreen_original_graph_v1:zel024_hek293:1375,zscreen_original_graph_v1,zel024_hek293,1375,CPD_206928504685,1,2900,2900
zscreen_original_graph_v1:zel024_hek293:1375,zscreen_original_graph_v1,zel024_hek293,1375,CPD_625290990647,2,8637,8637
zscreen_original_graph_v1:zel024_hek293:1375,zscreen_original_graph_v1,zel024_hek293,1375,CPD_845803107833,3,11792,11792
zscreen_original_graph_v1:zel024_hek293:1375,zscreen_original_graph_v1,zel024_hek293,1375,CPD_850647573788,4,11860,11860
zscreen_original_graph_v1:zel024_hek293:1375,zscreen_original_graph_v1,zel024_hek293,1375,CPD_968172573836,5,13487,13487
zscreen_original_graph_v1:zel024_hek293:1375,zscreen_original_graph_v1,zel024_hek293,1375,CPD_971828703557,6,13543,13543
zscreen_original_graph_v1:zel024_hek293:1417,zscreen_original_graph_v1,zel024_hek293,1417,CPD_120344905095,0,1722,1722
zscreen_original_graph_v1:zel024_hek293:1417,zscreen_original_graph_v1,zel024_hek293,1417,CPD_674070847739,1,9334,9334
zscreen_original_graph_v1:zel024_hek293:1417,zscreen_original_graph_v1,zel024_hek293,1417,CPD_721260823876,2,9989,9989
zscreen_original_graph_v1:zel024_hek293:1417,zscreen_original_graph_v1,zel024_hek293,1417,CPD_946876519685,3,13198,13198
zscreen_original_graph_v1:zel024_hek293:1440,zscreen_original_graph_v1,zel024_hek293,1440,CPD_121900164055,0,1751,1751
zscreen_original_graph_v1:zel024_hek293:1440,zscreen_original_graph_v1,zel024_hek293,1440,CPD_264141528212,1,3656,3656
zscreen_original_graph_v1:zel024_hek293:1440,zscreen_original_graph_v1,zel024_hek293,1440,CPD_316093476736,2,4355,4355
zscreen_original_graph_v1:zel024_hek293:1440,zscreen_original_graph_v1,zel024_hek293,1440,CPD_683164268682,3,9442,9442
zscreen_original_graph_v1:zel024_hek293:1440,zscreen_original_graph_v1,zel024_hek293,1440,CPD_950913555632,4,13256,13256
zscreen_original_graph_v1:zel024_hek293:1614,zscreen_original_graph_v1,zel024_hek293,1614,CPD_137208278534,0,1963,1963
zscreen_original_graph_v1:zel024_hek293:1614,zscreen_original_graph_v1,zel024_hek293,1614,CPD_404908618409,1,5539,5539
zscreen_original_graph_v1:zel024_hek293:1614,zscreen_original_graph_v1,zel024_hek293,1614,CPD_889150373130,2,12395,12395
zscreen_original_graph_v1:zel024_hek293:1676,zscreen_original_graph_v1,zel024_hek293,1676,CPD_143514277623,0,2035,2035
zscreen_original_graph_v1:zel024_hek293:1676,zscreen_original_graph_v1,zel024_hek293,1676,CPD_253886263034,1,3507,3507
zscreen_original_graph_v1:zel024_hek293:1676,zscreen_original_graph_v1,zel024_hek293,1676,CPD_582453300548,2,7996,7996
zscreen_original_graph_v1:zel024_hek293:1728,zscreen_original_graph_v1,zel024_hek293,1728,CPD_149131287499,0,2098,2098
zscreen_original_graph_v1:zel024_hek293:1728,zscreen_original_graph_v1,zel024_hek293,1728,CPD_686525253462,1,9495,9495
zscreen_original_graph_v1:zel024_hek293:1728,zscreen_original_graph_v1,zel024_hek293,1728,CPD_835486049134,2,11629,11629
zscreen_original_graph_v1:zel024_hek293:1728,zscreen_original_graph_v1,zel024_hek293,1728,CPD_848208479035,3,11828,11828
zscreen_original_graph_v1:zel024_hek293:1728,zscreen_original_graph_v1,zel024_hek293,1728,CPD_862626265221,4,12033,12033
zscreen_original_graph_v1:zel024_hek293:1883,zscreen_original_graph_v1,zel024_hek293,1883,CPD_163351751789,0,2284,2284
zscreen_original_graph_v1:zel024_hek293:1883,zscreen_original_graph_v1,zel024_hek293,1883,CPD_494184253802,1,6801,6801
zscreen_original_graph_v1:zel024_hek293:1883,zscreen_original_graph_v1,zel024_hek293,1883,CPD_767405851579,2,10652,10652
zscreen_original_graph_v1:zel024_hek293:1883,zscreen_original_graph_v1,zel024_hek293,1883,CPD_833733793868,3,11597,11597
zscreen_original_graph_v1:zel024_hek293:1883,zscreen_original_graph_v1,zel024_hek293,1883,CPD_860321306721,4,11998,11998
zscreen_original_graph_v1:zel024_hek293:1916,zscreen_original_graph_v1,zel024_hek293,1916,CPD_166418572291,0,2331,2331
zscreen_original_graph_v1:zel024_hek293:1916,zscreen_original_graph_v1,zel024_hek293,1916,CPD_737531405805,1,10200,10200
zscreen_original_graph_v1:zel024_hek293:1916,zscreen_original_graph_v1,zel024_hek293,1916,CPD_852076637060,2,11876,11876
zscreen_original_graph_v1:zel024_hek293:1916,zscreen_original_graph_v1,zel024_hek293,1916,CPD_870004379590,3,12131,12131
zscreen_original_graph_v1:zel024_hek293:1943,zscreen_original_graph_v1,zel024_hek293,1943,CPD_168666917840,0,2362,2362
zscreen_original_graph_v1:zel024_hek293:1943,zscreen_original_graph_v1,zel024_hek293,1943,CPD_360757260817,1,4958,4958
zscreen_original_graph_v1:zel024_hek293:1943,zscreen_original_graph_v1,zel024_hek293,1943,CPD_418562347758,2,5727,5727
zscreen_original_graph_v1:zel024_hek293:2002,zscreen_original_graph_v1,zel024_hek293,2002,CPD_174082698692,0,2436,2436
zscreen_original_graph_v1:zel024_hek293:2002,zscreen_original_graph_v1,zel024_hek293,2002,CPD_602296664170,1,8272,8272
zscreen_original_graph_v1:zel024_hek293:2002,zscreen_original_graph_v1,zel024_hek293,2002,CPD_765200024794,2,10621,10621
zscreen_original_graph_v1:zel024_hek293:2068,zscreen_original_graph_v1,zel024_hek293,2068,CPD_179789130993,0,2512,2512
zscreen_original_graph_v1:zel024_hek293:2068,zscreen_original_graph_v1,zel024_hek293,2068,CPD_451717490839,1,6225,6225
zscreen_original_graph_v1:zel024_hek293:2068,zscreen_original_graph_v1,zel024_hek293,2068,CPD_740141274939,2,10249,10249
zscreen_original_graph_v1:zel024_hek293:2211,zscreen_original_graph_v1,zel024_hek293,2211,CPD_192227269594,0,2694,2694
zscreen_original_graph_v1:zel024_hek293:2211,zscreen_original_graph_v1,zel024_hek293,2211,CPD_270477512991,1,3731,3731
zscreen_original_graph_v1:zel024_hek293:2211,zscreen_original_graph_v1,zel024_hek293,2211,CPD_277074520887,2,3819,3819
zscreen_original_graph_v1:zel024_hek293:2211,zscreen_original_graph_v1,zel024_hek293,2211,CPD_356910564324,3,4908,4908
zscreen_original_graph_v1:zel024_hek293:2319,zscreen_original_graph_v1,zel024_hek293,2319,CPD_201716507782,0,2825,2825
zscreen_original_graph_v1:zel024_hek293:2319,zscreen_original_graph_v1,zel024_hek293,2319,CPD_213849059542,1,2994,2994
zscreen_original_graph_v1:zel024_hek293:2319,zscreen_original_graph_v1,zel024_hek293,2319,CPD_301478172500,2,4178,4178
zscreen_original_graph_v1:zel024_hek293:2319,zscreen_original_graph_v1,zel024_hek293,2319,CPD_782655640837,3,10865,10865
zscreen_original_graph_v1:zel024_hek293:2475,zscreen_original_graph_v1,zel024_hek293,2475,CPD_215533848906,0,3019,3019
zscreen_original_graph_v1:zel024_hek293:2475,zscreen_original_graph_v1,zel024_hek293,2475,CPD_297393905784,1,4116,4116
zscreen_original_graph_v1:zel024_hek293:2475,zscreen_original_graph_v1,zel024_hek293,2475,CPD_352842111976,2,4847,4847
zscreen_original_graph_v1:zel024_hek293:2475,zscreen_original_graph_v1,zel024_hek293,2475,CPD_457786587480,3,6306,6306
zscreen_original_graph_v1:zel024_hek293:2475,zscreen_original_graph_v1,zel024_hek293,2475,CPD_471407091072,4,6494,6494
zscreen_original_graph_v1:zel024_hek293:2475,zscreen_original_graph_v1,zel024_hek293,2475,CPD_788506667274,5,10959,10959
zscreen_original_graph_v1:zel024_hek293:2529,zscreen_original_graph_v1,zel024_hek293,2529,CPD_221213941575,0,3081,3081
zscreen_original_graph_v1:zel024_hek293:2529,zscreen_original_graph_v1,zel024_hek293,2529,CPD_241825458276,1,3366,3366
zscreen_original_graph_v1:zel024_hek293:2529,zscreen_original_graph_v1,zel024_hek293,2529,CPD_417668855270,2,5718,5718
zscreen_original_graph_v1:zel024_hek293:2529,zscreen_original_graph_v1,zel024_hek293,2529,CPD_457541866276,3,6301,6301
zscreen_original_graph_v1:zel024_hek293:2529,zscreen_original_graph_v1,zel024_hek293,2529,CPD_650108658619,4,9026,9026
zscreen_original_graph_v1:zel024_hek293:2529,zscreen_original_graph_v1,zel024_hek293,2529,CPD_981805555266,5,13683,13683
zscreen_original_graph_v1:zel024_hek293:2529,zscreen_original_graph_v1,zel024_hek293,2529,CPD_983950072134,6,13700,13700
zscreen_original_graph_v1:zel024_hek293:2601,zscreen_original_graph_v1,zel024_hek293,2601,CPD_227407278505,0,3169,3169
zscreen_original_graph_v1:zel024_hek293:2601,zscreen_original_graph_v1,zel024_hek293,2601,CPD_254810756498,1,3520,3520
zscreen_original_graph_v1:zel024_hek293:2601,zscreen_original_graph_v1,zel024_hek293,2601,CPD_281079048145,2,3859,3859
zscreen_original_graph_v1:zel024_hek293:2612,zscreen_original_graph_v1,zel024_hek293,2612,CPD_228307555955,0,3182,3182
zscreen_original_graph_v1:zel024_hek293:2612,zscreen_original_graph_v1,zel024_hek293,2612,CPD_275140302462,1,3787,3787
zscreen_original_graph_v1:zel024_hek293:2612,zscreen_original_graph_v1,zel024_hek293,2612,CPD_279571277108,2,3842,3842
zscreen_original_graph_v1:zel024_hek293:2612,zscreen_original_graph_v1,zel024_hek293,2612,CPD_612884593654,3,8442,8442
zscreen_original_graph_v1:zel024_hek293:2648,zscreen_original_graph_v1,zel024_hek293,2648,CPD_231940465578,0,3226,3226
zscreen_original_graph_v1:zel024_hek293:2648,zscreen_original_graph_v1,zel024_hek293,2648,CPD_271256972988,1,3738,3738
zscreen_original_graph_v1:zel024_hek293:2648,zscreen_original_graph_v1,zel024_hek293,2648,CPD_805488955448,2,11210,11210
zscreen_original_graph_v1:zel024_hek293:2648,zscreen_original_graph_v1,zel024_hek293,2648,CPD_971949115696,3,13549,13549
zscreen_original_graph_v1:zel024_hek293:2841,zscreen_original_graph_v1,zel024_hek293,2841,CPD_250813823823,0,3463,3463
zscreen_original_graph_v1:zel024_hek293:2841,zscreen_original_graph_v1,zel024_hek293,2841,CPD_356854723837,1,4905,4905
zscreen_original_graph_v1:zel024_hek293:2841,zscreen_original_graph_v1,zel024_hek293,2841,CPD_867503211764,2,12100,12100
zscreen_original_graph_v1:zel024_hek293:2841,zscreen_original_graph_v1,zel024_hek293,2841,CPD_894777028139,3,12465,12465
zscreen_original_graph_v1:zel024_hek293:2933,zscreen_original_graph_v1,zel024_hek293,2933,CPD_259448851805,0,3581,3581
zscreen_original_graph_v1:zel024_hek293:2933,zscreen_original_graph_v1,zel024_hek293,2933,CPD_483952050834,1,6657,6657
zscreen_original_graph_v1:zel024_hek293:2933,zscreen_original_graph_v1,zel024_hek293,2933,CPD_517988217888,2,7132,7132
zscreen_original_graph_v1:zel024_hek293:2958,zscreen_original_graph_v1,zel024_hek293,2958,CPD_260938077942,0,3612,3612
zscreen_original_graph_v1:zel024_hek293:2958,zscreen_original_graph_v1,zel024_hek293,2958,CPD_605615429502,1,8332,8332
zscreen_original_graph_v1:zel024_hek293:2958,zscreen_original_graph_v1,zel024_hek293,2958,CPD_971154513664,2,13537,13537
zscreen_original_graph_v1:zel024_hek293:2971,zscreen_original_graph_v1,zel024_hek293,2971,CPD_262174647467,0,3626,3626
zscreen_original_graph_v1:zel024_hek293:2971,zscreen_original_graph_v1,zel024_hek293,2971,CPD_478584670780,1,6584,6584
zscreen_original_graph_v1:zel024_hek293:2971,zscreen_original_graph_v1,zel024_hek293,2971,CPD_479508382576,2,6595,6595
zscreen_original_graph_v1:zel024_hek293:2971,zscreen_original_graph_v1,zel024_hek293,2971,CPD_513293904862,3,7059,7059
zscreen_original_graph_v1:zel024_hek293:2985,zscreen_original_graph_v1,zel024_hek293,2985,CPD_263058223519,0,3643,3643
zscreen_original_graph_v1:zel024_hek293:2985,zscreen_original_graph_v1,zel024_hek293,2985,CPD_548747873834,1,7540,7540
zscreen_original_graph_v1:zel024_hek293:2985,zscreen_original_graph_v1,zel024_hek293,2985,CPD_644077215980,2,8923,8923
zscreen_original_graph_v1:zel024_hek293:2985,zscreen_original_graph_v1,zel024_hek293,2985,CPD_766848413978,3,10640,10640
zscreen_original_graph_v1:zel024_hek293:2985,zscreen_original_graph_v1,zel024_hek293,2985,CPD_835087894484,4,11626,11626
zscreen_original_graph_v1:zel024_hek293:2985,zscreen_original_graph_v1,zel024_hek293,2985,CPD_932256968046,5,13005,13005
zscreen_original_graph_v1:zel024_hek293:3061,zscreen_original_graph_v1,zel024_hek293,3061,CPD_271475217148,0,3739,3739
zscreen_original_graph_v1:zel024_hek293:3061,zscreen_original_graph_v1,zel024_hek293,3061,CPD_303041308114,1,4207,4207
zscreen_original_graph_v1:zel024_hek293:3061,zscreen_original_graph_v1,zel024_hek293,3061,CPD_945265070175,2,13177,13177
zscreen_original_graph_v1:zel024_hek293:3327,zscreen_original_graph_v1,zel024_hek293,3327,CPD_294904152725,0,4074,4074
zscreen_original_graph_v1:zel024_hek293:3327,zscreen_original_graph_v1,zel024_hek293,3327,CPD_356678307707,1,4904,4904
zscreen_original_graph_v1:zel024_hek293:3327,zscreen_original_graph_v1,zel024_hek293,3327,CPD_749421814695,2,10398,10398
zscreen_original_graph_v1:zel024_hek293:3636,zscreen_original_graph_v1,zel024_hek293,3636,CPD_323811945020,0,4458,4458
zscreen_original_graph_v1:zel024_hek293:3636,zscreen_original_graph_v1,zel024_hek293,3636,CPD_541636928360,1,7451,7451
zscreen_original_graph_v1:zel024_hek293:3636,zscreen_original_graph_v1,zel024_hek293,3636,CPD_879906935960,2,12274,12274
zscreen_original_graph_v1:zel024_hek293:3885,zscreen_original_graph_v1,zel024_hek293,3885,CPD_346970168269,0,4756,4756
zscreen_original_graph_v1:zel024_hek293:3885,zscreen_original_graph_v1,zel024_hek293,3885,CPD_379851153586,1,5206,5206
zscreen_original_graph_v1:zel024_hek293:3885,zscreen_original_graph_v1,zel024_hek293,3885,CPD_395090389279,2,5407,5407
zscreen_original_graph_v1:zel024_hek293:3911,zscreen_original_graph_v1,zel024_hek293,3911,CPD_348282390027,0,4785,4785
zscreen_original_graph_v1:zel024_hek293:3911,zscreen_original_graph_v1,zel024_hek293,3911,CPD_626417699195,1,8650,8650
zscreen_original_graph_v1:zel024_hek293:3911,zscreen_original_graph_v1,zel024_hek293,3911,CPD_940975292340,2,13125,13125
zscreen_original_graph_v1:zel024_hek293:4002,zscreen_original_graph_v1,zel024_hek293,4002,CPD_356230931512,0,4896,4896
zscreen_original_graph_v1:zel024_hek293:4002,zscreen_original_graph_v1,zel024_hek293,4002,CPD_377531136558,1,5176,5176
zscreen_original_graph_v1:zel024_hek293:4002,zscreen_original_graph_v1,zel024_hek293,4002,CPD_684857975888,2,9462,9462
zscreen_original_graph_v1:zel024_hek293:4002,zscreen_original_graph_v1,zel024_hek293,4002,CPD_811520598136,3,11302,11302
zscreen_original_graph_v1:zel024_hek293:4002,zscreen_original_graph_v1,zel024_hek293,4002,CPD_835893994784,4,11632,11632
zscreen_original_graph_v1:zel024_hek293:4032,zscreen_original_graph_v1,zel024_hek293,4032,CPD_358983492106,0,4935,4935
zscreen_original_graph_v1:zel024_hek293:4032,zscreen_original_graph_v1,zel024_hek293,4032,CPD_665910296024,1,9226,9226
zscreen_original_graph_v1:zel024_hek293:4032,zscreen_original_graph_v1,zel024_hek293,4032,CPD_906357002200,2,12647,12647
zscreen_original_graph_v1:zel024_hek293:4063,zscreen_original_graph_v1,zel024_hek293,4063,CPD_362260354012,0,4974,4974
zscreen_original_graph_v1:zel024_hek293:4063,zscreen_original_graph_v1,zel024_hek293,4063,CPD_375778747350,1,5148,5148
zscreen_original_graph_v1:zel024_hek293:4063,zscreen_original_graph_v1,zel024_hek293,4063,CPD_932326025501,2,13006,13006
zscreen_original_graph_v1:zel024_hek293:4140,zscreen_original_graph_v1,zel024_hek293,4140,CPD_370090176337,0,5068,5068
zscreen_original_graph_v1:zel024_hek293:4140,zscreen_original_graph_v1,zel024_hek293,4140,CPD_658726590758,1,9138,9138
zscreen_original_graph_v1:zel024_hek293:4140,zscreen_original_graph_v1,zel024_hek293,4140,CPD_784027601072,2,10892,10892
zscreen_original_graph_v1:zel024_hek293:4186,zscreen_original_graph_v1,zel024_hek293,4186,CPD_373628412119,0,5120,5120
zscreen_original_graph_v1:zel024_hek293:4186,zscreen_original_graph_v1,zel024_hek293,4186,CPD_477463151654,1,6574,6574
zscreen_original_graph_v1:zel024_hek293:4186,zscreen_original_graph_v1,zel024_hek293,4186,CPD_891347082714,2,12423,12423
zscreen_original_graph_v1:zel024_hek293:4298,zscreen_original_graph_v1,zel024_hek293,4298,CPD_383426753104,0,5260,5260
zscreen_original_graph_v1:zel024_hek293:4298,zscreen_original_graph_v1,zel024_hek293,4298,CPD_919625038049,1,12838,12838
zscreen_original_graph_v1:zel024_hek293:4298,zscreen_original_graph_v1,zel024_hek293,4298,CPD_964984851434,2,13441,13441
zscreen_original_graph_v1:zel024_hek293:4321,zscreen_original_graph_v1,zel024_hek293,4321,CPD_385896433950,0,5287,5287
zscreen_original_graph_v1:zel024_hek293:4321,zscreen_original_graph_v1,zel024_hek293,4321,CPD_570736899169,1,7852,7852
zscreen_original_graph_v1:zel024_hek293:4321,zscreen_original_graph_v1,zel024_hek293,4321,CPD_875095688343,2,12211,12211
zscreen_original_graph_v1:zel024_hek293:4392,zscreen_original_graph_v1,zel024_hek293,4392,CPD_392784595755,0,5381,5381
zscreen_original_graph_v1:zel024_hek293:4392,zscreen_original_graph_v1,zel024_hek293,4392,CPD_644855600369,1,8935,8935
zscreen_original_graph_v1:zel024_hek293:4392,zscreen_original_graph_v1,zel024_hek293,4392,CPD_825185688113,2,11491,11491
zscreen_original_graph_v1:zel024_hek293:4392,zscreen_original_graph_v1,zel024_hek293,4392,CPD_991493036827,3,13800,13800
zscreen_original_graph_v1:zel024_hek293:4540,zscreen_original_graph_v1,zel024_hek293,4540,CPD_406677935042,0,5565,5565
zscreen_original_graph_v1:zel024_hek293:4540,zscreen_original_graph_v1,zel024_hek293,4540,CPD_449683226356,1,6195,6195
zscreen_original_graph_v1:zel024_hek293:4540,zscreen_original_graph_v1,zel024_hek293,4540,CPD_613887511018,2,8466,8466
zscreen_original_graph_v1:zel024_hek293:4676,zscreen_original_graph_v1,zel024_hek293,4676,CPD_419770822954,0,5748,5748
zscreen_original_graph_v1:zel024_hek293:4676,zscreen_original_graph_v1,zel024_hek293,4676,CPD_472075005765,1,6508,6508
zscreen_original_graph_v1:zel024_hek293:4676,zscreen_original_graph_v1,zel024_hek293,4676,CPD_612219170241,2,8435,8435
zscreen_original_graph_v1:zel024_hek293:4676,zscreen_original_graph_v1,zel024_hek293,4676,CPD_613133799785,3,8449,8449
zscreen_original_graph_v1:zel024_hek293:4676,zscreen_original_graph_v1,zel024_hek293,4676,CPD_686979378340,4,9504,9504
zscreen_original_graph_v1:zel024_hek293:4676,zscreen_original_graph_v1,zel024_hek293,4676,CPD_793915608732,5,11057,11057
zscreen_original_graph_v1:zel024_hek293:4676,zscreen_original_graph_v1,zel024_hek293,4676,CPD_828555577001,6,11536,11536
zscreen_original_graph_v1:zel024_hek293:4676,zscreen_original_graph_v1,zel024_hek293,4676,CPD_924565066458,7,12906,12906
zscreen_original_graph_v1:zel024_hek293:4676,zscreen_original_graph_v1,zel024_hek293,4676,CPD_992769350455,8,13819,13819
zscreen_original_graph_v1:zel024_hek293:4795,zscreen_original_graph_v1,zel024_hek293,4795,CPD_429178128573,0,5887,5887
zscreen_original_graph_v1:zel024_hek293:4795,zscreen_original_graph_v1,zel024_hek293,4795,CPD_808323808349,1,11250,11250
zscreen_original_graph_v1:zel024_hek293:4795,zscreen_original_graph_v1,zel024_hek293,4795,CPD_913722974854,2,12757,12757
zscreen_original_graph_v1:zel024_hek293:5070,zscreen_original_graph_v1,zel024_hek293,5070,CPD_452040903159,0,6230,6230
zscreen_original_graph_v1:zel024_hek293:5070,zscreen_original_graph_v1,zel024_hek293,5070,CPD_764279829852,1,10611,10611
zscreen_original_graph_v1:zel024_hek293:5070,zscreen_original_graph_v1,zel024_hek293,5070,CPD_924056952588,2,12898,12898
zscreen_original_graph_v1:zel024_hek293:5147,zscreen_original_graph_v1,zel024_hek293,5147,CPD_459074095076,0,6322,6322
zscreen_original_graph_v1:zel024_hek293:5147,zscreen_original_graph_v1,zel024_hek293,5147,CPD_471459639461,1,6495,6495
zscreen_original_graph_v1:zel024_hek293:5147,zscreen_original_graph_v1,zel024_hek293,5147,CPD_594467878325,2,8155,8155
zscreen_original_graph_v1:zel024_hek293:5694,zscreen_original_graph_v1,zel024_hek293,5694,CPD_512024692492,0,7032,7032
zscreen_original_graph_v1:zel024_hek293:5694,zscreen_original_graph_v1,zel024_hek293,5694,CPD_818080013214,1,11396,11396
zscreen_original_graph_v1:zel024_hek293:5694,zscreen_original_graph_v1,zel024_hek293,5694,CPD_965954823808,2,13458,13458
zscreen_original_graph_v1:zel024_hek293:6253,zscreen_original_graph_v1,zel024_hek293,6253,CPD_561583508097,0,7728,7728
zscreen_original_graph_v1:zel024_hek293:6253,zscreen_original_graph_v1,zel024_hek293,6253,CPD_750491157326,1,10409,10409
zscreen_original_graph_v1:zel024_hek293:6253,zscreen_original_graph_v1,zel024_hek293,6253,CPD_896905610908,2,12492,12492
zscreen_original_graph_v1:zel024_hek293:6355,zscreen_original_graph_v1,zel024_hek293,6355,CPD_570771099135,0,7853,7853
zscreen_original_graph_v1:zel024_hek293:6355,zscreen_original_graph_v1,zel024_hek293,6355,CPD_602796619740,1,8285,8285
zscreen_original_graph_v1:zel024_hek293:6355,zscreen_original_graph_v1,zel024_hek293,6355,CPD_613849415215,2,8465,8465
zscreen_original_graph_v1:zel024_hek293:6378,zscreen_original_graph_v1,zel024_hek293,6378,CPD_572645561676,0,7880,7880
zscreen_original_graph_v1:zel024_hek293:6378,zscreen_original_graph_v1,zel024_hek293,6378,CPD_624206994991,1,8616,8616
zscreen_original_graph_v1:zel024_hek293:6378,zscreen_original_graph_v1,zel024_hek293,6378,CPD_820343957811,2,11426,11426
zscreen_original_graph_v1:zel024_hek293:6378,zscreen_original_graph_v1,zel024_hek293,6378,CPD_908220568088,3,12679,12679
zscreen_original_graph_v1:zel024_hek293:6729,zscreen_original_graph_v1,zel024_hek293,6729,CPD_606205028754,0,8336,8336
zscreen_original_graph_v1:zel024_hek293:6729,zscreen_original_graph_v1,zel024_hek293,6729,CPD_848483831402,1,11831,11831
zscreen_original_graph_v1:zel024_hek293:6729,zscreen_original_graph_v1,zel024_hek293,6729,CPD_948280903697,2,13215,13215
zscreen_original_graph_v1:zel024_hek293:6824,zscreen_original_graph_v1,zel024_hek293,6824,CPD_613394471350,0,8455,8455
zscreen_original_graph_v1:zel024_hek293:6824,zscreen_original_graph_v1,zel024_hek293,6824,CPD_708829653432,1,9806,9806
zscreen_original_graph_v1:zel024_hek293:6824,zscreen_original_graph_v1,zel024_hek293,6824,CPD_804927702195,2,11200,11200
zscreen_original_graph_v1:zel024_hek293:6824,zscreen_original_graph_v1,zel024_hek293,6824,CPD_945914078450,3,13183,13183
zscreen_original_graph_v1:zel024_hek293:7032,zscreen_original_graph_v1,zel024_hek293,7032,CPD_631739611850,0,8733,8733
zscreen_original_graph_v1:zel024_hek293:7032,zscreen_original_graph_v1,zel024_hek293,7032,CPD_634823929528,1,8784,8784
zscreen_original_graph_v1:zel024_hek293:7032,zscreen_original_graph_v1,zel024_hek293,7032,CPD_983394185511,2,13694,13694
zscreen_original_graph_v1:zel024_hek293:7087,zscreen_original_graph_v1,zel024_hek293,7087,CPD_636011035802,0,8804,8804
zscreen_original_graph_v1:zel024_hek293:7087,zscreen_original_graph_v1,zel024_hek293,7087,CPD_641461909967,1,8892,8892
zscreen_original_graph_v1:zel024_hek293:7087,zscreen_original_graph_v1,zel024_hek293,7087,CPD_804550070762,2,11194,11194
zscreen_original_graph_v1:zel024_hek293:7375,zscreen_original_graph_v1,zel024_hek293,7375,CPD_660527400795,0,9159,9159
zscreen_original_graph_v1:zel024_hek293:7375,zscreen_original_graph_v1,zel024_hek293,7375,CPD_714020153800,1,9880,9880
zscreen_original_graph_v1:zel024_hek293:7375,zscreen_original_graph_v1,zel024_hek293,7375,CPD_898502820619,2,12521,12521
zscreen_original_graph_v1:zel028_a549:4,zscreen_original_graph_v1,zel028_a549,4,CPD_000240999101,0,4,4
zscreen_original_graph_v1:zel028_a549:4,zscreen_original_graph_v1,zel028_a549,4,CPD_029597085424,1,1198,1198
zscreen_original_graph_v1:zel028_a549:4,zscreen_original_graph_v1,zel028_a549,4,CPD_751895161853,2,30548,30548
zscreen_original_graph_v1:zel028_a549:7,zscreen_original_graph_v1,zel028_a549,7,CPD_000323238607,0,7,7
zscreen_original_graph_v1:zel028_a549:7,zscreen_original_graph_v1,zel028_a549,7,CPD_037483959464,1,1509,1509
zscreen_original_graph_v1:zel028_a549:7,zscreen_original_graph_v1,zel028_a549,7,CPD_586662534837,2,23916,23916
zscreen_original_graph_v1:zel028_a549:16,zscreen_original_graph_v1,zel028_a549,16,CPD_000563564989,0,16,16
zscreen_original_graph_v1:zel028_a549:16,zscreen_original_graph_v1,zel028_a549,16,CPD_345960445068,1,14240,14240
zscreen_original_graph_v1:zel028_a549:16,zscreen_original_graph_v1,zel028_a549,16,CPD_633412314800,2,25792,25792
zscreen_original_graph_v1:zel028_a549:16,zscreen_original_graph_v1,zel028_a549,16,CPD_696736533712,3,28304,28304
zscreen_original_graph_v1:zel028_a549:16,zscreen_original_graph_v1,zel028_a549,16,CPD_895614674018,4,36352,36352
zscreen_original_graph_v1:zel028_a549:50,zscreen_original_graph_v1,zel028_a549,50,CPD_001402828591,0,50,50
zscreen_original_graph_v1:zel028_a549:50,zscreen_original_graph_v1,zel028_a549,50,CPD_111671516350,1,4566,4566
zscreen_original_graph_v1:zel028_a549:50,zscreen_original_graph_v1,zel028_a549,50,CPD_229346846080,2,9450,9450
zscreen_original_graph_v1:zel028_a549:50,zscreen_original_graph_v1,zel028_a549,50,CPD_507374997235,3,20817,20817
zscreen_original_graph_v1:zel028_a549:50,zscreen_original_graph_v1,zel028_a549,50,CPD_629338859181,4,25642,25642
zscreen_original_graph_v1:zel028_a549:69,zscreen_original_graph_v1,zel028_a549,69,CPD_001721062940,0,69,69
zscreen_original_graph_v1:zel028_a549:69,zscreen_original_graph_v1,zel028_a549,69,CPD_010207633332,1,406,406
zscreen_original_graph_v1:zel028_a549:69,zscreen_original_graph_v1,zel028_a549,69,CPD_035718578113,2,1449,1449
zscreen_original_graph_v1:zel028_a549:69,zscreen_original_graph_v1,zel028_a549,69,CPD_101325180074,3,4166,4166
zscreen_original_graph_v1:zel028_a549:69,zscreen_original_graph_v1,zel028_a549,69,CPD_116025116740,4,4752,4752
zscreen_original_graph_v1:zel028_a549:69,zscreen_original_graph_v1,zel028_a549,69,CPD_172030336512,5,7063,7063
zscreen_original_graph_v1:zel028_a549:69,zscreen_original_graph_v1,zel028_a549,69,CPD_364140689287,6,14978,14978
zscreen_original_graph_v1:zel028_a549:69,zscreen_original_graph_v1,zel028_a549,69,CPD_423221553360,7,17356,17356
zscreen_original_graph_v1:zel028_a549:69,zscreen_original_graph_v1,zel028_a549,69,CPD_436278822641,8,17862,17862
zscreen_original_graph_v1:zel028_a549:69,zscreen_original_graph_v1,zel028_a549,69,CPD_483898873758,9,19838,19838
zscreen_original_graph_v1:zel028_a549:69,zscreen_original_graph_v1,zel028_a549,69,CPD_598261402612,10,24338,24338
zscreen_original_graph_v1:zel028_a549:69,zscreen_original_graph_v1,zel028_a549,69,CPD_638458575467,11,25975,25975
zscreen_original_graph_v1:zel028_a549:69,zscreen_original_graph_v1,zel028_a549,69,CPD_699192394193,12,28401,28401
zscreen_original_graph_v1:zel028_a549:69,zscreen_original_graph_v1,zel028_a549,69,CPD_720869362441,13,29283,29283
zscreen_original_graph_v1:zel028_a549:69,zscreen_original_graph_v1,zel028_a549,69,CPD_761913675081,14,30957,30957
zscreen_original_graph_v1:zel028_a549:69,zscreen_original_graph_v1,zel028_a549,69,CPD_812982290170,15,32979,32979
zscreen_original_graph_v1:zel028_a549:69,zscreen_original_graph_v1,zel028_a549,69,CPD_819792103217,16,33264,33264
zscreen_original_graph_v1:zel028_a549:69,zscreen_original_graph_v1,zel028_a549,69,CPD_821903852437,17,33354,33354
zscreen_original_graph_v1:zel028_a549:69,zscreen_original_graph_v1,zel028_a549,69,CPD_835917792043,18,33955,33955
zscreen_original_graph_v1:zel028_a549:69,zscreen_original_graph_v1,zel028_a549,69,CPD_899315041779,19,36502,36502
zscreen_original_graph_v1:zel028_a549:69,zscreen_original_graph_v1,zel028_a549,69,CPD_912006401252,20,37014,37014
zscreen_original_graph_v1:zel028_a549:69,zscreen_original_graph_v1,zel028_a549,69,CPD_955748659687,21,38820,38820
zscreen_original_graph_v1:zel028_a549:69,zscreen_original_graph_v1,zel028_a549,69,CPD_976657118265,22,39655,39655
zscreen_original_graph_v1:zel028_a549:69,zscreen_original_graph_v1,zel028_a549,69,CPD_995211257133,23,40424,40424
zscreen_original_graph_v1:zel028_a549:89,zscreen_original_graph_v1,zel028_a549,89,CPD_002449141569,0,91,91
zscreen_original_graph_v1:zel028_a549:89,zscreen_original_graph_v1,zel028_a549,89,CPD_251894464615,1,10407,10407
zscreen_original_graph_v1:zel028_a549:89,zscreen_original_graph_v1,zel028_a549,89,CPD_829787109432,2,33708,33708
zscreen_original_graph_v1:zel028_a549:127,zscreen_original_graph_v1,zel028_a549,127,CPD_003313457988,0,130,130
zscreen_original_graph_v1:zel028_a549:127,zscreen_original_graph_v1,zel028_a549,127,CPD_185930104629,1,7670,7670
zscreen_original_graph_v1:zel028_a549:127,zscreen_original_graph_v1,zel028_a549,127,CPD_235997278859,2,9740,9740
zscreen_original_graph_v1:zel028_a549:127,zscreen_original_graph_v1,zel028_a549,127,CPD_546700464173,3,22344,22344
zscreen_original_graph_v1:zel028_a549:127,zscreen_original_graph_v1,zel028_a549,127,CPD_570910898065,4,23276,23276
zscreen_original_graph_v1:zel028_a549:127,zscreen_original_graph_v1,zel028_a549,127,CPD_612288060840,5,24924,24924
zscreen_original_graph_v1:zel028_a549:127,zscreen_original_graph_v1,zel028_a549,127,CPD_698128250835,6,28366,28366
zscreen_original_graph_v1:zel028_a549:127,zscreen_original_graph_v1,zel028_a549,127,CPD_784321208653,7,31874,31874
zscreen_original_graph_v1:zel028_a549:157,zscreen_original_graph_v1,zel028_a549,157,CPD_003946279643,0,161,161
zscreen_original_graph_v1:zel028_a549:157,zscreen_original_graph_v1,zel028_a549,157,CPD_072491243140,1,2925,2925
zscreen_original_graph_v1:zel028_a549:157,zscreen_original_graph_v1,zel028_a549,157,CPD_090437619692,2,3708,3708
zscreen_original_graph_v1:zel028_a549:157,zscreen_original_graph_v1,zel028_a549,157,CPD_289854403996,3,11934,11934
zscreen_original_graph_v1:zel028_a549:157,zscreen_original_graph_v1,zel028_a549,157,CPD_304300286884,4,12560,12560
zscreen_original_graph_v1:zel028_a549:157,zscreen_original_graph_v1,zel028_a549,157,CPD_529141040218,5,21703,21703
zscreen_original_graph_v1:zel028_a549:157,zscreen_original_graph_v1,zel028_a549,157,CPD_579318835463,6,23593,23593
zscreen_original_graph_v1:zel028_a549:157,zscreen_original_graph_v1,zel028_a549,157,CPD_732693596644,7,29745,29745
zscreen_original_graph_v1:zel028_a549:157,zscreen_original_graph_v1,zel028_a549,157,CPD_886381311035,8,35986,35986
zscreen_original_graph_v1:zel028_a549:157,zscreen_original_graph_v1,zel028_a549,157,CPD_893667791784,9,36264,36264
zscreen_original_graph_v1:zel028_a549:159,zscreen_original_graph_v1,zel028_a549,159,CPD_004056875092,0,163,163
zscreen_original_graph_v1:zel028_a549:159,zscreen_original_graph_v1,zel028_a549,159,CPD_046681894578,1,1874,1874
zscreen_original_graph_v1:zel028_a549:159,zscreen_original_graph_v1,zel028_a549,159,CPD_542382578981,2,22184,22184
zscreen_original_graph_v1:zel028_a549:159,zscreen_original_graph_v1,zel028_a549,159,CPD_976588044591,3,39649,39649
zscreen_original_graph_v1:zel028_a549:226,zscreen_original_graph_v1,zel028_a549,226,CPD_006128399910,0,236,236
zscreen_original_graph_v1:zel028_a549:226,zscreen_original_graph_v1,zel028_a549,226,CPD_372198080112,1,15283,15283
zscreen_original_graph_v1:zel028_a549:226,zscreen_original_graph_v1,zel028_a549,226,CPD_393601608778,2,16109,16109
zscreen_original_graph_v1:zel028_a549:226,zscreen_original_graph_v1,zel028_a549,226,CPD_632537564490,3,25749,25749
zscreen_original_graph_v1:zel028_a549:226,zscreen_original_graph_v1,zel028_a549,226,CPD_665643678395,4,27071,27071
zscreen_original_graph_v1:zel028_a549:300,zscreen_original_graph_v1,zel028_a549,300,CPD_008188438077,0,317,317
zscreen_original_graph_v1:zel028_a549:300,zscreen_original_graph_v1,zel028_a549,300,CPD_255979190952,1,10566,10566
zscreen_original_graph_v1:zel028_a549:300,zscreen_original_graph_v1,zel028_a549,300,CPD_349541770115,2,14394,14394
zscreen_original_graph_v1:zel028_a549:300,zscreen_original_graph_v1,zel028_a549,300,CPD_646713341171,3,26302,26302
zscreen_original_graph_v1:zel028_a549:300,zscreen_original_graph_v1,zel028_a549,300,CPD_740846750655,4,30077,30077
zscreen_original_graph_v1:zel028_a549:300,zscreen_original_graph_v1,zel028_a549,300,CPD_870312182821,5,35330,35330
zscreen_original_graph_v1:zel028_a549:389,zscreen_original_graph_v1,zel028_a549,389,CPD_010298212658,0,410,410
zscreen_original_graph_v1:zel028_a549:389,zscreen_original_graph_v1,zel028_a549,389,CPD_072197134518,1,2906,2906
zscreen_original_graph_v1:zel028_a549:389,zscreen_original_graph_v1,zel028_a549,389,CPD_592122788267,2,24100,24100
zscreen_original_graph_v1:zel028_a549:406,zscreen_original_graph_v1,zel028_a549,406,CPD_010796294100,0,428,428
zscreen_original_graph_v1:zel028_a549:406,zscreen_original_graph_v1,zel028_a549,406,CPD_047142171884,1,1896,1896
zscreen_original_graph_v1:zel028_a549:406,zscreen_original_graph_v1,zel028_a549,406,CPD_544506144073,2,22264,22264
zscreen_original_graph_v1:zel028_a549:406,zscreen_original_graph_v1,zel028_a549,406,CPD_576585541205,3,23494,23494
zscreen_original_graph_v1:zel028_a549:406,zscreen_original_graph_v1,zel028_a549,406,CPD_732215312308,4,29729,29729
zscreen_original_graph_v1:zel028_a549:406,zscreen_original_graph_v1,zel028_a549,406,CPD_971986377629,5,39475,39475
zscreen_original_graph_v1:zel028_a549:458,zscreen_original_graph_v1,zel028_a549,458,CPD_012197920132,0,480,480
zscreen_original_graph_v1:zel028_a549:458,zscreen_original_graph_v1,zel028_a549,458,CPD_137074327227,1,5565,5565
zscreen_original_graph_v1:zel028_a549:458,zscreen_original_graph_v1,zel028_a549,458,CPD_855422745613,2,34747,34747
zscreen_original_graph_v1:zel028_a549:458,zscreen_original_graph_v1,zel028_a549,458,CPD_943912105415,3,38328,38328
zscreen_original_graph_v1:zel028_a549:465,zscreen_original_graph_v1,zel028_a549,465,CPD_012333668092,0,489,489
zscreen_original_graph_v1:zel028_a549:465,zscreen_original_graph_v1,zel028_a549,465,CPD_146657316503,1,5943,5943
zscreen_original_graph_v1:zel028_a549:465,zscreen_original_graph_v1,zel028_a549,465,CPD_184347991222,2,7604,7604
zscreen_original_graph_v1:zel028_a549:465,zscreen_original_graph_v1,zel028_a549,465,CPD_189815106226,3,7838,7838
zscreen_original_graph_v1:zel028_a549:465,zscreen_original_graph_v1,zel028_a549,465,CPD_294507076487,4,12141,12141
zscreen_original_graph_v1:zel028_a549:465,zscreen_original_graph_v1,zel028_a549,465,CPD_316332808938,5,13048,13048
zscreen_original_graph_v1:zel028_a549:465,zscreen_original_graph_v1,zel028_a549,465,CPD_471504769879,6,19298,19298
zscreen_original_graph_v1:zel028_a549:465,zscreen_original_graph_v1,zel028_a549,465,CPD_898468100764,7,36464,36464
zscreen_original_graph_v1:zel028_a549:465,zscreen_original_graph_v1,zel028_a549,465,CPD_944137815647,8,38339,38339
zscreen_original_graph_v1:zel028_a549:466,zscreen_original_graph_v1,zel028_a549,466,CPD_012352623436,0,490,490
zscreen_original_graph_v1:zel028_a549:466,zscreen_original_graph_v1,zel028_a549,466,CPD_665540597002,1,27066,27066
zscreen_original_graph_v1:zel028_a549:466,zscreen_original_graph_v1,zel028_a549,466,CPD_794339575327,2,32236,32236
zscreen_original_graph_v1:zel028_a549:501,zscreen_original_graph_v1,zel028_a549,501,CPD_013279557730,0,527,527
zscreen_original_graph_v1:zel028_a549:501,zscreen_original_graph_v1,zel028_a549,501,CPD_076053591755,1,3079,3079
zscreen_original_graph_v1:zel028_a549:501,zscreen_original_graph_v1,zel028_a549,501,CPD_183075936631,2,7535,7535
zscreen_original_graph_v1:zel028_a549:501,zscreen_original_graph_v1,zel028_a549,501,CPD_322160372760,3,13270,13270
zscreen_original_graph_v1:zel028_a549:501,zscreen_original_graph_v1,zel028_a549,501,CPD_446363274555,4,18266,18266
zscreen_original_graph_v1:zel028_a549:501,zscreen_original_graph_v1,zel028_a549,501,CPD_617968257107,5,25162,25162
zscreen_original_graph_v1:zel028_a549:501,zscreen_original_graph_v1,zel028_a549,501,CPD_679463696485,6,27596,27596
zscreen_original_graph_v1:zel028_a549:512,zscreen_original_graph_v1,zel028_a549,512,CPD_013719115199,0,539,539
zscreen_original_graph_v1:zel028_a549:512,zscreen_original_graph_v1,zel028_a549,512,CPD_495602969395,1,20319,20319
zscreen_original_graph_v1:zel028_a549:512,zscreen_original_graph_v1,zel028_a549,512,CPD_624379944355,2,25444,25444
zscreen_original_graph_v1:zel028_a549:514,zscreen_original_graph_v1,zel028_a549,514,CPD_013771361209,0,541,541
zscreen_original_graph_v1:zel028_a549:514,zscreen_original_graph_v1,zel028_a549,514,CPD_067941416985,1,2745,2745
zscreen_original_graph_v1:zel028_a549:514,zscreen_original_graph_v1,zel028_a549,514,CPD_248537706358,2,10277,10277
zscreen_original_graph_v1:zel028_a549:514,zscreen_original_graph_v1,zel028_a549,514,CPD_255194583073,3,10538,10538
zscreen_original_graph_v1:zel028_a549:514,zscreen_original_graph_v1,zel028_a549,514,CPD_283778024539,4,11680,11680
zscreen_original_graph_v1:zel028_a549:514,zscreen_original_graph_v1,zel028_a549,514,CPD_310370133253,5,12822,12822
zscreen_original_graph_v1:zel028_a549:514,zscreen_original_graph_v1,zel028_a549,514,CPD_620353382716,6,25264,25264
zscreen_original_graph_v1:zel028_a549:514,zscreen_original_graph_v1,zel028_a549,514,CPD_831065669153,7,33762,33762
zscreen_original_graph_v1:zel028_a549:514,zscreen_original_graph_v1,zel028_a549,514,CPD_860090510799,8,34947,34947
zscreen_original_graph_v1:zel028_a549:514,zscreen_original_graph_v1,zel028_a549,514,CPD_900024392837,9,36528,36528
zscreen_original_graph_v1:zel028_a549:565,zscreen_original_graph_v1,zel028_a549,565,CPD_014891938023,0,593,593
zscreen_original_graph_v1:zel028_a549:565,zscreen_original_graph_v1,zel028_a549,565,CPD_116305857800,1,4767,4767
zscreen_original_graph_v1:zel028_a549:565,zscreen_original_graph_v1,zel028_a549,565,CPD_289949696606,2,11939,11939
zscreen_original_graph_v1:zel028_a549:565,zscreen_original_graph_v1,zel028_a549,565,CPD_365497321907,3,15031,15031
zscreen_original_graph_v1:zel028_a549:565,zscreen_original_graph_v1,zel028_a549,565,CPD_375606085119,4,15413,15413
zscreen_original_graph_v1:zel028_a549:565,zscreen_original_graph_v1,zel028_a549,565,CPD_434204608916,5,17799,17799
zscreen_original_graph_v1:zel028_a549:565,zscreen_original_graph_v1,zel028_a549,565,CPD_495730278911,6,20324,20324
zscreen_original_graph_v1:zel028_a549:565,zscreen_original_graph_v1,zel028_a549,565,CPD_675028388646,7,27452,27452
zscreen_original_graph_v1:zel028_a549:565,zscreen_original_graph_v1,zel028_a549,565,CPD_739800505447,8,30034,30034
zscreen_original_graph_v1:zel028_a549:565,zscreen_original_graph_v1,zel028_a549,565,CPD_965267767642,9,39206,39206
zscreen_original_graph_v1:zel028_a549:565,zscreen_original_graph_v1,zel028_a549,565,CPD_980702651740,10,39826,39826
zscreen_original_graph_v1:zel028_a549:566,zscreen_original_graph_v1,zel028_a549,566,CPD_014893199576,0,594,594
zscreen_original_graph_v1:zel028_a549:566,zscreen_original_graph_v1,zel028_a549,566,CPD_108772417256,1,4439,4439
zscreen_original_graph_v1:zel028_a549:566,zscreen_original_graph_v1,zel028_a549,566,CPD_120879315410,2,4942,4942
zscreen_original_graph_v1:zel028_a549:566,zscreen_original_graph_v1,zel028_a549,566,CPD_159444825540,3,6498,6498
zscreen_original_graph_v1:zel028_a549:566,zscreen_original_graph_v1,zel028_a549,566,CPD_177610069024,4,7318,7318
zscreen_original_graph_v1:zel028_a549:566,zscreen_original_graph_v1,zel028_a549,566,CPD_190738130915,5,7882,7882
zscreen_original_graph_v1:zel028_a549:566,zscreen_original_graph_v1,zel028_a549,566,CPD_316733095516,6,13063,13063
zscreen_original_graph_v1:zel028_a549:566,zscreen_original_graph_v1,zel028_a549,566,CPD_363808443784,7,14964,14964
zscreen_original_graph_v1:zel028_a549:566,zscreen_original_graph_v1,zel028_a549,566,CPD_513955212314,8,21082,21082
zscreen_original_graph_v1:zel028_a549:566,zscreen_original_graph_v1,zel028_a549,566,CPD_594635666398,9,24193,24193
zscreen_original_graph_v1:zel028_a549:566,zscreen_original_graph_v1,zel028_a549,566,CPD_754240442462,10,30636,30636
zscreen_original_graph_v1:zel028_a549:566,zscreen_original_graph_v1,zel028_a549,566,CPD_877759678191,11,35633,35633
zscreen_original_graph_v1:zel028_a549:566,zscreen_original_graph_v1,zel028_a549,566,CPD_923891055500,12,37513,37513
zscreen_original_graph_v1:zel028_a549:566,zscreen_original_graph_v1,zel028_a549,566,CPD_978466887647,13,39721,39721
zscreen_original_graph_v1:zel028_a549:596,zscreen_original_graph_v1,zel028_a549,596,CPD_015743301091,0,624,624
zscreen_original_graph_v1:zel028_a549:596,zscreen_original_graph_v1,zel028_a549,596,CPD_298633756909,1,12317,12317
zscreen_original_graph_v1:zel028_a549:596,zscreen_original_graph_v1,zel028_a549,596,CPD_549083641169,2,22417,22417
zscreen_original_graph_v1:zel028_a549:596,zscreen_original_graph_v1,zel028_a549,596,CPD_682435766322,3,27714,27714
zscreen_original_graph_v1:zel028_a549:596,zscreen_original_graph_v1,zel028_a549,596,CPD_923780757476,4,37507,37507
zscreen_original_graph_v1:zel028_a549:627,zscreen_original_graph_v1,zel028_a549,627,CPD_016273754091,0,655,655
zscreen_original_graph_v1:zel028_a549:627,zscreen_original_graph_v1,zel028_a549,627,CPD_232638927596,1,9600,9600
zscreen_original_graph_v1:zel028_a549:627,zscreen_original_graph_v1,zel028_a549,627,CPD_522155386878,2,21409,21409
zscreen_original_graph_v1:zel028_a549:627,zscreen_original_graph_v1,zel028_a549,627,CPD_724914325794,3,29436,29436
zscreen_original_graph_v1:zel028_a549:627,zscreen_original_graph_v1,zel028_a549,627,CPD_822970689957,4,33410,33410
zscreen_original_graph_v1:zel028_a549:627,zscreen_original_graph_v1,zel028_a549,627,CPD_836663436721,5,33991,33991
zscreen_original_graph_v1:zel028_a549:627,zscreen_original_graph_v1,zel028_a549,627,CPD_860331176635,6,34955,34955
zscreen_original_graph_v1:zel028_a549:627,zscreen_original_graph_v1,zel028_a549,627,CPD_938406353613,7,38094,38094
zscreen_original_graph_v1:zel028_a549:627,zscreen_original_graph_v1,zel028_a549,627,CPD_990769726447,8,40230,40230
zscreen_original_graph_v1:zel028_a549:641,zscreen_original_graph_v1,zel028_a549,641,CPD_016623207698,0,669,669
zscreen_original_graph_v1:zel028_a549:641,zscreen_original_graph_v1,zel028_a549,641,CPD_046298808072,1,1860,1860
zscreen_original_graph_v1:zel028_a549:641,zscreen_original_graph_v1,zel028_a549,641,CPD_125700881689,2,5122,5122
zscreen_original_graph_v1:zel028_a549:641,zscreen_original_graph_v1,zel028_a549,641,CPD_176986675214,3,7283,7283
zscreen_original_graph_v1:zel028_a549:641,zscreen_original_graph_v1,zel028_a549,641,CPD_207648764260,4,8567,8567
zscreen_original_graph_v1:zel028_a549:641,zscreen_original_graph_v1,zel028_a549,641,CPD_250915646942,5,10370,10370
zscreen_original_graph_v1:zel028_a549:641,zscreen_original_graph_v1,zel028_a549,641,CPD_335288224176,6,13793,13793
zscreen_original_graph_v1:zel028_a549:641,zscreen_original_graph_v1,zel028_a549,641,CPD_369364251039,7,15175,15175
zscreen_original_graph_v1:zel028_a549:641,zscreen_original_graph_v1,zel028_a549,641,CPD_396501982333,8,16224,16224
zscreen_original_graph_v1:zel028_a549:641,zscreen_original_graph_v1,zel028_a549,641,CPD_490667518364,9,20127,20127
zscreen_original_graph_v1:zel028_a549:641,zscreen_original_graph_v1,zel028_a549,641,CPD_491287508715,10,20157,20157
zscreen_original_graph_v1:zel028_a549:641,zscreen_original_graph_v1,zel028_a549,641,CPD_589703336530,11,24019,24019
zscreen_original_graph_v1:zel028_a549:641,zscreen_original_graph_v1,zel028_a549,641,CPD_715954948893,12,29068,29068
zscreen_original_graph_v1:zel028_a549:641,zscreen_original_graph_v1,zel028_a549,641,CPD_734070906849,13,29799,29799
zscreen_original_graph_v1:zel028_a549:641,zscreen_original_graph_v1,zel028_a549,641,CPD_753861430947,14,30618,30618
zscreen_original_graph_v1:zel028_a549:641,zscreen_original_graph_v1,zel028_a549,641,CPD_922138006972,15,37446,37446
zscreen_original_graph_v1:zel028_a549:641,zscreen_original_graph_v1,zel028_a549,641,CPD_991404508525,16,40252,40252
zscreen_original_graph_v1:zel028_a549:674,zscreen_original_graph_v1,zel028_a549,674,CPD_017234655091,0,703,703
zscreen_original_graph_v1:zel028_a549:674,zscreen_original_graph_v1,zel028_a549,674,CPD_097658545673,1,4019,4019
zscreen_original_graph_v1:zel028_a549:674,zscreen_original_graph_v1,zel028_a549,674,CPD_381557582896,2,15633,15633
zscreen_original_graph_v1:zel028_a549:684,zscreen_original_graph_v1,zel028_a549,684,CPD_017513469435,0,714,714
zscreen_original_graph_v1:zel028_a549:684,zscreen_original_graph_v1,zel028_a549,684,CPD_105643436834,1,4316,4316
zscreen_original_graph_v1:zel028_a549:684,zscreen_original_graph_v1,zel028_a549,684,CPD_133447180543,2,5416,5416
zscreen_original_graph_v1:zel028_a549:684,zscreen_original_graph_v1,zel028_a549,684,CPD_133477425921,3,5418,5418
zscreen_original_graph_v1:zel028_a549:684,zscreen_original_graph_v1,zel028_a549,684,CPD_161930163776,4,6618,6618
zscreen_original_graph_v1:zel028_a549:684,zscreen_original_graph_v1,zel028_a549,684,CPD_249429244545,5,10312,10312
zscreen_original_graph_v1:zel028_a549:684,zscreen_original_graph_v1,zel028_a549,684,CPD_374341197393,6,15353,15353
zscreen_original_graph_v1:zel028_a549:684,zscreen_original_graph_v1,zel028_a549,684,CPD_824813858379,7,33492,33492
zscreen_original_graph_v1:zel028_a549:684,zscreen_original_graph_v1,zel028_a549,684,CPD_825442325775,8,33518,33518
zscreen_original_graph_v1:zel028_a549:684,zscreen_original_graph_v1,zel028_a549,684,CPD_859996451140,9,34932,34932
zscreen_original_graph_v1:zel028_a549:684,zscreen_original_graph_v1,zel028_a549,684,CPD_951270876429,10,38632,38632
zscreen_original_graph_v1:zel028_a549:702,zscreen_original_graph_v1,zel028_a549,702,CPD_017964316235,0,733,733
zscreen_original_graph_v1:zel028_a549:702,zscreen_original_graph_v1,zel028_a549,702,CPD_660170289026,1,26863,26863
zscreen_original_graph_v1:zel028_a549:702,zscreen_original_graph_v1,zel028_a549,702,CPD_858539327416,2,34868,34868
zscreen_original_graph_v1:zel028_a549:713,zscreen_original_graph_v1,zel028_a549,713,CPD_018268777510,0,747,747
zscreen_original_graph_v1:zel028_a549:713,zscreen_original_graph_v1,zel028_a549,713,CPD_359542550496,1,14802,14802
zscreen_original_graph_v1:zel028_a549:713,zscreen_original_graph_v1,zel028_a549,713,CPD_437179615235,2,17907,17907
zscreen_original_graph_v1:zel028_a549:713,zscreen_original_graph_v1,zel028_a549,713,CPD_464940252003,3,19035,19035
zscreen_original_graph_v1:zel028_a549:713,zscreen_original_graph_v1,zel028_a549,713,CPD_816800045629,4,33138,33138
zscreen_original_graph_v1:zel028_a549:778,zscreen_original_graph_v1,zel028_a549,778,CPD_020330337600,0,815,815
zscreen_original_graph_v1:zel028_a549:778,zscreen_original_graph_v1,zel028_a549,778,CPD_052193566525,1,2125,2125
zscreen_original_graph_v1:zel028_a549:778,zscreen_original_graph_v1,zel028_a549,778,CPD_138090067908,2,5609,5609
zscreen_original_graph_v1:zel028_a549:778,zscreen_original_graph_v1,zel028_a549,778,CPD_242300172414,3,10020,10020
zscreen_original_graph_v1:zel028_a549:778,zscreen_original_graph_v1,zel028_a549,778,CPD_351672421159,4,14496,14496
zscreen_original_graph_v1:zel028_a549:778,zscreen_original_graph_v1,zel028_a549,778,CPD_436920731094,5,17887,17887
zscreen_original_graph_v1:zel028_a549:778,zscreen_original_graph_v1,zel028_a549,778,CPD_450988213522,6,18454,18454
zscreen_original_graph_v1:zel028_a549:778,zscreen_original_graph_v1,zel028_a549,778,CPD_470135432949,7,19227,19227
zscreen_original_graph_v1:zel028_a549:778,zscreen_original_graph_v1,zel028_a549,778,CPD_504978422628,8,20695,20695
zscreen_original_graph_v1:zel028_a549:778,zscreen_original_graph_v1,zel028_a549,778,CPD_554216504289,9,22618,22618
zscreen_original_graph_v1:zel028_a549:778,zscreen_original_graph_v1,zel028_a549,778,CPD_569020807396,10,23196,23196
zscreen_original_graph_v1:zel028_a549:778,zscreen_original_graph_v1,zel028_a549,778,CPD_577838600151,11,23545,23545
zscreen_original_graph_v1:zel028_a549:778,zscreen_original_graph_v1,zel028_a549,778,CPD_854916324854,12,34719,34719
zscreen_original_graph_v1:zel028_a549:778,zscreen_original_graph_v1,zel028_a549,778,CPD_863417067463,13,35060,35060
zscreen_original_graph_v1:zel028_a549:778,zscreen_original_graph_v1,zel028_a549,778,CPD_880686282628,14,35753,35753
zscreen_original_graph_v1:zel028_a549:778,zscreen_original_graph_v1,zel028_a549,778,CPD_901388695428,15,36578,36578
zscreen_original_graph_v1:zel028_a549:778,zscreen_original_graph_v1,zel028_a549,778,CPD_951888681218,16,38661,38661
zscreen_original_graph_v1:zel028_a549:787,zscreen_original_graph_v1,zel028_a549,787,CPD_020582953462,0,824,824
zscreen_original_graph_v1:zel028_a549:787,zscreen_original_graph_v1,zel028_a549,787,CPD_163434958780,1,6676,6676
zscreen_original_graph_v1:zel028_a549:787,zscreen_original_graph_v1,zel028_a549,787,CPD_284233297457,2,11703,11703
zscreen_original_graph_v1:zel028_a549:787,zscreen_original_graph_v1,zel028_a549,787,CPD_522046648108,3,21405,21405
zscreen_original_graph_v1:zel028_a549:787,zscreen_original_graph_v1,zel028_a549,787,CPD_772483614378,4,31373,31373
zscreen_original_graph_v1:zel028_a549:787,zscreen_original_graph_v1,zel028_a549,787,CPD_807811445804,5,32775,32775
zscreen_original_graph_v1:zel028_a549:787,zscreen_original_graph_v1,zel028_a549,787,CPD_845922955887,6,34374,34374
zscreen_original_graph_v1:zel028_a549:831,zscreen_original_graph_v1,zel028_a549,831,CPD_021723092465,0,869,869
zscreen_original_graph_v1:zel028_a549:831,zscreen_original_graph_v1,zel028_a549,831,CPD_961596318216,1,39058,39058
zscreen_original_graph_v1:zel028_a549:831,zscreen_original_graph_v1,zel028_a549,831,CPD_963674410039,2,39140,39140
zscreen_original_graph_v1:zel028_a549:863,zscreen_original_graph_v1,zel028_a549,863,CPD_022642309734,0,901,901
zscreen_original_graph_v1:zel028_a549:863,zscreen_original_graph_v1,zel028_a549,863,CPD_545675526265,1,22307,22307
zscreen_original_graph_v1:zel028_a549:863,zscreen_original_graph_v1,zel028_a549,863,CPD_567008108453,2,23115,23115
zscreen_original_graph_v1:zel028_a549:863,zscreen_original_graph_v1,zel028_a549,863,CPD_591036329954,3,24070,24070
zscreen_original_graph_v1:zel028_a549:863,zscreen_original_graph_v1,zel028_a549,863,CPD_917850848181,4,37258,37258
zscreen_original_graph_v1:zel028_a549:894,zscreen_original_graph_v1,zel028_a549,894,CPD_023468696609,0,933,933
zscreen_original_graph_v1:zel028_a549:894,zscreen_original_graph_v1,zel028_a549,894,CPD_194284378800,1,8010,8010
zscreen_original_graph_v1:zel028_a549:894,zscreen_original_graph_v1,zel028_a549,894,CPD_604531902599,2,24597,24597
zscreen_original_graph_v1:zel028_a549:894,zscreen_original_graph_v1,zel028_a549,894,CPD_801216218493,3,32504,32504
zscreen_original_graph_v1:zel028_a549:955,zscreen_original_graph_v1,zel028_a549,955,CPD_024955214189,0,997,997
zscreen_original_graph_v1:zel028_a549:955,zscreen_original_graph_v1,zel028_a549,955,CPD_266388134510,1,10970,10970
zscreen_original_graph_v1:zel028_a549:955,zscreen_original_graph_v1,zel028_a549,955,CPD_554117178375,2,22614,22614
zscreen_original_graph_v1:zel028_a549:1007,zscreen_original_graph_v1,zel028_a549,1007,CPD_025943731319,0,1050,1050
zscreen_original_graph_v1:zel028_a549:1007,zscreen_original_graph_v1,zel028_a549,1007,CPD_123182309803,1,5023,5023
zscreen_original_graph_v1:zel028_a549:1007,zscreen_original_graph_v1,zel028_a549,1007,CPD_511302783239,2,20976,20976
zscreen_original_graph_v1:zel028_a549:1007,zscreen_original_graph_v1,zel028_a549,1007,CPD_807486645183,3,32755,32755
zscreen_original_graph_v1:zel028_a549:1007,zscreen_original_graph_v1,zel028_a549,1007,CPD_882028928855,4,35807,35807
zscreen_original_graph_v1:zel028_a549:1007,zscreen_original_graph_v1,zel028_a549,1007,CPD_895945286266,5,36367,36367
zscreen_original_graph_v1:zel028_a549:1007,zscreen_original_graph_v1,zel028_a549,1007,CPD_917859592947,6,37260,37260
zscreen_original_graph_v1:zel028_a549:1015,zscreen_original_graph_v1,zel028_a549,1015,CPD_026154159040,0,1058,1058
zscreen_original_graph_v1:zel028_a549:1015,zscreen_original_graph_v1,zel028_a549,1015,CPD_117847446535,1,4820,4820
zscreen_original_graph_v1:zel028_a549:1015,zscreen_original_graph_v1,zel028_a549,1015,CPD_980622651459,2,39822,39822
zscreen_original_graph_v1:zel028_a549:1043,zscreen_original_graph_v1,zel028_a549,1043,CPD_027049521473,0,1086,1086
zscreen_original_graph_v1:zel028_a549:1043,zscreen_original_graph_v1,zel028_a549,1043,CPD_222628008693,1,9154,9154
zscreen_original_graph_v1:zel028_a549:1043,zscreen_original_graph_v1,zel028_a549,1043,CPD_243214654618,2,10057,10057
zscreen_original_graph_v1:zel028_a549:1043,zscreen_original_graph_v1,zel028_a549,1043,CPD_410452423647,3,16811,16811
zscreen_original_graph_v1:zel028_a549:1043,zscreen_original_graph_v1,zel028_a549,1043,CPD_884552082724,4,35913,35913
zscreen_original_graph_v1:zel028_a549:1064,zscreen_original_graph_v1,zel028_a549,1064,CPD_027769832718,0,1107,1107
zscreen_original_graph_v1:zel028_a549:1064,zscreen_original_graph_v1,zel028_a549,1064,CPD_062500033051,1,2486,2486
zscreen_original_graph_v1:zel028_a549:1064,zscreen_original_graph_v1,zel028_a549,1064,CPD_504842375676,2,20687,20687
zscreen_original_graph_v1:zel028_a549:1064,zscreen_original_graph_v1,zel028_a549,1064,CPD_810255251735,3,32889,32889
zscreen_original_graph_v1:zel028_a549:1064,zscreen_original_graph_v1,zel028_a549,1064,CPD_931997405325,4,37830,37830
zscreen_original_graph_v1:zel028_a549:1077,zscreen_original_graph_v1,zel028_a549,1077,CPD_028188088987,0,1121,1121
zscreen_original_graph_v1:zel028_a549:1077,zscreen_original_graph_v1,zel028_a549,1077,CPD_043627295055,1,1758,1758
zscreen_original_graph_v1:zel028_a549:1077,zscreen_original_graph_v1,zel028_a549,1077,CPD_543696615163,2,22232,22232
zscreen_original_graph_v1:zel028_a549:1169,zscreen_original_graph_v1,zel028_a549,1169,CPD_029963800252,0,1216,1216
zscreen_original_graph_v1:zel028_a549:1169,zscreen_original_graph_v1,zel028_a549,1169,CPD_054723844741,1,2220,2220
zscreen_original_graph_v1:zel028_a549:1169,zscreen_original_graph_v1,zel028_a549,1169,CPD_168907001958,2,6921,6921
zscreen_original_graph_v1:zel028_a549:1169,zscreen_original_graph_v1,zel028_a549,1169,CPD_246681467308,3,10196,10196
zscreen_original_graph_v1:zel028_a549:1169,zscreen_original_graph_v1,zel028_a549,1169,CPD_552427927013,4,22556,22556
zscreen_original_graph_v1:zel028_a549:1169,zscreen_original_graph_v1,zel028_a549,1169,CPD_639515611864,5,26020,26020
zscreen_original_graph_v1:zel028_a549:1193,zscreen_original_graph_v1,zel028_a549,1193,CPD_030463653367,0,1240,1240
zscreen_original_graph_v1:zel028_a549:1193,zscreen_original_graph_v1,zel028_a549,1193,CPD_364528246915,1,14991,14991
zscreen_original_graph_v1:zel028_a549:1193,zscreen_original_graph_v1,zel028_a549,1193,CPD_376102634537,2,15443,15443
zscreen_original_graph_v1:zel028_a549:1193,zscreen_original_graph_v1,zel028_a549,1193,CPD_406750662893,3,16677,16677
zscreen_original_graph_v1:zel028_a549:1241,zscreen_original_graph_v1,zel028_a549,1241,CPD_032123436579,0,1291,1291
zscreen_original_graph_v1:zel028_a549:1241,zscreen_original_graph_v1,zel028_a549,1241,CPD_040025766628,1,1608,1608
zscreen_original_graph_v1:zel028_a549:1241,zscreen_original_graph_v1,zel028_a549,1241,CPD_093302547351,2,3845,3845
zscreen_original_graph_v1:zel028_a549:1241,zscreen_original_graph_v1,zel028_a549,1241,CPD_310891852242,3,12848,12848
zscreen_original_graph_v1:zel028_a549:1241,zscreen_original_graph_v1,zel028_a549,1241,CPD_336684442723,4,13856,13856
zscreen_original_graph_v1:zel028_a549:1241,zscreen_original_graph_v1,zel028_a549,1241,CPD_346329006361,5,14252,14252
zscreen_original_graph_v1:zel028_a549:1241,zscreen_original_graph_v1,zel028_a549,1241,CPD_384619351778,6,15748,15748
zscreen_original_graph_v1:zel028_a549:1241,zscreen_original_graph_v1,zel028_a549,1241,CPD_425670403518,7,17466,17466
zscreen_original_graph_v1:zel028_a549:1241,zscreen_original_graph_v1,zel028_a549,1241,CPD_431509354916,8,17697,17697
zscreen_original_graph_v1:zel028_a549:1241,zscreen_original_graph_v1,zel028_a549,1241,CPD_580003013517,9,23623,23623
zscreen_original_graph_v1:zel028_a549:1241,zscreen_original_graph_v1,zel028_a549,1241,CPD_636618805198,10,25904,25904
zscreen_original_graph_v1:zel028_a549:1241,zscreen_original_graph_v1,zel028_a549,1241,CPD_912943439998,11,37051,37051
zscreen_original_graph_v1:zel028_a549:1241,zscreen_original_graph_v1,zel028_a549,1241,CPD_913554451463,12,37081,37081
zscreen_original_graph_v1:zel028_a549:1241,zscreen_original_graph_v1,zel028_a549,1241,CPD_933486789471,13,37897,37897
zscreen_original_graph_v1:zel028_a549:1241,zscreen_original_graph_v1,zel028_a549,1241,CPD_940666710542,14,38185,38185
zscreen_original_graph_v1:zel028_a549:1305,zscreen_original_graph_v1,zel028_a549,1305,CPD_033640912703,0,1359,1359
zscreen_original_graph_v1:zel028_a549:1305,zscreen_original_graph_v1,zel028_a549,1305,CPD_446343177278,1,18263,18263
zscreen_original_graph_v1:zel028_a549:1305,zscreen_original_graph_v1,zel028_a549,1305,CPD_530755866117,2,21770,21770
zscreen_original_graph_v1:zel028_a549:1305,zscreen_original_graph_v1,zel028_a549,1305,CPD_586565175875,3,23905,23905
zscreen_original_graph_v1:zel028_a549:1305,zscreen_original_graph_v1,zel028_a549,1305,CPD_722861618499,4,29365,29365
zscreen_original_graph_v1:zel028_a549:1374,zscreen_original_graph_v1,zel028_a549,1374,CPD_035440786044,0,1431,1431
zscreen_original_graph_v1:zel028_a549:1374,zscreen_original_graph_v1,zel028_a549,1374,CPD_081787267284,1,3321,3321
zscreen_original_graph_v1:zel028_a549:1374,zscreen_original_graph_v1,zel028_a549,1374,CPD_104427761850,2,4271,4271
zscreen_original_graph_v1:zel028_a549:1374,zscreen_original_graph_v1,zel028_a549,1374,CPD_127417268128,3,5201,5201
zscreen_original_graph_v1:zel028_a549:1374,zscreen_original_graph_v1,zel028_a549,1374,CPD_170484991377,4,6991,6991
zscreen_original_graph_v1:zel028_a549:1374,zscreen_original_graph_v1,zel028_a549,1374,CPD_589378166455,5,24009,24009
zscreen_original_graph_v1:zel028_a549:1374,zscreen_original_graph_v1,zel028_a549,1374,CPD_750375019479,6,30489,30489
zscreen_original_graph_v1:zel028_a549:1374,zscreen_original_graph_v1,zel028_a549,1374,CPD_863760564104,7,35080,35080
zscreen_original_graph_v1:zel028_a549:1374,zscreen_original_graph_v1,zel028_a549,1374,CPD_886039713208,8,35969,35969
zscreen_original_graph_v1:zel028_a549:1381,zscreen_original_graph_v1,zel028_a549,1381,CPD_035568330044,0,1438,1438
zscreen_original_graph_v1:zel028_a549:1381,zscreen_original_graph_v1,zel028_a549,1381,CPD_621578478306,1,25320,25320
zscreen_original_graph_v1:zel028_a549:1381,zscreen_original_graph_v1,zel028_a549,1381,CPD_662806527723,2,26964,26964
zscreen_original_graph_v1:zel028_a549:1416,zscreen_original_graph_v1,zel028_a549,1416,CPD_036309644499,0,1474,1474
zscreen_original_graph_v1:zel028_a549:1416,zscreen_original_graph_v1,zel028_a549,1416,CPD_079473482188,1,3229,3229
zscreen_original_graph_v1:zel028_a549:1416,zscreen_original_graph_v1,zel028_a549,1416,CPD_088569148899,2,3615,3615
zscreen_original_graph_v1:zel028_a549:1416,zscreen_original_graph_v1,zel028_a549,1416,CPD_221485225953,3,9108,9108
zscreen_original_graph_v1:zel028_a549:1416,zscreen_original_graph_v1,zel028_a549,1416,CPD_223630637564,4,9209,9209
zscreen_original_graph_v1:zel028_a549:1416,zscreen_original_graph_v1,zel028_a549,1416,CPD_352270700060,5,14520,14520
zscreen_original_graph_v1:zel028_a549:1416,zscreen_original_graph_v1,zel028_a549,1416,CPD_404147758689,6,16566,16566
zscreen_original_graph_v1:zel028_a549:1416,zscreen_original_graph_v1,zel028_a549,1416,CPD_470355340063,7,19240,19240
zscreen_original_graph_v1:zel028_a549:1416,zscreen_original_graph_v1,zel028_a549,1416,CPD_572005201754,8,23317,23317
zscreen_original_graph_v1:zel028_a549:1416,zscreen_original_graph_v1,zel028_a549,1416,CPD_707830129156,9,28726,28726
zscreen_original_graph_v1:zel028_a549:1416,zscreen_original_graph_v1,zel028_a549,1416,CPD_799042802048,10,32421,32421
zscreen_original_graph_v1:zel028_a549:1426,zscreen_original_graph_v1,zel028_a549,1426,CPD_036695484504,0,1485,1485
zscreen_original_graph_v1:zel028_a549:1426,zscreen_original_graph_v1,zel028_a549,1426,CPD_205760671999,1,8494,8494
zscreen_original_graph_v1:zel028_a549:1426,zscreen_original_graph_v1,zel028_a549,1426,CPD_763886742979,2,31036,31036
zscreen_original_graph_v1:zel028_a549:1426,zscreen_original_graph_v1,zel028_a549,1426,CPD_926969749683,3,37641,37641
zscreen_original_graph_v1:zel028_a549:1426,zscreen_original_graph_v1,zel028_a549,1426,CPD_945963705850,4,38412,38412
zscreen_original_graph_v1:zel028_a549:1427,zscreen_original_graph_v1,zel028_a549,1427,CPD_036753770555,0,1486,1486
zscreen_original_graph_v1:zel028_a549:1427,zscreen_original_graph_v1,zel028_a549,1427,CPD_232891840600,1,9613,9613
zscreen_original_graph_v1:zel028_a549:1427,zscreen_original_graph_v1,zel028_a549,1427,CPD_656890259546,2,26736,26736
zscreen_original_graph_v1:zel028_a549:1432,zscreen_original_graph_v1,zel028_a549,1432,CPD_036935508341,0,1492,1492
zscreen_original_graph_v1:zel028_a549:1432,zscreen_original_graph_v1,zel028_a549,1432,CPD_102331366027,1,4196,4196
zscreen_original_graph_v1:zel028_a549:1432,zscreen_original_graph_v1,zel028_a549,1432,CPD_155613783552,2,6345,6345
zscreen_original_graph_v1:zel028_a549:1432,zscreen_original_graph_v1,zel028_a549,1432,CPD_226731232430,3,9346,9346
zscreen_original_graph_v1:zel028_a549:1432,zscreen_original_graph_v1,zel028_a549,1432,CPD_243089538302,4,10049,10049
zscreen_original_graph_v1:zel028_a549:1432,zscreen_original_graph_v1,zel028_a549,1432,CPD_252611330315,5,10432,10432
zscreen_original_graph_v1:zel028_a549:1432,zscreen_original_graph_v1,zel028_a549,1432,CPD_275533002621,6,11348,11348
zscreen_original_graph_v1:zel028_a549:1432,zscreen_original_graph_v1,zel028_a549,1432,CPD_493753538334,7,20251,20251
zscreen_original_graph_v1:zel028_a549:1432,zscreen_original_graph_v1,zel028_a549,1432,CPD_736834775897,8,29922,29922
zscreen_original_graph_v1:zel028_a549:1432,zscreen_original_graph_v1,zel028_a549,1432,CPD_747775873503,9,30372,30372
zscreen_original_graph_v1:zel028_a549:1432,zscreen_original_graph_v1,zel028_a549,1432,CPD_877196820116,10,35613,35613
zscreen_original_graph_v1:zel028_a549:1432,zscreen_original_graph_v1,zel028_a549,1432,CPD_894796383159,11,36314,36314
zscreen_original_graph_v1:zel028_a549:1432,zscreen_original_graph_v1,zel028_a549,1432,CPD_927218804637,12,37653,37653
zscreen_original_graph_v1:zel028_a549:1435,zscreen_original_graph_v1,zel028_a549,1435,CPD_037045632012,0,1495,1495
zscreen_original_graph_v1:zel028_a549:1435,zscreen_original_graph_v1,zel028_a549,1435,CPD_116859144312,1,4785,4785
zscreen_original_graph_v1:zel028_a549:1435,zscreen_original_graph_v1,zel028_a549,1435,CPD_230807256322,2,9515,9515
zscreen_original_graph_v1:zel028_a549:1435,zscreen_original_graph_v1,zel028_a549,1435,CPD_595014379700,3,24212,24212
zscreen_original_graph_v1:zel028_a549:1435,zscreen_original_graph_v1,zel028_a549,1435,CPD_636485059161,4,25893,25893
zscreen_original_graph_v1:zel028_a549:1435,zscreen_original_graph_v1,zel028_a549,1435,CPD_678946933028,5,27580,27580
zscreen_original_graph_v1:zel028_a549:1435,zscreen_original_graph_v1,zel028_a549,1435,CPD_734748726111,6,29823,29823
zscreen_original_graph_v1:zel028_a549:1435,zscreen_original_graph_v1,zel028_a549,1435,CPD_765358296617,7,31090,31090
zscreen_original_graph_v1:zel028_a549:1435,zscreen_original_graph_v1,zel028_a549,1435,CPD_828036897827,8,33634,33634
zscreen_original_graph_v1:zel028_a549:1435,zscreen_original_graph_v1,zel028_a549,1435,CPD_837702055626,9,34033,34033
zscreen_original_graph_v1:zel028_a549:1435,zscreen_original_graph_v1,zel028_a549,1435,CPD_852605197817,10,34634,34634
zscreen_original_graph_v1:zel028_a549:1435,zscreen_original_graph_v1,zel028_a549,1435,CPD_878735458459,11,35667,35667
zscreen_original_graph_v1:zel028_a549:1492,zscreen_original_graph_v1,zel028_a549,1492,CPD_038740355741,0,1559,1559
zscreen_original_graph_v1:zel028_a549:1492,zscreen_original_graph_v1,zel028_a549,1492,CPD_040914647783,1,1650,1650
zscreen_original_graph_v1:zel028_a549:1492,zscreen_original_graph_v1,zel028_a549,1492,CPD_085925716938,2,3495,3495
zscreen_original_graph_v1:zel028_a549:1492,zscreen_original_graph_v1,zel028_a549,1492,CPD_302737694521,3,12490,12490
zscreen_original_graph_v1:zel028_a549:1492,zscreen_original_graph_v1,zel028_a549,1492,CPD_728585153897,4,29598,29598
zscreen_original_graph_v1:zel028_a549:1492,zscreen_original_graph_v1,zel028_a549,1492,CPD_841108998980,5,34163,34163
zscreen_original_graph_v1:zel028_a549:1536,zscreen_original_graph_v1,zel028_a549,1536,CPD_039889215271,0,1604,1604
zscreen_original_graph_v1:zel028_a549:1536,zscreen_original_graph_v1,zel028_a549,1536,CPD_152105939444,1,6183,6183
zscreen_original_graph_v1:zel028_a549:1536,zscreen_original_graph_v1,zel028_a549,1536,CPD_288876171315,2,11901,11901
zscreen_original_graph_v1:zel028_a549:1550,zscreen_original_graph_v1,zel028_a549,1550,CPD_040342707325,0,1620,1620
zscreen_original_graph_v1:zel028_a549:1550,zscreen_original_graph_v1,zel028_a549,1550,CPD_193774407289,1,7997,7997
zscreen_original_graph_v1:zel028_a549:1550,zscreen_original_graph_v1,zel028_a549,1550,CPD_324887720250,2,13373,13373
zscreen_original_graph_v1:zel028_a549:1550,zscreen_original_graph_v1,zel028_a549,1550,CPD_489493120646,3,20078,20078
zscreen_original_graph_v1:zel028_a549:1550,zscreen_original_graph_v1,zel028_a549,1550,CPD_920233279434,4,37370,37370
zscreen_original_graph_v1:zel028_a549:1560,zscreen_original_graph_v1,zel028_a549,1560,CPD_040566999157,0,1632,1632
zscreen_original_graph_v1:zel028_a549:1560,zscreen_original_graph_v1,zel028_a549,1560,CPD_386127069122,1,15820,15820
zscreen_original_graph_v1:zel028_a549:1560,zscreen_original_graph_v1,zel028_a549,1560,CPD_777975493939,2,31616,31616
zscreen_original_graph_v1:zel028_a549:1601,zscreen_original_graph_v1,zel028_a549,1601,CPD_041371970109,0,1677,1677
zscreen_original_graph_v1:zel028_a549:1601,zscreen_original_graph_v1,zel028_a549,1601,CPD_502166738795,1,20583,20583
zscreen_original_graph_v1:zel028_a549:1601,zscreen_original_graph_v1,zel028_a549,1601,CPD_586871453930,2,23921,23921
zscreen_original_graph_v1:zel028_a549:1648,zscreen_original_graph_v1,zel028_a549,1648,CPD_042925429186,0,1727,1727
zscreen_original_graph_v1:zel028_a549:1648,zscreen_original_graph_v1,zel028_a549,1648,CPD_182510454943,1,7509,7509
zscreen_original_graph_v1:zel028_a549:1648,zscreen_original_graph_v1,zel028_a549,1648,CPD_717796562980,2,29146,29146
zscreen_original_graph_v1:zel028_a549:1648,zscreen_original_graph_v1,zel028_a549,1648,CPD_767166371756,3,31163,31163
zscreen_original_graph_v1:zel028_a549:1648,zscreen_original_graph_v1,zel028_a549,1648,CPD_817863025840,4,33184,33184
zscreen_original_graph_v1:zel028_a549:1649,zscreen_original_graph_v1,zel028_a549,1649,CPD_042950420750,0,1728,1728
zscreen_original_graph_v1:zel028_a549:1649,zscreen_original_graph_v1,zel028_a549,1649,CPD_382516572354,1,15671,15671
zscreen_original_graph_v1:zel028_a549:1649,zscreen_original_graph_v1,zel028_a549,1649,CPD_756966621457,2,30748,30748
zscreen_original_graph_v1:zel028_a549:1649,zscreen_original_graph_v1,zel028_a549,1649,CPD_771101096317,3,31322,31322
zscreen_original_graph_v1:zel028_a549:1658,zscreen_original_graph_v1,zel028_a549,1658,CPD_043081688249,0,1737,1737
zscreen_original_graph_v1:zel028_a549:1658,zscreen_original_graph_v1,zel028_a549,1658,CPD_387938030071,1,15890,15890
zscreen_original_graph_v1:zel028_a549:1658,zscreen_original_graph_v1,zel028_a549,1658,CPD_400004823171,2,16360,16360
zscreen_original_graph_v1:zel028_a549:1658,zscreen_original_graph_v1,zel028_a549,1658,CPD_830194609766,3,33723,33723
zscreen_original_graph_v1:zel028_a549:1712,zscreen_original_graph_v1,zel028_a549,1712,CPD_044454597962,0,1793,1793
zscreen_original_graph_v1:zel028_a549:1712,zscreen_original_graph_v1,zel028_a549,1712,CPD_310358181120,1,12821,12821
zscreen_original_graph_v1:zel028_a549:1712,zscreen_original_graph_v1,zel028_a549,1712,CPD_336584728936,2,13851,13851
zscreen_original_graph_v1:zel028_a549:1712,zscreen_original_graph_v1,zel028_a549,1712,CPD_341379458426,3,14065,14065
zscreen_original_graph_v1:zel028_a549:1712,zscreen_original_graph_v1,zel028_a549,1712,CPD_462995016642,4,18948,18948
zscreen_original_graph_v1:zel028_a549:1712,zscreen_original_graph_v1,zel028_a549,1712,CPD_463461120507,5,18971,18971
zscreen_original_graph_v1:zel028_a549:1712,zscreen_original_graph_v1,zel028_a549,1712,CPD_944392678817,6,38351,38351
zscreen_original_graph_v1:zel028_a549:1712,zscreen_original_graph_v1,zel028_a549,1712,CPD_996010474947,7,40457,40457
zscreen_original_graph_v1:zel028_a549:1719,zscreen_original_graph_v1,zel028_a549,1719,CPD_044766085797,0,1801,1801
zscreen_original_graph_v1:zel028_a549:1719,zscreen_original_graph_v1,zel028_a549,1719,CPD_608607445882,1,24780,24780
zscreen_original_graph_v1:zel028_a549:1719,zscreen_original_graph_v1,zel028_a549,1719,CPD_641738941471,2,26102,26102
zscreen_original_graph_v1:zel028_a549:1719,zscreen_original_graph_v1,zel028_a549,1719,CPD_746403533334,3,30308,30308
zscreen_original_graph_v1:zel028_a549:1719,zscreen_original_graph_v1,zel028_a549,1719,CPD_896042769524,4,36372,36372
zscreen_original_graph_v1:zel028_a549:1824,zscreen_original_graph_v1,zel028_a549,1824,CPD_047501423476,0,1916,1916
zscreen_original_graph_v1:zel028_a549:1824,zscreen_original_graph_v1,zel028_a549,1824,CPD_218571372020,1,8979,8979
zscreen_original_graph_v1:zel028_a549:1824,zscreen_original_graph_v1,zel028_a549,1824,CPD_713389598534,2,28955,28955
zscreen_original_graph_v1:zel028_a549:1866,zscreen_original_graph_v1,zel028_a549,1866,CPD_048475686537,0,1959,1959
zscreen_original_graph_v1:zel028_a549:1866,zscreen_original_graph_v1,zel028_a549,1866,CPD_296319612250,1,12213,12213
zscreen_original_graph_v1:zel028_a549:1866,zscreen_original_graph_v1,zel028_a549,1866,CPD_749473642994,2,30443,30443
zscreen_original_graph_v1:zel028_a549:1871,zscreen_original_graph_v1,zel028_a549,1871,CPD_048606591117,0,1964,1964
zscreen_original_graph_v1:zel028_a549:1871,zscreen_original_graph_v1,zel028_a549,1871,CPD_108014168142,1,4411,4411
zscreen_original_graph_v1:zel028_a549:1871,zscreen_original_graph_v1,zel028_a549,1871,CPD_494117247063,2,20266,20266
zscreen_original_graph_v1:zel028_a549:1906,zscreen_original_graph_v1,zel028_a549,1906,CPD_049465890387,0,2001,2001
zscreen_original_graph_v1:zel028_a549:1906,zscreen_original_graph_v1,zel028_a549,1906,CPD_310894077571,1,12849,12849
zscreen_original_graph_v1:zel028_a549:1906,zscreen_original_graph_v1,zel028_a549,1906,CPD_500600626911,2,20518,20518
zscreen_original_graph_v1:zel028_a549:1930,zscreen_original_graph_v1,zel028_a549,1930,CPD_049996129336,0,2025,2025
zscreen_original_graph_v1:zel028_a549:1930,zscreen_original_graph_v1,zel028_a549,1930,CPD_426285650681,1,17493,17493
zscreen_original_graph_v1:zel028_a549:1930,zscreen_original_graph_v1,zel028_a549,1930,CPD_664506983916,2,27026,27026
zscreen_original_graph_v1:zel028_a549:1930,zscreen_original_graph_v1,zel028_a549,1930,CPD_865593911570,3,35148,35148
zscreen_original_graph_v1:zel028_a549:1953,zscreen_original_graph_v1,zel028_a549,1953,CPD_050610540992,0,2049,2049
zscreen_original_graph_v1:zel028_a549:1953,zscreen_original_graph_v1,zel028_a549,1953,CPD_142034356059,1,5750,5750
zscreen_original_graph_v1:zel028_a549:1953,zscreen_original_graph_v1,zel028_a549,1953,CPD_599935377127,2,24401,24401
zscreen_original_graph_v1:zel028_a549:1960,zscreen_original_graph_v1,zel028_a549,1960,CPD_050744639023,0,2056,2056
zscreen_original_graph_v1:zel028_a549:1960,zscreen_original_graph_v1,zel028_a549,1960,CPD_110559632893,1,4524,4524
zscreen_original_graph_v1:zel028_a549:1960,zscreen_original_graph_v1,zel028_a549,1960,CPD_187694113299,2,7746,7746
zscreen_original_graph_v1:zel028_a549:1960,zscreen_original_graph_v1,zel028_a549,1960,CPD_215584270046,3,8869,8869
zscreen_original_graph_v1:zel028_a549:1960,zscreen_original_graph_v1,zel028_a549,1960,CPD_424643843208,4,17425,17425
zscreen_original_graph_v1:zel028_a549:1960,zscreen_original_graph_v1,zel028_a549,1960,CPD_683560953280,5,27779,27779
zscreen_original_graph_v1:zel028_a549:1960,zscreen_original_graph_v1,zel028_a549,1960,CPD_859068652347,6,34890,34890
zscreen_original_graph_v1:zel028_a549:1982,zscreen_original_graph_v1,zel028_a549,1982,CPD_051308968038,0,2079,2079
zscreen_original_graph_v1:zel028_a549:1982,zscreen_original_graph_v1,zel028_a549,1982,CPD_140970734733,1,5715,5715
zscreen_original_graph_v1:zel028_a549:1982,zscreen_original_graph_v1,zel028_a549,1982,CPD_807465799593,2,32752,32752
zscreen_original_graph_v1:zel028_a549:2021,zscreen_original_graph_v1,zel028_a549,2021,CPD_052094447510,0,2120,2120
zscreen_original_graph_v1:zel028_a549:2021,zscreen_original_graph_v1,zel028_a549,2021,CPD_223964435465,1,9226,9226
zscreen_original_graph_v1:zel028_a549:2021,zscreen_original_graph_v1,zel028_a549,2021,CPD_601536352545,2,24459,24459
zscreen_original_graph_v1:zel028_a549:2022,zscreen_original_graph_v1,zel028_a549,2022,CPD_052137921393,0,2121,2121
zscreen_original_graph_v1:zel028_a549:2022,zscreen_original_graph_v1,zel028_a549,2022,CPD_474822389385,1,19450,19450
zscreen_original_graph_v1:zel028_a549:2022,zscreen_original_graph_v1,zel028_a549,2022,CPD_580013510583,2,23624,23624
zscreen_original_graph_v1:zel028_a549:2022,zscreen_original_graph_v1,zel028_a549,2022,CPD_592161307066,3,24103,24103
zscreen_original_graph_v1:zel028_a549:2022,zscreen_original_graph_v1,zel028_a549,2022,CPD_859534750002,4,34915,34915
zscreen_original_graph_v1:zel028_a549:2101,zscreen_original_graph_v1,zel028_a549,2101,CPD_054367569382,0,2203,2203
zscreen_original_graph_v1:zel028_a549:2101,zscreen_original_graph_v1,zel028_a549,2101,CPD_111994663574,1,4574,4574
zscreen_original_graph_v1:zel028_a549:2101,zscreen_original_graph_v1,zel028_a549,2101,CPD_187654148622,2,7740,7740
zscreen_original_graph_v1:zel028_a549:2189,zscreen_original_graph_v1,zel028_a549,2189,CPD_056643431557,0,2292,2292
zscreen_original_graph_v1:zel028_a549:2189,zscreen_original_graph_v1,zel028_a549,2189,CPD_166229559188,1,6796,6796
zscreen_original_graph_v1:zel028_a549:2189,zscreen_original_graph_v1,zel028_a549,2189,CPD_582996154573,2,23741,23741
zscreen_original_graph_v1:zel028_a549:2189,zscreen_original_graph_v1,zel028_a549,2189,CPD_609487845339,3,24814,24814
zscreen_original_graph_v1:zel028_a549:2220,zscreen_original_graph_v1,zel028_a549,2220,CPD_057839219895,0,2323,2323
zscreen_original_graph_v1:zel028_a549:2220,zscreen_original_graph_v1,zel028_a549,2220,CPD_477315564207,1,19555,19555
zscreen_original_graph_v1:zel028_a549:2220,zscreen_original_graph_v1,zel028_a549,2220,CPD_873891473971,2,35478,35478
zscreen_original_graph_v1:zel028_a549:2227,zscreen_original_graph_v1,zel028_a549,2227,CPD_058034959010,0,2330,2330
zscreen_original_graph_v1:zel028_a549:2227,zscreen_original_graph_v1,zel028_a549,2227,CPD_097322435841,1,3998,3998
zscreen_original_graph_v1:zel028_a549:2227,zscreen_original_graph_v1,zel028_a549,2227,CPD_594504309174,2,24188,24188
zscreen_original_graph_v1:zel028_a549:2227,zscreen_original_graph_v1,zel028_a549,2227,CPD_605143655041,3,24626,24626
zscreen_original_graph_v1:zel028_a549:2227,zscreen_original_graph_v1,zel028_a549,2227,CPD_663853989844,4,27000,27000
zscreen_original_graph_v1:zel028_a549:2227,zscreen_original_graph_v1,zel028_a549,2227,CPD_996241756638,5,40466,40466
zscreen_original_graph_v1:zel028_a549:2245,zscreen_original_graph_v1,zel028_a549,2245,CPD_058407623859,0,2349,2349
zscreen_original_graph_v1:zel028_a549:2245,zscreen_original_graph_v1,zel028_a549,2245,CPD_154552931997,1,6298,6298
zscreen_original_graph_v1:zel028_a549:2245,zscreen_original_graph_v1,zel028_a549,2245,CPD_235964453563,2,9738,9738
zscreen_original_graph_v1:zel028_a549:2245,zscreen_original_graph_v1,zel028_a549,2245,CPD_329084791141,3,13549,13549
zscreen_original_graph_v1:zel028_a549:2245,zscreen_original_graph_v1,zel028_a549,2245,CPD_600469703042,4,24417,24417
zscreen_original_graph_v1:zel028_a549:2245,zscreen_original_graph_v1,zel028_a549,2245,CPD_754895790398,5,30662,30662
zscreen_original_graph_v1:zel028_a549:2245,zscreen_original_graph_v1,zel028_a549,2245,CPD_838060384000,6,34048,34048
zscreen_original_graph_v1:zel028_a549:2245,zscreen_original_graph_v1,zel028_a549,2245,CPD_951981324373,7,38666,38666
zscreen_original_graph_v1:zel028_a549:2290,zscreen_original_graph_v1,zel028_a549,2290,CPD_059910311109,0,2398,2398
zscreen_original_graph_v1:zel028_a549:2290,zscreen_original_graph_v1,zel028_a549,2290,CPD_136727641411,1,5557,5557
zscreen_original_graph_v1:zel028_a549:2290,zscreen_original_graph_v1,zel028_a549,2290,CPD_239145658903,2,9897,9897
zscreen_original_graph_v1:zel028_a549:2290,zscreen_original_graph_v1,zel028_a549,2290,CPD_275456158120,3,11345,11345
zscreen_original_graph_v1:zel028_a549:2290,zscreen_original_graph_v1,zel028_a549,2290,CPD_449442423260,4,18383,18383
zscreen_original_graph_v1:zel028_a549:2293,zscreen_original_graph_v1,zel028_a549,2293,CPD_059973977241,0,2401,2401
zscreen_original_graph_v1:zel028_a549:2293,zscreen_original_graph_v1,zel028_a549,2293,CPD_614096627160,1,24991,24991
zscreen_original_graph_v1:zel028_a549:2293,zscreen_original_graph_v1,zel028_a549,2293,CPD_760915491145,2,30911,30911
zscreen_original_graph_v1:zel028_a549:2293,zscreen_original_graph_v1,zel028_a549,2293,CPD_969072835662,3,39371,39371
zscreen_original_graph_v1:zel028_a549:2300,zscreen_original_graph_v1,zel028_a549,2300,CPD_060207347972,0,2408,2408
zscreen_original_graph_v1:zel028_a549:2300,zscreen_original_graph_v1,zel028_a549,2300,CPD_135354033393,1,5488,5488
zscreen_original_graph_v1:zel028_a549:2300,zscreen_original_graph_v1,zel028_a549,2300,CPD_391062149762,2,16009,16009
zscreen_original_graph_v1:zel028_a549:2300,zscreen_original_graph_v1,zel028_a549,2300,CPD_541197561250,3,22127,22127
zscreen_original_graph_v1:zel028_a549:2300,zscreen_original_graph_v1,zel028_a549,2300,CPD_868912249531,4,35287,35287
zscreen_original_graph_v1:zel028_a549:2305,zscreen_original_graph_v1,zel028_a549,2305,CPD_060378891773,0,2414,2414
zscreen_original_graph_v1:zel028_a549:2305,zscreen_original_graph_v1,zel028_a549,2305,CPD_297010255200,1,12242,12242
zscreen_original_graph_v1:zel028_a549:2305,zscreen_original_graph_v1,zel028_a549,2305,CPD_499127071973,2,20451,20451
zscreen_original_graph_v1:zel028_a549:2305,zscreen_original_graph_v1,zel028_a549,2305,CPD_559515162662,3,22817,22817
zscreen_original_graph_v1:zel028_a549:2305,zscreen_original_graph_v1,zel028_a549,2305,CPD_676841319901,4,27514,27514
zscreen_original_graph_v1:zel028_a549:2305,zscreen_original_graph_v1,zel028_a549,2305,CPD_761391222653,5,30927,30927
zscreen_original_graph_v1:zel028_a549:2305,zscreen_original_graph_v1,zel028_a549,2305,CPD_782247567633,6,31788,31788
zscreen_original_graph_v1:zel028_a549:2305,zscreen_original_graph_v1,zel028_a549,2305,CPD_878974575670,7,35672,35672
zscreen_original_graph_v1:zel028_a549:2305,zscreen_original_graph_v1,zel028_a549,2305,CPD_979355183364,8,39764,39764
zscreen_original_graph_v1:zel028_a549:2423,zscreen_original_graph_v1,zel028_a549,2423,CPD_063413802482,0,2537,2537
zscreen_original_graph_v1:zel028_a549:2423,zscreen_original_graph_v1,zel028_a549,2423,CPD_077007355510,1,3112,3112
zscreen_original_graph_v1:zel028_a549:2423,zscreen_original_graph_v1,zel028_a549,2423,CPD_089839520482,2,3682,3682
zscreen_original_graph_v1:zel028_a549:2423,zscreen_original_graph_v1,zel028_a549,2423,CPD_198217008656,3,8180,8180
zscreen_original_graph_v1:zel028_a549:2423,zscreen_original_graph_v1,zel028_a549,2423,CPD_274487927830,4,11309,11309
zscreen_original_graph_v1:zel028_a549:2423,zscreen_original_graph_v1,zel028_a549,2423,CPD_411593821734,5,16851,16851
zscreen_original_graph_v1:zel028_a549:2423,zscreen_original_graph_v1,zel028_a549,2423,CPD_469446536894,6,19196,19196
zscreen_original_graph_v1:zel028_a549:2423,zscreen_original_graph_v1,zel028_a549,2423,CPD_469498640619,7,19199,19199
zscreen_original_graph_v1:zel028_a549:2423,zscreen_original_graph_v1,zel028_a549,2423,CPD_558612445308,8,22773,22773
zscreen_original_graph_v1:zel028_a549:2423,zscreen_original_graph_v1,zel028_a549,2423,CPD_722194806344,9,29344,29344
zscreen_original_graph_v1:zel028_a549:2423,zscreen_original_graph_v1,zel028_a549,2423,CPD_852421706161,10,34626,34626
zscreen_original_graph_v1:zel028_a549:2423,zscreen_original_graph_v1,zel028_a549,2423,CPD_865176126400,11,35133,35133
zscreen_original_graph_v1:zel028_a549:2423,zscreen_original_graph_v1,zel028_a549,2423,CPD_900038838751,12,36529,36529
zscreen_original_graph_v1:zel028_a549:2423,zscreen_original_graph_v1,zel028_a549,2423,CPD_916674884295,13,37210,37210
zscreen_original_graph_v1:zel028_a549:2423,zscreen_original_graph_v1,zel028_a549,2423,CPD_962916122071,14,39109,39109
zscreen_original_graph_v1:zel028_a549:2423,zscreen_original_graph_v1,zel028_a549,2423,CPD_997564721521,15,40516,40516
zscreen_original_graph_v1:zel028_a549:2425,zscreen_original_graph_v1,zel028_a549,2425,CPD_063478344703,0,2539,2539
zscreen_original_graph_v1:zel028_a549:2425,zscreen_original_graph_v1,zel028_a549,2425,CPD_351352010488,1,14475,14475
zscreen_original_graph_v1:zel028_a549:2425,zscreen_original_graph_v1,zel028_a549,2425,CPD_767051007173,2,31157,31157
zscreen_original_graph_v1:zel028_a549:2425,zscreen_original_graph_v1,zel028_a549,2425,CPD_950343658307,3,38594,38594
zscreen_original_graph_v1:zel028_a549:2425,zscreen_original_graph_v1,zel028_a549,2425,CPD_981571388205,4,39868,39868
zscreen_original_graph_v1:zel028_a549:2451,zscreen_original_graph_v1,zel028_a549,2451,CPD_064073705164,0,2567,2567
zscreen_original_graph_v1:zel028_a549:2451,zscreen_original_graph_v1,zel028_a549,2451,CPD_842947751259,1,34255,34255
zscreen_original_graph_v1:zel028_a549:2451,zscreen_original_graph_v1,zel028_a549,2451,CPD_971357825485,2,39455,39455
zscreen_original_graph_v1:zel028_a549:2480,zscreen_original_graph_v1,zel028_a549,2480,CPD_064647764946,0,2598,2598
zscreen_original_graph_v1:zel028_a549:2480,zscreen_original_graph_v1,zel028_a549,2480,CPD_750290667795,1,30485,30485
zscreen_original_graph_v1:zel028_a549:2480,zscreen_original_graph_v1,zel028_a549,2480,CPD_866352802912,2,35182,35182
zscreen_original_graph_v1:zel028_a549:2484,zscreen_original_graph_v1,zel028_a549,2484,CPD_064757267271,0,2602,2602
zscreen_original_graph_v1:zel028_a549:2484,zscreen_original_graph_v1,zel028_a549,2484,CPD_236129790395,1,9746,9746
zscreen_original_graph_v1:zel028_a549:2484,zscreen_original_graph_v1,zel028_a549,2484,CPD_855851075532,2,34765,34765
zscreen_original_graph_v1:zel028_a549:2488,zscreen_original_graph_v1,zel028_a549,2488,CPD_064836567277,0,2606,2606
zscreen_original_graph_v1:zel028_a549:2488,zscreen_original_graph_v1,zel028_a549,2488,CPD_178659924540,1,7366,7366
zscreen_original_graph_v1:zel028_a549:2488,zscreen_original_graph_v1,zel028_a549,2488,CPD_637470880048,2,25936,25936
zscreen_original_graph_v1:zel028_a549:2488,zscreen_original_graph_v1,zel028_a549,2488,CPD_945013513687,3,38377,38377
zscreen_original_graph_v1:zel028_a549:2527,zscreen_original_graph_v1,zel028_a549,2527,CPD_065577469548,0,2647,2647
zscreen_original_graph_v1:zel028_a549:2527,zscreen_original_graph_v1,zel028_a549,2527,CPD_489707757900,1,20091,20091
zscreen_original_graph_v1:zel028_a549:2527,zscreen_original_graph_v1,zel028_a549,2527,CPD_576422827434,2,23490,23490
zscreen_original_graph_v1:zel028_a549:2562,zscreen_original_graph_v1,zel028_a549,2562,CPD_066536032404,0,2683,2683
zscreen_original_graph_v1:zel028_a549:2562,zscreen_original_graph_v1,zel028_a549,2562,CPD_095817386273,1,3933,3933
zscreen_original_graph_v1:zel028_a549:2562,zscreen_original_graph_v1,zel028_a549,2562,CPD_422111939735,2,17315,17315
zscreen_original_graph_v1:zel028_a549:2583,zscreen_original_graph_v1,zel028_a549,2583,CPD_066886786368,0,2704,2704
zscreen_original_graph_v1:zel028_a549:2583,zscreen_original_graph_v1,zel028_a549,2583,CPD_251682199315,1,10394,10394
zscreen_original_graph_v1:zel028_a549:2583,zscreen_original_graph_v1,zel028_a549,2583,CPD_304002545765,2,12553,12553
zscreen_original_graph_v1:zel028_a549:2583,zscreen_original_graph_v1,zel028_a549,2583,CPD_379082398828,3,15550,15550
zscreen_original_graph_v1:zel028_a549:2583,zscreen_original_graph_v1,zel028_a549,2583,CPD_429478701323,4,17607,17607
zscreen_original_graph_v1:zel028_a549:2583,zscreen_original_graph_v1,zel028_a549,2583,CPD_623030323585,5,25379,25379
zscreen_original_graph_v1:zel028_a549:2583,zscreen_original_graph_v1,zel028_a549,2583,CPD_728972630382,6,29609,29609
zscreen_original_graph_v1:zel028_a549:2583,zscreen_original_graph_v1,zel028_a549,2583,CPD_823044866590,7,33414,33414
zscreen_original_graph_v1:zel028_a549:2583,zscreen_original_graph_v1,zel028_a549,2583,CPD_932717901994,8,37863,37863
zscreen_original_graph_v1:zel028_a549:2650,zscreen_original_graph_v1,zel028_a549,2650,CPD_068722510376,0,2776,2776
zscreen_original_graph_v1:zel028_a549:2650,zscreen_original_graph_v1,zel028_a549,2650,CPD_232470375661,1,9593,9593
zscreen_original_graph_v1:zel028_a549:2650,zscreen_original_graph_v1,zel028_a549,2650,CPD_812748860481,2,32971,32971
zscreen_original_graph_v1:zel028_a549:2650,zscreen_original_graph_v1,zel028_a549,2650,CPD_928625331454,3,37704,37704
zscreen_original_graph_v1:zel028_a549:2650,zscreen_original_graph_v1,zel028_a549,2650,CPD_984491579534,4,39996,39996
zscreen_original_graph_v1:zel028_a549:2724,zscreen_original_graph_v1,zel028_a549,2724,CPD_070652061651,0,2850,2850
zscreen_original_graph_v1:zel028_a549:2724,zscreen_original_graph_v1,zel028_a549,2724,CPD_411543401582,1,16849,16849
zscreen_original_graph_v1:zel028_a549:2724,zscreen_original_graph_v1,zel028_a549,2724,CPD_686996275891,2,27906,27906
zscreen_original_graph_v1:zel028_a549:2850,zscreen_original_graph_v1,zel028_a549,2850,CPD_073904172982,0,2982,2982
zscreen_original_graph_v1:zel028_a549:2850,zscreen_original_graph_v1,zel028_a549,2850,CPD_582130735232,1,23715,23715
zscreen_original_graph_v1:zel028_a549:2850,zscreen_original_graph_v1,zel028_a549,2850,CPD_714596621713,2,29008,29008
zscreen_original_graph_v1:zel028_a549:2850,zscreen_original_graph_v1,zel028_a549,2850,CPD_939115749621,3,38121,38121
zscreen_original_graph_v1:zel028_a549:2919,zscreen_original_graph_v1,zel028_a549,2919,CPD_075487157893,0,3059,3059
zscreen_original_graph_v1:zel028_a549:2919,zscreen_original_graph_v1,zel028_a549,2919,CPD_375175140166,1,15382,15382
zscreen_original_graph_v1:zel028_a549:2919,zscreen_original_graph_v1,zel028_a549,2919,CPD_539572304924,2,22079,22079
zscreen_original_graph_v1:zel028_a549:2954,zscreen_original_graph_v1,zel028_a549,2954,CPD_076381740663,0,3095,3095
zscreen_original_graph_v1:zel028_a549:2954,zscreen_original_graph_v1,zel028_a549,2954,CPD_852973803006,1,34646,34646
zscreen_original_graph_v1:zel028_a549:2954,zscreen_original_graph_v1,zel028_a549,2954,CPD_978602655852,2,39730,39730
zscreen_original_graph_v1:zel028_a549:2982,zscreen_original_graph_v1,zel028_a549,2982,CPD_077205581362,0,3125,3125
zscreen_original_graph_v1:zel028_a549:2982,zscreen_original_graph_v1,zel028_a549,2982,CPD_157765480950,1,6435,6435
zscreen_original_graph_v1:zel028_a549:2982,zscreen_original_graph_v1,zel028_a549,2982,CPD_183574607334,2,7557,7557
zscreen_original_graph_v1:zel028_a549:2982,zscreen_original_graph_v1,zel028_a549,2982,CPD_207162449476,3,8550,8550
zscreen_original_graph_v1:zel028_a549:2982,zscreen_original_graph_v1,zel028_a549,2982,CPD_222650380209,4,9155,9155
zscreen_original_graph_v1:zel028_a549:2982,zscreen_original_graph_v1,zel028_a549,2982,CPD_379025847706,5,15548,15548
zscreen_original_graph_v1:zel028_a549:2982,zscreen_original_graph_v1,zel028_a549,2982,CPD_415168925185,6,17005,17005
zscreen_original_graph_v1:zel028_a549:2982,zscreen_original_graph_v1,zel028_a549,2982,CPD_454797125996,7,18593,18593
zscreen_original_graph_v1:zel028_a549:2982,zscreen_original_graph_v1,zel028_a549,2982,CPD_510071874918,8,20934,20934
zscreen_original_graph_v1:zel028_a549:2982,zscreen_original_graph_v1,zel028_a549,2982,CPD_538550482963,9,22042,22042
zscreen_original_graph_v1:zel028_a549:2982,zscreen_original_graph_v1,zel028_a549,2982,CPD_646249859485,10,26282,26282
zscreen_original_graph_v1:zel028_a549:2982,zscreen_original_graph_v1,zel028_a549,2982,CPD_677824164486,11,27542,27542
zscreen_original_graph_v1:zel028_a549:2982,zscreen_original_graph_v1,zel028_a549,2982,CPD_854898893566,12,34718,34718
zscreen_original_graph_v1:zel028_a549:2982,zscreen_original_graph_v1,zel028_a549,2982,CPD_944197232324,13,38344,38344
zscreen_original_graph_v1:zel028_a549:2982,zscreen_original_graph_v1,zel028_a549,2982,CPD_980988275774,14,39843,39843
zscreen_original_graph_v1:zel028_a549:3032,zscreen_original_graph_v1,zel028_a549,3032,CPD_078293593842,0,3181,3181
zscreen_original_graph_v1:zel028_a549:3032,zscreen_original_graph_v1,zel028_a549,3032,CPD_286015743425,1,11782,11782
zscreen_original_graph_v1:zel028_a549:3032,zscreen_original_graph_v1,zel028_a549,3032,CPD_301523466822,2,12442,12442
zscreen_original_graph_v1:zel028_a549:3032,zscreen_original_graph_v1,zel028_a549,3032,CPD_460832331108,3,18867,18867
zscreen_original_graph_v1:zel028_a549:3032,zscreen_original_graph_v1,zel028_a549,3032,CPD_952627862217,4,38687,38687
zscreen_original_graph_v1:zel028_a549:3038,zscreen_original_graph_v1,zel028_a549,3038,CPD_078405261551,0,3187,3187
zscreen_original_graph_v1:zel028_a549:3038,zscreen_original_graph_v1,zel028_a549,3038,CPD_187424276051,1,7732,7732
zscreen_original_graph_v1:zel028_a549:3038,zscreen_original_graph_v1,zel028_a549,3038,CPD_236717703726,2,9777,9777
zscreen_original_graph_v1:zel028_a549:3038,zscreen_original_graph_v1,zel028_a549,3038,CPD_529786429066,3,21734,21734
zscreen_original_graph_v1:zel028_a549:3043,zscreen_original_graph_v1,zel028_a549,3043,CPD_078628156535,0,3193,3193
zscreen_original_graph_v1:zel028_a549:3043,zscreen_original_graph_v1,zel028_a549,3043,CPD_240405260726,1,9951,9951
zscreen_original_graph_v1:zel028_a549:3043,zscreen_original_graph_v1,zel028_a549,3043,CPD_389932005358,2,15956,15956
zscreen_original_graph_v1:zel028_a549:3043,zscreen_original_graph_v1,zel028_a549,3043,CPD_457270580107,3,18697,18697
zscreen_original_graph_v1:zel028_a549:3043,zscreen_original_graph_v1,zel028_a549,3043,CPD_940380506704,4,38175,38175
zscreen_original_graph_v1:zel028_a549:3097,zscreen_original_graph_v1,zel028_a549,3097,CPD_079902903625,0,3250,3250
zscreen_original_graph_v1:zel028_a549:3097,zscreen_original_graph_v1,zel028_a549,3097,CPD_386610764069,1,15840,15840
zscreen_original_graph_v1:zel028_a549:3097,zscreen_original_graph_v1,zel028_a549,3097,CPD_906843636701,2,36794,36794
zscreen_original_graph_v1:zel028_a549:3135,zscreen_original_graph_v1,zel028_a549,3135,CPD_080986934608,0,3291,3291
zscreen_original_graph_v1:zel028_a549:3135,zscreen_original_graph_v1,zel028_a549,3135,CPD_415910045890,1,17036,17036
zscreen_original_graph_v1:zel028_a549:3135,zscreen_original_graph_v1,zel028_a549,3135,CPD_719471808855,2,29216,29216
zscreen_original_graph_v1:zel028_a549:3140,zscreen_original_graph_v1,zel028_a549,3140,CPD_081245667856,0,3297,3297
zscreen_original_graph_v1:zel028_a549:3140,zscreen_original_graph_v1,zel028_a549,3140,CPD_298081471200,1,12293,12293
zscreen_original_graph_v1:zel028_a549:3140,zscreen_original_graph_v1,zel028_a549,3140,CPD_321045737501,2,13224,13224
zscreen_original_graph_v1:zel028_a549:3140,zscreen_original_graph_v1,zel028_a549,3140,CPD_524932262526,3,21528,21528
zscreen_original_graph_v1:zel028_a549:3140,zscreen_original_graph_v1,zel028_a549,3140,CPD_624823173461,4,25462,25462
zscreen_original_graph_v1:zel028_a549:3140,zscreen_original_graph_v1,zel028_a549,3140,CPD_717950782697,5,29153,29153
zscreen_original_graph_v1:zel028_a549:3140,zscreen_original_graph_v1,zel028_a549,3140,CPD_746677531361,6,30320,30320
zscreen_original_graph_v1:zel028_a549:3140,zscreen_original_graph_v1,zel028_a549,3140,CPD_867626485828,7,35244,35244
zscreen_original_graph_v1:zel028_a549:3140,zscreen_original_graph_v1,zel028_a549,3140,CPD_979331270076,8,39762,39762
zscreen_original_graph_v1:zel028_a549:3263,zscreen_original_graph_v1,zel028_a549,3263,CPD_084407348373,0,3428,3428
zscreen_original_graph_v1:zel028_a549:3263,zscreen_original_graph_v1,zel028_a549,3263,CPD_156856687543,1,6400,6400
zscreen_original_graph_v1:zel028_a549:3263,zscreen_original_graph_v1,zel028_a549,3263,CPD_663114195518,2,26970,26970
zscreen_original_graph_v1:zel028_a549:3294,zscreen_original_graph_v1,zel028_a549,3294,CPD_085046852824,0,3459,3459
zscreen_original_graph_v1:zel028_a549:3294,zscreen_original_graph_v1,zel028_a549,3294,CPD_205528641980,1,8476,8476
zscreen_original_graph_v1:zel028_a549:3294,zscreen_original_graph_v1,zel028_a549,3294,CPD_242241793581,2,10018,10018
zscreen_original_graph_v1:zel028_a549:3294,zscreen_original_graph_v1,zel028_a549,3294,CPD_394694121451,3,16155,16155
zscreen_original_graph_v1:zel028_a549:3294,zscreen_original_graph_v1,zel028_a549,3294,CPD_399084991321,4,16325,16325
zscreen_original_graph_v1:zel028_a549:3294,zscreen_original_graph_v1,zel028_a549,3294,CPD_558920049302,5,22788,22788
zscreen_original_graph_v1:zel028_a549:3294,zscreen_original_graph_v1,zel028_a549,3294,CPD_718796200724,6,29186,29186
zscreen_original_graph_v1:zel028_a549:3294,zscreen_original_graph_v1,zel028_a549,3294,CPD_740295932416,7,30057,30057
zscreen_original_graph_v1:zel028_a549:3294,zscreen_original_graph_v1,zel028_a549,3294,CPD_801754327661,8,32527,32527
zscreen_original_graph_v1:zel028_a549:3294,zscreen_original_graph_v1,zel028_a549,3294,CPD_904987589273,9,36727,36727
zscreen_original_graph_v1:zel028_a549:3294,zscreen_original_graph_v1,zel028_a549,3294,CPD_927133353000,10,37648,37648
zscreen_original_graph_v1:zel028_a549:3299,zscreen_original_graph_v1,zel028_a549,3299,CPD_085137514022,0,3464,3464
zscreen_original_graph_v1:zel028_a549:3299,zscreen_original_graph_v1,zel028_a549,3299,CPD_307636066819,1,12694,12694
zscreen_original_graph_v1:zel028_a549:3299,zscreen_original_graph_v1,zel028_a549,3299,CPD_733057091597,2,29767,29767
zscreen_original_graph_v1:zel028_a549:3426,zscreen_original_graph_v1,zel028_a549,3426,CPD_088163709152,0,3595,3595
zscreen_original_graph_v1:zel028_a549:3426,zscreen_original_graph_v1,zel028_a549,3426,CPD_449880876805,1,18410,18410
zscreen_original_graph_v1:zel028_a549:3426,zscreen_original_graph_v1,zel028_a549,3426,CPD_675693268125,2,27479,27479
zscreen_original_graph_v1:zel028_a549:3437,zscreen_original_graph_v1,zel028_a549,3437,CPD_088458837678,0,3607,3607
zscreen_original_graph_v1:zel028_a549:3437,zscreen_original_graph_v1,zel028_a549,3437,CPD_652848653473,1,26565,26565
zscreen_original_graph_v1:zel028_a549:3437,zscreen_original_graph_v1,zel028_a549,3437,CPD_945999063152,2,38414,38414
zscreen_original_graph_v1:zel028_a549:3474,zscreen_original_graph_v1,zel028_a549,3474,CPD_089161832766,0,3647,3647
zscreen_original_graph_v1:zel028_a549:3474,zscreen_original_graph_v1,zel028_a549,3474,CPD_199313146578,1,8226,8226
zscreen_original_graph_v1:zel028_a549:3474,zscreen_original_graph_v1,zel028_a549,3474,CPD_595669682038,2,24236,24236
zscreen_original_graph_v1:zel028_a549:3507,zscreen_original_graph_v1,zel028_a549,3507,CPD_089831022424,0,3681,3681
zscreen_original_graph_v1:zel028_a549:3507,zscreen_original_graph_v1,zel028_a549,3507,CPD_490627002261,1,20125,20125
zscreen_original_graph_v1:zel028_a549:3507,zscreen_original_graph_v1,zel028_a549,3507,CPD_660433663144,2,26870,26870
zscreen_original_graph_v1:zel028_a549:3507,zscreen_original_graph_v1,zel028_a549,3507,CPD_972711708954,3,39501,39501
zscreen_original_graph_v1:zel028_a549:3510,zscreen_original_graph_v1,zel028_a549,3510,CPD_089991996176,0,3685,3685
zscreen_original_graph_v1:zel028_a549:3510,zscreen_original_graph_v1,zel028_a549,3510,CPD_885523828499,1,35948,35948
zscreen_original_graph_v1:zel028_a549:3510,zscreen_original_graph_v1,zel028_a549,3510,CPD_923598070867,2,37500,37500
zscreen_original_graph_v1:zel028_a549:3547,zscreen_original_graph_v1,zel028_a549,3547,CPD_090753823881,0,3723,3723
zscreen_original_graph_v1:zel028_a549:3547,zscreen_original_graph_v1,zel028_a549,3547,CPD_291243198784,1,11991,11991
zscreen_original_graph_v1:zel028_a549:3547,zscreen_original_graph_v1,zel028_a549,3547,CPD_471566959726,2,19301,19301
zscreen_original_graph_v1:zel028_a549:3547,zscreen_original_graph_v1,zel028_a549,3547,CPD_814082189975,3,33035,33035
zscreen_original_graph_v1:zel028_a549:3570,zscreen_original_graph_v1,zel028_a549,3570,CPD_091314072482,0,3746,3746
zscreen_original_graph_v1:zel028_a549:3570,zscreen_original_graph_v1,zel028_a549,3570,CPD_608512985695,1,24773,24773
zscreen_original_graph_v1:zel028_a549:3570,zscreen_original_graph_v1,zel028_a549,3570,CPD_894252213758,2,36286,36286
zscreen_original_graph_v1:zel028_a549:3584,zscreen_original_graph_v1,zel028_a549,3584,CPD_091578362810,0,3763,3763
zscreen_original_graph_v1:zel028_a549:3584,zscreen_original_graph_v1,zel028_a549,3584,CPD_303435757880,1,12523,12523
zscreen_original_graph_v1:zel028_a549:3584,zscreen_original_graph_v1,zel028_a549,3584,CPD_337320357477,2,13880,13880
zscreen_original_graph_v1:zel028_a549:3593,zscreen_original_graph_v1,zel028_a549,3593,CPD_091778017372,0,3772,3772
zscreen_original_graph_v1:zel028_a549:3593,zscreen_original_graph_v1,zel028_a549,3593,CPD_264674331926,1,10905,10905
zscreen_original_graph_v1:zel028_a549:3593,zscreen_original_graph_v1,zel028_a549,3593,CPD_423665851140,2,17379,17379
zscreen_original_graph_v1:zel028_a549:3593,zscreen_original_graph_v1,zel028_a549,3593,CPD_817821970113,3,33182,33182
zscreen_original_graph_v1:zel028_a549:3624,zscreen_original_graph_v1,zel028_a549,3624,CPD_092514652053,0,3804,3804
zscreen_original_graph_v1:zel028_a549:3624,zscreen_original_graph_v1,zel028_a549,3624,CPD_100986032960,1,4150,4150
zscreen_original_graph_v1:zel028_a549:3624,zscreen_original_graph_v1,zel028_a549,3624,CPD_981741753247,2,39876,39876
zscreen_original_graph_v1:zel028_a549:3715,zscreen_original_graph_v1,zel028_a549,3715,CPD_095066524429,0,3899,3899
zscreen_original_graph_v1:zel028_a549:3715,zscreen_original_graph_v1,zel028_a549,3715,CPD_411659946066,1,16857,16857
zscreen_original_graph_v1:zel028_a549:3715,zscreen_original_graph_v1,zel028_a549,3715,CPD_844842319612,2,34338,34338
zscreen_original_graph_v1:zel028_a549:3726,zscreen_original_graph_v1,zel028_a549,3726,CPD_095250327636,0,3910,3910
zscreen_original_graph_v1:zel028_a549:3726,zscreen_original_graph_v1,zel028_a549,3726,CPD_137679606418,1,5590,5590
zscreen_original_graph_v1:zel028_a549:3726,zscreen_original_graph_v1,zel028_a549,3726,CPD_144280647177,2,5846,5846
zscreen_original_graph_v1:zel028_a549:3726,zscreen_original_graph_v1,zel028_a549,3726,CPD_404572913420,3,16581,16581
zscreen_original_graph_v1:zel028_a549:3726,zscreen_original_graph_v1,zel028_a549,3726,CPD_570248818971,4,23250,23250
zscreen_original_graph_v1:zel028_a549:3749,zscreen_original_graph_v1,zel028_a549,3749,CPD_095835858759,0,3935,3935
zscreen_original_graph_v1:zel028_a549:3749,zscreen_original_graph_v1,zel028_a549,3749,CPD_098970277976,1,4066,4066
zscreen_original_graph_v1:zel028_a549:3749,zscreen_original_graph_v1,zel028_a549,3749,CPD_544779235229,2,22271,22271
zscreen_original_graph_v1:zel028_a549:3770,zscreen_original_graph_v1,zel028_a549,3770,CPD_096399772345,0,3956,3956
zscreen_original_graph_v1:zel028_a549:3770,zscreen_original_graph_v1,zel028_a549,3770,CPD_210791103981,1,8688,8688
zscreen_original_graph_v1:zel028_a549:3770,zscreen_original_graph_v1,zel028_a549,3770,CPD_280780530298,2,11557,11557
zscreen_original_graph_v1:zel028_a549:3770,zscreen_original_graph_v1,zel028_a549,3770,CPD_468889067090,3,19180,19180
zscreen_original_graph_v1:zel028_a549:3770,zscreen_original_graph_v1,zel028_a549,3770,CPD_517051850770,4,21201,21201
zscreen_original_graph_v1:zel028_a549:3770,zscreen_original_graph_v1,zel028_a549,3770,CPD_740533529571,5,30066,30066
zscreen_original_graph_v1:zel028_a549:3807,zscreen_original_graph_v1,zel028_a549,3807,CPD_097188377372,0,3995,3995
zscreen_original_graph_v1:zel028_a549:3807,zscreen_original_graph_v1,zel028_a549,3807,CPD_664439586324,1,27024,27024
zscreen_original_graph_v1:zel028_a549:3807,zscreen_original_graph_v1,zel028_a549,3807,CPD_917158066011,2,37236,37236
zscreen_original_graph_v1:zel028_a549:3870,zscreen_original_graph_v1,zel028_a549,3870,CPD_098870249582,0,4062,4062
zscreen_original_graph_v1:zel028_a549:3870,zscreen_original_graph_v1,zel028_a549,3870,CPD_248555596780,1,10278,10278
zscreen_original_graph_v1:zel028_a549:3870,zscreen_original_graph_v1,zel028_a549,3870,CPD_283857490796,2,11685,11685
zscreen_original_graph_v1:zel028_a549:3897,zscreen_original_graph_v1,zel028_a549,3897,CPD_099523920683,0,4091,4091
zscreen_original_graph_v1:zel028_a549:3897,zscreen_original_graph_v1,zel028_a549,3897,CPD_836179182399,1,33964,33964
zscreen_original_graph_v1:zel028_a549:3897,zscreen_original_graph_v1,zel028_a549,3897,CPD_991042682561,2,40235,40235
zscreen_original_graph_v1:zel028_a549:4037,zscreen_original_graph_v1,zel028_a549,4037,CPD_103589208718,0,4239,4239
zscreen_original_graph_v1:zel028_a549:4037,zscreen_original_graph_v1,zel028_a549,4037,CPD_372056695693,1,15279,15279
zscreen_original_graph_v1:zel028_a549:4037,zscreen_original_graph_v1,zel028_a549,4037,CPD_514766086866,2,21107,21107
zscreen_original_graph_v1:zel028_a549:4037,zscreen_original_graph_v1,zel028_a549,4037,CPD_695970257232,3,28266,28266
zscreen_original_graph_v1:zel028_a549:4108,zscreen_original_graph_v1,zel028_a549,4108,CPD_105595519216,0,4314,4314
zscreen_original_graph_v1:zel028_a549:4108,zscreen_original_graph_v1,zel028_a549,4108,CPD_124475155236,1,5065,5065
zscreen_original_graph_v1:zel028_a549:4108,zscreen_original_graph_v1,zel028_a549,4108,CPD_412729794131,2,16897,16897
zscreen_original_graph_v1:zel028_a549:4108,zscreen_original_graph_v1,zel028_a549,4108,CPD_642454768027,3,26137,26137
zscreen_original_graph_v1:zel028_a549:4108,zscreen_original_graph_v1,zel028_a549,4108,CPD_791108574077,4,32106,32106
zscreen_original_graph_v1:zel028_a549:4108,zscreen_original_graph_v1,zel028_a549,4108,CPD_845230587659,5,34352,34352
zscreen_original_graph_v1:zel028_a549:4108,zscreen_original_graph_v1,zel028_a549,4108,CPD_867282440460,6,35229,35229
zscreen_original_graph_v1:zel028_a549:4136,zscreen_original_graph_v1,zel028_a549,4136,CPD_106359368093,0,4344,4344
zscreen_original_graph_v1:zel028_a549:4136,zscreen_original_graph_v1,zel028_a549,4136,CPD_320676416031,1,13210,13210
zscreen_original_graph_v1:zel028_a549:4136,zscreen_original_graph_v1,zel028_a549,4136,CPD_883477824089,2,35867,35867
zscreen_original_graph_v1:zel028_a549:4181,zscreen_original_graph_v1,zel028_a549,4181,CPD_107412696814,0,4392,4392
zscreen_original_graph_v1:zel028_a549:4181,zscreen_original_graph_v1,zel028_a549,4181,CPD_118777086238,1,4869,4869
zscreen_original_graph_v1:zel028_a549:4181,zscreen_original_graph_v1,zel028_a549,4181,CPD_256693393919,2,10588,10588
zscreen_original_graph_v1:zel028_a549:4181,zscreen_original_graph_v1,zel028_a549,4181,CPD_265942605293,3,10948,10948
zscreen_original_graph_v1:zel028_a549:4181,zscreen_original_graph_v1,zel028_a549,4181,CPD_490886595963,4,20137,20137
zscreen_original_graph_v1:zel028_a549:4181,zscreen_original_graph_v1,zel028_a549,4181,CPD_657770195161,5,26776,26776
zscreen_original_graph_v1:zel028_a549:4181,zscreen_original_graph_v1,zel028_a549,4181,CPD_939739876276,6,38140,38140
zscreen_original_graph_v1:zel028_a549:4204,zscreen_original_graph_v1,zel028_a549,4204,CPD_108124393769,0,4418,4418
zscreen_original_graph_v1:zel028_a549:4204,zscreen_original_graph_v1,zel028_a549,4204,CPD_179614221148,1,7406,7406
zscreen_original_graph_v1:zel028_a549:4204,zscreen_original_graph_v1,zel028_a549,4204,CPD_876285531680,2,35577,35577
zscreen_original_graph_v1:zel028_a549:4204,zscreen_original_graph_v1,zel028_a549,4204,CPD_991842208573,3,40267,40267
zscreen_original_graph_v1:zel028_a549:4298,zscreen_original_graph_v1,zel028_a549,4298,CPD_110505237845,0,4521,4521
zscreen_original_graph_v1:zel028_a549:4298,zscreen_original_graph_v1,zel028_a549,4298,CPD_139253932888,1,5648,5648
zscreen_original_graph_v1:zel028_a549:4298,zscreen_original_graph_v1,zel028_a549,4298,CPD_152233834182,2,6189,6189
zscreen_original_graph_v1:zel028_a549:4298,zscreen_original_graph_v1,zel028_a549,4298,CPD_324259442762,3,13339,13339
zscreen_original_graph_v1:zel028_a549:4298,zscreen_original_graph_v1,zel028_a549,4298,CPD_391165049061,4,16014,16014
zscreen_original_graph_v1:zel028_a549:4298,zscreen_original_graph_v1,zel028_a549,4298,CPD_539141896394,5,22061,22061
zscreen_original_graph_v1:zel028_a549:4305,zscreen_original_graph_v1,zel028_a549,4305,CPD_110858457180,0,4531,4531
zscreen_original_graph_v1:zel028_a549:4305,zscreen_original_graph_v1,zel028_a549,4305,CPD_254896774877,1,10524,10524
zscreen_original_graph_v1:zel028_a549:4305,zscreen_original_graph_v1,zel028_a549,4305,CPD_271071224951,2,11163,11163
zscreen_original_graph_v1:zel028_a549:4305,zscreen_original_graph_v1,zel028_a549,4305,CPD_309975898531,3,12802,12802
zscreen_original_graph_v1:zel028_a549:4305,zscreen_original_graph_v1,zel028_a549,4305,CPD_460111006229,4,18836,18836
zscreen_original_graph_v1:zel028_a549:4305,zscreen_original_graph_v1,zel028_a549,4305,CPD_485056411850,5,19885,19885
zscreen_original_graph_v1:zel028_a549:4305,zscreen_original_graph_v1,zel028_a549,4305,CPD_789866100902,6,32057,32057
zscreen_original_graph_v1:zel028_a549:4305,zscreen_original_graph_v1,zel028_a549,4305,CPD_860115571061,7,34948,34948
zscreen_original_graph_v1:zel028_a549:4305,zscreen_original_graph_v1,zel028_a549,4305,CPD_965786513441,8,39231,39231
zscreen_original_graph_v1:zel028_a549:4432,zscreen_original_graph_v1,zel028_a549,4432,CPD_114201231431,0,4666,4666
zscreen_original_graph_v1:zel028_a549:4432,zscreen_original_graph_v1,zel028_a549,4432,CPD_628561290417,1,25607,25607
zscreen_original_graph_v1:zel028_a549:4432,zscreen_original_graph_v1,zel028_a549,4432,CPD_973020032122,2,39512,39512
zscreen_original_graph_v1:zel028_a549:4521,zscreen_original_graph_v1,zel028_a549,4521,CPD_116161723544,0,4759,4759
zscreen_original_graph_v1:zel028_a549:4521,zscreen_original_graph_v1,zel028_a549,4521,CPD_339507514399,1,13980,13980
zscreen_original_graph_v1:zel028_a549:4521,zscreen_original_graph_v1,zel028_a549,4521,CPD_673439512098,2,27391,27391
zscreen_original_graph_v1:zel028_a549:4528,zscreen_original_graph_v1,zel028_a549,4528,CPD_116268371456,0,4766,4766
zscreen_original_graph_v1:zel028_a549:4528,zscreen_original_graph_v1,zel028_a549,4528,CPD_630108156981,1,25667,25667
zscreen_original_graph_v1:zel028_a549:4528,zscreen_original_graph_v1,zel028_a549,4528,CPD_893245862389,2,36245,36245
zscreen_original_graph_v1:zel028_a549:4534,zscreen_original_graph_v1,zel028_a549,4534,CPD_116459990382,0,4773,4773
zscreen_original_graph_v1:zel028_a549:4534,zscreen_original_graph_v1,zel028_a549,4534,CPD_545125025617,1,22286,22286
zscreen_original_graph_v1:zel028_a549:4534,zscreen_original_graph_v1,zel028_a549,4534,CPD_683486200771,2,27777,27777
zscreen_original_graph_v1:zel028_a549:4636,zscreen_original_graph_v1,zel028_a549,4636,CPD_119282758442,0,4881,4881
zscreen_original_graph_v1:zel028_a549:4636,zscreen_original_graph_v1,zel028_a549,4636,CPD_663683444257,1,26995,26995
zscreen_original_graph_v1:zel028_a549:4636,zscreen_original_graph_v1,zel028_a549,4636,CPD_840464071460,2,34138,34138
zscreen_original_graph_v1:zel028_a549:4672,zscreen_original_graph_v1,zel028_a549,4672,CPD_120371898675,0,4919,4919
zscreen_original_graph_v1:zel028_a549:4672,zscreen_original_graph_v1,zel028_a549,4672,CPD_177251974994,1,7297,7297
zscreen_original_graph_v1:zel028_a549:4672,zscreen_original_graph_v1,zel028_a549,4672,CPD_706534139286,2,28680,28680
zscreen_original_graph_v1:zel028_a549:4672,zscreen_original_graph_v1,zel028_a549,4672,CPD_808589798106,3,32814,32814
zscreen_original_graph_v1:zel028_a549:4672,zscreen_original_graph_v1,zel028_a549,4672,CPD_987157806805,4,40097,40097
zscreen_original_graph_v1:zel028_a549:4728,zscreen_original_graph_v1,zel028_a549,4728,CPD_121943191782,0,4977,4977
zscreen_original_graph_v1:zel028_a549:4728,zscreen_original_graph_v1,zel028_a549,4728,CPD_147289339892,1,5975,5975
zscreen_original_graph_v1:zel028_a549:4728,zscreen_original_graph_v1,zel028_a549,4728,CPD_201820920533,2,8333,8333
zscreen_original_graph_v1:zel028_a549:4728,zscreen_original_graph_v1,zel028_a549,4728,CPD_333028983062,3,13684,13684
zscreen_original_graph_v1:zel028_a549:4728,zscreen_original_graph_v1,zel028_a549,4728,CPD_397353451599,4,16265,16265
zscreen_original_graph_v1:zel028_a549:4728,zscreen_original_graph_v1,zel028_a549,4728,CPD_708501302640,5,28756,28756
zscreen_original_graph_v1:zel028_a549:4728,zscreen_original_graph_v1,zel028_a549,4728,CPD_977972012928,6,39696,39696
zscreen_original_graph_v1:zel028_a549:4934,zscreen_original_graph_v1,zel028_a549,4934,CPD_127214616031,0,5192,5192
zscreen_original_graph_v1:zel028_a549:4934,zscreen_original_graph_v1,zel028_a549,4934,CPD_470615072612,1,19253,19253
zscreen_original_graph_v1:zel028_a549:4934,zscreen_original_graph_v1,zel028_a549,4934,CPD_569461183747,2,23214,23214
zscreen_original_graph_v1:zel028_a549:4976,zscreen_original_graph_v1,zel028_a549,4976,CPD_128115558431,0,5237,5237
zscreen_original_graph_v1:zel028_a549:4976,zscreen_original_graph_v1,zel028_a549,4976,CPD_156310197636,1,6378,6378
zscreen_original_graph_v1:zel028_a549:4976,zscreen_original_graph_v1,zel028_a549,4976,CPD_185949242089,2,7671,7671
zscreen_original_graph_v1:zel028_a549:4976,zscreen_original_graph_v1,zel028_a549,4976,CPD_840140106199,3,34123,34123
zscreen_original_graph_v1:zel028_a549:5107,zscreen_original_graph_v1,zel028_a549,5107,CPD_132029392749,0,5369,5369
zscreen_original_graph_v1:zel028_a549:5107,zscreen_original_graph_v1,zel028_a549,5107,CPD_231224164520,1,9532,9532
zscreen_original_graph_v1:zel028_a549:5107,zscreen_original_graph_v1,zel028_a549,5107,CPD_254931195830,2,10525,10525
zscreen_original_graph_v1:zel028_a549:5107,zscreen_original_graph_v1,zel028_a549,5107,CPD_280323238069,3,11538,11538
zscreen_original_graph_v1:zel028_a549:5107,zscreen_original_graph_v1,zel028_a549,5107,CPD_311472874601,4,12869,12869
zscreen_original_graph_v1:zel028_a549:5107,zscreen_original_graph_v1,zel028_a549,5107,CPD_346877982269,5,14275,14275
zscreen_original_graph_v1:zel028_a549:5107,zscreen_original_graph_v1,zel028_a549,5107,CPD_428161792187,6,17557,17557
zscreen_original_graph_v1:zel028_a549:5107,zscreen_original_graph_v1,zel028_a549,5107,CPD_447604594854,7,18318,18318
zscreen_original_graph_v1:zel028_a549:5107,zscreen_original_graph_v1,zel028_a549,5107,CPD_473145235588,8,19374,19374
zscreen_original_graph_v1:zel028_a549:5107,zscreen_original_graph_v1,zel028_a549,5107,CPD_485306845589,9,19889,19889
zscreen_original_graph_v1:zel028_a549:5107,zscreen_original_graph_v1,zel028_a549,5107,CPD_498543947409,10,20423,20423
zscreen_original_graph_v1:zel028_a549:5107,zscreen_original_graph_v1,zel028_a549,5107,CPD_657230073316,11,26755,26755
zscreen_original_graph_v1:zel028_a549:5107,zscreen_original_graph_v1,zel028_a549,5107,CPD_708330180303,12,28750,28750
zscreen_original_graph_v1:zel028_a549:5107,zscreen_original_graph_v1,zel028_a549,5107,CPD_857254329186,13,34823,34823
zscreen_original_graph_v1:zel028_a549:5107,zscreen_original_graph_v1,zel028_a549,5107,CPD_860036773355,14,34940,34940
zscreen_original_graph_v1:zel028_a549:5107,zscreen_original_graph_v1,zel028_a549,5107,CPD_910207453544,15,36934,36934
zscreen_original_graph_v1:zel028_a549:5107,zscreen_original_graph_v1,zel028_a549,5107,CPD_973598205239,16,39540,39540
zscreen_original_graph_v1:zel028_a549:5144,zscreen_original_graph_v1,zel028_a549,5144,CPD_133291818179,0,5409,5409
zscreen_original_graph_v1:zel028_a549:5144,zscreen_original_graph_v1,zel028_a549,5144,CPD_479849475902,1,19668,19668
zscreen_original_graph_v1:zel028_a549:5144,zscreen_original_graph_v1,zel028_a549,5144,CPD_969029474380,2,39368,39368
zscreen_original_graph_v1:zel028_a549:5182,zscreen_original_graph_v1,zel028_a549,5182,CPD_134480910333,0,5450,5450
zscreen_original_graph_v1:zel028_a549:5182,zscreen_original_graph_v1,zel028_a549,5182,CPD_284517256345,1,11713,11713
zscreen_original_graph_v1:zel028_a549:5182,zscreen_original_graph_v1,zel028_a549,5182,CPD_779066385467,2,31659,31659
zscreen_original_graph_v1:zel028_a549:5286,zscreen_original_graph_v1,zel028_a549,5286,CPD_136884255913,0,5560,5560
zscreen_original_graph_v1:zel028_a549:5286,zscreen_original_graph_v1,zel028_a549,5286,CPD_295732346658,1,12190,12190
zscreen_original_graph_v1:zel028_a549:5286,zscreen_original_graph_v1,zel028_a549,5286,CPD_387183661950,2,15864,15864
zscreen_original_graph_v1:zel028_a549:5286,zscreen_original_graph_v1,zel028_a549,5286,CPD_624929844114,3,25466,25466
zscreen_original_graph_v1:zel028_a549:5316,zscreen_original_graph_v1,zel028_a549,5316,CPD_137755932626,0,5593,5593
zscreen_original_graph_v1:zel028_a549:5316,zscreen_original_graph_v1,zel028_a549,5316,CPD_352911328044,1,14551,14551
zscreen_original_graph_v1:zel028_a549:5316,zscreen_original_graph_v1,zel028_a549,5316,CPD_619033363571,2,25208,25208
zscreen_original_graph_v1:zel028_a549:5319,zscreen_original_graph_v1,zel028_a549,5319,CPD_137845689422,0,5597,5597
zscreen_original_graph_v1:zel028_a549:5319,zscreen_original_graph_v1,zel028_a549,5319,CPD_233221598564,1,9625,9625
zscreen_original_graph_v1:zel028_a549:5319,zscreen_original_graph_v1,zel028_a549,5319,CPD_604534275052,2,24598,24598
zscreen_original_graph_v1:zel028_a549:5319,zscreen_original_graph_v1,zel028_a549,5319,CPD_793069697299,3,32184,32184
zscreen_original_graph_v1:zel028_a549:5418,zscreen_original_graph_v1,zel028_a549,5418,CPD_140436438507,0,5699,5699
zscreen_original_graph_v1:zel028_a549:5418,zscreen_original_graph_v1,zel028_a549,5418,CPD_337437232549,1,13889,13889
zscreen_original_graph_v1:zel028_a549:5418,zscreen_original_graph_v1,zel028_a549,5418,CPD_621477633931,2,25317,25317
zscreen_original_graph_v1:zel028_a549:5418,zscreen_original_graph_v1,zel028_a549,5418,CPD_852927419585,3,34644,34644
zscreen_original_graph_v1:zel028_a549:5418,zscreen_original_graph_v1,zel028_a549,5418,CPD_926596781943,4,37630,37630
zscreen_original_graph_v1:zel028_a549:5418,zscreen_original_graph_v1,zel028_a549,5418,CPD_989670324316,5,40189,40189
zscreen_original_graph_v1:zel028_a549:5456,zscreen_original_graph_v1,zel028_a549,5456,CPD_141733735443,0,5740,5740
zscreen_original_graph_v1:zel028_a549:5456,zscreen_original_graph_v1,zel028_a549,5456,CPD_157641230453,1,6425,6425
zscreen_original_graph_v1:zel028_a549:5456,zscreen_original_graph_v1,zel028_a549,5456,CPD_279387963774,2,11499,11499
zscreen_original_graph_v1:zel028_a549:5456,zscreen_original_graph_v1,zel028_a549,5456,CPD_779102964793,3,31661,31661
zscreen_original_graph_v1:zel028_a549:5468,zscreen_original_graph_v1,zel028_a549,5468,CPD_142094374237,0,5754,5754
zscreen_original_graph_v1:zel028_a549:5468,zscreen_original_graph_v1,zel028_a549,5468,CPD_423055514585,1,17352,17352
zscreen_original_graph_v1:zel028_a549:5468,zscreen_original_graph_v1,zel028_a549,5468,CPD_554494611279,2,22629,22629
zscreen_original_graph_v1:zel028_a549:5468,zscreen_original_graph_v1,zel028_a549,5468,CPD_659395811654,3,26836,26836
zscreen_original_graph_v1:zel028_a549:5468,zscreen_original_graph_v1,zel028_a549,5468,CPD_996331112193,4,40470,40470
zscreen_original_graph_v1:zel028_a549:5495,zscreen_original_graph_v1,zel028_a549,5495,CPD_142568883515,0,5782,5782
zscreen_original_graph_v1:zel028_a549:5495,zscreen_original_graph_v1,zel028_a549,5495,CPD_287925289262,1,11865,11865
zscreen_original_graph_v1:zel028_a549:5495,zscreen_original_graph_v1,zel028_a549,5495,CPD_873781373116,2,35470,35470
zscreen_original_graph_v1:zel028_a549:5495,zscreen_original_graph_v1,zel028_a549,5495,CPD_937857758137,3,38071,38071
zscreen_original_graph_v1:zel028_a549:5495,zscreen_original_graph_v1,zel028_a549,5495,CPD_980279579600,4,39805,39805
zscreen_original_graph_v1:zel028_a549:5523,zscreen_original_graph_v1,zel028_a549,5523,CPD_143309116534,0,5810,5810
zscreen_original_graph_v1:zel028_a549:5523,zscreen_original_graph_v1,zel028_a549,5523,CPD_313938776251,1,12952,12952
zscreen_original_graph_v1:zel028_a549:5523,zscreen_original_graph_v1,zel028_a549,5523,CPD_450322847761,2,18423,18423
zscreen_original_graph_v1:zel028_a549:5632,zscreen_original_graph_v1,zel028_a549,5632,CPD_146139146584,0,5923,5923
zscreen_original_graph_v1:zel028_a549:5632,zscreen_original_graph_v1,zel028_a549,5632,CPD_405892827912,1,16635,16635
zscreen_original_graph_v1:zel028_a549:5632,zscreen_original_graph_v1,zel028_a549,5632,CPD_745076969981,2,30258,30258
zscreen_original_graph_v1:zel028_a549:5718,zscreen_original_graph_v1,zel028_a549,5718,CPD_148062218823,0,6015,6015
zscreen_original_graph_v1:zel028_a549:5718,zscreen_original_graph_v1,zel028_a549,5718,CPD_309190470910,1,12766,12766
zscreen_original_graph_v1:zel028_a549:5718,zscreen_original_graph_v1,zel028_a549,5718,CPD_548815933078,2,22408,22408
zscreen_original_graph_v1:zel028_a549:5718,zscreen_original_graph_v1,zel028_a549,5718,CPD_873072599489,3,35436,35436
zscreen_original_graph_v1:zel028_a549:5723,zscreen_original_graph_v1,zel028_a549,5723,CPD_148123512703,0,6020,6020
zscreen_original_graph_v1:zel028_a549:5723,zscreen_original_graph_v1,zel028_a549,5723,CPD_251392183817,1,10385,10385
zscreen_original_graph_v1:zel028_a549:5723,zscreen_original_graph_v1,zel028_a549,5723,CPD_329785475850,2,13573,13573
zscreen_original_graph_v1:zel028_a549:5723,zscreen_original_graph_v1,zel028_a549,5723,CPD_504654811705,3,20679,20679
zscreen_original_graph_v1:zel028_a549:5816,zscreen_original_graph_v1,zel028_a549,5816,CPD_150350143775,0,6114,6114
zscreen_original_graph_v1:zel028_a549:5816,zscreen_original_graph_v1,zel028_a549,5816,CPD_313692201867,1,12944,12944
zscreen_original_graph_v1:zel028_a549:5816,zscreen_original_graph_v1,zel028_a549,5816,CPD_695145113311,2,28230,28230
zscreen_original_graph_v1:zel028_a549:5836,zscreen_original_graph_v1,zel028_a549,5836,CPD_150843651763,0,6134,6134
zscreen_original_graph_v1:zel028_a549:5836,zscreen_original_graph_v1,zel028_a549,5836,CPD_231852412777,1,9562,9562
zscreen_original_graph_v1:zel028_a549:5836,zscreen_original_graph_v1,zel028_a549,5836,CPD_235286993321,2,9705,9705
zscreen_original_graph_v1:zel028_a549:5836,zscreen_original_graph_v1,zel028_a549,5836,CPD_260366681470,3,10737,10737
zscreen_original_graph_v1:zel028_a549:5836,zscreen_original_graph_v1,zel028_a549,5836,CPD_273580953663,4,11265,11265
zscreen_original_graph_v1:zel028_a549:5836,zscreen_original_graph_v1,zel028_a549,5836,CPD_358227168139,5,14762,14762
zscreen_original_graph_v1:zel028_a549:5836,zscreen_original_graph_v1,zel028_a549,5836,CPD_456581902121,6,18666,18666
zscreen_original_graph_v1:zel028_a549:5836,zscreen_original_graph_v1,zel028_a549,5836,CPD_490890325236,7,20138,20138
zscreen_original_graph_v1:zel028_a549:5836,zscreen_original_graph_v1,zel028_a549,5836,CPD_505428602773,8,20729,20729
zscreen_original_graph_v1:zel028_a549:5836,zscreen_original_graph_v1,zel028_a549,5836,CPD_573862536830,9,23394,23394
zscreen_original_graph_v1:zel028_a549:5836,zscreen_original_graph_v1,zel028_a549,5836,CPD_709451605681,10,28795,28795
zscreen_original_graph_v1:zel028_a549:5836,zscreen_original_graph_v1,zel028_a549,5836,CPD_818012287297,11,33192,33192
zscreen_original_graph_v1:zel028_a549:5836,zscreen_original_graph_v1,zel028_a549,5836,CPD_975787121472,12,39626,39626
zscreen_original_graph_v1:zel028_a549:5839,zscreen_original_graph_v1,zel028_a549,5839,CPD_150921056385,0,6137,6137
zscreen_original_graph_v1:zel028_a549:5839,zscreen_original_graph_v1,zel028_a549,5839,CPD_244731983584,1,10117,10117
zscreen_original_graph_v1:zel028_a549:5839,zscreen_original_graph_v1,zel028_a549,5839,CPD_600802203468,2,24432,24432
zscreen_original_graph_v1:zel028_a549:5839,zscreen_original_graph_v1,zel028_a549,5839,CPD_718884499025,3,29189,29189
zscreen_original_graph_v1:zel028_a549:5922,zscreen_original_graph_v1,zel028_a549,5922,CPD_153013937326,0,6224,6224
zscreen_original_graph_v1:zel028_a549:5922,zscreen_original_graph_v1,zel028_a549,5922,CPD_587651381694,1,23955,23955
zscreen_original_graph_v1:zel028_a549:5922,zscreen_original_graph_v1,zel028_a549,5922,CPD_748570162890,2,30409,30409
zscreen_original_graph_v1:zel028_a549:5922,zscreen_original_graph_v1,zel028_a549,5922,CPD_936938954668,3,38026,38026
zscreen_original_graph_v1:zel028_a549:5941,zscreen_original_graph_v1,zel028_a549,5941,CPD_153502643691,0,6244,6244
zscreen_original_graph_v1:zel028_a549:5941,zscreen_original_graph_v1,zel028_a549,5941,CPD_187069599011,1,7722,7722
zscreen_original_graph_v1:zel028_a549:5941,zscreen_original_graph_v1,zel028_a549,5941,CPD_876203163021,2,35574,35574
zscreen_original_graph_v1:zel028_a549:5941,zscreen_original_graph_v1,zel028_a549,5941,CPD_965938929491,3,39237,39237
zscreen_original_graph_v1:zel028_a549:6029,zscreen_original_graph_v1,zel028_a549,6029,CPD_155428310258,0,6335,6335
zscreen_original_graph_v1:zel028_a549:6029,zscreen_original_graph_v1,zel028_a549,6029,CPD_537561990994,1,22006,22006
zscreen_original_graph_v1:zel028_a549:6029,zscreen_original_graph_v1,zel028_a549,6029,CPD_608765019173,2,24788,24788
zscreen_original_graph_v1:zel028_a549:6051,zscreen_original_graph_v1,zel028_a549,6051,CPD_155994843744,0,6360,6360
zscreen_original_graph_v1:zel028_a549:6051,zscreen_original_graph_v1,zel028_a549,6051,CPD_264777650073,1,10912,10912
zscreen_original_graph_v1:zel028_a549:6051,zscreen_original_graph_v1,zel028_a549,6051,CPD_400937523401,2,16407,16407
zscreen_original_graph_v1:zel028_a549:6051,zscreen_original_graph_v1,zel028_a549,6051,CPD_583172908748,3,23753,23753
zscreen_original_graph_v1:zel028_a549:6097,zscreen_original_graph_v1,zel028_a549,6097,CPD_157175786763,0,6411,6411
zscreen_original_graph_v1:zel028_a549:6097,zscreen_original_graph_v1,zel028_a549,6097,CPD_397312772852,1,16261,16261
zscreen_original_graph_v1:zel028_a549:6097,zscreen_original_graph_v1,zel028_a549,6097,CPD_398250700279,2,16303,16303
zscreen_original_graph_v1:zel028_a549:6097,zscreen_original_graph_v1,zel028_a549,6097,CPD_727763711582,3,29565,29565
zscreen_original_graph_v1:zel028_a549:6146,zscreen_original_graph_v1,zel028_a549,6146,CPD_158566220332,0,6462,6462
zscreen_original_graph_v1:zel028_a549:6146,zscreen_original_graph_v1,zel028_a549,6146,CPD_457228045918,1,18696,18696
zscreen_original_graph_v1:zel028_a549:6146,zscreen_original_graph_v1,zel028_a549,6146,CPD_545603939586,2,22305,22305
zscreen_original_graph_v1:zel028_a549:6146,zscreen_original_graph_v1,zel028_a549,6146,CPD_675531052684,3,27473,27473
zscreen_original_graph_v1:zel028_a549:6178,zscreen_original_graph_v1,zel028_a549,6178,CPD_159450142904,0,6499,6499
zscreen_original_graph_v1:zel028_a549:6178,zscreen_original_graph_v1,zel028_a549,6178,CPD_171584220727,1,7042,7042
zscreen_original_graph_v1:zel028_a549:6178,zscreen_original_graph_v1,zel028_a549,6178,CPD_390165865168,2,15970,15970
zscreen_original_graph_v1:zel028_a549:6178,zscreen_original_graph_v1,zel028_a549,6178,CPD_420458081199,3,17231,17231
zscreen_original_graph_v1:zel028_a549:6178,zscreen_original_graph_v1,zel028_a549,6178,CPD_437074299110,4,17900,17900
zscreen_original_graph_v1:zel028_a549:6178,zscreen_original_graph_v1,zel028_a549,6178,CPD_509306077896,5,20898,20898
zscreen_original_graph_v1:zel028_a549:6178,zscreen_original_graph_v1,zel028_a549,6178,CPD_686846270166,6,27898,27898
zscreen_original_graph_v1:zel028_a549:6178,zscreen_original_graph_v1,zel028_a549,6178,CPD_799777467822,7,32448,32448
zscreen_original_graph_v1:zel028_a549:6178,zscreen_original_graph_v1,zel028_a549,6178,CPD_844780437321,8,34335,34335
zscreen_original_graph_v1:zel028_a549:6180,zscreen_original_graph_v1,zel028_a549,6180,CPD_159486475633,0,6501,6501
zscreen_original_graph_v1:zel028_a549:6180,zscreen_original_graph_v1,zel028_a549,6180,CPD_246470180130,1,10192,10192
zscreen_original_graph_v1:zel028_a549:6180,zscreen_original_graph_v1,zel028_a549,6180,CPD_312607341736,2,12907,12907
zscreen_original_graph_v1:zel028_a549:6180,zscreen_original_graph_v1,zel028_a549,6180,CPD_562343954852,3,22916,22916
zscreen_original_graph_v1:zel028_a549:6180,zscreen_original_graph_v1,zel028_a549,6180,CPD_974340392756,4,39569,39569
zscreen_original_graph_v1:zel028_a549:6297,zscreen_original_graph_v1,zel028_a549,6297,CPD_162114609635,0,6625,6625
zscreen_original_graph_v1:zel028_a549:6297,zscreen_original_graph_v1,zel028_a549,6297,CPD_211406127611,1,8713,8713
zscreen_original_graph_v1:zel028_a549:6297,zscreen_original_graph_v1,zel028_a549,6297,CPD_350551782714,2,14442,14442
zscreen_original_graph_v1:zel028_a549:6297,zscreen_original_graph_v1,zel028_a549,6297,CPD_704318108909,3,28585,28585
zscreen_original_graph_v1:zel028_a549:6297,zscreen_original_graph_v1,zel028_a549,6297,CPD_732429060556,4,29737,29737
zscreen_original_graph_v1:zel028_a549:6622,zscreen_original_graph_v1,zel028_a549,6622,CPD_169722852602,0,6961,6961
zscreen_original_graph_v1:zel028_a549:6622,zscreen_original_graph_v1,zel028_a549,6622,CPD_495529225162,1,20317,20317
zscreen_original_graph_v1:zel028_a549:6622,zscreen_original_graph_v1,zel028_a549,6622,CPD_822764795543,2,33395,33395
zscreen_original_graph_v1:zel028_a549:6622,zscreen_original_graph_v1,zel028_a549,6622,CPD_942418972883,3,38256,38256
zscreen_original_graph_v1:zel028_a549:6764,zscreen_original_graph_v1,zel028_a549,6764,CPD_173069216159,0,7112,7112
zscreen_original_graph_v1:zel028_a549:6764,zscreen_original_graph_v1,zel028_a549,6764,CPD_291111197701,1,11987,11987
zscreen_original_graph_v1:zel028_a549:6764,zscreen_original_graph_v1,zel028_a549,6764,CPD_490950395463,2,20141,20141
zscreen_original_graph_v1:zel028_a549:6764,zscreen_original_graph_v1,zel028_a549,6764,CPD_946238468430,3,38423,38423
zscreen_original_graph_v1:zel028_a549:6796,zscreen_original_graph_v1,zel028_a549,6796,CPD_173637360335,0,7145,7145
zscreen_original_graph_v1:zel028_a549:6796,zscreen_original_graph_v1,zel028_a549,6796,CPD_180501249806,1,7430,7430
zscreen_original_graph_v1:zel028_a549:6796,zscreen_original_graph_v1,zel028_a549,6796,CPD_267223996141,2,11001,11001
zscreen_original_graph_v1:zel028_a549:6796,zscreen_original_graph_v1,zel028_a549,6796,CPD_391430824576,3,16029,16029
zscreen_original_graph_v1:zel028_a549:6796,zscreen_original_graph_v1,zel028_a549,6796,CPD_503020963131,4,20619,20619
zscreen_original_graph_v1:zel028_a549:6800,zscreen_original_graph_v1,zel028_a549,6800,CPD_173715514710,0,7149,7149
zscreen_original_graph_v1:zel028_a549:6800,zscreen_original_graph_v1,zel028_a549,6800,CPD_315671457945,1,13024,13024
zscreen_original_graph_v1:zel028_a549:6800,zscreen_original_graph_v1,zel028_a549,6800,CPD_415434316533,2,17016,17016
zscreen_original_graph_v1:zel028_a549:6800,zscreen_original_graph_v1,zel028_a549,6800,CPD_555795530263,3,22679,22679
zscreen_original_graph_v1:zel028_a549:6800,zscreen_original_graph_v1,zel028_a549,6800,CPD_683223299456,4,27762,27762
zscreen_original_graph_v1:zel028_a549:6800,zscreen_original_graph_v1,zel028_a549,6800,CPD_830203239930,5,33724,33724
zscreen_original_graph_v1:zel028_a549:6800,zscreen_original_graph_v1,zel028_a549,6800,CPD_870536470766,6,35340,35340
zscreen_original_graph_v1:zel028_a549:6800,zscreen_original_graph_v1,zel028_a549,6800,CPD_986186478463,7,40061,40061
zscreen_original_graph_v1:zel028_a549:6844,zscreen_original_graph_v1,zel028_a549,6844,CPD_174916768827,0,7194,7194
zscreen_original_graph_v1:zel028_a549:6844,zscreen_original_graph_v1,zel028_a549,6844,CPD_190160909233,1,7858,7858
zscreen_original_graph_v1:zel028_a549:6844,zscreen_original_graph_v1,zel028_a549,6844,CPD_194687844673,2,8024,8024
zscreen_original_graph_v1:zel028_a549:6844,zscreen_original_graph_v1,zel028_a549,6844,CPD_283827116418,3,11682,11682
zscreen_original_graph_v1:zel028_a549:6844,zscreen_original_graph_v1,zel028_a549,6844,CPD_499269239305,4,20456,20456
zscreen_original_graph_v1:zel028_a549:6844,zscreen_original_graph_v1,zel028_a549,6844,CPD_621966173001,5,25331,25331
zscreen_original_graph_v1:zel028_a549:6867,zscreen_original_graph_v1,zel028_a549,6867,CPD_175377240327,0,7218,7218
zscreen_original_graph_v1:zel028_a549:6867,zscreen_original_graph_v1,zel028_a549,6867,CPD_475592301997,1,19480,19480
zscreen_original_graph_v1:zel028_a549:6867,zscreen_original_graph_v1,zel028_a549,6867,CPD_583587070790,2,23770,23770
zscreen_original_graph_v1:zel028_a549:6867,zscreen_original_graph_v1,zel028_a549,6867,CPD_615862650141,3,25066,25066
zscreen_original_graph_v1:zel028_a549:6867,zscreen_original_graph_v1,zel028_a549,6867,CPD_619488176887,4,25227,25227
zscreen_original_graph_v1:zel028_a549:6867,zscreen_original_graph_v1,zel028_a549,6867,CPD_746946937794,5,30331,30331
zscreen_original_graph_v1:zel028_a549:6867,zscreen_original_graph_v1,zel028_a549,6867,CPD_797844230890,6,32380,32380
zscreen_original_graph_v1:zel028_a549:6867,zscreen_original_graph_v1,zel028_a549,6867,CPD_912215523386,7,37020,37020
zscreen_original_graph_v1:zel028_a549:6867,zscreen_original_graph_v1,zel028_a549,6867,CPD_938828080225,8,38111,38111
zscreen_original_graph_v1:zel028_a549:6909,zscreen_original_graph_v1,zel028_a549,6909,CPD_176396827800,0,7260,7260
zscreen_original_graph_v1:zel028_a549:6909,zscreen_original_graph_v1,zel028_a549,6909,CPD_428630663224,1,17575,17575
zscreen_original_graph_v1:zel028_a549:6909,zscreen_original_graph_v1,zel028_a549,6909,CPD_459312846100,2,18798,18798
zscreen_original_graph_v1:zel028_a549:6909,zscreen_original_graph_v1,zel028_a549,6909,CPD_785431878486,3,31915,31915
zscreen_original_graph_v1:zel028_a549:6987,zscreen_original_graph_v1,zel028_a549,6987,CPD_178136774250,0,7344,7344
zscreen_original_graph_v1:zel028_a549:6987,zscreen_original_graph_v1,zel028_a549,6987,CPD_200831833465,1,8290,8290
zscreen_original_graph_v1:zel028_a549:6987,zscreen_original_graph_v1,zel028_a549,6987,CPD_677051715199,2,27521,27521
zscreen_original_graph_v1:zel028_a549:6987,zscreen_original_graph_v1,zel028_a549,6987,CPD_742609024350,3,30144,30144
zscreen_original_graph_v1:zel028_a549:6987,zscreen_original_graph_v1,zel028_a549,6987,CPD_761658585331,4,30943,30943
zscreen_original_graph_v1:zel028_a549:6987,zscreen_original_graph_v1,zel028_a549,6987,CPD_893346843365,5,36250,36250
zscreen_original_graph_v1:zel028_a549:6998,zscreen_original_graph_v1,zel028_a549,6998,CPD_178447801313,0,7356,7356
zscreen_original_graph_v1:zel028_a549:6998,zscreen_original_graph_v1,zel028_a549,6998,CPD_501862323511,1,20572,20572
zscreen_original_graph_v1:zel028_a549:6998,zscreen_original_graph_v1,zel028_a549,6998,CPD_714637519228,2,29012,29012
zscreen_original_graph_v1:zel028_a549:7057,zscreen_original_graph_v1,zel028_a549,7057,CPD_180275668900,0,7420,7420
zscreen_original_graph_v1:zel028_a549:7057,zscreen_original_graph_v1,zel028_a549,7057,CPD_559772252334,1,22822,22822
zscreen_original_graph_v1:zel028_a549:7057,zscreen_original_graph_v1,zel028_a549,7057,CPD_626633857036,2,25533,25533
zscreen_original_graph_v1:zel028_a549:7057,zscreen_original_graph_v1,zel028_a549,7057,CPD_777605476800,3,31595,31595
zscreen_original_graph_v1:zel028_a549:7057,zscreen_original_graph_v1,zel028_a549,7057,CPD_779168485375,4,31665,31665
zscreen_original_graph_v1:zel028_a549:7177,zscreen_original_graph_v1,zel028_a549,7177,CPD_183389409181,0,7550,7550
zscreen_original_graph_v1:zel028_a549:7177,zscreen_original_graph_v1,zel028_a549,7177,CPD_652598276899,1,26557,26557
zscreen_original_graph_v1:zel028_a549:7177,zscreen_original_graph_v1,zel028_a549,7177,CPD_775853606053,2,31526,31526
zscreen_original_graph_v1:zel028_a549:7177,zscreen_original_graph_v1,zel028_a549,7177,CPD_842657002360,3,34245,34245
zscreen_original_graph_v1:zel028_a549:7196,zscreen_original_graph_v1,zel028_a549,7196,CPD_183998932469,0,7572,7572
zscreen_original_graph_v1:zel028_a549:7196,zscreen_original_graph_v1,zel028_a549,7196,CPD_215551512385,1,8866,8866
zscreen_original_graph_v1:zel028_a549:7196,zscreen_original_graph_v1,zel028_a549,7196,CPD_278374911282,2,11457,11457
zscreen_original_graph_v1:zel028_a549:7196,zscreen_original_graph_v1,zel028_a549,7196,CPD_441997576561,3,18099,18099
zscreen_original_graph_v1:zel028_a549:7196,zscreen_original_graph_v1,zel028_a549,7196,CPD_639203514037,4,26006,26006
zscreen_original_graph_v1:zel028_a549:7257,zscreen_original_graph_v1,zel028_a549,7257,CPD_185168938314,0,7637,7637
zscreen_original_graph_v1:zel028_a549:7257,zscreen_original_graph_v1,zel028_a549,7257,CPD_198122816443,1,8178,8178
zscreen_original_graph_v1:zel028_a549:7257,zscreen_original_graph_v1,zel028_a549,7257,CPD_339501376586,2,13978,13978
zscreen_original_graph_v1:zel028_a549:7257,zscreen_original_graph_v1,zel028_a549,7257,CPD_402616013417,3,16497,16497
zscreen_original_graph_v1:zel028_a549:7257,zscreen_original_graph_v1,zel028_a549,7257,CPD_517885285186,4,21239,21239
zscreen_original_graph_v1:zel028_a549:7257,zscreen_original_graph_v1,zel028_a549,7257,CPD_575058041471,5,23435,23435
zscreen_original_graph_v1:zel028_a549:7257,zscreen_original_graph_v1,zel028_a549,7257,CPD_649445648568,6,26417,26417
zscreen_original_graph_v1:zel028_a549:7257,zscreen_original_graph_v1,zel028_a549,7257,CPD_809419286190,7,32853,32853
zscreen_original_graph_v1:zel028_a549:7257,zscreen_original_graph_v1,zel028_a549,7257,CPD_980349533901,8,39810,39810
zscreen_original_graph_v1:zel028_a549:7293,zscreen_original_graph_v1,zel028_a549,7293,CPD_186018801085,0,7677,7677
zscreen_original_graph_v1:zel028_a549:7293,zscreen_original_graph_v1,zel028_a549,7293,CPD_652729737639,1,26560,26560
zscreen_original_graph_v1:zel028_a549:7293,zscreen_original_graph_v1,zel028_a549,7293,CPD_758481214494,2,30820,30820
zscreen_original_graph_v1:zel028_a549:7318,zscreen_original_graph_v1,zel028_a549,7318,CPD_186612957653,0,7703,7703
zscreen_original_graph_v1:zel028_a549:7318,zscreen_original_graph_v1,zel028_a549,7318,CPD_414075876714,1,16962,16962
zscreen_original_graph_v1:zel028_a549:7318,zscreen_original_graph_v1,zel028_a549,7318,CPD_561145424499,2,22874,22874
zscreen_original_graph_v1:zel028_a549:7807,zscreen_original_graph_v1,zel028_a549,7807,CPD_199162855546,0,8222,8222
zscreen_original_graph_v1:zel028_a549:7807,zscreen_original_graph_v1,zel028_a549,7807,CPD_309746167431,1,12792,12792
zscreen_original_graph_v1:zel028_a549:7807,zscreen_original_graph_v1,zel028_a549,7807,CPD_791455402492,2,32120,32120
zscreen_original_graph_v1:zel028_a549:7815,zscreen_original_graph_v1,zel028_a549,7815,CPD_199436565162,0,8231,8231
zscreen_original_graph_v1:zel028_a549:7815,zscreen_original_graph_v1,zel028_a549,7815,CPD_680382750429,1,27641,27641
zscreen_original_graph_v1:zel028_a549:7815,zscreen_original_graph_v1,zel028_a549,7815,CPD_744143668540,2,30223,30223
zscreen_original_graph_v1:zel028_a549:7815,zscreen_original_graph_v1,zel028_a549,7815,CPD_936487172363,3,38001,38001
zscreen_original_graph_v1:zel028_a549:7815,zscreen_original_graph_v1,zel028_a549,7815,CPD_947346155997,4,38467,38467
zscreen_original_graph_v1:zel028_a549:7972,zscreen_original_graph_v1,zel028_a549,7972,CPD_203435725927,0,8395,8395
zscreen_original_graph_v1:zel028_a549:7972,zscreen_original_graph_v1,zel028_a549,7972,CPD_226162044444,1,9319,9319
zscreen_original_graph_v1:zel028_a549:7972,zscreen_original_graph_v1,zel028_a549,7972,CPD_400861821217,2,16402,16402
zscreen_original_graph_v1:zel028_a549:7972,zscreen_original_graph_v1,zel028_a549,7972,CPD_513516118890,3,21067,21067
zscreen_original_graph_v1:zel028_a549:7972,zscreen_original_graph_v1,zel028_a549,7972,CPD_777468669697,4,31589,31589
zscreen_original_graph_v1:zel028_a549:7980,zscreen_original_graph_v1,zel028_a549,7980,CPD_203628223173,0,8403,8403
zscreen_original_graph_v1:zel028_a549:7980,zscreen_original_graph_v1,zel028_a549,7980,CPD_306916143029,1,12670,12670
zscreen_original_graph_v1:zel028_a549:7980,zscreen_original_graph_v1,zel028_a549,7980,CPD_617856924922,2,25155,25155
zscreen_original_graph_v1:zel028_a549:7980,zscreen_original_graph_v1,zel028_a549,7980,CPD_666088857677,3,27087,27087
zscreen_original_graph_v1:zel028_a549:7980,zscreen_original_graph_v1,zel028_a549,7980,CPD_746473786532,4,30315,30315
zscreen_original_graph_v1:zel028_a549:7980,zscreen_original_graph_v1,zel028_a549,7980,CPD_800495842301,5,32478,32478
zscreen_original_graph_v1:zel028_a549:7980,zscreen_original_graph_v1,zel028_a549,7980,CPD_875050378412,6,35526,35526
zscreen_original_graph_v1:zel028_a549:8048,zscreen_original_graph_v1,zel028_a549,8048,CPD_205497877583,0,8473,8473
zscreen_original_graph_v1:zel028_a549:8048,zscreen_original_graph_v1,zel028_a549,8048,CPD_480584260608,1,19700,19700
zscreen_original_graph_v1:zel028_a549:8048,zscreen_original_graph_v1,zel028_a549,8048,CPD_509188142519,2,20893,20893
zscreen_original_graph_v1:zel028_a549:8048,zscreen_original_graph_v1,zel028_a549,8048,CPD_926837161945,3,37636,37636
zscreen_original_graph_v1:zel028_a549:8120,zscreen_original_graph_v1,zel028_a549,8120,CPD_207182165104,0,8551,8551
zscreen_original_graph_v1:zel028_a549:8120,zscreen_original_graph_v1,zel028_a549,8120,CPD_450719866911,1,18438,18438
zscreen_original_graph_v1:zel028_a549:8120,zscreen_original_graph_v1,zel028_a549,8120,CPD_593485418435,2,24159,24159
zscreen_original_graph_v1:zel028_a549:8245,zscreen_original_graph_v1,zel028_a549,8245,CPD_210749329621,0,8682,8682
zscreen_original_graph_v1:zel028_a549:8245,zscreen_original_graph_v1,zel028_a549,8245,CPD_263045208708,1,10839,10839
zscreen_original_graph_v1:zel028_a549:8245,zscreen_original_graph_v1,zel028_a549,8245,CPD_529479853941,2,21720,21720
zscreen_original_graph_v1:zel028_a549:8316,zscreen_original_graph_v1,zel028_a549,8316,CPD_212675376520,0,8759,8759
zscreen_original_graph_v1:zel028_a549:8316,zscreen_original_graph_v1,zel028_a549,8316,CPD_296280808005,1,12210,12210
zscreen_original_graph_v1:zel028_a549:8316,zscreen_original_graph_v1,zel028_a549,8316,CPD_310300152500,2,12816,12816
zscreen_original_graph_v1:zel028_a549:8316,zscreen_original_graph_v1,zel028_a549,8316,CPD_627312540871,3,25559,25559
zscreen_original_graph_v1:zel028_a549:8316,zscreen_original_graph_v1,zel028_a549,8316,CPD_801449570339,4,32513,32513
zscreen_original_graph_v1:zel028_a549:8316,zscreen_original_graph_v1,zel028_a549,8316,CPD_951425271239,5,38638,38638
zscreen_original_graph_v1:zel028_a549:8412,zscreen_original_graph_v1,zel028_a549,8412,CPD_215167272529,0,8857,8857
zscreen_original_graph_v1:zel028_a549:8412,zscreen_original_graph_v1,zel028_a549,8412,CPD_456034754146,1,18647,18647
zscreen_original_graph_v1:zel028_a549:8412,zscreen_original_graph_v1,zel028_a549,8412,CPD_730033393989,2,29654,29654
zscreen_original_graph_v1:zel028_a549:8424,zscreen_original_graph_v1,zel028_a549,8424,CPD_215682398583,0,8872,8872
zscreen_original_graph_v1:zel028_a549:8424,zscreen_original_graph_v1,zel028_a549,8424,CPD_305549810783,1,12614,12614
zscreen_original_graph_v1:zel028_a549:8424,zscreen_original_graph_v1,zel028_a549,8424,CPD_368403983858,2,15133,15133
zscreen_original_graph_v1:zel028_a549:8428,zscreen_original_graph_v1,zel028_a549,8428,CPD_215807741733,0,8877,8877
zscreen_original_graph_v1:zel028_a549:8428,zscreen_original_graph_v1,zel028_a549,8428,CPD_283891514301,1,11688,11688
zscreen_original_graph_v1:zel028_a549:8428,zscreen_original_graph_v1,zel028_a549,8428,CPD_679313240987,2,27591,27591
zscreen_original_graph_v1:zel028_a549:8428,zscreen_original_graph_v1,zel028_a549,8428,CPD_711387703336,3,28874,28874
zscreen_original_graph_v1:zel028_a549:8428,zscreen_original_graph_v1,zel028_a549,8428,CPD_770614868384,4,31297,31297
zscreen_original_graph_v1:zel028_a549:8428,zscreen_original_graph_v1,zel028_a549,8428,CPD_952205821793,5,38673,38673
zscreen_original_graph_v1:zel028_a549:8468,zscreen_original_graph_v1,zel028_a549,8468,CPD_216948497486,0,8920,8920
zscreen_original_graph_v1:zel028_a549:8468,zscreen_original_graph_v1,zel028_a549,8468,CPD_354313612652,1,14609,14609
zscreen_original_graph_v1:zel028_a549:8468,zscreen_original_graph_v1,zel028_a549,8468,CPD_440994175126,2,18056,18056
zscreen_original_graph_v1:zel028_a549:8559,zscreen_original_graph_v1,zel028_a549,8559,CPD_219432958470,0,9015,9015
zscreen_original_graph_v1:zel028_a549:8559,zscreen_original_graph_v1,zel028_a549,8559,CPD_617294754804,1,25129,25129
zscreen_original_graph_v1:zel028_a549:8559,zscreen_original_graph_v1,zel028_a549,8559,CPD_742665190569,2,30146,30146
zscreen_original_graph_v1:zel028_a549:8559,zscreen_original_graph_v1,zel028_a549,8559,CPD_753992099817,3,30624,30624
zscreen_original_graph_v1:zel028_a549:8618,zscreen_original_graph_v1,zel028_a549,8618,CPD_220881372636,0,9076,9076
zscreen_original_graph_v1:zel028_a549:8618,zscreen_original_graph_v1,zel028_a549,8618,CPD_691594935296,1,28098,28098
zscreen_original_graph_v1:zel028_a549:8618,zscreen_original_graph_v1,zel028_a549,8618,CPD_776416226801,2,31554,31554
zscreen_original_graph_v1:zel028_a549:8674,zscreen_original_graph_v1,zel028_a549,8674,CPD_222195806094,0,9135,9135
zscreen_original_graph_v1:zel028_a549:8674,zscreen_original_graph_v1,zel028_a549,8674,CPD_450814955858,1,18443,18443
zscreen_original_graph_v1:zel028_a549:8674,zscreen_original_graph_v1,zel028_a549,8674,CPD_740800895366,2,30076,30076
zscreen_original_graph_v1:zel028_a549:8746,zscreen_original_graph_v1,zel028_a549,8746,CPD_223848425954,0,9220,9220
zscreen_original_graph_v1:zel028_a549:8746,zscreen_original_graph_v1,zel028_a549,8746,CPD_528919964749,1,21690,21690
zscreen_original_graph_v1:zel028_a549:8746,zscreen_original_graph_v1,zel028_a549,8746,CPD_595063728872,2,24214,24214
zscreen_original_graph_v1:zel028_a549:8746,zscreen_original_graph_v1,zel028_a549,8746,CPD_639737022029,3,26033,26033
zscreen_original_graph_v1:zel028_a549:8746,zscreen_original_graph_v1,zel028_a549,8746,CPD_749370811180,4,30437,30437
zscreen_original_graph_v1:zel028_a549:8746,zscreen_original_graph_v1,zel028_a549,8746,CPD_905010162344,5,36728,36728
zscreen_original_graph_v1:zel028_a549:8746,zscreen_original_graph_v1,zel028_a549,8746,CPD_920343218648,6,37375,37375
zscreen_original_graph_v1:zel028_a549:8836,zscreen_original_graph_v1,zel028_a549,8836,CPD_226152838637,0,9318,9318
zscreen_original_graph_v1:zel028_a549:8836,zscreen_original_graph_v1,zel028_a549,8836,CPD_292240646421,1,12040,12040
zscreen_original_graph_v1:zel028_a549:8836,zscreen_original_graph_v1,zel028_a549,8836,CPD_732949604735,2,29759,29759
zscreen_original_graph_v1:zel028_a549:8925,zscreen_original_graph_v1,zel028_a549,8925,CPD_228374528187,0,9411,9411
zscreen_original_graph_v1:zel028_a549:8925,zscreen_original_graph_v1,zel028_a549,8925,CPD_358774085668,1,14785,14785
zscreen_original_graph_v1:zel028_a549:8925,zscreen_original_graph_v1,zel028_a549,8925,CPD_976643989540,2,39652,39652
zscreen_original_graph_v1:zel028_a549:9131,zscreen_original_graph_v1,zel028_a549,9131,CPD_233252665100,0,9628,9628
zscreen_original_graph_v1:zel028_a549:9131,zscreen_original_graph_v1,zel028_a549,9131,CPD_423958652718,1,17391,17391
zscreen_original_graph_v1:zel028_a549:9131,zscreen_original_graph_v1,zel028_a549,9131,CPD_469819637961,2,19209,19209
zscreen_original_graph_v1:zel028_a549:9138,zscreen_original_graph_v1,zel028_a549,9138,CPD_233458760396,0,9636,9636
zscreen_original_graph_v1:zel028_a549:9138,zscreen_original_graph_v1,zel028_a549,9138,CPD_389242891394,1,15939,15939
zscreen_original_graph_v1:zel028_a549:9138,zscreen_original_graph_v1,zel028_a549,9138,CPD_458642344240,2,18768,18768
zscreen_original_graph_v1:zel028_a549:9138,zscreen_original_graph_v1,zel028_a549,9138,CPD_649054090242,3,26403,26403
zscreen_original_graph_v1:zel028_a549:9138,zscreen_original_graph_v1,zel028_a549,9138,CPD_811454800537,4,32929,32929
zscreen_original_graph_v1:zel028_a549:9197,zscreen_original_graph_v1,zel028_a549,9197,CPD_235060748740,0,9696,9696
zscreen_original_graph_v1:zel028_a549:9197,zscreen_original_graph_v1,zel028_a549,9197,CPD_265231199382,1,10929,10929
zscreen_original_graph_v1:zel028_a549:9197,zscreen_original_graph_v1,zel028_a549,9197,CPD_280877773133,2,11561,11561
zscreen_original_graph_v1:zel028_a549:9197,zscreen_original_graph_v1,zel028_a549,9197,CPD_414631059484,3,16984,16984
zscreen_original_graph_v1:zel028_a549:9197,zscreen_original_graph_v1,zel028_a549,9197,CPD_582170760312,4,23718,23718
zscreen_original_graph_v1:zel028_a549:9255,zscreen_original_graph_v1,zel028_a549,9255,CPD_236364187738,0,9758,9758
zscreen_original_graph_v1:zel028_a549:9255,zscreen_original_graph_v1,zel028_a549,9255,CPD_453258145568,1,18533,18533
zscreen_original_graph_v1:zel028_a549:9255,zscreen_original_graph_v1,zel028_a549,9255,CPD_458297153889,2,18747,18747
zscreen_original_graph_v1:zel028_a549:9255,zscreen_original_graph_v1,zel028_a549,9255,CPD_888763900779,3,36071,36071
zscreen_original_graph_v1:zel028_a549:9257,zscreen_original_graph_v1,zel028_a549,9257,CPD_236380779588,0,9760,9760
zscreen_original_graph_v1:zel028_a549:9257,zscreen_original_graph_v1,zel028_a549,9257,CPD_358044680456,1,14757,14757
zscreen_original_graph_v1:zel028_a549:9257,zscreen_original_graph_v1,zel028_a549,9257,CPD_893965490819,2,36277,36277
zscreen_original_graph_v1:zel028_a549:9298,zscreen_original_graph_v1,zel028_a549,9298,CPD_237278294729,0,9803,9803
zscreen_original_graph_v1:zel028_a549:9298,zscreen_original_graph_v1,zel028_a549,9298,CPD_332213393818,1,13650,13650
zscreen_original_graph_v1:zel028_a549:9298,zscreen_original_graph_v1,zel028_a549,9298,CPD_657248125640,2,26756,26756
zscreen_original_graph_v1:zel028_a549:9298,zscreen_original_graph_v1,zel028_a549,9298,CPD_864889468391,3,35118,35118
zscreen_original_graph_v1:zel028_a549:9330,zscreen_original_graph_v1,zel028_a549,9330,CPD_237921202113,0,9836,9836
zscreen_original_graph_v1:zel028_a549:9330,zscreen_original_graph_v1,zel028_a549,9330,CPD_443808049038,1,18167,18167
zscreen_original_graph_v1:zel028_a549:9330,zscreen_original_graph_v1,zel028_a549,9330,CPD_524843727655,2,21525,21525
zscreen_original_graph_v1:zel028_a549:9330,zscreen_original_graph_v1,zel028_a549,9330,CPD_529171241263,3,21705,21705
zscreen_original_graph_v1:zel028_a549:9373,zscreen_original_graph_v1,zel028_a549,9373,CPD_238859115740,0,9881,9881
zscreen_original_graph_v1:zel028_a549:9373,zscreen_original_graph_v1,zel028_a549,9373,CPD_283544395727,1,11674,11674
zscreen_original_graph_v1:zel028_a549:9373,zscreen_original_graph_v1,zel028_a549,9373,CPD_461216780746,2,18882,18882
zscreen_original_graph_v1:zel028_a549:9373,zscreen_original_graph_v1,zel028_a549,9373,CPD_511358018659,3,20979,20979
zscreen_original_graph_v1:zel028_a549:9373,zscreen_original_graph_v1,zel028_a549,9373,CPD_647146129760,4,26325,26325
zscreen_original_graph_v1:zel028_a549:9373,zscreen_original_graph_v1,zel028_a549,9373,CPD_647739750196,5,26348,26348
zscreen_original_graph_v1:zel028_a549:9373,zscreen_original_graph_v1,zel028_a549,9373,CPD_904287411456,6,36703,36703
zscreen_original_graph_v1:zel028_a549:9486,zscreen_original_graph_v1,zel028_a549,9486,CPD_241591368325,0,9999,9999
zscreen_original_graph_v1:zel028_a549:9486,zscreen_original_graph_v1,zel028_a549,9486,CPD_267838036810,1,11030,11030
zscreen_original_graph_v1:zel028_a549:9486,zscreen_original_graph_v1,zel028_a549,9486,CPD_414957431254,2,16996,16996
zscreen_original_graph_v1:zel028_a549:9725,zscreen_original_graph_v1,zel028_a549,9725,CPD_247974495223,0,10260,10260
zscreen_original_graph_v1:zel028_a549:9725,zscreen_original_graph_v1,zel028_a549,9725,CPD_314074856048,1,12958,12958
zscreen_original_graph_v1:zel028_a549:9725,zscreen_original_graph_v1,zel028_a549,9725,CPD_562228029483,2,22913,22913
zscreen_original_graph_v1:zel028_a549:9725,zscreen_original_graph_v1,zel028_a549,9725,CPD_962439427926,3,39092,39092
zscreen_original_graph_v1:zel028_a549:9935,zscreen_original_graph_v1,zel028_a549,9935,CPD_254054682180,0,10492,10492
zscreen_original_graph_v1:zel028_a549:9935,zscreen_original_graph_v1,zel028_a549,9935,CPD_349253618217,1,14381,14381
zscreen_original_graph_v1:zel028_a549:9935,zscreen_original_graph_v1,zel028_a549,9935,CPD_374510643892,2,15359,15359
zscreen_original_graph_v1:zel028_a549:9935,zscreen_original_graph_v1,zel028_a549,9935,CPD_393723674660,3,16117,16117
zscreen_original_graph_v1:zel028_a549:9935,zscreen_original_graph_v1,zel028_a549,9935,CPD_429599276553,4,17611,17611
zscreen_original_graph_v1:zel028_a549:9935,zscreen_original_graph_v1,zel028_a549,9935,CPD_439542509858,5,17992,17992
zscreen_original_graph_v1:zel028_a549:9935,zscreen_original_graph_v1,zel028_a549,9935,CPD_653918265833,6,26607,26607
zscreen_original_graph_v1:zel028_a549:9935,zscreen_original_graph_v1,zel028_a549,9935,CPD_675463339457,7,27471,27471
zscreen_original_graph_v1:zel028_a549:9935,zscreen_original_graph_v1,zel028_a549,9935,CPD_682502445840,8,27721,27721
zscreen_original_graph_v1:zel028_a549:9935,zscreen_original_graph_v1,zel028_a549,9935,CPD_701491514991,9,28497,28497
zscreen_original_graph_v1:zel028_a549:9935,zscreen_original_graph_v1,zel028_a549,9935,CPD_705754167860,10,28643,28643
zscreen_original_graph_v1:zel028_a549:9935,zscreen_original_graph_v1,zel028_a549,9935,CPD_901166130631,11,36571,36571
zscreen_original_graph_v1:zel028_a549:10046,zscreen_original_graph_v1,zel028_a549,10046,CPD_257334001448,0,10612,10612
zscreen_original_graph_v1:zel028_a549:10046,zscreen_original_graph_v1,zel028_a549,10046,CPD_347774202163,1,14314,14314
zscreen_original_graph_v1:zel028_a549:10046,zscreen_original_graph_v1,zel028_a549,10046,CPD_587103446221,2,23936,23936
zscreen_original_graph_v1:zel028_a549:10046,zscreen_original_graph_v1,zel028_a549,10046,CPD_917040054014,3,37232,37232
zscreen_original_graph_v1:zel028_a549:10048,zscreen_original_graph_v1,zel028_a549,10048,CPD_257334739391,0,10614,10614
zscreen_original_graph_v1:zel028_a549:10048,zscreen_original_graph_v1,zel028_a549,10048,CPD_284624539090,1,11723,11723
zscreen_original_graph_v1:zel028_a549:10048,zscreen_original_graph_v1,zel028_a549,10048,CPD_291358104985,2,11996,11996
zscreen_original_graph_v1:zel028_a549:10048,zscreen_original_graph_v1,zel028_a549,10048,CPD_458698751525,3,18770,18770
zscreen_original_graph_v1:zel028_a549:10048,zscreen_original_graph_v1,zel028_a549,10048,CPD_516507913562,4,21186,21186
zscreen_original_graph_v1:zel028_a549:10048,zscreen_original_graph_v1,zel028_a549,10048,CPD_540861232443,5,22110,22110
zscreen_original_graph_v1:zel028_a549:10048,zscreen_original_graph_v1,zel028_a549,10048,CPD_549850808989,6,22445,22445
zscreen_original_graph_v1:zel028_a549:10048,zscreen_original_graph_v1,zel028_a549,10048,CPD_583052138266,7,23745,23745
zscreen_original_graph_v1:zel028_a549:10048,zscreen_original_graph_v1,zel028_a549,10048,CPD_602966498121,8,24523,24523
zscreen_original_graph_v1:zel028_a549:10048,zscreen_original_graph_v1,zel028_a549,10048,CPD_638406395512,9,25973,25973
zscreen_original_graph_v1:zel028_a549:10048,zscreen_original_graph_v1,zel028_a549,10048,CPD_872689274609,10,35424,35424
zscreen_original_graph_v1:zel028_a549:10349,zscreen_original_graph_v1,zel028_a549,10349,CPD_265255418302,0,10931,10931
zscreen_original_graph_v1:zel028_a549:10349,zscreen_original_graph_v1,zel028_a549,10349,CPD_376652218283,1,15459,15459
zscreen_original_graph_v1:zel028_a549:10349,zscreen_original_graph_v1,zel028_a549,10349,CPD_496599993625,2,20348,20348
zscreen_original_graph_v1:zel028_a549:10349,zscreen_original_graph_v1,zel028_a549,10349,CPD_555042366432,3,22654,22654
zscreen_original_graph_v1:zel028_a549:10471,zscreen_original_graph_v1,zel028_a549,10471,CPD_268797423038,0,11059,11059
zscreen_original_graph_v1:zel028_a549:10471,zscreen_original_graph_v1,zel028_a549,10471,CPD_457149669615,1,18694,18694
zscreen_original_graph_v1:zel028_a549:10471,zscreen_original_graph_v1,zel028_a549,10471,CPD_677288691552,2,27533,27533
zscreen_original_graph_v1:zel028_a549:10549,zscreen_original_graph_v1,zel028_a549,10549,CPD_270578497772,0,11144,11144
zscreen_original_graph_v1:zel028_a549:10549,zscreen_original_graph_v1,zel028_a549,10549,CPD_326579041476,1,13430,13430
zscreen_original_graph_v1:zel028_a549:10549,zscreen_original_graph_v1,zel028_a549,10549,CPD_991170089085,2,40241,40241
zscreen_original_graph_v1:zel028_a549:10561,zscreen_original_graph_v1,zel028_a549,10561,CPD_270957839158,0,11156,11156
zscreen_original_graph_v1:zel028_a549:10561,zscreen_original_graph_v1,zel028_a549,10561,CPD_314074722067,1,12957,12957
zscreen_original_graph_v1:zel028_a549:10561,zscreen_original_graph_v1,zel028_a549,10561,CPD_509166150873,2,20890,20890
zscreen_original_graph_v1:zel028_a549:10561,zscreen_original_graph_v1,zel028_a549,10561,CPD_589669636958,3,24016,24016
zscreen_original_graph_v1:zel028_a549:10561,zscreen_original_graph_v1,zel028_a549,10561,CPD_878307017368,4,35651,35651
zscreen_original_graph_v1:zel028_a549:10562,zscreen_original_graph_v1,zel028_a549,10562,CPD_271012081457,0,11157,11157
zscreen_original_graph_v1:zel028_a549:10562,zscreen_original_graph_v1,zel028_a549,10562,CPD_374982639561,1,15372,15372
zscreen_original_graph_v1:zel028_a549:10562,zscreen_original_graph_v1,zel028_a549,10562,CPD_918333531670,2,37280,37280
zscreen_original_graph_v1:zel028_a549:10562,zscreen_original_graph_v1,zel028_a549,10562,CPD_992235293846,3,40285,40285
zscreen_original_graph_v1:zel028_a549:10577,zscreen_original_graph_v1,zel028_a549,10577,CPD_271323197043,0,11173,11173
zscreen_original_graph_v1:zel028_a549:10577,zscreen_original_graph_v1,zel028_a549,10577,CPD_634473020170,1,25828,25828
zscreen_original_graph_v1:zel028_a549:10577,zscreen_original_graph_v1,zel028_a549,10577,CPD_657303951056,2,26757,26757
zscreen_original_graph_v1:zel028_a549:10605,zscreen_original_graph_v1,zel028_a549,10605,CPD_271944942622,0,11202,11202
zscreen_original_graph_v1:zel028_a549:10605,zscreen_original_graph_v1,zel028_a549,10605,CPD_337116010095,1,13871,13871
zscreen_original_graph_v1:zel028_a549:10605,zscreen_original_graph_v1,zel028_a549,10605,CPD_431408819300,2,17693,17693
zscreen_original_graph_v1:zel028_a549:10660,zscreen_original_graph_v1,zel028_a549,10660,CPD_273463799755,0,11262,11262
zscreen_original_graph_v1:zel028_a549:10660,zscreen_original_graph_v1,zel028_a549,10660,CPD_340669426926,1,14033,14033
zscreen_original_graph_v1:zel028_a549:10660,zscreen_original_graph_v1,zel028_a549,10660,CPD_543339440046,2,22218,22218
zscreen_original_graph_v1:zel028_a549:10660,zscreen_original_graph_v1,zel028_a549,10660,CPD_616011755209,3,25077,25077
zscreen_original_graph_v1:zel028_a549:10678,zscreen_original_graph_v1,zel028_a549,10678,CPD_273891814941,0,11283,11283
zscreen_original_graph_v1:zel028_a549:10678,zscreen_original_graph_v1,zel028_a549,10678,CPD_284115998893,1,11698,11698
zscreen_original_graph_v1:zel028_a549:10678,zscreen_original_graph_v1,zel028_a549,10678,CPD_321525099366,2,13247,13247
zscreen_original_graph_v1:zel028_a549:10678,zscreen_original_graph_v1,zel028_a549,10678,CPD_525056578648,3,21534,21534
zscreen_original_graph_v1:zel028_a549:10819,zscreen_original_graph_v1,zel028_a549,10819,CPD_277749885660,0,11433,11433
zscreen_original_graph_v1:zel028_a549:10819,zscreen_original_graph_v1,zel028_a549,10819,CPD_694727814162,1,28217,28217
zscreen_original_graph_v1:zel028_a549:10819,zscreen_original_graph_v1,zel028_a549,10819,CPD_758873153588,2,30835,30835
zscreen_original_graph_v1:zel028_a549:10819,zscreen_original_graph_v1,zel028_a549,10819,CPD_916004252897,3,37172,37172
zscreen_original_graph_v1:zel028_a549:11005,zscreen_original_graph_v1,zel028_a549,11005,CPD_282687454439,0,11629,11629
zscreen_original_graph_v1:zel028_a549:11005,zscreen_original_graph_v1,zel028_a549,11005,CPD_572801641788,1,23348,23348
zscreen_original_graph_v1:zel028_a549:11005,zscreen_original_graph_v1,zel028_a549,11005,CPD_572838714063,2,23351,23351
zscreen_original_graph_v1:zel028_a549:11047,zscreen_original_graph_v1,zel028_a549,11047,CPD_283597381483,0,11675,11675
zscreen_original_graph_v1:zel028_a549:11047,zscreen_original_graph_v1,zel028_a549,11047,CPD_437116716935,1,17901,17901
zscreen_original_graph_v1:zel028_a549:11047,zscreen_original_graph_v1,zel028_a549,11047,CPD_576811410076,2,23505,23505
zscreen_original_graph_v1:zel028_a549:11156,zscreen_original_graph_v1,zel028_a549,11156,CPD_286601097894,0,11800,11800
zscreen_original_graph_v1:zel028_a549:11156,zscreen_original_graph_v1,zel028_a549,11156,CPD_482712698633,1,19772,19772
zscreen_original_graph_v1:zel028_a549:11156,zscreen_original_graph_v1,zel028_a549,11156,CPD_654153213185,2,26621,26621
zscreen_original_graph_v1:zel028_a549:11188,zscreen_original_graph_v1,zel028_a549,11188,CPD_287284285832,0,11833,11833
zscreen_original_graph_v1:zel028_a549:11188,zscreen_original_graph_v1,zel028_a549,11188,CPD_309326940770,1,12773,12773
zscreen_original_graph_v1:zel028_a549:11188,zscreen_original_graph_v1,zel028_a549,11188,CPD_654139191658,2,26620,26620
zscreen_original_graph_v1:zel028_a549:11188,zscreen_original_graph_v1,zel028_a549,11188,CPD_762984505591,3,30997,30997
zscreen_original_graph_v1:zel028_a549:11253,zscreen_original_graph_v1,zel028_a549,11253,CPD_288943396664,0,11904,11904
zscreen_original_graph_v1:zel028_a549:11253,zscreen_original_graph_v1,zel028_a549,11253,CPD_301180327372,1,12428,12428
zscreen_original_graph_v1:zel028_a549:11253,zscreen_original_graph_v1,zel028_a549,11253,CPD_901267192783,2,36575,36575
zscreen_original_graph_v1:zel028_a549:11473,zscreen_original_graph_v1,zel028_a549,11473,CPD_294786195995,0,12153,12153
zscreen_original_graph_v1:zel028_a549:11473,zscreen_original_graph_v1,zel028_a549,11473,CPD_338710987411,1,13936,13936
zscreen_original_graph_v1:zel028_a549:11473,zscreen_original_graph_v1,zel028_a549,11473,CPD_511977107049,2,21003,21003
zscreen_original_graph_v1:zel028_a549:11473,zscreen_original_graph_v1,zel028_a549,11473,CPD_517737232751,3,21230,21230
zscreen_original_graph_v1:zel028_a549:11522,zscreen_original_graph_v1,zel028_a549,11522,CPD_296194765374,0,12205,12205
zscreen_original_graph_v1:zel028_a549:11522,zscreen_original_graph_v1,zel028_a549,11522,CPD_574080627567,1,23403,23403
zscreen_original_graph_v1:zel028_a549:11522,zscreen_original_graph_v1,zel028_a549,11522,CPD_847964870653,2,34457,34457
zscreen_original_graph_v1:zel028_a549:11532,zscreen_original_graph_v1,zel028_a549,11532,CPD_296377753568,0,12217,12217
zscreen_original_graph_v1:zel028_a549:11532,zscreen_original_graph_v1,zel028_a549,11532,CPD_692089467357,1,28118,28118
zscreen_original_graph_v1:zel028_a549:11532,zscreen_original_graph_v1,zel028_a549,11532,CPD_759746519037,2,30868,30868
zscreen_original_graph_v1:zel028_a549:11532,zscreen_original_graph_v1,zel028_a549,11532,CPD_837080320836,3,34007,34007
zscreen_original_graph_v1:zel028_a549:11532,zscreen_original_graph_v1,zel028_a549,11532,CPD_979724497878,4,39782,39782
zscreen_original_graph_v1:zel028_a549:11532,zscreen_original_graph_v1,zel028_a549,11532,CPD_983089360847,5,39930,39930
zscreen_original_graph_v1:zel028_a549:11721,zscreen_original_graph_v1,zel028_a549,11721,CPD_300915498370,0,12415,12415
zscreen_original_graph_v1:zel028_a549:11721,zscreen_original_graph_v1,zel028_a549,11721,CPD_320055898260,1,13183,13183
zscreen_original_graph_v1:zel028_a549:11721,zscreen_original_graph_v1,zel028_a549,11721,CPD_332803050423,2,13676,13676
zscreen_original_graph_v1:zel028_a549:11721,zscreen_original_graph_v1,zel028_a549,11721,CPD_525813203246,3,21559,21559
zscreen_original_graph_v1:zel028_a549:11721,zscreen_original_graph_v1,zel028_a549,11721,CPD_613157735635,4,24960,24960
zscreen_original_graph_v1:zel028_a549:11796,zscreen_original_graph_v1,zel028_a549,11796,CPD_302927582002,0,12494,12494
zscreen_original_graph_v1:zel028_a549:11796,zscreen_original_graph_v1,zel028_a549,11796,CPD_584324337754,1,23812,23812
zscreen_original_graph_v1:zel028_a549:11796,zscreen_original_graph_v1,zel028_a549,11796,CPD_680686600809,2,27659,27659
zscreen_original_graph_v1:zel028_a549:11796,zscreen_original_graph_v1,zel028_a549,11796,CPD_848376657195,3,34475,34475
zscreen_original_graph_v1:zel028_a549:11946,zscreen_original_graph_v1,zel028_a549,11946,CPD_306662247435,0,12659,12659
zscreen_original_graph_v1:zel028_a549:11946,zscreen_original_graph_v1,zel028_a549,11946,CPD_385289851603,1,15780,15780
zscreen_original_graph_v1:zel028_a549:11946,zscreen_original_graph_v1,zel028_a549,11946,CPD_590684961291,2,24059,24059
zscreen_original_graph_v1:zel028_a549:11975,zscreen_original_graph_v1,zel028_a549,11975,CPD_307489768681,0,12691,12691
zscreen_original_graph_v1:zel028_a549:11975,zscreen_original_graph_v1,zel028_a549,11975,CPD_754074710807,1,30629,30629
zscreen_original_graph_v1:zel028_a549:11975,zscreen_original_graph_v1,zel028_a549,11975,CPD_934673043659,2,37930,37930
zscreen_original_graph_v1:zel028_a549:12149,zscreen_original_graph_v1,zel028_a549,12149,CPD_311986265015,0,12888,12888
zscreen_original_graph_v1:zel028_a549:12149,zscreen_original_graph_v1,zel028_a549,12149,CPD_344058597576,1,14163,14163
zscreen_original_graph_v1:zel028_a549:12149,zscreen_original_graph_v1,zel028_a549,12149,CPD_906114607999,2,36769,36769
zscreen_original_graph_v1:zel028_a549:12156,zscreen_original_graph_v1,zel028_a549,12156,CPD_312254907360,0,12896,12896
zscreen_original_graph_v1:zel028_a549:12156,zscreen_original_graph_v1,zel028_a549,12156,CPD_355251269297,1,14653,14653
zscreen_original_graph_v1:zel028_a549:12156,zscreen_original_graph_v1,zel028_a549,12156,CPD_601387920629,2,24453,24453
zscreen_original_graph_v1:zel028_a549:12227,zscreen_original_graph_v1,zel028_a549,12227,CPD_314430704231,0,12975,12975
zscreen_original_graph_v1:zel028_a549:12227,zscreen_original_graph_v1,zel028_a549,12227,CPD_592652085302,1,24130,24130
zscreen_original_graph_v1:zel028_a549:12227,zscreen_original_graph_v1,zel028_a549,12227,CPD_616911580764,2,25115,25115
zscreen_original_graph_v1:zel028_a549:12227,zscreen_original_graph_v1,zel028_a549,12227,CPD_793056693550,3,32183,32183
zscreen_original_graph_v1:zel028_a549:12352,zscreen_original_graph_v1,zel028_a549,12352,CPD_318018997237,0,13109,13109
zscreen_original_graph_v1:zel028_a549:12352,zscreen_original_graph_v1,zel028_a549,12352,CPD_747622576330,1,30363,30363
zscreen_original_graph_v1:zel028_a549:12352,zscreen_original_graph_v1,zel028_a549,12352,CPD_809589813904,2,32862,32862
zscreen_original_graph_v1:zel028_a549:12451,zscreen_original_graph_v1,zel028_a549,12451,CPD_320737552642,0,13214,13214
zscreen_original_graph_v1:zel028_a549:12451,zscreen_original_graph_v1,zel028_a549,12451,CPD_478596573554,1,19603,19603
zscreen_original_graph_v1:zel028_a549:12451,zscreen_original_graph_v1,zel028_a549,12451,CPD_527411080583,2,21621,21621
zscreen_original_graph_v1:zel028_a549:12451,zscreen_original_graph_v1,zel028_a549,12451,CPD_592225155798,3,24106,24106
zscreen_original_graph_v1:zel028_a549:12451,zscreen_original_graph_v1,zel028_a549,12451,CPD_788908981322,4,32020,32020
zscreen_original_graph_v1:zel028_a549:12451,zscreen_original_graph_v1,zel028_a549,12451,CPD_887821661558,5,36027,36027
zscreen_original_graph_v1:zel028_a549:12451,zscreen_original_graph_v1,zel028_a549,12451,CPD_937108096409,6,38037,38037
zscreen_original_graph_v1:zel028_a549:12452,zscreen_original_graph_v1,zel028_a549,12452,CPD_320750157257,0,13215,13215
zscreen_original_graph_v1:zel028_a549:12452,zscreen_original_graph_v1,zel028_a549,12452,CPD_504408704443,1,20672,20672
zscreen_original_graph_v1:zel028_a549:12452,zscreen_original_graph_v1,zel028_a549,12452,CPD_692235129370,2,28123,28123
zscreen_original_graph_v1:zel028_a549:12452,zscreen_original_graph_v1,zel028_a549,12452,CPD_800298937609,3,32470,32470
zscreen_original_graph_v1:zel028_a549:12489,zscreen_original_graph_v1,zel028_a549,12489,CPD_321911906265,0,13260,13260
zscreen_original_graph_v1:zel028_a549:12489,zscreen_original_graph_v1,zel028_a549,12489,CPD_987644236952,1,40109,40109
zscreen_original_graph_v1:zel028_a549:12489,zscreen_original_graph_v1,zel028_a549,12489,CPD_999015018173,2,40583,40583
zscreen_original_graph_v1:zel028_a549:12926,zscreen_original_graph_v1,zel028_a549,12926,CPD_334168038799,0,13733,13733
zscreen_original_graph_v1:zel028_a549:12926,zscreen_original_graph_v1,zel028_a549,12926,CPD_505839823047,1,20748,20748
zscreen_original_graph_v1:zel028_a549:12926,zscreen_original_graph_v1,zel028_a549,12926,CPD_912286597763,2,37023,37023
zscreen_original_graph_v1:zel028_a549:12935,zscreen_original_graph_v1,zel028_a549,12935,CPD_334294736849,0,13742,13742
zscreen_original_graph_v1:zel028_a549:12935,zscreen_original_graph_v1,zel028_a549,12935,CPD_361442990439,1,14877,14877
zscreen_original_graph_v1:zel028_a549:12935,zscreen_original_graph_v1,zel028_a549,12935,CPD_463817023176,2,18990,18990
zscreen_original_graph_v1:zel028_a549:13015,zscreen_original_graph_v1,zel028_a549,13015,CPD_335982652549,0,13826,13826
zscreen_original_graph_v1:zel028_a549:13015,zscreen_original_graph_v1,zel028_a549,13015,CPD_553940544555,1,22609,22609
zscreen_original_graph_v1:zel028_a549:13015,zscreen_original_graph_v1,zel028_a549,13015,CPD_600133730246,2,24407,24407
zscreen_original_graph_v1:zel028_a549:13177,zscreen_original_graph_v1,zel028_a549,13177,CPD_340200364882,0,14006,14006
zscreen_original_graph_v1:zel028_a549:13177,zscreen_original_graph_v1,zel028_a549,13177,CPD_644627404433,1,26224,26224
zscreen_original_graph_v1:zel028_a549:13177,zscreen_original_graph_v1,zel028_a549,13177,CPD_650117449045,2,26444,26444
zscreen_original_graph_v1:zel028_a549:13243,zscreen_original_graph_v1,zel028_a549,13243,CPD_341593841432,0,14075,14075
zscreen_original_graph_v1:zel028_a549:13243,zscreen_original_graph_v1,zel028_a549,13243,CPD_347288616055,1,14292,14292
zscreen_original_graph_v1:zel028_a549:13243,zscreen_original_graph_v1,zel028_a549,13243,CPD_616743298188,2,25105,25105
zscreen_original_graph_v1:zel028_a549:13243,zscreen_original_graph_v1,zel028_a549,13243,CPD_761226617720,3,30924,30924
zscreen_original_graph_v1:zel028_a549:13243,zscreen_original_graph_v1,zel028_a549,13243,CPD_866893377860,4,35204,35204
zscreen_original_graph_v1:zel028_a549:13391,zscreen_original_graph_v1,zel028_a549,13391,CPD_345792673563,0,14233,14233
zscreen_original_graph_v1:zel028_a549:13391,zscreen_original_graph_v1,zel028_a549,13391,CPD_547525580330,1,22364,22364
zscreen_original_graph_v1:zel028_a549:13391,zscreen_original_graph_v1,zel028_a549,13391,CPD_907078481548,2,36806,36806
zscreen_original_graph_v1:zel028_a549:13406,zscreen_original_graph_v1,zel028_a549,13406,CPD_346292569154,0,14250,14250
zscreen_original_graph_v1:zel028_a549:13406,zscreen_original_graph_v1,zel028_a549,13406,CPD_618584575794,1,25184,25184
zscreen_original_graph_v1:zel028_a549:13406,zscreen_original_graph_v1,zel028_a549,13406,CPD_860670055970,2,34971,34971
zscreen_original_graph_v1:zel028_a549:13582,zscreen_original_graph_v1,zel028_a549,13582,CPD_350499688478,0,14439,14439
zscreen_original_graph_v1:zel028_a549:13582,zscreen_original_graph_v1,zel028_a549,13582,CPD_688900405318,1,27973,27973
zscreen_original_graph_v1:zel028_a549:13582,zscreen_original_graph_v1,zel028_a549,13582,CPD_844841949088,2,34337,34337
zscreen_original_graph_v1:zel028_a549:13699,zscreen_original_graph_v1,zel028_a549,13699,CPD_353305706841,0,14570,14570
zscreen_original_graph_v1:zel028_a549:13699,zscreen_original_graph_v1,zel028_a549,13699,CPD_354785064639,1,14625,14625
zscreen_original_graph_v1:zel028_a549:13699,zscreen_original_graph_v1,zel028_a549,13699,CPD_771910206343,2,31354,31354
zscreen_original_graph_v1:zel028_a549:13699,zscreen_original_graph_v1,zel028_a549,13699,CPD_909220181791,3,36906,36906
zscreen_original_graph_v1:zel028_a549:13881,zscreen_original_graph_v1,zel028_a549,13881,CPD_358431518633,0,14772,14772
zscreen_original_graph_v1:zel028_a549:13881,zscreen_original_graph_v1,zel028_a549,13881,CPD_569976840076,1,23238,23238
zscreen_original_graph_v1:zel028_a549:13881,zscreen_original_graph_v1,zel028_a549,13881,CPD_783038376706,2,31819,31819
zscreen_original_graph_v1:zel028_a549:13911,zscreen_original_graph_v1,zel028_a549,13911,CPD_359581408761,0,14804,14804
zscreen_original_graph_v1:zel028_a549:13911,zscreen_original_graph_v1,zel028_a549,13911,CPD_469985809205,1,19220,19220
zscreen_original_graph_v1:zel028_a549:13911,zscreen_original_graph_v1,zel028_a549,13911,CPD_602094367160,2,24488,24488
zscreen_original_graph_v1:zel028_a549:13960,zscreen_original_graph_v1,zel028_a549,13960,CPD_361024660566,0,14853,14853
zscreen_original_graph_v1:zel028_a549:13960,zscreen_original_graph_v1,zel028_a549,13960,CPD_390095773433,1,15963,15963
zscreen_original_graph_v1:zel028_a549:13960,zscreen_original_graph_v1,zel028_a549,13960,CPD_618565053038,2,25182,25182
zscreen_original_graph_v1:zel028_a549:13983,zscreen_original_graph_v1,zel028_a549,13983,CPD_361440910585,0,14876,14876
zscreen_original_graph_v1:zel028_a549:13983,zscreen_original_graph_v1,zel028_a549,13983,CPD_586051080955,1,23879,23879
zscreen_original_graph_v1:zel028_a549:13983,zscreen_original_graph_v1,zel028_a549,13983,CPD_826757086860,2,33579,33579
zscreen_original_graph_v1:zel028_a549:14060,zscreen_original_graph_v1,zel028_a549,14060,CPD_363638961027,0,14956,14956
zscreen_original_graph_v1:zel028_a549:14060,zscreen_original_graph_v1,zel028_a549,14060,CPD_603360005384,1,24538,24538
zscreen_original_graph_v1:zel028_a549:14060,zscreen_original_graph_v1,zel028_a549,14060,CPD_815596796893,2,33090,33090
zscreen_original_graph_v1:zel028_a549:14060,zscreen_original_graph_v1,zel028_a549,14060,CPD_818074841799,3,33195,33195
zscreen_original_graph_v1:zel028_a549:14133,zscreen_original_graph_v1,zel028_a549,14133,CPD_365587781910,0,15036,15036
zscreen_original_graph_v1:zel028_a549:14133,zscreen_original_graph_v1,zel028_a549,14133,CPD_706865665672,1,28691,28691
zscreen_original_graph_v1:zel028_a549:14133,zscreen_original_graph_v1,zel028_a549,14133,CPD_926236164031,2,37616,37616
zscreen_original_graph_v1:zel028_a549:14362,zscreen_original_graph_v1,zel028_a549,14362,CPD_372081511907,0,15280,15280
zscreen_original_graph_v1:zel028_a549:14362,zscreen_original_graph_v1,zel028_a549,14362,CPD_411866587679,1,16864,16864
zscreen_original_graph_v1:zel028_a549:14362,zscreen_original_graph_v1,zel028_a549,14362,CPD_693825484443,2,28176,28176
zscreen_original_graph_v1:zel028_a549:14381,zscreen_original_graph_v1,zel028_a549,14381,CPD_373057705202,0,15302,15302
zscreen_original_graph_v1:zel028_a549:14381,zscreen_original_graph_v1,zel028_a549,14381,CPD_493953665031,1,20260,20260
zscreen_original_graph_v1:zel028_a549:14381,zscreen_original_graph_v1,zel028_a549,14381,CPD_730199474754,2,29660,29660
zscreen_original_graph_v1:zel028_a549:14381,zscreen_original_graph_v1,zel028_a549,14381,CPD_781459921124,3,31760,31760
zscreen_original_graph_v1:zel028_a549:14381,zscreen_original_graph_v1,zel028_a549,14381,CPD_828508637250,4,33658,33658
zscreen_original_graph_v1:zel028_a549:14381,zscreen_original_graph_v1,zel028_a549,14381,CPD_854355006368,5,34694,34694
zscreen_original_graph_v1:zel028_a549:14381,zscreen_original_graph_v1,zel028_a549,14381,CPD_876658880208,6,35594,35594
zscreen_original_graph_v1:zel028_a549:14381,zscreen_original_graph_v1,zel028_a549,14381,CPD_964531426412,7,39182,39182
zscreen_original_graph_v1:zel028_a549:15573,zscreen_original_graph_v1,zel028_a549,15573,CPD_404577777685,0,16583,16583
zscreen_original_graph_v1:zel028_a549:15573,zscreen_original_graph_v1,zel028_a549,15573,CPD_670979596498,1,27290,27290
zscreen_original_graph_v1:zel028_a549:15573,zscreen_original_graph_v1,zel028_a549,15573,CPD_929568169303,2,37743,37743
zscreen_original_graph_v1:zel028_a549:15573,zscreen_original_graph_v1,zel028_a549,15573,CPD_982413270664,3,39905,39905
zscreen_original_graph_v1:zel028_a549:15764,zscreen_original_graph_v1,zel028_a549,15764,CPD_410122312300,0,16792,16792
zscreen_original_graph_v1:zel028_a549:15764,zscreen_original_graph_v1,zel028_a549,15764,CPD_440700682308,1,18041,18041
zscreen_original_graph_v1:zel028_a549:15764,zscreen_original_graph_v1,zel028_a549,15764,CPD_640935775311,2,26076,26076
zscreen_original_graph_v1:zel028_a549:15764,zscreen_original_graph_v1,zel028_a549,15764,CPD_671932836383,3,27335,27335
zscreen_original_graph_v1:zel028_a549:15764,zscreen_original_graph_v1,zel028_a549,15764,CPD_730630551777,4,29675,29675
zscreen_original_graph_v1:zel028_a549:15764,zscreen_original_graph_v1,zel028_a549,15764,CPD_741317231361,5,30096,30096
zscreen_original_graph_v1:zel028_a549:15764,zscreen_original_graph_v1,zel028_a549,15764,CPD_790682960526,6,32086,32086
zscreen_original_graph_v1:zel028_a549:15764,zscreen_original_graph_v1,zel028_a549,15764,CPD_792209509976,7,32149,32149
zscreen_original_graph_v1:zel028_a549:15823,zscreen_original_graph_v1,zel028_a549,15823,CPD_411670287044,0,16858,16858
zscreen_original_graph_v1:zel028_a549:15823,zscreen_original_graph_v1,zel028_a549,15823,CPD_785159883090,1,31905,31905
zscreen_original_graph_v1:zel028_a549:15823,zscreen_original_graph_v1,zel028_a549,15823,CPD_908347172390,2,36852,36852
zscreen_original_graph_v1:zel028_a549:15909,zscreen_original_graph_v1,zel028_a549,15909,CPD_413805726298,0,16951,16951
zscreen_original_graph_v1:zel028_a549:15909,zscreen_original_graph_v1,zel028_a549,15909,CPD_720764739214,1,29279,29279
zscreen_original_graph_v1:zel028_a549:15909,zscreen_original_graph_v1,zel028_a549,15909,CPD_764790917361,2,31068,31068
zscreen_original_graph_v1:zel028_a549:15909,zscreen_original_graph_v1,zel028_a549,15909,CPD_783635466343,3,31844,31844
zscreen_original_graph_v1:zel028_a549:15973,zscreen_original_graph_v1,zel028_a549,15973,CPD_415715277327,0,17025,17025
zscreen_original_graph_v1:zel028_a549:15973,zscreen_original_graph_v1,zel028_a549,15973,CPD_530577676704,1,21764,21764
zscreen_original_graph_v1:zel028_a549:15973,zscreen_original_graph_v1,zel028_a549,15973,CPD_558537801213,2,22771,22771
zscreen_original_graph_v1:zel028_a549:16160,zscreen_original_graph_v1,zel028_a549,16160,CPD_420329418648,0,17221,17221
zscreen_original_graph_v1:zel028_a549:16160,zscreen_original_graph_v1,zel028_a549,16160,CPD_697443411220,1,28338,28338
zscreen_original_graph_v1:zel028_a549:16160,zscreen_original_graph_v1,zel028_a549,16160,CPD_813844543103,2,33025,33025
zscreen_original_graph_v1:zel028_a549:16229,zscreen_original_graph_v1,zel028_a549,16229,CPD_421746642155,0,17292,17292
zscreen_original_graph_v1:zel028_a549:16229,zscreen_original_graph_v1,zel028_a549,16229,CPD_819024344044,1,33235,33235
zscreen_original_graph_v1:zel028_a549:16229,zscreen_original_graph_v1,zel028_a549,16229,CPD_876885595330,2,35600,35600
zscreen_original_graph_v1:zel028_a549:16229,zscreen_original_graph_v1,zel028_a549,16229,CPD_926136742025,3,37609,37609
zscreen_original_graph_v1:zel028_a549:17068,zscreen_original_graph_v1,zel028_a549,17068,CPD_444695972060,0,18199,18199
zscreen_original_graph_v1:zel028_a549:17068,zscreen_original_graph_v1,zel028_a549,17068,CPD_543743382266,1,22236,22236
zscreen_original_graph_v1:zel028_a549:17068,zscreen_original_graph_v1,zel028_a549,17068,CPD_598121487294,2,24334,24334
zscreen_original_graph_v1:zel028_a549:17068,zscreen_original_graph_v1,zel028_a549,17068,CPD_637634035089,3,25940,25940
zscreen_original_graph_v1:zel028_a549:17068,zscreen_original_graph_v1,zel028_a549,17068,CPD_902795352046,4,36644,36644
zscreen_original_graph_v1:zel028_a549:17068,zscreen_original_graph_v1,zel028_a549,17068,CPD_962987668476,5,39113,39113
zscreen_original_graph_v1:zel028_a549:17101,zscreen_original_graph_v1,zel028_a549,17101,CPD_445333078902,0,18234,18234
zscreen_original_graph_v1:zel028_a549:17101,zscreen_original_graph_v1,zel028_a549,17101,CPD_509523785710,1,20910,20910
zscreen_original_graph_v1:zel028_a549:17101,zscreen_original_graph_v1,zel028_a549,17101,CPD_569760909380,2,23226,23226
zscreen_original_graph_v1:zel028_a549:17101,zscreen_original_graph_v1,zel028_a549,17101,CPD_905410986332,3,36744,36744
zscreen_original_graph_v1:zel028_a549:17324,zscreen_original_graph_v1,zel028_a549,17324,CPD_451657979086,0,18478,18478
zscreen_original_graph_v1:zel028_a549:17324,zscreen_original_graph_v1,zel028_a549,17324,CPD_530828030926,1,21774,21774
zscreen_original_graph_v1:zel028_a549:17324,zscreen_original_graph_v1,zel028_a549,17324,CPD_795937677622,2,32303,32303
zscreen_original_graph_v1:zel028_a549:17324,zscreen_original_graph_v1,zel028_a549,17324,CPD_939984373731,3,38151,38151
zscreen_original_graph_v1:zel028_a549:17378,zscreen_original_graph_v1,zel028_a549,17378,CPD_453335307836,0,18537,18537
zscreen_original_graph_v1:zel028_a549:17378,zscreen_original_graph_v1,zel028_a549,17378,CPD_648402968209,1,26372,26372
zscreen_original_graph_v1:zel028_a549:17378,zscreen_original_graph_v1,zel028_a549,17378,CPD_840050883876,2,34118,34118
zscreen_original_graph_v1:zel028_a549:17491,zscreen_original_graph_v1,zel028_a549,17491,CPD_456347322620,0,18658,18658
zscreen_original_graph_v1:zel028_a549:17491,zscreen_original_graph_v1,zel028_a549,17491,CPD_651126917128,1,26488,26488
zscreen_original_graph_v1:zel028_a549:17491,zscreen_original_graph_v1,zel028_a549,17491,CPD_934261718216,2,37921,37921
zscreen_original_graph_v1:zel028_a549:17903,zscreen_original_graph_v1,zel028_a549,17903,CPD_466921836562,0,19109,19109
zscreen_original_graph_v1:zel028_a549:17903,zscreen_original_graph_v1,zel028_a549,17903,CPD_543205990125,1,22209,22209
zscreen_original_graph_v1:zel028_a549:17903,zscreen_original_graph_v1,zel028_a549,17903,CPD_635580103173,2,25866,25866
zscreen_original_graph_v1:zel028_a549:17903,zscreen_original_graph_v1,zel028_a549,17903,CPD_862983298468,3,35044,35044
zscreen_original_graph_v1:zel028_a549:17913,zscreen_original_graph_v1,zel028_a549,17913,CPD_467184237374,0,19120,19120
zscreen_original_graph_v1:zel028_a549:17913,zscreen_original_graph_v1,zel028_a549,17913,CPD_625677020093,1,25491,25491
zscreen_original_graph_v1:zel028_a549:17913,zscreen_original_graph_v1,zel028_a549,17913,CPD_813122934287,2,32988,32988
zscreen_original_graph_v1:zel028_a549:18151,zscreen_original_graph_v1,zel028_a549,18151,CPD_473177013911,0,19378,19378
zscreen_original_graph_v1:zel028_a549:18151,zscreen_original_graph_v1,zel028_a549,18151,CPD_528623271083,1,21669,21669
zscreen_original_graph_v1:zel028_a549:18151,zscreen_original_graph_v1,zel028_a549,18151,CPD_610225288656,2,24845,24845
zscreen_original_graph_v1:zel028_a549:18362,zscreen_original_graph_v1,zel028_a549,18362,CPD_478499138232,0,19601,19601
zscreen_original_graph_v1:zel028_a549:18362,zscreen_original_graph_v1,zel028_a549,18362,CPD_484198302029,1,19853,19853
zscreen_original_graph_v1:zel028_a549:18362,zscreen_original_graph_v1,zel028_a549,18362,CPD_795694401687,2,32292,32292
zscreen_original_graph_v1:zel028_a549:18559,zscreen_original_graph_v1,zel028_a549,18559,CPD_483313706988,0,19815,19815
zscreen_original_graph_v1:zel028_a549:18559,zscreen_original_graph_v1,zel028_a549,18559,CPD_906304942501,1,36776,36776
zscreen_original_graph_v1:zel028_a549:18559,zscreen_original_graph_v1,zel028_a549,18559,CPD_921052965274,2,37408,37408
zscreen_original_graph_v1:zel028_a549:18627,zscreen_original_graph_v1,zel028_a549,18627,CPD_485462186576,0,19895,19895
zscreen_original_graph_v1:zel028_a549:18627,zscreen_original_graph_v1,zel028_a549,18627,CPD_761454514882,1,30931,30931
zscreen_original_graph_v1:zel028_a549:18627,zscreen_original_graph_v1,zel028_a549,18627,CPD_965571743914,2,39222,39222
zscreen_original_graph_v1:zel028_a549:18724,zscreen_original_graph_v1,zel028_a549,18724,CPD_487730540721,0,19999,19999
zscreen_original_graph_v1:zel028_a549:18724,zscreen_original_graph_v1,zel028_a549,18724,CPD_492856950365,1,20218,20218
zscreen_original_graph_v1:zel028_a549:18724,zscreen_original_graph_v1,zel028_a549,18724,CPD_510762096821,2,20958,20958
zscreen_original_graph_v1:zel028_a549:18724,zscreen_original_graph_v1,zel028_a549,18724,CPD_581448795443,3,23680,23680
zscreen_original_graph_v1:zel028_a549:19405,zscreen_original_graph_v1,zel028_a549,19405,CPD_505840874576,0,20749,20749
zscreen_original_graph_v1:zel028_a549:19405,zscreen_original_graph_v1,zel028_a549,19405,CPD_540279495713,1,22098,22098
zscreen_original_graph_v1:zel028_a549:19405,zscreen_original_graph_v1,zel028_a549,19405,CPD_650579530190,2,26466,26466
zscreen_original_graph_v1:zel028_a549:19405,zscreen_original_graph_v1,zel028_a549,19405,CPD_952917930198,3,38707,38707
zscreen_original_graph_v1:zel028_a549:20399,zscreen_original_graph_v1,zel028_a549,20399,CPD_532110020762,0,21821,21821
zscreen_original_graph_v1:zel028_a549:20399,zscreen_original_graph_v1,zel028_a549,20399,CPD_578625800758,1,23567,23567
zscreen_original_graph_v1:zel028_a549:20399,zscreen_original_graph_v1,zel028_a549,20399,CPD_591620646287,2,24085,24085
zscreen_original_graph_v1:zel028_a549:20743,zscreen_original_graph_v1,zel028_a549,20743,CPD_542874170964,0,22196,22196
zscreen_original_graph_v1:zel028_a549:20743,zscreen_original_graph_v1,zel028_a549,20743,CPD_813848347483,1,33026,33026
zscreen_original_graph_v1:zel028_a549:20743,zscreen_original_graph_v1,zel028_a549,20743,CPD_924099164881,2,37524,37524
zscreen_original_graph_v1:zel028_a549:20798,zscreen_original_graph_v1,zel028_a549,20798,CPD_544362369050,0,22258,22258
zscreen_original_graph_v1:zel028_a549:20798,zscreen_original_graph_v1,zel028_a549,20798,CPD_586589499993,1,23909,23909
zscreen_original_graph_v1:zel028_a549:20798,zscreen_original_graph_v1,zel028_a549,20798,CPD_739972882066,2,30043,30043
zscreen_original_graph_v1:zel028_a549:20823,zscreen_original_graph_v1,zel028_a549,20823,CPD_545164081291,0,22289,22289
zscreen_original_graph_v1:zel028_a549:20823,zscreen_original_graph_v1,zel028_a549,20823,CPD_723847549243,1,29398,29398
zscreen_original_graph_v1:zel028_a549:20823,zscreen_original_graph_v1,zel028_a549,20823,CPD_756968612190,2,30749,30749
zscreen_original_graph_v1:zel028_a549:20823,zscreen_original_graph_v1,zel028_a549,20823,CPD_774712599727,3,31474,31474
zscreen_original_graph_v1:zel028_a549:20961,zscreen_original_graph_v1,zel028_a549,20961,CPD_549569154849,0,22439,22439
zscreen_original_graph_v1:zel028_a549:20961,zscreen_original_graph_v1,zel028_a549,20961,CPD_648654381584,1,26382,26382
zscreen_original_graph_v1:zel028_a549:20961,zscreen_original_graph_v1,zel028_a549,20961,CPD_815605230120,2,33091,33091
zscreen_original_graph_v1:zel028_a549:20961,zscreen_original_graph_v1,zel028_a549,20961,CPD_840437069208,3,34137,34137
zscreen_original_graph_v1:zel028_a549:21023,zscreen_original_graph_v1,zel028_a549,21023,CPD_551407960421,0,22506,22506
zscreen_original_graph_v1:zel028_a549:21023,zscreen_original_graph_v1,zel028_a549,21023,CPD_761541190615,1,30938,30938
zscreen_original_graph_v1:zel028_a549:21023,zscreen_original_graph_v1,zel028_a549,21023,CPD_874310036061,2,35494,35494
zscreen_original_graph_v1:zel028_a549:21023,zscreen_original_graph_v1,zel028_a549,21023,CPD_877294880900,3,35618,35618
zscreen_original_graph_v1:zel028_a549:21156,zscreen_original_graph_v1,zel028_a549,21156,CPD_554821835109,0,22647,22647
zscreen_original_graph_v1:zel028_a549:21156,zscreen_original_graph_v1,zel028_a549,21156,CPD_652268235310,1,26540,26540
zscreen_original_graph_v1:zel028_a549:21156,zscreen_original_graph_v1,zel028_a549,21156,CPD_687138737714,2,27910,27910
zscreen_original_graph_v1:zel028_a549:21156,zscreen_original_graph_v1,zel028_a549,21156,CPD_903445759954,3,36676,36676
zscreen_original_graph_v1:zel028_a549:21238,zscreen_original_graph_v1,zel028_a549,21238,CPD_557272746009,0,22734,22734
zscreen_original_graph_v1:zel028_a549:21238,zscreen_original_graph_v1,zel028_a549,21238,CPD_682734217298,1,27737,27737
zscreen_original_graph_v1:zel028_a549:21238,zscreen_original_graph_v1,zel028_a549,21238,CPD_822682183223,2,33390,33390
zscreen_original_graph_v1:zel028_a549:21263,zscreen_original_graph_v1,zel028_a549,21263,CPD_558036187238,0,22760,22760
zscreen_original_graph_v1:zel028_a549:21263,zscreen_original_graph_v1,zel028_a549,21263,CPD_689937500803,1,28028,28028
zscreen_original_graph_v1:zel028_a549:21263,zscreen_original_graph_v1,zel028_a549,21263,CPD_752325309530,2,30557,30557
zscreen_original_graph_v1:zel028_a549:21265,zscreen_original_graph_v1,zel028_a549,21265,CPD_558077826022,0,22762,22762
zscreen_original_graph_v1:zel028_a549:21265,zscreen_original_graph_v1,zel028_a549,21265,CPD_727025614498,1,29536,29536
zscreen_original_graph_v1:zel028_a549:21265,zscreen_original_graph_v1,zel028_a549,21265,CPD_916945876724,2,37223,37223
zscreen_original_graph_v1:zel028_a549:21334,zscreen_original_graph_v1,zel028_a549,21334,CPD_560328781808,0,22841,22841
zscreen_original_graph_v1:zel028_a549:21334,zscreen_original_graph_v1,zel028_a549,21334,CPD_659366872079,1,26835,26835
zscreen_original_graph_v1:zel028_a549:21334,zscreen_original_graph_v1,zel028_a549,21334,CPD_780379821580,2,31712,31712
zscreen_original_graph_v1:zel028_a549:21425,zscreen_original_graph_v1,zel028_a549,21425,CPD_562842312173,0,22940,22940
zscreen_original_graph_v1:zel028_a549:21425,zscreen_original_graph_v1,zel028_a549,21425,CPD_672162776963,1,27349,27349
zscreen_original_graph_v1:zel028_a549:21425,zscreen_original_graph_v1,zel028_a549,21425,CPD_821452786945,2,33334,33334
zscreen_original_graph_v1:zel028_a549:21567,zscreen_original_graph_v1,zel028_a549,21567,CPD_566279905011,0,23088,23088
zscreen_original_graph_v1:zel028_a549:21567,zscreen_original_graph_v1,zel028_a549,21567,CPD_729913312420,1,29648,29648
zscreen_original_graph_v1:zel028_a549:21567,zscreen_original_graph_v1,zel028_a549,21567,CPD_863401922027,2,35059,35059
zscreen_original_graph_v1:zel028_a549:22150,zscreen_original_graph_v1,zel028_a549,22150,CPD_582102809984,0,23713,23713
zscreen_original_graph_v1:zel028_a549:22150,zscreen_original_graph_v1,zel028_a549,22150,CPD_706188963771,1,28666,28666
zscreen_original_graph_v1:zel028_a549:22150,zscreen_original_graph_v1,zel028_a549,22150,CPD_720509933199,2,29268,29268
zscreen_original_graph_v1:zel028_a549:22378,zscreen_original_graph_v1,zel028_a549,22378,CPD_588046249974,0,23966,23966
zscreen_original_graph_v1:zel028_a549:22378,zscreen_original_graph_v1,zel028_a549,22378,CPD_721787755543,1,29331,29331
zscreen_original_graph_v1:zel028_a549:22378,zscreen_original_graph_v1,zel028_a549,22378,CPD_980447039026,2,39817,39817
zscreen_original_graph_v1:zel028_a549:23235,zscreen_original_graph_v1,zel028_a549,23235,CPD_611688957902,0,24906,24906
zscreen_original_graph_v1:zel028_a549:23235,zscreen_original_graph_v1,zel028_a549,23235,CPD_695905265589,1,28263,28263
zscreen_original_graph_v1:zel028_a549:23235,zscreen_original_graph_v1,zel028_a549,23235,CPD_904256531352,2,36701,36701
zscreen_original_graph_v1:zel028_a549:25264,zscreen_original_graph_v1,zel028_a549,25264,CPD_666637308468,0,27117,27117
zscreen_original_graph_v1:zel028_a549:25264,zscreen_original_graph_v1,zel028_a549,25264,CPD_750716862259,1,30504,30504
zscreen_original_graph_v1:zel028_a549:25264,zscreen_original_graph_v1,zel028_a549,25264,CPD_874248951648,2,35493,35493
zscreen_original_graph_v1:zel028_a549:25264,zscreen_original_graph_v1,zel028_a549,25264,CPD_913238191408,3,37065,37065
zscreen_original_graph_v1:zel028_a549:25682,zscreen_original_graph_v1,zel028_a549,25682,CPD_678758669678,0,27573,27573
zscreen_original_graph_v1:zel028_a549:25682,zscreen_original_graph_v1,zel028_a549,25682,CPD_861360666059,1,34997,34997
zscreen_original_graph_v1:zel028_a549:25682,zscreen_original_graph_v1,zel028_a549,25682,CPD_938477400142,2,38098,38098
zscreen_original_graph_v1:zel028_a549:26074,zscreen_original_graph_v1,zel028_a549,26074,CPD_689353353363,0,27995,27995
zscreen_original_graph_v1:zel028_a549:26074,zscreen_original_graph_v1,zel028_a549,26074,CPD_850810740325,1,34562,34562
zscreen_original_graph_v1:zel028_a549:26074,zscreen_original_graph_v1,zel028_a549,26074,CPD_951824483423,2,38659,38659
zscreen_original_graph_v1:zel028_a549:26726,zscreen_original_graph_v1,zel028_a549,26726,CPD_706877807169,0,28693,28693
zscreen_original_graph_v1:zel028_a549:26726,zscreen_original_graph_v1,zel028_a549,26726,CPD_728494911631,1,29593,29593
zscreen_original_graph_v1:zel028_a549:26726,zscreen_original_graph_v1,zel028_a549,26726,CPD_934500177250,2,37927,37927
zscreen_original_graph_v1:zel028_a549:26749,zscreen_original_graph_v1,zel028_a549,26749,CPD_707632243664,0,28717,28717
zscreen_original_graph_v1:zel028_a549:26749,zscreen_original_graph_v1,zel028_a549,26749,CPD_758179395003,1,30809,30809
zscreen_original_graph_v1:zel028_a549:26749,zscreen_original_graph_v1,zel028_a549,26749,CPD_965882422668,2,39234,39234
zscreen_original_graph_v1:zel028_a549:26775,zscreen_original_graph_v1,zel028_a549,26775,CPD_708222428955,0,28744,28744
zscreen_original_graph_v1:zel028_a549:26775,zscreen_original_graph_v1,zel028_a549,26775,CPD_757052009917,1,30753,30753
zscreen_original_graph_v1:zel028_a549:26775,zscreen_original_graph_v1,zel028_a549,26775,CPD_936396506937,2,37997,37997
zscreen_original_graph_v1:zel028_a549:26775,zscreen_original_graph_v1,zel028_a549,26775,CPD_941214896985,3,38214,38214
zscreen_original_graph_v1:zel028_a549:26948,zscreen_original_graph_v1,zel028_a549,26948,CPD_712832947826,0,28936,28936
zscreen_original_graph_v1:zel028_a549:26948,zscreen_original_graph_v1,zel028_a549,26948,CPD_747146381808,1,30341,30341
zscreen_original_graph_v1:zel028_a549:26948,zscreen_original_graph_v1,zel028_a549,26948,CPD_815492567881,2,33086,33086
zscreen_original_graph_v1:zel028_a549:26948,zscreen_original_graph_v1,zel028_a549,26948,CPD_818675727394,3,33220,33220
zscreen_original_graph_v1:zel028_a549:26948,zscreen_original_graph_v1,zel028_a549,26948,CPD_849117306415,4,34503,34503
zscreen_original_graph_v1:zel028_a549:26948,zscreen_original_graph_v1,zel028_a549,26948,CPD_854784501436,5,34713,34713
zscreen_original_graph_v1:zel028_a549:26948,zscreen_original_graph_v1,zel028_a549,26948,CPD_858608607402,6,34871,34871
zscreen_original_graph_v1:zel028_a549:26948,zscreen_original_graph_v1,zel028_a549,26948,CPD_894949682387,7,36319,36319
zscreen_original_graph_v1:zel028_a549:28017,zscreen_original_graph_v1,zel028_a549,28017,CPD_741535304485,0,30104,30104
zscreen_original_graph_v1:zel028_a549:28017,zscreen_original_graph_v1,zel028_a549,28017,CPD_770606771455,1,31296,31296
zscreen_original_graph_v1:zel028_a549:28017,zscreen_original_graph_v1,zel028_a549,28017,CPD_807710714042,2,32772,32772
zscreen_original_graph_v1:zel028_a549:29529,zscreen_original_graph_v1,zel028_a549,29529,CPD_781553285547,0,31763,31763
zscreen_original_graph_v1:zel028_a549:29529,zscreen_original_graph_v1,zel028_a549,29529,CPD_829906117948,1,33710,33710
zscreen_original_graph_v1:zel028_a549:29529,zscreen_original_graph_v1,zel028_a549,29529,CPD_864423331564,2,35107,35107
zscreen_original_graph_v1:zel028_a549:29529,zscreen_original_graph_v1,zel028_a549,29529,CPD_992212429167,3,40284,40284
zscreen_original_graph_v1:zel028_a549:29956,zscreen_original_graph_v1,zel028_a549,29956,CPD_793880583915,0,32214,32214
zscreen_original_graph_v1:zel028_a549:29956,zscreen_original_graph_v1,zel028_a549,29956,CPD_925592698146,1,37582,37582
zscreen_original_graph_v1:zel028_a549:29956,zscreen_original_graph_v1,zel028_a549,29956,CPD_945478289042,2,38393,38393
zscreen_original_graph_v1:zel028_h1650:24,zscreen_original_graph_v1,zel028_h1650,24,CPD_000992065172,0,24,24
zscreen_original_graph_v1:zel028_h1650:24,zscreen_original_graph_v1,zel028_h1650,24,CPD_050284922141,1,1356,1356
zscreen_original_graph_v1:zel028_h1650:24,zscreen_original_graph_v1,zel028_h1650,24,CPD_098952784611,2,2607,2607
zscreen_original_graph_v1:zel028_h1650:24,zscreen_original_graph_v1,zel028_h1650,24,CPD_162551437391,3,4316,4316
zscreen_original_graph_v1:zel028_h1650:24,zscreen_original_graph_v1,zel028_h1650,24,CPD_613964224856,4,15926,15926
zscreen_original_graph_v1:zel028_h1650:24,zscreen_original_graph_v1,zel028_h1650,24,CPD_662500844078,5,17202,17202
zscreen_original_graph_v1:zel028_h1650:24,zscreen_original_graph_v1,zel028_h1650,24,CPD_806625246749,6,20879,20879
zscreen_original_graph_v1:zel028_h1650:26,zscreen_original_graph_v1,zel028_h1650,26,CPD_001030316499,0,26,26
zscreen_original_graph_v1:zel028_h1650:26,zscreen_original_graph_v1,zel028_h1650,26,CPD_023782918239,1,642,642
zscreen_original_graph_v1:zel028_h1650:26,zscreen_original_graph_v1,zel028_h1650,26,CPD_062267595123,2,1670,1670
zscreen_original_graph_v1:zel028_h1650:26,zscreen_original_graph_v1,zel028_h1650,26,CPD_082514493956,3,2187,2187
zscreen_original_graph_v1:zel028_h1650:26,zscreen_original_graph_v1,zel028_h1650,26,CPD_166729176141,4,4413,4413
zscreen_original_graph_v1:zel028_h1650:26,zscreen_original_graph_v1,zel028_h1650,26,CPD_215694487887,5,5652,5652
zscreen_original_graph_v1:zel028_h1650:26,zscreen_original_graph_v1,zel028_h1650,26,CPD_248416854011,6,6510,6510
zscreen_original_graph_v1:zel028_h1650:26,zscreen_original_graph_v1,zel028_h1650,26,CPD_270502941153,7,7092,7092
zscreen_original_graph_v1:zel028_h1650:26,zscreen_original_graph_v1,zel028_h1650,26,CPD_291593075477,8,7651,7651
zscreen_original_graph_v1:zel028_h1650:26,zscreen_original_graph_v1,zel028_h1650,26,CPD_291911017080,9,7663,7663
zscreen_original_graph_v1:zel028_h1650:26,zscreen_original_graph_v1,zel028_h1650,26,CPD_310488413737,10,8138,8138
zscreen_original_graph_v1:zel028_h1650:26,zscreen_original_graph_v1,zel028_h1650,26,CPD_316113910020,11,8271,8271
zscreen_original_graph_v1:zel028_h1650:26,zscreen_original_graph_v1,zel028_h1650,26,CPD_317210970344,12,8296,8296
zscreen_original_graph_v1:zel028_h1650:26,zscreen_original_graph_v1,zel028_h1650,26,CPD_348305621663,13,9090,9090
zscreen_original_graph_v1:zel028_h1650:26,zscreen_original_graph_v1,zel028_h1650,26,CPD_352521622560,14,9197,9197
zscreen_original_graph_v1:zel028_h1650:26,zscreen_original_graph_v1,zel028_h1650,26,CPD_360760059876,15,9410,9410
zscreen_original_graph_v1:zel028_h1650:26,zscreen_original_graph_v1,zel028_h1650,26,CPD_361786664023,16,9440,9440
zscreen_original_graph_v1:zel028_h1650:26,zscreen_original_graph_v1,zel028_h1650,26,CPD_434605858967,17,11303,11303
zscreen_original_graph_v1:zel028_h1650:26,zscreen_original_graph_v1,zel028_h1650,26,CPD_489003355725,18,12728,12728
zscreen_original_graph_v1:zel028_h1650:26,zscreen_original_graph_v1,zel028_h1650,26,CPD_522182329620,19,13605,13605
zscreen_original_graph_v1:zel028_h1650:26,zscreen_original_graph_v1,zel028_h1650,26,CPD_532773239602,20,13886,13886
zscreen_original_graph_v1:zel028_h1650:26,zscreen_original_graph_v1,zel028_h1650,26,CPD_542289816359,21,14136,14136
zscreen_original_graph_v1:zel028_h1650:26,zscreen_original_graph_v1,zel028_h1650,26,CPD_597871594440,22,15520,15520
zscreen_original_graph_v1:zel028_h1650:26,zscreen_original_graph_v1,zel028_h1650,26,CPD_647691142052,23,16803,16803
zscreen_original_graph_v1:zel028_h1650:26,zscreen_original_graph_v1,zel028_h1650,26,CPD_706308092922,24,18294,18294
zscreen_original_graph_v1:zel028_h1650:26,zscreen_original_graph_v1,zel028_h1650,26,CPD_716113722460,25,18552,18552
zscreen_original_graph_v1:zel028_h1650:26,zscreen_original_graph_v1,zel028_h1650,26,CPD_769918233423,26,19922,19922
zscreen_original_graph_v1:zel028_h1650:26,zscreen_original_graph_v1,zel028_h1650,26,CPD_771045842960,27,19951,19951
zscreen_original_graph_v1:zel028_h1650:26,zscreen_original_graph_v1,zel028_h1650,26,CPD_851208471720,28,22045,22045
zscreen_original_graph_v1:zel028_h1650:26,zscreen_original_graph_v1,zel028_h1650,26,CPD_909924460111,29,23564,23564
zscreen_original_graph_v1:zel028_h1650:26,zscreen_original_graph_v1,zel028_h1650,26,CPD_934135946169,30,24202,24202
zscreen_original_graph_v1:zel028_h1650:26,zscreen_original_graph_v1,zel028_h1650,26,CPD_955854747123,31,24767,24767
zscreen_original_graph_v1:zel028_h1650:67,zscreen_original_graph_v1,zel028_h1650,67,CPD_002809843827,0,67,67
zscreen_original_graph_v1:zel028_h1650:67,zscreen_original_graph_v1,zel028_h1650,67,CPD_118118067569,1,3124,3124
zscreen_original_graph_v1:zel028_h1650:67,zscreen_original_graph_v1,zel028_h1650,67,CPD_347991252516,2,9082,9082
zscreen_original_graph_v1:zel028_h1650:67,zscreen_original_graph_v1,zel028_h1650,67,CPD_834065339573,3,21600,21600
zscreen_original_graph_v1:zel028_h1650:113,zscreen_original_graph_v1,zel028_h1650,113,CPD_003846219689,0,113,113
zscreen_original_graph_v1:zel028_h1650:113,zscreen_original_graph_v1,zel028_h1650,113,CPD_146705807861,1,3891,3891
zscreen_original_graph_v1:zel028_h1650:113,zscreen_original_graph_v1,zel028_h1650,113,CPD_155606348295,2,4149,4149
zscreen_original_graph_v1:zel028_h1650:113,zscreen_original_graph_v1,zel028_h1650,113,CPD_187484159386,3,4921,4921
zscreen_original_graph_v1:zel028_h1650:113,zscreen_original_graph_v1,zel028_h1650,113,CPD_273928885612,4,7199,7199
zscreen_original_graph_v1:zel028_h1650:113,zscreen_original_graph_v1,zel028_h1650,113,CPD_301082931140,5,7905,7905
zscreen_original_graph_v1:zel028_h1650:113,zscreen_original_graph_v1,zel028_h1650,113,CPD_318290412570,6,8330,8330
zscreen_original_graph_v1:zel028_h1650:113,zscreen_original_graph_v1,zel028_h1650,113,CPD_346139777401,7,9037,9037
zscreen_original_graph_v1:zel028_h1650:113,zscreen_original_graph_v1,zel028_h1650,113,CPD_525869994370,8,13715,13715
zscreen_original_graph_v1:zel028_h1650:113,zscreen_original_graph_v1,zel028_h1650,113,CPD_828273629641,9,21449,21449
zscreen_original_graph_v1:zel028_h1650:151,zscreen_original_graph_v1,zel028_h1650,151,CPD_005221862425,0,151,151
zscreen_original_graph_v1:zel028_h1650:151,zscreen_original_graph_v1,zel028_h1650,151,CPD_197090946821,1,5155,5155
zscreen_original_graph_v1:zel028_h1650:151,zscreen_original_graph_v1,zel028_h1650,151,CPD_511757058148,2,13332,13332
zscreen_original_graph_v1:zel028_h1650:151,zscreen_original_graph_v1,zel028_h1650,151,CPD_542454562479,3,14139,14139
zscreen_original_graph_v1:zel028_h1650:151,zscreen_original_graph_v1,zel028_h1650,151,CPD_649975086201,4,16855,16855
zscreen_original_graph_v1:zel028_h1650:151,zscreen_original_graph_v1,zel028_h1650,151,CPD_752356336164,5,19494,19494
zscreen_original_graph_v1:zel028_h1650:151,zscreen_original_graph_v1,zel028_h1650,151,CPD_812807922761,6,21029,21029
zscreen_original_graph_v1:zel028_h1650:151,zscreen_original_graph_v1,zel028_h1650,151,CPD_957918310846,7,24819,24819
zscreen_original_graph_v1:zel028_h1650:151,zscreen_original_graph_v1,zel028_h1650,151,CPD_958310223223,8,24828,24828
zscreen_original_graph_v1:zel028_h1650:167,zscreen_original_graph_v1,zel028_h1650,167,CPD_005790430228,0,167,167
zscreen_original_graph_v1:zel028_h1650:167,zscreen_original_graph_v1,zel028_h1650,167,CPD_041258946977,1,1111,1111
zscreen_original_graph_v1:zel028_h1650:167,zscreen_original_graph_v1,zel028_h1650,167,CPD_063359648065,2,1693,1693
zscreen_original_graph_v1:zel028_h1650:167,zscreen_original_graph_v1,zel028_h1650,167,CPD_368337069159,3,9610,9610
zscreen_original_graph_v1:zel028_h1650:167,zscreen_original_graph_v1,zel028_h1650,167,CPD_421727368531,4,10964,10964
zscreen_original_graph_v1:zel028_h1650:167,zscreen_original_graph_v1,zel028_h1650,167,CPD_622306551290,5,16150,16150
zscreen_original_graph_v1:zel028_h1650:167,zscreen_original_graph_v1,zel028_h1650,167,CPD_871083991976,6,22561,22561
zscreen_original_graph_v1:zel028_h1650:167,zscreen_original_graph_v1,zel028_h1650,167,CPD_988566860146,7,25614,25614
zscreen_original_graph_v1:zel028_h1650:225,zscreen_original_graph_v1,zel028_h1650,225,CPD_008186519687,0,225,225
zscreen_original_graph_v1:zel028_h1650:225,zscreen_original_graph_v1,zel028_h1650,225,CPD_310156471441,1,8133,8133
zscreen_original_graph_v1:zel028_h1650:225,zscreen_original_graph_v1,zel028_h1650,225,CPD_337034781367,2,8822,8822
zscreen_original_graph_v1:zel028_h1650:225,zscreen_original_graph_v1,zel028_h1650,225,CPD_613657832646,3,15921,15921
zscreen_original_graph_v1:zel028_h1650:225,zscreen_original_graph_v1,zel028_h1650,225,CPD_655934868410,4,17004,17004
zscreen_original_graph_v1:zel028_h1650:225,zscreen_original_graph_v1,zel028_h1650,225,CPD_682023084307,5,17709,17709
zscreen_original_graph_v1:zel028_h1650:257,zscreen_original_graph_v1,zel028_h1650,257,CPD_009324570580,0,257,257
zscreen_original_graph_v1:zel028_h1650:257,zscreen_original_graph_v1,zel028_h1650,257,CPD_024778940478,1,678,678
zscreen_original_graph_v1:zel028_h1650:257,zscreen_original_graph_v1,zel028_h1650,257,CPD_234958737999,2,6151,6151
zscreen_original_graph_v1:zel028_h1650:257,zscreen_original_graph_v1,zel028_h1650,257,CPD_985393395951,3,25529,25529
zscreen_original_graph_v1:zel028_h1650:289,zscreen_original_graph_v1,zel028_h1650,289,CPD_010702060449,0,289,289
zscreen_original_graph_v1:zel028_h1650:289,zscreen_original_graph_v1,zel028_h1650,289,CPD_266533287655,1,7007,7007
zscreen_original_graph_v1:zel028_h1650:289,zscreen_original_graph_v1,zel028_h1650,289,CPD_981943945752,2,25435,25435
zscreen_original_graph_v1:zel028_h1650:295,zscreen_original_graph_v1,zel028_h1650,295,CPD_010847373271,0,295,295
zscreen_original_graph_v1:zel028_h1650:295,zscreen_original_graph_v1,zel028_h1650,295,CPD_617795514105,1,16035,16035
zscreen_original_graph_v1:zel028_h1650:295,zscreen_original_graph_v1,zel028_h1650,295,CPD_791014721634,2,20492,20492
zscreen_original_graph_v1:zel028_h1650:295,zscreen_original_graph_v1,zel028_h1650,295,CPD_978687762804,3,25350,25350
zscreen_original_graph_v1:zel028_h1650:299,zscreen_original_graph_v1,zel028_h1650,299,CPD_011066370671,0,299,299
zscreen_original_graph_v1:zel028_h1650:299,zscreen_original_graph_v1,zel028_h1650,299,CPD_391952448143,1,10176,10176
zscreen_original_graph_v1:zel028_h1650:299,zscreen_original_graph_v1,zel028_h1650,299,CPD_811922399435,2,21007,21007
zscreen_original_graph_v1:zel028_h1650:299,zscreen_original_graph_v1,zel028_h1650,299,CPD_835442486987,3,21630,21630
zscreen_original_graph_v1:zel028_h1650:324,zscreen_original_graph_v1,zel028_h1650,324,CPD_011956221982,0,324,324
zscreen_original_graph_v1:zel028_h1650:324,zscreen_original_graph_v1,zel028_h1650,324,CPD_071242865860,1,1887,1887
zscreen_original_graph_v1:zel028_h1650:324,zscreen_original_graph_v1,zel028_h1650,324,CPD_217365287622,2,5694,5694
zscreen_original_graph_v1:zel028_h1650:324,zscreen_original_graph_v1,zel028_h1650,324,CPD_271982618423,3,7146,7146
zscreen_original_graph_v1:zel028_h1650:324,zscreen_original_graph_v1,zel028_h1650,324,CPD_288113839234,4,7564,7564
zscreen_original_graph_v1:zel028_h1650:324,zscreen_original_graph_v1,zel028_h1650,324,CPD_645991879542,5,16766,16766
zscreen_original_graph_v1:zel028_h1650:324,zscreen_original_graph_v1,zel028_h1650,324,CPD_667180837639,6,17321,17321
zscreen_original_graph_v1:zel028_h1650:324,zscreen_original_graph_v1,zel028_h1650,324,CPD_817802552969,7,21163,21163
zscreen_original_graph_v1:zel028_h1650:378,zscreen_original_graph_v1,zel028_h1650,378,CPD_013775660286,0,378,378
zscreen_original_graph_v1:zel028_h1650:378,zscreen_original_graph_v1,zel028_h1650,378,CPD_284310939620,1,7470,7470
zscreen_original_graph_v1:zel028_h1650:378,zscreen_original_graph_v1,zel028_h1650,378,CPD_323271706590,2,8444,8444
zscreen_original_graph_v1:zel028_h1650:378,zscreen_original_graph_v1,zel028_h1650,378,CPD_330842281981,3,8661,8661
zscreen_original_graph_v1:zel028_h1650:378,zscreen_original_graph_v1,zel028_h1650,378,CPD_451021922995,4,11714,11714
zscreen_original_graph_v1:zel028_h1650:378,zscreen_original_graph_v1,zel028_h1650,378,CPD_532996146645,5,13892,13892
zscreen_original_graph_v1:zel028_h1650:378,zscreen_original_graph_v1,zel028_h1650,378,CPD_626795095174,6,16264,16264
zscreen_original_graph_v1:zel028_h1650:378,zscreen_original_graph_v1,zel028_h1650,378,CPD_720600100660,7,18689,18689
zscreen_original_graph_v1:zel028_h1650:378,zscreen_original_graph_v1,zel028_h1650,378,CPD_777040260817,8,20128,20128
zscreen_original_graph_v1:zel028_h1650:378,zscreen_original_graph_v1,zel028_h1650,378,CPD_781534253872,9,20240,20240
zscreen_original_graph_v1:zel028_h1650:378,zscreen_original_graph_v1,zel028_h1650,378,CPD_803606620443,10,20809,20809
zscreen_original_graph_v1:zel028_h1650:378,zscreen_original_graph_v1,zel028_h1650,378,CPD_828606341769,11,21456,21456
zscreen_original_graph_v1:zel028_h1650:378,zscreen_original_graph_v1,zel028_h1650,378,CPD_928639821933,12,24067,24067
zscreen_original_graph_v1:zel028_h1650:401,zscreen_original_graph_v1,zel028_h1650,401,CPD_014679902428,0,401,401
zscreen_original_graph_v1:zel028_h1650:401,zscreen_original_graph_v1,zel028_h1650,401,CPD_039457430131,1,1056,1056
zscreen_original_graph_v1:zel028_h1650:401,zscreen_original_graph_v1,zel028_h1650,401,CPD_193863232539,2,5071,5071
zscreen_original_graph_v1:zel028_h1650:401,zscreen_original_graph_v1,zel028_h1650,401,CPD_201733460738,3,5268,5268
zscreen_original_graph_v1:zel028_h1650:401,zscreen_original_graph_v1,zel028_h1650,401,CPD_201952649349,4,5276,5276
zscreen_original_graph_v1:zel028_h1650:401,zscreen_original_graph_v1,zel028_h1650,401,CPD_271418897110,5,7125,7125
zscreen_original_graph_v1:zel028_h1650:401,zscreen_original_graph_v1,zel028_h1650,401,CPD_381598161195,6,9926,9926
zscreen_original_graph_v1:zel028_h1650:401,zscreen_original_graph_v1,zel028_h1650,401,CPD_384158046345,7,9987,9987
zscreen_original_graph_v1:zel028_h1650:401,zscreen_original_graph_v1,zel028_h1650,401,CPD_393713678874,8,10229,10229
zscreen_original_graph_v1:zel028_h1650:401,zscreen_original_graph_v1,zel028_h1650,401,CPD_414755626573,9,10778,10778
zscreen_original_graph_v1:zel028_h1650:401,zscreen_original_graph_v1,zel028_h1650,401,CPD_428272496722,10,11137,11137
zscreen_original_graph_v1:zel028_h1650:401,zscreen_original_graph_v1,zel028_h1650,401,CPD_477828288151,11,12426,12426
zscreen_original_graph_v1:zel028_h1650:401,zscreen_original_graph_v1,zel028_h1650,401,CPD_592337723875,12,15379,15379
zscreen_original_graph_v1:zel028_h1650:401,zscreen_original_graph_v1,zel028_h1650,401,CPD_609687552641,13,15819,15819
zscreen_original_graph_v1:zel028_h1650:401,zscreen_original_graph_v1,zel028_h1650,401,CPD_620614324010,14,16108,16108
zscreen_original_graph_v1:zel028_h1650:401,zscreen_original_graph_v1,zel028_h1650,401,CPD_703711459963,15,18241,18241
zscreen_original_graph_v1:zel028_h1650:401,zscreen_original_graph_v1,zel028_h1650,401,CPD_774747393595,16,20060,20060
zscreen_original_graph_v1:zel028_h1650:401,zscreen_original_graph_v1,zel028_h1650,401,CPD_777393999846,17,20135,20135
zscreen_original_graph_v1:zel028_h1650:401,zscreen_original_graph_v1,zel028_h1650,401,CPD_829993838552,18,21484,21484
zscreen_original_graph_v1:zel028_h1650:401,zscreen_original_graph_v1,zel028_h1650,401,CPD_853815697421,19,22103,22103
zscreen_original_graph_v1:zel028_h1650:406,zscreen_original_graph_v1,zel028_h1650,406,CPD_014985627474,0,406,406
zscreen_original_graph_v1:zel028_h1650:406,zscreen_original_graph_v1,zel028_h1650,406,CPD_016278252201,1,436,436
zscreen_original_graph_v1:zel028_h1650:406,zscreen_original_graph_v1,zel028_h1650,406,CPD_021223969412,2,587,587
zscreen_original_graph_v1:zel028_h1650:406,zscreen_original_graph_v1,zel028_h1650,406,CPD_024418237047,3,668,668
zscreen_original_graph_v1:zel028_h1650:406,zscreen_original_graph_v1,zel028_h1650,406,CPD_031021316234,4,821,821
zscreen_original_graph_v1:zel028_h1650:406,zscreen_original_graph_v1,zel028_h1650,406,CPD_031283284829,5,828,828
zscreen_original_graph_v1:zel028_h1650:406,zscreen_original_graph_v1,zel028_h1650,406,CPD_050163568618,6,1351,1351
zscreen_original_graph_v1:zel028_h1650:406,zscreen_original_graph_v1,zel028_h1650,406,CPD_055259964749,7,1497,1497
zscreen_original_graph_v1:zel028_h1650:406,zscreen_original_graph_v1,zel028_h1650,406,CPD_064337590114,8,1718,1718
zscreen_original_graph_v1:zel028_h1650:406,zscreen_original_graph_v1,zel028_h1650,406,CPD_073683002614,9,1954,1954
zscreen_original_graph_v1:zel028_h1650:406,zscreen_original_graph_v1,zel028_h1650,406,CPD_074976408053,10,1995,1995
zscreen_original_graph_v1:zel028_h1650:406,zscreen_original_graph_v1,zel028_h1650,406,CPD_087589718098,11,2316,2316
zscreen_original_graph_v1:zel028_h1650:406,zscreen_original_graph_v1,zel028_h1650,406,CPD_094829447849,12,2490,2490
zscreen_original_graph_v1:zel028_h1650:406,zscreen_original_graph_v1,zel028_h1650,406,CPD_100319546701,13,2648,2648
zscreen_original_graph_v1:zel028_h1650:406,zscreen_original_graph_v1,zel028_h1650,406,CPD_100409628674,14,2654,2654
zscreen_original_graph_v1:zel028_h1650:406,zscreen_original_graph_v1,zel028_h1650,406,CPD_106114369029,15,2802,2802
zscreen_original_graph_v1:zel028_h1650:406,zscreen_original_graph_v1,zel028_h1650,406,CPD_112149742576,16,2945,2945
zscreen_original_graph_v1:zel028_h1650:406,zscreen_original_graph_v1,zel028_h1650,406,CPD_114146389636,17,3008,3008
zscreen_original_graph_v1:zel028_h1650:406,zscreen_original_graph_v1,zel028_h1650,406,CPD_122714683267,18,3257,3257
zscreen_original_graph_v1:zel028_h1650:406,zscreen_original_graph_v1,zel028_h1650,406,CPD_125652524213,19,3326,3326
zscreen_original_graph_v1:zel028_h1650:406,zscreen_original_graph_v1,zel028_h1650,406,CPD_127758337678,20,3383,3383
zscreen_original_graph_v1:zel028_h1650:406,zscreen_original_graph_v1,zel028_h1650,406,CPD_151372086325,21,4028,4028
zscreen_original_graph_v1:zel028_h1650:406,zscreen_original_graph_v1,zel028_h1650,406,CPD_159420022694,22,4243,4243
zscreen_original_graph_v1:zel028_h1650:406,zscreen_original_graph_v1,zel028_h1650,406,CPD_161659355478,23,4298,4298
zscreen_original_graph_v1:zel028_h1650:406,zscreen_original_graph_v1,zel028_h1650,406,CPD_166670445096,24,4409,4409
zscreen_original_graph_v1:zel028_h1650:406,zscreen_original_graph_v1,zel028_h1650,406,CPD_184888110079,25,4857,4857
zscreen_original_graph_v1:zel028_h1650:406,zscreen_original_graph_v1,zel028_h1650,406,CPD_190763468591,26,4993,4993
zscreen_original_graph_v1:zel028_h1650:406,zscreen_original_graph_v1,zel028_h1650,406,CPD_203980916488,27,5339,5339
zscreen_original_graph_v1:zel028_h1650:406,zscreen_original_graph_v1,zel028_h1650,406,CPD_205780360274,28,5391,5391
zscreen_original_graph_v1:zel028_h1650:406,zscreen_original_graph_v1,zel028_h1650,406,CPD_216489738034,29,5671,5671
zscreen_original_graph_v1:zel028_h1650:406,zscreen_original_graph_v1,zel028_h1650,406,CPD_217442983688,30,5699,5699
zscreen_original_graph_v1:zel028_h1650:406,zscreen_original_graph_v1,zel028_h1650,406,CPD_224448542245,31,5868,5868
zscreen_original_graph_v1:zel028_h1650:406,zscreen_original_graph_v1,zel028_h1650,406,CPD_237979378992,32,6242,6242
zscreen_original_graph_v1:zel028_h1650:406,zscreen_original_graph_v1,zel028_h1650,406,CPD_240393598533,33,6313,6313
zscreen_original_graph_v1:zel028_h1650:406,zscreen_original_graph_v1,zel028_h1650,406,CPD_247268409183,34,6487,6487
zscreen_original_graph_v1:zel028_h1650:406,zscreen_original_graph_v1,zel028_h1650,406,CPD_254435049590,35,6685,6685
zscreen_original_graph_v1:zel028_h1650:406,zscreen_original_graph_v1,zel028_h1650,406,CPD_257934738113,36,6792,6792
zscreen_original_graph_v1:zel028_h1650:406,zscreen_original_graph_v1,zel028_h1650,406,CPD_262804644157,37,6914,6914
zscreen_original_graph_v1:zel028_h1650:406,zscreen_original_graph_v1,zel028_h1650,406,CPD_270768570719,38,7099,7099
zscreen_original_graph_v1:zel028_h1650:406,zscreen_original_graph_v1,zel028_h1650,406,CPD_278442061701,39,7310,7310
zscreen_original_graph_v1:zel028_h1650:406,zscreen_original_graph_v1,zel028_h1650,406,CPD_283356723851,40,7442,7442
zscreen_original_graph_v1:zel028_h1650:406,zscreen_original_graph_v1,zel028_h1650,406,CPD_285107818406,41,7486,7486
zscreen_original_graph_v1:zel028_h1650:406,zscreen_original_graph_v1,zel028_h1650,406,CPD_293373763661,42,7701,7701
zscreen_original_graph_v1:zel028_h1650:406,zscreen_original_graph_v1,zel028_h1650,406,CPD_301950062891,43,7921,7921
zscreen_original_graph_v1:zel028_h1650:406,zscreen_original_graph_v1,zel028_h1650,406,CPD_304129709712,44,7968,7968
zscreen_original_graph_v1:zel028_h1650:406,zscreen_original_graph_v1,zel028_h1650,406,CPD_319589188288,45,8364,8364
zscreen_original_graph_v1:zel028_h1650:406,zscreen_original_graph_v1,zel028_h1650,406,CPD_324280458761,46,8467,8467
zscreen_original_graph_v1:zel028_h1650:406,zscreen_original_graph_v1,zel028_h1650,406,CPD_324867360768,47,8482,8482
zscreen_original_graph_v1:zel028_h1650:406,zscreen_original_graph_v1,zel028_h1650,406,CPD_327774772737,48,8578,8578
zscreen_original_graph_v1:zel028_h1650:406,zscreen_original_graph_v1,zel028_h1650,406,CPD_330371840409,49,8645,8645
zscreen_original_graph_v1:zel028_h1650:406,zscreen_original_graph_v1,zel028_h1650,406,CPD_331758174127,50,8683,8683
zscreen_original_graph_v1:zel028_h1650:406,zscreen_original_graph_v1,zel028_h1650,406,CPD_339720814347,51,8881,8881
zscreen_original_graph_v1:zel028_h1650:406,zscreen_original_graph_v1,zel028_h1650,406,CPD_344739597726,52,9008,9008
zscreen_original_graph_v1:zel028_h1650:406,zscreen_original_graph_v1,zel028_h1650,406,CPD_366396228367,53,9559,9559
zscreen_original_graph_v1:zel028_h1650:406,zscreen_original_graph_v1,zel028_h1650,406,CPD_373857561947,54,9749,9749
zscreen_original_graph_v1:zel028_h1650:406,zscreen_original_graph_v1,zel028_h1650,406,CPD_376743009015,55,9823,9823
zscreen_original_graph_v1:zel028_h1650:406,zscreen_original_graph_v1,zel028_h1650,406,CPD_381504987109,56,9924,9924
zscreen_original_graph_v1:zel028_h1650:406,zscreen_original_graph_v1,zel028_h1650,406,CPD_381981021594,57,9936,9936
zscreen_original_graph_v1:zel028_h1650:406,zscreen_original_graph_v1,zel028_h1650,406,CPD_382815002463,58,9955,9955
zscreen_original_graph_v1:zel028_h1650:406,zscreen_original_graph_v1,zel028_h1650,406,CPD_391091875072,59,10151,10151
zscreen_original_graph_v1:zel028_h1650:406,zscreen_original_graph_v1,zel028_h1650,406,CPD_395305212000,60,10270,10270
zscreen_original_graph_v1:zel028_h1650:406,zscreen_original_graph_v1,zel028_h1650,406,CPD_406043697650,61,10559,10559
zscreen_original_graph_v1:zel028_h1650:406,zscreen_original_graph_v1,zel028_h1650,406,CPD_455095087382,62,11824,11824
zscreen_original_graph_v1:zel028_h1650:406,zscreen_original_graph_v1,zel028_h1650,406,CPD_468147679839,63,12178,12178
zscreen_original_graph_v1:zel028_h1650:406,zscreen_original_graph_v1,zel028_h1650,406,CPD_472295076300,64,12282,12282
zscreen_original_graph_v1:zel028_h1650:406,zscreen_original_graph_v1,zel028_h1650,406,CPD_472518809773,65,12288,12288
zscreen_original_graph_v1:zel028_h1650:406,zscreen_original_graph_v1,zel028_h1650,406,CPD_488511654031,66,12717,12717
zscreen_original_graph_v1:zel028_h1650:406,zscreen_original_graph_v1,zel028_h1650,406,CPD_513741545786,67,13380,13380
zscreen_original_graph_v1:zel028_h1650:406,zscreen_original_graph_v1,zel028_h1650,406,CPD_514137285227,68,13387,13387
zscreen_original_graph_v1:zel028_h1650:406,zscreen_original_graph_v1,zel028_h1650,406,CPD_518769024308,69,13526,13526
zscreen_original_graph_v1:zel028_h1650:406,zscreen_original_graph_v1,zel028_h1650,406,CPD_523723438464,70,13648,13648
zscreen_original_graph_v1:zel028_h1650:406,zscreen_original_graph_v1,zel028_h1650,406,CPD_527696344071,71,13766,13766
zscreen_original_graph_v1:zel028_h1650:406,zscreen_original_graph_v1,zel028_h1650,406,CPD_534757490033,72,13928,13928
zscreen_original_graph_v1:zel028_h1650:406,zscreen_original_graph_v1,zel028_h1650,406,CPD_534926015665,73,13938,13938
zscreen_original_graph_v1:zel028_h1650:406,zscreen_original_graph_v1,zel028_h1650,406,CPD_538356678367,74,14026,14026
zscreen_original_graph_v1:zel028_h1650:406,zscreen_original_graph_v1,zel028_h1650,406,CPD_550167779015,75,14330,14330
zscreen_original_graph_v1:zel028_h1650:406,zscreen_original_graph_v1,zel028_h1650,406,CPD_554245615571,76,14414,14414
zscreen_original_graph_v1:zel028_h1650:406,zscreen_original_graph_v1,zel028_h1650,406,CPD_583103411401,77,15156,15156
zscreen_original_graph_v1:zel028_h1650:406,zscreen_original_graph_v1,zel028_h1650,406,CPD_601320773574,78,15605,15605
zscreen_original_graph_v1:zel028_h1650:406,zscreen_original_graph_v1,zel028_h1650,406,CPD_620940088995,79,16114,16114
zscreen_original_graph_v1:zel028_h1650:406,zscreen_original_graph_v1,zel028_h1650,406,CPD_631424541719,80,16386,16386
zscreen_original_graph_v1:zel028_h1650:406,zscreen_original_graph_v1,zel028_h1650,406,CPD_632835804501,81,16416,16416
zscreen_original_graph_v1:zel028_h1650:406,zscreen_original_graph_v1,zel028_h1650,406,CPD_636235825514,82,16511,16511
zscreen_original_graph_v1:zel028_h1650:406,zscreen_original_graph_v1,zel028_h1650,406,CPD_644243751747,83,16715,16715
zscreen_original_graph_v1:zel028_h1650:406,zscreen_original_graph_v1,zel028_h1650,406,CPD_644573596282,84,16726,16726
zscreen_original_graph_v1:zel028_h1650:406,zscreen_original_graph_v1,zel028_h1650,406,CPD_649008647296,85,16827,16827
zscreen_original_graph_v1:zel028_h1650:406,zscreen_original_graph_v1,zel028_h1650,406,CPD_675801664668,86,17558,17558
zscreen_original_graph_v1:zel028_h1650:406,zscreen_original_graph_v1,zel028_h1650,406,CPD_677274468461,87,17588,17588
zscreen_original_graph_v1:zel028_h1650:406,zscreen_original_graph_v1,zel028_h1650,406,CPD_678335138546,88,17616,17616
zscreen_original_graph_v1:zel028_h1650:406,zscreen_original_graph_v1,zel028_h1650,406,CPD_679264851634,89,17646,17646
zscreen_original_graph_v1:zel028_h1650:406,zscreen_original_graph_v1,zel028_h1650,406,CPD_682008595648,90,17708,17708
zscreen_original_graph_v1:zel028_h1650:406,zscreen_original_graph_v1,zel028_h1650,406,CPD_685728900663,91,17809,17809
zscreen_original_graph_v1:zel028_h1650:406,zscreen_original_graph_v1,zel028_h1650,406,CPD_699556117552,92,18147,18147
zscreen_original_graph_v1:zel028_h1650:406,zscreen_original_graph_v1,zel028_h1650,406,CPD_700259284717,93,18165,18165
zscreen_original_graph_v1:zel028_h1650:406,zscreen_original_graph_v1,zel028_h1650,406,CPD_700851358324,94,18181,18181
zscreen_original_graph_v1:zel028_h1650:406,zscreen_original_graph_v1,zel028_h1650,406,CPD_701038077313,95,18183,18183
zscreen_original_graph_v1:zel028_h1650:406,zscreen_original_graph_v1,zel028_h1650,406,CPD_728722200402,96,18891,18891
zscreen_original_graph_v1:zel028_h1650:406,zscreen_original_graph_v1,zel028_h1650,406,CPD_729808302560,97,18924,18924
zscreen_original_graph_v1:zel028_h1650:406,zscreen_original_graph_v1,zel028_h1650,406,CPD_739711732097,98,19155,19155
zscreen_original_graph_v1:zel028_h1650:406,zscreen_original_graph_v1,zel028_h1650,406,CPD_742087377029,99,19223,19223
zscreen_original_graph_v1:zel028_h1650:406,zscreen_original_graph_v1,zel028_h1650,406,CPD_743416601558,100,19255,19255
zscreen_original_graph_v1:zel028_h1650:406,zscreen_original_graph_v1,zel028_h1650,406,CPD_747301208990,101,19361,19361
zscreen_original_graph_v1:zel028_h1650:406,zscreen_original_graph_v1,zel028_h1650,406,CPD_748238268410,102,19386,19386
zscreen_original_graph_v1:zel028_h1650:406,zscreen_original_graph_v1,zel028_h1650,406,CPD_750605046246,103,19450,19450
zscreen_original_graph_v1:zel028_h1650:406,zscreen_original_graph_v1,zel028_h1650,406,CPD_753412519347,104,19525,19525
zscreen_original_graph_v1:zel028_h1650:406,zscreen_original_graph_v1,zel028_h1650,406,CPD_766293642202,105,19838,19838
zscreen_original_graph_v1:zel028_h1650:406,zscreen_original_graph_v1,zel028_h1650,406,CPD_775088459397,106,20072,20072
zscreen_original_graph_v1:zel028_h1650:406,zscreen_original_graph_v1,zel028_h1650,406,CPD_777105035729,107,20131,20131
zscreen_original_graph_v1:zel028_h1650:406,zscreen_original_graph_v1,zel028_h1650,406,CPD_784230391789,108,20312,20312
zscreen_original_graph_v1:zel028_h1650:406,zscreen_original_graph_v1,zel028_h1650,406,CPD_787293458121,109,20396,20396
zscreen_original_graph_v1:zel028_h1650:406,zscreen_original_graph_v1,zel028_h1650,406,CPD_798540745764,110,20694,20694
zscreen_original_graph_v1:zel028_h1650:406,zscreen_original_graph_v1,zel028_h1650,406,CPD_815582416687,111,21114,21114
zscreen_original_graph_v1:zel028_h1650:406,zscreen_original_graph_v1,zel028_h1650,406,CPD_820366960337,112,21233,21233
zscreen_original_graph_v1:zel028_h1650:406,zscreen_original_graph_v1,zel028_h1650,406,CPD_820767373292,113,21244,21244
zscreen_original_graph_v1:zel028_h1650:406,zscreen_original_graph_v1,zel028_h1650,406,CPD_825707751950,114,21383,21383
zscreen_original_graph_v1:zel028_h1650:406,zscreen_original_graph_v1,zel028_h1650,406,CPD_831140344417,115,21526,21526
zscreen_original_graph_v1:zel028_h1650:406,zscreen_original_graph_v1,zel028_h1650,406,CPD_842486679491,116,21820,21820
zscreen_original_graph_v1:zel028_h1650:406,zscreen_original_graph_v1,zel028_h1650,406,CPD_847276059128,117,21954,21954
zscreen_original_graph_v1:zel028_h1650:406,zscreen_original_graph_v1,zel028_h1650,406,CPD_856391651202,118,22174,22174
zscreen_original_graph_v1:zel028_h1650:406,zscreen_original_graph_v1,zel028_h1650,406,CPD_871832139129,119,22582,22582
zscreen_original_graph_v1:zel028_h1650:406,zscreen_original_graph_v1,zel028_h1650,406,CPD_875173982120,120,22680,22680
zscreen_original_graph_v1:zel028_h1650:406,zscreen_original_graph_v1,zel028_h1650,406,CPD_880416304652,121,22823,22823
zscreen_original_graph_v1:zel028_h1650:406,zscreen_original_graph_v1,zel028_h1650,406,CPD_893231156386,122,23144,23144
zscreen_original_graph_v1:zel028_h1650:406,zscreen_original_graph_v1,zel028_h1650,406,CPD_895627603998,123,23215,23215
zscreen_original_graph_v1:zel028_h1650:406,zscreen_original_graph_v1,zel028_h1650,406,CPD_896425493062,124,23236,23236
zscreen_original_graph_v1:zel028_h1650:406,zscreen_original_graph_v1,zel028_h1650,406,CPD_901198452227,125,23367,23367
zscreen_original_graph_v1:zel028_h1650:406,zscreen_original_graph_v1,zel028_h1650,406,CPD_906427356026,126,23496,23496
zscreen_original_graph_v1:zel028_h1650:406,zscreen_original_graph_v1,zel028_h1650,406,CPD_916463328134,127,23774,23774
zscreen_original_graph_v1:zel028_h1650:406,zscreen_original_graph_v1,zel028_h1650,406,CPD_918911450713,128,23842,23842
zscreen_original_graph_v1:zel028_h1650:406,zscreen_original_graph_v1,zel028_h1650,406,CPD_919249324107,129,23853,23853
zscreen_original_graph_v1:zel028_h1650:406,zscreen_original_graph_v1,zel028_h1650,406,CPD_920853166018,130,23896,23896
zscreen_original_graph_v1:zel028_h1650:406,zscreen_original_graph_v1,zel028_h1650,406,CPD_934077304067,131,24201,24201
zscreen_original_graph_v1:zel028_h1650:406,zscreen_original_graph_v1,zel028_h1650,406,CPD_947112214865,132,24547,24547
zscreen_original_graph_v1:zel028_h1650:406,zscreen_original_graph_v1,zel028_h1650,406,CPD_952947322992,133,24690,24690
zscreen_original_graph_v1:zel028_h1650:406,zscreen_original_graph_v1,zel028_h1650,406,CPD_965228957186,134,24990,24990
zscreen_original_graph_v1:zel028_h1650:406,zscreen_original_graph_v1,zel028_h1650,406,CPD_976543311396,135,25283,25283
zscreen_original_graph_v1:zel028_h1650:406,zscreen_original_graph_v1,zel028_h1650,406,CPD_979717990469,136,25372,25372
zscreen_original_graph_v1:zel028_h1650:499,zscreen_original_graph_v1,zel028_h1650,499,CPD_018198796488,0,500,500
zscreen_original_graph_v1:zel028_h1650:499,zscreen_original_graph_v1,zel028_h1650,499,CPD_803593561521,1,20808,20808
zscreen_original_graph_v1:zel028_h1650:499,zscreen_original_graph_v1,zel028_h1650,499,CPD_851348355370,2,22049,22049
zscreen_original_graph_v1:zel028_h1650:581,zscreen_original_graph_v1,zel028_h1650,581,CPD_021055525813,0,582,582
zscreen_original_graph_v1:zel028_h1650:581,zscreen_original_graph_v1,zel028_h1650,581,CPD_058422365090,1,1577,1577
zscreen_original_graph_v1:zel028_h1650:581,zscreen_original_graph_v1,zel028_h1650,581,CPD_114153911908,2,3009,3009
zscreen_original_graph_v1:zel028_h1650:581,zscreen_original_graph_v1,zel028_h1650,581,CPD_178627429849,3,4710,4710
zscreen_original_graph_v1:zel028_h1650:581,zscreen_original_graph_v1,zel028_h1650,581,CPD_311246845298,4,8165,8165
zscreen_original_graph_v1:zel028_h1650:581,zscreen_original_graph_v1,zel028_h1650,581,CPD_409923047886,5,10661,10661
zscreen_original_graph_v1:zel028_h1650:581,zscreen_original_graph_v1,zel028_h1650,581,CPD_426066890390,6,11086,11086
zscreen_original_graph_v1:zel028_h1650:581,zscreen_original_graph_v1,zel028_h1650,581,CPD_444596519044,7,11558,11558
zscreen_original_graph_v1:zel028_h1650:581,zscreen_original_graph_v1,zel028_h1650,581,CPD_468510531990,8,12187,12187
zscreen_original_graph_v1:zel028_h1650:581,zscreen_original_graph_v1,zel028_h1650,581,CPD_659553351246,9,17125,17125
zscreen_original_graph_v1:zel028_h1650:581,zscreen_original_graph_v1,zel028_h1650,581,CPD_977170614359,10,25298,25298
zscreen_original_graph_v1:zel028_h1650:597,zscreen_original_graph_v1,zel028_h1650,597,CPD_021991116474,0,599,599
zscreen_original_graph_v1:zel028_h1650:597,zscreen_original_graph_v1,zel028_h1650,597,CPD_168930586420,1,4473,4473
zscreen_original_graph_v1:zel028_h1650:597,zscreen_original_graph_v1,zel028_h1650,597,CPD_312982896245,2,8205,8205
zscreen_original_graph_v1:zel028_h1650:597,zscreen_original_graph_v1,zel028_h1650,597,CPD_833980103828,3,21599,21599
zscreen_original_graph_v1:zel028_h1650:614,zscreen_original_graph_v1,zel028_h1650,614,CPD_022619405394,0,616,616
zscreen_original_graph_v1:zel028_h1650:614,zscreen_original_graph_v1,zel028_h1650,614,CPD_492122117784,1,12810,12810
zscreen_original_graph_v1:zel028_h1650:614,zscreen_original_graph_v1,zel028_h1650,614,CPD_796117762832,2,20617,20617
zscreen_original_graph_v1:zel028_h1650:614,zscreen_original_graph_v1,zel028_h1650,614,CPD_936536963010,3,24273,24273
zscreen_original_graph_v1:zel028_h1650:621,zscreen_original_graph_v1,zel028_h1650,621,CPD_022868356411,0,623,623
zscreen_original_graph_v1:zel028_h1650:621,zscreen_original_graph_v1,zel028_h1650,621,CPD_217119354136,1,5687,5687
zscreen_original_graph_v1:zel028_h1650:621,zscreen_original_graph_v1,zel028_h1650,621,CPD_677901423459,2,17602,17602
zscreen_original_graph_v1:zel028_h1650:621,zscreen_original_graph_v1,zel028_h1650,621,CPD_979767805511,3,25374,25374
zscreen_original_graph_v1:zel028_h1650:629,zscreen_original_graph_v1,zel028_h1650,629,CPD_023170092186,0,631,631
zscreen_original_graph_v1:zel028_h1650:629,zscreen_original_graph_v1,zel028_h1650,629,CPD_685994552762,1,17817,17817
zscreen_original_graph_v1:zel028_h1650:629,zscreen_original_graph_v1,zel028_h1650,629,CPD_754227294824,2,19547,19547
zscreen_original_graph_v1:zel028_h1650:649,zscreen_original_graph_v1,zel028_h1650,649,CPD_023930636147,0,652,652
zscreen_original_graph_v1:zel028_h1650:649,zscreen_original_graph_v1,zel028_h1650,649,CPD_338015283868,1,8838,8838
zscreen_original_graph_v1:zel028_h1650:649,zscreen_original_graph_v1,zel028_h1650,649,CPD_410961510060,2,10685,10685
zscreen_original_graph_v1:zel028_h1650:649,zscreen_original_graph_v1,zel028_h1650,649,CPD_422425306281,3,10985,10985
zscreen_original_graph_v1:zel028_h1650:649,zscreen_original_graph_v1,zel028_h1650,649,CPD_516735648555,4,13459,13459
zscreen_original_graph_v1:zel028_h1650:649,zscreen_original_graph_v1,zel028_h1650,649,CPD_522803273175,5,13619,13619
zscreen_original_graph_v1:zel028_h1650:649,zscreen_original_graph_v1,zel028_h1650,649,CPD_697109653780,6,18082,18082
zscreen_original_graph_v1:zel028_h1650:649,zscreen_original_graph_v1,zel028_h1650,649,CPD_734678030954,7,19030,19030
zscreen_original_graph_v1:zel028_h1650:649,zscreen_original_graph_v1,zel028_h1650,649,CPD_877301352345,8,22728,22728
zscreen_original_graph_v1:zel028_h1650:653,zscreen_original_graph_v1,zel028_h1650,653,CPD_024101006304,0,656,656
zscreen_original_graph_v1:zel028_h1650:653,zscreen_original_graph_v1,zel028_h1650,653,CPD_121130491670,1,3208,3208
zscreen_original_graph_v1:zel028_h1650:653,zscreen_original_graph_v1,zel028_h1650,653,CPD_133126987973,2,3528,3528
zscreen_original_graph_v1:zel028_h1650:653,zscreen_original_graph_v1,zel028_h1650,653,CPD_188407338791,3,4940,4940
zscreen_original_graph_v1:zel028_h1650:653,zscreen_original_graph_v1,zel028_h1650,653,CPD_196704517789,4,5148,5148
zscreen_original_graph_v1:zel028_h1650:653,zscreen_original_graph_v1,zel028_h1650,653,CPD_320043523826,5,8373,8373
zscreen_original_graph_v1:zel028_h1650:653,zscreen_original_graph_v1,zel028_h1650,653,CPD_428642438989,6,11149,11149
zscreen_original_graph_v1:zel028_h1650:653,zscreen_original_graph_v1,zel028_h1650,653,CPD_556789601742,7,14484,14484
zscreen_original_graph_v1:zel028_h1650:653,zscreen_original_graph_v1,zel028_h1650,653,CPD_585871668713,8,15217,15217
zscreen_original_graph_v1:zel028_h1650:653,zscreen_original_graph_v1,zel028_h1650,653,CPD_870341107602,9,22544,22544
zscreen_original_graph_v1:zel028_h1650:681,zscreen_original_graph_v1,zel028_h1650,681,CPD_025339829194,0,686,686
zscreen_original_graph_v1:zel028_h1650:681,zscreen_original_graph_v1,zel028_h1650,681,CPD_041001527896,1,1101,1101
zscreen_original_graph_v1:zel028_h1650:681,zscreen_original_graph_v1,zel028_h1650,681,CPD_654493102176,2,16971,16971
zscreen_original_graph_v1:zel028_h1650:693,zscreen_original_graph_v1,zel028_h1650,693,CPD_025572798596,0,698,698
zscreen_original_graph_v1:zel028_h1650:693,zscreen_original_graph_v1,zel028_h1650,693,CPD_045448215388,1,1221,1221
zscreen_original_graph_v1:zel028_h1650:693,zscreen_original_graph_v1,zel028_h1650,693,CPD_623919578403,2,16188,16188
zscreen_original_graph_v1:zel028_h1650:693,zscreen_original_graph_v1,zel028_h1650,693,CPD_797820350883,3,20666,20666
zscreen_original_graph_v1:zel028_h1650:708,zscreen_original_graph_v1,zel028_h1650,708,CPD_026148334588,0,713,713
zscreen_original_graph_v1:zel028_h1650:708,zscreen_original_graph_v1,zel028_h1650,708,CPD_135849132912,1,3601,3601
zscreen_original_graph_v1:zel028_h1650:708,zscreen_original_graph_v1,zel028_h1650,708,CPD_178357388461,2,4702,4702
zscreen_original_graph_v1:zel028_h1650:708,zscreen_original_graph_v1,zel028_h1650,708,CPD_197319561494,3,5166,5166
zscreen_original_graph_v1:zel028_h1650:708,zscreen_original_graph_v1,zel028_h1650,708,CPD_225954669555,4,5910,5910
zscreen_original_graph_v1:zel028_h1650:708,zscreen_original_graph_v1,zel028_h1650,708,CPD_227445029244,5,5948,5948
zscreen_original_graph_v1:zel028_h1650:708,zscreen_original_graph_v1,zel028_h1650,708,CPD_343978865979,6,8995,8995
zscreen_original_graph_v1:zel028_h1650:708,zscreen_original_graph_v1,zel028_h1650,708,CPD_369058588060,7,9628,9628
zscreen_original_graph_v1:zel028_h1650:708,zscreen_original_graph_v1,zel028_h1650,708,CPD_485562844456,8,12637,12637
zscreen_original_graph_v1:zel028_h1650:708,zscreen_original_graph_v1,zel028_h1650,708,CPD_574239889839,9,14946,14946
zscreen_original_graph_v1:zel028_h1650:708,zscreen_original_graph_v1,zel028_h1650,708,CPD_635253038745,10,16483,16483
zscreen_original_graph_v1:zel028_h1650:708,zscreen_original_graph_v1,zel028_h1650,708,CPD_647967605005,11,16807,16807
zscreen_original_graph_v1:zel028_h1650:708,zscreen_original_graph_v1,zel028_h1650,708,CPD_755006969223,12,19570,19570
zscreen_original_graph_v1:zel028_h1650:708,zscreen_original_graph_v1,zel028_h1650,708,CPD_815124936755,13,21102,21102
zscreen_original_graph_v1:zel028_h1650:708,zscreen_original_graph_v1,zel028_h1650,708,CPD_821756617946,14,21271,21271
zscreen_original_graph_v1:zel028_h1650:708,zscreen_original_graph_v1,zel028_h1650,708,CPD_897907532757,15,23277,23277
zscreen_original_graph_v1:zel028_h1650:720,zscreen_original_graph_v1,zel028_h1650,720,CPD_026653985654,0,725,725
zscreen_original_graph_v1:zel028_h1650:720,zscreen_original_graph_v1,zel028_h1650,720,CPD_216168029032,1,5665,5665
zscreen_original_graph_v1:zel028_h1650:720,zscreen_original_graph_v1,zel028_h1650,720,CPD_574292050603,2,14949,14949
zscreen_original_graph_v1:zel028_h1650:736,zscreen_original_graph_v1,zel028_h1650,736,CPD_027412447142,0,741,741
zscreen_original_graph_v1:zel028_h1650:736,zscreen_original_graph_v1,zel028_h1650,736,CPD_044701574712,1,1203,1203
zscreen_original_graph_v1:zel028_h1650:736,zscreen_original_graph_v1,zel028_h1650,736,CPD_109763643387,2,2888,2888
zscreen_original_graph_v1:zel028_h1650:736,zscreen_original_graph_v1,zel028_h1650,736,CPD_117597876572,3,3109,3109
zscreen_original_graph_v1:zel028_h1650:736,zscreen_original_graph_v1,zel028_h1650,736,CPD_143627066331,4,3808,3808
zscreen_original_graph_v1:zel028_h1650:736,zscreen_original_graph_v1,zel028_h1650,736,CPD_157860540043,5,4209,4209
zscreen_original_graph_v1:zel028_h1650:736,zscreen_original_graph_v1,zel028_h1650,736,CPD_171506272823,6,4532,4532
zscreen_original_graph_v1:zel028_h1650:736,zscreen_original_graph_v1,zel028_h1650,736,CPD_346925215665,7,9054,9054
zscreen_original_graph_v1:zel028_h1650:736,zscreen_original_graph_v1,zel028_h1650,736,CPD_400264614221,8,10397,10397
zscreen_original_graph_v1:zel028_h1650:736,zscreen_original_graph_v1,zel028_h1650,736,CPD_434533766092,9,11300,11300
zscreen_original_graph_v1:zel028_h1650:736,zscreen_original_graph_v1,zel028_h1650,736,CPD_484512616530,10,12611,12611
zscreen_original_graph_v1:zel028_h1650:736,zscreen_original_graph_v1,zel028_h1650,736,CPD_508708957797,11,13242,13242
zscreen_original_graph_v1:zel028_h1650:736,zscreen_original_graph_v1,zel028_h1650,736,CPD_600544991598,12,15586,15586
zscreen_original_graph_v1:zel028_h1650:736,zscreen_original_graph_v1,zel028_h1650,736,CPD_625078113600,13,16227,16227
zscreen_original_graph_v1:zel028_h1650:736,zscreen_original_graph_v1,zel028_h1650,736,CPD_625541928594,14,16236,16236
zscreen_original_graph_v1:zel028_h1650:736,zscreen_original_graph_v1,zel028_h1650,736,CPD_635131057552,15,16480,16480
zscreen_original_graph_v1:zel028_h1650:736,zscreen_original_graph_v1,zel028_h1650,736,CPD_713876507558,16,18487,18487
zscreen_original_graph_v1:zel028_h1650:736,zscreen_original_graph_v1,zel028_h1650,736,CPD_920910721423,17,23900,23900
zscreen_original_graph_v1:zel028_h1650:736,zscreen_original_graph_v1,zel028_h1650,736,CPD_942484571842,18,24427,24427
zscreen_original_graph_v1:zel028_h1650:736,zscreen_original_graph_v1,zel028_h1650,736,CPD_945924327432,19,24516,24516
zscreen_original_graph_v1:zel028_h1650:736,zscreen_original_graph_v1,zel028_h1650,736,CPD_959220090325,20,24849,24849
zscreen_original_graph_v1:zel028_h1650:950,zscreen_original_graph_v1,zel028_h1650,950,CPD_036257666088,0,958,958
zscreen_original_graph_v1:zel028_h1650:950,zscreen_original_graph_v1,zel028_h1650,950,CPD_902630864549,1,23402,23402
zscreen_original_graph_v1:zel028_h1650:950,zscreen_original_graph_v1,zel028_h1650,950,CPD_961467270677,2,24892,24892
zscreen_original_graph_v1:zel028_h1650:973,zscreen_original_graph_v1,zel028_h1650,973,CPD_037246472220,0,981,981
zscreen_original_graph_v1:zel028_h1650:973,zscreen_original_graph_v1,zel028_h1650,973,CPD_325627625862,1,8514,8514
zscreen_original_graph_v1:zel028_h1650:973,zscreen_original_graph_v1,zel028_h1650,973,CPD_376312246249,2,9812,9812
zscreen_original_graph_v1:zel028_h1650:973,zscreen_original_graph_v1,zel028_h1650,973,CPD_470126024207,3,12216,12216
zscreen_original_graph_v1:zel028_h1650:973,zscreen_original_graph_v1,zel028_h1650,973,CPD_736005915427,4,19070,19070
zscreen_original_graph_v1:zel028_h1650:973,zscreen_original_graph_v1,zel028_h1650,973,CPD_748878543293,5,19403,19403
zscreen_original_graph_v1:zel028_h1650:973,zscreen_original_graph_v1,zel028_h1650,973,CPD_782838285221,6,20280,20280
zscreen_original_graph_v1:zel028_h1650:980,zscreen_original_graph_v1,zel028_h1650,980,CPD_037489459359,0,988,988
zscreen_original_graph_v1:zel028_h1650:980,zscreen_original_graph_v1,zel028_h1650,980,CPD_383291631969,1,9967,9967
zscreen_original_graph_v1:zel028_h1650:980,zscreen_original_graph_v1,zel028_h1650,980,CPD_499011957188,2,12996,12996
zscreen_original_graph_v1:zel028_h1650:980,zscreen_original_graph_v1,zel028_h1650,980,CPD_533308418328,3,13894,13894
zscreen_original_graph_v1:zel028_h1650:980,zscreen_original_graph_v1,zel028_h1650,980,CPD_535021597696,4,13944,13944
zscreen_original_graph_v1:zel028_h1650:980,zscreen_original_graph_v1,zel028_h1650,980,CPD_669245618941,5,17381,17381
zscreen_original_graph_v1:zel028_h1650:1060,zscreen_original_graph_v1,zel028_h1650,1060,CPD_039961149614,0,1069,1069
zscreen_original_graph_v1:zel028_h1650:1060,zscreen_original_graph_v1,zel028_h1650,1060,CPD_144332429085,1,3825,3825
zscreen_original_graph_v1:zel028_h1650:1060,zscreen_original_graph_v1,zel028_h1650,1060,CPD_284517256345,2,7476,7476
zscreen_original_graph_v1:zel028_h1650:1060,zscreen_original_graph_v1,zel028_h1650,1060,CPD_553252078044,3,14398,14398
zscreen_original_graph_v1:zel028_h1650:1060,zscreen_original_graph_v1,zel028_h1650,1060,CPD_640285478252,4,16627,16627
zscreen_original_graph_v1:zel028_h1650:1075,zscreen_original_graph_v1,zel028_h1650,1075,CPD_040552735453,0,1084,1084
zscreen_original_graph_v1:zel028_h1650:1075,zscreen_original_graph_v1,zel028_h1650,1075,CPD_193855029155,1,5070,5070
zscreen_original_graph_v1:zel028_h1650:1075,zscreen_original_graph_v1,zel028_h1650,1075,CPD_232230234309,2,6073,6073
zscreen_original_graph_v1:zel028_h1650:1075,zscreen_original_graph_v1,zel028_h1650,1075,CPD_411103268462,3,10687,10687
zscreen_original_graph_v1:zel028_h1650:1075,zscreen_original_graph_v1,zel028_h1650,1075,CPD_767231579655,4,19861,19861
zscreen_original_graph_v1:zel028_h1650:1079,zscreen_original_graph_v1,zel028_h1650,1079,CPD_040681468281,0,1088,1088
zscreen_original_graph_v1:zel028_h1650:1079,zscreen_original_graph_v1,zel028_h1650,1079,CPD_091492501429,1,2423,2423
zscreen_original_graph_v1:zel028_h1650:1079,zscreen_original_graph_v1,zel028_h1650,1079,CPD_519584619950,2,13551,13551
zscreen_original_graph_v1:zel028_h1650:1079,zscreen_original_graph_v1,zel028_h1650,1079,CPD_611483710826,3,15856,15856
zscreen_original_graph_v1:zel028_h1650:1079,zscreen_original_graph_v1,zel028_h1650,1079,CPD_639422126727,4,16585,16585
zscreen_original_graph_v1:zel028_h1650:1079,zscreen_original_graph_v1,zel028_h1650,1079,CPD_672515225711,5,17462,17462
zscreen_original_graph_v1:zel028_h1650:1079,zscreen_original_graph_v1,zel028_h1650,1079,CPD_677315147635,6,17589,17589
zscreen_original_graph_v1:zel028_h1650:1079,zscreen_original_graph_v1,zel028_h1650,1079,CPD_847968359824,7,21974,21974
zscreen_original_graph_v1:zel028_h1650:1079,zscreen_original_graph_v1,zel028_h1650,1079,CPD_968948883046,8,25080,25080
zscreen_original_graph_v1:zel028_h1650:1081,zscreen_original_graph_v1,zel028_h1650,1081,CPD_040690372158,0,1090,1090
zscreen_original_graph_v1:zel028_h1650:1081,zscreen_original_graph_v1,zel028_h1650,1081,CPD_318739465275,1,8342,8342
zscreen_original_graph_v1:zel028_h1650:1081,zscreen_original_graph_v1,zel028_h1650,1081,CPD_522372587690,2,13611,13611
zscreen_original_graph_v1:zel028_h1650:1095,zscreen_original_graph_v1,zel028_h1650,1095,CPD_041036353066,0,1105,1105
zscreen_original_graph_v1:zel028_h1650:1095,zscreen_original_graph_v1,zel028_h1650,1095,CPD_211456429353,1,5548,5548
zscreen_original_graph_v1:zel028_h1650:1095,zscreen_original_graph_v1,zel028_h1650,1095,CPD_812130587277,2,21013,21013
zscreen_original_graph_v1:zel028_h1650:1095,zscreen_original_graph_v1,zel028_h1650,1095,CPD_962786829762,3,24933,24933
zscreen_original_graph_v1:zel028_h1650:1121,zscreen_original_graph_v1,zel028_h1650,1121,CPD_042220945738,0,1132,1132
zscreen_original_graph_v1:zel028_h1650:1121,zscreen_original_graph_v1,zel028_h1650,1121,CPD_126940503061,1,3358,3358
zscreen_original_graph_v1:zel028_h1650:1121,zscreen_original_graph_v1,zel028_h1650,1121,CPD_639823244504,2,16599,16599
zscreen_original_graph_v1:zel028_h1650:1121,zscreen_original_graph_v1,zel028_h1650,1121,CPD_997954722301,3,25859,25859
zscreen_original_graph_v1:zel028_h1650:1149,zscreen_original_graph_v1,zel028_h1650,1149,CPD_043329463337,0,1160,1160
zscreen_original_graph_v1:zel028_h1650:1149,zscreen_original_graph_v1,zel028_h1650,1149,CPD_228297456088,1,5973,5973
zscreen_original_graph_v1:zel028_h1650:1149,zscreen_original_graph_v1,zel028_h1650,1149,CPD_342999919225,2,8956,8956
zscreen_original_graph_v1:zel028_h1650:1149,zscreen_original_graph_v1,zel028_h1650,1149,CPD_411339741257,3,10692,10692
zscreen_original_graph_v1:zel028_h1650:1149,zscreen_original_graph_v1,zel028_h1650,1149,CPD_686292767412,4,17824,17824
zscreen_original_graph_v1:zel028_h1650:1149,zscreen_original_graph_v1,zel028_h1650,1149,CPD_831447977553,5,21538,21538
zscreen_original_graph_v1:zel028_h1650:1154,zscreen_original_graph_v1,zel028_h1650,1154,CPD_043640443500,0,1165,1165
zscreen_original_graph_v1:zel028_h1650:1154,zscreen_original_graph_v1,zel028_h1650,1154,CPD_264806385761,1,6962,6962
zscreen_original_graph_v1:zel028_h1650:1154,zscreen_original_graph_v1,zel028_h1650,1154,CPD_998098237676,2,25866,25866
zscreen_original_graph_v1:zel028_h1650:1174,zscreen_original_graph_v1,zel028_h1650,1174,CPD_044159606116,0,1185,1185
zscreen_original_graph_v1:zel028_h1650:1174,zscreen_original_graph_v1,zel028_h1650,1174,CPD_092660295966,1,2446,2446
zscreen_original_graph_v1:zel028_h1650:1174,zscreen_original_graph_v1,zel028_h1650,1174,CPD_271789330130,2,7140,7140
zscreen_original_graph_v1:zel028_h1650:1174,zscreen_original_graph_v1,zel028_h1650,1174,CPD_731691683903,3,18968,18968
zscreen_original_graph_v1:zel028_h1650:1174,zscreen_original_graph_v1,zel028_h1650,1174,CPD_903903306507,4,23431,23431
zscreen_original_graph_v1:zel028_h1650:1174,zscreen_original_graph_v1,zel028_h1650,1174,CPD_936117174048,5,24264,24264
zscreen_original_graph_v1:zel028_h1650:1202,zscreen_original_graph_v1,zel028_h1650,1202,CPD_045254590594,0,1214,1214
zscreen_original_graph_v1:zel028_h1650:1202,zscreen_original_graph_v1,zel028_h1650,1202,CPD_173490013500,1,4584,4584
zscreen_original_graph_v1:zel028_h1650:1202,zscreen_original_graph_v1,zel028_h1650,1202,CPD_539581538282,2,14059,14059
zscreen_original_graph_v1:zel028_h1650:1245,zscreen_original_graph_v1,zel028_h1650,1245,CPD_046854435474,0,1258,1258
zscreen_original_graph_v1:zel028_h1650:1245,zscreen_original_graph_v1,zel028_h1650,1245,CPD_280209876156,1,7365,7365
zscreen_original_graph_v1:zel028_h1650:1245,zscreen_original_graph_v1,zel028_h1650,1245,CPD_315777079024,2,8258,8258
zscreen_original_graph_v1:zel028_h1650:1245,zscreen_original_graph_v1,zel028_h1650,1245,CPD_390965112229,3,10146,10146
zscreen_original_graph_v1:zel028_h1650:1245,zscreen_original_graph_v1,zel028_h1650,1245,CPD_437629004323,4,11377,11377
zscreen_original_graph_v1:zel028_h1650:1245,zscreen_original_graph_v1,zel028_h1650,1245,CPD_447489945412,5,11620,11620
zscreen_original_graph_v1:zel028_h1650:1245,zscreen_original_graph_v1,zel028_h1650,1245,CPD_472993152276,6,12301,12301
zscreen_original_graph_v1:zel028_h1650:1245,zscreen_original_graph_v1,zel028_h1650,1245,CPD_724183453710,7,18770,18770
zscreen_original_graph_v1:zel028_h1650:1258,zscreen_original_graph_v1,zel028_h1650,1258,CPD_047268884305,0,1271,1271
zscreen_original_graph_v1:zel028_h1650:1258,zscreen_original_graph_v1,zel028_h1650,1258,CPD_433058500216,1,11267,11267
zscreen_original_graph_v1:zel028_h1650:1258,zscreen_original_graph_v1,zel028_h1650,1258,CPD_513204626619,2,13371,13371
zscreen_original_graph_v1:zel028_h1650:1258,zscreen_original_graph_v1,zel028_h1650,1258,CPD_616085833251,3,15986,15986
zscreen_original_graph_v1:zel028_h1650:1264,zscreen_original_graph_v1,zel028_h1650,1264,CPD_047620213668,0,1277,1277
zscreen_original_graph_v1:zel028_h1650:1264,zscreen_original_graph_v1,zel028_h1650,1264,CPD_299166262524,1,7853,7853
zscreen_original_graph_v1:zel028_h1650:1264,zscreen_original_graph_v1,zel028_h1650,1264,CPD_659781098070,2,17131,17131
zscreen_original_graph_v1:zel028_h1650:1264,zscreen_original_graph_v1,zel028_h1650,1264,CPD_771258939287,3,19958,19958
zscreen_original_graph_v1:zel028_h1650:1269,zscreen_original_graph_v1,zel028_h1650,1269,CPD_047707379917,0,1282,1282
zscreen_original_graph_v1:zel028_h1650:1269,zscreen_original_graph_v1,zel028_h1650,1269,CPD_081640299557,1,2165,2165
zscreen_original_graph_v1:zel028_h1650:1269,zscreen_original_graph_v1,zel028_h1650,1269,CPD_491839487063,2,12801,12801
zscreen_original_graph_v1:zel028_h1650:1328,zscreen_original_graph_v1,zel028_h1650,1328,CPD_049713736968,0,1341,1341
zscreen_original_graph_v1:zel028_h1650:1328,zscreen_original_graph_v1,zel028_h1650,1328,CPD_724609327782,1,18779,18779
zscreen_original_graph_v1:zel028_h1650:1328,zscreen_original_graph_v1,zel028_h1650,1328,CPD_869416263525,2,22522,22522
zscreen_original_graph_v1:zel028_h1650:1328,zscreen_original_graph_v1,zel028_h1650,1328,CPD_928503903224,3,24063,24063
zscreen_original_graph_v1:zel028_h1650:1329,zscreen_original_graph_v1,zel028_h1650,1329,CPD_049780036818,0,1342,1342
zscreen_original_graph_v1:zel028_h1650:1329,zscreen_original_graph_v1,zel028_h1650,1329,CPD_354812208402,1,9263,9263
zscreen_original_graph_v1:zel028_h1650:1329,zscreen_original_graph_v1,zel028_h1650,1329,CPD_371791749000,2,9696,9696
zscreen_original_graph_v1:zel028_h1650:1329,zscreen_original_graph_v1,zel028_h1650,1329,CPD_392728228518,3,10201,10201
zscreen_original_graph_v1:zel028_h1650:1329,zscreen_original_graph_v1,zel028_h1650,1329,CPD_627487060928,4,16280,16280
zscreen_original_graph_v1:zel028_h1650:1329,zscreen_original_graph_v1,zel028_h1650,1329,CPD_663936048550,5,17242,17242
zscreen_original_graph_v1:zel028_h1650:1329,zscreen_original_graph_v1,zel028_h1650,1329,CPD_789848453804,6,20463,20463
zscreen_original_graph_v1:zel028_h1650:1433,zscreen_original_graph_v1,zel028_h1650,1433,CPD_053087275492,0,1448,1448
zscreen_original_graph_v1:zel028_h1650:1433,zscreen_original_graph_v1,zel028_h1650,1433,CPD_562434944846,1,14657,14657
zscreen_original_graph_v1:zel028_h1650:1433,zscreen_original_graph_v1,zel028_h1650,1433,CPD_685934339998,2,17814,17814
zscreen_original_graph_v1:zel028_h1650:1442,zscreen_original_graph_v1,zel028_h1650,1442,CPD_053425479107,0,1457,1457
zscreen_original_graph_v1:zel028_h1650:1442,zscreen_original_graph_v1,zel028_h1650,1442,CPD_084411617289,1,2238,2238
zscreen_original_graph_v1:zel028_h1650:1442,zscreen_original_graph_v1,zel028_h1650,1442,CPD_427382232823,2,11120,11120
zscreen_original_graph_v1:zel028_h1650:1442,zscreen_original_graph_v1,zel028_h1650,1442,CPD_529253937639,3,13806,13806
zscreen_original_graph_v1:zel028_h1650:1442,zscreen_original_graph_v1,zel028_h1650,1442,CPD_627134213273,4,16270,16270
zscreen_original_graph_v1:zel028_h1650:1442,zscreen_original_graph_v1,zel028_h1650,1442,CPD_797738351040,5,20664,20664
zscreen_original_graph_v1:zel028_h1650:1461,zscreen_original_graph_v1,zel028_h1650,1461,CPD_054074993315,0,1476,1476
zscreen_original_graph_v1:zel028_h1650:1461,zscreen_original_graph_v1,zel028_h1650,1461,CPD_068702736871,1,1820,1820
zscreen_original_graph_v1:zel028_h1650:1461,zscreen_original_graph_v1,zel028_h1650,1461,CPD_228161092689,2,5970,5970
zscreen_original_graph_v1:zel028_h1650:1461,zscreen_original_graph_v1,zel028_h1650,1461,CPD_538799238973,3,14035,14035
zscreen_original_graph_v1:zel028_h1650:1461,zscreen_original_graph_v1,zel028_h1650,1461,CPD_900509108191,4,23352,23352
zscreen_original_graph_v1:zel028_h1650:1461,zscreen_original_graph_v1,zel028_h1650,1461,CPD_922679660191,5,23937,23937
zscreen_original_graph_v1:zel028_h1650:1474,zscreen_original_graph_v1,zel028_h1650,1474,CPD_054966818544,0,1489,1489
zscreen_original_graph_v1:zel028_h1650:1474,zscreen_original_graph_v1,zel028_h1650,1474,CPD_150634677057,1,4005,4005
zscreen_original_graph_v1:zel028_h1650:1474,zscreen_original_graph_v1,zel028_h1650,1474,CPD_228106531908,2,5969,5969
zscreen_original_graph_v1:zel028_h1650:1474,zscreen_original_graph_v1,zel028_h1650,1474,CPD_247528288010,3,6494,6494
zscreen_original_graph_v1:zel028_h1650:1474,zscreen_original_graph_v1,zel028_h1650,1474,CPD_283794908843,4,7457,7457
zscreen_original_graph_v1:zel028_h1650:1474,zscreen_original_graph_v1,zel028_h1650,1474,CPD_306995569043,5,8044,8044
zscreen_original_graph_v1:zel028_h1650:1474,zscreen_original_graph_v1,zel028_h1650,1474,CPD_361676841228,6,9437,9437
zscreen_original_graph_v1:zel028_h1650:1474,zscreen_original_graph_v1,zel028_h1650,1474,CPD_409335703468,7,10651,10651
zscreen_original_graph_v1:zel028_h1650:1474,zscreen_original_graph_v1,zel028_h1650,1474,CPD_773227422285,8,20014,20014
zscreen_original_graph_v1:zel028_h1650:1474,zscreen_original_graph_v1,zel028_h1650,1474,CPD_802808739037,9,20793,20793
zscreen_original_graph_v1:zel028_h1650:1474,zscreen_original_graph_v1,zel028_h1650,1474,CPD_891674742003,10,23110,23110
zscreen_original_graph_v1:zel028_h1650:1474,zscreen_original_graph_v1,zel028_h1650,1474,CPD_905564571756,11,23473,23473
zscreen_original_graph_v1:zel028_h1650:1474,zscreen_original_graph_v1,zel028_h1650,1474,CPD_966466897291,12,25025,25025
zscreen_original_graph_v1:zel028_h1650:1482,zscreen_original_graph_v1,zel028_h1650,1482,CPD_055273308571,0,1498,1498
zscreen_original_graph_v1:zel028_h1650:1482,zscreen_original_graph_v1,zel028_h1650,1482,CPD_463986389859,1,12063,12063
zscreen_original_graph_v1:zel028_h1650:1482,zscreen_original_graph_v1,zel028_h1650,1482,CPD_494728525066,2,12883,12883
zscreen_original_graph_v1:zel028_h1650:1507,zscreen_original_graph_v1,zel028_h1650,1507,CPD_056426680330,0,1523,1523
zscreen_original_graph_v1:zel028_h1650:1507,zscreen_original_graph_v1,zel028_h1650,1507,CPD_338290629157,1,8842,8842
zscreen_original_graph_v1:zel028_h1650:1507,zscreen_original_graph_v1,zel028_h1650,1507,CPD_882850272030,2,22899,22899
zscreen_original_graph_v1:zel028_h1650:1692,zscreen_original_graph_v1,zel028_h1650,1692,CPD_064145056700,0,1712,1712
zscreen_original_graph_v1:zel028_h1650:1692,zscreen_original_graph_v1,zel028_h1650,1692,CPD_131106619124,1,3472,3472
zscreen_original_graph_v1:zel028_h1650:1692,zscreen_original_graph_v1,zel028_h1650,1692,CPD_161714388630,2,4300,4300
zscreen_original_graph_v1:zel028_h1650:1692,zscreen_original_graph_v1,zel028_h1650,1692,CPD_311204109027,3,8163,8163
zscreen_original_graph_v1:zel028_h1650:1692,zscreen_original_graph_v1,zel028_h1650,1692,CPD_419363247953,4,10897,10897
zscreen_original_graph_v1:zel028_h1650:1692,zscreen_original_graph_v1,zel028_h1650,1692,CPD_835762335042,5,21640,21640
zscreen_original_graph_v1:zel028_h1650:1692,zscreen_original_graph_v1,zel028_h1650,1692,CPD_986688216149,6,25561,25561
zscreen_original_graph_v1:zel028_h1650:1699,zscreen_original_graph_v1,zel028_h1650,1699,CPD_064375879905,0,1720,1720
zscreen_original_graph_v1:zel028_h1650:1699,zscreen_original_graph_v1,zel028_h1650,1699,CPD_337876724470,1,8835,8835
zscreen_original_graph_v1:zel028_h1650:1699,zscreen_original_graph_v1,zel028_h1650,1699,CPD_356588098219,2,9312,9312
zscreen_original_graph_v1:zel028_h1650:1699,zscreen_original_graph_v1,zel028_h1650,1699,CPD_981234229773,3,25413,25413
zscreen_original_graph_v1:zel028_h1650:1787,zscreen_original_graph_v1,zel028_h1650,1787,CPD_068169579792,0,1808,1808
zscreen_original_graph_v1:zel028_h1650:1787,zscreen_original_graph_v1,zel028_h1650,1787,CPD_072237659757,1,1912,1912
zscreen_original_graph_v1:zel028_h1650:1787,zscreen_original_graph_v1,zel028_h1650,1787,CPD_330791558970,2,8657,8657
zscreen_original_graph_v1:zel028_h1650:1809,zscreen_original_graph_v1,zel028_h1650,1809,CPD_069030735640,0,1831,1831
zscreen_original_graph_v1:zel028_h1650:1809,zscreen_original_graph_v1,zel028_h1650,1809,CPD_143827550605,1,3817,3817
zscreen_original_graph_v1:zel028_h1650:1809,zscreen_original_graph_v1,zel028_h1650,1809,CPD_179319103805,2,4724,4724
zscreen_original_graph_v1:zel028_h1650:1809,zscreen_original_graph_v1,zel028_h1650,1809,CPD_389319745105,3,10106,10106
zscreen_original_graph_v1:zel028_h1650:1809,zscreen_original_graph_v1,zel028_h1650,1809,CPD_421797802360,4,10965,10965
zscreen_original_graph_v1:zel028_h1650:1821,zscreen_original_graph_v1,zel028_h1650,1821,CPD_069639179625,0,1843,1843
zscreen_original_graph_v1:zel028_h1650:1821,zscreen_original_graph_v1,zel028_h1650,1821,CPD_138480047341,1,3666,3666
zscreen_original_graph_v1:zel028_h1650:1821,zscreen_original_graph_v1,zel028_h1650,1821,CPD_769943115949,2,19925,19925
zscreen_original_graph_v1:zel028_h1650:1885,zscreen_original_graph_v1,zel028_h1650,1885,CPD_072106569291,0,1908,1908
zscreen_original_graph_v1:zel028_h1650:1885,zscreen_original_graph_v1,zel028_h1650,1885,CPD_364337014770,1,9508,9508
zscreen_original_graph_v1:zel028_h1650:1885,zscreen_original_graph_v1,zel028_h1650,1885,CPD_533522796957,2,13902,13902
zscreen_original_graph_v1:zel028_h1650:1885,zscreen_original_graph_v1,zel028_h1650,1885,CPD_730379207171,3,18938,18938
zscreen_original_graph_v1:zel028_h1650:1885,zscreen_original_graph_v1,zel028_h1650,1885,CPD_830253738736,4,21493,21493
zscreen_original_graph_v1:zel028_h1650:1889,zscreen_original_graph_v1,zel028_h1650,1889,CPD_072281116517,0,1913,1913
zscreen_original_graph_v1:zel028_h1650:1889,zscreen_original_graph_v1,zel028_h1650,1889,CPD_150836100075,1,4011,4011
zscreen_original_graph_v1:zel028_h1650:1889,zscreen_original_graph_v1,zel028_h1650,1889,CPD_503354147050,2,13104,13104
zscreen_original_graph_v1:zel028_h1650:1889,zscreen_original_graph_v1,zel028_h1650,1889,CPD_542667290016,3,14149,14149
zscreen_original_graph_v1:zel028_h1650:1889,zscreen_original_graph_v1,zel028_h1650,1889,CPD_718492719560,4,18616,18616
zscreen_original_graph_v1:zel028_h1650:1907,zscreen_original_graph_v1,zel028_h1650,1907,CPD_072801241660,0,1931,1931
zscreen_original_graph_v1:zel028_h1650:1907,zscreen_original_graph_v1,zel028_h1650,1907,CPD_404784083226,1,10517,10517
zscreen_original_graph_v1:zel028_h1650:1907,zscreen_original_graph_v1,zel028_h1650,1907,CPD_639407740702,2,16584,16584
zscreen_original_graph_v1:zel028_h1650:1907,zscreen_original_graph_v1,zel028_h1650,1907,CPD_735627802411,3,19059,19059
zscreen_original_graph_v1:zel028_h1650:1907,zscreen_original_graph_v1,zel028_h1650,1907,CPD_741879285651,4,19213,19213
zscreen_original_graph_v1:zel028_h1650:1907,zscreen_original_graph_v1,zel028_h1650,1907,CPD_745297010456,5,19311,19311
zscreen_original_graph_v1:zel028_h1650:1907,zscreen_original_graph_v1,zel028_h1650,1907,CPD_781835429506,6,20249,20249
zscreen_original_graph_v1:zel028_h1650:1909,zscreen_original_graph_v1,zel028_h1650,1909,CPD_072844574249,0,1933,1933
zscreen_original_graph_v1:zel028_h1650:1909,zscreen_original_graph_v1,zel028_h1650,1909,CPD_079358388642,1,2114,2114
zscreen_original_graph_v1:zel028_h1650:1909,zscreen_original_graph_v1,zel028_h1650,1909,CPD_133932116212,2,3545,3545
zscreen_original_graph_v1:zel028_h1650:1909,zscreen_original_graph_v1,zel028_h1650,1909,CPD_267178657334,3,7020,7020
zscreen_original_graph_v1:zel028_h1650:1909,zscreen_original_graph_v1,zel028_h1650,1909,CPD_422393276221,4,10980,10980
zscreen_original_graph_v1:zel028_h1650:1909,zscreen_original_graph_v1,zel028_h1650,1909,CPD_423054049251,5,11007,11007
zscreen_original_graph_v1:zel028_h1650:1909,zscreen_original_graph_v1,zel028_h1650,1909,CPD_557952497017,6,14530,14530
zscreen_original_graph_v1:zel028_h1650:1929,zscreen_original_graph_v1,zel028_h1650,1929,CPD_073627943997,0,1953,1953
zscreen_original_graph_v1:zel028_h1650:1929,zscreen_original_graph_v1,zel028_h1650,1929,CPD_395453790046,1,10273,10273
zscreen_original_graph_v1:zel028_h1650:1929,zscreen_original_graph_v1,zel028_h1650,1929,CPD_431465790685,2,11231,11231
zscreen_original_graph_v1:zel028_h1650:1929,zscreen_original_graph_v1,zel028_h1650,1929,CPD_489009084076,3,12729,12729
zscreen_original_graph_v1:zel028_h1650:1929,zscreen_original_graph_v1,zel028_h1650,1929,CPD_822402706254,4,21289,21289
zscreen_original_graph_v1:zel028_h1650:1929,zscreen_original_graph_v1,zel028_h1650,1929,CPD_932458911182,5,24154,24154
zscreen_original_graph_v1:zel028_h1650:1982,zscreen_original_graph_v1,zel028_h1650,1982,CPD_075392167020,0,2008,2008
zscreen_original_graph_v1:zel028_h1650:1982,zscreen_original_graph_v1,zel028_h1650,1982,CPD_270002844890,1,7084,7084
zscreen_original_graph_v1:zel028_h1650:1982,zscreen_original_graph_v1,zel028_h1650,1982,CPD_545347650167,2,14207,14207
zscreen_original_graph_v1:zel028_h1650:1988,zscreen_original_graph_v1,zel028_h1650,1988,CPD_075540071017,0,2014,2014
zscreen_original_graph_v1:zel028_h1650:1988,zscreen_original_graph_v1,zel028_h1650,1988,CPD_084076338962,1,2230,2230
zscreen_original_graph_v1:zel028_h1650:1988,zscreen_original_graph_v1,zel028_h1650,1988,CPD_178228404450,2,4698,4698
zscreen_original_graph_v1:zel028_h1650:1988,zscreen_original_graph_v1,zel028_h1650,1988,CPD_221227348542,3,5786,5786
zscreen_original_graph_v1:zel028_h1650:1988,zscreen_original_graph_v1,zel028_h1650,1988,CPD_233171622104,4,6097,6097
zscreen_original_graph_v1:zel028_h1650:1988,zscreen_original_graph_v1,zel028_h1650,1988,CPD_276081040121,5,7265,7265
zscreen_original_graph_v1:zel028_h1650:1988,zscreen_original_graph_v1,zel028_h1650,1988,CPD_334740020194,6,8761,8761
zscreen_original_graph_v1:zel028_h1650:1988,zscreen_original_graph_v1,zel028_h1650,1988,CPD_349051678426,7,9102,9102
zscreen_original_graph_v1:zel028_h1650:1988,zscreen_original_graph_v1,zel028_h1650,1988,CPD_413381227139,8,10738,10738
zscreen_original_graph_v1:zel028_h1650:1988,zscreen_original_graph_v1,zel028_h1650,1988,CPD_435001013342,9,11312,11312
zscreen_original_graph_v1:zel028_h1650:1988,zscreen_original_graph_v1,zel028_h1650,1988,CPD_458102106907,10,11914,11914
zscreen_original_graph_v1:zel028_h1650:1988,zscreen_original_graph_v1,zel028_h1650,1988,CPD_496311111490,11,12924,12924
zscreen_original_graph_v1:zel028_h1650:1988,zscreen_original_graph_v1,zel028_h1650,1988,CPD_519450265265,12,13547,13547
zscreen_original_graph_v1:zel028_h1650:1988,zscreen_original_graph_v1,zel028_h1650,1988,CPD_639313125296,13,16581,16581
zscreen_original_graph_v1:zel028_h1650:1988,zscreen_original_graph_v1,zel028_h1650,1988,CPD_646193816708,14,16773,16773
zscreen_original_graph_v1:zel028_h1650:1988,zscreen_original_graph_v1,zel028_h1650,1988,CPD_651702108927,15,16902,16902
zscreen_original_graph_v1:zel028_h1650:1988,zscreen_original_graph_v1,zel028_h1650,1988,CPD_747051930849,16,19357,19357
zscreen_original_graph_v1:zel028_h1650:1988,zscreen_original_graph_v1,zel028_h1650,1988,CPD_750428086691,17,19446,19446
zscreen_original_graph_v1:zel028_h1650:1988,zscreen_original_graph_v1,zel028_h1650,1988,CPD_827684576994,18,21434,21434
zscreen_original_graph_v1:zel028_h1650:1988,zscreen_original_graph_v1,zel028_h1650,1988,CPD_846592705644,19,21937,21937
zscreen_original_graph_v1:zel028_h1650:1988,zscreen_original_graph_v1,zel028_h1650,1988,CPD_849351501689,20,22003,22003
zscreen_original_graph_v1:zel028_h1650:1988,zscreen_original_graph_v1,zel028_h1650,1988,CPD_890057084911,21,23078,23078
zscreen_original_graph_v1:zel028_h1650:1988,zscreen_original_graph_v1,zel028_h1650,1988,CPD_947738246056,22,24562,24562
zscreen_original_graph_v1:zel028_h1650:2024,zscreen_original_graph_v1,zel028_h1650,2024,CPD_076728043385,0,2050,2050
zscreen_original_graph_v1:zel028_h1650:2024,zscreen_original_graph_v1,zel028_h1650,2024,CPD_127495431741,1,3373,3373
zscreen_original_graph_v1:zel028_h1650:2024,zscreen_original_graph_v1,zel028_h1650,2024,CPD_569365790268,2,14830,14830
zscreen_original_graph_v1:zel028_h1650:2024,zscreen_original_graph_v1,zel028_h1650,2024,CPD_846379241994,3,21931,21931
zscreen_original_graph_v1:zel028_h1650:2024,zscreen_original_graph_v1,zel028_h1650,2024,CPD_977364755399,4,25308,25308
zscreen_original_graph_v1:zel028_h1650:2041,zscreen_original_graph_v1,zel028_h1650,2041,CPD_077742103418,0,2067,2067
zscreen_original_graph_v1:zel028_h1650:2041,zscreen_original_graph_v1,zel028_h1650,2041,CPD_630182951901,1,16355,16355
zscreen_original_graph_v1:zel028_h1650:2041,zscreen_original_graph_v1,zel028_h1650,2041,CPD_696820860612,2,18073,18073
zscreen_original_graph_v1:zel028_h1650:2041,zscreen_original_graph_v1,zel028_h1650,2041,CPD_997467458111,3,25838,25838
zscreen_original_graph_v1:zel028_h1650:2042,zscreen_original_graph_v1,zel028_h1650,2042,CPD_077754222181,0,2068,2068
zscreen_original_graph_v1:zel028_h1650:2042,zscreen_original_graph_v1,zel028_h1650,2042,CPD_089307253609,1,2364,2364
zscreen_original_graph_v1:zel028_h1650:2042,zscreen_original_graph_v1,zel028_h1650,2042,CPD_154600005042,2,4121,4121
zscreen_original_graph_v1:zel028_h1650:2042,zscreen_original_graph_v1,zel028_h1650,2042,CPD_271983527280,3,7147,7147
zscreen_original_graph_v1:zel028_h1650:2042,zscreen_original_graph_v1,zel028_h1650,2042,CPD_273141085237,4,7178,7178
zscreen_original_graph_v1:zel028_h1650:2042,zscreen_original_graph_v1,zel028_h1650,2042,CPD_324508508251,5,8471,8471
zscreen_original_graph_v1:zel028_h1650:2042,zscreen_original_graph_v1,zel028_h1650,2042,CPD_333584234220,6,8734,8734
zscreen_original_graph_v1:zel028_h1650:2042,zscreen_original_graph_v1,zel028_h1650,2042,CPD_480756563852,7,12514,12514
zscreen_original_graph_v1:zel028_h1650:2042,zscreen_original_graph_v1,zel028_h1650,2042,CPD_501549873210,8,13058,13058
zscreen_original_graph_v1:zel028_h1650:2042,zscreen_original_graph_v1,zel028_h1650,2042,CPD_668312683116,9,17351,17351
zscreen_original_graph_v1:zel028_h1650:2042,zscreen_original_graph_v1,zel028_h1650,2042,CPD_741002527176,10,19188,19188
zscreen_original_graph_v1:zel028_h1650:2042,zscreen_original_graph_v1,zel028_h1650,2042,CPD_779745240181,11,20196,20196
zscreen_original_graph_v1:zel028_h1650:2042,zscreen_original_graph_v1,zel028_h1650,2042,CPD_822000791697,12,21281,21281
zscreen_original_graph_v1:zel028_h1650:2042,zscreen_original_graph_v1,zel028_h1650,2042,CPD_861920233549,13,22334,22334
zscreen_original_graph_v1:zel028_h1650:2042,zscreen_original_graph_v1,zel028_h1650,2042,CPD_866517195978,14,22452,22452
zscreen_original_graph_v1:zel028_h1650:2042,zscreen_original_graph_v1,zel028_h1650,2042,CPD_965690584471,15,25007,25007
zscreen_original_graph_v1:zel028_h1650:2042,zscreen_original_graph_v1,zel028_h1650,2042,CPD_966752845146,16,25029,25029
zscreen_original_graph_v1:zel028_h1650:2042,zscreen_original_graph_v1,zel028_h1650,2042,CPD_972909787238,17,25187,25187
zscreen_original_graph_v1:zel028_h1650:2111,zscreen_original_graph_v1,zel028_h1650,2111,CPD_080549919782,0,2138,2138
zscreen_original_graph_v1:zel028_h1650:2111,zscreen_original_graph_v1,zel028_h1650,2111,CPD_252671259948,1,6639,6639
zscreen_original_graph_v1:zel028_h1650:2111,zscreen_original_graph_v1,zel028_h1650,2111,CPD_364315670885,2,9507,9507
zscreen_original_graph_v1:zel028_h1650:2117,zscreen_original_graph_v1,zel028_h1650,2117,CPD_080656574204,0,2144,2144
zscreen_original_graph_v1:zel028_h1650:2117,zscreen_original_graph_v1,zel028_h1650,2117,CPD_285047096127,1,7485,7485
zscreen_original_graph_v1:zel028_h1650:2117,zscreen_original_graph_v1,zel028_h1650,2117,CPD_594844791539,2,15439,15439
zscreen_original_graph_v1:zel028_h1650:2163,zscreen_original_graph_v1,zel028_h1650,2163,CPD_082807205849,0,2192,2192
zscreen_original_graph_v1:zel028_h1650:2163,zscreen_original_graph_v1,zel028_h1650,2163,CPD_329746763950,1,8627,8627
zscreen_original_graph_v1:zel028_h1650:2163,zscreen_original_graph_v1,zel028_h1650,2163,CPD_658925993882,2,17086,17086
zscreen_original_graph_v1:zel028_h1650:2331,zscreen_original_graph_v1,zel028_h1650,2331,CPD_089325566935,0,2365,2365
zscreen_original_graph_v1:zel028_h1650:2331,zscreen_original_graph_v1,zel028_h1650,2331,CPD_488540895794,1,12719,12719
zscreen_original_graph_v1:zel028_h1650:2331,zscreen_original_graph_v1,zel028_h1650,2331,CPD_526492562322,2,13735,13735
zscreen_original_graph_v1:zel028_h1650:2342,zscreen_original_graph_v1,zel028_h1650,2342,CPD_089738673563,0,2376,2376
zscreen_original_graph_v1:zel028_h1650:2342,zscreen_original_graph_v1,zel028_h1650,2342,CPD_186558757542,1,4898,4898
zscreen_original_graph_v1:zel028_h1650:2342,zscreen_original_graph_v1,zel028_h1650,2342,CPD_243432420567,2,6397,6397
zscreen_original_graph_v1:zel028_h1650:2342,zscreen_original_graph_v1,zel028_h1650,2342,CPD_999375519985,3,25895,25895
zscreen_original_graph_v1:zel028_h1650:2395,zscreen_original_graph_v1,zel028_h1650,2395,CPD_091930234128,0,2430,2430
zscreen_original_graph_v1:zel028_h1650:2395,zscreen_original_graph_v1,zel028_h1650,2395,CPD_161247954254,1,4288,4288
zscreen_original_graph_v1:zel028_h1650:2395,zscreen_original_graph_v1,zel028_h1650,2395,CPD_206625641367,2,5417,5417
zscreen_original_graph_v1:zel028_h1650:2395,zscreen_original_graph_v1,zel028_h1650,2395,CPD_286207808650,3,7515,7515
zscreen_original_graph_v1:zel028_h1650:2395,zscreen_original_graph_v1,zel028_h1650,2395,CPD_375962910005,4,9802,9802
zscreen_original_graph_v1:zel028_h1650:2395,zscreen_original_graph_v1,zel028_h1650,2395,CPD_534147970325,5,13918,13918
zscreen_original_graph_v1:zel028_h1650:2395,zscreen_original_graph_v1,zel028_h1650,2395,CPD_929115414428,6,24090,24090
zscreen_original_graph_v1:zel028_h1650:2561,zscreen_original_graph_v1,zel028_h1650,2561,CPD_098819504287,0,2598,2598
zscreen_original_graph_v1:zel028_h1650:2561,zscreen_original_graph_v1,zel028_h1650,2561,CPD_394448094633,1,10251,10251
zscreen_original_graph_v1:zel028_h1650:2561,zscreen_original_graph_v1,zel028_h1650,2561,CPD_652159320260,2,16917,16917
zscreen_original_graph_v1:zel028_h1650:2577,zscreen_original_graph_v1,zel028_h1650,2577,CPD_099183899231,0,2615,2615
zscreen_original_graph_v1:zel028_h1650:2577,zscreen_original_graph_v1,zel028_h1650,2577,CPD_402726426129,1,10452,10452
zscreen_original_graph_v1:zel028_h1650:2577,zscreen_original_graph_v1,zel028_h1650,2577,CPD_507019910071,2,13209,13209
zscreen_original_graph_v1:zel028_h1650:2586,zscreen_original_graph_v1,zel028_h1650,2586,CPD_099684952598,0,2624,2624
zscreen_original_graph_v1:zel028_h1650:2586,zscreen_original_graph_v1,zel028_h1650,2586,CPD_187008432260,1,4910,4910
zscreen_original_graph_v1:zel028_h1650:2586,zscreen_original_graph_v1,zel028_h1650,2586,CPD_401884627510,2,10436,10436
zscreen_original_graph_v1:zel028_h1650:2586,zscreen_original_graph_v1,zel028_h1650,2586,CPD_440574529838,3,11461,11461
zscreen_original_graph_v1:zel028_h1650:2586,zscreen_original_graph_v1,zel028_h1650,2586,CPD_448364934954,4,11640,11640
zscreen_original_graph_v1:zel028_h1650:2586,zscreen_original_graph_v1,zel028_h1650,2586,CPD_842831280011,5,21829,21829
zscreen_original_graph_v1:zel028_h1650:2642,zscreen_original_graph_v1,zel028_h1650,2642,CPD_101730936879,0,2682,2682
zscreen_original_graph_v1:zel028_h1650:2642,zscreen_original_graph_v1,zel028_h1650,2642,CPD_321630338009,1,8406,8406
zscreen_original_graph_v1:zel028_h1650:2642,zscreen_original_graph_v1,zel028_h1650,2642,CPD_397753291418,2,10338,10338
zscreen_original_graph_v1:zel028_h1650:2712,zscreen_original_graph_v1,zel028_h1650,2712,CPD_104169958394,0,2752,2752
zscreen_original_graph_v1:zel028_h1650:2712,zscreen_original_graph_v1,zel028_h1650,2712,CPD_419084423402,1,10889,10889
zscreen_original_graph_v1:zel028_h1650:2712,zscreen_original_graph_v1,zel028_h1650,2712,CPD_585637208187,2,15208,15208
zscreen_original_graph_v1:zel028_h1650:2712,zscreen_original_graph_v1,zel028_h1650,2712,CPD_719454220886,3,18652,18652
zscreen_original_graph_v1:zel028_h1650:2764,zscreen_original_graph_v1,zel028_h1650,2764,CPD_106282451355,0,2805,2805
zscreen_original_graph_v1:zel028_h1650:2764,zscreen_original_graph_v1,zel028_h1650,2764,CPD_330378833633,1,8647,8647
zscreen_original_graph_v1:zel028_h1650:2764,zscreen_original_graph_v1,zel028_h1650,2764,CPD_395732776854,2,10283,10283
zscreen_original_graph_v1:zel028_h1650:2764,zscreen_original_graph_v1,zel028_h1650,2764,CPD_439443344840,3,11426,11426
zscreen_original_graph_v1:zel028_h1650:2764,zscreen_original_graph_v1,zel028_h1650,2764,CPD_498265606701,4,12966,12966
zscreen_original_graph_v1:zel028_h1650:2764,zscreen_original_graph_v1,zel028_h1650,2764,CPD_598376031115,5,15536,15536
zscreen_original_graph_v1:zel028_h1650:2764,zscreen_original_graph_v1,zel028_h1650,2764,CPD_640142763827,6,16617,16617
zscreen_original_graph_v1:zel028_h1650:2764,zscreen_original_graph_v1,zel028_h1650,2764,CPD_704548187671,7,18260,18260
zscreen_original_graph_v1:zel028_h1650:2764,zscreen_original_graph_v1,zel028_h1650,2764,CPD_845083560513,8,21899,21899
zscreen_original_graph_v1:zel028_h1650:2764,zscreen_original_graph_v1,zel028_h1650,2764,CPD_866890833217,9,22460,22460
zscreen_original_graph_v1:zel028_h1650:2764,zscreen_original_graph_v1,zel028_h1650,2764,CPD_921955789675,10,23923,23923
zscreen_original_graph_v1:zel028_h1650:2768,zscreen_original_graph_v1,zel028_h1650,2768,CPD_106410531455,0,2809,2809
zscreen_original_graph_v1:zel028_h1650:2768,zscreen_original_graph_v1,zel028_h1650,2768,CPD_743718966977,1,19267,19267
zscreen_original_graph_v1:zel028_h1650:2768,zscreen_original_graph_v1,zel028_h1650,2768,CPD_837595546221,2,21693,21693
zscreen_original_graph_v1:zel028_h1650:2776,zscreen_original_graph_v1,zel028_h1650,2776,CPD_106775292819,0,2817,2817
zscreen_original_graph_v1:zel028_h1650:2776,zscreen_original_graph_v1,zel028_h1650,2776,CPD_172564044311,1,4561,4561
zscreen_original_graph_v1:zel028_h1650:2776,zscreen_original_graph_v1,zel028_h1650,2776,CPD_225762638200,2,5905,5905
zscreen_original_graph_v1:zel028_h1650:2776,zscreen_original_graph_v1,zel028_h1650,2776,CPD_272306424449,3,7155,7155
zscreen_original_graph_v1:zel028_h1650:2776,zscreen_original_graph_v1,zel028_h1650,2776,CPD_342745703735,4,8948,8948
zscreen_original_graph_v1:zel028_h1650:2776,zscreen_original_graph_v1,zel028_h1650,2776,CPD_499897863529,5,13023,13023
zscreen_original_graph_v1:zel028_h1650:2776,zscreen_original_graph_v1,zel028_h1650,2776,CPD_507012137694,6,13208,13208
zscreen_original_graph_v1:zel028_h1650:2776,zscreen_original_graph_v1,zel028_h1650,2776,CPD_517120668007,7,13469,13469
zscreen_original_graph_v1:zel028_h1650:2776,zscreen_original_graph_v1,zel028_h1650,2776,CPD_549974227563,8,14324,14324
zscreen_original_graph_v1:zel028_h1650:2776,zscreen_original_graph_v1,zel028_h1650,2776,CPD_557513864600,9,14518,14518
zscreen_original_graph_v1:zel028_h1650:2776,zscreen_original_graph_v1,zel028_h1650,2776,CPD_655287606780,10,16991,16991
zscreen_original_graph_v1:zel028_h1650:2776,zscreen_original_graph_v1,zel028_h1650,2776,CPD_708071533158,11,18346,18346
zscreen_original_graph_v1:zel028_h1650:2826,zscreen_original_graph_v1,zel028_h1650,2826,CPD_109032705455,0,2867,2867
zscreen_original_graph_v1:zel028_h1650:2826,zscreen_original_graph_v1,zel028_h1650,2826,CPD_151543748802,1,4035,4035
zscreen_original_graph_v1:zel028_h1650:2826,zscreen_original_graph_v1,zel028_h1650,2826,CPD_339387452255,2,8868,8868
zscreen_original_graph_v1:zel028_h1650:2840,zscreen_original_graph_v1,zel028_h1650,2840,CPD_109416747578,0,2882,2882
zscreen_original_graph_v1:zel028_h1650:2840,zscreen_original_graph_v1,zel028_h1650,2840,CPD_686157414126,1,17822,17822
zscreen_original_graph_v1:zel028_h1650:2840,zscreen_original_graph_v1,zel028_h1650,2840,CPD_728074435012,2,18871,18871
zscreen_original_graph_v1:zel028_h1650:2894,zscreen_original_graph_v1,zel028_h1650,2894,CPD_111875193996,0,2937,2937
zscreen_original_graph_v1:zel028_h1650:2894,zscreen_original_graph_v1,zel028_h1650,2894,CPD_114263663104,1,3013,3013
zscreen_original_graph_v1:zel028_h1650:2894,zscreen_original_graph_v1,zel028_h1650,2894,CPD_682478335903,2,17722,17722
zscreen_original_graph_v1:zel028_h1650:2993,zscreen_original_graph_v1,zel028_h1650,2993,CPD_115368984163,0,3040,3040
zscreen_original_graph_v1:zel028_h1650:2993,zscreen_original_graph_v1,zel028_h1650,2993,CPD_208126853600,1,5462,5462
zscreen_original_graph_v1:zel028_h1650:2993,zscreen_original_graph_v1,zel028_h1650,2993,CPD_245540569443,2,6448,6448
zscreen_original_graph_v1:zel028_h1650:2993,zscreen_original_graph_v1,zel028_h1650,2993,CPD_384403210478,3,9991,9991
zscreen_original_graph_v1:zel028_h1650:2993,zscreen_original_graph_v1,zel028_h1650,2993,CPD_590804464728,4,15344,15344
zscreen_original_graph_v1:zel028_h1650:2993,zscreen_original_graph_v1,zel028_h1650,2993,CPD_652356329199,5,16919,16919
zscreen_original_graph_v1:zel028_h1650:2993,zscreen_original_graph_v1,zel028_h1650,2993,CPD_675540011575,6,17550,17550
zscreen_original_graph_v1:zel028_h1650:2993,zscreen_original_graph_v1,zel028_h1650,2993,CPD_725540973452,7,18800,18800
zscreen_original_graph_v1:zel028_h1650:2993,zscreen_original_graph_v1,zel028_h1650,2993,CPD_742609024350,8,19238,19238
zscreen_original_graph_v1:zel028_h1650:2993,zscreen_original_graph_v1,zel028_h1650,2993,CPD_766689348367,9,19847,19847
zscreen_original_graph_v1:zel028_h1650:2993,zscreen_original_graph_v1,zel028_h1650,2993,CPD_896972969662,10,23256,23256
zscreen_original_graph_v1:zel028_h1650:2993,zscreen_original_graph_v1,zel028_h1650,2993,CPD_897998538818,11,23279,23279
zscreen_original_graph_v1:zel028_h1650:3011,zscreen_original_graph_v1,zel028_h1650,3011,CPD_115953129919,0,3058,3058
zscreen_original_graph_v1:zel028_h1650:3011,zscreen_original_graph_v1,zel028_h1650,3011,CPD_283550924660,1,7448,7448
zscreen_original_graph_v1:zel028_h1650:3011,zscreen_original_graph_v1,zel028_h1650,3011,CPD_284007911777,2,7464,7464
zscreen_original_graph_v1:zel028_h1650:3011,zscreen_original_graph_v1,zel028_h1650,3011,CPD_361271655528,3,9426,9426
zscreen_original_graph_v1:zel028_h1650:3011,zscreen_original_graph_v1,zel028_h1650,3011,CPD_396851200802,4,10314,10314
zscreen_original_graph_v1:zel028_h1650:3011,zscreen_original_graph_v1,zel028_h1650,3011,CPD_422296408170,5,10978,10978
zscreen_original_graph_v1:zel028_h1650:3011,zscreen_original_graph_v1,zel028_h1650,3011,CPD_591181223853,6,15355,15355
zscreen_original_graph_v1:zel028_h1650:3011,zscreen_original_graph_v1,zel028_h1650,3011,CPD_596300248084,7,15472,15472
zscreen_original_graph_v1:zel028_h1650:3011,zscreen_original_graph_v1,zel028_h1650,3011,CPD_873200007752,8,22621,22621
zscreen_original_graph_v1:zel028_h1650:3161,zscreen_original_graph_v1,zel028_h1650,3161,CPD_121196389635,0,3211,3211
zscreen_original_graph_v1:zel028_h1650:3161,zscreen_original_graph_v1,zel028_h1650,3161,CPD_130321301129,1,3451,3451
zscreen_original_graph_v1:zel028_h1650:3161,zscreen_original_graph_v1,zel028_h1650,3161,CPD_821278469253,2,21257,21257
zscreen_original_graph_v1:zel028_h1650:3316,zscreen_original_graph_v1,zel028_h1650,3316,CPD_127352118658,0,3369,3369
zscreen_original_graph_v1:zel028_h1650:3316,zscreen_original_graph_v1,zel028_h1650,3316,CPD_410710565517,1,10675,10675
zscreen_original_graph_v1:zel028_h1650:3316,zscreen_original_graph_v1,zel028_h1650,3316,CPD_909917961220,2,23563,23563
zscreen_original_graph_v1:zel028_h1650:3331,zscreen_original_graph_v1,zel028_h1650,3331,CPD_127841147720,0,3386,3386
zscreen_original_graph_v1:zel028_h1650:3331,zscreen_original_graph_v1,zel028_h1650,3331,CPD_498784324049,1,12991,12991
zscreen_original_graph_v1:zel028_h1650:3331,zscreen_original_graph_v1,zel028_h1650,3331,CPD_747670194282,2,19366,19366
zscreen_original_graph_v1:zel028_h1650:3331,zscreen_original_graph_v1,zel028_h1650,3331,CPD_877164959902,3,22725,22725
zscreen_original_graph_v1:zel028_h1650:3331,zscreen_original_graph_v1,zel028_h1650,3331,CPD_906823691529,4,23503,23503
zscreen_original_graph_v1:zel028_h1650:3338,zscreen_original_graph_v1,zel028_h1650,3338,CPD_128004295877,0,3393,3393
zscreen_original_graph_v1:zel028_h1650:3338,zscreen_original_graph_v1,zel028_h1650,3338,CPD_712515280967,1,18448,18448
zscreen_original_graph_v1:zel028_h1650:3338,zscreen_original_graph_v1,zel028_h1650,3338,CPD_940801454824,2,24385,24385
zscreen_original_graph_v1:zel028_h1650:3429,zscreen_original_graph_v1,zel028_h1650,3429,CPD_131428573309,0,3486,3486
zscreen_original_graph_v1:zel028_h1650:3429,zscreen_original_graph_v1,zel028_h1650,3429,CPD_381950006790,1,9934,9934
zscreen_original_graph_v1:zel028_h1650:3429,zscreen_original_graph_v1,zel028_h1650,3429,CPD_751978892029,2,19484,19484
zscreen_original_graph_v1:zel028_h1650:3429,zscreen_original_graph_v1,zel028_h1650,3429,CPD_757782357431,3,19626,19626
zscreen_original_graph_v1:zel028_h1650:3429,zscreen_original_graph_v1,zel028_h1650,3429,CPD_760156572212,4,19685,19685
zscreen_original_graph_v1:zel028_h1650:3441,zscreen_original_graph_v1,zel028_h1650,3441,CPD_131808037223,0,3498,3498
zscreen_original_graph_v1:zel028_h1650:3441,zscreen_original_graph_v1,zel028_h1650,3441,CPD_234766917765,1,6145,6145
zscreen_original_graph_v1:zel028_h1650:3441,zscreen_original_graph_v1,zel028_h1650,3441,CPD_322613976383,2,8424,8424
zscreen_original_graph_v1:zel028_h1650:3441,zscreen_original_graph_v1,zel028_h1650,3441,CPD_352632414176,3,9203,9203
zscreen_original_graph_v1:zel028_h1650:3441,zscreen_original_graph_v1,zel028_h1650,3441,CPD_373592562743,4,9747,9747
zscreen_original_graph_v1:zel028_h1650:3441,zscreen_original_graph_v1,zel028_h1650,3441,CPD_381752493611,5,9929,9929
zscreen_original_graph_v1:zel028_h1650:3441,zscreen_original_graph_v1,zel028_h1650,3441,CPD_650672786816,6,16875,16875
zscreen_original_graph_v1:zel028_h1650:3441,zscreen_original_graph_v1,zel028_h1650,3441,CPD_676410298454,7,17570,17570
zscreen_original_graph_v1:zel028_h1650:3441,zscreen_original_graph_v1,zel028_h1650,3441,CPD_846742317234,8,21942,21942
zscreen_original_graph_v1:zel028_h1650:3454,zscreen_original_graph_v1,zel028_h1650,3454,CPD_132390349706,0,3511,3511
zscreen_original_graph_v1:zel028_h1650:3454,zscreen_original_graph_v1,zel028_h1650,3454,CPD_845577881936,1,21914,21914
zscreen_original_graph_v1:zel028_h1650:3454,zscreen_original_graph_v1,zel028_h1650,3454,CPD_918123215942,2,23816,23816
zscreen_original_graph_v1:zel028_h1650:3505,zscreen_original_graph_v1,zel028_h1650,3505,CPD_134553399129,0,3564,3564
zscreen_original_graph_v1:zel028_h1650:3505,zscreen_original_graph_v1,zel028_h1650,3505,CPD_204627199118,1,5356,5356
zscreen_original_graph_v1:zel028_h1650:3505,zscreen_original_graph_v1,zel028_h1650,3505,CPD_649856642315,2,16852,16852
zscreen_original_graph_v1:zel028_h1650:3518,zscreen_original_graph_v1,zel028_h1650,3518,CPD_134837967096,0,3577,3577
zscreen_original_graph_v1:zel028_h1650:3518,zscreen_original_graph_v1,zel028_h1650,3518,CPD_369244182443,1,9638,9638
zscreen_original_graph_v1:zel028_h1650:3518,zscreen_original_graph_v1,zel028_h1650,3518,CPD_674834319330,2,17531,17531
zscreen_original_graph_v1:zel028_h1650:3518,zscreen_original_graph_v1,zel028_h1650,3518,CPD_831429316730,3,21537,21537
zscreen_original_graph_v1:zel028_h1650:3521,zscreen_original_graph_v1,zel028_h1650,3521,CPD_134884439460,0,3580,3580
zscreen_original_graph_v1:zel028_h1650:3521,zscreen_original_graph_v1,zel028_h1650,3521,CPD_467280115499,1,12154,12154
zscreen_original_graph_v1:zel028_h1650:3521,zscreen_original_graph_v1,zel028_h1650,3521,CPD_588507259770,2,15282,15282
zscreen_original_graph_v1:zel028_h1650:3700,zscreen_original_graph_v1,zel028_h1650,3700,CPD_142115666554,0,3761,3761
zscreen_original_graph_v1:zel028_h1650:3700,zscreen_original_graph_v1,zel028_h1650,3700,CPD_165886652383,1,4387,4387
zscreen_original_graph_v1:zel028_h1650:3700,zscreen_original_graph_v1,zel028_h1650,3700,CPD_297641539726,2,7820,7820
zscreen_original_graph_v1:zel028_h1650:3745,zscreen_original_graph_v1,zel028_h1650,3745,CPD_143564626910,0,3806,3806
zscreen_original_graph_v1:zel028_h1650:3745,zscreen_original_graph_v1,zel028_h1650,3745,CPD_249314323104,1,6544,6544
zscreen_original_graph_v1:zel028_h1650:3745,zscreen_original_graph_v1,zel028_h1650,3745,CPD_881140098726,2,22842,22842
zscreen_original_graph_v1:zel028_h1650:3806,zscreen_original_graph_v1,zel028_h1650,3806,CPD_145859183145,0,3870,3870
zscreen_original_graph_v1:zel028_h1650:3806,zscreen_original_graph_v1,zel028_h1650,3806,CPD_339100887521,1,8859,8859
zscreen_original_graph_v1:zel028_h1650:3806,zscreen_original_graph_v1,zel028_h1650,3806,CPD_728545036980,2,18884,18884
zscreen_original_graph_v1:zel028_h1650:3886,zscreen_original_graph_v1,zel028_h1650,3886,CPD_148525480635,0,3952,3952
zscreen_original_graph_v1:zel028_h1650:3886,zscreen_original_graph_v1,zel028_h1650,3886,CPD_519802068551,1,13555,13555
zscreen_original_graph_v1:zel028_h1650:3886,zscreen_original_graph_v1,zel028_h1650,3886,CPD_626705055679,2,16262,16262
zscreen_original_graph_v1:zel028_h1650:3886,zscreen_original_graph_v1,zel028_h1650,3886,CPD_888922356514,3,23054,23054
zscreen_original_graph_v1:zel028_h1650:3886,zscreen_original_graph_v1,zel028_h1650,3886,CPD_915241701663,4,23738,23738
zscreen_original_graph_v1:zel028_h1650:3906,zscreen_original_graph_v1,zel028_h1650,3906,CPD_149423692353,0,3972,3972
zscreen_original_graph_v1:zel028_h1650:3906,zscreen_original_graph_v1,zel028_h1650,3906,CPD_412258113049,1,10706,10706
zscreen_original_graph_v1:zel028_h1650:3906,zscreen_original_graph_v1,zel028_h1650,3906,CPD_770155144213,2,19933,19933
zscreen_original_graph_v1:zel028_h1650:3909,zscreen_original_graph_v1,zel028_h1650,3909,CPD_149484476083,0,3975,3975
zscreen_original_graph_v1:zel028_h1650:3909,zscreen_original_graph_v1,zel028_h1650,3909,CPD_179166498628,1,4718,4718
zscreen_original_graph_v1:zel028_h1650:3909,zscreen_original_graph_v1,zel028_h1650,3909,CPD_211001493437,2,5538,5538
zscreen_original_graph_v1:zel028_h1650:3909,zscreen_original_graph_v1,zel028_h1650,3909,CPD_216434740230,3,5668,5668
zscreen_original_graph_v1:zel028_h1650:3909,zscreen_original_graph_v1,zel028_h1650,3909,CPD_713449617359,4,18473,18473
zscreen_original_graph_v1:zel028_h1650:3909,zscreen_original_graph_v1,zel028_h1650,3909,CPD_852078860136,5,22061,22061
zscreen_original_graph_v1:zel028_h1650:3945,zscreen_original_graph_v1,zel028_h1650,3945,CPD_150883020710,0,4013,4013
zscreen_original_graph_v1:zel028_h1650:3945,zscreen_original_graph_v1,zel028_h1650,3945,CPD_274338654470,1,7209,7209
zscreen_original_graph_v1:zel028_h1650:3945,zscreen_original_graph_v1,zel028_h1650,3945,CPD_274511453080,2,7218,7218
zscreen_original_graph_v1:zel028_h1650:3958,zscreen_original_graph_v1,zel028_h1650,3958,CPD_151286215930,0,4026,4026
zscreen_original_graph_v1:zel028_h1650:3958,zscreen_original_graph_v1,zel028_h1650,3958,CPD_345847373494,1,9032,9032
zscreen_original_graph_v1:zel028_h1650:3958,zscreen_original_graph_v1,zel028_h1650,3958,CPD_362526155122,2,9468,9468
zscreen_original_graph_v1:zel028_h1650:3958,zscreen_original_graph_v1,zel028_h1650,3958,CPD_517558244550,3,13481,13481
zscreen_original_graph_v1:zel028_h1650:3989,zscreen_original_graph_v1,zel028_h1650,3989,CPD_152338734397,0,4059,4059
zscreen_original_graph_v1:zel028_h1650:3989,zscreen_original_graph_v1,zel028_h1650,3989,CPD_185296207257,1,4869,4869
zscreen_original_graph_v1:zel028_h1650:3989,zscreen_original_graph_v1,zel028_h1650,3989,CPD_423839126848,2,11034,11034
zscreen_original_graph_v1:zel028_h1650:3989,zscreen_original_graph_v1,zel028_h1650,3989,CPD_804086469089,3,20821,20821
zscreen_original_graph_v1:zel028_h1650:3989,zscreen_original_graph_v1,zel028_h1650,3989,CPD_972325770085,4,25169,25169
zscreen_original_graph_v1:zel028_h1650:4020,zscreen_original_graph_v1,zel028_h1650,4020,CPD_153351656308,0,4090,4090
zscreen_original_graph_v1:zel028_h1650:4020,zscreen_original_graph_v1,zel028_h1650,4020,CPD_371837447799,1,9699,9699
zscreen_original_graph_v1:zel028_h1650:4020,zscreen_original_graph_v1,zel028_h1650,4020,CPD_636659144848,2,16518,16518
zscreen_original_graph_v1:zel028_h1650:4020,zscreen_original_graph_v1,zel028_h1650,4020,CPD_845905294567,3,21917,21917
zscreen_original_graph_v1:zel028_h1650:4020,zscreen_original_graph_v1,zel028_h1650,4020,CPD_928582886950,4,24064,24064
zscreen_original_graph_v1:zel028_h1650:4025,zscreen_original_graph_v1,zel028_h1650,4025,CPD_153589861093,0,4095,4095
zscreen_original_graph_v1:zel028_h1650:4025,zscreen_original_graph_v1,zel028_h1650,4025,CPD_736062843637,1,19073,19073
zscreen_original_graph_v1:zel028_h1650:4025,zscreen_original_graph_v1,zel028_h1650,4025,CPD_992718408583,2,25721,25721
zscreen_original_graph_v1:zel028_h1650:4161,zscreen_original_graph_v1,zel028_h1650,4161,CPD_158812183107,0,4235,4235
zscreen_original_graph_v1:zel028_h1650:4161,zscreen_original_graph_v1,zel028_h1650,4161,CPD_468244007184,1,12180,12180
zscreen_original_graph_v1:zel028_h1650:4161,zscreen_original_graph_v1,zel028_h1650,4161,CPD_468279490896,2,12183,12183
zscreen_original_graph_v1:zel028_h1650:4161,zscreen_original_graph_v1,zel028_h1650,4161,CPD_514987970907,3,13414,13414
zscreen_original_graph_v1:zel028_h1650:4177,zscreen_original_graph_v1,zel028_h1650,4177,CPD_159734192325,0,4252,4252
zscreen_original_graph_v1:zel028_h1650:4177,zscreen_original_graph_v1,zel028_h1650,4177,CPD_510104906980,1,13282,13282
zscreen_original_graph_v1:zel028_h1650:4177,zscreen_original_graph_v1,zel028_h1650,4177,CPD_745128208603,2,19308,19308
zscreen_original_graph_v1:zel028_h1650:4268,zscreen_original_graph_v1,zel028_h1650,4268,CPD_163682860469,0,4347,4347
zscreen_original_graph_v1:zel028_h1650:4268,zscreen_original_graph_v1,zel028_h1650,4268,CPD_196859641760,1,5150,5150
zscreen_original_graph_v1:zel028_h1650:4268,zscreen_original_graph_v1,zel028_h1650,4268,CPD_600167134614,2,15580,15580
zscreen_original_graph_v1:zel028_h1650:4268,zscreen_original_graph_v1,zel028_h1650,4268,CPD_731973581193,3,18974,18974
zscreen_original_graph_v1:zel028_h1650:4340,zscreen_original_graph_v1,zel028_h1650,4340,CPD_167139483976,0,4424,4424
zscreen_original_graph_v1:zel028_h1650:4340,zscreen_original_graph_v1,zel028_h1650,4340,CPD_484215893786,1,12604,12604
zscreen_original_graph_v1:zel028_h1650:4340,zscreen_original_graph_v1,zel028_h1650,4340,CPD_607067119220,2,15745,15745
zscreen_original_graph_v1:zel028_h1650:4340,zscreen_original_graph_v1,zel028_h1650,4340,CPD_768155529703,3,19886,19886
zscreen_original_graph_v1:zel028_h1650:4340,zscreen_original_graph_v1,zel028_h1650,4340,CPD_788334100428,4,20423,20423
zscreen_original_graph_v1:zel028_h1650:4340,zscreen_original_graph_v1,zel028_h1650,4340,CPD_880319321702,5,22821,22821
zscreen_original_graph_v1:zel028_h1650:4340,zscreen_original_graph_v1,zel028_h1650,4340,CPD_953903632653,6,24716,24716
zscreen_original_graph_v1:zel028_h1650:4421,zscreen_original_graph_v1,zel028_h1650,4421,CPD_170426474769,0,4506,4506
zscreen_original_graph_v1:zel028_h1650:4421,zscreen_original_graph_v1,zel028_h1650,4421,CPD_481344734552,1,12521,12521
zscreen_original_graph_v1:zel028_h1650:4421,zscreen_original_graph_v1,zel028_h1650,4421,CPD_689307177710,2,17902,17902
zscreen_original_graph_v1:zel028_h1650:4570,zscreen_original_graph_v1,zel028_h1650,4570,CPD_176652653639,0,4659,4659
zscreen_original_graph_v1:zel028_h1650:4570,zscreen_original_graph_v1,zel028_h1650,4570,CPD_330761992144,1,8655,8655
zscreen_original_graph_v1:zel028_h1650:4570,zscreen_original_graph_v1,zel028_h1650,4570,CPD_674730109449,2,17528,17528
zscreen_original_graph_v1:zel028_h1650:4674,zscreen_original_graph_v1,zel028_h1650,4674,CPD_180843353198,0,4768,4768
zscreen_original_graph_v1:zel028_h1650:4674,zscreen_original_graph_v1,zel028_h1650,4674,CPD_575683855186,1,14979,14979
zscreen_original_graph_v1:zel028_h1650:4674,zscreen_original_graph_v1,zel028_h1650,4674,CPD_713251064697,2,18469,18469
zscreen_original_graph_v1:zel028_h1650:4707,zscreen_original_graph_v1,zel028_h1650,4707,CPD_182637387783,0,4802,4802
zscreen_original_graph_v1:zel028_h1650:4707,zscreen_original_graph_v1,zel028_h1650,4707,CPD_382182580482,1,9942,9942
zscreen_original_graph_v1:zel028_h1650:4707,zscreen_original_graph_v1,zel028_h1650,4707,CPD_479684934077,2,12479,12479
zscreen_original_graph_v1:zel028_h1650:4707,zscreen_original_graph_v1,zel028_h1650,4707,CPD_826523857320,3,21404,21404
zscreen_original_graph_v1:zel028_h1650:4758,zscreen_original_graph_v1,zel028_h1650,4758,CPD_184690514039,0,4853,4853
zscreen_original_graph_v1:zel028_h1650:4758,zscreen_original_graph_v1,zel028_h1650,4758,CPD_325269859970,1,8500,8500
zscreen_original_graph_v1:zel028_h1650:4758,zscreen_original_graph_v1,zel028_h1650,4758,CPD_774424354868,2,20048,20048
zscreen_original_graph_v1:zel028_h1650:4900,zscreen_original_graph_v1,zel028_h1650,4900,CPD_191300764887,0,5004,5004
zscreen_original_graph_v1:zel028_h1650:4900,zscreen_original_graph_v1,zel028_h1650,4900,CPD_702869578024,1,18220,18220
zscreen_original_graph_v1:zel028_h1650:4900,zscreen_original_graph_v1,zel028_h1650,4900,CPD_768864703251,2,19900,19900
zscreen_original_graph_v1:zel028_h1650:4929,zscreen_original_graph_v1,zel028_h1650,4929,CPD_192356846441,0,5033,5033
zscreen_original_graph_v1:zel028_h1650:4929,zscreen_original_graph_v1,zel028_h1650,4929,CPD_989738347039,1,25640,25640
zscreen_original_graph_v1:zel028_h1650:4929,zscreen_original_graph_v1,zel028_h1650,4929,CPD_991517747176,2,25687,25687
zscreen_original_graph_v1:zel028_h1650:4952,zscreen_original_graph_v1,zel028_h1650,4952,CPD_193125579070,0,5056,5056
zscreen_original_graph_v1:zel028_h1650:4952,zscreen_original_graph_v1,zel028_h1650,4952,CPD_242009314266,1,6363,6363
zscreen_original_graph_v1:zel028_h1650:4952,zscreen_original_graph_v1,zel028_h1650,4952,CPD_511455339120,2,13325,13325
zscreen_original_graph_v1:zel028_h1650:4972,zscreen_original_graph_v1,zel028_h1650,4972,CPD_194049701163,0,5078,5078
zscreen_original_graph_v1:zel028_h1650:4972,zscreen_original_graph_v1,zel028_h1650,4972,CPD_681684826030,1,17702,17702
zscreen_original_graph_v1:zel028_h1650:4972,zscreen_original_graph_v1,zel028_h1650,4972,CPD_978434634786,2,25336,25336
zscreen_original_graph_v1:zel028_h1650:5021,zscreen_original_graph_v1,zel028_h1650,5021,CPD_195929660466,0,5127,5127
zscreen_original_graph_v1:zel028_h1650:5021,zscreen_original_graph_v1,zel028_h1650,5021,CPD_498614148369,1,12984,12984
zscreen_original_graph_v1:zel028_h1650:5021,zscreen_original_graph_v1,zel028_h1650,5021,CPD_944499450870,2,24485,24485
zscreen_original_graph_v1:zel028_h1650:5202,zscreen_original_graph_v1,zel028_h1650,5202,CPD_203018740409,0,5316,5316
zscreen_original_graph_v1:zel028_h1650:5202,zscreen_original_graph_v1,zel028_h1650,5202,CPD_237894922771,1,6239,6239
zscreen_original_graph_v1:zel028_h1650:5202,zscreen_original_graph_v1,zel028_h1650,5202,CPD_377229469121,2,9833,9833
zscreen_original_graph_v1:zel028_h1650:5202,zscreen_original_graph_v1,zel028_h1650,5202,CPD_459971371606,3,11974,11974
zscreen_original_graph_v1:zel028_h1650:5202,zscreen_original_graph_v1,zel028_h1650,5202,CPD_487709319618,4,12696,12696
zscreen_original_graph_v1:zel028_h1650:5202,zscreen_original_graph_v1,zel028_h1650,5202,CPD_552128457645,5,14367,14367
zscreen_original_graph_v1:zel028_h1650:5202,zscreen_original_graph_v1,zel028_h1650,5202,CPD_567767291822,6,14792,14792
zscreen_original_graph_v1:zel028_h1650:5202,zscreen_original_graph_v1,zel028_h1650,5202,CPD_751713129115,7,19474,19474
zscreen_original_graph_v1:zel028_h1650:5202,zscreen_original_graph_v1,zel028_h1650,5202,CPD_794512495072,8,20578,20578
zscreen_original_graph_v1:zel028_h1650:5202,zscreen_original_graph_v1,zel028_h1650,5202,CPD_878094839640,9,22748,22748
zscreen_original_graph_v1:zel028_h1650:5205,zscreen_original_graph_v1,zel028_h1650,5205,CPD_203132230840,0,5319,5319
zscreen_original_graph_v1:zel028_h1650:5205,zscreen_original_graph_v1,zel028_h1650,5205,CPD_579784882032,1,15079,15079
zscreen_original_graph_v1:zel028_h1650:5205,zscreen_original_graph_v1,zel028_h1650,5205,CPD_867853740869,2,22478,22478
zscreen_original_graph_v1:zel028_h1650:5205,zscreen_original_graph_v1,zel028_h1650,5205,CPD_978508968237,3,25340,25340
zscreen_original_graph_v1:zel028_h1650:5233,zscreen_original_graph_v1,zel028_h1650,5233,CPD_204285773556,0,5348,5348
zscreen_original_graph_v1:zel028_h1650:5233,zscreen_original_graph_v1,zel028_h1650,5233,CPD_333404290958,1,8726,8726
zscreen_original_graph_v1:zel028_h1650:5233,zscreen_original_graph_v1,zel028_h1650,5233,CPD_420280602726,2,10927,10927
zscreen_original_graph_v1:zel028_h1650:5310,zscreen_original_graph_v1,zel028_h1650,5310,CPD_207064308610,0,5428,5428
zscreen_original_graph_v1:zel028_h1650:5310,zscreen_original_graph_v1,zel028_h1650,5310,CPD_319826202649,1,8368,8368
zscreen_original_graph_v1:zel028_h1650:5310,zscreen_original_graph_v1,zel028_h1650,5310,CPD_365016162172,2,9525,9525
zscreen_original_graph_v1:zel028_h1650:5310,zscreen_original_graph_v1,zel028_h1650,5310,CPD_482473387436,3,12553,12553
zscreen_original_graph_v1:zel028_h1650:5310,zscreen_original_graph_v1,zel028_h1650,5310,CPD_864469310006,4,22401,22401
zscreen_original_graph_v1:zel028_h1650:5445,zscreen_original_graph_v1,zel028_h1650,5445,CPD_212228330852,0,5567,5567
zscreen_original_graph_v1:zel028_h1650:5445,zscreen_original_graph_v1,zel028_h1650,5445,CPD_453132562408,1,11775,11775
zscreen_original_graph_v1:zel028_h1650:5445,zscreen_original_graph_v1,zel028_h1650,5445,CPD_679331981803,2,17651,17651
zscreen_original_graph_v1:zel028_h1650:5490,zscreen_original_graph_v1,zel028_h1650,5490,CPD_214236463004,0,5614,5614
zscreen_original_graph_v1:zel028_h1650:5490,zscreen_original_graph_v1,zel028_h1650,5490,CPD_251884848644,1,6616,6616
zscreen_original_graph_v1:zel028_h1650:5490,zscreen_original_graph_v1,zel028_h1650,5490,CPD_408378291694,2,10621,10621
zscreen_original_graph_v1:zel028_h1650:5622,zscreen_original_graph_v1,zel028_h1650,5622,CPD_219812704838,0,5753,5753
zscreen_original_graph_v1:zel028_h1650:5622,zscreen_original_graph_v1,zel028_h1650,5622,CPD_396840460141,1,10313,10313
zscreen_original_graph_v1:zel028_h1650:5622,zscreen_original_graph_v1,zel028_h1650,5622,CPD_400162160769,2,10394,10394
zscreen_original_graph_v1:zel028_h1650:5622,zscreen_original_graph_v1,zel028_h1650,5622,CPD_488784803917,3,12723,12723
zscreen_original_graph_v1:zel028_h1650:5622,zscreen_original_graph_v1,zel028_h1650,5622,CPD_652844067939,4,16925,16925
zscreen_original_graph_v1:zel028_h1650:5622,zscreen_original_graph_v1,zel028_h1650,5622,CPD_719645411606,5,18661,18661
zscreen_original_graph_v1:zel028_h1650:5622,zscreen_original_graph_v1,zel028_h1650,5622,CPD_792191428326,6,20521,20521
zscreen_original_graph_v1:zel028_h1650:5622,zscreen_original_graph_v1,zel028_h1650,5622,CPD_985650471881,7,25536,25536
zscreen_original_graph_v1:zel028_h1650:5706,zscreen_original_graph_v1,zel028_h1650,5706,CPD_223482294440,0,5838,5838
zscreen_original_graph_v1:zel028_h1650:5706,zscreen_original_graph_v1,zel028_h1650,5706,CPD_238282090005,1,6255,6255
zscreen_original_graph_v1:zel028_h1650:5706,zscreen_original_graph_v1,zel028_h1650,5706,CPD_347974762297,2,9081,9081
zscreen_original_graph_v1:zel028_h1650:5787,zscreen_original_graph_v1,zel028_h1650,5787,CPD_226429200076,0,5922,5922
zscreen_original_graph_v1:zel028_h1650:5787,zscreen_original_graph_v1,zel028_h1650,5787,CPD_252477725128,1,6631,6631
zscreen_original_graph_v1:zel028_h1650:5787,zscreen_original_graph_v1,zel028_h1650,5787,CPD_258512968550,2,6804,6804
zscreen_original_graph_v1:zel028_h1650:5787,zscreen_original_graph_v1,zel028_h1650,5787,CPD_293612170676,3,7708,7708
zscreen_original_graph_v1:zel028_h1650:5787,zscreen_original_graph_v1,zel028_h1650,5787,CPD_294621497761,4,7728,7728
zscreen_original_graph_v1:zel028_h1650:5787,zscreen_original_graph_v1,zel028_h1650,5787,CPD_301895611117,5,7918,7918
zscreen_original_graph_v1:zel028_h1650:5787,zscreen_original_graph_v1,zel028_h1650,5787,CPD_334308695181,6,8751,8751
zscreen_original_graph_v1:zel028_h1650:5787,zscreen_original_graph_v1,zel028_h1650,5787,CPD_362372061586,7,9462,9462
zscreen_original_graph_v1:zel028_h1650:5787,zscreen_original_graph_v1,zel028_h1650,5787,CPD_440865013898,8,11467,11467
zscreen_original_graph_v1:zel028_h1650:5787,zscreen_original_graph_v1,zel028_h1650,5787,CPD_510192016740,9,13288,13288
zscreen_original_graph_v1:zel028_h1650:5787,zscreen_original_graph_v1,zel028_h1650,5787,CPD_516699118656,10,13456,13456
zscreen_original_graph_v1:zel028_h1650:5787,zscreen_original_graph_v1,zel028_h1650,5787,CPD_563780502766,11,14687,14687
zscreen_original_graph_v1:zel028_h1650:5787,zscreen_original_graph_v1,zel028_h1650,5787,CPD_577586707847,12,15022,15022
zscreen_original_graph_v1:zel028_h1650:5787,zscreen_original_graph_v1,zel028_h1650,5787,CPD_672950590468,13,17473,17473
zscreen_original_graph_v1:zel028_h1650:5787,zscreen_original_graph_v1,zel028_h1650,5787,CPD_676493227979,14,17572,17572
zscreen_original_graph_v1:zel028_h1650:5787,zscreen_original_graph_v1,zel028_h1650,5787,CPD_694354769692,15,18012,18012
zscreen_original_graph_v1:zel028_h1650:5787,zscreen_original_graph_v1,zel028_h1650,5787,CPD_764027114804,16,19777,19777
zscreen_original_graph_v1:zel028_h1650:5787,zscreen_original_graph_v1,zel028_h1650,5787,CPD_932894360889,17,24165,24165
zscreen_original_graph_v1:zel028_h1650:5787,zscreen_original_graph_v1,zel028_h1650,5787,CPD_935367397308,18,24241,24241
zscreen_original_graph_v1:zel028_h1650:5787,zscreen_original_graph_v1,zel028_h1650,5787,CPD_968234399754,19,25066,25066
zscreen_original_graph_v1:zel028_h1650:5787,zscreen_original_graph_v1,zel028_h1650,5787,CPD_996290629286,20,25809,25809
zscreen_original_graph_v1:zel028_h1650:5940,zscreen_original_graph_v1,zel028_h1650,5940,CPD_232794579962,0,6084,6084
zscreen_original_graph_v1:zel028_h1650:5940,zscreen_original_graph_v1,zel028_h1650,5940,CPD_423742226429,1,11030,11030
zscreen_original_graph_v1:zel028_h1650:5940,zscreen_original_graph_v1,zel028_h1650,5940,CPD_431371889222,2,11225,11225
zscreen_original_graph_v1:zel028_h1650:5943,zscreen_original_graph_v1,zel028_h1650,5943,CPD_232895573078,0,6089,6089
zscreen_original_graph_v1:zel028_h1650:5943,zscreen_original_graph_v1,zel028_h1650,5943,CPD_238679641347,1,6266,6266
zscreen_original_graph_v1:zel028_h1650:5943,zscreen_original_graph_v1,zel028_h1650,5943,CPD_309251973204,2,8103,8103
zscreen_original_graph_v1:zel028_h1650:5943,zscreen_original_graph_v1,zel028_h1650,5943,CPD_428310474430,3,11139,11139
zscreen_original_graph_v1:zel028_h1650:6023,zscreen_original_graph_v1,zel028_h1650,6023,CPD_235620056937,0,6172,6172
zscreen_original_graph_v1:zel028_h1650:6023,zscreen_original_graph_v1,zel028_h1650,6023,CPD_544049266178,1,14180,14180
zscreen_original_graph_v1:zel028_h1650:6023,zscreen_original_graph_v1,zel028_h1650,6023,CPD_677672223975,2,17596,17596
zscreen_original_graph_v1:zel028_h1650:6023,zscreen_original_graph_v1,zel028_h1650,6023,CPD_758027797548,3,19640,19640
zscreen_original_graph_v1:zel028_h1650:6023,zscreen_original_graph_v1,zel028_h1650,6023,CPD_826940186413,4,21416,21416
zscreen_original_graph_v1:zel028_h1650:6124,zscreen_original_graph_v1,zel028_h1650,6124,CPD_239207866451,0,6278,6278
zscreen_original_graph_v1:zel028_h1650:6124,zscreen_original_graph_v1,zel028_h1650,6124,CPD_266710442712,1,7010,7010
zscreen_original_graph_v1:zel028_h1650:6124,zscreen_original_graph_v1,zel028_h1650,6124,CPD_325238249618,2,8498,8498
zscreen_original_graph_v1:zel028_h1650:6338,zscreen_original_graph_v1,zel028_h1650,6338,CPD_247865021719,0,6500,6500
zscreen_original_graph_v1:zel028_h1650:6338,zscreen_original_graph_v1,zel028_h1650,6338,CPD_684761141689,1,17779,17779
zscreen_original_graph_v1:zel028_h1650:6338,zscreen_original_graph_v1,zel028_h1650,6338,CPD_850939737698,2,22040,22040
zscreen_original_graph_v1:zel028_h1650:6338,zscreen_original_graph_v1,zel028_h1650,6338,CPD_898997390253,3,23304,23304
zscreen_original_graph_v1:zel028_h1650:6410,zscreen_original_graph_v1,zel028_h1650,6410,CPD_250395031124,0,6574,6574
zscreen_original_graph_v1:zel028_h1650:6410,zscreen_original_graph_v1,zel028_h1650,6410,CPD_575980897465,1,14983,14983
zscreen_original_graph_v1:zel028_h1650:6410,zscreen_original_graph_v1,zel028_h1650,6410,CPD_706098902206,2,18290,18290
zscreen_original_graph_v1:zel028_h1650:6410,zscreen_original_graph_v1,zel028_h1650,6410,CPD_761603464096,3,19721,19721
zscreen_original_graph_v1:zel028_h1650:6410,zscreen_original_graph_v1,zel028_h1650,6410,CPD_998795153133,4,25882,25882
zscreen_original_graph_v1:zel028_h1650:6478,zscreen_original_graph_v1,zel028_h1650,6478,CPD_252909707798,0,6646,6646
zscreen_original_graph_v1:zel028_h1650:6478,zscreen_original_graph_v1,zel028_h1650,6478,CPD_355160012856,1,9273,9273
zscreen_original_graph_v1:zel028_h1650:6478,zscreen_original_graph_v1,zel028_h1650,6478,CPD_410753704609,2,10678,10678
zscreen_original_graph_v1:zel028_h1650:6478,zscreen_original_graph_v1,zel028_h1650,6478,CPD_459893074835,3,11973,11973
zscreen_original_graph_v1:zel028_h1650:6478,zscreen_original_graph_v1,zel028_h1650,6478,CPD_793964497338,4,20561,20561
zscreen_original_graph_v1:zel028_h1650:6478,zscreen_original_graph_v1,zel028_h1650,6478,CPD_917413656792,5,23799,23799
zscreen_original_graph_v1:zel028_h1650:6705,zscreen_original_graph_v1,zel028_h1650,6705,CPD_261042412562,0,6877,6877
zscreen_original_graph_v1:zel028_h1650:6705,zscreen_original_graph_v1,zel028_h1650,6705,CPD_325118096076,1,8495,8495
zscreen_original_graph_v1:zel028_h1650:6705,zscreen_original_graph_v1,zel028_h1650,6705,CPD_340972440555,2,8912,8912
zscreen_original_graph_v1:zel028_h1650:6705,zscreen_original_graph_v1,zel028_h1650,6705,CPD_344006778519,3,8997,8997
zscreen_original_graph_v1:zel028_h1650:6705,zscreen_original_graph_v1,zel028_h1650,6705,CPD_344055942893,4,8999,8999
zscreen_original_graph_v1:zel028_h1650:6705,zscreen_original_graph_v1,zel028_h1650,6705,CPD_440035694953,5,11442,11442
zscreen_original_graph_v1:zel028_h1650:6705,zscreen_original_graph_v1,zel028_h1650,6705,CPD_483873957298,6,12594,12594
zscreen_original_graph_v1:zel028_h1650:6705,zscreen_original_graph_v1,zel028_h1650,6705,CPD_543737701515,7,14173,14173
zscreen_original_graph_v1:zel028_h1650:6705,zscreen_original_graph_v1,zel028_h1650,6705,CPD_574917205383,8,14958,14958
zscreen_original_graph_v1:zel028_h1650:6705,zscreen_original_graph_v1,zel028_h1650,6705,CPD_579381233027,9,15073,15073
zscreen_original_graph_v1:zel028_h1650:6705,zscreen_original_graph_v1,zel028_h1650,6705,CPD_607935622313,10,15769,15769
zscreen_original_graph_v1:zel028_h1650:6705,zscreen_original_graph_v1,zel028_h1650,6705,CPD_683095155464,11,17738,17738
zscreen_original_graph_v1:zel028_h1650:6705,zscreen_original_graph_v1,zel028_h1650,6705,CPD_756522279533,12,19600,19600
zscreen_original_graph_v1:zel028_h1650:6705,zscreen_original_graph_v1,zel028_h1650,6705,CPD_921547524576,13,23915,23915
zscreen_original_graph_v1:zel028_h1650:6705,zscreen_original_graph_v1,zel028_h1650,6705,CPD_922995652004,14,23949,23949
zscreen_original_graph_v1:zel028_h1650:6705,zscreen_original_graph_v1,zel028_h1650,6705,CPD_957287125164,15,24799,24799
zscreen_original_graph_v1:zel028_h1650:6705,zscreen_original_graph_v1,zel028_h1650,6705,CPD_958280995421,16,24827,24827
zscreen_original_graph_v1:zel028_h1650:6705,zscreen_original_graph_v1,zel028_h1650,6705,CPD_964488043872,17,24976,24976
zscreen_original_graph_v1:zel028_h1650:6705,zscreen_original_graph_v1,zel028_h1650,6705,CPD_970017799031,18,25109,25109
zscreen_original_graph_v1:zel028_h1650:6846,zscreen_original_graph_v1,zel028_h1650,6846,CPD_267361484084,0,7025,7025
zscreen_original_graph_v1:zel028_h1650:6846,zscreen_original_graph_v1,zel028_h1650,6846,CPD_894781270892,1,23188,23188
zscreen_original_graph_v1:zel028_h1650:6846,zscreen_original_graph_v1,zel028_h1650,6846,CPD_992376344822,2,25711,25711
zscreen_original_graph_v1:zel028_h1650:6900,zscreen_original_graph_v1,zel028_h1650,6900,CPD_269751466497,0,7079,7079
zscreen_original_graph_v1:zel028_h1650:6900,zscreen_original_graph_v1,zel028_h1650,6900,CPD_479120305603,1,12464,12464
zscreen_original_graph_v1:zel028_h1650:6900,zscreen_original_graph_v1,zel028_h1650,6900,CPD_640246628857,2,16624,16624
zscreen_original_graph_v1:zel028_h1650:6900,zscreen_original_graph_v1,zel028_h1650,6900,CPD_960952709091,3,24885,24885
zscreen_original_graph_v1:zel028_h1650:7035,zscreen_original_graph_v1,zel028_h1650,7035,CPD_274928692602,0,7229,7229
zscreen_original_graph_v1:zel028_h1650:7035,zscreen_original_graph_v1,zel028_h1650,7035,CPD_464405956700,1,12076,12076
zscreen_original_graph_v1:zel028_h1650:7035,zscreen_original_graph_v1,zel028_h1650,7035,CPD_859948377880,2,22274,22274
zscreen_original_graph_v1:zel028_h1650:7337,zscreen_original_graph_v1,zel028_h1650,7337,CPD_287292274674,0,7546,7546
zscreen_original_graph_v1:zel028_h1650:7337,zscreen_original_graph_v1,zel028_h1650,7337,CPD_527466805763,1,13759,13759
zscreen_original_graph_v1:zel028_h1650:7337,zscreen_original_graph_v1,zel028_h1650,7337,CPD_876381069246,2,22706,22706
zscreen_original_graph_v1:zel028_h1650:7337,zscreen_original_graph_v1,zel028_h1650,7337,CPD_881451323381,3,22853,22853
zscreen_original_graph_v1:zel028_h1650:7461,zscreen_original_graph_v1,zel028_h1650,7461,CPD_292137489298,0,7673,7673
zscreen_original_graph_v1:zel028_h1650:7461,zscreen_original_graph_v1,zel028_h1650,7461,CPD_433848476033,1,11284,11284
zscreen_original_graph_v1:zel028_h1650:7461,zscreen_original_graph_v1,zel028_h1650,7461,CPD_852075480368,2,22060,22060
zscreen_original_graph_v1:zel028_h1650:7569,zscreen_original_graph_v1,zel028_h1650,7569,CPD_296468917535,0,7784,7784
zscreen_original_graph_v1:zel028_h1650:7569,zscreen_original_graph_v1,zel028_h1650,7569,CPD_443800286533,1,11539,11539
zscreen_original_graph_v1:zel028_h1650:7569,zscreen_original_graph_v1,zel028_h1650,7569,CPD_523759715038,2,13651,13651
zscreen_original_graph_v1:zel028_h1650:7569,zscreen_original_graph_v1,zel028_h1650,7569,CPD_728479021600,3,18881,18881
zscreen_original_graph_v1:zel028_h1650:7747,zscreen_original_graph_v1,zel028_h1650,7747,CPD_304113770041,0,7967,7967
zscreen_original_graph_v1:zel028_h1650:7747,zscreen_original_graph_v1,zel028_h1650,7747,CPD_306343657403,1,8023,8023
zscreen_original_graph_v1:zel028_h1650:7747,zscreen_original_graph_v1,zel028_h1650,7747,CPD_713957975306,2,18488,18488
zscreen_original_graph_v1:zel028_h1650:7826,zscreen_original_graph_v1,zel028_h1650,7826,CPD_307249989286,0,8050,8050
zscreen_original_graph_v1:zel028_h1650:7826,zscreen_original_graph_v1,zel028_h1650,7826,CPD_422406188692,1,10982,10982
zscreen_original_graph_v1:zel028_h1650:7826,zscreen_original_graph_v1,zel028_h1650,7826,CPD_768765202801,2,19896,19896
zscreen_original_graph_v1:zel028_h1650:7842,zscreen_original_graph_v1,zel028_h1650,7842,CPD_307634614741,0,8067,8067
zscreen_original_graph_v1:zel028_h1650:7842,zscreen_original_graph_v1,zel028_h1650,7842,CPD_668436067633,1,17357,17357
zscreen_original_graph_v1:zel028_h1650:7842,zscreen_original_graph_v1,zel028_h1650,7842,CPD_975385070536,2,25244,25244
zscreen_original_graph_v1:zel028_h1650:7953,zscreen_original_graph_v1,zel028_h1650,7953,CPD_311967589820,0,8183,8183
zscreen_original_graph_v1:zel028_h1650:7953,zscreen_original_graph_v1,zel028_h1650,7953,CPD_516237369040,1,13447,13447
zscreen_original_graph_v1:zel028_h1650:7953,zscreen_original_graph_v1,zel028_h1650,7953,CPD_580582143092,2,15099,15099
zscreen_original_graph_v1:zel028_h1650:7953,zscreen_original_graph_v1,zel028_h1650,7953,CPD_618805110139,3,16059,16059
zscreen_original_graph_v1:zel028_h1650:7953,zscreen_original_graph_v1,zel028_h1650,7953,CPD_703133136323,4,18228,18228
zscreen_original_graph_v1:zel028_h1650:7953,zscreen_original_graph_v1,zel028_h1650,7953,CPD_755703655298,5,19584,19584
zscreen_original_graph_v1:zel028_h1650:7953,zscreen_original_graph_v1,zel028_h1650,7953,CPD_897164864110,6,23262,23262
zscreen_original_graph_v1:zel028_h1650:8004,zscreen_original_graph_v1,zel028_h1650,8004,CPD_315079307909,0,8235,8235
zscreen_original_graph_v1:zel028_h1650:8004,zscreen_original_graph_v1,zel028_h1650,8004,CPD_331842381420,1,8686,8686
zscreen_original_graph_v1:zel028_h1650:8004,zscreen_original_graph_v1,zel028_h1650,8004,CPD_427314156002,2,11119,11119
zscreen_original_graph_v1:zel028_h1650:8004,zscreen_original_graph_v1,zel028_h1650,8004,CPD_498015484005,3,12962,12962
zscreen_original_graph_v1:zel028_h1650:8004,zscreen_original_graph_v1,zel028_h1650,8004,CPD_550200780562,4,14332,14332
zscreen_original_graph_v1:zel028_h1650:8117,zscreen_original_graph_v1,zel028_h1650,8117,CPD_319261217110,0,8354,8354
zscreen_original_graph_v1:zel028_h1650:8117,zscreen_original_graph_v1,zel028_h1650,8117,CPD_392929041620,1,10204,10204
zscreen_original_graph_v1:zel028_h1650:8117,zscreen_original_graph_v1,zel028_h1650,8117,CPD_456480974377,2,11867,11867
zscreen_original_graph_v1:zel028_h1650:8117,zscreen_original_graph_v1,zel028_h1650,8117,CPD_821055317802,3,21251,21251
zscreen_original_graph_v1:zel028_h1650:8150,zscreen_original_graph_v1,zel028_h1650,8150,CPD_320768145684,0,8390,8390
zscreen_original_graph_v1:zel028_h1650:8150,zscreen_original_graph_v1,zel028_h1650,8150,CPD_344286814528,1,9001,9001
zscreen_original_graph_v1:zel028_h1650:8150,zscreen_original_graph_v1,zel028_h1650,8150,CPD_729727891846,2,18920,18920
zscreen_original_graph_v1:zel028_h1650:8150,zscreen_original_graph_v1,zel028_h1650,8150,CPD_808016088088,3,20912,20912
zscreen_original_graph_v1:zel028_h1650:8150,zscreen_original_graph_v1,zel028_h1650,8150,CPD_909834139114,4,23558,23558
zscreen_original_graph_v1:zel028_h1650:8150,zscreen_original_graph_v1,zel028_h1650,8150,CPD_945287000548,5,24503,24503
zscreen_original_graph_v1:zel028_h1650:8168,zscreen_original_graph_v1,zel028_h1650,8168,CPD_321847589567,0,8410,8410
zscreen_original_graph_v1:zel028_h1650:8168,zscreen_original_graph_v1,zel028_h1650,8168,CPD_764520940620,1,19794,19794
zscreen_original_graph_v1:zel028_h1650:8168,zscreen_original_graph_v1,zel028_h1650,8168,CPD_846417993355,2,21933,21933
zscreen_original_graph_v1:zel028_h1650:8189,zscreen_original_graph_v1,zel028_h1650,8189,CPD_322923011599,0,8432,8432
zscreen_original_graph_v1:zel028_h1650:8189,zscreen_original_graph_v1,zel028_h1650,8189,CPD_890648186464,1,23092,23092
zscreen_original_graph_v1:zel028_h1650:8189,zscreen_original_graph_v1,zel028_h1650,8189,CPD_965146001501,2,24987,24987
zscreen_original_graph_v1:zel028_h1650:8337,zscreen_original_graph_v1,zel028_h1650,8337,CPD_328080708398,0,8590,8590
zscreen_original_graph_v1:zel028_h1650:8337,zscreen_original_graph_v1,zel028_h1650,8337,CPD_861625312858,1,22320,22320
zscreen_original_graph_v1:zel028_h1650:8337,zscreen_original_graph_v1,zel028_h1650,8337,CPD_903884238534,2,23430,23430
zscreen_original_graph_v1:zel028_h1650:8360,zscreen_original_graph_v1,zel028_h1650,8360,CPD_329059827370,0,8614,8614
zscreen_original_graph_v1:zel028_h1650:8360,zscreen_original_graph_v1,zel028_h1650,8360,CPD_333834231579,1,8739,8739
zscreen_original_graph_v1:zel028_h1650:8360,zscreen_original_graph_v1,zel028_h1650,8360,CPD_428897715142,2,11158,11158
zscreen_original_graph_v1:zel028_h1650:8416,zscreen_original_graph_v1,zel028_h1650,8416,CPD_331554456911,0,8679,8679
zscreen_original_graph_v1:zel028_h1650:8416,zscreen_original_graph_v1,zel028_h1650,8416,CPD_641309492673,1,16655,16655
zscreen_original_graph_v1:zel028_h1650:8416,zscreen_original_graph_v1,zel028_h1650,8416,CPD_714401431463,2,18500,18500
zscreen_original_graph_v1:zel028_h1650:8416,zscreen_original_graph_v1,zel028_h1650,8416,CPD_943530385510,3,24450,24450
zscreen_original_graph_v1:zel028_h1650:8416,zscreen_original_graph_v1,zel028_h1650,8416,CPD_948464286455,4,24585,24585
zscreen_original_graph_v1:zel028_h1650:8456,zscreen_original_graph_v1,zel028_h1650,8456,CPD_333122028142,0,8721,8721
zscreen_original_graph_v1:zel028_h1650:8456,zscreen_original_graph_v1,zel028_h1650,8456,CPD_369477536992,1,9647,9647
zscreen_original_graph_v1:zel028_h1650:8456,zscreen_original_graph_v1,zel028_h1650,8456,CPD_518132266454,2,13499,13499
zscreen_original_graph_v1:zel028_h1650:8456,zscreen_original_graph_v1,zel028_h1650,8456,CPD_796058813405,3,20616,20616
zscreen_original_graph_v1:zel028_h1650:8456,zscreen_original_graph_v1,zel028_h1650,8456,CPD_904584886027,4,23448,23448
zscreen_original_graph_v1:zel028_h1650:8456,zscreen_original_graph_v1,zel028_h1650,8456,CPD_947797535179,5,24565,24565
zscreen_original_graph_v1:zel028_h1650:8545,zscreen_original_graph_v1,zel028_h1650,8545,CPD_336885078972,0,8817,8817
zscreen_original_graph_v1:zel028_h1650:8545,zscreen_original_graph_v1,zel028_h1650,8545,CPD_735456511323,1,19056,19056
zscreen_original_graph_v1:zel028_h1650:8545,zscreen_original_graph_v1,zel028_h1650,8545,CPD_740192999469,2,19164,19164
zscreen_original_graph_v1:zel028_h1650:8545,zscreen_original_graph_v1,zel028_h1650,8545,CPD_763592771910,3,19765,19765
zscreen_original_graph_v1:zel028_h1650:8563,zscreen_original_graph_v1,zel028_h1650,8563,CPD_338008707306,0,8837,8837
zscreen_original_graph_v1:zel028_h1650:8563,zscreen_original_graph_v1,zel028_h1650,8563,CPD_423513260110,1,11020,11020
zscreen_original_graph_v1:zel028_h1650:8563,zscreen_original_graph_v1,zel028_h1650,8563,CPD_835014884824,2,21621,21621
zscreen_original_graph_v1:zel028_h1650:8584,zscreen_original_graph_v1,zel028_h1650,8584,CPD_339189506951,0,8861,8861
zscreen_original_graph_v1:zel028_h1650:8584,zscreen_original_graph_v1,zel028_h1650,8584,CPD_396679518205,1,10308,10308
zscreen_original_graph_v1:zel028_h1650:8584,zscreen_original_graph_v1,zel028_h1650,8584,CPD_458430796855,2,11926,11926
zscreen_original_graph_v1:zel028_h1650:8584,zscreen_original_graph_v1,zel028_h1650,8584,CPD_758894714928,3,19657,19657
zscreen_original_graph_v1:zel028_h1650:8584,zscreen_original_graph_v1,zel028_h1650,8584,CPD_815884315137,4,21120,21120
zscreen_original_graph_v1:zel028_h1650:8584,zscreen_original_graph_v1,zel028_h1650,8584,CPD_918589607558,5,23830,23830
zscreen_original_graph_v1:zel028_h1650:8689,zscreen_original_graph_v1,zel028_h1650,8689,CPD_343451578278,0,8974,8974
zscreen_original_graph_v1:zel028_h1650:8689,zscreen_original_graph_v1,zel028_h1650,8689,CPD_541687225043,1,14116,14116
zscreen_original_graph_v1:zel028_h1650:8689,zscreen_original_graph_v1,zel028_h1650,8689,CPD_632701271176,2,16412,16412
zscreen_original_graph_v1:zel028_h1650:8689,zscreen_original_graph_v1,zel028_h1650,8689,CPD_874226579889,3,22650,22650
zscreen_original_graph_v1:zel028_h1650:8897,zscreen_original_graph_v1,zel028_h1650,8897,CPD_352435309489,0,9195,9195
zscreen_original_graph_v1:zel028_h1650:8897,zscreen_original_graph_v1,zel028_h1650,8897,CPD_669623112551,1,17389,17389
zscreen_original_graph_v1:zel028_h1650:8897,zscreen_original_graph_v1,zel028_h1650,8897,CPD_672249859982,2,17456,17456
zscreen_original_graph_v1:zel028_h1650:8897,zscreen_original_graph_v1,zel028_h1650,8897,CPD_971653232407,3,25146,25146
zscreen_original_graph_v1:zel028_h1650:9074,zscreen_original_graph_v1,zel028_h1650,9074,CPD_359688858694,0,9378,9378
zscreen_original_graph_v1:zel028_h1650:9074,zscreen_original_graph_v1,zel028_h1650,9074,CPD_511818968995,1,13334,13334
zscreen_original_graph_v1:zel028_h1650:9074,zscreen_original_graph_v1,zel028_h1650,9074,CPD_526267842593,2,13724,13724
zscreen_original_graph_v1:zel028_h1650:9132,zscreen_original_graph_v1,zel028_h1650,9132,CPD_361759365428,0,9439,9439
zscreen_original_graph_v1:zel028_h1650:9132,zscreen_original_graph_v1,zel028_h1650,9132,CPD_398226764886,1,10350,10350
zscreen_original_graph_v1:zel028_h1650:9132,zscreen_original_graph_v1,zel028_h1650,9132,CPD_560010285737,2,14590,14590
zscreen_original_graph_v1:zel028_h1650:9171,zscreen_original_graph_v1,zel028_h1650,9171,CPD_362898862971,0,9481,9481
zscreen_original_graph_v1:zel028_h1650:9171,zscreen_original_graph_v1,zel028_h1650,9171,CPD_448850159145,1,11661,11661
zscreen_original_graph_v1:zel028_h1650:9171,zscreen_original_graph_v1,zel028_h1650,9171,CPD_583212746024,2,15159,15159
zscreen_original_graph_v1:zel028_h1650:9171,zscreen_original_graph_v1,zel028_h1650,9171,CPD_919520179948,3,23859,23859
zscreen_original_graph_v1:zel028_h1650:9174,zscreen_original_graph_v1,zel028_h1650,9174,CPD_362975217756,0,9484,9484
zscreen_original_graph_v1:zel028_h1650:9174,zscreen_original_graph_v1,zel028_h1650,9174,CPD_534526425338,1,13926,13926
zscreen_original_graph_v1:zel028_h1650:9174,zscreen_original_graph_v1,zel028_h1650,9174,CPD_660844469061,2,17163,17163
zscreen_original_graph_v1:zel028_h1650:9174,zscreen_original_graph_v1,zel028_h1650,9174,CPD_749068129852,3,19408,19408
zscreen_original_graph_v1:zel028_h1650:9174,zscreen_original_graph_v1,zel028_h1650,9174,CPD_795952091483,4,20614,20614
zscreen_original_graph_v1:zel028_h1650:9216,zscreen_original_graph_v1,zel028_h1650,9216,CPD_365287573678,0,9530,9530
zscreen_original_graph_v1:zel028_h1650:9216,zscreen_original_graph_v1,zel028_h1650,9216,CPD_853600677270,1,22096,22096
zscreen_original_graph_v1:zel028_h1650:9216,zscreen_original_graph_v1,zel028_h1650,9216,CPD_986611468832,2,25558,25558
zscreen_original_graph_v1:zel028_h1650:9232,zscreen_original_graph_v1,zel028_h1650,9232,CPD_365938063220,0,9546,9546
zscreen_original_graph_v1:zel028_h1650:9232,zscreen_original_graph_v1,zel028_h1650,9232,CPD_492727130980,1,12820,12820
zscreen_original_graph_v1:zel028_h1650:9232,zscreen_original_graph_v1,zel028_h1650,9232,CPD_662717941087,2,17210,17210
zscreen_original_graph_v1:zel028_h1650:9232,zscreen_original_graph_v1,zel028_h1650,9232,CPD_719779047989,3,18664,18664
zscreen_original_graph_v1:zel028_h1650:9232,zscreen_original_graph_v1,zel028_h1650,9232,CPD_757984894223,4,19636,19636
zscreen_original_graph_v1:zel028_h1650:9232,zscreen_original_graph_v1,zel028_h1650,9232,CPD_927663910856,5,24049,24049
zscreen_original_graph_v1:zel028_h1650:9497,zscreen_original_graph_v1,zel028_h1650,9497,CPD_376717564558,0,9822,9822
zscreen_original_graph_v1:zel028_h1650:9497,zscreen_original_graph_v1,zel028_h1650,9497,CPD_392446486169,1,10193,10193
zscreen_original_graph_v1:zel028_h1650:9497,zscreen_original_graph_v1,zel028_h1650,9497,CPD_636435335759,2,16513,16513
zscreen_original_graph_v1:zel028_h1650:9497,zscreen_original_graph_v1,zel028_h1650,9497,CPD_922914448269,3,23944,23944
zscreen_original_graph_v1:zel028_h1650:9542,zscreen_original_graph_v1,zel028_h1650,9542,CPD_379086340824,0,9869,9869
zscreen_original_graph_v1:zel028_h1650:9542,zscreen_original_graph_v1,zel028_h1650,9542,CPD_448389218020,1,11643,11643
zscreen_original_graph_v1:zel028_h1650:9542,zscreen_original_graph_v1,zel028_h1650,9542,CPD_611677634910,2,15859,15859
zscreen_original_graph_v1:zel028_h1650:9542,zscreen_original_graph_v1,zel028_h1650,9542,CPD_751662452601,3,19472,19472
zscreen_original_graph_v1:zel028_h1650:9940,zscreen_original_graph_v1,zel028_h1650,9940,CPD_395971560511,0,10294,10294
zscreen_original_graph_v1:zel028_h1650:9940,zscreen_original_graph_v1,zel028_h1650,9940,CPD_508229443840,1,13234,13234
zscreen_original_graph_v1:zel028_h1650:9940,zscreen_original_graph_v1,zel028_h1650,9940,CPD_574579716836,2,14952,14952
zscreen_original_graph_v1:zel028_h1650:9940,zscreen_original_graph_v1,zel028_h1650,9940,CPD_799023833040,3,20704,20704
zscreen_original_graph_v1:zel028_h1650:10002,zscreen_original_graph_v1,zel028_h1650,10002,CPD_399085578627,0,10361,10361
zscreen_original_graph_v1:zel028_h1650:10002,zscreen_original_graph_v1,zel028_h1650,10002,CPD_496155899450,1,12920,12920
zscreen_original_graph_v1:zel028_h1650:10002,zscreen_original_graph_v1,zel028_h1650,10002,CPD_743488011388,2,19259,19259
zscreen_original_graph_v1:zel028_h1650:10191,zscreen_original_graph_v1,zel028_h1650,10191,CPD_405941678540,0,10557,10557
zscreen_original_graph_v1:zel028_h1650:10191,zscreen_original_graph_v1,zel028_h1650,10191,CPD_409556417284,1,10656,10656
zscreen_original_graph_v1:zel028_h1650:10191,zscreen_original_graph_v1,zel028_h1650,10191,CPD_818723697092,2,21188,21188
zscreen_original_graph_v1:zel028_h1650:10317,zscreen_original_graph_v1,zel028_h1650,10317,CPD_411544313452,0,10694,10694
zscreen_original_graph_v1:zel028_h1650:10317,zscreen_original_graph_v1,zel028_h1650,10317,CPD_653200612669,1,16935,16935
zscreen_original_graph_v1:zel028_h1650:10317,zscreen_original_graph_v1,zel028_h1650,10317,CPD_660748514892,2,17162,17162
zscreen_original_graph_v1:zel028_h1650:10317,zscreen_original_graph_v1,zel028_h1650,10317,CPD_948711824857,3,24591,24591
zscreen_original_graph_v1:zel028_h1650:10448,zscreen_original_graph_v1,zel028_h1650,10448,CPD_416776417522,0,10831,10831
zscreen_original_graph_v1:zel028_h1650:10448,zscreen_original_graph_v1,zel028_h1650,10448,CPD_885432069457,1,22963,22963
zscreen_original_graph_v1:zel028_h1650:10448,zscreen_original_graph_v1,zel028_h1650,10448,CPD_918238069024,2,23819,23819
zscreen_original_graph_v1:zel028_h1650:10552,zscreen_original_graph_v1,zel028_h1650,10552,CPD_420582145951,0,10939,10939
zscreen_original_graph_v1:zel028_h1650:10552,zscreen_original_graph_v1,zel028_h1650,10552,CPD_721550401730,1,18713,18713
zscreen_original_graph_v1:zel028_h1650:10552,zscreen_original_graph_v1,zel028_h1650,10552,CPD_759342701679,2,19667,19667
zscreen_original_graph_v1:zel028_h1650:10698,zscreen_original_graph_v1,zel028_h1650,10698,CPD_426582195578,0,11097,11097
zscreen_original_graph_v1:zel028_h1650:10698,zscreen_original_graph_v1,zel028_h1650,10698,CPD_491569697902,1,12794,12794
zscreen_original_graph_v1:zel028_h1650:10698,zscreen_original_graph_v1,zel028_h1650,10698,CPD_946809213377,2,24539,24539
zscreen_original_graph_v1:zel028_h1650:10742,zscreen_original_graph_v1,zel028_h1650,10742,CPD_428579257640,0,11145,11145
zscreen_original_graph_v1:zel028_h1650:10742,zscreen_original_graph_v1,zel028_h1650,10742,CPD_548372902912,1,14283,14283
zscreen_original_graph_v1:zel028_h1650:10742,zscreen_original_graph_v1,zel028_h1650,10742,CPD_768324207113,2,19888,19888
zscreen_original_graph_v1:zel028_h1650:10742,zscreen_original_graph_v1,zel028_h1650,10742,CPD_789402439572,3,20456,20456
zscreen_original_graph_v1:zel028_h1650:10942,zscreen_original_graph_v1,zel028_h1650,10942,CPD_436732897122,0,11356,11356
zscreen_original_graph_v1:zel028_h1650:10942,zscreen_original_graph_v1,zel028_h1650,10942,CPD_483273746787,1,12577,12577
zscreen_original_graph_v1:zel028_h1650:10942,zscreen_original_graph_v1,zel028_h1650,10942,CPD_784426104436,2,20318,20318
zscreen_original_graph_v1:zel028_h1650:10942,zscreen_original_graph_v1,zel028_h1650,10942,CPD_837736963695,3,21698,21698
zscreen_original_graph_v1:zel028_h1650:11121,zscreen_original_graph_v1,zel028_h1650,11121,CPD_443931223176,0,11542,11542
zscreen_original_graph_v1:zel028_h1650:11121,zscreen_original_graph_v1,zel028_h1650,11121,CPD_701053120358,1,18184,18184
zscreen_original_graph_v1:zel028_h1650:11121,zscreen_original_graph_v1,zel028_h1650,11121,CPD_736661256812,2,19089,19089
zscreen_original_graph_v1:zel028_h1650:11770,zscreen_original_graph_v1,zel028_h1650,11770,CPD_470288049891,0,12223,12223
zscreen_original_graph_v1:zel028_h1650:11770,zscreen_original_graph_v1,zel028_h1650,11770,CPD_542234461549,1,14133,14133
zscreen_original_graph_v1:zel028_h1650:11770,zscreen_original_graph_v1,zel028_h1650,11770,CPD_986204270177,2,25546,25546
zscreen_original_graph_v1:zel028_h1650:11858,zscreen_original_graph_v1,zel028_h1650,11858,CPD_473527359938,0,12315,12315
zscreen_original_graph_v1:zel028_h1650:11858,zscreen_original_graph_v1,zel028_h1650,11858,CPD_768072551149,1,19881,19881
zscreen_original_graph_v1:zel028_h1650:11858,zscreen_original_graph_v1,zel028_h1650,11858,CPD_785108227973,2,20337,20337
zscreen_original_graph_v1:zel028_h1650:11927,zscreen_original_graph_v1,zel028_h1650,11927,CPD_476310931198,0,12386,12386
zscreen_original_graph_v1:zel028_h1650:11927,zscreen_original_graph_v1,zel028_h1650,11927,CPD_541873936717,1,14121,14121
zscreen_original_graph_v1:zel028_h1650:11927,zscreen_original_graph_v1,zel028_h1650,11927,CPD_555786797034,2,14459,14459
zscreen_original_graph_v1:zel028_h1650:12000,zscreen_original_graph_v1,zel028_h1650,12000,CPD_479062767290,0,12461,12461
zscreen_original_graph_v1:zel028_h1650:12000,zscreen_original_graph_v1,zel028_h1650,12000,CPD_490077948824,1,12753,12753
zscreen_original_graph_v1:zel028_h1650:12000,zscreen_original_graph_v1,zel028_h1650,12000,CPD_913365659087,2,23681,23681
zscreen_original_graph_v1:zel028_h1650:12000,zscreen_original_graph_v1,zel028_h1650,12000,CPD_983985502944,3,25488,25488
zscreen_original_graph_v1:zel028_h1650:12049,zscreen_original_graph_v1,zel028_h1650,12049,CPD_480742626864,0,12512,12512
zscreen_original_graph_v1:zel028_h1650:12049,zscreen_original_graph_v1,zel028_h1650,12049,CPD_606289597476,1,15725,15725
zscreen_original_graph_v1:zel028_h1650:12049,zscreen_original_graph_v1,zel028_h1650,12049,CPD_616136946558,2,15987,15987
zscreen_original_graph_v1:zel028_h1650:12049,zscreen_original_graph_v1,zel028_h1650,12049,CPD_690431912873,3,17924,17924
zscreen_original_graph_v1:zel028_h1650:12049,zscreen_original_graph_v1,zel028_h1650,12049,CPD_955795309202,4,24765,24765
zscreen_original_graph_v1:zel028_h1650:12561,zscreen_original_graph_v1,zel028_h1650,12561,CPD_501745501626,0,13059,13059
zscreen_original_graph_v1:zel028_h1650:12561,zscreen_original_graph_v1,zel028_h1650,12561,CPD_911743885659,1,23630,23630
zscreen_original_graph_v1:zel028_h1650:12561,zscreen_original_graph_v1,zel028_h1650,12561,CPD_947546218714,2,24554,24554
zscreen_original_graph_v1:zel028_h1650:12672,zscreen_original_graph_v1,zel028_h1650,12672,CPD_505470803953,0,13171,13171
zscreen_original_graph_v1:zel028_h1650:12672,zscreen_original_graph_v1,zel028_h1650,12672,CPD_507642868826,1,13224,13224
zscreen_original_graph_v1:zel028_h1650:12672,zscreen_original_graph_v1,zel028_h1650,12672,CPD_802428885622,2,20785,20785
zscreen_original_graph_v1:zel028_h1650:13104,zscreen_original_graph_v1,zel028_h1650,13104,CPD_523189715985,0,13632,13632
zscreen_original_graph_v1:zel028_h1650:13104,zscreen_original_graph_v1,zel028_h1650,13104,CPD_706351660897,1,18297,18297
zscreen_original_graph_v1:zel028_h1650:13104,zscreen_original_graph_v1,zel028_h1650,13104,CPD_806098571797,2,20867,20867
zscreen_original_graph_v1:zel028_h1650:13104,zscreen_original_graph_v1,zel028_h1650,13104,CPD_921050782360,3,23902,23902
zscreen_original_graph_v1:zel028_h1650:13792,zscreen_original_graph_v1,zel028_h1650,13792,CPD_551740952811,0,14361,14361
zscreen_original_graph_v1:zel028_h1650:13792,zscreen_original_graph_v1,zel028_h1650,13792,CPD_733717810856,1,19011,19011
zscreen_original_graph_v1:zel028_h1650:13792,zscreen_original_graph_v1,zel028_h1650,13792,CPD_774856763936,2,20063,20063
zscreen_original_graph_v1:zel028_h1650:13792,zscreen_original_graph_v1,zel028_h1650,13792,CPD_891703397431,3,23111,23111
zscreen_original_graph_v1:zel028_h1650:13880,zscreen_original_graph_v1,zel028_h1650,13880,CPD_555688324434,0,14453,14453
zscreen_original_graph_v1:zel028_h1650:13880,zscreen_original_graph_v1,zel028_h1650,13880,CPD_653759343401,1,16950,16950
zscreen_original_graph_v1:zel028_h1650:13880,zscreen_original_graph_v1,zel028_h1650,13880,CPD_659145574127,2,17099,17099
zscreen_original_graph_v1:zel028_h1650:14191,zscreen_original_graph_v1,zel028_h1650,14191,CPD_566868649252,0,14775,14775
zscreen_original_graph_v1:zel028_h1650:14191,zscreen_original_graph_v1,zel028_h1650,14191,CPD_572424651535,1,14907,14907
zscreen_original_graph_v1:zel028_h1650:14191,zscreen_original_graph_v1,zel028_h1650,14191,CPD_864758085524,2,22410,22410
zscreen_original_graph_v1:zel028_h1650:14354,zscreen_original_graph_v1,zel028_h1650,14354,CPD_574163369812,0,14944,14944
zscreen_original_graph_v1:zel028_h1650:14354,zscreen_original_graph_v1,zel028_h1650,14354,CPD_656085476714,1,17009,17009
zscreen_original_graph_v1:zel028_h1650:14354,zscreen_original_graph_v1,zel028_h1650,14354,CPD_826795517226,2,21414,21414
zscreen_original_graph_v1:zel028_h1650:14883,zscreen_original_graph_v1,zel028_h1650,14883,CPD_597285692712,0,15498,15498
zscreen_original_graph_v1:zel028_h1650:14883,zscreen_original_graph_v1,zel028_h1650,14883,CPD_606203413287,1,15723,15723
zscreen_original_graph_v1:zel028_h1650:14883,zscreen_original_graph_v1,zel028_h1650,14883,CPD_607243711903,2,15748,15748
zscreen_original_graph_v1:zel028_h1650:14883,zscreen_original_graph_v1,zel028_h1650,14883,CPD_880265774300,3,22818,22818
zscreen_original_graph_v1:zel028_h1650:14883,zscreen_original_graph_v1,zel028_h1650,14883,CPD_895036038341,4,23196,23196
zscreen_original_graph_v1:zel028_h1650:14971,zscreen_original_graph_v1,zel028_h1650,14971,CPD_600672563977,0,15590,15590
zscreen_original_graph_v1:zel028_h1650:14971,zscreen_original_graph_v1,zel028_h1650,14971,CPD_775794104515,1,20088,20088
zscreen_original_graph_v1:zel028_h1650:14971,zscreen_original_graph_v1,zel028_h1650,14971,CPD_837838083425,2,21699,21699
zscreen_original_graph_v1:zel028_h1650:15258,zscreen_original_graph_v1,zel028_h1650,15258,CPD_612770469543,0,15891,15891
zscreen_original_graph_v1:zel028_h1650:15258,zscreen_original_graph_v1,zel028_h1650,15258,CPD_719980414856,1,18670,18670
zscreen_original_graph_v1:zel028_h1650:15258,zscreen_original_graph_v1,zel028_h1650,15258,CPD_787599734502,2,20407,20407
zscreen_original_graph_v1:zel028_h1650:15418,zscreen_original_graph_v1,zel028_h1650,15418,CPD_618816467647,0,16060,16060
zscreen_original_graph_v1:zel028_h1650:15418,zscreen_original_graph_v1,zel028_h1650,15418,CPD_709834637997,1,18385,18385
zscreen_original_graph_v1:zel028_h1650:15418,zscreen_original_graph_v1,zel028_h1650,15418,CPD_851906479877,2,22054,22054
zscreen_original_graph_v1:zel028_h1650:15418,zscreen_original_graph_v1,zel028_h1650,15418,CPD_878797739544,3,22768,22768
zscreen_original_graph_v1:zel028_h1650:15615,zscreen_original_graph_v1,zel028_h1650,15615,CPD_627167195320,0,16272,16272
zscreen_original_graph_v1:zel028_h1650:15615,zscreen_original_graph_v1,zel028_h1650,15615,CPD_847186173445,1,21950,21950
zscreen_original_graph_v1:zel028_h1650:15615,zscreen_original_graph_v1,zel028_h1650,15615,CPD_864224110307,2,22398,22398
zscreen_original_graph_v1:zel028_h1650:16377,zscreen_original_graph_v1,zel028_h1650,16377,CPD_658892099363,0,17084,17084
zscreen_original_graph_v1:zel028_h1650:16377,zscreen_original_graph_v1,zel028_h1650,16377,CPD_721470092556,1,18709,18709
zscreen_original_graph_v1:zel028_h1650:16377,zscreen_original_graph_v1,zel028_h1650,16377,CPD_868312632412,2,22489,22489
zscreen_original_graph_v1:zel028_h1650:16377,zscreen_original_graph_v1,zel028_h1650,16377,CPD_903876554883,3,23428,23428
zscreen_original_graph_v1:zel028_h1650:16380,zscreen_original_graph_v1,zel028_h1650,16380,CPD_659006883718,0,17088,17088
zscreen_original_graph_v1:zel028_h1650:16380,zscreen_original_graph_v1,zel028_h1650,16380,CPD_730187490682,1,18933,18933
zscreen_original_graph_v1:zel028_h1650:16380,zscreen_original_graph_v1,zel028_h1650,16380,CPD_849216536328,2,22002,22002
zscreen_original_graph_v1:zel028_h1650:16380,zscreen_original_graph_v1,zel028_h1650,16380,CPD_857896322187,3,22226,22226
zscreen_original_graph_v1:zel028_h1650:17681,zscreen_original_graph_v1,zel028_h1650,17681,CPD_713318888139,0,18470,18470
zscreen_original_graph_v1:zel028_h1650:17681,zscreen_original_graph_v1,zel028_h1650,17681,CPD_803701227812,1,20814,20814
zscreen_original_graph_v1:zel028_h1650:17681,zscreen_original_graph_v1,zel028_h1650,17681,CPD_872521712058,2,22604,22604
zscreen_original_graph_v1:zel028_h1650:19601,zscreen_original_graph_v1,zel028_h1650,19601,CPD_792782877819,0,20536,20536
zscreen_original_graph_v1:zel028_h1650:19601,zscreen_original_graph_v1,zel028_h1650,19601,CPD_813179963121,1,21039,21039
zscreen_original_graph_v1:zel028_h1650:19601,zscreen_original_graph_v1,zel028_h1650,19601,CPD_972173628969,2,25163,25163
zscreen_original_graph_v1:zel028_hek293:21,zscreen_original_graph_v1,zel028_hek293,21,CPD_000343209845,0,21,21
zscreen_original_graph_v1:zel028_hek293:21,zscreen_original_graph_v1,zel028_hek293,21,CPD_097030476185,1,5874,5874
zscreen_original_graph_v1:zel028_hek293:21,zscreen_original_graph_v1,zel028_hek293,21,CPD_139839583720,2,8552,8552
zscreen_original_graph_v1:zel028_hek293:21,zscreen_original_graph_v1,zel028_hek293,21,CPD_492914770197,3,30346,30346
zscreen_original_graph_v1:zel028_hek293:21,zscreen_original_graph_v1,zel028_hek293,21,CPD_748432236766,4,46073,46073
zscreen_original_graph_v1:zel028_hek293:59,zscreen_original_graph_v1,zel028_hek293,59,CPD_001007614189,0,61,61
zscreen_original_graph_v1:zel028_hek293:59,zscreen_original_graph_v1,zel028_hek293,59,CPD_291314241278,1,17863,17863
zscreen_original_graph_v1:zel028_hek293:59,zscreen_original_graph_v1,zel028_hek293,59,CPD_386427739177,2,23682,23682
zscreen_original_graph_v1:zel028_hek293:103,zscreen_original_graph_v1,zel028_hek293,103,CPD_001794274413,0,106,106
zscreen_original_graph_v1:zel028_hek293:103,zscreen_original_graph_v1,zel028_hek293,103,CPD_058710908760,1,3634,3634
zscreen_original_graph_v1:zel028_hek293:103,zscreen_original_graph_v1,zel028_hek293,103,CPD_412604540972,2,25352,25352
zscreen_original_graph_v1:zel028_hek293:103,zscreen_original_graph_v1,zel028_hek293,103,CPD_949040407330,3,58285,58285
zscreen_original_graph_v1:zel028_hek293:117,zscreen_original_graph_v1,zel028_hek293,117,CPD_002081554268,0,120,120
zscreen_original_graph_v1:zel028_hek293:117,zscreen_original_graph_v1,zel028_hek293,117,CPD_273526281038,1,16753,16753
zscreen_original_graph_v1:zel028_hek293:117,zscreen_original_graph_v1,zel028_hek293,117,CPD_598580138170,2,36902,36902
zscreen_original_graph_v1:zel028_hek293:148,zscreen_original_graph_v1,zel028_hek293,148,CPD_002696283551,0,152,152
zscreen_original_graph_v1:zel028_hek293:148,zscreen_original_graph_v1,zel028_hek293,148,CPD_111316749243,1,6769,6769
zscreen_original_graph_v1:zel028_hek293:148,zscreen_original_graph_v1,zel028_hek293,148,CPD_136272717423,2,8316,8316
zscreen_original_graph_v1:zel028_hek293:148,zscreen_original_graph_v1,zel028_hek293,148,CPD_140589729641,3,8593,8593
zscreen_original_graph_v1:zel028_hek293:148,zscreen_original_graph_v1,zel028_hek293,148,CPD_141071505671,4,8625,8625
zscreen_original_graph_v1:zel028_hek293:148,zscreen_original_graph_v1,zel028_hek293,148,CPD_144225188794,5,8836,8836
zscreen_original_graph_v1:zel028_hek293:148,zscreen_original_graph_v1,zel028_hek293,148,CPD_145572136391,6,8915,8915
zscreen_original_graph_v1:zel028_hek293:148,zscreen_original_graph_v1,zel028_hek293,148,CPD_195659966314,7,11994,11994
zscreen_original_graph_v1:zel028_hek293:148,zscreen_original_graph_v1,zel028_hek293,148,CPD_210729620122,8,12898,12898
zscreen_original_graph_v1:zel028_hek293:148,zscreen_original_graph_v1,zel028_hek293,148,CPD_244875045249,9,15002,15002
zscreen_original_graph_v1:zel028_hek293:148,zscreen_original_graph_v1,zel028_hek293,148,CPD_295166992975,10,18112,18112
zscreen_original_graph_v1:zel028_hek293:148,zscreen_original_graph_v1,zel028_hek293,148,CPD_380478311524,11,23307,23307
zscreen_original_graph_v1:zel028_hek293:148,zscreen_original_graph_v1,zel028_hek293,148,CPD_385043188019,12,23599,23599
zscreen_original_graph_v1:zel028_hek293:148,zscreen_original_graph_v1,zel028_hek293,148,CPD_395234589879,13,24249,24249
zscreen_original_graph_v1:zel028_hek293:148,zscreen_original_graph_v1,zel028_hek293,148,CPD_407966677958,14,25067,25067
zscreen_original_graph_v1:zel028_hek293:148,zscreen_original_graph_v1,zel028_hek293,148,CPD_470812286967,15,29010,29010
zscreen_original_graph_v1:zel028_hek293:148,zscreen_original_graph_v1,zel028_hek293,148,CPD_545140155705,16,33621,33621
zscreen_original_graph_v1:zel028_hek293:148,zscreen_original_graph_v1,zel028_hek293,148,CPD_545164081291,17,33624,33624
zscreen_original_graph_v1:zel028_hek293:148,zscreen_original_graph_v1,zel028_hek293,148,CPD_603146077506,18,37163,37163
zscreen_original_graph_v1:zel028_hek293:148,zscreen_original_graph_v1,zel028_hek293,148,CPD_635731339342,19,39125,39125
zscreen_original_graph_v1:zel028_hek293:148,zscreen_original_graph_v1,zel028_hek293,148,CPD_695158858925,20,42784,42784
zscreen_original_graph_v1:zel028_hek293:148,zscreen_original_graph_v1,zel028_hek293,148,CPD_773621845283,21,47609,47609
zscreen_original_graph_v1:zel028_hek293:148,zscreen_original_graph_v1,zel028_hek293,148,CPD_780844943657,22,48077,48077
zscreen_original_graph_v1:zel028_hek293:148,zscreen_original_graph_v1,zel028_hek293,148,CPD_795108051809,23,48926,48926
zscreen_original_graph_v1:zel028_hek293:148,zscreen_original_graph_v1,zel028_hek293,148,CPD_849167292949,24,52283,52283
zscreen_original_graph_v1:zel028_hek293:148,zscreen_original_graph_v1,zel028_hek293,148,CPD_867360472159,25,53362,53362
zscreen_original_graph_v1:zel028_hek293:148,zscreen_original_graph_v1,zel028_hek293,148,CPD_898263956234,26,55297,55297
zscreen_original_graph_v1:zel028_hek293:148,zscreen_original_graph_v1,zel028_hek293,148,CPD_916021079204,27,56295,56295
zscreen_original_graph_v1:zel028_hek293:148,zscreen_original_graph_v1,zel028_hek293,148,CPD_934438690460,28,57406,57406
zscreen_original_graph_v1:zel028_hek293:195,zscreen_original_graph_v1,zel028_hek293,195,CPD_003579024686,0,201,201
zscreen_original_graph_v1:zel028_hek293:195,zscreen_original_graph_v1,zel028_hek293,195,CPD_079461902754,1,4842,4842
zscreen_original_graph_v1:zel028_hek293:195,zscreen_original_graph_v1,zel028_hek293,195,CPD_120505553477,2,7323,7323
zscreen_original_graph_v1:zel028_hek293:195,zscreen_original_graph_v1,zel028_hek293,195,CPD_357236784886,3,21937,21937
zscreen_original_graph_v1:zel028_hek293:195,zscreen_original_graph_v1,zel028_hek293,195,CPD_488896124369,4,30101,30101
zscreen_original_graph_v1:zel028_hek293:195,zscreen_original_graph_v1,zel028_hek293,195,CPD_638627341774,5,39301,39301
zscreen_original_graph_v1:zel028_hek293:195,zscreen_original_graph_v1,zel028_hek293,195,CPD_983819188772,6,60398,60398
zscreen_original_graph_v1:zel028_hek293:195,zscreen_original_graph_v1,zel028_hek293,195,CPD_995188017978,7,61081,61081
zscreen_original_graph_v1:zel028_hek293:203,zscreen_original_graph_v1,zel028_hek293,203,CPD_003654242827,0,209,209
zscreen_original_graph_v1:zel028_hek293:203,zscreen_original_graph_v1,zel028_hek293,203,CPD_094552369303,1,5728,5728
zscreen_original_graph_v1:zel028_hek293:203,zscreen_original_graph_v1,zel028_hek293,203,CPD_400608851457,2,24592,24592
zscreen_original_graph_v1:zel028_hek293:203,zscreen_original_graph_v1,zel028_hek293,203,CPD_468988925844,3,28902,28902
zscreen_original_graph_v1:zel028_hek293:227,zscreen_original_graph_v1,zel028_hek293,227,CPD_003897014077,0,233,233
zscreen_original_graph_v1:zel028_hek293:227,zscreen_original_graph_v1,zel028_hek293,227,CPD_180209442040,1,11009,11009
zscreen_original_graph_v1:zel028_hek293:227,zscreen_original_graph_v1,zel028_hek293,227,CPD_477416038225,2,29427,29427
zscreen_original_graph_v1:zel028_hek293:227,zscreen_original_graph_v1,zel028_hek293,227,CPD_544015082832,3,33561,33561
zscreen_original_graph_v1:zel028_hek293:227,zscreen_original_graph_v1,zel028_hek293,227,CPD_647348098611,4,39829,39829
zscreen_original_graph_v1:zel028_hek293:227,zscreen_original_graph_v1,zel028_hek293,227,CPD_917785755140,5,56393,56393
zscreen_original_graph_v1:zel028_hek293:268,zscreen_original_graph_v1,zel028_hek293,268,CPD_004471221349,0,278,278
zscreen_original_graph_v1:zel028_hek293:268,zscreen_original_graph_v1,zel028_hek293,268,CPD_379341364755,1,23243,23243
zscreen_original_graph_v1:zel028_hek293:268,zscreen_original_graph_v1,zel028_hek293,268,CPD_405718937005,2,24922,24922
zscreen_original_graph_v1:zel028_hek293:268,zscreen_original_graph_v1,zel028_hek293,268,CPD_738036687352,3,45388,45388
zscreen_original_graph_v1:zel028_hek293:268,zscreen_original_graph_v1,zel028_hek293,268,CPD_796385910320,4,48994,48994
zscreen_original_graph_v1:zel028_hek293:273,zscreen_original_graph_v1,zel028_hek293,273,CPD_004542498476,0,283,283
zscreen_original_graph_v1:zel028_hek293:273,zscreen_original_graph_v1,zel028_hek293,273,CPD_668614529160,1,41183,41183
zscreen_original_graph_v1:zel028_hek293:273,zscreen_original_graph_v1,zel028_hek293,273,CPD_794709357910,2,48900,48900
zscreen_original_graph_v1:zel028_hek293:273,zscreen_original_graph_v1,zel028_hek293,273,CPD_867170360348,3,53348,53348
zscreen_original_graph_v1:zel028_hek293:278,zscreen_original_graph_v1,zel028_hek293,278,CPD_004595613537,0,288,288
zscreen_original_graph_v1:zel028_hek293:278,zscreen_original_graph_v1,zel028_hek293,278,CPD_201109967817,1,12313,12313
zscreen_original_graph_v1:zel028_hek293:278,zscreen_original_graph_v1,zel028_hek293,278,CPD_604265573890,2,37238,37238
zscreen_original_graph_v1:zel028_hek293:278,zscreen_original_graph_v1,zel028_hek293,278,CPD_649204345093,3,39968,39968
zscreen_original_graph_v1:zel028_hek293:278,zscreen_original_graph_v1,zel028_hek293,278,CPD_848067066396,4,52197,52197
zscreen_original_graph_v1:zel028_hek293:278,zscreen_original_graph_v1,zel028_hek293,278,CPD_943322050338,5,57933,57933
zscreen_original_graph_v1:zel028_hek293:291,zscreen_original_graph_v1,zel028_hek293,291,CPD_004753381547,0,301,301
zscreen_original_graph_v1:zel028_hek293:291,zscreen_original_graph_v1,zel028_hek293,291,CPD_498918087056,1,30711,30711
zscreen_original_graph_v1:zel028_hek293:291,zscreen_original_graph_v1,zel028_hek293,291,CPD_951230764756,2,58428,58428
zscreen_original_graph_v1:zel028_hek293:300,zscreen_original_graph_v1,zel028_hek293,300,CPD_004922289436,0,310,310
zscreen_original_graph_v1:zel028_hek293:300,zscreen_original_graph_v1,zel028_hek293,300,CPD_028424241303,1,1806,1806
zscreen_original_graph_v1:zel028_hek293:300,zscreen_original_graph_v1,zel028_hek293,300,CPD_147428450465,2,9030,9030
zscreen_original_graph_v1:zel028_hek293:300,zscreen_original_graph_v1,zel028_hek293,300,CPD_231732235865,3,14186,14186
zscreen_original_graph_v1:zel028_hek293:300,zscreen_original_graph_v1,zel028_hek293,300,CPD_275713228921,4,16887,16887
zscreen_original_graph_v1:zel028_hek293:300,zscreen_original_graph_v1,zel028_hek293,300,CPD_522647685979,5,32244,32244
zscreen_original_graph_v1:zel028_hek293:300,zscreen_original_graph_v1,zel028_hek293,300,CPD_604273711448,6,37239,37239
zscreen_original_graph_v1:zel028_hek293:300,zscreen_original_graph_v1,zel028_hek293,300,CPD_608852856430,7,37529,37529
zscreen_original_graph_v1:zel028_hek293:300,zscreen_original_graph_v1,zel028_hek293,300,CPD_611556718723,8,37684,37684
zscreen_original_graph_v1:zel028_hek293:300,zscreen_original_graph_v1,zel028_hek293,300,CPD_746664213682,9,45957,45957
zscreen_original_graph_v1:zel028_hek293:300,zscreen_original_graph_v1,zel028_hek293,300,CPD_801556472723,10,49327,49327
zscreen_original_graph_v1:zel028_hek293:300,zscreen_original_graph_v1,zel028_hek293,300,CPD_963947717811,11,59180,59180
zscreen_original_graph_v1:zel028_hek293:349,zscreen_original_graph_v1,zel028_hek293,349,CPD_005924170162,0,361,361
zscreen_original_graph_v1:zel028_hek293:349,zscreen_original_graph_v1,zel028_hek293,349,CPD_474616251956,1,29228,29228
zscreen_original_graph_v1:zel028_hek293:349,zscreen_original_graph_v1,zel028_hek293,349,CPD_508854362557,2,31349,31349
zscreen_original_graph_v1:zel028_hek293:349,zscreen_original_graph_v1,zel028_hek293,349,CPD_694680548225,3,42755,42755
zscreen_original_graph_v1:zel028_hek293:349,zscreen_original_graph_v1,zel028_hek293,349,CPD_715192147749,4,44005,44005
zscreen_original_graph_v1:zel028_hek293:349,zscreen_original_graph_v1,zel028_hek293,349,CPD_724344004236,5,44598,44598
zscreen_original_graph_v1:zel028_hek293:349,zscreen_original_graph_v1,zel028_hek293,349,CPD_814110498947,6,50066,50066
zscreen_original_graph_v1:zel028_hek293:365,zscreen_original_graph_v1,zel028_hek293,365,CPD_006230219546,0,377,377
zscreen_original_graph_v1:zel028_hek293:365,zscreen_original_graph_v1,zel028_hek293,365,CPD_095949845203,1,5811,5811
zscreen_original_graph_v1:zel028_hek293:365,zscreen_original_graph_v1,zel028_hek293,365,CPD_409584519005,2,25173,25173
zscreen_original_graph_v1:zel028_hek293:395,zscreen_original_graph_v1,zel028_hek293,395,CPD_006596173858,0,411,411
zscreen_original_graph_v1:zel028_hek293:395,zscreen_original_graph_v1,zel028_hek293,395,CPD_026194247837,1,1665,1665
zscreen_original_graph_v1:zel028_hek293:395,zscreen_original_graph_v1,zel028_hek293,395,CPD_031548355244,2,2005,2005
zscreen_original_graph_v1:zel028_hek293:395,zscreen_original_graph_v1,zel028_hek293,395,CPD_160799506701,3,9836,9836
zscreen_original_graph_v1:zel028_hek293:395,zscreen_original_graph_v1,zel028_hek293,395,CPD_162472732816,4,9932,9932
zscreen_original_graph_v1:zel028_hek293:395,zscreen_original_graph_v1,zel028_hek293,395,CPD_236401098328,5,14464,14464
zscreen_original_graph_v1:zel028_hek293:395,zscreen_original_graph_v1,zel028_hek293,395,CPD_462389646415,6,28489,28489
zscreen_original_graph_v1:zel028_hek293:395,zscreen_original_graph_v1,zel028_hek293,395,CPD_489864714884,7,30157,30157
zscreen_original_graph_v1:zel028_hek293:395,zscreen_original_graph_v1,zel028_hek293,395,CPD_496395875133,8,30570,30570
zscreen_original_graph_v1:zel028_hek293:395,zscreen_original_graph_v1,zel028_hek293,395,CPD_506872614381,9,31220,31220
zscreen_original_graph_v1:zel028_hek293:395,zscreen_original_graph_v1,zel028_hek293,395,CPD_666244055143,10,41047,41047
zscreen_original_graph_v1:zel028_hek293:395,zscreen_original_graph_v1,zel028_hek293,395,CPD_934792486185,11,57425,57425
zscreen_original_graph_v1:zel028_hek293:481,zscreen_original_graph_v1,zel028_hek293,481,CPD_008371879501,0,503,503
zscreen_original_graph_v1:zel028_hek293:481,zscreen_original_graph_v1,zel028_hek293,481,CPD_067434421660,1,4153,4153
zscreen_original_graph_v1:zel028_hek293:481,zscreen_original_graph_v1,zel028_hek293,481,CPD_318447764285,2,19605,19605
zscreen_original_graph_v1:zel028_hek293:488,zscreen_original_graph_v1,zel028_hek293,488,CPD_008512865159,0,512,512
zscreen_original_graph_v1:zel028_hek293:488,zscreen_original_graph_v1,zel028_hek293,488,CPD_618527322998,1,38101,38101
zscreen_original_graph_v1:zel028_hek293:488,zscreen_original_graph_v1,zel028_hek293,488,CPD_875371462559,2,53876,53876
zscreen_original_graph_v1:zel028_hek293:535,zscreen_original_graph_v1,zel028_hek293,535,CPD_009202045463,0,563,563
zscreen_original_graph_v1:zel028_hek293:535,zscreen_original_graph_v1,zel028_hek293,535,CPD_105007241059,1,6374,6374
zscreen_original_graph_v1:zel028_hek293:535,zscreen_original_graph_v1,zel028_hek293,535,CPD_835505263751,2,51416,51416
zscreen_original_graph_v1:zel028_hek293:535,zscreen_original_graph_v1,zel028_hek293,535,CPD_913810468546,3,56152,56152
zscreen_original_graph_v1:zel028_hek293:535,zscreen_original_graph_v1,zel028_hek293,535,CPD_947587168652,4,58200,58200
zscreen_original_graph_v1:zel028_hek293:630,zscreen_original_graph_v1,zel028_hek293,630,CPD_010921144768,0,670,670
zscreen_original_graph_v1:zel028_hek293:630,zscreen_original_graph_v1,zel028_hek293,630,CPD_153020892837,1,9341,9341
zscreen_original_graph_v1:zel028_hek293:630,zscreen_original_graph_v1,zel028_hek293,630,CPD_515158199415,2,31776,31776
zscreen_original_graph_v1:zel028_hek293:630,zscreen_original_graph_v1,zel028_hek293,630,CPD_627425529107,3,38632,38632
zscreen_original_graph_v1:zel028_hek293:630,zscreen_original_graph_v1,zel028_hek293,630,CPD_675000379500,4,41546,41546
zscreen_original_graph_v1:zel028_hek293:630,zscreen_original_graph_v1,zel028_hek293,630,CPD_675422344998,5,41565,41565
zscreen_original_graph_v1:zel028_hek293:630,zscreen_original_graph_v1,zel028_hek293,630,CPD_720895655023,6,44393,44393
zscreen_original_graph_v1:zel028_hek293:630,zscreen_original_graph_v1,zel028_hek293,630,CPD_741121812417,7,45605,45605
zscreen_original_graph_v1:zel028_hek293:646,zscreen_original_graph_v1,zel028_hek293,646,CPD_011112526231,0,687,687
zscreen_original_graph_v1:zel028_hek293:646,zscreen_original_graph_v1,zel028_hek293,646,CPD_435331536234,1,26770,26770
zscreen_original_graph_v1:zel028_hek293:646,zscreen_original_graph_v1,zel028_hek293,646,CPD_904054097368,2,55618,55618
zscreen_original_graph_v1:zel028_hek293:742,zscreen_original_graph_v1,zel028_hek293,742,CPD_012822696861,0,791,791
zscreen_original_graph_v1:zel028_hek293:742,zscreen_original_graph_v1,zel028_hek293,742,CPD_359128768934,1,22044,22044
zscreen_original_graph_v1:zel028_hek293:742,zscreen_original_graph_v1,zel028_hek293,742,CPD_809538146606,2,49792,49792
zscreen_original_graph_v1:zel028_hek293:789,zscreen_original_graph_v1,zel028_hek293,789,CPD_013590475011,0,843,843
zscreen_original_graph_v1:zel028_hek293:789,zscreen_original_graph_v1,zel028_hek293,789,CPD_168410975704,1,10276,10276
zscreen_original_graph_v1:zel028_hek293:789,zscreen_original_graph_v1,zel028_hek293,789,CPD_413126935066,2,25390,25390
zscreen_original_graph_v1:zel028_hek293:789,zscreen_original_graph_v1,zel028_hek293,789,CPD_787016863550,3,48431,48431
zscreen_original_graph_v1:zel028_hek293:802,zscreen_original_graph_v1,zel028_hek293,802,CPD_013825005309,0,859,859
zscreen_original_graph_v1:zel028_hek293:802,zscreen_original_graph_v1,zel028_hek293,802,CPD_052289393255,1,3224,3224
zscreen_original_graph_v1:zel028_hek293:802,zscreen_original_graph_v1,zel028_hek293,802,CPD_485056411850,2,29895,29895
zscreen_original_graph_v1:zel028_hek293:814,zscreen_original_graph_v1,zel028_hek293,814,CPD_014040697662,0,873,873
zscreen_original_graph_v1:zel028_hek293:814,zscreen_original_graph_v1,zel028_hek293,814,CPD_086903166033,1,5268,5268
zscreen_original_graph_v1:zel028_hek293:814,zscreen_original_graph_v1,zel028_hek293,814,CPD_145311388475,2,8898,8898
zscreen_original_graph_v1:zel028_hek293:814,zscreen_original_graph_v1,zel028_hek293,814,CPD_335538131705,3,20589,20589
zscreen_original_graph_v1:zel028_hek293:842,zscreen_original_graph_v1,zel028_hek293,842,CPD_014452832436,0,903,903
zscreen_original_graph_v1:zel028_hek293:842,zscreen_original_graph_v1,zel028_hek293,842,CPD_449821402621,1,27688,27688
zscreen_original_graph_v1:zel028_hek293:842,zscreen_original_graph_v1,zel028_hek293,842,CPD_780672784464,2,48067,48067
zscreen_original_graph_v1:zel028_hek293:855,zscreen_original_graph_v1,zel028_hek293,855,CPD_014702637214,0,918,918
zscreen_original_graph_v1:zel028_hek293:855,zscreen_original_graph_v1,zel028_hek293,855,CPD_316011542574,1,19419,19419
zscreen_original_graph_v1:zel028_hek293:855,zscreen_original_graph_v1,zel028_hek293,855,CPD_493933711168,2,30422,30422
zscreen_original_graph_v1:zel028_hek293:855,zscreen_original_graph_v1,zel028_hek293,855,CPD_664172678999,3,40910,40910
zscreen_original_graph_v1:zel028_hek293:903,zscreen_original_graph_v1,zel028_hek293,903,CPD_015663111606,0,968,968
zscreen_original_graph_v1:zel028_hek293:903,zscreen_original_graph_v1,zel028_hek293,903,CPD_086794697633,1,5258,5258
zscreen_original_graph_v1:zel028_hek293:903,zscreen_original_graph_v1,zel028_hek293,903,CPD_281103472610,2,17210,17210
zscreen_original_graph_v1:zel028_hek293:903,zscreen_original_graph_v1,zel028_hek293,903,CPD_398590200425,3,24458,24458
zscreen_original_graph_v1:zel028_hek293:939,zscreen_original_graph_v1,zel028_hek293,939,CPD_016405002641,0,1006,1006
zscreen_original_graph_v1:zel028_hek293:939,zscreen_original_graph_v1,zel028_hek293,939,CPD_114337887090,1,6945,6945
zscreen_original_graph_v1:zel028_hek293:939,zscreen_original_graph_v1,zel028_hek293,939,CPD_192836737323,2,11821,11821
zscreen_original_graph_v1:zel028_hek293:939,zscreen_original_graph_v1,zel028_hek293,939,CPD_318337372091,3,19596,19596
zscreen_original_graph_v1:zel028_hek293:939,zscreen_original_graph_v1,zel028_hek293,939,CPD_398317716965,4,24442,24442
zscreen_original_graph_v1:zel028_hek293:1056,zscreen_original_graph_v1,zel028_hek293,1056,CPD_018451476397,0,1144,1144
zscreen_original_graph_v1:zel028_hek293:1056,zscreen_original_graph_v1,zel028_hek293,1056,CPD_467820632691,1,28826,28826
zscreen_original_graph_v1:zel028_hek293:1056,zscreen_original_graph_v1,zel028_hek293,1056,CPD_495767783784,2,30535,30535
zscreen_original_graph_v1:zel028_hek293:1056,zscreen_original_graph_v1,zel028_hek293,1056,CPD_557669589644,3,34348,34348
zscreen_original_graph_v1:zel028_hek293:1056,zscreen_original_graph_v1,zel028_hek293,1056,CPD_925989158813,4,56871,56871
zscreen_original_graph_v1:zel028_hek293:1198,zscreen_original_graph_v1,zel028_hek293,1198,CPD_020755975196,0,1296,1296
zscreen_original_graph_v1:zel028_hek293:1198,zscreen_original_graph_v1,zel028_hek293,1198,CPD_464257582648,1,28610,28610
zscreen_original_graph_v1:zel028_hek293:1198,zscreen_original_graph_v1,zel028_hek293,1198,CPD_694814828502,2,42761,42761
zscreen_original_graph_v1:zel028_hek293:1198,zscreen_original_graph_v1,zel028_hek293,1198,CPD_804762471162,3,49534,49534
zscreen_original_graph_v1:zel028_hek293:1198,zscreen_original_graph_v1,zel028_hek293,1198,CPD_835711161569,4,51433,51433
zscreen_original_graph_v1:zel028_hek293:1198,zscreen_original_graph_v1,zel028_hek293,1198,CPD_844281706290,5,51951,51951
zscreen_original_graph_v1:zel028_hek293:1203,zscreen_original_graph_v1,zel028_hek293,1203,CPD_020786174089,0,1301,1301
zscreen_original_graph_v1:zel028_hek293:1203,zscreen_original_graph_v1,zel028_hek293,1203,CPD_185853776958,1,11367,11367
zscreen_original_graph_v1:zel028_hek293:1203,zscreen_original_graph_v1,zel028_hek293,1203,CPD_428541546436,2,26334,26334
zscreen_original_graph_v1:zel028_hek293:1203,zscreen_original_graph_v1,zel028_hek293,1203,CPD_784920546088,3,48295,48295
zscreen_original_graph_v1:zel028_hek293:1203,zscreen_original_graph_v1,zel028_hek293,1203,CPD_985393798535,4,60484,60484
zscreen_original_graph_v1:zel028_hek293:1259,zscreen_original_graph_v1,zel028_hek293,1259,CPD_021616013941,0,1361,1361
zscreen_original_graph_v1:zel028_hek293:1259,zscreen_original_graph_v1,zel028_hek293,1259,CPD_082293766147,1,4997,4997
zscreen_original_graph_v1:zel028_hek293:1259,zscreen_original_graph_v1,zel028_hek293,1259,CPD_123718258148,2,7540,7540
zscreen_original_graph_v1:zel028_hek293:1259,zscreen_original_graph_v1,zel028_hek293,1259,CPD_154908691749,3,9454,9454
zscreen_original_graph_v1:zel028_hek293:1259,zscreen_original_graph_v1,zel028_hek293,1259,CPD_211399733525,4,12937,12937
zscreen_original_graph_v1:zel028_hek293:1259,zscreen_original_graph_v1,zel028_hek293,1259,CPD_230705796232,5,14130,14130
zscreen_original_graph_v1:zel028_hek293:1259,zscreen_original_graph_v1,zel028_hek293,1259,CPD_350751965898,6,21535,21535
zscreen_original_graph_v1:zel028_hek293:1259,zscreen_original_graph_v1,zel028_hek293,1259,CPD_437393145498,7,26908,26908
zscreen_original_graph_v1:zel028_hek293:1259,zscreen_original_graph_v1,zel028_hek293,1259,CPD_557629164405,8,34347,34347
zscreen_original_graph_v1:zel028_hek293:1259,zscreen_original_graph_v1,zel028_hek293,1259,CPD_604434692852,9,37252,37252
zscreen_original_graph_v1:zel028_hek293:1259,zscreen_original_graph_v1,zel028_hek293,1259,CPD_898382713370,10,55303,55303
zscreen_original_graph_v1:zel028_hek293:1259,zscreen_original_graph_v1,zel028_hek293,1259,CPD_937600001430,11,57605,57605
zscreen_original_graph_v1:zel028_hek293:1338,zscreen_original_graph_v1,zel028_hek293,1338,CPD_022927260977,0,1443,1443
zscreen_original_graph_v1:zel028_hek293:1338,zscreen_original_graph_v1,zel028_hek293,1338,CPD_770796695932,1,47432,47432
zscreen_original_graph_v1:zel028_hek293:1338,zscreen_original_graph_v1,zel028_hek293,1338,CPD_839741345691,2,51677,51677
zscreen_original_graph_v1:zel028_hek293:1496,zscreen_original_graph_v1,zel028_hek293,1496,CPD_025470706264,0,1614,1614
zscreen_original_graph_v1:zel028_hek293:1496,zscreen_original_graph_v1,zel028_hek293,1496,CPD_256935452739,1,15746,15746
zscreen_original_graph_v1:zel028_hek293:1496,zscreen_original_graph_v1,zel028_hek293,1496,CPD_362277220516,2,22245,22245
zscreen_original_graph_v1:zel028_hek293:1575,zscreen_original_graph_v1,zel028_hek293,1575,CPD_026961534633,0,1701,1701
zscreen_original_graph_v1:zel028_hek293:1575,zscreen_original_graph_v1,zel028_hek293,1575,CPD_367263780715,1,22547,22547
zscreen_original_graph_v1:zel028_hek293:1575,zscreen_original_graph_v1,zel028_hek293,1575,CPD_506533245190,2,31201,31201
zscreen_original_graph_v1:zel028_hek293:1575,zscreen_original_graph_v1,zel028_hek293,1575,CPD_580299896392,3,35741,35741
zscreen_original_graph_v1:zel028_hek293:1575,zscreen_original_graph_v1,zel028_hek293,1575,CPD_700004789164,4,43084,43084
zscreen_original_graph_v1:zel028_hek293:1575,zscreen_original_graph_v1,zel028_hek293,1575,CPD_710195993371,5,43711,43711
zscreen_original_graph_v1:zel028_hek293:1681,zscreen_original_graph_v1,zel028_hek293,1681,CPD_028680341774,0,1814,1814
zscreen_original_graph_v1:zel028_hek293:1681,zscreen_original_graph_v1,zel028_hek293,1681,CPD_059700093553,1,3703,3703
zscreen_original_graph_v1:zel028_hek293:1681,zscreen_original_graph_v1,zel028_hek293,1681,CPD_097487855130,2,5905,5905
zscreen_original_graph_v1:zel028_hek293:1681,zscreen_original_graph_v1,zel028_hek293,1681,CPD_602078112000,3,37107,37107
zscreen_original_graph_v1:zel028_hek293:1681,zscreen_original_graph_v1,zel028_hek293,1681,CPD_937159562195,4,57579,57579
zscreen_original_graph_v1:zel028_hek293:1776,zscreen_original_graph_v1,zel028_hek293,1776,CPD_030198832952,0,1913,1913
zscreen_original_graph_v1:zel028_hek293:1776,zscreen_original_graph_v1,zel028_hek293,1776,CPD_349083454920,1,21428,21428
zscreen_original_graph_v1:zel028_hek293:1776,zscreen_original_graph_v1,zel028_hek293,1776,CPD_375476149070,2,23041,23041
zscreen_original_graph_v1:zel028_hek293:1776,zscreen_original_graph_v1,zel028_hek293,1776,CPD_427065661949,3,26255,26255
zscreen_original_graph_v1:zel028_hek293:1776,zscreen_original_graph_v1,zel028_hek293,1776,CPD_530900508879,4,32767,32767
zscreen_original_graph_v1:zel028_hek293:1776,zscreen_original_graph_v1,zel028_hek293,1776,CPD_561212261752,5,34579,34579
zscreen_original_graph_v1:zel028_hek293:1776,zscreen_original_graph_v1,zel028_hek293,1776,CPD_570154707627,6,35119,35119
zscreen_original_graph_v1:zel028_hek293:1776,zscreen_original_graph_v1,zel028_hek293,1776,CPD_610759827681,7,37637,37637
zscreen_original_graph_v1:zel028_hek293:1776,zscreen_original_graph_v1,zel028_hek293,1776,CPD_633452117638,8,38989,38989
zscreen_original_graph_v1:zel028_hek293:1776,zscreen_original_graph_v1,zel028_hek293,1776,CPD_657527899280,9,40487,40487
zscreen_original_graph_v1:zel028_hek293:1776,zscreen_original_graph_v1,zel028_hek293,1776,CPD_721370844912,10,44422,44422
zscreen_original_graph_v1:zel028_hek293:1776,zscreen_original_graph_v1,zel028_hek293,1776,CPD_972194180145,11,59680,59680
zscreen_original_graph_v1:zel028_hek293:1990,zscreen_original_graph_v1,zel028_hek293,1990,CPD_033704586201,0,2147,2147
zscreen_original_graph_v1:zel028_hek293:1990,zscreen_original_graph_v1,zel028_hek293,1990,CPD_047239470729,1,2954,2954
zscreen_original_graph_v1:zel028_hek293:1990,zscreen_original_graph_v1,zel028_hek293,1990,CPD_108804990706,2,6612,6612
zscreen_original_graph_v1:zel028_hek293:2009,zscreen_original_graph_v1,zel028_hek293,2009,CPD_033976696594,0,2167,2167
zscreen_original_graph_v1:zel028_hek293:2009,zscreen_original_graph_v1,zel028_hek293,2009,CPD_152916899009,1,9332,9332
zscreen_original_graph_v1:zel028_hek293:2009,zscreen_original_graph_v1,zel028_hek293,2009,CPD_468743831138,2,28888,28888
zscreen_original_graph_v1:zel028_hek293:2039,zscreen_original_graph_v1,zel028_hek293,2039,CPD_034473253044,0,2199,2199
zscreen_original_graph_v1:zel028_hek293:2039,zscreen_original_graph_v1,zel028_hek293,2039,CPD_040855110678,1,2584,2584
zscreen_original_graph_v1:zel028_hek293:2039,zscreen_original_graph_v1,zel028_hek293,2039,CPD_741828690386,2,45652,45652
zscreen_original_graph_v1:zel028_hek293:2062,zscreen_original_graph_v1,zel028_hek293,2062,CPD_034785497640,0,2225,2225
zscreen_original_graph_v1:zel028_hek293:2062,zscreen_original_graph_v1,zel028_hek293,2062,CPD_466039950249,1,28724,28724
zscreen_original_graph_v1:zel028_hek293:2062,zscreen_original_graph_v1,zel028_hek293,2062,CPD_665842801912,2,41013,41013
zscreen_original_graph_v1:zel028_hek293:2062,zscreen_original_graph_v1,zel028_hek293,2062,CPD_678669818671,3,41764,41764
zscreen_original_graph_v1:zel028_hek293:2071,zscreen_original_graph_v1,zel028_hek293,2071,CPD_034865799116,0,2235,2235
zscreen_original_graph_v1:zel028_hek293:2071,zscreen_original_graph_v1,zel028_hek293,2071,CPD_180044386848,1,11003,11003
zscreen_original_graph_v1:zel028_hek293:2071,zscreen_original_graph_v1,zel028_hek293,2071,CPD_283464313156,2,17358,17358
zscreen_original_graph_v1:zel028_hek293:2071,zscreen_original_graph_v1,zel028_hek293,2071,CPD_429651320106,3,26403,26403
zscreen_original_graph_v1:zel028_hek293:2071,zscreen_original_graph_v1,zel028_hek293,2071,CPD_683339975262,4,42080,42080
zscreen_original_graph_v1:zel028_hek293:2071,zscreen_original_graph_v1,zel028_hek293,2071,CPD_699360597962,5,43047,43047
zscreen_original_graph_v1:zel028_hek293:2071,zscreen_original_graph_v1,zel028_hek293,2071,CPD_861400980697,6,52984,52984
zscreen_original_graph_v1:zel028_hek293:2100,zscreen_original_graph_v1,zel028_hek293,2100,CPD_035516675565,0,2271,2271
zscreen_original_graph_v1:zel028_hek293:2100,zscreen_original_graph_v1,zel028_hek293,2100,CPD_358024267794,1,21984,21984
zscreen_original_graph_v1:zel028_hek293:2100,zscreen_original_graph_v1,zel028_hek293,2100,CPD_412785827382,2,25367,25367
zscreen_original_graph_v1:zel028_hek293:2100,zscreen_original_graph_v1,zel028_hek293,2100,CPD_544464527947,3,33586,33586
zscreen_original_graph_v1:zel028_hek293:2100,zscreen_original_graph_v1,zel028_hek293,2100,CPD_891007792556,4,54855,54855
zscreen_original_graph_v1:zel028_hek293:2101,zscreen_original_graph_v1,zel028_hek293,2101,CPD_035526769962,0,2272,2272
zscreen_original_graph_v1:zel028_hek293:2101,zscreen_original_graph_v1,zel028_hek293,2101,CPD_243444303795,1,14927,14927
zscreen_original_graph_v1:zel028_hek293:2101,zscreen_original_graph_v1,zel028_hek293,2101,CPD_328430163517,2,20159,20159
zscreen_original_graph_v1:zel028_hek293:2101,zscreen_original_graph_v1,zel028_hek293,2101,CPD_347330440575,3,21330,21330
zscreen_original_graph_v1:zel028_hek293:2101,zscreen_original_graph_v1,zel028_hek293,2101,CPD_846188850346,4,52075,52075
zscreen_original_graph_v1:zel028_hek293:2101,zscreen_original_graph_v1,zel028_hek293,2101,CPD_848816234006,5,52253,52253
zscreen_original_graph_v1:zel028_hek293:2106,zscreen_original_graph_v1,zel028_hek293,2106,CPD_035582885001,0,2278,2278
zscreen_original_graph_v1:zel028_hek293:2106,zscreen_original_graph_v1,zel028_hek293,2106,CPD_676304695565,1,41615,41615
zscreen_original_graph_v1:zel028_hek293:2106,zscreen_original_graph_v1,zel028_hek293,2106,CPD_677016095335,2,41664,41664
zscreen_original_graph_v1:zel028_hek293:2106,zscreen_original_graph_v1,zel028_hek293,2106,CPD_817324511793,3,50255,50255
zscreen_original_graph_v1:zel028_hek293:2197,zscreen_original_graph_v1,zel028_hek293,2197,CPD_037393078566,0,2380,2380
zscreen_original_graph_v1:zel028_hek293:2197,zscreen_original_graph_v1,zel028_hek293,2197,CPD_594377879384,1,36653,36653
zscreen_original_graph_v1:zel028_hek293:2197,zscreen_original_graph_v1,zel028_hek293,2197,CPD_753069796280,2,46360,46360
zscreen_original_graph_v1:zel028_hek293:2232,zscreen_original_graph_v1,zel028_hek293,2232,CPD_037984951888,0,2419,2419
zscreen_original_graph_v1:zel028_hek293:2232,zscreen_original_graph_v1,zel028_hek293,2232,CPD_205135095718,1,12564,12564
zscreen_original_graph_v1:zel028_hek293:2232,zscreen_original_graph_v1,zel028_hek293,2232,CPD_576844515472,2,35521,35521
zscreen_original_graph_v1:zel028_hek293:2253,zscreen_original_graph_v1,zel028_hek293,2253,CPD_038494773139,0,2445,2445
zscreen_original_graph_v1:zel028_hek293:2253,zscreen_original_graph_v1,zel028_hek293,2253,CPD_207457509201,1,12695,12695
zscreen_original_graph_v1:zel028_hek293:2253,zscreen_original_graph_v1,zel028_hek293,2253,CPD_329906803733,2,20258,20258
zscreen_original_graph_v1:zel028_hek293:2277,zscreen_original_graph_v1,zel028_hek293,2277,CPD_038938154006,0,2472,2472
zscreen_original_graph_v1:zel028_hek293:2277,zscreen_original_graph_v1,zel028_hek293,2277,CPD_631848355598,1,38901,38901
zscreen_original_graph_v1:zel028_hek293:2277,zscreen_original_graph_v1,zel028_hek293,2277,CPD_696966149247,2,42885,42885
zscreen_original_graph_v1:zel028_hek293:2277,zscreen_original_graph_v1,zel028_hek293,2277,CPD_950514782684,3,58391,58391
zscreen_original_graph_v1:zel028_hek293:2317,zscreen_original_graph_v1,zel028_hek293,2317,CPD_039945128972,0,2515,2515
zscreen_original_graph_v1:zel028_hek293:2317,zscreen_original_graph_v1,zel028_hek293,2317,CPD_131954175797,1,8043,8043
zscreen_original_graph_v1:zel028_hek293:2317,zscreen_original_graph_v1,zel028_hek293,2317,CPD_400457223708,2,24580,24580
zscreen_original_graph_v1:zel028_hek293:2317,zscreen_original_graph_v1,zel028_hek293,2317,CPD_834067285702,3,51302,51302
zscreen_original_graph_v1:zel028_hek293:2361,zscreen_original_graph_v1,zel028_hek293,2361,CPD_040535660562,0,2561,2561
zscreen_original_graph_v1:zel028_hek293:2361,zscreen_original_graph_v1,zel028_hek293,2361,CPD_104427761850,1,6341,6341
zscreen_original_graph_v1:zel028_hek293:2361,zscreen_original_graph_v1,zel028_hek293,2361,CPD_315354596328,2,19377,19377
zscreen_original_graph_v1:zel028_hek293:2361,zscreen_original_graph_v1,zel028_hek293,2361,CPD_364725502720,3,22391,22391
zscreen_original_graph_v1:zel028_hek293:2361,zscreen_original_graph_v1,zel028_hek293,2361,CPD_373526885429,4,22917,22917
zscreen_original_graph_v1:zel028_hek293:2361,zscreen_original_graph_v1,zel028_hek293,2361,CPD_480763767753,5,29627,29627
zscreen_original_graph_v1:zel028_hek293:2361,zscreen_original_graph_v1,zel028_hek293,2361,CPD_498786450024,6,30706,30706
zscreen_original_graph_v1:zel028_hek293:2361,zscreen_original_graph_v1,zel028_hek293,2361,CPD_634571489847,7,39065,39065
zscreen_original_graph_v1:zel028_hek293:2361,zscreen_original_graph_v1,zel028_hek293,2361,CPD_799198004897,8,49168,49168
zscreen_original_graph_v1:zel028_hek293:2361,zscreen_original_graph_v1,zel028_hek293,2361,CPD_866003069620,9,53276,53276
zscreen_original_graph_v1:zel028_hek293:2361,zscreen_original_graph_v1,zel028_hek293,2361,CPD_966786573564,10,59371,59371
zscreen_original_graph_v1:zel028_hek293:2618,zscreen_original_graph_v1,zel028_hek293,2618,CPD_045507168260,0,2836,2836
zscreen_original_graph_v1:zel028_hek293:2618,zscreen_original_graph_v1,zel028_hek293,2618,CPD_654937307958,1,40340,40340
zscreen_original_graph_v1:zel028_hek293:2618,zscreen_original_graph_v1,zel028_hek293,2618,CPD_734531055127,2,45187,45187
zscreen_original_graph_v1:zel028_hek293:2732,zscreen_original_graph_v1,zel028_hek293,2732,CPD_047373954948,0,2963,2963
zscreen_original_graph_v1:zel028_hek293:2732,zscreen_original_graph_v1,zel028_hek293,2732,CPD_135587329491,1,8268,8268
zscreen_original_graph_v1:zel028_hek293:2732,zscreen_original_graph_v1,zel028_hek293,2732,CPD_640236677300,2,39395,39395
zscreen_original_graph_v1:zel028_hek293:2732,zscreen_original_graph_v1,zel028_hek293,2732,CPD_673185015401,3,41432,41432
zscreen_original_graph_v1:zel028_hek293:2732,zscreen_original_graph_v1,zel028_hek293,2732,CPD_687299797072,4,42326,42326
zscreen_original_graph_v1:zel028_hek293:2732,zscreen_original_graph_v1,zel028_hek293,2732,CPD_826259680773,5,50806,50806
zscreen_original_graph_v1:zel028_hek293:2732,zscreen_original_graph_v1,zel028_hek293,2732,CPD_880937766743,6,54240,54240
zscreen_original_graph_v1:zel028_hek293:2753,zscreen_original_graph_v1,zel028_hek293,2753,CPD_047750980953,0,2985,2985
zscreen_original_graph_v1:zel028_hek293:2753,zscreen_original_graph_v1,zel028_hek293,2753,CPD_136601600101,1,8332,8332
zscreen_original_graph_v1:zel028_hek293:2753,zscreen_original_graph_v1,zel028_hek293,2753,CPD_317988960098,2,19567,19567
zscreen_original_graph_v1:zel028_hek293:2753,zscreen_original_graph_v1,zel028_hek293,2753,CPD_473654831390,3,29165,29165
zscreen_original_graph_v1:zel028_hek293:2753,zscreen_original_graph_v1,zel028_hek293,2753,CPD_625646362179,4,38526,38526
zscreen_original_graph_v1:zel028_hek293:2753,zscreen_original_graph_v1,zel028_hek293,2753,CPD_918639397224,5,56435,56435
zscreen_original_graph_v1:zel028_hek293:2789,zscreen_original_graph_v1,zel028_hek293,2789,CPD_048396714956,0,3025,3025
zscreen_original_graph_v1:zel028_hek293:2789,zscreen_original_graph_v1,zel028_hek293,2789,CPD_115384894265,1,7002,7002
zscreen_original_graph_v1:zel028_hek293:2789,zscreen_original_graph_v1,zel028_hek293,2789,CPD_144296705751,2,8841,8841
zscreen_original_graph_v1:zel028_hek293:2789,zscreen_original_graph_v1,zel028_hek293,2789,CPD_575679094984,3,35453,35453
zscreen_original_graph_v1:zel028_hek293:2841,zscreen_original_graph_v1,zel028_hek293,2841,CPD_049588907806,0,3083,3083
zscreen_original_graph_v1:zel028_hek293:2841,zscreen_original_graph_v1,zel028_hek293,2841,CPD_334955760017,1,20556,20556
zscreen_original_graph_v1:zel028_hek293:2841,zscreen_original_graph_v1,zel028_hek293,2841,CPD_620203436122,2,38187,38187
zscreen_original_graph_v1:zel028_hek293:2841,zscreen_original_graph_v1,zel028_hek293,2841,CPD_637390460857,3,39235,39235
zscreen_original_graph_v1:zel028_hek293:2841,zscreen_original_graph_v1,zel028_hek293,2841,CPD_790661593572,4,48660,48660
zscreen_original_graph_v1:zel028_hek293:2875,zscreen_original_graph_v1,zel028_hek293,2875,CPD_050175999493,0,3121,3121
zscreen_original_graph_v1:zel028_hek293:2875,zscreen_original_graph_v1,zel028_hek293,2875,CPD_135544078012,1,8262,8262
zscreen_original_graph_v1:zel028_hek293:2875,zscreen_original_graph_v1,zel028_hek293,2875,CPD_779201834020,2,47962,47962
zscreen_original_graph_v1:zel028_hek293:2875,zscreen_original_graph_v1,zel028_hek293,2875,CPD_839688733944,3,51670,51670
zscreen_original_graph_v1:zel028_hek293:2875,zscreen_original_graph_v1,zel028_hek293,2875,CPD_980615356470,4,60179,60179
zscreen_original_graph_v1:zel028_hek293:2991,zscreen_original_graph_v1,zel028_hek293,2991,CPD_052646260316,0,3247,3247
zscreen_original_graph_v1:zel028_hek293:2991,zscreen_original_graph_v1,zel028_hek293,2991,CPD_083123744268,1,5045,5045
zscreen_original_graph_v1:zel028_hek293:2991,zscreen_original_graph_v1,zel028_hek293,2991,CPD_272136007619,2,16668,16668
zscreen_original_graph_v1:zel028_hek293:2991,zscreen_original_graph_v1,zel028_hek293,2991,CPD_516473105545,3,31853,31853
zscreen_original_graph_v1:zel028_hek293:2991,zscreen_original_graph_v1,zel028_hek293,2991,CPD_519026223211,4,32010,32010
zscreen_original_graph_v1:zel028_hek293:2991,zscreen_original_graph_v1,zel028_hek293,2991,CPD_590706093970,5,36433,36433
zscreen_original_graph_v1:zel028_hek293:2991,zscreen_original_graph_v1,zel028_hek293,2991,CPD_635531572761,6,39115,39115
zscreen_original_graph_v1:zel028_hek293:2991,zscreen_original_graph_v1,zel028_hek293,2991,CPD_665114133598,7,40968,40968
zscreen_original_graph_v1:zel028_hek293:2991,zscreen_original_graph_v1,zel028_hek293,2991,CPD_725525283313,8,44657,44657
zscreen_original_graph_v1:zel028_hek293:2991,zscreen_original_graph_v1,zel028_hek293,2991,CPD_853317081014,9,52520,52520
zscreen_original_graph_v1:zel028_hek293:3088,zscreen_original_graph_v1,zel028_hek293,3088,CPD_054211718710,0,3351,3351
zscreen_original_graph_v1:zel028_hek293:3088,zscreen_original_graph_v1,zel028_hek293,3088,CPD_630715806092,1,38825,38825
zscreen_original_graph_v1:zel028_hek293:3088,zscreen_original_graph_v1,zel028_hek293,3088,CPD_965396901174,2,59277,59277
zscreen_original_graph_v1:zel028_hek293:3104,zscreen_original_graph_v1,zel028_hek293,3104,CPD_054511911291,0,3367,3367
zscreen_original_graph_v1:zel028_hek293:3104,zscreen_original_graph_v1,zel028_hek293,3104,CPD_075472835378,1,4612,4612
zscreen_original_graph_v1:zel028_hek293:3104,zscreen_original_graph_v1,zel028_hek293,3104,CPD_078808922995,2,4810,4810
zscreen_original_graph_v1:zel028_hek293:3186,zscreen_original_graph_v1,zel028_hek293,3186,CPD_055770779075,0,3451,3451
zscreen_original_graph_v1:zel028_hek293:3186,zscreen_original_graph_v1,zel028_hek293,3186,CPD_070649296887,1,4321,4321
zscreen_original_graph_v1:zel028_hek293:3186,zscreen_original_graph_v1,zel028_hek293,3186,CPD_125175970953,2,7615,7615
zscreen_original_graph_v1:zel028_hek293:3186,zscreen_original_graph_v1,zel028_hek293,3186,CPD_177430195775,3,10876,10876
zscreen_original_graph_v1:zel028_hek293:3186,zscreen_original_graph_v1,zel028_hek293,3186,CPD_411365740651,4,25286,25286
zscreen_original_graph_v1:zel028_hek293:3194,zscreen_original_graph_v1,zel028_hek293,3194,CPD_055914767871,0,3459,3459
zscreen_original_graph_v1:zel028_hek293:3194,zscreen_original_graph_v1,zel028_hek293,3194,CPD_419350970498,1,25793,25793
zscreen_original_graph_v1:zel028_hek293:3194,zscreen_original_graph_v1,zel028_hek293,3194,CPD_713922708375,2,43932,43932
zscreen_original_graph_v1:zel028_hek293:3198,zscreen_original_graph_v1,zel028_hek293,3198,CPD_055964533153,0,3464,3464
zscreen_original_graph_v1:zel028_hek293:3198,zscreen_original_graph_v1,zel028_hek293,3198,CPD_382913211225,1,23462,23462
zscreen_original_graph_v1:zel028_hek293:3198,zscreen_original_graph_v1,zel028_hek293,3198,CPD_963849846613,2,59175,59175
zscreen_original_graph_v1:zel028_hek293:3234,zscreen_original_graph_v1,zel028_hek293,3234,CPD_056621575948,0,3502,3502
zscreen_original_graph_v1:zel028_hek293:3234,zscreen_original_graph_v1,zel028_hek293,3234,CPD_180242820320,1,11014,11014
zscreen_original_graph_v1:zel028_hek293:3234,zscreen_original_graph_v1,zel028_hek293,3234,CPD_209161808046,2,12803,12803
zscreen_original_graph_v1:zel028_hek293:3234,zscreen_original_graph_v1,zel028_hek293,3234,CPD_264592981801,3,16202,16202
zscreen_original_graph_v1:zel028_hek293:3234,zscreen_original_graph_v1,zel028_hek293,3234,CPD_410005115443,4,25200,25200
zscreen_original_graph_v1:zel028_hek293:3234,zscreen_original_graph_v1,zel028_hek293,3234,CPD_586604451372,5,36163,36163
zscreen_original_graph_v1:zel028_hek293:3269,zscreen_original_graph_v1,zel028_hek293,3269,CPD_057173811359,0,3538,3538
zscreen_original_graph_v1:zel028_hek293:3269,zscreen_original_graph_v1,zel028_hek293,3269,CPD_105757592432,1,6423,6423
zscreen_original_graph_v1:zel028_hek293:3269,zscreen_original_graph_v1,zel028_hek293,3269,CPD_234342731766,2,14339,14339
zscreen_original_graph_v1:zel028_hek293:3269,zscreen_original_graph_v1,zel028_hek293,3269,CPD_275411426172,3,16871,16871
zscreen_original_graph_v1:zel028_hek293:3269,zscreen_original_graph_v1,zel028_hek293,3269,CPD_553131417242,4,34074,34074
zscreen_original_graph_v1:zel028_hek293:3269,zscreen_original_graph_v1,zel028_hek293,3269,CPD_839392975256,5,51653,51653
zscreen_original_graph_v1:zel028_hek293:3269,zscreen_original_graph_v1,zel028_hek293,3269,CPD_980105786351,6,60155,60155
zscreen_original_graph_v1:zel028_hek293:3396,zscreen_original_graph_v1,zel028_hek293,3396,CPD_059294990371,0,3677,3677
zscreen_original_graph_v1:zel028_hek293:3396,zscreen_original_graph_v1,zel028_hek293,3396,CPD_132810758809,1,8085,8085
zscreen_original_graph_v1:zel028_hek293:3396,zscreen_original_graph_v1,zel028_hek293,3396,CPD_188293246978,2,11533,11533
zscreen_original_graph_v1:zel028_hek293:3432,zscreen_original_graph_v1,zel028_hek293,3432,CPD_060016997104,0,3722,3722
zscreen_original_graph_v1:zel028_hek293:3432,zscreen_original_graph_v1,zel028_hek293,3432,CPD_428732819295,1,26348,26348
zscreen_original_graph_v1:zel028_hek293:3432,zscreen_original_graph_v1,zel028_hek293,3432,CPD_442971351671,2,27277,27277
zscreen_original_graph_v1:zel028_hek293:3468,zscreen_original_graph_v1,zel028_hek293,3468,CPD_060717621988,0,3762,3762
zscreen_original_graph_v1:zel028_hek293:3468,zscreen_original_graph_v1,zel028_hek293,3468,CPD_200381194434,1,12267,12267
zscreen_original_graph_v1:zel028_hek293:3468,zscreen_original_graph_v1,zel028_hek293,3468,CPD_353772495986,2,21734,21734
zscreen_original_graph_v1:zel028_hek293:3468,zscreen_original_graph_v1,zel028_hek293,3468,CPD_373575361899,3,22920,22920
zscreen_original_graph_v1:zel028_hek293:3468,zscreen_original_graph_v1,zel028_hek293,3468,CPD_474843742832,4,29240,29240
zscreen_original_graph_v1:zel028_hek293:3530,zscreen_original_graph_v1,zel028_hek293,3530,CPD_062154153388,0,3828,3828
zscreen_original_graph_v1:zel028_hek293:3530,zscreen_original_graph_v1,zel028_hek293,3530,CPD_165380295134,1,10096,10096
zscreen_original_graph_v1:zel028_hek293:3530,zscreen_original_graph_v1,zel028_hek293,3530,CPD_171900551647,2,10516,10516
zscreen_original_graph_v1:zel028_hek293:3530,zscreen_original_graph_v1,zel028_hek293,3530,CPD_395249450702,3,24250,24250
zscreen_original_graph_v1:zel028_hek293:3530,zscreen_original_graph_v1,zel028_hek293,3530,CPD_398213560203,4,24436,24436
zscreen_original_graph_v1:zel028_hek293:3530,zscreen_original_graph_v1,zel028_hek293,3530,CPD_426892561736,5,26241,26241
zscreen_original_graph_v1:zel028_hek293:3530,zscreen_original_graph_v1,zel028_hek293,3530,CPD_779939541171,6,48016,48016
zscreen_original_graph_v1:zel028_hek293:3530,zscreen_original_graph_v1,zel028_hek293,3530,CPD_988783686674,7,60701,60701
zscreen_original_graph_v1:zel028_hek293:3530,zscreen_original_graph_v1,zel028_hek293,3530,CPD_994559474255,8,61044,61044
zscreen_original_graph_v1:zel028_hek293:3677,zscreen_original_graph_v1,zel028_hek293,3677,CPD_064860164166,0,3986,3986
zscreen_original_graph_v1:zel028_hek293:3677,zscreen_original_graph_v1,zel028_hek293,3677,CPD_293363751788,1,17983,17983
zscreen_original_graph_v1:zel028_hek293:3677,zscreen_original_graph_v1,zel028_hek293,3677,CPD_455735370839,2,28053,28053
zscreen_original_graph_v1:zel028_hek293:3677,zscreen_original_graph_v1,zel028_hek293,3677,CPD_857088492812,3,52727,52727
zscreen_original_graph_v1:zel028_hek293:3690,zscreen_original_graph_v1,zel028_hek293,3690,CPD_065031277412,0,3999,3999
zscreen_original_graph_v1:zel028_hek293:3690,zscreen_original_graph_v1,zel028_hek293,3690,CPD_759302764819,1,46726,46726
zscreen_original_graph_v1:zel028_hek293:3690,zscreen_original_graph_v1,zel028_hek293,3690,CPD_863676145998,2,53121,53121
zscreen_original_graph_v1:zel028_hek293:3740,zscreen_original_graph_v1,zel028_hek293,3740,CPD_066027946693,0,4052,4052
zscreen_original_graph_v1:zel028_hek293:3740,zscreen_original_graph_v1,zel028_hek293,3740,CPD_502907285014,1,30966,30966
zscreen_original_graph_v1:zel028_hek293:3740,zscreen_original_graph_v1,zel028_hek293,3740,CPD_986584652077,2,60567,60567
zscreen_original_graph_v1:zel028_hek293:3745,zscreen_original_graph_v1,zel028_hek293,3745,CPD_066159854674,0,4057,4057
zscreen_original_graph_v1:zel028_hek293:3745,zscreen_original_graph_v1,zel028_hek293,3745,CPD_082778524572,1,5022,5022
zscreen_original_graph_v1:zel028_hek293:3745,zscreen_original_graph_v1,zel028_hek293,3745,CPD_283752677036,2,17381,17381
zscreen_original_graph_v1:zel028_hek293:3745,zscreen_original_graph_v1,zel028_hek293,3745,CPD_324637199968,3,19950,19950
zscreen_original_graph_v1:zel028_hek293:3745,zscreen_original_graph_v1,zel028_hek293,3745,CPD_344836020662,4,21169,21169
zscreen_original_graph_v1:zel028_hek293:3745,zscreen_original_graph_v1,zel028_hek293,3745,CPD_435320930824,5,26768,26768
zscreen_original_graph_v1:zel028_hek293:3745,zscreen_original_graph_v1,zel028_hek293,3745,CPD_448187728225,6,27567,27567
zscreen_original_graph_v1:zel028_hek293:3745,zscreen_original_graph_v1,zel028_hek293,3745,CPD_475282605570,7,29266,29266
zscreen_original_graph_v1:zel028_hek293:3745,zscreen_original_graph_v1,zel028_hek293,3745,CPD_670709745146,8,41289,41289
zscreen_original_graph_v1:zel028_hek293:3745,zscreen_original_graph_v1,zel028_hek293,3745,CPD_702243231423,9,43245,43245
zscreen_original_graph_v1:zel028_hek293:3745,zscreen_original_graph_v1,zel028_hek293,3745,CPD_723864450697,10,44578,44578
zscreen_original_graph_v1:zel028_hek293:3745,zscreen_original_graph_v1,zel028_hek293,3745,CPD_734442792697,11,45183,45183
zscreen_original_graph_v1:zel028_hek293:3745,zscreen_original_graph_v1,zel028_hek293,3745,CPD_775021342034,12,47704,47704
zscreen_original_graph_v1:zel028_hek293:3745,zscreen_original_graph_v1,zel028_hek293,3745,CPD_873213027596,13,53740,53740
zscreen_original_graph_v1:zel028_hek293:3745,zscreen_original_graph_v1,zel028_hek293,3745,CPD_894248097266,14,55044,55044
zscreen_original_graph_v1:zel028_hek293:3745,zscreen_original_graph_v1,zel028_hek293,3745,CPD_968351960368,15,59462,59462
zscreen_original_graph_v1:zel028_hek293:3772,zscreen_original_graph_v1,zel028_hek293,3772,CPD_066641507000,0,4089,4089
zscreen_original_graph_v1:zel028_hek293:3772,zscreen_original_graph_v1,zel028_hek293,3772,CPD_692089467357,1,42600,42600
zscreen_original_graph_v1:zel028_hek293:3772,zscreen_original_graph_v1,zel028_hek293,3772,CPD_834997467792,2,51380,51380
zscreen_original_graph_v1:zel028_hek293:3863,zscreen_original_graph_v1,zel028_hek293,3863,CPD_068055888340,0,4184,4184
zscreen_original_graph_v1:zel028_hek293:3863,zscreen_original_graph_v1,zel028_hek293,3863,CPD_380865922755,1,23333,23333
zscreen_original_graph_v1:zel028_hek293:3863,zscreen_original_graph_v1,zel028_hek293,3863,CPD_503865597030,2,31037,31037
zscreen_original_graph_v1:zel028_hek293:3917,zscreen_original_graph_v1,zel028_hek293,3917,CPD_069344085212,0,4243,4243
zscreen_original_graph_v1:zel028_hek293:3917,zscreen_original_graph_v1,zel028_hek293,3917,CPD_367238377331,1,22543,22543
zscreen_original_graph_v1:zel028_hek293:3917,zscreen_original_graph_v1,zel028_hek293,3917,CPD_585447649350,2,36084,36084
zscreen_original_graph_v1:zel028_hek293:3981,zscreen_original_graph_v1,zel028_hek293,3981,CPD_070620841325,0,4314,4314
zscreen_original_graph_v1:zel028_hek293:3981,zscreen_original_graph_v1,zel028_hek293,3981,CPD_174378859428,1,10686,10686
zscreen_original_graph_v1:zel028_hek293:3981,zscreen_original_graph_v1,zel028_hek293,3981,CPD_239571946845,2,14662,14662
zscreen_original_graph_v1:zel028_hek293:3981,zscreen_original_graph_v1,zel028_hek293,3981,CPD_415356135179,3,25534,25534
zscreen_original_graph_v1:zel028_hek293:3981,zscreen_original_graph_v1,zel028_hek293,3981,CPD_428320199686,4,26326,26326
zscreen_original_graph_v1:zel028_hek293:3981,zscreen_original_graph_v1,zel028_hek293,3981,CPD_869921895280,5,53524,53524
zscreen_original_graph_v1:zel028_hek293:4182,zscreen_original_graph_v1,zel028_hek293,4182,CPD_074266813139,0,4534,4534
zscreen_original_graph_v1:zel028_hek293:4182,zscreen_original_graph_v1,zel028_hek293,4182,CPD_302017201452,1,18529,18529
zscreen_original_graph_v1:zel028_hek293:4182,zscreen_original_graph_v1,zel028_hek293,4182,CPD_462310045716,2,28477,28477
zscreen_original_graph_v1:zel028_hek293:4182,zscreen_original_graph_v1,zel028_hek293,4182,CPD_665814886586,3,41010,41010
zscreen_original_graph_v1:zel028_hek293:4182,zscreen_original_graph_v1,zel028_hek293,4182,CPD_991033093705,4,60825,60825
zscreen_original_graph_v1:zel028_hek293:4187,zscreen_original_graph_v1,zel028_hek293,4187,CPD_074338608860,0,4540,4540
zscreen_original_graph_v1:zel028_hek293:4187,zscreen_original_graph_v1,zel028_hek293,4187,CPD_357240137248,1,21938,21938
zscreen_original_graph_v1:zel028_hek293:4187,zscreen_original_graph_v1,zel028_hek293,4187,CPD_760121276664,2,46775,46775
zscreen_original_graph_v1:zel028_hek293:4187,zscreen_original_graph_v1,zel028_hek293,4187,CPD_853718621058,3,52536,52536
zscreen_original_graph_v1:zel028_hek293:4247,zscreen_original_graph_v1,zel028_hek293,4247,CPD_075428047606,0,4608,4608
zscreen_original_graph_v1:zel028_hek293:4247,zscreen_original_graph_v1,zel028_hek293,4247,CPD_287015403875,1,17578,17578
zscreen_original_graph_v1:zel028_hek293:4247,zscreen_original_graph_v1,zel028_hek293,4247,CPD_312907344164,2,19207,19207
zscreen_original_graph_v1:zel028_hek293:4247,zscreen_original_graph_v1,zel028_hek293,4247,CPD_318645698110,3,19615,19615
zscreen_original_graph_v1:zel028_hek293:4247,zscreen_original_graph_v1,zel028_hek293,4247,CPD_383923512555,4,23526,23526
zscreen_original_graph_v1:zel028_hek293:4247,zscreen_original_graph_v1,zel028_hek293,4247,CPD_401652851211,5,24661,24661
zscreen_original_graph_v1:zel028_hek293:4247,zscreen_original_graph_v1,zel028_hek293,4247,CPD_570565670141,6,35149,35149
zscreen_original_graph_v1:zel028_hek293:4247,zscreen_original_graph_v1,zel028_hek293,4247,CPD_707350605803,7,43542,43542
zscreen_original_graph_v1:zel028_hek293:4247,zscreen_original_graph_v1,zel028_hek293,4247,CPD_819481297483,8,50402,50402
zscreen_original_graph_v1:zel028_hek293:4247,zscreen_original_graph_v1,zel028_hek293,4247,CPD_998466740540,9,61289,61289
zscreen_original_graph_v1:zel028_hek293:4265,zscreen_original_graph_v1,zel028_hek293,4265,CPD_075730026438,0,4628,4628
zscreen_original_graph_v1:zel028_hek293:4265,zscreen_original_graph_v1,zel028_hek293,4265,CPD_258584337817,1,15835,15835
zscreen_original_graph_v1:zel028_hek293:4265,zscreen_original_graph_v1,zel028_hek293,4265,CPD_881955345258,2,54328,54328
zscreen_original_graph_v1:zel028_hek293:4301,zscreen_original_graph_v1,zel028_hek293,4301,CPD_076287891965,0,4667,4667
zscreen_original_graph_v1:zel028_hek293:4301,zscreen_original_graph_v1,zel028_hek293,4301,CPD_242559909847,1,14873,14873
zscreen_original_graph_v1:zel028_hek293:4301,zscreen_original_graph_v1,zel028_hek293,4301,CPD_475837973704,2,29313,29313
zscreen_original_graph_v1:zel028_hek293:4301,zscreen_original_graph_v1,zel028_hek293,4301,CPD_962559301533,3,59103,59103
zscreen_original_graph_v1:zel028_hek293:4346,zscreen_original_graph_v1,zel028_hek293,4346,CPD_077083800886,0,4715,4715
zscreen_original_graph_v1:zel028_hek293:4346,zscreen_original_graph_v1,zel028_hek293,4346,CPD_232549894170,1,14241,14241
zscreen_original_graph_v1:zel028_hek293:4346,zscreen_original_graph_v1,zel028_hek293,4346,CPD_431145166639,2,26491,26491
zscreen_original_graph_v1:zel028_hek293:4346,zscreen_original_graph_v1,zel028_hek293,4346,CPD_444290706387,3,27354,27354
zscreen_original_graph_v1:zel028_hek293:4346,zscreen_original_graph_v1,zel028_hek293,4346,CPD_454420480394,4,27972,27972
zscreen_original_graph_v1:zel028_hek293:4346,zscreen_original_graph_v1,zel028_hek293,4346,CPD_469943667802,5,28955,28955
zscreen_original_graph_v1:zel028_hek293:4346,zscreen_original_graph_v1,zel028_hek293,4346,CPD_555047146621,6,34200,34200
zscreen_original_graph_v1:zel028_hek293:4346,zscreen_original_graph_v1,zel028_hek293,4346,CPD_634014300607,7,39035,39035
zscreen_original_graph_v1:zel028_hek293:4346,zscreen_original_graph_v1,zel028_hek293,4346,CPD_644793241273,8,39681,39681
zscreen_original_graph_v1:zel028_hek293:4346,zscreen_original_graph_v1,zel028_hek293,4346,CPD_766692505171,9,47181,47181
zscreen_original_graph_v1:zel028_hek293:4346,zscreen_original_graph_v1,zel028_hek293,4346,CPD_781525212104,10,48101,48101
zscreen_original_graph_v1:zel028_hek293:4346,zscreen_original_graph_v1,zel028_hek293,4346,CPD_822146452472,11,50556,50556
zscreen_original_graph_v1:zel028_hek293:4346,zscreen_original_graph_v1,zel028_hek293,4346,CPD_832478527125,12,51188,51188
zscreen_original_graph_v1:zel028_hek293:4346,zscreen_original_graph_v1,zel028_hek293,4346,CPD_848616800074,13,52239,52239
zscreen_original_graph_v1:zel028_hek293:4346,zscreen_original_graph_v1,zel028_hek293,4346,CPD_934598345946,14,57414,57414
zscreen_original_graph_v1:zel028_hek293:4346,zscreen_original_graph_v1,zel028_hek293,4346,CPD_986646709900,15,60573,60573
zscreen_original_graph_v1:zel028_hek293:4364,zscreen_original_graph_v1,zel028_hek293,4364,CPD_077417083810,0,4734,4734
zscreen_original_graph_v1:zel028_hek293:4364,zscreen_original_graph_v1,zel028_hek293,4364,CPD_096857966694,1,5864,5864
zscreen_original_graph_v1:zel028_hek293:4364,zscreen_original_graph_v1,zel028_hek293,4364,CPD_774856125438,2,47689,47689
zscreen_original_graph_v1:zel028_hek293:4429,zscreen_original_graph_v1,zel028_hek293,4429,CPD_078741462180,0,4807,4807
zscreen_original_graph_v1:zel028_hek293:4429,zscreen_original_graph_v1,zel028_hek293,4429,CPD_310557580566,1,19046,19046
zscreen_original_graph_v1:zel028_hek293:4429,zscreen_original_graph_v1,zel028_hek293,4429,CPD_638550031699,2,39296,39296
zscreen_original_graph_v1:zel028_hek293:4513,zscreen_original_graph_v1,zel028_hek293,4513,CPD_080781633204,0,4905,4905
zscreen_original_graph_v1:zel028_hek293:4513,zscreen_original_graph_v1,zel028_hek293,4513,CPD_099282741801,1,6019,6019
zscreen_original_graph_v1:zel028_hek293:4513,zscreen_original_graph_v1,zel028_hek293,4513,CPD_589740076808,2,36365,36365
zscreen_original_graph_v1:zel028_hek293:4529,zscreen_original_graph_v1,zel028_hek293,4529,CPD_081003844122,0,4923,4923
zscreen_original_graph_v1:zel028_hek293:4529,zscreen_original_graph_v1,zel028_hek293,4529,CPD_117781712110,1,7151,7151
zscreen_original_graph_v1:zel028_hek293:4529,zscreen_original_graph_v1,zel028_hek293,4529,CPD_564436614242,2,34778,34778
zscreen_original_graph_v1:zel028_hek293:4594,zscreen_original_graph_v1,zel028_hek293,4594,CPD_082260216562,0,4995,4995
zscreen_original_graph_v1:zel028_hek293:4594,zscreen_original_graph_v1,zel028_hek293,4594,CPD_288766204378,1,17700,17700
zscreen_original_graph_v1:zel028_hek293:4594,zscreen_original_graph_v1,zel028_hek293,4594,CPD_289302269121,2,17730,17730
zscreen_original_graph_v1:zel028_hek293:4594,zscreen_original_graph_v1,zel028_hek293,4594,CPD_768797889253,3,47313,47313
zscreen_original_graph_v1:zel028_hek293:4760,zscreen_original_graph_v1,zel028_hek293,4760,CPD_085363016483,0,5177,5177
zscreen_original_graph_v1:zel028_hek293:4760,zscreen_original_graph_v1,zel028_hek293,4760,CPD_286731445458,1,17560,17560
zscreen_original_graph_v1:zel028_hek293:4760,zscreen_original_graph_v1,zel028_hek293,4760,CPD_497713935144,2,30645,30645
zscreen_original_graph_v1:zel028_hek293:4762,zscreen_original_graph_v1,zel028_hek293,4762,CPD_085411601751,0,5179,5179
zscreen_original_graph_v1:zel028_hek293:4762,zscreen_original_graph_v1,zel028_hek293,4762,CPD_196615360360,1,12044,12044
zscreen_original_graph_v1:zel028_hek293:4762,zscreen_original_graph_v1,zel028_hek293,4762,CPD_197900604350,2,12125,12125
zscreen_original_graph_v1:zel028_hek293:4762,zscreen_original_graph_v1,zel028_hek293,4762,CPD_408431251104,3,25098,25098
zscreen_original_graph_v1:zel028_hek293:4762,zscreen_original_graph_v1,zel028_hek293,4762,CPD_411325672028,4,25282,25282
zscreen_original_graph_v1:zel028_hek293:4762,zscreen_original_graph_v1,zel028_hek293,4762,CPD_629305115370,5,38741,38741
zscreen_original_graph_v1:zel028_hek293:4762,zscreen_original_graph_v1,zel028_hek293,4762,CPD_962517687145,6,59099,59099
zscreen_original_graph_v1:zel028_hek293:4762,zscreen_original_graph_v1,zel028_hek293,4762,CPD_995334458577,7,61088,61088
zscreen_original_graph_v1:zel028_hek293:4809,zscreen_original_graph_v1,zel028_hek293,4809,CPD_086409993692,0,5231,5231
zscreen_original_graph_v1:zel028_hek293:4809,zscreen_original_graph_v1,zel028_hek293,4809,CPD_379076276897,1,23232,23232
zscreen_original_graph_v1:zel028_hek293:4809,zscreen_original_graph_v1,zel028_hek293,4809,CPD_402018162351,2,24689,24689
zscreen_original_graph_v1:zel028_hek293:4809,zscreen_original_graph_v1,zel028_hek293,4809,CPD_562286357029,3,34645,34645
zscreen_original_graph_v1:zel028_hek293:4863,zscreen_original_graph_v1,zel028_hek293,4863,CPD_087280870639,0,5291,5291
zscreen_original_graph_v1:zel028_hek293:4863,zscreen_original_graph_v1,zel028_hek293,4863,CPD_493851622181,1,30413,30413
zscreen_original_graph_v1:zel028_hek293:4863,zscreen_original_graph_v1,zel028_hek293,4863,CPD_914778501349,2,56205,56205
zscreen_original_graph_v1:zel028_hek293:4868,zscreen_original_graph_v1,zel028_hek293,4868,CPD_087400992591,0,5296,5296
zscreen_original_graph_v1:zel028_hek293:4868,zscreen_original_graph_v1,zel028_hek293,4868,CPD_341991854047,1,20974,20974
zscreen_original_graph_v1:zel028_hek293:4868,zscreen_original_graph_v1,zel028_hek293,4868,CPD_446385920102,2,27460,27460
zscreen_original_graph_v1:zel028_hek293:4868,zscreen_original_graph_v1,zel028_hek293,4868,CPD_684666335681,3,42161,42161
zscreen_original_graph_v1:zel028_hek293:4868,zscreen_original_graph_v1,zel028_hek293,4868,CPD_780406722604,4,48049,48049
zscreen_original_graph_v1:zel028_hek293:4918,zscreen_original_graph_v1,zel028_hek293,4918,CPD_088181170257,0,5351,5351
zscreen_original_graph_v1:zel028_hek293:4918,zscreen_original_graph_v1,zel028_hek293,4918,CPD_431608842918,1,26519,26519
zscreen_original_graph_v1:zel028_hek293:4918,zscreen_original_graph_v1,zel028_hek293,4918,CPD_545316649023,2,33630,33630
zscreen_original_graph_v1:zel028_hek293:4918,zscreen_original_graph_v1,zel028_hek293,4918,CPD_852734950180,3,52484,52484
zscreen_original_graph_v1:zel028_hek293:4948,zscreen_original_graph_v1,zel028_hek293,4948,CPD_088694044646,0,5382,5382
zscreen_original_graph_v1:zel028_hek293:4948,zscreen_original_graph_v1,zel028_hek293,4948,CPD_123149833027,1,7510,7510
zscreen_original_graph_v1:zel028_hek293:4948,zscreen_original_graph_v1,zel028_hek293,4948,CPD_622065935362,2,38300,38300
zscreen_original_graph_v1:zel028_hek293:4948,zscreen_original_graph_v1,zel028_hek293,4948,CPD_838002056097,3,51563,51563
zscreen_original_graph_v1:zel028_hek293:4993,zscreen_original_graph_v1,zel028_hek293,4993,CPD_089716776901,0,5433,5433
zscreen_original_graph_v1:zel028_hek293:4993,zscreen_original_graph_v1,zel028_hek293,4993,CPD_349794269238,1,21474,21474
zscreen_original_graph_v1:zel028_hek293:4993,zscreen_original_graph_v1,zel028_hek293,4993,CPD_631711687881,2,38891,38891
zscreen_original_graph_v1:zel028_hek293:5025,zscreen_original_graph_v1,zel028_hek293,5025,CPD_090217810101,0,5466,5466
zscreen_original_graph_v1:zel028_hek293:5025,zscreen_original_graph_v1,zel028_hek293,5025,CPD_094840325353,1,5744,5744
zscreen_original_graph_v1:zel028_hek293:5025,zscreen_original_graph_v1,zel028_hek293,5025,CPD_140632860151,2,8596,8596
zscreen_original_graph_v1:zel028_hek293:5025,zscreen_original_graph_v1,zel028_hek293,5025,CPD_414508776125,3,25482,25482
zscreen_original_graph_v1:zel028_hek293:5025,zscreen_original_graph_v1,zel028_hek293,5025,CPD_499913213926,4,30772,30772
zscreen_original_graph_v1:zel028_hek293:5025,zscreen_original_graph_v1,zel028_hek293,5025,CPD_511180092997,5,31499,31499
zscreen_original_graph_v1:zel028_hek293:5025,zscreen_original_graph_v1,zel028_hek293,5025,CPD_625759459797,6,38535,38535
zscreen_original_graph_v1:zel028_hek293:5025,zscreen_original_graph_v1,zel028_hek293,5025,CPD_669098660687,7,41206,41206
zscreen_original_graph_v1:zel028_hek293:5025,zscreen_original_graph_v1,zel028_hek293,5025,CPD_680740570032,8,41906,41906
zscreen_original_graph_v1:zel028_hek293:5025,zscreen_original_graph_v1,zel028_hek293,5025,CPD_706299160991,9,43466,43466
zscreen_original_graph_v1:zel028_hek293:5025,zscreen_original_graph_v1,zel028_hek293,5025,CPD_789140708317,10,48568,48568
zscreen_original_graph_v1:zel028_hek293:5042,zscreen_original_graph_v1,zel028_hek293,5042,CPD_090566190406,0,5484,5484
zscreen_original_graph_v1:zel028_hek293:5042,zscreen_original_graph_v1,zel028_hek293,5042,CPD_700416273170,1,43116,43116
zscreen_original_graph_v1:zel028_hek293:5042,zscreen_original_graph_v1,zel028_hek293,5042,CPD_800759219488,2,49272,49272
zscreen_original_graph_v1:zel028_hek293:5042,zscreen_original_graph_v1,zel028_hek293,5042,CPD_852501648856,3,52466,52466
zscreen_original_graph_v1:zel028_hek293:5047,zscreen_original_graph_v1,zel028_hek293,5047,CPD_090694679056,0,5491,5491
zscreen_original_graph_v1:zel028_hek293:5047,zscreen_original_graph_v1,zel028_hek293,5047,CPD_155158566437,1,9472,9472
zscreen_original_graph_v1:zel028_hek293:5047,zscreen_original_graph_v1,zel028_hek293,5047,CPD_178739107226,2,10943,10943
zscreen_original_graph_v1:zel028_hek293:5047,zscreen_original_graph_v1,zel028_hek293,5047,CPD_233381118535,3,14286,14286
zscreen_original_graph_v1:zel028_hek293:5095,zscreen_original_graph_v1,zel028_hek293,5095,CPD_091518453605,0,5548,5548
zscreen_original_graph_v1:zel028_hek293:5095,zscreen_original_graph_v1,zel028_hek293,5095,CPD_345446309519,1,21205,21205
zscreen_original_graph_v1:zel028_hek293:5095,zscreen_original_graph_v1,zel028_hek293,5095,CPD_739576009927,2,45499,45499
zscreen_original_graph_v1:zel028_hek293:5287,zscreen_original_graph_v1,zel028_hek293,5287,CPD_095169832421,0,5762,5762
zscreen_original_graph_v1:zel028_hek293:5287,zscreen_original_graph_v1,zel028_hek293,5287,CPD_562076148539,1,34636,34636
zscreen_original_graph_v1:zel028_hek293:5287,zscreen_original_graph_v1,zel028_hek293,5287,CPD_633539498579,2,39001,39001
zscreen_original_graph_v1:zel028_hek293:5287,zscreen_original_graph_v1,zel028_hek293,5287,CPD_681686737357,3,41975,41975
zscreen_original_graph_v1:zel028_hek293:5287,zscreen_original_graph_v1,zel028_hek293,5287,CPD_967804787334,4,59430,59430
zscreen_original_graph_v1:zel028_hek293:5346,zscreen_original_graph_v1,zel028_hek293,5346,CPD_096342217327,0,5831,5831
zscreen_original_graph_v1:zel028_hek293:5346,zscreen_original_graph_v1,zel028_hek293,5346,CPD_143618044776,1,8790,8790
zscreen_original_graph_v1:zel028_hek293:5346,zscreen_original_graph_v1,zel028_hek293,5346,CPD_161726648387,2,9892,9892
zscreen_original_graph_v1:zel028_hek293:5346,zscreen_original_graph_v1,zel028_hek293,5346,CPD_670237659048,3,41257,41257
zscreen_original_graph_v1:zel028_hek293:5346,zscreen_original_graph_v1,zel028_hek293,5346,CPD_845672403350,4,52040,52040
zscreen_original_graph_v1:zel028_hek293:5346,zscreen_original_graph_v1,zel028_hek293,5346,CPD_933157825140,5,57332,57332
zscreen_original_graph_v1:zel028_hek293:5364,zscreen_original_graph_v1,zel028_hek293,5364,CPD_096618156310,0,5851,5851
zscreen_original_graph_v1:zel028_hek293:5364,zscreen_original_graph_v1,zel028_hek293,5364,CPD_457568988424,1,28159,28159
zscreen_original_graph_v1:zel028_hek293:5364,zscreen_original_graph_v1,zel028_hek293,5364,CPD_596171847595,2,36777,36777
zscreen_original_graph_v1:zel028_hek293:5368,zscreen_original_graph_v1,zel028_hek293,5368,CPD_096708004711,0,5855,5855
zscreen_original_graph_v1:zel028_hek293:5368,zscreen_original_graph_v1,zel028_hek293,5368,CPD_586417614697,1,36150,36150
zscreen_original_graph_v1:zel028_hek293:5368,zscreen_original_graph_v1,zel028_hek293,5368,CPD_888841284010,2,54716,54716
zscreen_original_graph_v1:zel028_hek293:5410,zscreen_original_graph_v1,zel028_hek293,5410,CPD_097456816668,0,5903,5903
zscreen_original_graph_v1:zel028_hek293:5410,zscreen_original_graph_v1,zel028_hek293,5410,CPD_481888329538,1,29700,29700
zscreen_original_graph_v1:zel028_hek293:5410,zscreen_original_graph_v1,zel028_hek293,5410,CPD_522865525909,2,32255,32255
zscreen_original_graph_v1:zel028_hek293:5410,zscreen_original_graph_v1,zel028_hek293,5410,CPD_704351078804,3,43347,43347
zscreen_original_graph_v1:zel028_hek293:5410,zscreen_original_graph_v1,zel028_hek293,5410,CPD_831680705066,4,51127,51127
zscreen_original_graph_v1:zel028_hek293:5458,zscreen_original_graph_v1,zel028_hek293,5458,CPD_098267151981,0,5956,5956
zscreen_original_graph_v1:zel028_hek293:5458,zscreen_original_graph_v1,zel028_hek293,5458,CPD_394679327883,1,24205,24205
zscreen_original_graph_v1:zel028_hek293:5458,zscreen_original_graph_v1,zel028_hek293,5458,CPD_809415257165,2,49784,49784
zscreen_original_graph_v1:zel028_hek293:5589,zscreen_original_graph_v1,zel028_hek293,5589,CPD_100641396255,0,6101,6101
zscreen_original_graph_v1:zel028_hek293:5589,zscreen_original_graph_v1,zel028_hek293,5589,CPD_576858198551,1,35522,35522
zscreen_original_graph_v1:zel028_hek293:5589,zscreen_original_graph_v1,zel028_hek293,5589,CPD_710727497551,2,43740,43740
zscreen_original_graph_v1:zel028_hek293:5609,zscreen_original_graph_v1,zel028_hek293,5609,CPD_101031565701,0,6126,6126
zscreen_original_graph_v1:zel028_hek293:5609,zscreen_original_graph_v1,zel028_hek293,5609,CPD_412244089817,1,25330,25330
zscreen_original_graph_v1:zel028_hek293:5609,zscreen_original_graph_v1,zel028_hek293,5609,CPD_594621195865,2,36670,36670
zscreen_original_graph_v1:zel028_hek293:5622,zscreen_original_graph_v1,zel028_hek293,5622,CPD_101256579144,0,6139,6139
zscreen_original_graph_v1:zel028_hek293:5622,zscreen_original_graph_v1,zel028_hek293,5622,CPD_772156041040,1,47523,47523
zscreen_original_graph_v1:zel028_hek293:5622,zscreen_original_graph_v1,zel028_hek293,5622,CPD_808844438397,2,49751,49751
zscreen_original_graph_v1:zel028_hek293:5663,zscreen_original_graph_v1,zel028_hek293,5663,CPD_102043140963,0,6186,6186
zscreen_original_graph_v1:zel028_hek293:5663,zscreen_original_graph_v1,zel028_hek293,5663,CPD_413441277282,1,25409,25409
zscreen_original_graph_v1:zel028_hek293:5663,zscreen_original_graph_v1,zel028_hek293,5663,CPD_660972288349,2,40695,40695
zscreen_original_graph_v1:zel028_hek293:5663,zscreen_original_graph_v1,zel028_hek293,5663,CPD_756759247445,3,46572,46572
zscreen_original_graph_v1:zel028_hek293:5665,zscreen_original_graph_v1,zel028_hek293,5665,CPD_102058277474,0,6188,6188
zscreen_original_graph_v1:zel028_hek293:5665,zscreen_original_graph_v1,zel028_hek293,5665,CPD_166544484172,1,10159,10159
zscreen_original_graph_v1:zel028_hek293:5665,zscreen_original_graph_v1,zel028_hek293,5665,CPD_576327610629,2,35487,35487
zscreen_original_graph_v1:zel028_hek293:5665,zscreen_original_graph_v1,zel028_hek293,5665,CPD_845865949381,3,52053,52053
zscreen_original_graph_v1:zel028_hek293:5714,zscreen_original_graph_v1,zel028_hek293,5714,CPD_102922417412,0,6245,6245
zscreen_original_graph_v1:zel028_hek293:5714,zscreen_original_graph_v1,zel028_hek293,5714,CPD_207050236000,1,12670,12670
zscreen_original_graph_v1:zel028_hek293:5714,zscreen_original_graph_v1,zel028_hek293,5714,CPD_346604189499,2,21278,21278
zscreen_original_graph_v1:zel028_hek293:5714,zscreen_original_graph_v1,zel028_hek293,5714,CPD_576880860495,3,35523,35523
zscreen_original_graph_v1:zel028_hek293:5754,zscreen_original_graph_v1,zel028_hek293,5754,CPD_103550634099,0,6288,6288
zscreen_original_graph_v1:zel028_hek293:5754,zscreen_original_graph_v1,zel028_hek293,5754,CPD_733651282384,1,45124,45124
zscreen_original_graph_v1:zel028_hek293:5754,zscreen_original_graph_v1,zel028_hek293,5754,CPD_861826721023,2,53007,53007
zscreen_original_graph_v1:zel028_hek293:5896,zscreen_original_graph_v1,zel028_hek293,5896,CPD_106060560371,0,6452,6452
zscreen_original_graph_v1:zel028_hek293:5896,zscreen_original_graph_v1,zel028_hek293,5896,CPD_118015161661,1,7169,7169
zscreen_original_graph_v1:zel028_hek293:5896,zscreen_original_graph_v1,zel028_hek293,5896,CPD_637186759886,2,39219,39219
zscreen_original_graph_v1:zel028_hek293:5920,zscreen_original_graph_v1,zel028_hek293,5920,CPD_106604230825,0,6479,6479
zscreen_original_graph_v1:zel028_hek293:5920,zscreen_original_graph_v1,zel028_hek293,5920,CPD_456958640334,1,28124,28124
zscreen_original_graph_v1:zel028_hek293:5920,zscreen_original_graph_v1,zel028_hek293,5920,CPD_767739242422,2,47243,47243
zscreen_original_graph_v1:zel028_hek293:5987,zscreen_original_graph_v1,zel028_hek293,5987,CPD_107718482438,0,6552,6552
zscreen_original_graph_v1:zel028_hek293:5987,zscreen_original_graph_v1,zel028_hek293,5987,CPD_109916840112,1,6686,6686
zscreen_original_graph_v1:zel028_hek293:5987,zscreen_original_graph_v1,zel028_hek293,5987,CPD_437985978891,2,26951,26951
zscreen_original_graph_v1:zel028_hek293:5987,zscreen_original_graph_v1,zel028_hek293,5987,CPD_496663309807,3,30589,30589
zscreen_original_graph_v1:zel028_hek293:5987,zscreen_original_graph_v1,zel028_hek293,5987,CPD_539556729951,4,33278,33278
zscreen_original_graph_v1:zel028_hek293:5987,zscreen_original_graph_v1,zel028_hek293,5987,CPD_644763524658,5,39676,39676
zscreen_original_graph_v1:zel028_hek293:5987,zscreen_original_graph_v1,zel028_hek293,5987,CPD_703168253061,6,43288,43288
zscreen_original_graph_v1:zel028_hek293:5987,zscreen_original_graph_v1,zel028_hek293,5987,CPD_760811918631,7,46816,46816
zscreen_original_graph_v1:zel028_hek293:5987,zscreen_original_graph_v1,zel028_hek293,5987,CPD_899549991855,8,55366,55366
zscreen_original_graph_v1:zel028_hek293:5987,zscreen_original_graph_v1,zel028_hek293,5987,CPD_981670227468,9,60259,60259
zscreen_original_graph_v1:zel028_hek293:5987,zscreen_original_graph_v1,zel028_hek293,5987,CPD_991080438282,10,60829,60829
zscreen_original_graph_v1:zel028_hek293:5994,zscreen_original_graph_v1,zel028_hek293,5994,CPD_107839767114,0,6560,6560
zscreen_original_graph_v1:zel028_hek293:5994,zscreen_original_graph_v1,zel028_hek293,5994,CPD_205483416467,1,12582,12582
zscreen_original_graph_v1:zel028_hek293:5994,zscreen_original_graph_v1,zel028_hek293,5994,CPD_830441713494,2,51052,51052
zscreen_original_graph_v1:zel028_hek293:6056,zscreen_original_graph_v1,zel028_hek293,6056,CPD_109015066766,0,6625,6625
zscreen_original_graph_v1:zel028_hek293:6056,zscreen_original_graph_v1,zel028_hek293,6056,CPD_244447716771,1,14976,14976
zscreen_original_graph_v1:zel028_hek293:6056,zscreen_original_graph_v1,zel028_hek293,6056,CPD_565923603524,2,34862,34862
zscreen_original_graph_v1:zel028_hek293:6109,zscreen_original_graph_v1,zel028_hek293,6109,CPD_109833675688,0,6681,6681
zscreen_original_graph_v1:zel028_hek293:6109,zscreen_original_graph_v1,zel028_hek293,6109,CPD_123115792708,1,7506,7506
zscreen_original_graph_v1:zel028_hek293:6109,zscreen_original_graph_v1,zel028_hek293,6109,CPD_222626334678,2,13644,13644
zscreen_original_graph_v1:zel028_hek293:6109,zscreen_original_graph_v1,zel028_hek293,6109,CPD_652095322196,3,40160,40160
zscreen_original_graph_v1:zel028_hek293:6354,zscreen_original_graph_v1,zel028_hek293,6354,CPD_114393283911,0,6951,6951
zscreen_original_graph_v1:zel028_hek293:6354,zscreen_original_graph_v1,zel028_hek293,6354,CPD_149298850828,1,9138,9138
zscreen_original_graph_v1:zel028_hek293:6354,zscreen_original_graph_v1,zel028_hek293,6354,CPD_236032585627,2,14442,14442
zscreen_original_graph_v1:zel028_hek293:6416,zscreen_original_graph_v1,zel028_hek293,6416,CPD_115604930119,0,7017,7017
zscreen_original_graph_v1:zel028_hek293:6416,zscreen_original_graph_v1,zel028_hek293,6416,CPD_247433036116,1,15159,15159
zscreen_original_graph_v1:zel028_hek293:6416,zscreen_original_graph_v1,zel028_hek293,6416,CPD_764575688303,2,47052,47052
zscreen_original_graph_v1:zel028_hek293:6416,zscreen_original_graph_v1,zel028_hek293,6416,CPD_813763941032,3,50043,50043
zscreen_original_graph_v1:zel028_hek293:6537,zscreen_original_graph_v1,zel028_hek293,6537,CPD_117835460634,0,7157,7157
zscreen_original_graph_v1:zel028_hek293:6537,zscreen_original_graph_v1,zel028_hek293,6537,CPD_541725060574,1,33428,33428
zscreen_original_graph_v1:zel028_hek293:6537,zscreen_original_graph_v1,zel028_hek293,6537,CPD_756713732900,2,46569,46569
zscreen_original_graph_v1:zel028_hek293:6558,zscreen_original_graph_v1,zel028_hek293,6558,CPD_118213416416,0,7180,7180
zscreen_original_graph_v1:zel028_hek293:6558,zscreen_original_graph_v1,zel028_hek293,6558,CPD_203764963401,1,12495,12495
zscreen_original_graph_v1:zel028_hek293:6558,zscreen_original_graph_v1,zel028_hek293,6558,CPD_318813268593,2,19623,19623
zscreen_original_graph_v1:zel028_hek293:6558,zscreen_original_graph_v1,zel028_hek293,6558,CPD_871502424866,3,53629,53629
zscreen_original_graph_v1:zel028_hek293:6567,zscreen_original_graph_v1,zel028_hek293,6567,CPD_118459230190,0,7191,7191
zscreen_original_graph_v1:zel028_hek293:6567,zscreen_original_graph_v1,zel028_hek293,6567,CPD_408371530191,1,25092,25092
zscreen_original_graph_v1:zel028_hek293:6567,zscreen_original_graph_v1,zel028_hek293,6567,CPD_688758673012,2,42421,42421
zscreen_original_graph_v1:zel028_hek293:6633,zscreen_original_graph_v1,zel028_hek293,6633,CPD_119568101660,0,7264,7264
zscreen_original_graph_v1:zel028_hek293:6633,zscreen_original_graph_v1,zel028_hek293,6633,CPD_246625696568,1,15101,15101
zscreen_original_graph_v1:zel028_hek293:6633,zscreen_original_graph_v1,zel028_hek293,6633,CPD_612483053155,2,37753,37753
zscreen_original_graph_v1:zel028_hek293:6633,zscreen_original_graph_v1,zel028_hek293,6633,CPD_754276323494,3,46426,46426
zscreen_original_graph_v1:zel028_hek293:6698,zscreen_original_graph_v1,zel028_hek293,6698,CPD_120722410760,0,7334,7334
zscreen_original_graph_v1:zel028_hek293:6698,zscreen_original_graph_v1,zel028_hek293,6698,CPD_437304146258,1,26902,26902
zscreen_original_graph_v1:zel028_hek293:6698,zscreen_original_graph_v1,zel028_hek293,6698,CPD_953315756510,2,58540,58540
zscreen_original_graph_v1:zel028_hek293:6752,zscreen_original_graph_v1,zel028_hek293,6752,CPD_121514825065,0,7397,7397
zscreen_original_graph_v1:zel028_hek293:6752,zscreen_original_graph_v1,zel028_hek293,6752,CPD_177442860594,1,10878,10878
zscreen_original_graph_v1:zel028_hek293:6752,zscreen_original_graph_v1,zel028_hek293,6752,CPD_391895289900,2,24020,24020
zscreen_original_graph_v1:zel028_hek293:6808,zscreen_original_graph_v1,zel028_hek293,6808,CPD_122442833468,0,7459,7459
zscreen_original_graph_v1:zel028_hek293:6808,zscreen_original_graph_v1,zel028_hek293,6808,CPD_459344491281,1,28272,28272
zscreen_original_graph_v1:zel028_hek293:6808,zscreen_original_graph_v1,zel028_hek293,6808,CPD_517691408459,2,31933,31933
zscreen_original_graph_v1:zel028_hek293:6808,zscreen_original_graph_v1,zel028_hek293,6808,CPD_552358469697,3,34034,34034
zscreen_original_graph_v1:zel028_hek293:6808,zscreen_original_graph_v1,zel028_hek293,6808,CPD_758423614942,4,46675,46675
zscreen_original_graph_v1:zel028_hek293:6989,zscreen_original_graph_v1,zel028_hek293,6989,CPD_126186953063,0,7672,7672
zscreen_original_graph_v1:zel028_hek293:6989,zscreen_original_graph_v1,zel028_hek293,6989,CPD_158053050020,1,9679,9679
zscreen_original_graph_v1:zel028_hek293:6989,zscreen_original_graph_v1,zel028_hek293,6989,CPD_213020205708,2,13049,13049
zscreen_original_graph_v1:zel028_hek293:6989,zscreen_original_graph_v1,zel028_hek293,6989,CPD_254926741129,3,15612,15612
zscreen_original_graph_v1:zel028_hek293:6989,zscreen_original_graph_v1,zel028_hek293,6989,CPD_741696633416,4,45645,45645
zscreen_original_graph_v1:zel028_hek293:7138,zscreen_original_graph_v1,zel028_hek293,7138,CPD_128611683132,0,7832,7832
zscreen_original_graph_v1:zel028_hek293:7138,zscreen_original_graph_v1,zel028_hek293,7138,CPD_277324758162,1,16996,16996
zscreen_original_graph_v1:zel028_hek293:7138,zscreen_original_graph_v1,zel028_hek293,7138,CPD_699102960623,2,43025,43025
zscreen_original_graph_v1:zel028_hek293:7138,zscreen_original_graph_v1,zel028_hek293,7138,CPD_859724159246,3,52877,52877
zscreen_original_graph_v1:zel028_hek293:7343,zscreen_original_graph_v1,zel028_hek293,7343,CPD_132021016204,0,8049,8049
zscreen_original_graph_v1:zel028_hek293:7343,zscreen_original_graph_v1,zel028_hek293,7343,CPD_204710415732,1,12540,12540
zscreen_original_graph_v1:zel028_hek293:7343,zscreen_original_graph_v1,zel028_hek293,7343,CPD_560260241977,2,34521,34521
zscreen_original_graph_v1:zel028_hek293:7343,zscreen_original_graph_v1,zel028_hek293,7343,CPD_990554145519,3,60794,60794
zscreen_original_graph_v1:zel028_hek293:7373,zscreen_original_graph_v1,zel028_hek293,7373,CPD_132737802606,0,8081,8081
zscreen_original_graph_v1:zel028_hek293:7373,zscreen_original_graph_v1,zel028_hek293,7373,CPD_546316984422,1,33691,33691
zscreen_original_graph_v1:zel028_hek293:7373,zscreen_original_graph_v1,zel028_hek293,7373,CPD_561444619229,2,34592,34592
zscreen_original_graph_v1:zel028_hek293:7380,zscreen_original_graph_v1,zel028_hek293,7380,CPD_132870710303,0,8089,8089
zscreen_original_graph_v1:zel028_hek293:7380,zscreen_original_graph_v1,zel028_hek293,7380,CPD_271526909204,1,16621,16621
zscreen_original_graph_v1:zel028_hek293:7380,zscreen_original_graph_v1,zel028_hek293,7380,CPD_723507144013,2,44547,44547
zscreen_original_graph_v1:zel028_hek293:7380,zscreen_original_graph_v1,zel028_hek293,7380,CPD_835076772837,3,51382,51382
zscreen_original_graph_v1:zel028_hek293:7416,zscreen_original_graph_v1,zel028_hek293,7416,CPD_133567380253,0,8128,8128
zscreen_original_graph_v1:zel028_hek293:7416,zscreen_original_graph_v1,zel028_hek293,7416,CPD_283887074038,1,17388,17388
zscreen_original_graph_v1:zel028_hek293:7416,zscreen_original_graph_v1,zel028_hek293,7416,CPD_509360279300,2,31384,31384
zscreen_original_graph_v1:zel028_hek293:7416,zscreen_original_graph_v1,zel028_hek293,7416,CPD_717320889613,3,44151,44151
zscreen_original_graph_v1:zel028_hek293:7472,zscreen_original_graph_v1,zel028_hek293,7472,CPD_134573339018,0,8190,8190
zscreen_original_graph_v1:zel028_hek293:7472,zscreen_original_graph_v1,zel028_hek293,7472,CPD_284008880070,1,17400,17400
zscreen_original_graph_v1:zel028_hek293:7472,zscreen_original_graph_v1,zel028_hek293,7472,CPD_373786889162,2,22932,22932
zscreen_original_graph_v1:zel028_hek293:7472,zscreen_original_graph_v1,zel028_hek293,7472,CPD_497664397014,3,30642,30642
zscreen_original_graph_v1:zel028_hek293:7472,zscreen_original_graph_v1,zel028_hek293,7472,CPD_523455059532,4,32301,32301
zscreen_original_graph_v1:zel028_hek293:7629,zscreen_original_graph_v1,zel028_hek293,7629,CPD_137025601415,0,8365,8365
zscreen_original_graph_v1:zel028_hek293:7629,zscreen_original_graph_v1,zel028_hek293,7629,CPD_687519116633,1,42339,42339
zscreen_original_graph_v1:zel028_hek293:7629,zscreen_original_graph_v1,zel028_hek293,7629,CPD_702575891514,2,43258,43258
zscreen_original_graph_v1:zel028_hek293:7709,zscreen_original_graph_v1,zel028_hek293,7709,CPD_138384666806,0,8451,8451
zscreen_original_graph_v1:zel028_hek293:7709,zscreen_original_graph_v1,zel028_hek293,7709,CPD_332982083553,1,20444,20444
zscreen_original_graph_v1:zel028_hek293:7709,zscreen_original_graph_v1,zel028_hek293,7709,CPD_662922229404,2,40824,40824
zscreen_original_graph_v1:zel028_hek293:7826,zscreen_original_graph_v1,zel028_hek293,7826,CPD_140282123020,0,8583,8583
zscreen_original_graph_v1:zel028_hek293:7826,zscreen_original_graph_v1,zel028_hek293,7826,CPD_388489834497,1,23818,23818
zscreen_original_graph_v1:zel028_hek293:7826,zscreen_original_graph_v1,zel028_hek293,7826,CPD_468579326220,2,28880,28880
zscreen_original_graph_v1:zel028_hek293:7826,zscreen_original_graph_v1,zel028_hek293,7826,CPD_531126966331,3,32789,32789
zscreen_original_graph_v1:zel028_hek293:7827,zscreen_original_graph_v1,zel028_hek293,7827,CPD_140315846617,0,8584,8584
zscreen_original_graph_v1:zel028_hek293:7827,zscreen_original_graph_v1,zel028_hek293,7827,CPD_298398148938,1,18311,18311
zscreen_original_graph_v1:zel028_hek293:7827,zscreen_original_graph_v1,zel028_hek293,7827,CPD_515117016156,2,31773,31773
zscreen_original_graph_v1:zel028_hek293:7835,zscreen_original_graph_v1,zel028_hek293,7835,CPD_140611283838,0,8594,8594
zscreen_original_graph_v1:zel028_hek293:7835,zscreen_original_graph_v1,zel028_hek293,7835,CPD_264466235971,1,16190,16190
zscreen_original_graph_v1:zel028_hek293:7835,zscreen_original_graph_v1,zel028_hek293,7835,CPD_336706462148,2,20673,20673
zscreen_original_graph_v1:zel028_hek293:7835,zscreen_original_graph_v1,zel028_hek293,7835,CPD_674777045393,3,41533,41533
zscreen_original_graph_v1:zel028_hek293:7862,zscreen_original_graph_v1,zel028_hek293,7862,CPD_141130603973,0,8628,8628
zscreen_original_graph_v1:zel028_hek293:7862,zscreen_original_graph_v1,zel028_hek293,7862,CPD_418281937449,1,25726,25726
zscreen_original_graph_v1:zel028_hek293:7862,zscreen_original_graph_v1,zel028_hek293,7862,CPD_780259978935,2,48040,48040
zscreen_original_graph_v1:zel028_hek293:7926,zscreen_original_graph_v1,zel028_hek293,7926,CPD_142134171781,0,8695,8695
zscreen_original_graph_v1:zel028_hek293:7926,zscreen_original_graph_v1,zel028_hek293,7926,CPD_659810969341,1,40617,40617
zscreen_original_graph_v1:zel028_hek293:7926,zscreen_original_graph_v1,zel028_hek293,7926,CPD_758500901887,2,46678,46678
zscreen_original_graph_v1:zel028_hek293:7926,zscreen_original_graph_v1,zel028_hek293,7926,CPD_822387625224,3,50584,50584
zscreen_original_graph_v1:zel028_hek293:7926,zscreen_original_graph_v1,zel028_hek293,7926,CPD_928462637623,4,57033,57033
zscreen_original_graph_v1:zel028_hek293:7926,zscreen_original_graph_v1,zel028_hek293,7926,CPD_987793592699,5,60639,60639
zscreen_original_graph_v1:zel028_hek293:7972,zscreen_original_graph_v1,zel028_hek293,7972,CPD_142966304582,0,8748,8748
zscreen_original_graph_v1:zel028_hek293:7972,zscreen_original_graph_v1,zel028_hek293,7972,CPD_270503403012,1,16554,16554
zscreen_original_graph_v1:zel028_hek293:7972,zscreen_original_graph_v1,zel028_hek293,7972,CPD_375399359400,2,23034,23034
zscreen_original_graph_v1:zel028_hek293:7972,zscreen_original_graph_v1,zel028_hek293,7972,CPD_674984399937,3,41545,41545
zscreen_original_graph_v1:zel028_hek293:8113,zscreen_original_graph_v1,zel028_hek293,8113,CPD_145369679175,0,8901,8901
zscreen_original_graph_v1:zel028_hek293:8113,zscreen_original_graph_v1,zel028_hek293,8113,CPD_797156346942,1,49034,49034
zscreen_original_graph_v1:zel028_hek293:8113,zscreen_original_graph_v1,zel028_hek293,8113,CPD_872009299142,2,53671,53671
zscreen_original_graph_v1:zel028_hek293:8146,zscreen_original_graph_v1,zel028_hek293,8146,CPD_145909669891,0,8938,8938
zscreen_original_graph_v1:zel028_hek293:8146,zscreen_original_graph_v1,zel028_hek293,8146,CPD_191354210630,1,11722,11722
zscreen_original_graph_v1:zel028_hek293:8146,zscreen_original_graph_v1,zel028_hek293,8146,CPD_316380109770,2,19444,19444
zscreen_original_graph_v1:zel028_hek293:8146,zscreen_original_graph_v1,zel028_hek293,8146,CPD_496599993625,3,30585,30585
zscreen_original_graph_v1:zel028_hek293:8146,zscreen_original_graph_v1,zel028_hek293,8146,CPD_722852643733,4,44514,44514
zscreen_original_graph_v1:zel028_hek293:8146,zscreen_original_graph_v1,zel028_hek293,8146,CPD_888656604920,5,54703,54703
zscreen_original_graph_v1:zel028_hek293:8146,zscreen_original_graph_v1,zel028_hek293,8146,CPD_941389551137,6,57818,57818
zscreen_original_graph_v1:zel028_hek293:8146,zscreen_original_graph_v1,zel028_hek293,8146,CPD_942446055191,7,57876,57876
zscreen_original_graph_v1:zel028_hek293:8167,zscreen_original_graph_v1,zel028_hek293,8167,CPD_146388469521,0,8960,8960
zscreen_original_graph_v1:zel028_hek293:8167,zscreen_original_graph_v1,zel028_hek293,8167,CPD_657035780392,1,40454,40454
zscreen_original_graph_v1:zel028_hek293:8167,zscreen_original_graph_v1,zel028_hek293,8167,CPD_673102579316,2,41429,41429
zscreen_original_graph_v1:zel028_hek293:8188,zscreen_original_graph_v1,zel028_hek293,8188,CPD_146658018877,0,8983,8983
zscreen_original_graph_v1:zel028_hek293:8188,zscreen_original_graph_v1,zel028_hek293,8188,CPD_187530730093,1,11481,11481
zscreen_original_graph_v1:zel028_hek293:8188,zscreen_original_graph_v1,zel028_hek293,8188,CPD_238280363714,2,14591,14591
zscreen_original_graph_v1:zel028_hek293:8188,zscreen_original_graph_v1,zel028_hek293,8188,CPD_428257332542,3,26321,26321
zscreen_original_graph_v1:zel028_hek293:8188,zscreen_original_graph_v1,zel028_hek293,8188,CPD_665221325029,4,40970,40970
zscreen_original_graph_v1:zel028_hek293:8188,zscreen_original_graph_v1,zel028_hek293,8188,CPD_694327147481,5,42732,42732
zscreen_original_graph_v1:zel028_hek293:8188,zscreen_original_graph_v1,zel028_hek293,8188,CPD_716215295592,6,44070,44070
zscreen_original_graph_v1:zel028_hek293:8188,zscreen_original_graph_v1,zel028_hek293,8188,CPD_817306205068,7,50254,50254
zscreen_original_graph_v1:zel028_hek293:8188,zscreen_original_graph_v1,zel028_hek293,8188,CPD_891996693087,8,54918,54918
zscreen_original_graph_v1:zel028_hek293:8188,zscreen_original_graph_v1,zel028_hek293,8188,CPD_923404490224,9,56719,56719
zscreen_original_graph_v1:zel028_hek293:8391,zscreen_original_graph_v1,zel028_hek293,8391,CPD_150537298421,0,9202,9202
zscreen_original_graph_v1:zel028_hek293:8391,zscreen_original_graph_v1,zel028_hek293,8391,CPD_495168657594,1,30494,30494
zscreen_original_graph_v1:zel028_hek293:8391,zscreen_original_graph_v1,zel028_hek293,8391,CPD_527327362415,2,32528,32528
zscreen_original_graph_v1:zel028_hek293:8391,zscreen_original_graph_v1,zel028_hek293,8391,CPD_805648915596,3,49578,49578
zscreen_original_graph_v1:zel028_hek293:8400,zscreen_original_graph_v1,zel028_hek293,8400,CPD_150627422260,0,9211,9211
zscreen_original_graph_v1:zel028_hek293:8400,zscreen_original_graph_v1,zel028_hek293,8400,CPD_445127190115,1,27387,27387
zscreen_original_graph_v1:zel028_hek293:8400,zscreen_original_graph_v1,zel028_hek293,8400,CPD_474342860712,2,29207,29207
zscreen_original_graph_v1:zel028_hek293:8400,zscreen_original_graph_v1,zel028_hek293,8400,CPD_829004977439,3,50978,50978
zscreen_original_graph_v1:zel028_hek293:8486,zscreen_original_graph_v1,zel028_hek293,8486,CPD_152539761358,0,9315,9315
zscreen_original_graph_v1:zel028_hek293:8486,zscreen_original_graph_v1,zel028_hek293,8486,CPD_285710503327,1,17496,17496
zscreen_original_graph_v1:zel028_hek293:8486,zscreen_original_graph_v1,zel028_hek293,8486,CPD_445563233468,2,27405,27405
zscreen_original_graph_v1:zel028_hek293:8486,zscreen_original_graph_v1,zel028_hek293,8486,CPD_497795597294,3,30648,30648
zscreen_original_graph_v1:zel028_hek293:8486,zscreen_original_graph_v1,zel028_hek293,8486,CPD_622311796822,4,38312,38312
zscreen_original_graph_v1:zel028_hek293:8520,zscreen_original_graph_v1,zel028_hek293,8520,CPD_153227566996,0,9354,9354
zscreen_original_graph_v1:zel028_hek293:8520,zscreen_original_graph_v1,zel028_hek293,8520,CPD_201473966249,1,12348,12348
zscreen_original_graph_v1:zel028_hek293:8520,zscreen_original_graph_v1,zel028_hek293,8520,CPD_373818450582,2,22934,22934
zscreen_original_graph_v1:zel028_hek293:8616,zscreen_original_graph_v1,zel028_hek293,8616,CPD_155005415913,0,9460,9460
zscreen_original_graph_v1:zel028_hek293:8616,zscreen_original_graph_v1,zel028_hek293,8616,CPD_381934504394,1,23391,23391
zscreen_original_graph_v1:zel028_hek293:8616,zscreen_original_graph_v1,zel028_hek293,8616,CPD_458692773547,2,28237,28237
zscreen_original_graph_v1:zel028_hek293:8616,zscreen_original_graph_v1,zel028_hek293,8616,CPD_886808944709,3,54590,54590
zscreen_original_graph_v1:zel028_hek293:8765,zscreen_original_graph_v1,zel028_hek293,8765,CPD_157133603961,0,9625,9625
zscreen_original_graph_v1:zel028_hek293:8765,zscreen_original_graph_v1,zel028_hek293,8765,CPD_272509662910,1,16689,16689
zscreen_original_graph_v1:zel028_hek293:8765,zscreen_original_graph_v1,zel028_hek293,8765,CPD_472074825821,2,29073,29073
zscreen_original_graph_v1:zel028_hek293:8765,zscreen_original_graph_v1,zel028_hek293,8765,CPD_511419434146,3,31520,31520
zscreen_original_graph_v1:zel028_hek293:8776,zscreen_original_graph_v1,zel028_hek293,8776,CPD_157317189376,0,9636,9636
zscreen_original_graph_v1:zel028_hek293:8776,zscreen_original_graph_v1,zel028_hek293,8776,CPD_272619209762,1,16693,16693
zscreen_original_graph_v1:zel028_hek293:8776,zscreen_original_graph_v1,zel028_hek293,8776,CPD_466899747379,2,28768,28768
zscreen_original_graph_v1:zel028_hek293:8776,zscreen_original_graph_v1,zel028_hek293,8776,CPD_513192010681,3,31647,31647
zscreen_original_graph_v1:zel028_hek293:8776,zscreen_original_graph_v1,zel028_hek293,8776,CPD_699847423426,4,43077,43077
zscreen_original_graph_v1:zel028_hek293:8776,zscreen_original_graph_v1,zel028_hek293,8776,CPD_927805228576,5,56987,56987
zscreen_original_graph_v1:zel028_hek293:8877,zscreen_original_graph_v1,zel028_hek293,8877,CPD_159320281554,0,9745,9745
zscreen_original_graph_v1:zel028_hek293:8877,zscreen_original_graph_v1,zel028_hek293,8877,CPD_174686676496,1,10710,10710
zscreen_original_graph_v1:zel028_hek293:8877,zscreen_original_graph_v1,zel028_hek293,8877,CPD_747133982633,2,45981,45981
zscreen_original_graph_v1:zel028_hek293:8885,zscreen_original_graph_v1,zel028_hek293,8885,CPD_159454603699,0,9755,9755
zscreen_original_graph_v1:zel028_hek293:8885,zscreen_original_graph_v1,zel028_hek293,8885,CPD_171682772827,1,10496,10496
zscreen_original_graph_v1:zel028_hek293:8885,zscreen_original_graph_v1,zel028_hek293,8885,CPD_382732892496,2,23451,23451
zscreen_original_graph_v1:zel028_hek293:8885,zscreen_original_graph_v1,zel028_hek293,8885,CPD_482531795352,3,29737,29737
zscreen_original_graph_v1:zel028_hek293:8885,zscreen_original_graph_v1,zel028_hek293,8885,CPD_535454866526,4,33054,33054
zscreen_original_graph_v1:zel028_hek293:8885,zscreen_original_graph_v1,zel028_hek293,8885,CPD_560074464555,5,34505,34505
zscreen_original_graph_v1:zel028_hek293:8885,zscreen_original_graph_v1,zel028_hek293,8885,CPD_612107734588,6,37726,37726
zscreen_original_graph_v1:zel028_hek293:8885,zscreen_original_graph_v1,zel028_hek293,8885,CPD_644340365868,7,39646,39646
zscreen_original_graph_v1:zel028_hek293:8885,zscreen_original_graph_v1,zel028_hek293,8885,CPD_686782033937,8,42294,42294
zscreen_original_graph_v1:zel028_hek293:8885,zscreen_original_graph_v1,zel028_hek293,8885,CPD_720550537458,9,44370,44370
zscreen_original_graph_v1:zel028_hek293:8885,zscreen_original_graph_v1,zel028_hek293,8885,CPD_741728413555,10,45646,45646
zscreen_original_graph_v1:zel028_hek293:8885,zscreen_original_graph_v1,zel028_hek293,8885,CPD_798952903461,11,49154,49154
zscreen_original_graph_v1:zel028_hek293:8885,zscreen_original_graph_v1,zel028_hek293,8885,CPD_976592221742,12,59955,59955
zscreen_original_graph_v1:zel028_hek293:8933,zscreen_original_graph_v1,zel028_hek293,8933,CPD_160366546870,0,9811,9811
zscreen_original_graph_v1:zel028_hek293:8933,zscreen_original_graph_v1,zel028_hek293,8933,CPD_240295085946,1,14711,14711
zscreen_original_graph_v1:zel028_hek293:8933,zscreen_original_graph_v1,zel028_hek293,8933,CPD_815727808059,2,50157,50157
zscreen_original_graph_v1:zel028_hek293:9003,zscreen_original_graph_v1,zel028_hek293,9003,CPD_161706673397,0,9890,9890
zscreen_original_graph_v1:zel028_hek293:9003,zscreen_original_graph_v1,zel028_hek293,9003,CPD_226790055064,1,13924,13924
zscreen_original_graph_v1:zel028_hek293:9003,zscreen_original_graph_v1,zel028_hek293,9003,CPD_371029967230,2,22776,22776
zscreen_original_graph_v1:zel028_hek293:9003,zscreen_original_graph_v1,zel028_hek293,9003,CPD_690022338553,3,42496,42496
zscreen_original_graph_v1:zel028_hek293:9003,zscreen_original_graph_v1,zel028_hek293,9003,CPD_778564067680,4,47922,47922
zscreen_original_graph_v1:zel028_hek293:9003,zscreen_original_graph_v1,zel028_hek293,9003,CPD_874840917289,5,53848,53848
zscreen_original_graph_v1:zel028_hek293:9318,zscreen_original_graph_v1,zel028_hek293,9318,CPD_167903653291,0,10238,10238
zscreen_original_graph_v1:zel028_hek293:9318,zscreen_original_graph_v1,zel028_hek293,9318,CPD_168220993323,1,10263,10263
zscreen_original_graph_v1:zel028_hek293:9318,zscreen_original_graph_v1,zel028_hek293,9318,CPD_308067482296,2,18888,18888
zscreen_original_graph_v1:zel028_hek293:9318,zscreen_original_graph_v1,zel028_hek293,9318,CPD_581542465095,3,35816,35816
zscreen_original_graph_v1:zel028_hek293:9318,zscreen_original_graph_v1,zel028_hek293,9318,CPD_968737465538,4,59485,59485
zscreen_original_graph_v1:zel028_hek293:9421,zscreen_original_graph_v1,zel028_hek293,9421,CPD_169706216016,0,10348,10348
zscreen_original_graph_v1:zel028_hek293:9421,zscreen_original_graph_v1,zel028_hek293,9421,CPD_325606750020,1,19999,19999
zscreen_original_graph_v1:zel028_hek293:9421,zscreen_original_graph_v1,zel028_hek293,9421,CPD_643860070797,2,39619,39619
zscreen_original_graph_v1:zel028_hek293:9421,zscreen_original_graph_v1,zel028_hek293,9421,CPD_761916922326,3,46891,46891
zscreen_original_graph_v1:zel028_hek293:9504,zscreen_original_graph_v1,zel028_hek293,9504,CPD_171125069952,0,10445,10445
zscreen_original_graph_v1:zel028_hek293:9504,zscreen_original_graph_v1,zel028_hek293,9504,CPD_243497770789,1,14930,14930
zscreen_original_graph_v1:zel028_hek293:9504,zscreen_original_graph_v1,zel028_hek293,9504,CPD_736332652870,2,45287,45287
zscreen_original_graph_v1:zel028_hek293:9504,zscreen_original_graph_v1,zel028_hek293,9504,CPD_894581342130,3,55066,55066
zscreen_original_graph_v1:zel028_hek293:9608,zscreen_original_graph_v1,zel028_hek293,9608,CPD_172511414328,0,10557,10557
zscreen_original_graph_v1:zel028_hek293:9608,zscreen_original_graph_v1,zel028_hek293,9608,CPD_195694639667,1,11998,11998
zscreen_original_graph_v1:zel028_hek293:9608,zscreen_original_graph_v1,zel028_hek293,9608,CPD_449853502713,2,27692,27692
zscreen_original_graph_v1:zel028_hek293:9608,zscreen_original_graph_v1,zel028_hek293,9608,CPD_569113181962,3,35055,35055
zscreen_original_graph_v1:zel028_hek293:9608,zscreen_original_graph_v1,zel028_hek293,9608,CPD_783914147776,4,48234,48234
zscreen_original_graph_v1:zel028_hek293:9608,zscreen_original_graph_v1,zel028_hek293,9608,CPD_806480883517,5,49616,49616
zscreen_original_graph_v1:zel028_hek293:9608,zscreen_original_graph_v1,zel028_hek293,9608,CPD_817085286832,6,50240,50240
zscreen_original_graph_v1:zel028_hek293:9608,zscreen_original_graph_v1,zel028_hek293,9608,CPD_902670635690,7,55554,55554
zscreen_original_graph_v1:zel028_hek293:9739,zscreen_original_graph_v1,zel028_hek293,9739,CPD_174654540561,0,10706,10706
zscreen_original_graph_v1:zel028_hek293:9739,zscreen_original_graph_v1,zel028_hek293,9739,CPD_627948959232,1,38668,38668
zscreen_original_graph_v1:zel028_hek293:9739,zscreen_original_graph_v1,zel028_hek293,9739,CPD_802033463355,2,49360,49360
zscreen_original_graph_v1:zel028_hek293:9739,zscreen_original_graph_v1,zel028_hek293,9739,CPD_819438035593,3,50401,50401
zscreen_original_graph_v1:zel028_hek293:9751,zscreen_original_graph_v1,zel028_hek293,9751,CPD_174847582796,0,10720,10720
zscreen_original_graph_v1:zel028_hek293:9751,zscreen_original_graph_v1,zel028_hek293,9751,CPD_389686698390,1,23886,23886
zscreen_original_graph_v1:zel028_hek293:9751,zscreen_original_graph_v1,zel028_hek293,9751,CPD_517804660390,2,31942,31942
zscreen_original_graph_v1:zel028_hek293:9751,zscreen_original_graph_v1,zel028_hek293,9751,CPD_518540368213,3,31986,31986
zscreen_original_graph_v1:zel028_hek293:9751,zscreen_original_graph_v1,zel028_hek293,9751,CPD_619276228243,4,38135,38135
zscreen_original_graph_v1:zel028_hek293:9751,zscreen_original_graph_v1,zel028_hek293,9751,CPD_634487331805,5,39059,39059
zscreen_original_graph_v1:zel028_hek293:9751,zscreen_original_graph_v1,zel028_hek293,9751,CPD_730984934294,6,44977,44977
zscreen_original_graph_v1:zel028_hek293:9751,zscreen_original_graph_v1,zel028_hek293,9751,CPD_830900553383,7,51082,51082
zscreen_original_graph_v1:zel028_hek293:9751,zscreen_original_graph_v1,zel028_hek293,9751,CPD_844522200224,8,51964,51964
zscreen_original_graph_v1:zel028_hek293:9896,zscreen_original_graph_v1,zel028_hek293,9896,CPD_177378821563,0,10873,10873
zscreen_original_graph_v1:zel028_hek293:9896,zscreen_original_graph_v1,zel028_hek293,9896,CPD_178204675900,1,10911,10911
zscreen_original_graph_v1:zel028_hek293:9896,zscreen_original_graph_v1,zel028_hek293,9896,CPD_185181536035,2,11330,11330
zscreen_original_graph_v1:zel028_hek293:9896,zscreen_original_graph_v1,zel028_hek293,9896,CPD_208557172025,3,12769,12769
zscreen_original_graph_v1:zel028_hek293:9896,zscreen_original_graph_v1,zel028_hek293,9896,CPD_552592232709,4,34042,34042
zscreen_original_graph_v1:zel028_hek293:9896,zscreen_original_graph_v1,zel028_hek293,9896,CPD_644774606473,5,39678,39678
zscreen_original_graph_v1:zel028_hek293:9946,zscreen_original_graph_v1,zel028_hek293,9946,CPD_178486237172,0,10926,10926
zscreen_original_graph_v1:zel028_hek293:9946,zscreen_original_graph_v1,zel028_hek293,9946,CPD_376040318218,1,23064,23064
zscreen_original_graph_v1:zel028_hek293:9946,zscreen_original_graph_v1,zel028_hek293,9946,CPD_393672046567,2,24125,24125
zscreen_original_graph_v1:zel028_hek293:9946,zscreen_original_graph_v1,zel028_hek293,9946,CPD_632413461315,3,38926,38926
zscreen_original_graph_v1:zel028_hek293:9946,zscreen_original_graph_v1,zel028_hek293,9946,CPD_706251937162,4,43463,43463
zscreen_original_graph_v1:zel028_hek293:9946,zscreen_original_graph_v1,zel028_hek293,9946,CPD_769217138431,5,47334,47334
zscreen_original_graph_v1:zel028_hek293:10073,zscreen_original_graph_v1,zel028_hek293,10073,CPD_180930798680,0,11066,11066
zscreen_original_graph_v1:zel028_hek293:10073,zscreen_original_graph_v1,zel028_hek293,10073,CPD_517653899201,1,31931,31931
zscreen_original_graph_v1:zel028_hek293:10073,zscreen_original_graph_v1,zel028_hek293,10073,CPD_688450454085,2,42409,42409
zscreen_original_graph_v1:zel028_hek293:10089,zscreen_original_graph_v1,zel028_hek293,10089,CPD_181214885923,0,11083,11083
zscreen_original_graph_v1:zel028_hek293:10089,zscreen_original_graph_v1,zel028_hek293,10089,CPD_223930576057,1,13730,13730
zscreen_original_graph_v1:zel028_hek293:10089,zscreen_original_graph_v1,zel028_hek293,10089,CPD_280600618204,2,17189,17189
zscreen_original_graph_v1:zel028_hek293:10089,zscreen_original_graph_v1,zel028_hek293,10089,CPD_397823463472,3,24410,24410
zscreen_original_graph_v1:zel028_hek293:10089,zscreen_original_graph_v1,zel028_hek293,10089,CPD_452809103714,4,27872,27872
zscreen_original_graph_v1:zel028_hek293:10089,zscreen_original_graph_v1,zel028_hek293,10089,CPD_570470097847,5,35141,35141
zscreen_original_graph_v1:zel028_hek293:10089,zscreen_original_graph_v1,zel028_hek293,10089,CPD_610603338447,6,37629,37629
zscreen_original_graph_v1:zel028_hek293:10089,zscreen_original_graph_v1,zel028_hek293,10089,CPD_710499030636,7,43727,43727
zscreen_original_graph_v1:zel028_hek293:10089,zscreen_original_graph_v1,zel028_hek293,10089,CPD_724855889300,8,44626,44626
zscreen_original_graph_v1:zel028_hek293:10089,zscreen_original_graph_v1,zel028_hek293,10089,CPD_735640186072,9,45241,45241
zscreen_original_graph_v1:zel028_hek293:10089,zscreen_original_graph_v1,zel028_hek293,10089,CPD_754758351738,10,46460,46460
zscreen_original_graph_v1:zel028_hek293:10089,zscreen_original_graph_v1,zel028_hek293,10089,CPD_976918043669,11,59984,59984
zscreen_original_graph_v1:zel028_hek293:10223,zscreen_original_graph_v1,zel028_hek293,10223,CPD_183519335984,0,11228,11228
zscreen_original_graph_v1:zel028_hek293:10223,zscreen_original_graph_v1,zel028_hek293,10223,CPD_735267600638,1,45222,45222
zscreen_original_graph_v1:zel028_hek293:10223,zscreen_original_graph_v1,zel028_hek293,10223,CPD_978370728803,2,60062,60062
zscreen_original_graph_v1:zel028_hek293:10281,zscreen_original_graph_v1,zel028_hek293,10281,CPD_184733226210,0,11294,11294
zscreen_original_graph_v1:zel028_hek293:10281,zscreen_original_graph_v1,zel028_hek293,10281,CPD_354257981401,1,21758,21758
zscreen_original_graph_v1:zel028_hek293:10281,zscreen_original_graph_v1,zel028_hek293,10281,CPD_384718206260,2,23580,23580
zscreen_original_graph_v1:zel028_hek293:10281,zscreen_original_graph_v1,zel028_hek293,10281,CPD_837081279647,3,51511,51511
zscreen_original_graph_v1:zel028_hek293:10309,zscreen_original_graph_v1,zel028_hek293,10309,CPD_185104504984,0,11326,11326
zscreen_original_graph_v1:zel028_hek293:10309,zscreen_original_graph_v1,zel028_hek293,10309,CPD_250435217495,1,15335,15335
zscreen_original_graph_v1:zel028_hek293:10309,zscreen_original_graph_v1,zel028_hek293,10309,CPD_633334586216,2,38981,38981
zscreen_original_graph_v1:zel028_hek293:10573,zscreen_original_graph_v1,zel028_hek293,10573,CPD_189900432123,0,11624,11624
zscreen_original_graph_v1:zel028_hek293:10573,zscreen_original_graph_v1,zel028_hek293,10573,CPD_392708861915,1,24059,24059
zscreen_original_graph_v1:zel028_hek293:10573,zscreen_original_graph_v1,zel028_hek293,10573,CPD_485677811315,2,29927,29927
zscreen_original_graph_v1:zel028_hek293:10605,zscreen_original_graph_v1,zel028_hek293,10605,CPD_190488907804,0,11659,11659
zscreen_original_graph_v1:zel028_hek293:10605,zscreen_original_graph_v1,zel028_hek293,10605,CPD_635568999275,1,39118,39118
zscreen_original_graph_v1:zel028_hek293:10605,zscreen_original_graph_v1,zel028_hek293,10605,CPD_675297342899,2,41561,41561
zscreen_original_graph_v1:zel028_hek293:10605,zscreen_original_graph_v1,zel028_hek293,10605,CPD_927372496574,3,56967,56967
zscreen_original_graph_v1:zel028_hek293:10619,zscreen_original_graph_v1,zel028_hek293,10619,CPD_190674959939,0,11673,11673
zscreen_original_graph_v1:zel028_hek293:10619,zscreen_original_graph_v1,zel028_hek293,10619,CPD_366755603407,1,22508,22508
zscreen_original_graph_v1:zel028_hek293:10619,zscreen_original_graph_v1,zel028_hek293,10619,CPD_819388229745,2,50397,50397
zscreen_original_graph_v1:zel028_hek293:10630,zscreen_original_graph_v1,zel028_hek293,10630,CPD_190913208267,0,11685,11685
zscreen_original_graph_v1:zel028_hek293:10630,zscreen_original_graph_v1,zel028_hek293,10630,CPD_314778739420,1,19342,19342
zscreen_original_graph_v1:zel028_hek293:10630,zscreen_original_graph_v1,zel028_hek293,10630,CPD_478017152169,2,29461,29461
zscreen_original_graph_v1:zel028_hek293:10630,zscreen_original_graph_v1,zel028_hek293,10630,CPD_592197067180,3,36527,36527
zscreen_original_graph_v1:zel028_hek293:10630,zscreen_original_graph_v1,zel028_hek293,10630,CPD_601679969388,4,37078,37078
zscreen_original_graph_v1:zel028_hek293:10786,zscreen_original_graph_v1,zel028_hek293,10786,CPD_193288558302,0,11856,11856
zscreen_original_graph_v1:zel028_hek293:10786,zscreen_original_graph_v1,zel028_hek293,10786,CPD_412620896746,1,25353,25353
zscreen_original_graph_v1:zel028_hek293:10786,zscreen_original_graph_v1,zel028_hek293,10786,CPD_704609927578,2,43360,43360
zscreen_original_graph_v1:zel028_hek293:10786,zscreen_original_graph_v1,zel028_hek293,10786,CPD_864656074585,3,53189,53189
zscreen_original_graph_v1:zel028_hek293:10832,zscreen_original_graph_v1,zel028_hek293,10832,CPD_194223391281,0,11911,11911
zscreen_original_graph_v1:zel028_hek293:10832,zscreen_original_graph_v1,zel028_hek293,10832,CPD_427206000549,1,26259,26259
zscreen_original_graph_v1:zel028_hek293:10832,zscreen_original_graph_v1,zel028_hek293,10832,CPD_427283328642,2,26264,26264
zscreen_original_graph_v1:zel028_hek293:10832,zscreen_original_graph_v1,zel028_hek293,10832,CPD_662453645998,3,40795,40795
zscreen_original_graph_v1:zel028_hek293:10832,zscreen_original_graph_v1,zel028_hek293,10832,CPD_752817316421,4,46344,46344
zscreen_original_graph_v1:zel028_hek293:10832,zscreen_original_graph_v1,zel028_hek293,10832,CPD_877567059554,5,54014,54014
zscreen_original_graph_v1:zel028_hek293:10923,zscreen_original_graph_v1,zel028_hek293,10923,CPD_195862872647,0,12008,12008
zscreen_original_graph_v1:zel028_hek293:10923,zscreen_original_graph_v1,zel028_hek293,10923,CPD_273369569672,1,16740,16740
zscreen_original_graph_v1:zel028_hek293:10923,zscreen_original_graph_v1,zel028_hek293,10923,CPD_329607052429,2,20237,20237
zscreen_original_graph_v1:zel028_hek293:10923,zscreen_original_graph_v1,zel028_hek293,10923,CPD_662870328014,3,40819,40819
zscreen_original_graph_v1:zel028_hek293:10923,zscreen_original_graph_v1,zel028_hek293,10923,CPD_793772536531,4,48850,48850
zscreen_original_graph_v1:zel028_hek293:10969,zscreen_original_graph_v1,zel028_hek293,10969,CPD_196851862530,0,12058,12058
zscreen_original_graph_v1:zel028_hek293:10969,zscreen_original_graph_v1,zel028_hek293,10969,CPD_515890686944,1,31821,31821
zscreen_original_graph_v1:zel028_hek293:10969,zscreen_original_graph_v1,zel028_hek293,10969,CPD_925437826734,2,56838,56838
zscreen_original_graph_v1:zel028_hek293:10984,zscreen_original_graph_v1,zel028_hek293,10984,CPD_197085814193,0,12073,12073
zscreen_original_graph_v1:zel028_hek293:10984,zscreen_original_graph_v1,zel028_hek293,10984,CPD_365318141873,1,22420,22420
zscreen_original_graph_v1:zel028_hek293:10984,zscreen_original_graph_v1,zel028_hek293,10984,CPD_425573364038,2,26169,26169
zscreen_original_graph_v1:zel028_hek293:10984,zscreen_original_graph_v1,zel028_hek293,10984,CPD_643809742030,3,39616,39616
zscreen_original_graph_v1:zel028_hek293:11034,zscreen_original_graph_v1,zel028_hek293,11034,CPD_198051097708,0,12132,12132
zscreen_original_graph_v1:zel028_hek293:11034,zscreen_original_graph_v1,zel028_hek293,11034,CPD_202607468206,1,12424,12424
zscreen_original_graph_v1:zel028_hek293:11034,zscreen_original_graph_v1,zel028_hek293,11034,CPD_663133067625,2,40843,40843
zscreen_original_graph_v1:zel028_hek293:11438,zscreen_original_graph_v1,zel028_hek293,11438,CPD_205775142092,0,12604,12604
zscreen_original_graph_v1:zel028_hek293:11438,zscreen_original_graph_v1,zel028_hek293,11438,CPD_630081226061,1,38785,38785
zscreen_original_graph_v1:zel028_hek293:11438,zscreen_original_graph_v1,zel028_hek293,11438,CPD_962785021780,2,59114,59114
zscreen_original_graph_v1:zel028_hek293:11514,zscreen_original_graph_v1,zel028_hek293,11514,CPD_207325763930,0,12689,12689
zscreen_original_graph_v1:zel028_hek293:11514,zscreen_original_graph_v1,zel028_hek293,11514,CPD_403312699824,1,24783,24783
zscreen_original_graph_v1:zel028_hek293:11514,zscreen_original_graph_v1,zel028_hek293,11514,CPD_785984687179,2,48361,48361
zscreen_original_graph_v1:zel028_hek293:11567,zscreen_original_graph_v1,zel028_hek293,11567,CPD_208221971679,0,12748,12748
zscreen_original_graph_v1:zel028_hek293:11567,zscreen_original_graph_v1,zel028_hek293,11567,CPD_283670521413,1,17375,17375
zscreen_original_graph_v1:zel028_hek293:11567,zscreen_original_graph_v1,zel028_hek293,11567,CPD_413160591851,2,25393,25393
zscreen_original_graph_v1:zel028_hek293:11567,zscreen_original_graph_v1,zel028_hek293,11567,CPD_463014279435,3,28540,28540
zscreen_original_graph_v1:zel028_hek293:11567,zscreen_original_graph_v1,zel028_hek293,11567,CPD_722551544491,4,44499,44499
zscreen_original_graph_v1:zel028_hek293:11675,zscreen_original_graph_v1,zel028_hek293,11675,CPD_210338581098,0,12877,12877
zscreen_original_graph_v1:zel028_hek293:11675,zscreen_original_graph_v1,zel028_hek293,11675,CPD_761683849358,1,46876,46876
zscreen_original_graph_v1:zel028_hek293:11675,zscreen_original_graph_v1,zel028_hek293,11675,CPD_965951541692,2,59316,59316
zscreen_original_graph_v1:zel028_hek293:11786,zscreen_original_graph_v1,zel028_hek293,11786,CPD_212314976157,0,13002,13002
zscreen_original_graph_v1:zel028_hek293:11786,zscreen_original_graph_v1,zel028_hek293,11786,CPD_359386485220,1,22062,22062
zscreen_original_graph_v1:zel028_hek293:11786,zscreen_original_graph_v1,zel028_hek293,11786,CPD_863835149246,2,53135,53135
zscreen_original_graph_v1:zel028_hek293:11880,zscreen_original_graph_v1,zel028_hek293,11880,CPD_213784475326,0,13108,13108
zscreen_original_graph_v1:zel028_hek293:11880,zscreen_original_graph_v1,zel028_hek293,11880,CPD_223321519901,1,13688,13688
zscreen_original_graph_v1:zel028_hek293:11880,zscreen_original_graph_v1,zel028_hek293,11880,CPD_245171062036,2,15022,15022
zscreen_original_graph_v1:zel028_hek293:11945,zscreen_original_graph_v1,zel028_hek293,11945,CPD_215074973924,0,13184,13184
zscreen_original_graph_v1:zel028_hek293:11945,zscreen_original_graph_v1,zel028_hek293,11945,CPD_386991537210,1,23722,23722
zscreen_original_graph_v1:zel028_hek293:11945,zscreen_original_graph_v1,zel028_hek293,11945,CPD_484606704122,2,29860,29860
zscreen_original_graph_v1:zel028_hek293:11945,zscreen_original_graph_v1,zel028_hek293,11945,CPD_599973941879,3,36967,36967
zscreen_original_graph_v1:zel028_hek293:11945,zscreen_original_graph_v1,zel028_hek293,11945,CPD_641524086240,4,39469,39469
zscreen_original_graph_v1:zel028_hek293:11945,zscreen_original_graph_v1,zel028_hek293,11945,CPD_820982499329,5,50494,50494
zscreen_original_graph_v1:zel028_hek293:11948,zscreen_original_graph_v1,zel028_hek293,11948,CPD_215107274327,0,13187,13187
zscreen_original_graph_v1:zel028_hek293:11948,zscreen_original_graph_v1,zel028_hek293,11948,CPD_379514881819,1,23253,23253
zscreen_original_graph_v1:zel028_hek293:11948,zscreen_original_graph_v1,zel028_hek293,11948,CPD_379727135968,2,23270,23270
zscreen_original_graph_v1:zel028_hek293:11948,zscreen_original_graph_v1,zel028_hek293,11948,CPD_742867184676,3,45726,45726
zscreen_original_graph_v1:zel028_hek293:12101,zscreen_original_graph_v1,zel028_hek293,12101,CPD_217708108678,0,13347,13347
zscreen_original_graph_v1:zel028_hek293:12101,zscreen_original_graph_v1,zel028_hek293,12101,CPD_229212855570,1,14041,14041
zscreen_original_graph_v1:zel028_hek293:12101,zscreen_original_graph_v1,zel028_hek293,12101,CPD_449650192513,2,27675,27675
zscreen_original_graph_v1:zel028_hek293:12101,zscreen_original_graph_v1,zel028_hek293,12101,CPD_552329145730,3,34032,34032
zscreen_original_graph_v1:zel028_hek293:12245,zscreen_original_graph_v1,zel028_hek293,12245,CPD_220300323089,0,13507,13507
zscreen_original_graph_v1:zel028_hek293:12245,zscreen_original_graph_v1,zel028_hek293,12245,CPD_405873959510,1,24932,24932
zscreen_original_graph_v1:zel028_hek293:12245,zscreen_original_graph_v1,zel028_hek293,12245,CPD_464875039717,2,28660,28660
zscreen_original_graph_v1:zel028_hek293:12245,zscreen_original_graph_v1,zel028_hek293,12245,CPD_552317382333,3,34030,34030
zscreen_original_graph_v1:zel028_hek293:12245,zscreen_original_graph_v1,zel028_hek293,12245,CPD_554514012580,4,34173,34173
zscreen_original_graph_v1:zel028_hek293:12245,zscreen_original_graph_v1,zel028_hek293,12245,CPD_688855310343,5,42428,42428
zscreen_original_graph_v1:zel028_hek293:12245,zscreen_original_graph_v1,zel028_hek293,12245,CPD_943064193556,6,57919,57919
zscreen_original_graph_v1:zel028_hek293:12386,zscreen_original_graph_v1,zel028_hek293,12386,CPD_222751140252,0,13660,13660
zscreen_original_graph_v1:zel028_hek293:12386,zscreen_original_graph_v1,zel028_hek293,12386,CPD_586979081314,1,36193,36193
zscreen_original_graph_v1:zel028_hek293:12386,zscreen_original_graph_v1,zel028_hek293,12386,CPD_843859450492,2,51930,51930
zscreen_original_graph_v1:zel028_hek293:12544,zscreen_original_graph_v1,zel028_hek293,12544,CPD_225460766560,0,13836,13836
zscreen_original_graph_v1:zel028_hek293:12544,zscreen_original_graph_v1,zel028_hek293,12544,CPD_320737552642,1,19726,19726
zscreen_original_graph_v1:zel028_hek293:12544,zscreen_original_graph_v1,zel028_hek293,12544,CPD_464782332305,2,28649,28649
zscreen_original_graph_v1:zel028_hek293:12544,zscreen_original_graph_v1,zel028_hek293,12544,CPD_519991506773,3,32077,32077
zscreen_original_graph_v1:zel028_hek293:12544,zscreen_original_graph_v1,zel028_hek293,12544,CPD_645334635087,4,39728,39728
zscreen_original_graph_v1:zel028_hek293:12544,zscreen_original_graph_v1,zel028_hek293,12544,CPD_717194483228,5,44141,44141
zscreen_original_graph_v1:zel028_hek293:12544,zscreen_original_graph_v1,zel028_hek293,12544,CPD_778695861860,6,47931,47931
zscreen_original_graph_v1:zel028_hek293:12544,zscreen_original_graph_v1,zel028_hek293,12544,CPD_825553329712,7,50759,50759
zscreen_original_graph_v1:zel028_hek293:12845,zscreen_original_graph_v1,zel028_hek293,12845,CPD_231348444424,0,14164,14164
zscreen_original_graph_v1:zel028_hek293:12845,zscreen_original_graph_v1,zel028_hek293,12845,CPD_472234880222,1,29083,29083
zscreen_original_graph_v1:zel028_hek293:12845,zscreen_original_graph_v1,zel028_hek293,12845,CPD_614025495351,2,37839,37839
zscreen_original_graph_v1:zel028_hek293:12858,zscreen_original_graph_v1,zel028_hek293,12858,CPD_231685962273,0,14180,14180
zscreen_original_graph_v1:zel028_hek293:12858,zscreen_original_graph_v1,zel028_hek293,12858,CPD_457913180028,1,28182,28182
zscreen_original_graph_v1:zel028_hek293:12858,zscreen_original_graph_v1,zel028_hek293,12858,CPD_757795523478,2,46638,46638
zscreen_original_graph_v1:zel028_hek293:13039,zscreen_original_graph_v1,zel028_hek293,13039,CPD_234958737999,0,14378,14378
zscreen_original_graph_v1:zel028_hek293:13039,zscreen_original_graph_v1,zel028_hek293,13039,CPD_278747967630,1,17078,17078
zscreen_original_graph_v1:zel028_hek293:13039,zscreen_original_graph_v1,zel028_hek293,13039,CPD_495547936697,2,30523,30523
zscreen_original_graph_v1:zel028_hek293:13110,zscreen_original_graph_v1,zel028_hek293,13110,CPD_236296932805,0,14455,14455
zscreen_original_graph_v1:zel028_hek293:13110,zscreen_original_graph_v1,zel028_hek293,13110,CPD_282626830231,1,17308,17308
zscreen_original_graph_v1:zel028_hek293:13110,zscreen_original_graph_v1,zel028_hek293,13110,CPD_340030023588,2,20865,20865
zscreen_original_graph_v1:zel028_hek293:13110,zscreen_original_graph_v1,zel028_hek293,13110,CPD_470917146240,3,29019,29019
zscreen_original_graph_v1:zel028_hek293:13110,zscreen_original_graph_v1,zel028_hek293,13110,CPD_736395314435,4,45297,45297
zscreen_original_graph_v1:zel028_hek293:13110,zscreen_original_graph_v1,zel028_hek293,13110,CPD_990755358384,5,60807,60807
zscreen_original_graph_v1:zel028_hek293:13209,zscreen_original_graph_v1,zel028_hek293,13209,CPD_237808360984,0,14565,14565
zscreen_original_graph_v1:zel028_hek293:13209,zscreen_original_graph_v1,zel028_hek293,13209,CPD_461622747552,1,28437,28437
zscreen_original_graph_v1:zel028_hek293:13209,zscreen_original_graph_v1,zel028_hek293,13209,CPD_945059735890,2,58040,58040
zscreen_original_graph_v1:zel028_hek293:13330,zscreen_original_graph_v1,zel028_hek293,13330,CPD_240109599281,0,14697,14697
zscreen_original_graph_v1:zel028_hek293:13330,zscreen_original_graph_v1,zel028_hek293,13330,CPD_434136480049,1,26682,26682
zscreen_original_graph_v1:zel028_hek293:13330,zscreen_original_graph_v1,zel028_hek293,13330,CPD_814025429161,2,50059,50059
zscreen_original_graph_v1:zel028_hek293:13330,zscreen_original_graph_v1,zel028_hek293,13330,CPD_927054032073,3,56946,56946
zscreen_original_graph_v1:zel028_hek293:13330,zscreen_original_graph_v1,zel028_hek293,13330,CPD_949234225717,4,58302,58302
zscreen_original_graph_v1:zel028_hek293:13730,zscreen_original_graph_v1,zel028_hek293,13730,CPD_247158343585,0,15149,15149
zscreen_original_graph_v1:zel028_hek293:13730,zscreen_original_graph_v1,zel028_hek293,13730,CPD_249745415612,1,15296,15296
zscreen_original_graph_v1:zel028_hek293:13730,zscreen_original_graph_v1,zel028_hek293,13730,CPD_353172230163,2,21690,21690
zscreen_original_graph_v1:zel028_hek293:13730,zscreen_original_graph_v1,zel028_hek293,13730,CPD_395104065737,3,24243,24243
zscreen_original_graph_v1:zel028_hek293:13759,zscreen_original_graph_v1,zel028_hek293,13759,CPD_247865021719,0,15185,15185
zscreen_original_graph_v1:zel028_hek293:13759,zscreen_original_graph_v1,zel028_hek293,13759,CPD_550825890913,1,33952,33952
zscreen_original_graph_v1:zel028_hek293:13759,zscreen_original_graph_v1,zel028_hek293,13759,CPD_630898305615,2,38839,38839
zscreen_original_graph_v1:zel028_hek293:13796,zscreen_original_graph_v1,zel028_hek293,13796,CPD_248610382212,0,15225,15225
zscreen_original_graph_v1:zel028_hek293:13796,zscreen_original_graph_v1,zel028_hek293,13796,CPD_512197792688,1,31573,31573
zscreen_original_graph_v1:zel028_hek293:13796,zscreen_original_graph_v1,zel028_hek293,13796,CPD_555796178912,2,34237,34237
zscreen_original_graph_v1:zel028_hek293:13796,zscreen_original_graph_v1,zel028_hek293,13796,CPD_603353018660,3,37179,37179
zscreen_original_graph_v1:zel028_hek293:13845,zscreen_original_graph_v1,zel028_hek293,13845,CPD_249479614591,0,15278,15278
zscreen_original_graph_v1:zel028_hek293:13845,zscreen_original_graph_v1,zel028_hek293,13845,CPD_303709824390,1,18625,18625
zscreen_original_graph_v1:zel028_hek293:13845,zscreen_original_graph_v1,zel028_hek293,13845,CPD_420876617653,2,25892,25892
zscreen_original_graph_v1:zel028_hek293:13845,zscreen_original_graph_v1,zel028_hek293,13845,CPD_454593651599,3,27982,27982
zscreen_original_graph_v1:zel028_hek293:13845,zscreen_original_graph_v1,zel028_hek293,13845,CPD_705284143749,4,43409,43409
zscreen_original_graph_v1:zel028_hek293:13845,zscreen_original_graph_v1,zel028_hek293,13845,CPD_742294923987,5,45684,45684
zscreen_original_graph_v1:zel028_hek293:13845,zscreen_original_graph_v1,zel028_hek293,13845,CPD_787098842303,6,48439,48439
zscreen_original_graph_v1:zel028_hek293:13928,zscreen_original_graph_v1,zel028_hek293,13928,CPD_251330400610,0,15380,15380
zscreen_original_graph_v1:zel028_hek293:13928,zscreen_original_graph_v1,zel028_hek293,13928,CPD_284456655902,1,17424,17424
zscreen_original_graph_v1:zel028_hek293:13928,zscreen_original_graph_v1,zel028_hek293,13928,CPD_328789072248,2,20186,20186
zscreen_original_graph_v1:zel028_hek293:13928,zscreen_original_graph_v1,zel028_hek293,13928,CPD_674385302907,3,41509,41509
zscreen_original_graph_v1:zel028_hek293:13928,zscreen_original_graph_v1,zel028_hek293,13928,CPD_781616627353,4,48106,48106
zscreen_original_graph_v1:zel028_hek293:13928,zscreen_original_graph_v1,zel028_hek293,13928,CPD_871299437572,5,53611,53611
zscreen_original_graph_v1:zel028_hek293:13995,zscreen_original_graph_v1,zel028_hek293,13995,CPD_252856936075,0,15461,15461
zscreen_original_graph_v1:zel028_hek293:13995,zscreen_original_graph_v1,zel028_hek293,13995,CPD_266723271808,1,16337,16337
zscreen_original_graph_v1:zel028_hek293:13995,zscreen_original_graph_v1,zel028_hek293,13995,CPD_412660313821,2,25356,25356
zscreen_original_graph_v1:zel028_hek293:14069,zscreen_original_graph_v1,zel028_hek293,14069,CPD_253781852659,0,15541,15541
zscreen_original_graph_v1:zel028_hek293:14069,zscreen_original_graph_v1,zel028_hek293,14069,CPD_336062848949,1,20626,20626
zscreen_original_graph_v1:zel028_hek293:14069,zscreen_original_graph_v1,zel028_hek293,14069,CPD_397322845144,2,24370,24370
zscreen_original_graph_v1:zel028_hek293:14069,zscreen_original_graph_v1,zel028_hek293,14069,CPD_450772733519,3,27749,27749
zscreen_original_graph_v1:zel028_hek293:14069,zscreen_original_graph_v1,zel028_hek293,14069,CPD_574354136123,4,35387,35387
zscreen_original_graph_v1:zel028_hek293:14069,zscreen_original_graph_v1,zel028_hek293,14069,CPD_745548447399,5,45889,45889
zscreen_original_graph_v1:zel028_hek293:14143,zscreen_original_graph_v1,zel028_hek293,14143,CPD_255021021131,0,15624,15624
zscreen_original_graph_v1:zel028_hek293:14143,zscreen_original_graph_v1,zel028_hek293,14143,CPD_681681496446,1,41974,41974
zscreen_original_graph_v1:zel028_hek293:14143,zscreen_original_graph_v1,zel028_hek293,14143,CPD_685619434593,2,42218,42218
zscreen_original_graph_v1:zel028_hek293:14155,zscreen_original_graph_v1,zel028_hek293,14155,CPD_255139012195,0,15637,15637
zscreen_original_graph_v1:zel028_hek293:14155,zscreen_original_graph_v1,zel028_hek293,14155,CPD_279671695886,1,17138,17138
zscreen_original_graph_v1:zel028_hek293:14155,zscreen_original_graph_v1,zel028_hek293,14155,CPD_304876411924,2,18704,18704
zscreen_original_graph_v1:zel028_hek293:14155,zscreen_original_graph_v1,zel028_hek293,14155,CPD_367145192280,3,22534,22534
zscreen_original_graph_v1:zel028_hek293:14155,zscreen_original_graph_v1,zel028_hek293,14155,CPD_616344861264,4,37968,37968
zscreen_original_graph_v1:zel028_hek293:14275,zscreen_original_graph_v1,zel028_hek293,14275,CPD_257384064066,0,15772,15772
zscreen_original_graph_v1:zel028_hek293:14275,zscreen_original_graph_v1,zel028_hek293,14275,CPD_267823708155,1,16389,16389
zscreen_original_graph_v1:zel028_hek293:14275,zscreen_original_graph_v1,zel028_hek293,14275,CPD_442772857163,2,27261,27261
zscreen_original_graph_v1:zel028_hek293:14275,zscreen_original_graph_v1,zel028_hek293,14275,CPD_482077524335,3,29712,29712
zscreen_original_graph_v1:zel028_hek293:14275,zscreen_original_graph_v1,zel028_hek293,14275,CPD_736524006828,4,45307,45307
zscreen_original_graph_v1:zel028_hek293:14325,zscreen_original_graph_v1,zel028_hek293,14325,CPD_258410139439,0,15827,15827
zscreen_original_graph_v1:zel028_hek293:14325,zscreen_original_graph_v1,zel028_hek293,14325,CPD_299742572975,1,18390,18390
zscreen_original_graph_v1:zel028_hek293:14325,zscreen_original_graph_v1,zel028_hek293,14325,CPD_715206468922,2,44006,44006
zscreen_original_graph_v1:zel028_hek293:14325,zscreen_original_graph_v1,zel028_hek293,14325,CPD_878089188748,3,54054,54054
zscreen_original_graph_v1:zel028_hek293:14474,zscreen_original_graph_v1,zel028_hek293,14474,CPD_261327807326,0,15994,15994
zscreen_original_graph_v1:zel028_hek293:14474,zscreen_original_graph_v1,zel028_hek293,14474,CPD_292100355894,1,17909,17909
zscreen_original_graph_v1:zel028_hek293:14474,zscreen_original_graph_v1,zel028_hek293,14474,CPD_447077823828,2,27494,27494
zscreen_original_graph_v1:zel028_hek293:14474,zscreen_original_graph_v1,zel028_hek293,14474,CPD_644240129495,3,39642,39642
zscreen_original_graph_v1:zel028_hek293:14474,zscreen_original_graph_v1,zel028_hek293,14474,CPD_697246030082,4,42908,42908
zscreen_original_graph_v1:zel028_hek293:14583,zscreen_original_graph_v1,zel028_hek293,14583,CPD_263312868691,0,16113,16113
zscreen_original_graph_v1:zel028_hek293:14583,zscreen_original_graph_v1,zel028_hek293,14583,CPD_304752993469,1,18695,18695
zscreen_original_graph_v1:zel028_hek293:14583,zscreen_original_graph_v1,zel028_hek293,14583,CPD_687142391179,2,42315,42315
zscreen_original_graph_v1:zel028_hek293:14655,zscreen_original_graph_v1,zel028_hek293,14655,CPD_264435865317,0,16189,16189
zscreen_original_graph_v1:zel028_hek293:14655,zscreen_original_graph_v1,zel028_hek293,14655,CPD_370361465260,1,22739,22739
zscreen_original_graph_v1:zel028_hek293:14655,zscreen_original_graph_v1,zel028_hek293,14655,CPD_658631924697,2,40546,40546
zscreen_original_graph_v1:zel028_hek293:14726,zscreen_original_graph_v1,zel028_hek293,14726,CPD_265629628536,0,16269,16269
zscreen_original_graph_v1:zel028_hek293:14726,zscreen_original_graph_v1,zel028_hek293,14726,CPD_817622531328,1,50278,50278
zscreen_original_graph_v1:zel028_hek293:14726,zscreen_original_graph_v1,zel028_hek293,14726,CPD_869179370340,2,53476,53476
zscreen_original_graph_v1:zel028_hek293:14970,zscreen_original_graph_v1,zel028_hek293,14970,CPD_270111887682,0,16532,16532
zscreen_original_graph_v1:zel028_hek293:14970,zscreen_original_graph_v1,zel028_hek293,14970,CPD_461383942384,1,28415,28415
zscreen_original_graph_v1:zel028_hek293:14970,zscreen_original_graph_v1,zel028_hek293,14970,CPD_462970939664,2,28534,28534
zscreen_original_graph_v1:zel028_hek293:15009,zscreen_original_graph_v1,zel028_hek293,15009,CPD_270874717778,0,16578,16578
zscreen_original_graph_v1:zel028_hek293:15009,zscreen_original_graph_v1,zel028_hek293,15009,CPD_335982653568,1,20621,20621
zscreen_original_graph_v1:zel028_hek293:15009,zscreen_original_graph_v1,zel028_hek293,15009,CPD_648473714143,2,39908,39908
zscreen_original_graph_v1:zel028_hek293:15028,zscreen_original_graph_v1,zel028_hek293,15028,CPD_271222378852,0,16601,16601
zscreen_original_graph_v1:zel028_hek293:15028,zscreen_original_graph_v1,zel028_hek293,15028,CPD_304243283276,1,18658,18658
zscreen_original_graph_v1:zel028_hek293:15028,zscreen_original_graph_v1,zel028_hek293,15028,CPD_597113768310,2,36826,36826
zscreen_original_graph_v1:zel028_hek293:15028,zscreen_original_graph_v1,zel028_hek293,15028,CPD_625731627473,3,38532,38532
zscreen_original_graph_v1:zel028_hek293:15039,zscreen_original_graph_v1,zel028_hek293,15039,CPD_271386863725,0,16613,16613
zscreen_original_graph_v1:zel028_hek293:15039,zscreen_original_graph_v1,zel028_hek293,15039,CPD_644720389068,1,39672,39672
zscreen_original_graph_v1:zel028_hek293:15039,zscreen_original_graph_v1,zel028_hek293,15039,CPD_707137217833,2,43524,43524
zscreen_original_graph_v1:zel028_hek293:15106,zscreen_original_graph_v1,zel028_hek293,15106,CPD_272513474002,0,16690,16690
zscreen_original_graph_v1:zel028_hek293:15106,zscreen_original_graph_v1,zel028_hek293,15106,CPD_455579763884,1,28045,28045
zscreen_original_graph_v1:zel028_hek293:15106,zscreen_original_graph_v1,zel028_hek293,15106,CPD_533883293004,2,32958,32958
zscreen_original_graph_v1:zel028_hek293:15106,zscreen_original_graph_v1,zel028_hek293,15106,CPD_610256106244,3,37613,37613
zscreen_original_graph_v1:zel028_hek293:15106,zscreen_original_graph_v1,zel028_hek293,15106,CPD_980591881842,4,60177,60177
zscreen_original_graph_v1:zel028_hek293:15281,zscreen_original_graph_v1,zel028_hek293,15281,CPD_275681818503,0,16885,16885
zscreen_original_graph_v1:zel028_hek293:15281,zscreen_original_graph_v1,zel028_hek293,15281,CPD_367557505378,1,22566,22566
zscreen_original_graph_v1:zel028_hek293:15281,zscreen_original_graph_v1,zel028_hek293,15281,CPD_851978082407,2,52435,52435
zscreen_original_graph_v1:zel028_hek293:15282,zscreen_original_graph_v1,zel028_hek293,15282,CPD_275711171725,0,16886,16886
zscreen_original_graph_v1:zel028_hek293:15282,zscreen_original_graph_v1,zel028_hek293,15282,CPD_290349391149,1,17799,17799
zscreen_original_graph_v1:zel028_hek293:15282,zscreen_original_graph_v1,zel028_hek293,15282,CPD_455931286675,2,28063,28063
zscreen_original_graph_v1:zel028_hek293:15333,zscreen_original_graph_v1,zel028_hek293,15333,CPD_276598356952,0,16944,16944
zscreen_original_graph_v1:zel028_hek293:15333,zscreen_original_graph_v1,zel028_hek293,15333,CPD_546973079692,1,33715,33715
zscreen_original_graph_v1:zel028_hek293:15333,zscreen_original_graph_v1,zel028_hek293,15333,CPD_629765689524,2,38769,38769
zscreen_original_graph_v1:zel028_hek293:15373,zscreen_original_graph_v1,zel028_hek293,15373,CPD_277169122705,0,16985,16985
zscreen_original_graph_v1:zel028_hek293:15373,zscreen_original_graph_v1,zel028_hek293,15373,CPD_800440728564,1,49257,49257
zscreen_original_graph_v1:zel028_hek293:15373,zscreen_original_graph_v1,zel028_hek293,15373,CPD_825742291299,2,50777,50777
zscreen_original_graph_v1:zel028_hek293:15434,zscreen_original_graph_v1,zel028_hek293,15434,CPD_278252059526,0,17056,17056
zscreen_original_graph_v1:zel028_hek293:15434,zscreen_original_graph_v1,zel028_hek293,15434,CPD_569991300062,1,35108,35108
zscreen_original_graph_v1:zel028_hek293:15434,zscreen_original_graph_v1,zel028_hek293,15434,CPD_849117306415,2,52277,52277
zscreen_original_graph_v1:zel028_hek293:15734,zscreen_original_graph_v1,zel028_hek293,15734,CPD_283948265817,0,17393,17393
zscreen_original_graph_v1:zel028_hek293:15734,zscreen_original_graph_v1,zel028_hek293,15734,CPD_367003041223,1,22525,22525
zscreen_original_graph_v1:zel028_hek293:15734,zscreen_original_graph_v1,zel028_hek293,15734,CPD_518819903428,2,31996,31996
zscreen_original_graph_v1:zel028_hek293:15851,zscreen_original_graph_v1,zel028_hek293,15851,CPD_286131772496,0,17522,17522
zscreen_original_graph_v1:zel028_hek293:15851,zscreen_original_graph_v1,zel028_hek293,15851,CPD_517516650179,1,31922,31922
zscreen_original_graph_v1:zel028_hek293:15851,zscreen_original_graph_v1,zel028_hek293,15851,CPD_748214527302,2,46058,46058
zscreen_original_graph_v1:zel028_hek293:15868,zscreen_original_graph_v1,zel028_hek293,15868,CPD_286454850965,0,17543,17543
zscreen_original_graph_v1:zel028_hek293:15868,zscreen_original_graph_v1,zel028_hek293,15868,CPD_657518733787,1,40486,40486
zscreen_original_graph_v1:zel028_hek293:15868,zscreen_original_graph_v1,zel028_hek293,15868,CPD_833501182382,2,51265,51265
zscreen_original_graph_v1:zel028_hek293:15868,zscreen_original_graph_v1,zel028_hek293,15868,CPD_880933245413,3,54239,54239
zscreen_original_graph_v1:zel028_hek293:16191,zscreen_original_graph_v1,zel028_hek293,16191,CPD_291875662348,0,17903,17903
zscreen_original_graph_v1:zel028_hek293:16191,zscreen_original_graph_v1,zel028_hek293,16191,CPD_697405702829,1,42919,42919
zscreen_original_graph_v1:zel028_hek293:16191,zscreen_original_graph_v1,zel028_hek293,16191,CPD_833087225183,2,51235,51235
zscreen_original_graph_v1:zel028_hek293:16592,zscreen_original_graph_v1,zel028_hek293,16592,CPD_298766597942,0,18332,18332
zscreen_original_graph_v1:zel028_hek293:16592,zscreen_original_graph_v1,zel028_hek293,16592,CPD_547464868299,1,33748,33748
zscreen_original_graph_v1:zel028_hek293:16592,zscreen_original_graph_v1,zel028_hek293,16592,CPD_730550592953,2,44950,44950
zscreen_original_graph_v1:zel028_hek293:16637,zscreen_original_graph_v1,zel028_hek293,16637,CPD_299576595615,0,18380,18380
zscreen_original_graph_v1:zel028_hek293:16637,zscreen_original_graph_v1,zel028_hek293,16637,CPD_615118978307,1,37896,37896
zscreen_original_graph_v1:zel028_hek293:16637,zscreen_original_graph_v1,zel028_hek293,16637,CPD_774779185527,2,47684,47684
zscreen_original_graph_v1:zel028_hek293:16677,zscreen_original_graph_v1,zel028_hek293,16677,CPD_300246267753,0,18427,18427
zscreen_original_graph_v1:zel028_hek293:16677,zscreen_original_graph_v1,zel028_hek293,16677,CPD_647689855527,1,39853,39853
zscreen_original_graph_v1:zel028_hek293:16677,zscreen_original_graph_v1,zel028_hek293,16677,CPD_682686751958,2,42043,42043
zscreen_original_graph_v1:zel028_hek293:16677,zscreen_original_graph_v1,zel028_hek293,16677,CPD_718861682628,3,44263,44263
zscreen_original_graph_v1:zel028_hek293:16677,zscreen_original_graph_v1,zel028_hek293,16677,CPD_759187465948,4,46720,46720
zscreen_original_graph_v1:zel028_hek293:16677,zscreen_original_graph_v1,zel028_hek293,16677,CPD_826200307881,5,50799,50799
zscreen_original_graph_v1:zel028_hek293:16677,zscreen_original_graph_v1,zel028_hek293,16677,CPD_922066508284,6,56654,56654
zscreen_original_graph_v1:zel028_hek293:16770,zscreen_original_graph_v1,zel028_hek293,16770,CPD_301966911444,0,18527,18527
zscreen_original_graph_v1:zel028_hek293:16770,zscreen_original_graph_v1,zel028_hek293,16770,CPD_483629072171,1,29804,29804
zscreen_original_graph_v1:zel028_hek293:16770,zscreen_original_graph_v1,zel028_hek293,16770,CPD_888076949278,2,54663,54663
zscreen_original_graph_v1:zel028_hek293:16788,zscreen_original_graph_v1,zel028_hek293,16788,CPD_302353145579,0,18546,18546
zscreen_original_graph_v1:zel028_hek293:16788,zscreen_original_graph_v1,zel028_hek293,16788,CPD_611887885555,1,37708,37708
zscreen_original_graph_v1:zel028_hek293:16788,zscreen_original_graph_v1,zel028_hek293,16788,CPD_848400014727,2,52229,52229
zscreen_original_graph_v1:zel028_hek293:16855,zscreen_original_graph_v1,zel028_hek293,16855,CPD_303704644867,0,18624,18624
zscreen_original_graph_v1:zel028_hek293:16855,zscreen_original_graph_v1,zel028_hek293,16855,CPD_304299070798,1,18661,18661
zscreen_original_graph_v1:zel028_hek293:16855,zscreen_original_graph_v1,zel028_hek293,16855,CPD_382216485460,2,23413,23413
zscreen_original_graph_v1:zel028_hek293:16855,zscreen_original_graph_v1,zel028_hek293,16855,CPD_455636680868,3,28048,28048
zscreen_original_graph_v1:zel028_hek293:16903,zscreen_original_graph_v1,zel028_hek293,16903,CPD_304511067508,0,18678,18678
zscreen_original_graph_v1:zel028_hek293:16903,zscreen_original_graph_v1,zel028_hek293,16903,CPD_584255069464,1,35993,35993
zscreen_original_graph_v1:zel028_hek293:16903,zscreen_original_graph_v1,zel028_hek293,16903,CPD_858911687029,2,52827,52827
zscreen_original_graph_v1:zel028_hek293:16920,zscreen_original_graph_v1,zel028_hek293,16920,CPD_304810780561,0,18699,18699
zscreen_original_graph_v1:zel028_hek293:16920,zscreen_original_graph_v1,zel028_hek293,16920,CPD_324359638165,1,19926,19926
zscreen_original_graph_v1:zel028_hek293:16920,zscreen_original_graph_v1,zel028_hek293,16920,CPD_563484778808,2,34718,34718
zscreen_original_graph_v1:zel028_hek293:16937,zscreen_original_graph_v1,zel028_hek293,16937,CPD_305085616796,0,18718,18718
zscreen_original_graph_v1:zel028_hek293:16937,zscreen_original_graph_v1,zel028_hek293,16937,CPD_447719900487,1,27533,27533
zscreen_original_graph_v1:zel028_hek293:16937,zscreen_original_graph_v1,zel028_hek293,16937,CPD_483818302558,2,29819,29819
zscreen_original_graph_v1:zel028_hek293:16937,zscreen_original_graph_v1,zel028_hek293,16937,CPD_923980009930,3,56748,56748
zscreen_original_graph_v1:zel028_hek293:17038,zscreen_original_graph_v1,zel028_hek293,17038,CPD_307029943274,0,18831,18831
zscreen_original_graph_v1:zel028_hek293:17038,zscreen_original_graph_v1,zel028_hek293,17038,CPD_359565714247,1,22070,22070
zscreen_original_graph_v1:zel028_hek293:17038,zscreen_original_graph_v1,zel028_hek293,17038,CPD_964974631892,2,59245,59245
zscreen_original_graph_v1:zel028_hek293:17064,zscreen_original_graph_v1,zel028_hek293,17064,CPD_307562462433,0,18859,18859
zscreen_original_graph_v1:zel028_hek293:17064,zscreen_original_graph_v1,zel028_hek293,17064,CPD_386654503876,1,23691,23691
zscreen_original_graph_v1:zel028_hek293:17064,zscreen_original_graph_v1,zel028_hek293,17064,CPD_546181111561,2,33683,33683
zscreen_original_graph_v1:zel028_hek293:17064,zscreen_original_graph_v1,zel028_hek293,17064,CPD_922886724675,3,56693,56693
zscreen_original_graph_v1:zel028_hek293:17136,zscreen_original_graph_v1,zel028_hek293,17136,CPD_308773061888,0,18939,18939
zscreen_original_graph_v1:zel028_hek293:17136,zscreen_original_graph_v1,zel028_hek293,17136,CPD_356131328881,1,21866,21866
zscreen_original_graph_v1:zel028_hek293:17136,zscreen_original_graph_v1,zel028_hek293,17136,CPD_783562607339,2,48212,48212
zscreen_original_graph_v1:zel028_hek293:17143,zscreen_original_graph_v1,zel028_hek293,17143,CPD_308930247558,0,18946,18946
zscreen_original_graph_v1:zel028_hek293:17143,zscreen_original_graph_v1,zel028_hek293,17143,CPD_478657858701,1,29498,29498
zscreen_original_graph_v1:zel028_hek293:17143,zscreen_original_graph_v1,zel028_hek293,17143,CPD_754621243569,2,46452,46452
zscreen_original_graph_v1:zel028_hek293:17272,zscreen_original_graph_v1,zel028_hek293,17272,CPD_311211526294,0,19089,19089
zscreen_original_graph_v1:zel028_hek293:17272,zscreen_original_graph_v1,zel028_hek293,17272,CPD_621742044637,1,38284,38284
zscreen_original_graph_v1:zel028_hek293:17272,zscreen_original_graph_v1,zel028_hek293,17272,CPD_958093570896,2,58853,58853
zscreen_original_graph_v1:zel028_hek293:17331,zscreen_original_graph_v1,zel028_hek293,17331,CPD_312144477174,0,19151,19151
zscreen_original_graph_v1:zel028_hek293:17331,zscreen_original_graph_v1,zel028_hek293,17331,CPD_389436588824,1,23872,23872
zscreen_original_graph_v1:zel028_hek293:17331,zscreen_original_graph_v1,zel028_hek293,17331,CPD_440386295478,2,27099,27099
zscreen_original_graph_v1:zel028_hek293:17331,zscreen_original_graph_v1,zel028_hek293,17331,CPD_507529232984,3,31267,31267
zscreen_original_graph_v1:zel028_hek293:17392,zscreen_original_graph_v1,zel028_hek293,17392,CPD_313098345506,0,19221,19221
zscreen_original_graph_v1:zel028_hek293:17392,zscreen_original_graph_v1,zel028_hek293,17392,CPD_891227724417,1,54864,54864
zscreen_original_graph_v1:zel028_hek293:17392,zscreen_original_graph_v1,zel028_hek293,17392,CPD_958186889973,2,58858,58858
zscreen_original_graph_v1:zel028_hek293:17627,zscreen_original_graph_v1,zel028_hek293,17627,CPD_316988610394,0,19484,19484
zscreen_original_graph_v1:zel028_hek293:17627,zscreen_original_graph_v1,zel028_hek293,17627,CPD_530640061135,1,32748,32748
zscreen_original_graph_v1:zel028_hek293:17627,zscreen_original_graph_v1,zel028_hek293,17627,CPD_564006595074,2,34746,34746
zscreen_original_graph_v1:zel028_hek293:17627,zscreen_original_graph_v1,zel028_hek293,17627,CPD_644724160525,3,39673,39673
zscreen_original_graph_v1:zel028_hek293:17627,zscreen_original_graph_v1,zel028_hek293,17627,CPD_740873919765,4,45589,45589
zscreen_original_graph_v1:zel028_hek293:17627,zscreen_original_graph_v1,zel028_hek293,17627,CPD_943948871541,5,57969,57969
zscreen_original_graph_v1:zel028_hek293:17728,zscreen_original_graph_v1,zel028_hek293,17728,CPD_318364600105,0,19598,19598
zscreen_original_graph_v1:zel028_hek293:17728,zscreen_original_graph_v1,zel028_hek293,17728,CPD_400231827115,1,24555,24555
zscreen_original_graph_v1:zel028_hek293:17728,zscreen_original_graph_v1,zel028_hek293,17728,CPD_718419471925,2,44228,44228
zscreen_original_graph_v1:zel028_hek293:17945,zscreen_original_graph_v1,zel028_hek293,17945,CPD_322716707809,0,19835,19835
zscreen_original_graph_v1:zel028_hek293:17945,zscreen_original_graph_v1,zel028_hek293,17945,CPD_335926638603,1,20617,20617
zscreen_original_graph_v1:zel028_hek293:17945,zscreen_original_graph_v1,zel028_hek293,17945,CPD_638014646407,2,39267,39267
zscreen_original_graph_v1:zel028_hek293:17945,zscreen_original_graph_v1,zel028_hek293,17945,CPD_964960226229,3,59243,59243
zscreen_original_graph_v1:zel028_hek293:18369,zscreen_original_graph_v1,zel028_hek293,18369,CPD_330597239132,0,20306,20306
zscreen_original_graph_v1:zel028_hek293:18369,zscreen_original_graph_v1,zel028_hek293,18369,CPD_697498022308,1,42927,42927
zscreen_original_graph_v1:zel028_hek293:18369,zscreen_original_graph_v1,zel028_hek293,18369,CPD_709299841828,2,43658,43658
zscreen_original_graph_v1:zel028_hek293:18460,zscreen_original_graph_v1,zel028_hek293,18460,CPD_332305056159,0,20405,20405
zscreen_original_graph_v1:zel028_hek293:18460,zscreen_original_graph_v1,zel028_hek293,18460,CPD_762300818634,1,46908,46908
zscreen_original_graph_v1:zel028_hek293:18460,zscreen_original_graph_v1,zel028_hek293,18460,CPD_992390564600,2,60920,60920
zscreen_original_graph_v1:zel028_hek293:18549,zscreen_original_graph_v1,zel028_hek293,18549,CPD_334189896922,0,20502,20502
zscreen_original_graph_v1:zel028_hek293:18549,zscreen_original_graph_v1,zel028_hek293,18549,CPD_776198931408,1,47782,47782
zscreen_original_graph_v1:zel028_hek293:18549,zscreen_original_graph_v1,zel028_hek293,18549,CPD_829381616866,2,50998,50998
zscreen_original_graph_v1:zel028_hek293:18549,zscreen_original_graph_v1,zel028_hek293,18549,CPD_846553812236,3,52101,52101
zscreen_original_graph_v1:zel028_hek293:18602,zscreen_original_graph_v1,zel028_hek293,18602,CPD_335006737551,0,20559,20559
zscreen_original_graph_v1:zel028_hek293:18602,zscreen_original_graph_v1,zel028_hek293,18602,CPD_440823416798,1,27125,27125
zscreen_original_graph_v1:zel028_hek293:18602,zscreen_original_graph_v1,zel028_hek293,18602,CPD_671017433296,2,41310,41310
zscreen_original_graph_v1:zel028_hek293:18936,zscreen_original_graph_v1,zel028_hek293,18936,CPD_341065710362,0,20927,20927
zscreen_original_graph_v1:zel028_hek293:18936,zscreen_original_graph_v1,zel028_hek293,18936,CPD_452950125013,1,27880,27880
zscreen_original_graph_v1:zel028_hek293:18936,zscreen_original_graph_v1,zel028_hek293,18936,CPD_721568857701,2,44445,44445
zscreen_original_graph_v1:zel028_hek293:18936,zscreen_original_graph_v1,zel028_hek293,18936,CPD_806330214936,3,49606,49606
zscreen_original_graph_v1:zel028_hek293:18936,zscreen_original_graph_v1,zel028_hek293,18936,CPD_878505836523,4,54083,54083
zscreen_original_graph_v1:zel028_hek293:18960,zscreen_original_graph_v1,zel028_hek293,18960,CPD_341500181361,0,20953,20953
zscreen_original_graph_v1:zel028_hek293:18960,zscreen_original_graph_v1,zel028_hek293,18960,CPD_351593377716,1,21588,21588
zscreen_original_graph_v1:zel028_hek293:18960,zscreen_original_graph_v1,zel028_hek293,18960,CPD_419829343708,2,25827,25827
zscreen_original_graph_v1:zel028_hek293:19288,zscreen_original_graph_v1,zel028_hek293,19288,CPD_347044486336,0,21313,21313
zscreen_original_graph_v1:zel028_hek293:19288,zscreen_original_graph_v1,zel028_hek293,19288,CPD_479472811500,1,29550,29550
zscreen_original_graph_v1:zel028_hek293:19288,zscreen_original_graph_v1,zel028_hek293,19288,CPD_867139690675,2,53345,53345
zscreen_original_graph_v1:zel028_hek293:19420,zscreen_original_graph_v1,zel028_hek293,19420,CPD_349614690523,0,21459,21459
zscreen_original_graph_v1:zel028_hek293:19420,zscreen_original_graph_v1,zel028_hek293,19420,CPD_613480709509,1,37808,37808
zscreen_original_graph_v1:zel028_hek293:19420,zscreen_original_graph_v1,zel028_hek293,19420,CPD_735950102683,2,45268,45268
zscreen_original_graph_v1:zel028_hek293:19420,zscreen_original_graph_v1,zel028_hek293,19420,CPD_866919073762,3,53328,53328
zscreen_original_graph_v1:zel028_hek293:19448,zscreen_original_graph_v1,zel028_hek293,19448,CPD_350060150426,0,21488,21488
zscreen_original_graph_v1:zel028_hek293:19448,zscreen_original_graph_v1,zel028_hek293,19448,CPD_562307120076,1,34648,34648
zscreen_original_graph_v1:zel028_hek293:19448,zscreen_original_graph_v1,zel028_hek293,19448,CPD_658774820904,2,40552,40552
zscreen_original_graph_v1:zel028_hek293:19448,zscreen_original_graph_v1,zel028_hek293,19448,CPD_668250335589,3,41156,41156
zscreen_original_graph_v1:zel028_hek293:19448,zscreen_original_graph_v1,zel028_hek293,19448,CPD_753982455664,4,46413,46413
zscreen_original_graph_v1:zel028_hek293:19448,zscreen_original_graph_v1,zel028_hek293,19448,CPD_841049329061,5,51765,51765
zscreen_original_graph_v1:zel028_hek293:19448,zscreen_original_graph_v1,zel028_hek293,19448,CPD_852538743116,6,52469,52469
zscreen_original_graph_v1:zel028_hek293:19492,zscreen_original_graph_v1,zel028_hek293,19492,CPD_350721005819,0,21533,21533
zscreen_original_graph_v1:zel028_hek293:19492,zscreen_original_graph_v1,zel028_hek293,19492,CPD_411412334125,1,25289,25289
zscreen_original_graph_v1:zel028_hek293:19492,zscreen_original_graph_v1,zel028_hek293,19492,CPD_670387232756,2,41271,41271
zscreen_original_graph_v1:zel028_hek293:19685,zscreen_original_graph_v1,zel028_hek293,19685,CPD_354266910183,0,21759,21759
zscreen_original_graph_v1:zel028_hek293:19685,zscreen_original_graph_v1,zel028_hek293,19685,CPD_632459816413,1,38927,38927
zscreen_original_graph_v1:zel028_hek293:19685,zscreen_original_graph_v1,zel028_hek293,19685,CPD_945523626748,2,58068,58068
zscreen_original_graph_v1:zel028_hek293:20050,zscreen_original_graph_v1,zel028_hek293,20050,CPD_360905950041,0,22169,22169
zscreen_original_graph_v1:zel028_hek293:20050,zscreen_original_graph_v1,zel028_hek293,20050,CPD_760189317210,1,46778,46778
zscreen_original_graph_v1:zel028_hek293:20050,zscreen_original_graph_v1,zel028_hek293,20050,CPD_767152464131,2,47206,47206
zscreen_original_graph_v1:zel028_hek293:20061,zscreen_original_graph_v1,zel028_hek293,20061,CPD_361110018518,0,22180,22180
zscreen_original_graph_v1:zel028_hek293:20061,zscreen_original_graph_v1,zel028_hek293,20061,CPD_376981867208,1,23112,23112
zscreen_original_graph_v1:zel028_hek293:20061,zscreen_original_graph_v1,zel028_hek293,20061,CPD_545935840652,2,33665,33665
zscreen_original_graph_v1:zel028_hek293:20061,zscreen_original_graph_v1,zel028_hek293,20061,CPD_625424683714,3,38508,38508
zscreen_original_graph_v1:zel028_hek293:20061,zscreen_original_graph_v1,zel028_hek293,20061,CPD_756786412402,4,46576,46576
zscreen_original_graph_v1:zel028_hek293:20061,zscreen_original_graph_v1,zel028_hek293,20061,CPD_765274634635,5,47098,47098
zscreen_original_graph_v1:zel028_hek293:20061,zscreen_original_graph_v1,zel028_hek293,20061,CPD_805683428338,6,49580,49580
zscreen_original_graph_v1:zel028_hek293:20061,zscreen_original_graph_v1,zel028_hek293,20061,CPD_810554348368,7,49857,49857
zscreen_original_graph_v1:zel028_hek293:20606,zscreen_original_graph_v1,zel028_hek293,20606,CPD_371651933581,0,22814,22814
zscreen_original_graph_v1:zel028_hek293:20606,zscreen_original_graph_v1,zel028_hek293,20606,CPD_450499185320,1,27732,27732
zscreen_original_graph_v1:zel028_hek293:20606,zscreen_original_graph_v1,zel028_hek293,20606,CPD_878098532527,2,54057,54057
zscreen_original_graph_v1:zel028_hek293:20618,zscreen_original_graph_v1,zel028_hek293,20618,CPD_371872004987,0,22827,22827
zscreen_original_graph_v1:zel028_hek293:20618,zscreen_original_graph_v1,zel028_hek293,20618,CPD_526396912609,1,32465,32465
zscreen_original_graph_v1:zel028_hek293:20618,zscreen_original_graph_v1,zel028_hek293,20618,CPD_583329456559,2,35925,35925
zscreen_original_graph_v1:zel028_hek293:21011,zscreen_original_graph_v1,zel028_hek293,21011,CPD_380027157616,0,23284,23284
zscreen_original_graph_v1:zel028_hek293:21011,zscreen_original_graph_v1,zel028_hek293,21011,CPD_740417620494,1,45557,45557
zscreen_original_graph_v1:zel028_hek293:21011,zscreen_original_graph_v1,zel028_hek293,21011,CPD_855084370667,2,52607,52607
zscreen_original_graph_v1:zel028_hek293:21011,zscreen_original_graph_v1,zel028_hek293,21011,CPD_871802763206,3,53651,53651
zscreen_original_graph_v1:zel028_hek293:21152,zscreen_original_graph_v1,zel028_hek293,21152,CPD_382556398173,0,23443,23443
zscreen_original_graph_v1:zel028_hek293:21152,zscreen_original_graph_v1,zel028_hek293,21152,CPD_729550631885,1,44896,44896
zscreen_original_graph_v1:zel028_hek293:21152,zscreen_original_graph_v1,zel028_hek293,21152,CPD_934163061757,2,57391,57391
zscreen_original_graph_v1:zel028_hek293:21769,zscreen_original_graph_v1,zel028_hek293,21769,CPD_393833883024,0,24135,24135
zscreen_original_graph_v1:zel028_hek293:21769,zscreen_original_graph_v1,zel028_hek293,21769,CPD_562708265350,1,34671,34671
zscreen_original_graph_v1:zel028_hek293:21769,zscreen_original_graph_v1,zel028_hek293,21769,CPD_707859282292,2,43566,43566
zscreen_original_graph_v1:zel028_hek293:21948,zscreen_original_graph_v1,zel028_hek293,21948,CPD_396825907885,0,24335,24335
zscreen_original_graph_v1:zel028_hek293:21948,zscreen_original_graph_v1,zel028_hek293,21948,CPD_697163372346,1,42901,42901
zscreen_original_graph_v1:zel028_hek293:21948,zscreen_original_graph_v1,zel028_hek293,21948,CPD_988744781242,2,60696,60696
zscreen_original_graph_v1:zel028_hek293:21948,zscreen_original_graph_v1,zel028_hek293,21948,CPD_990265824508,3,60776,60776
zscreen_original_graph_v1:zel028_hek293:22495,zscreen_original_graph_v1,zel028_hek293,22495,CPD_405931182390,0,24939,24939
zscreen_original_graph_v1:zel028_hek293:22495,zscreen_original_graph_v1,zel028_hek293,22495,CPD_731870670283,1,45022,45022
zscreen_original_graph_v1:zel028_hek293:22495,zscreen_original_graph_v1,zel028_hek293,22495,CPD_863255863106,2,53086,53086
zscreen_original_graph_v1:zel028_hek293:22495,zscreen_original_graph_v1,zel028_hek293,22495,CPD_877709931769,3,54029,54029
zscreen_original_graph_v1:zel028_hek293:22652,zscreen_original_graph_v1,zel028_hek293,22652,CPD_408716457934,0,25123,25123
zscreen_original_graph_v1:zel028_hek293:22652,zscreen_original_graph_v1,zel028_hek293,22652,CPD_817112655574,1,50242,50242
zscreen_original_graph_v1:zel028_hek293:22652,zscreen_original_graph_v1,zel028_hek293,22652,CPD_974160905993,2,59808,59808
zscreen_original_graph_v1:zel028_hek293:22671,zscreen_original_graph_v1,zel028_hek293,22671,CPD_409161099325,0,25145,25145
zscreen_original_graph_v1:zel028_hek293:22671,zscreen_original_graph_v1,zel028_hek293,22671,CPD_493294059919,1,30372,30372
zscreen_original_graph_v1:zel028_hek293:22671,zscreen_original_graph_v1,zel028_hek293,22671,CPD_495086909987,2,30489,30489
zscreen_original_graph_v1:zel028_hek293:22671,zscreen_original_graph_v1,zel028_hek293,22671,CPD_504127392914,3,31049,31049
zscreen_original_graph_v1:zel028_hek293:22671,zscreen_original_graph_v1,zel028_hek293,22671,CPD_563995400899,4,34743,34743
zscreen_original_graph_v1:zel028_hek293:22801,zscreen_original_graph_v1,zel028_hek293,22801,CPD_411471804318,0,25290,25290
zscreen_original_graph_v1:zel028_hek293:22801,zscreen_original_graph_v1,zel028_hek293,22801,CPD_487096072618,1,30001,30001
zscreen_original_graph_v1:zel028_hek293:22801,zscreen_original_graph_v1,zel028_hek293,22801,CPD_589974073926,2,36382,36382
zscreen_original_graph_v1:zel028_hek293:22801,zscreen_original_graph_v1,zel028_hek293,22801,CPD_611926863542,3,37712,37712
zscreen_original_graph_v1:zel028_hek293:22801,zscreen_original_graph_v1,zel028_hek293,22801,CPD_664513814598,4,40936,40936
zscreen_original_graph_v1:zel028_hek293:22801,zscreen_original_graph_v1,zel028_hek293,22801,CPD_857216410485,5,52733,52733
zscreen_original_graph_v1:zel028_hek293:22909,zscreen_original_graph_v1,zel028_hek293,22909,CPD_413630819521,0,25421,25421
zscreen_original_graph_v1:zel028_hek293:22909,zscreen_original_graph_v1,zel028_hek293,22909,CPD_427950516848,1,26307,26307
zscreen_original_graph_v1:zel028_hek293:22909,zscreen_original_graph_v1,zel028_hek293,22909,CPD_840503395050,2,51729,51729
zscreen_original_graph_v1:zel028_hek293:23572,zscreen_original_graph_v1,zel028_hek293,23572,CPD_425338528667,0,26151,26151
zscreen_original_graph_v1:zel028_hek293:23572,zscreen_original_graph_v1,zel028_hek293,23572,CPD_579597716020,1,35702,35702
zscreen_original_graph_v1:zel028_hek293:23572,zscreen_original_graph_v1,zel028_hek293,23572,CPD_700934498162,2,43152,43152
zscreen_original_graph_v1:zel028_hek293:23588,zscreen_original_graph_v1,zel028_hek293,23588,CPD_425530028889,0,26168,26168
zscreen_original_graph_v1:zel028_hek293:23588,zscreen_original_graph_v1,zel028_hek293,23588,CPD_741647833747,1,45639,45639
zscreen_original_graph_v1:zel028_hek293:23588,zscreen_original_graph_v1,zel028_hek293,23588,CPD_907322709089,2,55798,55798
zscreen_original_graph_v1:zel028_hek293:23588,zscreen_original_graph_v1,zel028_hek293,23588,CPD_972715496310,3,59713,59713
zscreen_original_graph_v1:zel028_hek293:23713,zscreen_original_graph_v1,zel028_hek293,23713,CPD_428223302374,0,26318,26318
zscreen_original_graph_v1:zel028_hek293:23713,zscreen_original_graph_v1,zel028_hek293,23713,CPD_559408870611,1,34450,34450
zscreen_original_graph_v1:zel028_hek293:23713,zscreen_original_graph_v1,zel028_hek293,23713,CPD_685886767237,2,42240,42240
zscreen_original_graph_v1:zel028_hek293:23810,zscreen_original_graph_v1,zel028_hek293,23810,CPD_430080635837,0,26429,26429
zscreen_original_graph_v1:zel028_hek293:23810,zscreen_original_graph_v1,zel028_hek293,23810,CPD_735679016834,1,45244,45244
zscreen_original_graph_v1:zel028_hek293:23810,zscreen_original_graph_v1,zel028_hek293,23810,CPD_891346273669,2,54870,54870
zscreen_original_graph_v1:zel028_hek293:23910,zscreen_original_graph_v1,zel028_hek293,23910,CPD_431814323329,0,26536,26536
zscreen_original_graph_v1:zel028_hek293:23910,zscreen_original_graph_v1,zel028_hek293,23910,CPD_622894118457,1,38348,38348
zscreen_original_graph_v1:zel028_hek293:23910,zscreen_original_graph_v1,zel028_hek293,23910,CPD_632062630008,2,38908,38908
zscreen_original_graph_v1:zel028_hek293:23910,zscreen_original_graph_v1,zel028_hek293,23910,CPD_764164689768,3,47030,47030
zscreen_original_graph_v1:zel028_hek293:23910,zscreen_original_graph_v1,zel028_hek293,23910,CPD_972458133676,4,59697,59697
zscreen_original_graph_v1:zel028_hek293:23954,zscreen_original_graph_v1,zel028_hek293,23954,CPD_432660211420,0,26585,26585
zscreen_original_graph_v1:zel028_hek293:23954,zscreen_original_graph_v1,zel028_hek293,23954,CPD_459437415456,1,28279,28279
zscreen_original_graph_v1:zel028_hek293:23954,zscreen_original_graph_v1,zel028_hek293,23954,CPD_976128905788,2,59931,59931
zscreen_original_graph_v1:zel028_hek293:24234,zscreen_original_graph_v1,zel028_hek293,24234,CPD_437174053695,0,26892,26892
zscreen_original_graph_v1:zel028_hek293:24234,zscreen_original_graph_v1,zel028_hek293,24234,CPD_506488279338,1,31194,31194
zscreen_original_graph_v1:zel028_hek293:24234,zscreen_original_graph_v1,zel028_hek293,24234,CPD_811951684498,2,49941,49941
zscreen_original_graph_v1:zel028_hek293:24234,zscreen_original_graph_v1,zel028_hek293,24234,CPD_859871856729,3,52885,52885
zscreen_original_graph_v1:zel028_hek293:25088,zscreen_original_graph_v1,zel028_hek293,25088,CPD_452295967263,0,27852,27852
zscreen_original_graph_v1:zel028_hek293:25088,zscreen_original_graph_v1,zel028_hek293,25088,CPD_492782221765,1,30337,30337
zscreen_original_graph_v1:zel028_hek293:25088,zscreen_original_graph_v1,zel028_hek293,25088,CPD_628366273139,2,38690,38690
zscreen_original_graph_v1:zel028_hek293:25088,zscreen_original_graph_v1,zel028_hek293,25088,CPD_662180068339,3,40777,40777
zscreen_original_graph_v1:zel028_hek293:25088,zscreen_original_graph_v1,zel028_hek293,25088,CPD_838143282036,4,51571,51571
zscreen_original_graph_v1:zel028_hek293:25088,zscreen_original_graph_v1,zel028_hek293,25088,CPD_882798565568,5,54383,54383
zscreen_original_graph_v1:zel028_hek293:25247,zscreen_original_graph_v1,zel028_hek293,25247,CPD_455449547009,0,28036,28036
zscreen_original_graph_v1:zel028_hek293:25247,zscreen_original_graph_v1,zel028_hek293,25247,CPD_460749816877,1,28369,28369
zscreen_original_graph_v1:zel028_hek293:25247,zscreen_original_graph_v1,zel028_hek293,25247,CPD_481896687404,2,29701,29701
zscreen_original_graph_v1:zel028_hek293:25247,zscreen_original_graph_v1,zel028_hek293,25247,CPD_841186437883,3,51776,51776
zscreen_original_graph_v1:zel028_hek293:25247,zscreen_original_graph_v1,zel028_hek293,25247,CPD_951623316208,4,58449,58449
zscreen_original_graph_v1:zel028_hek293:25292,zscreen_original_graph_v1,zel028_hek293,25292,CPD_456345022865,0,28087,28087
zscreen_original_graph_v1:zel028_hek293:25292,zscreen_original_graph_v1,zel028_hek293,25292,CPD_912352729806,1,56067,56067
zscreen_original_graph_v1:zel028_hek293:25292,zscreen_original_graph_v1,zel028_hek293,25292,CPD_972688331084,2,59709,59709
zscreen_original_graph_v1:zel028_hek293:25420,zscreen_original_graph_v1,zel028_hek293,25420,CPD_458550587289,0,28229,28229
zscreen_original_graph_v1:zel028_hek293:25420,zscreen_original_graph_v1,zel028_hek293,25420,CPD_515261380624,1,31786,31786
zscreen_original_graph_v1:zel028_hek293:25420,zscreen_original_graph_v1,zel028_hek293,25420,CPD_768669256497,2,47304,47304
zscreen_original_graph_v1:zel028_hek293:25420,zscreen_original_graph_v1,zel028_hek293,25420,CPD_786900794768,3,48424,48424
zscreen_original_graph_v1:zel028_hek293:25420,zscreen_original_graph_v1,zel028_hek293,25420,CPD_804641478789,4,49523,49523
zscreen_original_graph_v1:zel028_hek293:25420,zscreen_original_graph_v1,zel028_hek293,25420,CPD_992138064182,5,60900,60900
zscreen_original_graph_v1:zel028_hek293:25511,zscreen_original_graph_v1,zel028_hek293,25511,CPD_460240426045,0,28332,28332
zscreen_original_graph_v1:zel028_hek293:25511,zscreen_original_graph_v1,zel028_hek293,25511,CPD_699072631852,1,43024,43024
zscreen_original_graph_v1:zel028_hek293:25511,zscreen_original_graph_v1,zel028_hek293,25511,CPD_750658958793,2,46215,46215
zscreen_original_graph_v1:zel028_hek293:25814,zscreen_original_graph_v1,zel028_hek293,25814,CPD_465089444172,0,28673,28673
zscreen_original_graph_v1:zel028_hek293:25814,zscreen_original_graph_v1,zel028_hek293,25814,CPD_487017295966,1,29997,29997
zscreen_original_graph_v1:zel028_hek293:25814,zscreen_original_graph_v1,zel028_hek293,25814,CPD_790322022645,2,48636,48636
zscreen_original_graph_v1:zel028_hek293:26127,zscreen_original_graph_v1,zel028_hek293,26127,CPD_471244052052,0,29032,29032
zscreen_original_graph_v1:zel028_hek293:26127,zscreen_original_graph_v1,zel028_hek293,26127,CPD_686445148161,1,42279,42279
zscreen_original_graph_v1:zel028_hek293:26127,zscreen_original_graph_v1,zel028_hek293,26127,CPD_698734551974,2,43002,43002
zscreen_original_graph_v1:zel028_hek293:26271,zscreen_original_graph_v1,zel028_hek293,26271,CPD_474108099275,0,29192,29192
zscreen_original_graph_v1:zel028_hek293:26271,zscreen_original_graph_v1,zel028_hek293,26271,CPD_788235022807,1,48517,48517
zscreen_original_graph_v1:zel028_hek293:26271,zscreen_original_graph_v1,zel028_hek293,26271,CPD_937237233921,2,57583,57583
zscreen_original_graph_v1:zel028_hek293:26414,zscreen_original_graph_v1,zel028_hek293,26414,CPD_476512232287,0,29357,29357
zscreen_original_graph_v1:zel028_hek293:26414,zscreen_original_graph_v1,zel028_hek293,26414,CPD_486203932873,1,29953,29953
zscreen_original_graph_v1:zel028_hek293:26414,zscreen_original_graph_v1,zel028_hek293,26414,CPD_661359888191,2,40715,40715
zscreen_original_graph_v1:zel028_hek293:27302,zscreen_original_graph_v1,zel028_hek293,27302,CPD_493095304772,0,30360,30360
zscreen_original_graph_v1:zel028_hek293:27302,zscreen_original_graph_v1,zel028_hek293,27302,CPD_549702177033,1,33876,33876
zscreen_original_graph_v1:zel028_hek293:27302,zscreen_original_graph_v1,zel028_hek293,27302,CPD_677094051348,2,41670,41670
zscreen_original_graph_v1:zel028_hek293:28157,zscreen_original_graph_v1,zel028_hek293,28157,CPD_508457234023,0,31325,31325
zscreen_original_graph_v1:zel028_hek293:28157,zscreen_original_graph_v1,zel028_hek293,28157,CPD_772050589185,1,47519,47519
zscreen_original_graph_v1:zel028_hek293:28157,zscreen_original_graph_v1,zel028_hek293,28157,CPD_774972941494,2,47697,47697
zscreen_original_graph_v1:zel028_hek293:28327,zscreen_original_graph_v1,zel028_hek293,28327,CPD_511336701247,0,31514,31514
zscreen_original_graph_v1:zel028_hek293:28327,zscreen_original_graph_v1,zel028_hek293,28327,CPD_867672879768,1,53380,53380
zscreen_original_graph_v1:zel028_hek293:28327,zscreen_original_graph_v1,zel028_hek293,28327,CPD_906378374208,2,55745,55745
zscreen_original_graph_v1:zel028_hek293:28860,zscreen_original_graph_v1,zel028_hek293,28860,CPD_520575541462,0,32112,32112
zscreen_original_graph_v1:zel028_hek293:28860,zscreen_original_graph_v1,zel028_hek293,28860,CPD_523885647142,1,32343,32343
zscreen_original_graph_v1:zel028_hek293:28860,zscreen_original_graph_v1,zel028_hek293,28860,CPD_728172607440,2,44812,44812
zscreen_original_graph_v1:zel028_hek293:28860,zscreen_original_graph_v1,zel028_hek293,28860,CPD_734139763559,3,45161,45161
zscreen_original_graph_v1:zel028_hek293:28860,zscreen_original_graph_v1,zel028_hek293,28860,CPD_739981691392,4,45529,45529
zscreen_original_graph_v1:zel028_hek293:28916,zscreen_original_graph_v1,zel028_hek293,28916,CPD_521421972876,0,32174,32174
zscreen_original_graph_v1:zel028_hek293:28916,zscreen_original_graph_v1,zel028_hek293,28916,CPD_547554307694,1,33755,33755
zscreen_original_graph_v1:zel028_hek293:28916,zscreen_original_graph_v1,zel028_hek293,28916,CPD_742433532282,2,45688,45688
zscreen_original_graph_v1:zel028_hek293:28916,zscreen_original_graph_v1,zel028_hek293,28916,CPD_837601626850,3,51543,51543
zscreen_original_graph_v1:zel028_hek293:28916,zscreen_original_graph_v1,zel028_hek293,28916,CPD_845707895800,4,52044,52044
zscreen_original_graph_v1:zel028_hek293:29003,zscreen_original_graph_v1,zel028_hek293,29003,CPD_523000724034,0,32268,32268
zscreen_original_graph_v1:zel028_hek293:29003,zscreen_original_graph_v1,zel028_hek293,29003,CPD_821642186846,1,50532,50532
zscreen_original_graph_v1:zel028_hek293:29003,zscreen_original_graph_v1,zel028_hek293,29003,CPD_857599301545,2,52758,52758
zscreen_original_graph_v1:zel028_hek293:29483,zscreen_original_graph_v1,zel028_hek293,29483,CPD_531385908359,0,32810,32810
zscreen_original_graph_v1:zel028_hek293:29483,zscreen_original_graph_v1,zel028_hek293,29483,CPD_835273360145,1,51403,51403
zscreen_original_graph_v1:zel028_hek293:29483,zscreen_original_graph_v1,zel028_hek293,29483,CPD_837753113156,2,51550,51550
zscreen_original_graph_v1:zel028_hek293:29483,zscreen_original_graph_v1,zel028_hek293,29483,CPD_926837161945,3,56932,56932
zscreen_original_graph_v1:zel028_hek293:29757,zscreen_original_graph_v1,zel028_hek293,29757,CPD_536868955200,0,33125,33125
zscreen_original_graph_v1:zel028_hek293:29757,zscreen_original_graph_v1,zel028_hek293,29757,CPD_633612666164,1,39008,39008
zscreen_original_graph_v1:zel028_hek293:29757,zscreen_original_graph_v1,zel028_hek293,29757,CPD_772703691828,2,47553,47553
zscreen_original_graph_v1:zel028_hek293:29943,zscreen_original_graph_v1,zel028_hek293,29943,CPD_540189341815,0,33328,33328
zscreen_original_graph_v1:zel028_hek293:29943,zscreen_original_graph_v1,zel028_hek293,29943,CPD_720054656163,1,44338,44338
zscreen_original_graph_v1:zel028_hek293:29943,zscreen_original_graph_v1,zel028_hek293,29943,CPD_834675463523,2,51351,51351
zscreen_original_graph_v1:zel028_hek293:29953,zscreen_original_graph_v1,zel028_hek293,29953,CPD_540401110819,0,33340,33340
zscreen_original_graph_v1:zel028_hek293:29953,zscreen_original_graph_v1,zel028_hek293,29953,CPD_672884428476,1,41418,41418
zscreen_original_graph_v1:zel028_hek293:29953,zscreen_original_graph_v1,zel028_hek293,29953,CPD_801809028330,2,49343,49343
zscreen_original_graph_v1:zel028_hek293:30187,zscreen_original_graph_v1,zel028_hek293,30187,CPD_544623770322,0,33596,33596
zscreen_original_graph_v1:zel028_hek293:30187,zscreen_original_graph_v1,zel028_hek293,30187,CPD_553410623085,1,34097,34097
zscreen_original_graph_v1:zel028_hek293:30187,zscreen_original_graph_v1,zel028_hek293,30187,CPD_612371482738,2,37743,37743
zscreen_original_graph_v1:zel028_hek293:30187,zscreen_original_graph_v1,zel028_hek293,30187,CPD_802381201560,3,49382,49382
zscreen_original_graph_v1:zel028_hek293:30187,zscreen_original_graph_v1,zel028_hek293,30187,CPD_821314543957,4,50514,50514
zscreen_original_graph_v1:zel028_hek293:30304,zscreen_original_graph_v1,zel028_hek293,30304,CPD_547207805880,0,33735,33735
zscreen_original_graph_v1:zel028_hek293:30304,zscreen_original_graph_v1,zel028_hek293,30304,CPD_840179976894,1,51701,51701
zscreen_original_graph_v1:zel028_hek293:30304,zscreen_original_graph_v1,zel028_hek293,30304,CPD_876889032736,2,53967,53967
zscreen_original_graph_v1:zel028_hek293:31333,zscreen_original_graph_v1,zel028_hek293,31333,CPD_566750793571,0,34919,34919
zscreen_original_graph_v1:zel028_hek293:31333,zscreen_original_graph_v1,zel028_hek293,31333,CPD_661685119324,1,40739,40739
zscreen_original_graph_v1:zel028_hek293:31333,zscreen_original_graph_v1,zel028_hek293,31333,CPD_742252688513,2,45678,45678
zscreen_original_graph_v1:zel028_hek293:31333,zscreen_original_graph_v1,zel028_hek293,31333,CPD_867189284393,3,53349,53349
zscreen_original_graph_v1:zel028_hek293:31333,zscreen_original_graph_v1,zel028_hek293,31333,CPD_943862508613,4,57963,57963
zscreen_original_graph_v1:zel028_hek293:32087,zscreen_original_graph_v1,zel028_hek293,32087,CPD_580478650623,0,35753,35753
zscreen_original_graph_v1:zel028_hek293:32087,zscreen_original_graph_v1,zel028_hek293,32087,CPD_613351583529,1,37801,37801
zscreen_original_graph_v1:zel028_hek293:32087,zscreen_original_graph_v1,zel028_hek293,32087,CPD_675976095392,2,41595,41595
zscreen_original_graph_v1:zel028_hek293:32217,zscreen_original_graph_v1,zel028_hek293,32217,CPD_582909871105,0,35894,35894
zscreen_original_graph_v1:zel028_hek293:32217,zscreen_original_graph_v1,zel028_hek293,32217,CPD_796206630544,1,48985,48985
zscreen_original_graph_v1:zel028_hek293:32217,zscreen_original_graph_v1,zel028_hek293,32217,CPD_868502093856,2,53431,53431
zscreen_original_graph_v1:zel028_hek293:32670,zscreen_original_graph_v1,zel028_hek293,32670,CPD_590405652713,0,36406,36406
zscreen_original_graph_v1:zel028_hek293:32670,zscreen_original_graph_v1,zel028_hek293,32670,CPD_594002468789,1,36632,36632
zscreen_original_graph_v1:zel028_hek293:32670,zscreen_original_graph_v1,zel028_hek293,32670,CPD_874176087257,2,53802,53802
zscreen_original_graph_v1:zel028_hek293:32890,zscreen_original_graph_v1,zel028_hek293,32890,CPD_594272335748,0,36647,36647
zscreen_original_graph_v1:zel028_hek293:32890,zscreen_original_graph_v1,zel028_hek293,32890,CPD_870130607853,1,53536,53536
zscreen_original_graph_v1:zel028_hek293:32890,zscreen_original_graph_v1,zel028_hek293,32890,CPD_907835747242,2,55828,55828
zscreen_original_graph_v1:zel028_hek293:32957,zscreen_original_graph_v1,zel028_hek293,32957,CPD_595231635552,0,36721,36721
zscreen_original_graph_v1:zel028_hek293:32957,zscreen_original_graph_v1,zel028_hek293,32957,CPD_818114141217,1,50322,50322
zscreen_original_graph_v1:zel028_hek293:32957,zscreen_original_graph_v1,zel028_hek293,32957,CPD_832622237864,2,51202,51202
zscreen_original_graph_v1:zel028_hek293:32957,zscreen_original_graph_v1,zel028_hek293,32957,CPD_922976536629,3,56698,56698
zscreen_original_graph_v1:zel028_hek293:33339,zscreen_original_graph_v1,zel028_hek293,33339,CPD_603121423644,0,37162,37162
zscreen_original_graph_v1:zel028_hek293:33339,zscreen_original_graph_v1,zel028_hek293,33339,CPD_673099997587,1,41428,41428
zscreen_original_graph_v1:zel028_hek293:33339,zscreen_original_graph_v1,zel028_hek293,33339,CPD_876340443026,2,53928,53928
zscreen_original_graph_v1:zel028_hek293:34127,zscreen_original_graph_v1,zel028_hek293,34127,CPD_617614716832,0,38042,38042
zscreen_original_graph_v1:zel028_hek293:34127,zscreen_original_graph_v1,zel028_hek293,34127,CPD_860959552222,1,52956,52956
zscreen_original_graph_v1:zel028_hek293:34127,zscreen_original_graph_v1,zel028_hek293,34127,CPD_911514812311,2,56014,56014
zscreen_original_graph_v1:zel028_hek293:34513,zscreen_original_graph_v1,zel028_hek293,34513,CPD_624799088164,0,38470,38470
zscreen_original_graph_v1:zel028_hek293:34513,zscreen_original_graph_v1,zel028_hek293,34513,CPD_780081412412,1,48026,48026
zscreen_original_graph_v1:zel028_hek293:34513,zscreen_original_graph_v1,zel028_hek293,34513,CPD_930525865635,2,57156,57156
zscreen_original_graph_v1:zel028_hek293:34724,zscreen_original_graph_v1,zel028_hek293,34724,CPD_628766338169,0,38713,38713
zscreen_original_graph_v1:zel028_hek293:34724,zscreen_original_graph_v1,zel028_hek293,34724,CPD_689271496987,1,42447,42447
zscreen_original_graph_v1:zel028_hek293:34724,zscreen_original_graph_v1,zel028_hek293,34724,CPD_774550064285,2,47671,47671
zscreen_original_graph_v1:zel028_hek293:34737,zscreen_original_graph_v1,zel028_hek293,34737,CPD_629082207839,0,38728,38728
zscreen_original_graph_v1:zel028_hek293:34737,zscreen_original_graph_v1,zel028_hek293,34737,CPD_854778658354,1,52593,52593
zscreen_original_graph_v1:zel028_hek293:34737,zscreen_original_graph_v1,zel028_hek293,34737,CPD_903148433090,2,55576,55576
zscreen_original_graph_v1:zel028_hek293:34737,zscreen_original_graph_v1,zel028_hek293,34737,CPD_912221359341,3,56059,56059
zscreen_original_graph_v1:zel028_hek293:35308,zscreen_original_graph_v1,zel028_hek293,35308,CPD_640047471492,0,39380,39380
zscreen_original_graph_v1:zel028_hek293:35308,zscreen_original_graph_v1,zel028_hek293,35308,CPD_759844209463,1,46756,46756
zscreen_original_graph_v1:zel028_hek293:35308,zscreen_original_graph_v1,zel028_hek293,35308,CPD_871569251775,2,53633,53633
zscreen_original_graph_v1:zel028_hek293:35308,zscreen_original_graph_v1,zel028_hek293,35308,CPD_916460970635,3,56319,56319
zscreen_original_graph_v1:zel028_hek293:35308,zscreen_original_graph_v1,zel028_hek293,35308,CPD_935789875589,4,57485,57485
zscreen_original_graph_v1:zel028_hek293:35526,zscreen_original_graph_v1,zel028_hek293,35526,CPD_643819842920,0,39618,39618
zscreen_original_graph_v1:zel028_hek293:35526,zscreen_original_graph_v1,zel028_hek293,35526,CPD_693048479502,1,42654,42654
zscreen_original_graph_v1:zel028_hek293:35526,zscreen_original_graph_v1,zel028_hek293,35526,CPD_953790531911,2,58571,58571
zscreen_original_graph_v1:zel028_hek293:36031,zscreen_original_graph_v1,zel028_hek293,36031,CPD_652519799572,0,40189,40189
zscreen_original_graph_v1:zel028_hek293:36031,zscreen_original_graph_v1,zel028_hek293,36031,CPD_843828944972,1,51929,51929
zscreen_original_graph_v1:zel028_hek293:36031,zscreen_original_graph_v1,zel028_hek293,36031,CPD_978545133630,2,60075,60075
zscreen_original_graph_v1:zel028_hek293:36066,zscreen_original_graph_v1,zel028_hek293,36066,CPD_653067800583,0,40226,40226
zscreen_original_graph_v1:zel028_hek293:36066,zscreen_original_graph_v1,zel028_hek293,36066,CPD_746394193959,1,45937,45937
zscreen_original_graph_v1:zel028_hek293:36066,zscreen_original_graph_v1,zel028_hek293,36066,CPD_987847026068,2,60641,60641
zscreen_original_graph_v1:zel028_hek293:37053,zscreen_original_graph_v1,zel028_hek293,37053,CPD_671787070354,0,41359,41359
zscreen_original_graph_v1:zel028_hek293:37053,zscreen_original_graph_v1,zel028_hek293,37053,CPD_716085189053,1,44060,44060
zscreen_original_graph_v1:zel028_hek293:37053,zscreen_original_graph_v1,zel028_hek293,37053,CPD_766235277642,2,47150,47150
zscreen_original_graph_v1:zel028_hek293:37275,zscreen_original_graph_v1,zel028_hek293,37275,CPD_676342763900,0,41618,41618
zscreen_original_graph_v1:zel028_hek293:37275,zscreen_original_graph_v1,zel028_hek293,37275,CPD_736884683324,1,45321,45321
zscreen_original_graph_v1:zel028_hek293:37275,zscreen_original_graph_v1,zel028_hek293,37275,CPD_762469689623,2,46922,46922
zscreen_original_graph_v1:zel028_hek293:37275,zscreen_original_graph_v1,zel028_hek293,37275,CPD_988670964387,3,60688,60688
zscreen_original_graph_v1:zel028_hek293:38277,zscreen_original_graph_v1,zel028_hek293,38277,CPD_694720123319,0,42756,42756
zscreen_original_graph_v1:zel028_hek293:38277,zscreen_original_graph_v1,zel028_hek293,38277,CPD_744247698041,1,45803,45803
zscreen_original_graph_v1:zel028_hek293:38277,zscreen_original_graph_v1,zel028_hek293,38277,CPD_855626561368,2,52641,52641
zscreen_original_graph_v1:zel028_hek293:40237,zscreen_original_graph_v1,zel028_hek293,40237,CPD_731166464688,0,44987,44987
zscreen_original_graph_v1:zel028_hek293:40237,zscreen_original_graph_v1,zel028_hek293,40237,CPD_799876851027,1,49213,49213
zscreen_original_graph_v1:zel028_hek293:40237,zscreen_original_graph_v1,zel028_hek293,40237,CPD_935876686800,2,57488,57488
zscreen_original_graph_v1:zel028_hek293:41824,zscreen_original_graph_v1,zel028_hek293,41824,CPD_760857670018,0,46820,46820
zscreen_original_graph_v1:zel028_hek293:41824,zscreen_original_graph_v1,zel028_hek293,41824,CPD_799209244621,1,49170,49170
zscreen_original_graph_v1:zel028_hek293:41824,zscreen_original_graph_v1,zel028_hek293,41824,CPD_876440521700,2,53933,53933
zscreen_original_graph_v1:zel028_hek293:42789,zscreen_original_graph_v1,zel028_hek293,42789,CPD_778295188726,0,47908,47908
zscreen_original_graph_v1:zel028_hek293:42789,zscreen_original_graph_v1,zel028_hek293,42789,CPD_931141540523,1,57204,57204
zscreen_original_graph_v1:zel028_hek293:42789,zscreen_original_graph_v1,zel028_hek293,42789,CPD_938770109477,2,57657,57657
zscreen_original_graph_v1:zel028_hek293:45346,zscreen_original_graph_v1,zel028_hek293,45346,CPD_826900655379,0,50844,50844
zscreen_original_graph_v1:zel028_hek293:45346,zscreen_original_graph_v1,zel028_hek293,45346,CPD_850689666690,1,52360,52360
zscreen_original_graph_v1:zel028_hek293:45346,zscreen_original_graph_v1,zel028_hek293,45346,CPD_875031447026,2,53859,53859
zscreen_original_graph_v1:zel028_hek293:45721,zscreen_original_graph_v1,zel028_hek293,45721,CPD_833429675082,0,51262,51262
zscreen_original_graph_v1:zel028_hek293:45721,zscreen_original_graph_v1,zel028_hek293,45721,CPD_938782249987,1,57659,57659
zscreen_original_graph_v1:zel028_hek293:45721,zscreen_original_graph_v1,zel028_hek293,45721,CPD_969823651876,2,59545,59545
zscreen_original_graph_v1:zel031_a549:321,zscreen_original_graph_v1,zel031_a549,321,CPD_038039363420,0,321,321
zscreen_original_graph_v1:zel031_a549:321,zscreen_original_graph_v1,zel031_a549,321,CPD_500597637470,1,4177,4177
zscreen_original_graph_v1:zel031_a549:321,zscreen_original_graph_v1,zel031_a549,321,CPD_660215378614,2,5510,5510
zscreen_original_graph_v1:zel031_a549:483,zscreen_original_graph_v1,zel031_a549,483,CPD_057094533020,0,483,483
zscreen_original_graph_v1:zel031_a549:483,zscreen_original_graph_v1,zel031_a549,483,CPD_069856346201,1,577,577
zscreen_original_graph_v1:zel031_a549:483,zscreen_original_graph_v1,zel031_a549,483,CPD_078980602449,2,647,647
zscreen_original_graph_v1:zel031_a549:483,zscreen_original_graph_v1,zel031_a549,483,CPD_115646526416,3,986,986
zscreen_original_graph_v1:zel031_a549:483,zscreen_original_graph_v1,zel031_a549,483,CPD_125670957298,4,1091,1091
zscreen_original_graph_v1:zel031_a549:483,zscreen_original_graph_v1,zel031_a549,483,CPD_235604930694,5,2023,2023
zscreen_original_graph_v1:zel031_a549:483,zscreen_original_graph_v1,zel031_a549,483,CPD_373123262395,6,3134,3134
zscreen_original_graph_v1:zel031_a549:483,zscreen_original_graph_v1,zel031_a549,483,CPD_407422545236,7,3413,3413
zscreen_original_graph_v1:zel031_a549:483,zscreen_original_graph_v1,zel031_a549,483,CPD_449276645489,8,3737,3737
zscreen_original_graph_v1:zel031_a549:483,zscreen_original_graph_v1,zel031_a549,483,CPD_458761385425,9,3830,3830
zscreen_original_graph_v1:zel031_a549:483,zscreen_original_graph_v1,zel031_a549,483,CPD_555888838978,10,4631,4631
zscreen_original_graph_v1:zel031_a549:483,zscreen_original_graph_v1,zel031_a549,483,CPD_582137102670,11,4855,4855
zscreen_original_graph_v1:zel031_a549:483,zscreen_original_graph_v1,zel031_a549,483,CPD_612511863735,12,5086,5086
zscreen_original_graph_v1:zel031_a549:483,zscreen_original_graph_v1,zel031_a549,483,CPD_616692292436,13,5121,5121
zscreen_original_graph_v1:zel031_a549:483,zscreen_original_graph_v1,zel031_a549,483,CPD_655271931508,14,5456,5456
zscreen_original_graph_v1:zel031_a549:483,zscreen_original_graph_v1,zel031_a549,483,CPD_658621007785,15,5491,5491
zscreen_original_graph_v1:zel031_a549:483,zscreen_original_graph_v1,zel031_a549,483,CPD_685509742627,16,5724,5724
zscreen_original_graph_v1:zel031_a549:483,zscreen_original_graph_v1,zel031_a549,483,CPD_712105040909,17,5917,5917
zscreen_original_graph_v1:zel031_a549:483,zscreen_original_graph_v1,zel031_a549,483,CPD_718352791390,18,5971,5971
zscreen_original_graph_v1:zel031_a549:483,zscreen_original_graph_v1,zel031_a549,483,CPD_735942925552,19,6114,6114
zscreen_original_graph_v1:zel031_a549:483,zscreen_original_graph_v1,zel031_a549,483,CPD_764568950977,20,6357,6357
zscreen_original_graph_v1:zel031_a549:483,zscreen_original_graph_v1,zel031_a549,483,CPD_852097177226,21,7072,7072
zscreen_original_graph_v1:zel031_a549:636,zscreen_original_graph_v1,zel031_a549,636,CPD_077195387151,0,637,637
zscreen_original_graph_v1:zel031_a549:636,zscreen_original_graph_v1,zel031_a549,636,CPD_331434360107,1,2800,2800
zscreen_original_graph_v1:zel031_a549:636,zscreen_original_graph_v1,zel031_a549,636,CPD_535635791838,2,4467,4467
zscreen_original_graph_v1:zel031_a549:636,zscreen_original_graph_v1,zel031_a549,636,CPD_901567411578,3,7492,7492
zscreen_original_graph_v1:zel031_a549:1389,zscreen_original_graph_v1,zel031_a549,1389,CPD_159462737190,0,1394,1394
zscreen_original_graph_v1:zel031_a549:1389,zscreen_original_graph_v1,zel031_a549,1389,CPD_844945363355,1,6999,6999
zscreen_original_graph_v1:zel031_a549:1389,zscreen_original_graph_v1,zel031_a549,1389,CPD_870616332736,2,7236,7236
zscreen_original_graph_v1:zel031_a549:1389,zscreen_original_graph_v1,zel031_a549,1389,CPD_895537581036,3,7448,7448
zscreen_original_graph_v1:zel031_a549:2293,zscreen_original_graph_v1,zel031_a549,2293,CPD_269012014203,0,2301,2301
zscreen_original_graph_v1:zel031_a549:2293,zscreen_original_graph_v1,zel031_a549,2293,CPD_630662513234,1,5245,5245
zscreen_original_graph_v1:zel031_a549:2293,zscreen_original_graph_v1,zel031_a549,2293,CPD_659322081313,2,5500,5500
zscreen_original_graph_v1:zel031_a549:4293,zscreen_original_graph_v1,zel031_a549,4293,CPD_518160376544,0,4317,4317
zscreen_original_graph_v1:zel031_a549:4293,zscreen_original_graph_v1,zel031_a549,4293,CPD_812191915207,1,6740,6740
zscreen_original_graph_v1:zel031_a549:4293,zscreen_original_graph_v1,zel031_a549,4293,CPD_991539778494,2,8245,8245
zscreen_original_graph_v1:zel031_thp1:36,zscreen_original_graph_v1,zel031_thp1,36,CPD_004021075653,0,36,36
zscreen_original_graph_v1:zel031_thp1:36,zscreen_original_graph_v1,zel031_thp1,36,CPD_103094238805,1,947,947
zscreen_original_graph_v1:zel031_thp1:36,zscreen_original_graph_v1,zel031_thp1,36,CPD_447623851953,2,4025,4025
zscreen_original_graph_v1:zel031_thp1:36,zscreen_original_graph_v1,zel031_thp1,36,CPD_460346261354,3,4165,4165
zscreen_original_graph_v1:zel031_thp1:537,zscreen_original_graph_v1,zel031_thp1,537,CPD_057916719540,0,537,537
zscreen_original_graph_v1:zel031_thp1:537,zscreen_original_graph_v1,zel031_thp1,537,CPD_493477321462,1,4469,4469
zscreen_original_graph_v1:zel031_thp1:537,zscreen_original_graph_v1,zel031_thp1,537,CPD_691502812526,2,6284,6284
zscreen_original_graph_v1:zel031_thp1:540,zscreen_original_graph_v1,zel031_thp1,540,CPD_058040957967,0,540,540
zscreen_original_graph_v1:zel031_thp1:540,zscreen_original_graph_v1,zel031_thp1,540,CPD_471643472791,1,4241,4241
zscreen_original_graph_v1:zel031_thp1:540,zscreen_original_graph_v1,zel031_thp1,540,CPD_878420244787,2,7910,7910
zscreen_original_graph_v1:zel031_thp1:614,zscreen_original_graph_v1,zel031_thp1,614,CPD_065954881440,0,614,614
zscreen_original_graph_v1:zel031_thp1:614,zscreen_original_graph_v1,zel031_thp1,614,CPD_588199423245,1,5315,5315
zscreen_original_graph_v1:zel031_thp1:614,zscreen_original_graph_v1,zel031_thp1,614,CPD_684034158004,2,6212,6212
zscreen_original_graph_v1:zel031_thp1:642,zscreen_original_graph_v1,zel031_thp1,642,CPD_069856346201,0,642,642
zscreen_original_graph_v1:zel031_thp1:642,zscreen_original_graph_v1,zel031_thp1,642,CPD_236229921432,1,2197,2197
zscreen_original_graph_v1:zel031_thp1:642,zscreen_original_graph_v1,zel031_thp1,642,CPD_455869778782,2,4128,4128
zscreen_original_graph_v1:zel031_thp1:717,zscreen_original_graph_v1,zel031_thp1,717,CPD_078980602449,0,717,717
zscreen_original_graph_v1:zel031_thp1:717,zscreen_original_graph_v1,zel031_thp1,717,CPD_235604930694,1,2189,2189
zscreen_original_graph_v1:zel031_thp1:717,zscreen_original_graph_v1,zel031_thp1,717,CPD_345414120915,2,3151,3151
zscreen_original_graph_v1:zel031_thp1:717,zscreen_original_graph_v1,zel031_thp1,717,CPD_352561218926,3,3223,3223
zscreen_original_graph_v1:zel031_thp1:717,zscreen_original_graph_v1,zel031_thp1,717,CPD_407422545236,4,3695,3695
zscreen_original_graph_v1:zel031_thp1:717,zscreen_original_graph_v1,zel031_thp1,717,CPD_495878480812,5,4495,4495
zscreen_original_graph_v1:zel031_thp1:717,zscreen_original_graph_v1,zel031_thp1,717,CPD_509955582359,6,4621,4621
zscreen_original_graph_v1:zel031_thp1:717,zscreen_original_graph_v1,zel031_thp1,717,CPD_512858976241,7,4650,4650
zscreen_original_graph_v1:zel031_thp1:717,zscreen_original_graph_v1,zel031_thp1,717,CPD_582137102670,8,5273,5273
zscreen_original_graph_v1:zel031_thp1:717,zscreen_original_graph_v1,zel031_thp1,717,CPD_655271931508,9,5940,5940
zscreen_original_graph_v1:zel031_thp1:717,zscreen_original_graph_v1,zel031_thp1,717,CPD_712105040909,10,6445,6445
zscreen_original_graph_v1:zel031_thp1:717,zscreen_original_graph_v1,zel031_thp1,717,CPD_735942925552,11,6644,6644
zscreen_original_graph_v1:zel031_thp1:717,zscreen_original_graph_v1,zel031_thp1,717,CPD_863298481712,12,7766,7766
zscreen_original_graph_v1:zel031_thp1:769,zscreen_original_graph_v1,zel031_thp1,769,CPD_084220795988,0,769,769
zscreen_original_graph_v1:zel031_thp1:769,zscreen_original_graph_v1,zel031_thp1,769,CPD_275375344577,1,2570,2570
zscreen_original_graph_v1:zel031_thp1:769,zscreen_original_graph_v1,zel031_thp1,769,CPD_546142365161,2,4951,4951
zscreen_original_graph_v1:zel031_thp1:769,zscreen_original_graph_v1,zel031_thp1,769,CPD_604763428341,3,5451,5451
zscreen_original_graph_v1:zel031_thp1:1522,zscreen_original_graph_v1,zel031_thp1,1522,CPD_162085172576,0,1523,1523
zscreen_original_graph_v1:zel031_thp1:1522,zscreen_original_graph_v1,zel031_thp1,1522,CPD_904486781664,1,8144,8144
zscreen_original_graph_v1:zel031_thp1:1522,zscreen_original_graph_v1,zel031_thp1,1522,CPD_998818969945,2,9032,9032
zscreen_original_graph_v1:zel031_thp1:1536,zscreen_original_graph_v1,zel031_thp1,1536,CPD_163628867817,0,1537,1537
zscreen_original_graph_v1:zel031_thp1:1536,zscreen_original_graph_v1,zel031_thp1,1536,CPD_746380945987,1,6740,6740
zscreen_original_graph_v1:zel031_thp1:1536,zscreen_original_graph_v1,zel031_thp1,1536,CPD_874044559214,2,7874,7874
zscreen_original_graph_v1:zel031_thp1:1909,zscreen_original_graph_v1,zel031_thp1,1909,CPD_206491923984,0,1912,1912
zscreen_original_graph_v1:zel031_thp1:1909,zscreen_original_graph_v1,zel031_thp1,1909,CPD_566282488001,1,5139,5139
zscreen_original_graph_v1:zel031_thp1:1909,zscreen_original_graph_v1,zel031_thp1,1909,CPD_574307799400,2,5211,5211
zscreen_original_graph_v1:zel031_thp1:1909,zscreen_original_graph_v1,zel031_thp1,1909,CPD_778187673982,3,7025,7025
zscreen_original_graph_v1:zel031_thp1:1909,zscreen_original_graph_v1,zel031_thp1,1909,CPD_936702239242,4,8452,8452
zscreen_original_graph_v1:zel031_thp1:5335,zscreen_original_graph_v1,zel031_thp1,5335,CPD_595076535466,0,5371,5371
zscreen_original_graph_v1:zel031_thp1:5335,zscreen_original_graph_v1,zel031_thp1,5335,CPD_699311271308,1,6339,6339
zscreen_original_graph_v1:zel031_thp1:5335,zscreen_original_graph_v1,zel031_thp1,5335,CPD_717597873458,2,6492,6492
zscreen_original_graph_v1:zel039_aec7:76,zscreen_original_graph_v1,zel039_aec7,76,CPD_004348661187,0,80,80
zscreen_original_graph_v1:zel039_aec7:76,zscreen_original_graph_v1,zel039_aec7,76,CPD_282542355066,1,5947,5947
zscreen_original_graph_v1:zel039_aec7:76,zscreen_original_graph_v1,zel039_aec7,76,CPD_371402041788,2,7817,7817
zscreen_original_graph_v1:zel039_aec7:76,zscreen_original_graph_v1,zel039_aec7,76,CPD_579285059337,3,12078,12078
zscreen_original_graph_v1:zel039_aec7:76,zscreen_original_graph_v1,zel039_aec7,76,CPD_947577743501,4,19677,19677
zscreen_original_graph_v1:zel039_aec7:80,zscreen_original_graph_v1,zel039_aec7,80,CPD_004600903759,0,86,86
zscreen_original_graph_v1:zel039_aec7:80,zscreen_original_graph_v1,zel039_aec7,80,CPD_015297837363,1,297,297
zscreen_original_graph_v1:zel039_aec7:80,zscreen_original_graph_v1,zel039_aec7,80,CPD_182750863442,2,3777,3777
zscreen_original_graph_v1:zel039_aec7:80,zscreen_original_graph_v1,zel039_aec7,80,CPD_353259348263,3,7438,7438
zscreen_original_graph_v1:zel039_aec7:80,zscreen_original_graph_v1,zel039_aec7,80,CPD_876671909581,4,18190,18190
zscreen_original_graph_v1:zel039_aec7:115,zscreen_original_graph_v1,zel039_aec7,115,CPD_006674185683,0,128,128
zscreen_original_graph_v1:zel039_aec7:115,zscreen_original_graph_v1,zel039_aec7,115,CPD_006843573720,1,133,133
zscreen_original_graph_v1:zel039_aec7:115,zscreen_original_graph_v1,zel039_aec7,115,CPD_007175649159,2,145,145
zscreen_original_graph_v1:zel039_aec7:115,zscreen_original_graph_v1,zel039_aec7,115,CPD_015927140717,3,312,312
zscreen_original_graph_v1:zel039_aec7:115,zscreen_original_graph_v1,zel039_aec7,115,CPD_021786638798,4,417,417
zscreen_original_graph_v1:zel039_aec7:115,zscreen_original_graph_v1,zel039_aec7,115,CPD_026305177076,5,510,510
zscreen_original_graph_v1:zel039_aec7:115,zscreen_original_graph_v1,zel039_aec7,115,CPD_053533531787,6,1111,1111
zscreen_original_graph_v1:zel039_aec7:115,zscreen_original_graph_v1,zel039_aec7,115,CPD_053730809331,7,1114,1114
zscreen_original_graph_v1:zel039_aec7:115,zscreen_original_graph_v1,zel039_aec7,115,CPD_057791529536,8,1203,1203
zscreen_original_graph_v1:zel039_aec7:115,zscreen_original_graph_v1,zel039_aec7,115,CPD_064031967588,9,1333,1333
zscreen_original_graph_v1:zel039_aec7:115,zscreen_original_graph_v1,zel039_aec7,115,CPD_069366764999,10,1442,1442
zscreen_original_graph_v1:zel039_aec7:115,zscreen_original_graph_v1,zel039_aec7,115,CPD_101145330084,11,2112,2112
zscreen_original_graph_v1:zel039_aec7:115,zscreen_original_graph_v1,zel039_aec7,115,CPD_105091504108,12,2183,2183
zscreen_original_graph_v1:zel039_aec7:115,zscreen_original_graph_v1,zel039_aec7,115,CPD_113163894449,13,2349,2349
zscreen_original_graph_v1:zel039_aec7:115,zscreen_original_graph_v1,zel039_aec7,115,CPD_135153803746,14,2798,2798
zscreen_original_graph_v1:zel039_aec7:115,zscreen_original_graph_v1,zel039_aec7,115,CPD_137897688330,15,2847,2847
zscreen_original_graph_v1:zel039_aec7:115,zscreen_original_graph_v1,zel039_aec7,115,CPD_139952614515,16,2899,2899
zscreen_original_graph_v1:zel039_aec7:115,zscreen_original_graph_v1,zel039_aec7,115,CPD_160628810053,17,3339,3339
zscreen_original_graph_v1:zel039_aec7:115,zscreen_original_graph_v1,zel039_aec7,115,CPD_175391363126,18,3626,3626
zscreen_original_graph_v1:zel039_aec7:115,zscreen_original_graph_v1,zel039_aec7,115,CPD_184369101472,19,3813,3813
zscreen_original_graph_v1:zel039_aec7:115,zscreen_original_graph_v1,zel039_aec7,115,CPD_185128479680,20,3829,3829
zscreen_original_graph_v1:zel039_aec7:115,zscreen_original_graph_v1,zel039_aec7,115,CPD_193590205120,21,4022,4022
zscreen_original_graph_v1:zel039_aec7:115,zscreen_original_graph_v1,zel039_aec7,115,CPD_200523902226,22,4190,4190
zscreen_original_graph_v1:zel039_aec7:115,zscreen_original_graph_v1,zel039_aec7,115,CPD_203459030119,23,4254,4254
zscreen_original_graph_v1:zel039_aec7:115,zscreen_original_graph_v1,zel039_aec7,115,CPD_208011165396,24,4346,4346
zscreen_original_graph_v1:zel039_aec7:115,zscreen_original_graph_v1,zel039_aec7,115,CPD_208643487134,25,4357,4357
zscreen_original_graph_v1:zel039_aec7:115,zscreen_original_graph_v1,zel039_aec7,115,CPD_213827124959,26,4491,4491
zscreen_original_graph_v1:zel039_aec7:115,zscreen_original_graph_v1,zel039_aec7,115,CPD_218758524413,27,4589,4589
zscreen_original_graph_v1:zel039_aec7:115,zscreen_original_graph_v1,zel039_aec7,115,CPD_222881277508,28,4667,4667
zscreen_original_graph_v1:zel039_aec7:115,zscreen_original_graph_v1,zel039_aec7,115,CPD_223467993293,29,4678,4678
zscreen_original_graph_v1:zel039_aec7:115,zscreen_original_graph_v1,zel039_aec7,115,CPD_230679754801,30,4811,4811
zscreen_original_graph_v1:zel039_aec7:115,zscreen_original_graph_v1,zel039_aec7,115,CPD_236026844964,31,4913,4913
zscreen_original_graph_v1:zel039_aec7:115,zscreen_original_graph_v1,zel039_aec7,115,CPD_255534655292,32,5334,5334
zscreen_original_graph_v1:zel039_aec7:115,zscreen_original_graph_v1,zel039_aec7,115,CPD_256977417837,33,5371,5371
zscreen_original_graph_v1:zel039_aec7:115,zscreen_original_graph_v1,zel039_aec7,115,CPD_260351413530,34,5449,5449
zscreen_original_graph_v1:zel039_aec7:115,zscreen_original_graph_v1,zel039_aec7,115,CPD_269400886425,35,5650,5650
zscreen_original_graph_v1:zel039_aec7:115,zscreen_original_graph_v1,zel039_aec7,115,CPD_279019529018,36,5872,5872
zscreen_original_graph_v1:zel039_aec7:115,zscreen_original_graph_v1,zel039_aec7,115,CPD_300727989534,37,6324,6324
zscreen_original_graph_v1:zel039_aec7:115,zscreen_original_graph_v1,zel039_aec7,115,CPD_303196303379,38,6381,6381
zscreen_original_graph_v1:zel039_aec7:115,zscreen_original_graph_v1,zel039_aec7,115,CPD_312732330842,39,6557,6557
zscreen_original_graph_v1:zel039_aec7:115,zscreen_original_graph_v1,zel039_aec7,115,CPD_323693232473,40,6798,6798
zscreen_original_graph_v1:zel039_aec7:115,zscreen_original_graph_v1,zel039_aec7,115,CPD_327947110030,41,6882,6882
zscreen_original_graph_v1:zel039_aec7:115,zscreen_original_graph_v1,zel039_aec7,115,CPD_334122509523,42,7018,7018
zscreen_original_graph_v1:zel039_aec7:115,zscreen_original_graph_v1,zel039_aec7,115,CPD_336631777728,43,7065,7065
zscreen_original_graph_v1:zel039_aec7:115,zscreen_original_graph_v1,zel039_aec7,115,CPD_346156083735,44,7280,7280
zscreen_original_graph_v1:zel039_aec7:115,zscreen_original_graph_v1,zel039_aec7,115,CPD_348801878993,45,7342,7342
zscreen_original_graph_v1:zel039_aec7:115,zscreen_original_graph_v1,zel039_aec7,115,CPD_357733063975,46,7540,7540
zscreen_original_graph_v1:zel039_aec7:115,zscreen_original_graph_v1,zel039_aec7,115,CPD_389928988625,47,8201,8201
zscreen_original_graph_v1:zel039_aec7:115,zscreen_original_graph_v1,zel039_aec7,115,CPD_391587084675,48,8243,8243
zscreen_original_graph_v1:zel039_aec7:115,zscreen_original_graph_v1,zel039_aec7,115,CPD_394736948666,49,8308,8308
zscreen_original_graph_v1:zel039_aec7:115,zscreen_original_graph_v1,zel039_aec7,115,CPD_400316558603,50,8409,8409
zscreen_original_graph_v1:zel039_aec7:115,zscreen_original_graph_v1,zel039_aec7,115,CPD_411368627011,51,8621,8621
zscreen_original_graph_v1:zel039_aec7:115,zscreen_original_graph_v1,zel039_aec7,115,CPD_417460171549,52,8755,8755
zscreen_original_graph_v1:zel039_aec7:115,zscreen_original_graph_v1,zel039_aec7,115,CPD_418162502136,53,8772,8772
zscreen_original_graph_v1:zel039_aec7:115,zscreen_original_graph_v1,zel039_aec7,115,CPD_445128312191,54,9281,9281
zscreen_original_graph_v1:zel039_aec7:115,zscreen_original_graph_v1,zel039_aec7,115,CPD_445417025913,55,9289,9289
zscreen_original_graph_v1:zel039_aec7:115,zscreen_original_graph_v1,zel039_aec7,115,CPD_451924529952,56,9430,9430
zscreen_original_graph_v1:zel039_aec7:115,zscreen_original_graph_v1,zel039_aec7,115,CPD_456825037019,57,9530,9530
zscreen_original_graph_v1:zel039_aec7:115,zscreen_original_graph_v1,zel039_aec7,115,CPD_471982627802,58,9864,9864
zscreen_original_graph_v1:zel039_aec7:115,zscreen_original_graph_v1,zel039_aec7,115,CPD_484392319953,59,10111,10111
zscreen_original_graph_v1:zel039_aec7:115,zscreen_original_graph_v1,zel039_aec7,115,CPD_485273134057,60,10128,10128
zscreen_original_graph_v1:zel039_aec7:115,zscreen_original_graph_v1,zel039_aec7,115,CPD_491609345648,61,10286,10286
zscreen_original_graph_v1:zel039_aec7:115,zscreen_original_graph_v1,zel039_aec7,115,CPD_506897138508,62,10606,10606
zscreen_original_graph_v1:zel039_aec7:115,zscreen_original_graph_v1,zel039_aec7,115,CPD_525854734199,63,10964,10964
zscreen_original_graph_v1:zel039_aec7:115,zscreen_original_graph_v1,zel039_aec7,115,CPD_527639466496,64,10998,10998
zscreen_original_graph_v1:zel039_aec7:115,zscreen_original_graph_v1,zel039_aec7,115,CPD_532042149777,65,11078,11078
zscreen_original_graph_v1:zel039_aec7:115,zscreen_original_graph_v1,zel039_aec7,115,CPD_536379276369,66,11165,11165
zscreen_original_graph_v1:zel039_aec7:115,zscreen_original_graph_v1,zel039_aec7,115,CPD_537434596442,67,11188,11188
zscreen_original_graph_v1:zel039_aec7:115,zscreen_original_graph_v1,zel039_aec7,115,CPD_541558538443,68,11264,11264
zscreen_original_graph_v1:zel039_aec7:115,zscreen_original_graph_v1,zel039_aec7,115,CPD_561128760201,69,11657,11657
zscreen_original_graph_v1:zel039_aec7:115,zscreen_original_graph_v1,zel039_aec7,115,CPD_564840843962,70,11752,11752
zscreen_original_graph_v1:zel039_aec7:115,zscreen_original_graph_v1,zel039_aec7,115,CPD_579066008095,71,12074,12074
zscreen_original_graph_v1:zel039_aec7:115,zscreen_original_graph_v1,zel039_aec7,115,CPD_611921158797,72,12710,12710
zscreen_original_graph_v1:zel039_aec7:115,zscreen_original_graph_v1,zel039_aec7,115,CPD_614595436734,73,12767,12767
zscreen_original_graph_v1:zel039_aec7:115,zscreen_original_graph_v1,zel039_aec7,115,CPD_624035848877,74,12972,12972
zscreen_original_graph_v1:zel039_aec7:115,zscreen_original_graph_v1,zel039_aec7,115,CPD_625065965965,75,12987,12987
zscreen_original_graph_v1:zel039_aec7:115,zscreen_original_graph_v1,zel039_aec7,115,CPD_629934603525,76,13085,13085
zscreen_original_graph_v1:zel039_aec7:115,zscreen_original_graph_v1,zel039_aec7,115,CPD_638325773260,77,13252,13252
zscreen_original_graph_v1:zel039_aec7:115,zscreen_original_graph_v1,zel039_aec7,115,CPD_642893168628,78,13351,13351
zscreen_original_graph_v1:zel039_aec7:115,zscreen_original_graph_v1,zel039_aec7,115,CPD_643202669172,79,13358,13358
zscreen_original_graph_v1:zel039_aec7:115,zscreen_original_graph_v1,zel039_aec7,115,CPD_649961640279,80,13483,13483
zscreen_original_graph_v1:zel039_aec7:115,zscreen_original_graph_v1,zel039_aec7,115,CPD_655907854862,81,13616,13616
zscreen_original_graph_v1:zel039_aec7:115,zscreen_original_graph_v1,zel039_aec7,115,CPD_666015277691,82,13832,13832
zscreen_original_graph_v1:zel039_aec7:115,zscreen_original_graph_v1,zel039_aec7,115,CPD_675303458872,83,14048,14048
zscreen_original_graph_v1:zel039_aec7:115,zscreen_original_graph_v1,zel039_aec7,115,CPD_701849737953,84,14593,14593
zscreen_original_graph_v1:zel039_aec7:115,zscreen_original_graph_v1,zel039_aec7,115,CPD_705644790544,85,14662,14662
zscreen_original_graph_v1:zel039_aec7:115,zscreen_original_graph_v1,zel039_aec7,115,CPD_710560417756,86,14765,14765
zscreen_original_graph_v1:zel039_aec7:115,zscreen_original_graph_v1,zel039_aec7,115,CPD_716976301826,87,14890,14890
zscreen_original_graph_v1:zel039_aec7:115,zscreen_original_graph_v1,zel039_aec7,115,CPD_719112920327,88,14933,14933
zscreen_original_graph_v1:zel039_aec7:115,zscreen_original_graph_v1,zel039_aec7,115,CPD_726673759498,89,15076,15076
zscreen_original_graph_v1:zel039_aec7:115,zscreen_original_graph_v1,zel039_aec7,115,CPD_728640217258,90,15124,15124
zscreen_original_graph_v1:zel039_aec7:115,zscreen_original_graph_v1,zel039_aec7,115,CPD_736925070662,91,15281,15281
zscreen_original_graph_v1:zel039_aec7:115,zscreen_original_graph_v1,zel039_aec7,115,CPD_768325491516,92,15929,15929
zscreen_original_graph_v1:zel039_aec7:115,zscreen_original_graph_v1,zel039_aec7,115,CPD_792516773590,93,16456,16456
zscreen_original_graph_v1:zel039_aec7:115,zscreen_original_graph_v1,zel039_aec7,115,CPD_793075399952,94,16468,16468
zscreen_original_graph_v1:zel039_aec7:115,zscreen_original_graph_v1,zel039_aec7,115,CPD_794523863483,95,16500,16500
zscreen_original_graph_v1:zel039_aec7:115,zscreen_original_graph_v1,zel039_aec7,115,CPD_800317040339,96,16640,16640
zscreen_original_graph_v1:zel039_aec7:115,zscreen_original_graph_v1,zel039_aec7,115,CPD_801483975877,97,16668,16668
zscreen_original_graph_v1:zel039_aec7:115,zscreen_original_graph_v1,zel039_aec7,115,CPD_802727561186,98,16694,16694
zscreen_original_graph_v1:zel039_aec7:115,zscreen_original_graph_v1,zel039_aec7,115,CPD_824197780208,99,17133,17133
zscreen_original_graph_v1:zel039_aec7:115,zscreen_original_graph_v1,zel039_aec7,115,CPD_829501568418,100,17240,17240
zscreen_original_graph_v1:zel039_aec7:115,zscreen_original_graph_v1,zel039_aec7,115,CPD_830149354340,101,17255,17255
zscreen_original_graph_v1:zel039_aec7:115,zscreen_original_graph_v1,zel039_aec7,115,CPD_856623853646,102,17794,17794
zscreen_original_graph_v1:zel039_aec7:115,zscreen_original_graph_v1,zel039_aec7,115,CPD_869315579632,103,18026,18026
zscreen_original_graph_v1:zel039_aec7:115,zscreen_original_graph_v1,zel039_aec7,115,CPD_873274893500,104,18118,18118
zscreen_original_graph_v1:zel039_aec7:115,zscreen_original_graph_v1,zel039_aec7,115,CPD_891851611763,105,18501,18501
zscreen_original_graph_v1:zel039_aec7:115,zscreen_original_graph_v1,zel039_aec7,115,CPD_911178899583,106,18936,18936
zscreen_original_graph_v1:zel039_aec7:115,zscreen_original_graph_v1,zel039_aec7,115,CPD_922996280827,107,19173,19173
zscreen_original_graph_v1:zel039_aec7:115,zscreen_original_graph_v1,zel039_aec7,115,CPD_928088844610,108,19278,19278
zscreen_original_graph_v1:zel039_aec7:115,zscreen_original_graph_v1,zel039_aec7,115,CPD_956305846847,109,19850,19850
zscreen_original_graph_v1:zel039_aec7:115,zscreen_original_graph_v1,zel039_aec7,115,CPD_961764978764,110,19985,19985
zscreen_original_graph_v1:zel039_aec7:115,zscreen_original_graph_v1,zel039_aec7,115,CPD_962061346453,111,19992,19992
zscreen_original_graph_v1:zel039_aec7:127,zscreen_original_graph_v1,zel039_aec7,127,CPD_007125369219,0,142,142
zscreen_original_graph_v1:zel039_aec7:127,zscreen_original_graph_v1,zel039_aec7,127,CPD_138220647837,1,2852,2852
zscreen_original_graph_v1:zel039_aec7:127,zscreen_original_graph_v1,zel039_aec7,127,CPD_252783463768,2,5277,5277
zscreen_original_graph_v1:zel039_aec7:127,zscreen_original_graph_v1,zel039_aec7,127,CPD_308212215815,3,6473,6473
zscreen_original_graph_v1:zel039_aec7:127,zscreen_original_graph_v1,zel039_aec7,127,CPD_308945669507,4,6486,6486
zscreen_original_graph_v1:zel039_aec7:127,zscreen_original_graph_v1,zel039_aec7,127,CPD_320908618713,5,6737,6737
zscreen_original_graph_v1:zel039_aec7:127,zscreen_original_graph_v1,zel039_aec7,127,CPD_380296242506,6,8012,8012
zscreen_original_graph_v1:zel039_aec7:127,zscreen_original_graph_v1,zel039_aec7,127,CPD_447012693686,7,9330,9330
zscreen_original_graph_v1:zel039_aec7:127,zscreen_original_graph_v1,zel039_aec7,127,CPD_447291591739,8,9333,9333
zscreen_original_graph_v1:zel039_aec7:127,zscreen_original_graph_v1,zel039_aec7,127,CPD_522534731307,9,10900,10900
zscreen_original_graph_v1:zel039_aec7:127,zscreen_original_graph_v1,zel039_aec7,127,CPD_589930152529,10,12280,12280
zscreen_original_graph_v1:zel039_aec7:127,zscreen_original_graph_v1,zel039_aec7,127,CPD_608937202491,11,12648,12648
zscreen_original_graph_v1:zel039_aec7:127,zscreen_original_graph_v1,zel039_aec7,127,CPD_623101661810,12,12950,12950
zscreen_original_graph_v1:zel039_aec7:127,zscreen_original_graph_v1,zel039_aec7,127,CPD_673716541203,13,14012,14012
zscreen_original_graph_v1:zel039_aec7:127,zscreen_original_graph_v1,zel039_aec7,127,CPD_703098314287,14,14621,14621
zscreen_original_graph_v1:zel039_aec7:127,zscreen_original_graph_v1,zel039_aec7,127,CPD_722666948042,15,14998,14998
zscreen_original_graph_v1:zel039_aec7:127,zscreen_original_graph_v1,zel039_aec7,127,CPD_722824659557,16,15003,15003
zscreen_original_graph_v1:zel039_aec7:127,zscreen_original_graph_v1,zel039_aec7,127,CPD_756507742282,17,15682,15682
zscreen_original_graph_v1:zel039_aec7:127,zscreen_original_graph_v1,zel039_aec7,127,CPD_759654841307,18,15750,15750
zscreen_original_graph_v1:zel039_aec7:127,zscreen_original_graph_v1,zel039_aec7,127,CPD_815070433051,19,16947,16947
zscreen_original_graph_v1:zel039_aec7:127,zscreen_original_graph_v1,zel039_aec7,127,CPD_826401484346,20,17188,17188
zscreen_original_graph_v1:zel039_aec7:127,zscreen_original_graph_v1,zel039_aec7,127,CPD_869234091557,21,18023,18023
zscreen_original_graph_v1:zel039_aec7:127,zscreen_original_graph_v1,zel039_aec7,127,CPD_882809469266,22,18306,18306
zscreen_original_graph_v1:zel039_aec7:127,zscreen_original_graph_v1,zel039_aec7,127,CPD_889925057689,23,18458,18458
zscreen_original_graph_v1:zel039_aec7:127,zscreen_original_graph_v1,zel039_aec7,127,CPD_941695173935,24,19550,19550
zscreen_original_graph_v1:zel039_aec7:127,zscreen_original_graph_v1,zel039_aec7,127,CPD_941975009976,25,19562,19562
zscreen_original_graph_v1:zel039_aec7:127,zscreen_original_graph_v1,zel039_aec7,127,CPD_967119916630,26,20091,20091
zscreen_original_graph_v1:zel039_aec7:481,zscreen_original_graph_v1,zel039_aec7,481,CPD_027822393650,0,539,539
zscreen_original_graph_v1:zel039_aec7:481,zscreen_original_graph_v1,zel039_aec7,481,CPD_124966274708,1,2590,2590
zscreen_original_graph_v1:zel039_aec7:481,zscreen_original_graph_v1,zel039_aec7,481,CPD_163727761110,2,3386,3386
zscreen_original_graph_v1:zel039_aec7:547,zscreen_original_graph_v1,zel039_aec7,547,CPD_030998932548,0,614,614
zscreen_original_graph_v1:zel039_aec7:547,zscreen_original_graph_v1,zel039_aec7,547,CPD_054401757517,1,1138,1138
zscreen_original_graph_v1:zel039_aec7:547,zscreen_original_graph_v1,zel039_aec7,547,CPD_371604986733,2,7820,7820
zscreen_original_graph_v1:zel039_aec7:547,zscreen_original_graph_v1,zel039_aec7,547,CPD_797192948372,3,16569,16569
zscreen_original_graph_v1:zel039_aec7:547,zscreen_original_graph_v1,zel039_aec7,547,CPD_815126674204,4,16948,16948
zscreen_original_graph_v1:zel039_aec7:547,zscreen_original_graph_v1,zel039_aec7,547,CPD_938228566017,5,19478,19478
zscreen_original_graph_v1:zel039_aec7:589,zscreen_original_graph_v1,zel039_aec7,589,CPD_033495435839,0,661,661
zscreen_original_graph_v1:zel039_aec7:589,zscreen_original_graph_v1,zel039_aec7,589,CPD_041545269808,1,824,824
zscreen_original_graph_v1:zel039_aec7:589,zscreen_original_graph_v1,zel039_aec7,589,CPD_043904057657,2,891,891
zscreen_original_graph_v1:zel039_aec7:589,zscreen_original_graph_v1,zel039_aec7,589,CPD_111999080421,3,2324,2324
zscreen_original_graph_v1:zel039_aec7:589,zscreen_original_graph_v1,zel039_aec7,589,CPD_127881925598,4,2645,2645
zscreen_original_graph_v1:zel039_aec7:589,zscreen_original_graph_v1,zel039_aec7,589,CPD_148441566225,5,3074,3074
zscreen_original_graph_v1:zel039_aec7:589,zscreen_original_graph_v1,zel039_aec7,589,CPD_159775645296,6,3326,3326
zscreen_original_graph_v1:zel039_aec7:589,zscreen_original_graph_v1,zel039_aec7,589,CPD_184937483884,7,3823,3823
zscreen_original_graph_v1:zel039_aec7:589,zscreen_original_graph_v1,zel039_aec7,589,CPD_186204844315,8,3858,3858
zscreen_original_graph_v1:zel039_aec7:589,zscreen_original_graph_v1,zel039_aec7,589,CPD_194971754505,9,4056,4056
zscreen_original_graph_v1:zel039_aec7:589,zscreen_original_graph_v1,zel039_aec7,589,CPD_213532797600,10,4483,4483
zscreen_original_graph_v1:zel039_aec7:589,zscreen_original_graph_v1,zel039_aec7,589,CPD_225874700505,11,4731,4731
zscreen_original_graph_v1:zel039_aec7:589,zscreen_original_graph_v1,zel039_aec7,589,CPD_245988631203,12,5114,5114
zscreen_original_graph_v1:zel039_aec7:589,zscreen_original_graph_v1,zel039_aec7,589,CPD_262117890115,13,5492,5492
zscreen_original_graph_v1:zel039_aec7:589,zscreen_original_graph_v1,zel039_aec7,589,CPD_266273081838,14,5590,5590
zscreen_original_graph_v1:zel039_aec7:589,zscreen_original_graph_v1,zel039_aec7,589,CPD_272753358481,15,5724,5724
zscreen_original_graph_v1:zel039_aec7:589,zscreen_original_graph_v1,zel039_aec7,589,CPD_298720446122,16,6283,6283
zscreen_original_graph_v1:zel039_aec7:589,zscreen_original_graph_v1,zel039_aec7,589,CPD_302654500179,17,6367,6367
zscreen_original_graph_v1:zel039_aec7:589,zscreen_original_graph_v1,zel039_aec7,589,CPD_415925472686,18,8718,8718
zscreen_original_graph_v1:zel039_aec7:589,zscreen_original_graph_v1,zel039_aec7,589,CPD_452179027809,19,9437,9437
zscreen_original_graph_v1:zel039_aec7:589,zscreen_original_graph_v1,zel039_aec7,589,CPD_462197745632,20,9641,9641
zscreen_original_graph_v1:zel039_aec7:589,zscreen_original_graph_v1,zel039_aec7,589,CPD_512089285942,21,10696,10696
zscreen_original_graph_v1:zel039_aec7:589,zscreen_original_graph_v1,zel039_aec7,589,CPD_522956564832,22,10906,10906
zscreen_original_graph_v1:zel039_aec7:589,zscreen_original_graph_v1,zel039_aec7,589,CPD_540424575988,23,11239,11239
zscreen_original_graph_v1:zel039_aec7:589,zscreen_original_graph_v1,zel039_aec7,589,CPD_630699738795,24,13100,13100
zscreen_original_graph_v1:zel039_aec7:589,zscreen_original_graph_v1,zel039_aec7,589,CPD_640378214529,25,13289,13289
zscreen_original_graph_v1:zel039_aec7:589,zscreen_original_graph_v1,zel039_aec7,589,CPD_650361500812,26,13494,13494
zscreen_original_graph_v1:zel039_aec7:589,zscreen_original_graph_v1,zel039_aec7,589,CPD_673815786798,27,14013,14013
zscreen_original_graph_v1:zel039_aec7:589,zscreen_original_graph_v1,zel039_aec7,589,CPD_676490229574,28,14069,14069
zscreen_original_graph_v1:zel039_aec7:589,zscreen_original_graph_v1,zel039_aec7,589,CPD_711036444147,29,14776,14776
zscreen_original_graph_v1:zel039_aec7:589,zscreen_original_graph_v1,zel039_aec7,589,CPD_716221985275,30,14876,14876
zscreen_original_graph_v1:zel039_aec7:589,zscreen_original_graph_v1,zel039_aec7,589,CPD_735499660608,31,15255,15255
zscreen_original_graph_v1:zel039_aec7:589,zscreen_original_graph_v1,zel039_aec7,589,CPD_768312042113,32,15928,15928
zscreen_original_graph_v1:zel039_aec7:589,zscreen_original_graph_v1,zel039_aec7,589,CPD_827656913344,33,17210,17210
zscreen_original_graph_v1:zel039_aec7:589,zscreen_original_graph_v1,zel039_aec7,589,CPD_859262331054,34,17841,17841
zscreen_original_graph_v1:zel039_aec7:589,zscreen_original_graph_v1,zel039_aec7,589,CPD_878132147993,35,18226,18226
zscreen_original_graph_v1:zel039_aec7:589,zscreen_original_graph_v1,zel039_aec7,589,CPD_897108673738,36,18620,18620
zscreen_original_graph_v1:zel039_aec7:589,zscreen_original_graph_v1,zel039_aec7,589,CPD_914734855042,37,19011,19011
zscreen_original_graph_v1:zel039_aec7:589,zscreen_original_graph_v1,zel039_aec7,589,CPD_929183260422,38,19298,19298
zscreen_original_graph_v1:zel039_aec7:589,zscreen_original_graph_v1,zel039_aec7,589,CPD_963777235372,39,20019,20019
zscreen_original_graph_v1:zel039_aec7:589,zscreen_original_graph_v1,zel039_aec7,589,CPD_987881293477,40,20541,20541
zscreen_original_graph_v1:zel039_aec7:589,zscreen_original_graph_v1,zel039_aec7,589,CPD_997598592784,41,20757,20757
zscreen_original_graph_v1:zel039_aec7:589,zscreen_original_graph_v1,zel039_aec7,589,CPD_997793228515,42,20762,20762
zscreen_original_graph_v1:zel039_aec7:701,zscreen_original_graph_v1,zel039_aec7,701,CPD_040185946264,0,791,791
zscreen_original_graph_v1:zel039_aec7:701,zscreen_original_graph_v1,zel039_aec7,701,CPD_247059571919,1,5129,5129
zscreen_original_graph_v1:zel039_aec7:701,zscreen_original_graph_v1,zel039_aec7,701,CPD_887682206470,2,18409,18409
zscreen_original_graph_v1:zel039_aec7:724,zscreen_original_graph_v1,zel039_aec7,724,CPD_041204258137,0,815,815
zscreen_original_graph_v1:zel039_aec7:724,zscreen_original_graph_v1,zel039_aec7,724,CPD_399298092696,1,8388,8388
zscreen_original_graph_v1:zel039_aec7:724,zscreen_original_graph_v1,zel039_aec7,724,CPD_804538704107,2,16727,16727
zscreen_original_graph_v1:zel039_aec7:917,zscreen_original_graph_v1,zel039_aec7,917,CPD_050388430233,0,1036,1036
zscreen_original_graph_v1:zel039_aec7:917,zscreen_original_graph_v1,zel039_aec7,917,CPD_128676511522,1,2661,2661
zscreen_original_graph_v1:zel039_aec7:917,zscreen_original_graph_v1,zel039_aec7,917,CPD_138035167126,2,2849,2849
zscreen_original_graph_v1:zel039_aec7:917,zscreen_original_graph_v1,zel039_aec7,917,CPD_163813558334,3,3388,3388
zscreen_original_graph_v1:zel039_aec7:917,zscreen_original_graph_v1,zel039_aec7,917,CPD_178673001051,4,3692,3692
zscreen_original_graph_v1:zel039_aec7:917,zscreen_original_graph_v1,zel039_aec7,917,CPD_210385714939,5,4398,4398
zscreen_original_graph_v1:zel039_aec7:917,zscreen_original_graph_v1,zel039_aec7,917,CPD_252922673545,6,5280,5280
zscreen_original_graph_v1:zel039_aec7:917,zscreen_original_graph_v1,zel039_aec7,917,CPD_260840512417,7,5464,5464
zscreen_original_graph_v1:zel039_aec7:917,zscreen_original_graph_v1,zel039_aec7,917,CPD_262256771581,8,5496,5496
zscreen_original_graph_v1:zel039_aec7:917,zscreen_original_graph_v1,zel039_aec7,917,CPD_276631148262,9,5810,5810
zscreen_original_graph_v1:zel039_aec7:917,zscreen_original_graph_v1,zel039_aec7,917,CPD_293759081017,10,6184,6184
zscreen_original_graph_v1:zel039_aec7:917,zscreen_original_graph_v1,zel039_aec7,917,CPD_323763936887,11,6799,6799
zscreen_original_graph_v1:zel039_aec7:917,zscreen_original_graph_v1,zel039_aec7,917,CPD_330629606216,12,6944,6944
zscreen_original_graph_v1:zel039_aec7:917,zscreen_original_graph_v1,zel039_aec7,917,CPD_347103241084,13,7305,7305
zscreen_original_graph_v1:zel039_aec7:917,zscreen_original_graph_v1,zel039_aec7,917,CPD_493339841623,14,10318,10318
zscreen_original_graph_v1:zel039_aec7:917,zscreen_original_graph_v1,zel039_aec7,917,CPD_633403842943,15,13157,13157
zscreen_original_graph_v1:zel039_aec7:917,zscreen_original_graph_v1,zel039_aec7,917,CPD_648048211483,16,13444,13444
zscreen_original_graph_v1:zel039_aec7:917,zscreen_original_graph_v1,zel039_aec7,917,CPD_694151322898,17,14418,14418
zscreen_original_graph_v1:zel039_aec7:917,zscreen_original_graph_v1,zel039_aec7,917,CPD_742778613148,18,15397,15397
zscreen_original_graph_v1:zel039_aec7:917,zscreen_original_graph_v1,zel039_aec7,917,CPD_867005992203,19,17972,17972
zscreen_original_graph_v1:zel039_aec7:917,zscreen_original_graph_v1,zel039_aec7,917,CPD_933530551202,20,19380,19380
zscreen_original_graph_v1:zel039_aec7:917,zscreen_original_graph_v1,zel039_aec7,917,CPD_994554821631,21,20691,20691
zscreen_original_graph_v1:zel039_aec7:988,zscreen_original_graph_v1,zel039_aec7,988,CPD_053640649333,0,1113,1113
zscreen_original_graph_v1:zel039_aec7:988,zscreen_original_graph_v1,zel039_aec7,988,CPD_150498530355,1,3117,3117
zscreen_original_graph_v1:zel039_aec7:988,zscreen_original_graph_v1,zel039_aec7,988,CPD_963428598342,2,20012,20012
zscreen_original_graph_v1:zel039_aec7:1315,zscreen_original_graph_v1,zel039_aec7,1315,CPD_072252827587,0,1495,1495
zscreen_original_graph_v1:zel039_aec7:1315,zscreen_original_graph_v1,zel039_aec7,1315,CPD_152566670547,1,3169,3169
zscreen_original_graph_v1:zel039_aec7:1315,zscreen_original_graph_v1,zel039_aec7,1315,CPD_383795567203,2,8079,8079
zscreen_original_graph_v1:zel039_aec7:1315,zscreen_original_graph_v1,zel039_aec7,1315,CPD_976020859560,3,20254,20254
zscreen_original_graph_v1:zel039_aec7:1402,zscreen_original_graph_v1,zel039_aec7,1402,CPD_077095588165,0,1597,1597
zscreen_original_graph_v1:zel039_aec7:1402,zscreen_original_graph_v1,zel039_aec7,1402,CPD_249761540811,1,5205,5205
zscreen_original_graph_v1:zel039_aec7:1402,zscreen_original_graph_v1,zel039_aec7,1402,CPD_369806932602,2,7790,7790
zscreen_original_graph_v1:zel039_aec7:1761,zscreen_original_graph_v1,zel039_aec7,1761,CPD_096187725130,0,2002,2002
zscreen_original_graph_v1:zel039_aec7:1761,zscreen_original_graph_v1,zel039_aec7,1761,CPD_196710528858,1,4104,4104
zscreen_original_graph_v1:zel039_aec7:1761,zscreen_original_graph_v1,zel039_aec7,1761,CPD_225487868405,2,4718,4718
zscreen_original_graph_v1:zel039_aec7:1761,zscreen_original_graph_v1,zel039_aec7,1761,CPD_267537563149,3,5609,5609
zscreen_original_graph_v1:zel039_aec7:1761,zscreen_original_graph_v1,zel039_aec7,1761,CPD_344020112644,4,7232,7232
zscreen_original_graph_v1:zel039_aec7:1761,zscreen_original_graph_v1,zel039_aec7,1761,CPD_467010353960,5,9752,9752
zscreen_original_graph_v1:zel039_aec7:1761,zscreen_original_graph_v1,zel039_aec7,1761,CPD_472068302621,6,9865,9865
zscreen_original_graph_v1:zel039_aec7:1761,zscreen_original_graph_v1,zel039_aec7,1761,CPD_562163067071,7,11685,11685
zscreen_original_graph_v1:zel039_aec7:1761,zscreen_original_graph_v1,zel039_aec7,1761,CPD_573390218241,8,11947,11947
zscreen_original_graph_v1:zel039_aec7:1761,zscreen_original_graph_v1,zel039_aec7,1761,CPD_588340525981,9,12247,12247
zscreen_original_graph_v1:zel039_aec7:1761,zscreen_original_graph_v1,zel039_aec7,1761,CPD_731366701997,10,15177,15177
zscreen_original_graph_v1:zel039_aec7:1761,zscreen_original_graph_v1,zel039_aec7,1761,CPD_735791355427,11,15261,15261
zscreen_original_graph_v1:zel039_aec7:1761,zscreen_original_graph_v1,zel039_aec7,1761,CPD_815331578610,12,16954,16954
zscreen_original_graph_v1:zel039_aec7:1813,zscreen_original_graph_v1,zel039_aec7,1813,CPD_099114339449,0,2062,2062
zscreen_original_graph_v1:zel039_aec7:1813,zscreen_original_graph_v1,zel039_aec7,1813,CPD_761451427523,1,15783,15783
zscreen_original_graph_v1:zel039_aec7:1813,zscreen_original_graph_v1,zel039_aec7,1813,CPD_777120282258,2,16135,16135
zscreen_original_graph_v1:zel039_aec7:2121,zscreen_original_graph_v1,zel039_aec7,2121,CPD_116375898122,0,2415,2415
zscreen_original_graph_v1:zel039_aec7:2121,zscreen_original_graph_v1,zel039_aec7,2121,CPD_166052518348,1,3430,3430
zscreen_original_graph_v1:zel039_aec7:2121,zscreen_original_graph_v1,zel039_aec7,2121,CPD_282120394966,2,5934,5934
zscreen_original_graph_v1:zel039_aec7:2121,zscreen_original_graph_v1,zel039_aec7,2121,CPD_294022418749,3,6192,6192
zscreen_original_graph_v1:zel039_aec7:2121,zscreen_original_graph_v1,zel039_aec7,2121,CPD_434778319354,4,9080,9080
zscreen_original_graph_v1:zel039_aec7:2121,zscreen_original_graph_v1,zel039_aec7,2121,CPD_698399587224,5,14520,14520
zscreen_original_graph_v1:zel039_aec7:2121,zscreen_original_graph_v1,zel039_aec7,2121,CPD_814704143734,6,16938,16938
zscreen_original_graph_v1:zel039_aec7:2121,zscreen_original_graph_v1,zel039_aec7,2121,CPD_851491021875,7,17672,17672
zscreen_original_graph_v1:zel039_aec7:2564,zscreen_original_graph_v1,zel039_aec7,2564,CPD_140788649690,0,2922,2922
zscreen_original_graph_v1:zel039_aec7:2564,zscreen_original_graph_v1,zel039_aec7,2564,CPD_162820681272,1,3370,3370
zscreen_original_graph_v1:zel039_aec7:2564,zscreen_original_graph_v1,zel039_aec7,2564,CPD_900460122477,2,18703,18703
zscreen_original_graph_v1:zel039_aec7:2824,zscreen_original_graph_v1,zel039_aec7,2824,CPD_153828624565,0,3204,3204
zscreen_original_graph_v1:zel039_aec7:2824,zscreen_original_graph_v1,zel039_aec7,2824,CPD_416748483907,1,8737,8737
zscreen_original_graph_v1:zel039_aec7:2824,zscreen_original_graph_v1,zel039_aec7,2824,CPD_685195606862,2,14248,14248
zscreen_original_graph_v1:zel039_aec7:2824,zscreen_original_graph_v1,zel039_aec7,2824,CPD_746757154653,3,15476,15476
zscreen_original_graph_v1:zel039_aec7:2824,zscreen_original_graph_v1,zel039_aec7,2824,CPD_849756213727,4,17640,17640
zscreen_original_graph_v1:zel039_aec7:3417,zscreen_original_graph_v1,zel039_aec7,3417,CPD_187216564012,0,3883,3883
zscreen_original_graph_v1:zel039_aec7:3417,zscreen_original_graph_v1,zel039_aec7,3417,CPD_576016902446,1,11999,11999
zscreen_original_graph_v1:zel039_aec7:3417,zscreen_original_graph_v1,zel039_aec7,3417,CPD_818783618316,2,17021,17021
zscreen_original_graph_v1:zel039_aec7:3417,zscreen_original_graph_v1,zel039_aec7,3417,CPD_843921432814,3,17524,17524
zscreen_original_graph_v1:zel039_aec7:4030,zscreen_original_graph_v1,zel039_aec7,4030,CPD_218185373765,0,4581,4581
zscreen_original_graph_v1:zel039_aec7:4030,zscreen_original_graph_v1,zel039_aec7,4030,CPD_933253985955,1,19374,19374
zscreen_original_graph_v1:zel039_aec7:4030,zscreen_original_graph_v1,zel039_aec7,4030,CPD_987789994366,2,20539,20539
zscreen_original_graph_v1:zel039_aec7:4262,zscreen_original_graph_v1,zel039_aec7,4262,CPD_233146070980,0,4858,4858
zscreen_original_graph_v1:zel039_aec7:4262,zscreen_original_graph_v1,zel039_aec7,4262,CPD_409363575976,1,8581,8581
zscreen_original_graph_v1:zel039_aec7:4262,zscreen_original_graph_v1,zel039_aec7,4262,CPD_528092654504,2,11009,11009
zscreen_original_graph_v1:zel039_aec7:4262,zscreen_original_graph_v1,zel039_aec7,4262,CPD_538578432453,3,11213,11213
zscreen_original_graph_v1:zel039_aec7:4262,zscreen_original_graph_v1,zel039_aec7,4262,CPD_773695592694,4,16053,16053
zscreen_original_graph_v1:zel039_aec7:4262,zscreen_original_graph_v1,zel039_aec7,4262,CPD_831633077284,5,17296,17296
zscreen_original_graph_v1:zel039_aec7:4262,zscreen_original_graph_v1,zel039_aec7,4262,CPD_840043658261,6,17446,17446
zscreen_original_graph_v1:zel039_aec7:4262,zscreen_original_graph_v1,zel039_aec7,4262,CPD_888224694515,7,18422,18422
zscreen_original_graph_v1:zel039_aec7:4262,zscreen_original_graph_v1,zel039_aec7,4262,CPD_889426569301,8,18444,18444
zscreen_original_graph_v1:zel039_aec7:5577,zscreen_original_graph_v1,zel039_aec7,5577,CPD_304475182500,0,6401,6401
zscreen_original_graph_v1:zel039_aec7:5577,zscreen_original_graph_v1,zel039_aec7,5577,CPD_374058578709,1,7865,7865
zscreen_original_graph_v1:zel039_aec7:5577,zscreen_original_graph_v1,zel039_aec7,5577,CPD_730199863440,2,15156,15156
zscreen_original_graph_v1:zel039_aec7:9993,zscreen_original_graph_v1,zel039_aec7,9993,CPD_553275762681,0,11525,11525
zscreen_original_graph_v1:zel039_aec7:9993,zscreen_original_graph_v1,zel039_aec7,9993,CPD_915593106571,1,19027,19027
zscreen_original_graph_v1:zel039_aec7:9993,zscreen_original_graph_v1,zel039_aec7,9993,CPD_993479932524,2,20666,20666
zscreen_original_graph_v1:zel039_aec7:11522,zscreen_original_graph_v1,zel039_aec7,11522,CPD_641884126915,0,13322,13322
zscreen_original_graph_v1:zel039_aec7:11522,zscreen_original_graph_v1,zel039_aec7,11522,CPD_816091664577,1,16968,16968
zscreen_original_graph_v1:zel039_aec7:11522,zscreen_original_graph_v1,zel039_aec7,11522,CPD_890624127367,2,18477,18477
