context,library,marker,program,n_test,r_raw,z_raw,tail_raw,r_partial,z_partial,tail_partial,marker_rel_sb,r_ceiling,r_chem_pred,z_chem_pred,r_img_pred,z_img_pred,fw_flag
zel024_hek293,zel024,p21,P01,7814,0.0185196159659473,1.8407759936177976,0.025,0.0127510733860553,1.107129333630503,0.14,0.4277,0.6539877674696982,0.0124740253487599,1.1470411777643597,0.0475925166066262,4.330523203289671,False
zel024_hek293,zel024,p21,P02,7814,-0.013688535532189,-1.2166501132911816,0.875,-0.0168169632340572,-1.5354503358907572,0.955,0.4277,0.6539877674696982,-0.0090072781217339,-0.8363131938124887,-0.0075409958435436,-0.6449768971368259,False
zel024_hek293,zel024,p21,P03,7814,-0.0058228950648013,-0.5004739967162799,0.705,-0.0101304136710127,-1.0027149867448304,0.84,0.4277,0.6539877674696982,-0.0028946376099802,-0.2412584572086676,0.0269671548700936,2.25640395398039,False
zel024_hek293,zel024,p21,P04,7814,0.0100051659669015,0.8542977358968896,0.2,0.0084774938485667,0.7794733529909424,0.22,0.4277,0.6539877674696982,0.0115942834088253,1.0122449726256766,0.0102760270309497,0.8452456888912986,False
zel024_hek293,zel024,p21,P05,7814,0.0033546214221862,0.3041115906055798,0.39,-0.0014646737943373,-0.1017835218959427,0.515,0.4277,0.6539877674696982,0.0132656919590419,1.133180065753506,0.0365316686642877,3.017551940920656,False
zel024_hek293,zel024,p21,P06,7814,-0.0279826461227789,-2.5252228696947387,0.995,-0.0304436593014193,-2.5246408343604685,0.995,0.4277,0.6539877674696982,0.0069755602204753,0.6641241484413527,0.0066062766683212,0.5834004860155261,False
zel024_hek293,zel024,p21,P07,7814,-0.0006075167531974,-0.1176778724663857,0.535,-0.0004907305269805,0.0154120113786452,0.505,0.4277,0.6539877674696982,0.0020785257103246,0.122772933497716,-0.0336765885479762,-2.8899729573182604,False
zel024_hek293,zel024,p21,P08,7814,0.0166606615492685,1.3714853988806457,0.105,0.0091952594845021,0.7735818423612295,0.22,0.4277,0.6539877674696982,-0.0003862245564764,-0.0114899720769012,-0.0085371489424733,-0.8341268124169364,False
zel024_hek293,zel024,p21,P09,7814,-0.0073523006088219,-0.5430973961709954,0.705,-0.0124460431714908,-1.09106094052451,0.875,0.4277,0.6539877674696982,0.0168789876401383,1.5194401870873495,0.0122004777593116,1.1315470026867525,False
zel024_hek293,zel024,p21,P10,7814,-0.005414686489288,-0.5958156729558265,0.735,-0.0021004080130772,-0.2270889063822923,0.58,0.4277,0.6539877674696982,-0.0177280963025657,-1.5951493857690229,-0.0060918621467809,-0.6070492210459034,False
zel024_hek293,zel024,p21,P11,7814,-0.010925607415442,-1.0522882867015808,0.86,0.0028174460961526,0.1429626074438584,0.455,0.4277,0.6539877674696982,-0.032900404343152,-3.262998742097192,-0.0524129090415335,-4.400071104160729,False
zel024_hek293,zel024,p21,P12,7814,0.0237551730406259,2.510553412006859,0.0,-0.0052095256903183,-0.4866143254755776,0.7,0.4277,0.6539877674696982,0.0452101726929908,4.377124163811319,0.0829374981325156,7.098100731769045,False
zel024_hek293,zel024,p21,P13,7814,-0.0051312621146183,-0.457623278355402,0.655,0.011956531389214,1.220542926271149,0.125,0.4277,0.6539877674696982,-0.0358961881636375,-3.45291115177496,-0.0116065395056592,-0.9597866014066962,False
zel024_hek293,zel024,p21,P14,7814,0.0278000242983142,2.53838133444779,0.0,0.0169716251240955,1.543928340264627,0.06,0.4277,0.6539877674696982,0.0058441896885139,0.5367345787259644,0.0742285176411654,6.117221786375876,False
zel024_hek293,zel024,p21,P15,7814,0.0217353960157288,2.0048916212808034,0.015,-0.0076370427084192,-0.5391897416592194,0.715,0.4277,0.6539877674696982,0.0381478741622286,3.7206022663128873,0.0867256928662476,6.55969392491144,False
zel024_hek293,zel024,p21,P16,7814,0.0186509242456867,1.6611741857934892,0.045,-0.0090882122771024,-0.8013130022723292,0.79,0.4277,0.6539877674696982,0.0430060889866528,4.399378890414433,0.0960133057595376,8.240170439358979,False
zel024_hek293,zel024,p21,P17,7814,-0.0186850920877314,-1.7926412766456408,0.97,0.0067658463592617,0.5235184656039785,0.305,0.4277,0.6539877674696982,-0.022072037042886,-2.0221770958886864,-0.0934392856709954,-7.528516571243406,False
zel024_hek293,zel024,p21,P18,7814,0.0126091187427703,1.1222343131992538,0.15,-0.0170474188569728,-1.4362252618693334,0.93,0.4277,0.6539877674696982,0.0426918448045989,4.248173213691636,0.104350200838144,8.461121764562622,False
zel024_hek293,zel024,p21,P19,7814,-0.0128020117623359,-1.0970059695445125,0.865,0.0006172637112672,-0.0122567297986131,0.505,0.4277,0.6539877674696982,-0.033278316068615,-3.442671467093939,-0.0587393879718708,-4.617173109872113,False
zel024_hek293,zel024,p21,P20,7814,-0.0246393098428841,-2.209258501689205,0.995,0.007119589976181,0.5762505191413628,0.275,0.4277,0.6539877674696982,-0.034750748236467,-3.18188447457632,-0.0840452424536768,-6.724910534858289,False
zel024_hek293,zel024,p21,P21,7814,-0.0323878035548524,-2.976726487143078,1.0,-0.0017358246075607,-0.1179887354668559,0.575,0.4277,0.6539877674696982,-0.0484109747407316,-4.738104459474025,-0.0805335723428701,-6.305216307025506,False
zel024_hek293,zel024,p21,P22,7814,-0.0357444829352278,-3.5901606188909048,1.0,-0.009755013247865,-0.8035291840074401,0.755,0.4277,0.6539877674696982,-0.041706400332434,-3.917628695487113,-0.087414905138918,-7.255371881869824,False
zel024_hek293,zel024,p21,P23,7814,0.0296239548327547,2.5158438354545125,0.005,0.008313070476551,0.7077298416031836,0.275,0.4277,0.6539877674696982,0.0343742455540035,3.1556873605503704,0.1033341194753176,8.005228812639082,False
zel024_hek293,zel024,p21,P24,7814,0.0070318552011157,0.5844381182744595,0.24,0.0040860122063687,0.4118066762925939,0.335,0.4277,0.6539877674696982,-0.0073548250187025,-0.5734456155834732,-0.0024196586976418,-0.2093958493567904,False
zel024_hek293,zel024,p21,P25,7814,0.0241309935310539,2.450574949081715,0.01,0.0072145319970491,0.657152506805949,0.245,0.4277,0.6539877674696982,0.0308664754275507,3.139341265917707,0.0406470994692901,3.457140991241124,False
zel024_hek293,zel024,p21,P26,7814,-0.0265488946003868,-2.476053287518994,0.995,0.000841657672957,0.0517111026656289,0.48,0.4277,0.6539877674696982,-0.0431518854923952,-4.255579754950641,-0.0742826678793435,-5.926210130210071,False
zel024_hek293,zel024,p21,P27,7814,0.0078278803184602,0.8106064532032046,0.19,0.0208202739554376,2.000911135009988,0.015,0.4277,0.6539877674696982,-0.0250376495964585,-2.513769688525564,0.0268787611503998,2.480081901085367,False
zel024_hek293,zel024,p21,P28,7814,0.001692398531521,0.1296896730325399,0.46,-0.0180853088915603,-1.771051943618014,0.955,0.4277,0.6539877674696982,0.0340401910355636,3.4166613265004684,0.0098688517766743,0.7663316098091479,False
zel024_hek293,zel024,p21,P29,7814,-0.0156291520055847,-1.3344085097763203,0.92,0.0041449977073379,0.4532096958461775,0.31,0.4277,0.6539877674696982,-0.0382534773016464,-3.409079769729132,-0.0897532293798156,-7.349330303082491,False
zel024_hek293,zel024,p21,P30,7814,0.0062566221430086,0.5454227726588626,0.285,-0.0018271514137894,-0.1675847704768848,0.565,0.4277,0.6539877674696982,0.0068880568489966,0.5950796980436694,0.0634926702600739,5.0749785534093,False
zel024_hek293,zel024,p21,P31,7814,0.0042656595208726,0.3374935478240858,0.35,-0.0015364078946942,-0.2041939835525283,0.565,0.4277,0.6539877674696982,0.0246897017674946,2.2347743430796414,0.0088304147897342,0.7794994727706622,False
zel024_hek293,zel024,p21,P32,7814,-0.0036250473331826,-0.3444801129550698,0.615,0.0007397831853011,0.0052389156510047,0.48,0.4277,0.6539877674696982,0.0083916664734827,0.7513402709292061,-0.0399337877662671,-3.4038212800798773,False
zel024_hek293,zel024,p62,P01,3720,-0.0308605151486489,-1.9633830845154177,0.96,-0.031597788416793,-2.0339532761496883,0.98,0.5861,0.7655716818169283,0.0095256072783526,0.5581427505366573,0.0651274937899552,4.034760321102466,False
zel024_hek293,zel024,p62,P02,3720,0.0183680952735104,1.1479835882047138,0.115,0.0072265063311751,0.4825470807769808,0.29,0.5861,0.7655716818169283,0.0135777938766511,0.8038816429990789,0.0649768647345527,3.9647706386454176,False
zel024_hek293,zel024,p62,P03,3720,0.0138968599950688,0.7717496567651231,0.195,2.902746145931561e-05,0.0467927316746926,0.465,0.5861,0.7655716818169283,0.0126013403276144,0.8092786544826475,0.0527795478715318,3.1728849217377437,False
zel024_hek293,zel024,p62,P04,3720,-0.0118000691988912,-0.8047828317842738,0.805,-0.0084170188024901,-0.5441893563185104,0.7,0.5861,0.7655716818169283,-0.0092572145273408,-0.5949977854281221,-0.0107411974226995,-0.7682656293449888,False
zel024_hek293,zel024,p62,P05,3720,0.0098328586108483,0.5536465130115944,0.26,0.0139921658057175,0.8498292656681642,0.18,0.5861,0.7655716818169283,-0.0015694424387522,-0.0596592278308462,0.0607410104084234,3.872505946249998,False
zel024_hek293,zel024,p62,P06,3720,-0.0113320582732596,-0.7333722346338504,0.765,-0.0124254633190376,-0.8041941655520117,0.81,0.5861,0.7655716818169283,-0.0331683866627981,-2.018324580815852,0.0219254373606363,1.5244843235720604,False
zel024_hek293,zel024,p62,P07,3720,-0.0184318581025253,-1.091459953543379,0.875,-0.0267951255936594,-1.604797801828656,0.94,0.5861,0.7655716818169283,-0.0263571316290386,-1.7499729231907173,0.0063925258617923,0.4001767004553218,False
zel024_hek293,zel024,p62,P08,3720,0.0322241693800756,1.8738057205557048,0.035,0.0169149464576243,1.041174783959474,0.14,0.5861,0.7655716818169283,0.0476149496815449,2.809054652643673,0.0192420984250869,1.2994370508089927,False
zel024_hek293,zel024,p62,P09,3720,0.0023310712657746,0.1717929495056547,0.47,-0.0135170903765669,-0.8150415392026251,0.785,0.5861,0.7655716818169283,0.0001570410479245,0.072789380280554,0.0276043137632375,1.4223718252916189,False
zel024_hek293,zel024,p62,P10,3720,0.003825932593945,0.0911506167626476,0.455,0.0162410379782668,1.0906876427742611,0.13,0.5861,0.7655716818169283,0.0079036821876722,0.5034020190642601,0.0352170889614467,2.2104129469765805,False
zel024_hek293,zel024,p62,P11,3720,0.0180141810387641,1.122242167032284,0.135,0.0396602536644404,2.572275795504081,0.0,0.5861,0.7655716818169283,0.0145505892497545,0.8231387118855801,-0.0744382492914453,-4.448288232062648,False
zel024_hek293,zel024,p62,P12,3720,0.0221870547059684,1.3884438448418377,0.08,-0.0276621445934913,-1.769350685459747,0.965,0.5861,0.7655716818169283,0.0219981377836651,1.3765949101371435,0.1114636568578679,6.128174537848484,False
zel024_hek293,zel024,p62,P13,3720,0.0143591974677237,0.8419513339780231,0.2,0.0380467884427891,2.3372579485997527,0.01,0.5861,0.7655716818169283,0.009097151364426,0.5529638668372597,-0.0432262339285078,-2.305472802961364,False
zel024_hek293,zel024,p62,P14,3720,0.0180396098297366,1.1046781317520242,0.12,-0.0068975444455664,-0.4937534597230723,0.67,0.5861,0.7655716818169283,0.0259741554397093,1.62932517630585,0.0601694763667409,3.6380826029648654,False
zel024_hek293,zel024,p62,P15,3720,0.007350587272644,0.45098412078363,0.32,-0.0420086394515964,-2.5461638959027475,0.995,0.5861,0.7655716818169283,0.0126768459712413,0.7786364958073515,0.1136202370266392,6.745347808230755,False
zel024_hek293,zel024,p62,P16,3720,-0.0214551670255109,-1.3388731973089232,0.88,-0.0645739922031506,-3.764003182323069,1.0,0.5861,0.7655716818169283,0.0026915542465368,0.1701730003770704,0.1150615503936489,6.899277349329804,True
zel024_hek293,zel024,p62,P17,3720,-0.0181348799971335,-1.1017312738662015,0.87,0.0285585351731125,1.771996064469996,0.035,0.5861,0.7655716818169283,-0.031924723945966,-1.9714446750683143,-0.1218745479562598,-7.274138808454399,False
zel024_hek293,zel024,p62,P18,3720,0.0064483315868697,0.4908292405765675,0.3,-0.0432231076881548,-2.81181860055516,0.995,0.5861,0.7655716818169283,0.0154117301153917,0.9433664989744664,0.1391671566149817,7.985422809071358,False
zel024_hek293,zel024,p62,P19,3720,0.0198341305760968,1.151207847922602,0.12,0.039965035082427,2.197577110490057,0.03,0.5861,0.7655716818169283,0.0096184770779822,0.5400854126881997,-0.1234961412686351,-7.28986692275863,False
zel024_hek293,zel024,p62,P20,3720,-0.0254430243755647,-1.4494416479691554,0.92,0.0361743522749,2.1784260567448603,0.025,0.5861,0.7655716818169283,-0.0256682489168934,-1.5786447321973405,-0.1601061934921885,-9.733909017739514,False
zel024_hek293,zel024,p62,P21,3720,-0.0052028372577483,-0.39359595020589,0.67,0.0401991645078372,2.2379461389445616,0.015,0.5861,0.7655716818169283,-0.0130680490749568,-0.7796188550232561,-0.1065021964922817,-6.2799553890005,False
zel024_hek293,zel024,p62,P22,3720,-0.0061962483843095,-0.35518420945721,0.645,0.0295922674632972,1.828593937975128,0.035,0.5861,0.7655716818169283,-0.0223015750505342,-1.3576599314259472,-0.1623469356451664,-9.75867736964501,False
zel024_hek293,zel024,p62,P23,3720,-0.014143408909451,-0.8337926748347638,0.815,-0.0469142462239017,-2.919908850629993,0.995,0.5861,0.7655716818169283,-0.0066579670186029,-0.3371921416676404,0.0990989853308666,5.793305428696464,False
zel024_hek293,zel024,p62,P24,3720,0.0320957371034102,1.979916392244236,0.025,0.0184347311766693,1.1312843701831825,0.145,0.5861,0.7655716818169283,0.0287255589406522,1.741472490865441,0.1069359214789786,6.600483323323511,False
zel024_hek293,zel024,p62,P25,3720,0.0431430296159627,2.5356336277947005,0.0,0.0157952817351446,1.0667327827647843,0.155,0.5861,0.7655716818169283,0.0197397251346668,1.1919972676479726,0.1213987213763267,7.113187275698179,False
zel024_hek293,zel024,p62,P26,3720,0.0024781123820033,0.067909051388328,0.465,0.0518160188836921,3.0329717970775047,0.005,0.5861,0.7655716818169283,0.0049616778709257,0.2684623548018203,-0.1030148518742912,-6.029471472854072,False
zel024_hek293,zel024,p62,P27,3720,0.0022598375959135,0.1434320212536068,0.44,0.0197805071525463,1.0974902196146588,0.15,0.5861,0.7655716818169283,0.0136591996742906,0.8822339721949938,-0.0028829520796892,-0.1920503297934704,False
zel024_hek293,zel024,p62,P28,3720,-0.0208161810949384,-1.2229738502404253,0.89,-0.0494449726323592,-2.913379048969972,0.995,0.5861,0.7655716818169283,0.0096518949277389,0.5758865192548835,0.0229141893335468,1.363572737153361,False
zel024_hek293,zel024,p62,P29,3720,-0.0215442209373958,-1.434987410326494,0.905,0.0197644033340391,1.262294225874984,0.105,0.5861,0.7655716818169283,0.0008841238564968,-0.0273833467965237,-0.1517609359476732,-9.017942522706004,False
zel024_hek293,zel024,p62,P30,3720,-0.0088902272481985,-0.3744993378880372,0.645,-0.0292776024223041,-2.104218365051567,0.98,0.5861,0.7655716818169283,-0.0073209185646917,-0.3647446042213885,0.0488377399266742,2.9565737282051194,False
zel024_hek293,zel024,p62,P31,3720,-0.0173093260343738,-1.0502756223339136,0.86,-0.0202820965864926,-1.179173863304419,0.88,0.5861,0.7655716818169283,-0.0111852129641031,-0.7001639207550917,0.0066470752924857,0.3550419628728661,False
zel024_hek293,zel024,p62,P32,3720,-0.0187440805663179,-1.1477119537035565,0.89,-0.0093040262299069,-0.5388653648198118,0.745,0.5861,0.7655716818169283,-0.0266334754142824,-1.67736338261753,-0.0750244468938886,-4.591742810821506,False
zel024_hek293,zel024,dapi,P01,7814,0.0203660681914223,1.8333537848449035,0.03,-0.0147305703512008,-1.2443777581260649,0.905,0.4685,0.6844705983459042,0.0426815323795259,3.704476639978059,0.0722180276560458,6.256126725672034,False
zel024_hek293,zel024,dapi,P02,7814,0.0134999236129259,1.0261348773858538,0.155,0.0040672570795736,0.3987659849945505,0.34,0.4685,0.6844705983459042,-0.0026496885333309,-0.1693500457405457,0.0334627201949717,2.7023632083989657,False
zel024_hek293,zel024,dapi,P03,7814,0.0181594426852075,1.60940689716419,0.065,0.0013135161962993,0.0990010217850813,0.415,0.4685,0.6844705983459042,0.0254443973225955,2.2914794817867987,0.0608394551093438,5.133019401522885,False
zel024_hek293,zel024,dapi,P04,7814,0.0009205425335431,0.1350771558821272,0.45,-0.0163639749137618,-1.3355130777931967,0.91,0.4685,0.6844705983459042,0.0277320722611341,2.493574730074632,0.0522929003982887,4.50246554331277,False
zel024_hek293,zel024,dapi,P05,7814,0.0115925046839261,1.175034496481082,0.135,-0.0228688425376126,-2.001029792181045,0.97,0.4685,0.6844705983459042,0.0735563969568257,6.540301063291149,0.1045415125343399,9.323826591439037,False
zel024_hek293,zel024,dapi,P06,7814,0.0044508945074593,0.4683931814372972,0.335,-0.0080295944430812,-0.7617403215860882,0.75,0.4685,0.6844705983459042,0.0011593963148694,-0.017814747323422,0.0524946469509074,4.558343487816092,False
zel024_hek293,zel024,dapi,P07,7814,0.0034462618517152,0.2929581298590617,0.42,0.0100316710317635,0.9216931884612164,0.155,0.4685,0.6844705983459042,-0.0079039395548819,-0.7207995805272615,-0.0326408135877101,-3.0807966336276205,False
zel024_hek293,zel024,dapi,P08,7814,0.0340530718986421,3.303117906653095,0.0,0.0020563847849554,0.1461598313498373,0.47,0.4685,0.6844705983459042,0.0470072151468262,4.4118657424066345,0.0708248350216575,5.90441270983613,False
zel024_hek293,zel024,dapi,P09,7814,0.0193112027383377,1.5777416982429375,0.04,-0.0037467222473914,-0.3322062209244443,0.615,0.4685,0.6844705983459042,0.0350320364704487,3.1257564761050487,0.0435585022332633,4.150459848304793,False
zel024_hek293,zel024,dapi,P10,7814,-0.0127726984664246,-1.189823614113799,0.88,0.0044558548325688,0.3283810384774844,0.41,0.4685,0.6844705983459042,-0.0510067943716445,-4.383735931669278,-0.0315071219731893,-2.667157050795317,False
zel024_hek293,zel024,dapi,P11,7814,-0.0661426209995232,-6.098812087947394,1.0,-0.0175309543212327,-1.4179607081554844,0.925,0.4685,0.6844705983459042,-0.0959362732372766,-8.2872956669134,-0.184665609008341,-15.020228212960795,True
zel024_hek293,zel024,dapi,P12,7814,0.1199688255430526,11.634701276174315,0.0,-0.0117735175752557,-1.0112929353006883,0.865,0.4685,0.6844705983459042,0.1625610508119942,14.991420052895634,0.2596524533318631,22.150687830386897,True
zel024_hek293,zel024,dapi,P13,7814,-0.074797052627571,-6.8142974995624686,1.0,-0.0055066286324223,-0.4813594294208069,0.705,0.4685,0.6844705983459042,-0.0987229937979269,-8.818899041944857,-0.1621378706904373,-14.524647393602123,True
zel024_hek293,zel024,dapi,P14,7814,0.0404506069510156,3.624880980542736,0.0,-0.0205324356525678,-1.8477440056172807,0.97,0.4685,0.6844705983459042,0.0443595944746734,4.00660375141416,0.1545597720281871,13.91575872357666,False
zel024_hek293,zel024,dapi,P15,7814,0.1199103154597899,11.528849119911849,0.0,-0.015528871827375,-1.372400075510552,0.935,0.4685,0.6844705983459042,0.1443292454595983,11.868951684064047,0.2578327562635519,21.52970501371113,True
zel024_hek293,zel024,dapi,P16,7814,0.1097751037634094,9.577491852865576,0.0,-0.0228662765327828,-2.0603508642291217,0.965,0.4685,0.6844705983459042,0.1358884237840707,12.068766324955268,0.2514907254987522,21.142213110672373,True
zel024_hek293,zel024,dapi,P17,7814,-0.0959789099532053,-9.138673972890013,1.0,0.03355429668496,2.827061256933697,0.005,0.4685,0.6844705983459042,-0.1158613181911338,-10.23716469582179,-0.2634192037717769,-22.503794693078657,True
zel024_hek293,zel024,dapi,P18,7814,0.1163592895837805,10.97201672986295,0.0,-0.024336335410052,-1.971028275266098,0.975,0.4685,0.6844705983459042,0.1553283526986477,13.644528279731844,0.2880502337206331,24.7757964082898,True
zel024_hek293,zel024,dapi,P19,7814,-0.0616257123185258,-5.073885216065291,1.0,-0.0091065236872734,-0.6670119415985081,0.74,0.4685,0.6844705983459042,-0.0872406344941909,-7.813730000657482,-0.1960708547301578,-16.45859250064798,True
zel024_hek293,zel024,dapi,P20,7814,-0.1222834214495264,-10.850405807887766,1.0,0.0357835877968894,3.0513809445485456,0.0,0.4685,0.6844705983459042,-0.1440900880920346,-12.65460250984298,-0.2906353993469485,-24.57740868752678,True
zel024_hek293,zel024,dapi,P21,7814,-0.1306037208196082,-12.045074343892056,1.0,0.0057834315309465,0.601444890204469,0.255,0.4685,0.6844705983459042,-0.152291060313276,-12.978773106913106,-0.2573241265807632,-21.95529900073073,True
zel024_hek293,zel024,dapi,P22,7814,-0.1056013387938672,-9.930860859154532,1.0,0.0205682012575052,1.8360895437677467,0.03,0.4685,0.6844705983459042,-0.1479945173011122,-13.149210204872118,-0.2963979650017393,-25.216855077038776,True
zel024_hek293,zel024,dapi,P23,7814,0.086357393689948,7.443036184217537,0.0,-0.0172902084398888,-1.734476886446619,0.965,0.4685,0.6844705983459042,0.1061218900467096,9.498143161815731,0.2291738074367093,19.52577731338146,True
zel024_hek293,zel024,dapi,P24,7814,0.0127714835086859,1.1503658970661463,0.13,-0.0009510875627328,-0.1554983217826024,0.55,0.4685,0.6844705983459042,-0.0037177196047211,-0.3271777695708134,0.0943331806798285,8.343325818334527,False
zel024_hek293,zel024,dapi,P25,7814,0.0731822441550569,6.580758836204453,0.0,-0.0020817902546845,-0.1982199885896372,0.59,0.4685,0.6844705983459042,0.1009518824630904,8.116030966629191,0.2138751508134187,19.632153518702427,True
zel024_hek293,zel024,dapi,P26,7814,-0.1162007471912792,-10.176493075984146,1.0,0.0055924034888869,0.5561561011041095,0.27,0.4685,0.6844705983459042,-0.1413886977894405,-12.016133802755911,-0.2401724406725293,-19.94906195009835,True
zel024_hek293,zel024,dapi,P27,7814,-0.0567236457839861,-5.015111544700756,1.0,-0.006789333220901,-0.5485356313321375,0.715,0.4685,0.6844705983459042,-0.0755448431320995,-6.519297780715073,-0.1089182291273634,-9.933573739180606,True
zel024_hek293,zel024,dapi,P28,7814,0.083735893080805,7.386156018778347,0.0,0.0006272232590334,0.0673125651271162,0.475,0.4685,0.6844705983459042,0.11380269523268,9.84796525734152,0.2025359488288832,18.188859452604884,True
zel024_hek293,zel024,dapi,P29,7814,-0.0696695421837509,-6.190084090606429,1.0,0.0388262518039984,3.874529514623053,0.0,0.4685,0.6844705983459042,-0.1308310986613251,-12.39263044999432,-0.2288443828551815,-19.399510670037184,True
zel024_hek293,zel024,dapi,P30,7814,0.0299087524567529,2.55261447649763,0.01,-0.0122634516104069,-1.4126846989591235,0.955,0.4685,0.6844705983459042,0.0308041319637814,2.7461286903645004,0.107113640369446,9.454371104028782,False
zel024_hek293,zel024,dapi,P31,7814,0.0334613050422705,2.766988658496192,0.0,0.02134608113697,2.033507926778009,0.02,0.4685,0.6844705983459042,0.0431465817432865,3.7342980682311406,0.0993840352507969,10.014622999789578,False
zel024_hek293,zel024,dapi,P32,7814,-0.0109447664996498,-0.940229836413637,0.815,0.0197405631014316,1.7298875855207552,0.035,0.4685,0.6844705983459042,0.0035073285819745,0.2908653141298188,-0.0903455619429167,-8.597785104764032,False
zel024_hek293,zel024,phalloidin,P01,7814,0.0321099054923907,2.8297829333309887,0.005,0.0147305703512007,1.1951342817676152,0.135,0.5276,0.7263607918933951,0.0778863451247585,7.037166740449492,0.1399597841617678,11.50701797524494,False
zel024_hek293,zel024,phalloidin,P02,7814,0.0102490211144102,1.0036534712882887,0.145,-0.0040672570795736,-0.4661902349266356,0.7,0.5276,0.7263607918933951,0.0045212271839706,0.2875898853145692,0.0835049545422332,7.309785210909518,False
zel024_hek293,zel024,phalloidin,P03,7814,0.0171044373693758,1.494531081830281,0.085,-0.0013135161962993,-0.1416612249164085,0.54,0.5276,0.7263607918933951,0.0384374515238003,3.2116235021014354,0.0845970097059205,7.4035962917532,False
zel024_hek293,zel024,phalloidin,P04,7814,0.013979749870474,1.286864837431196,0.08,0.0163639749137617,1.5464288484348212,0.055,0.5276,0.7263607918933951,0.0488812262949212,4.558541504696665,0.0679415284201009,5.568395151987486,False
zel024_hek293,zel024,phalloidin,P05,7814,0.0298349339167813,2.555115992690699,0.0,0.0228688425376126,2.0326393246707504,0.025,0.5276,0.7263607918933951,0.09154129334018,8.243526139225315,0.1579032333621559,15.31935864882791,False
zel024_hek293,zel024,phalloidin,P06,7814,0.0108573522188792,0.8906649738182367,0.15,0.0080295944430813,0.7034180556011927,0.245,0.5276,0.7263607918933951,-0.0092012806430244,-0.7612366561005774,0.0799477336316586,6.637606034263023,False
zel024_hek293,zel024,phalloidin,P07,7814,-0.004561258757053,-0.4608458768018406,0.645,-0.0100316710317635,-0.8587129200996012,0.815,0.5276,0.7263607918933951,-0.0183616515138403,-1.780469198665654,-0.0385876291136674,-3.3251474410121635,False
zel024_hek293,zel024,phalloidin,P08,7814,0.0324000415699525,2.689826970022082,0.005,-0.0020563847849554,-0.0859991551602021,0.525,0.5276,0.7263607918933951,0.0626522669992128,6.10837998117801,0.1067546098897335,9.743519940525454,False
zel024_hek293,zel024,phalloidin,P09,7814,0.0222933419403401,1.8234764968520305,0.04,0.0037467222473914,0.1783178603929136,0.455,0.5276,0.7263607918933951,0.0282617840617505,2.779871165212987,0.0789957808387442,6.976256465160262,False
zel024_hek293,zel024,phalloidin,P10,7814,-0.0163235948358053,-1.5415724623832618,0.93,-0.0044558548325687,-0.3461605505473167,0.63,0.5276,0.7263607918933951,-0.0472562300188709,-4.352488635978436,-0.0010949329964718,-0.0689671692631404,False
zel024_hek293,zel024,phalloidin,P11,7814,-0.0521553291624032,-4.882102665754424,1.0,0.0175309543212327,1.5304899311105624,0.065,0.5276,0.7263607918933951,-0.0859309464874423,-7.850592136786698,-0.2854655613518062,-24.822071676718544,True
zel024_hek293,zel024,phalloidin,P12,7814,0.1292325188049579,11.621519066830864,0.0,0.0117735175752557,0.9145009409287472,0.215,0.5276,0.7263607918933951,0.1880012116714645,17.46034960130851,0.3809992019559636,34.23730051981958,True
zel024_hek293,zel024,phalloidin,P13,7814,-0.0703876631842219,-6.515938124052348,1.0,0.0055066286324223,0.6089832217993416,0.28,0.5276,0.7263607918933951,-0.0839452949439565,-7.390949476408471,-0.2258042347462097,-21.13482016035761,True
zel024_hek293,zel024,phalloidin,P14,7814,0.0567990174604311,4.838279905431094,0.0,0.0205324356525679,1.752058386200965,0.03,0.5276,0.7263607918933951,0.0830751279582591,7.404342293689579,0.2267699621873261,19.33626751888094,True
zel024_hek293,zel024,phalloidin,P15,7814,0.1321407006624303,11.79616320216896,0.0,0.015528871827375,1.2993748699853107,0.105,0.5276,0.7263607918933951,0.1613842180139636,15.014215106694136,0.3850188881431668,36.23399427854832,True
zel024_hek293,zel024,phalloidin,P16,7814,0.1278290733565385,11.301841643969746,0.0,0.0228662765327828,2.003582440115687,0.02,0.5276,0.7263607918933951,0.1610900691002074,14.932632115369184,0.3791606510775743,36.15788009428378,True
zel024_hek293,zel024,phalloidin,P17,7814,-0.1225312231887379,-10.451877697703011,1.0,-0.03355429668496,-2.9691230603597254,1.0,0.5276,0.7263607918933951,-0.1594688900681083,-14.996176538531875,-0.38364939053175,-35.33008647078527,True
zel024_hek293,zel024,phalloidin,P18,7814,0.1355537099387919,12.353792369003603,0.0,0.0243363354100521,2.05033196299406,0.03,0.5276,0.7263607918933951,0.1814709310463135,17.024550814960882,0.4065517189714593,38.01712493811631,True
zel024_hek293,zel024,phalloidin,P19,7814,-0.0543490211711628,-4.513997596682376,1.0,0.0091065236872734,0.8052601027608227,0.195,0.5276,0.7263607918933951,-0.0937121719832112,-8.254724695842233,-0.301294759822207,-27.017389893808254,True
zel024_hek293,zel024,phalloidin,P20,7814,-0.1504780672645726,-13.151812006003215,1.0,-0.0357835877968895,-3.064305329020532,1.0,0.5276,0.7263607918933951,-0.180843208467955,-17.040109586257444,-0.4291634870310446,-40.57226353690368,True
zel024_hek293,zel024,phalloidin,P21,7814,-0.1351211739859893,-12.60167737757676,1.0,-0.0057834315309465,-0.4354547127587372,0.655,0.5276,0.7263607918933951,-0.1663587395613326,-14.822635502558724,-0.3780302630044948,-36.13554560406804,True
zel024_hek293,zel024,phalloidin,P22,7814,-0.1218498858976822,-11.10014961574835,1.0,-0.0205682012575052,-1.870755636751019,0.98,0.5276,0.7263607918933951,-0.168112517648387,-14.623773800501914,-0.4178582744911861,-37.0954681320841,True
zel024_hek293,zel024,phalloidin,P23,7814,0.10005236657666,8.899018946157492,0.0,0.0172902084398889,1.393334608763513,0.08,0.5276,0.7263607918933951,0.1270125230710851,11.565132355409224,0.3480835079424456,31.168556190879244,True
zel024_hek293,zel024,phalloidin,P24,7814,0.0135256168093669,1.3115662231777152,0.105,0.0009510875627328,0.2480731293624696,0.425,0.5276,0.7263607918933951,0.0072630348926888,0.5604549268962634,0.1190611642939259,10.5690610246512,False
zel024_hek293,zel024,phalloidin,P25,7814,0.0748105220739568,6.799422940176997,0.0,0.0020817902546846,0.186377357147979,0.465,0.5276,0.7263607918933951,0.1070119474764353,8.90695697633278,0.3195788459118024,30.089277645361047,True
zel024_hek293,zel024,phalloidin,P26,7814,-0.1205825591507687,-11.21237745451884,1.0,-0.005592403488887,-0.3567907139366436,0.655,0.5276,0.7263607918933951,-0.1552372960913165,-14.382687505861702,-0.3596219474484768,-33.86905496970973,True
zel024_hek293,zel024,phalloidin,P27,7814,-0.0512930081627411,-4.554987357884031,1.0,0.006789333220901,0.746189126047873,0.225,0.5276,0.7263607918933951,-0.0599016989347782,-5.236567023250086,-0.1377176440341977,-11.881108362026676,True
zel024_hek293,zel024,phalloidin,P28,7814,0.0832056177353542,7.697684750057413,0.0,-0.0006272232590334,-0.1886887963736525,0.595,0.5276,0.7263607918933951,0.1185960792196099,10.13821668893099,0.2912989664167538,25.904797118336244,True
zel024_hek293,zel024,phalloidin,P29,7814,-0.1004964479080431,-7.816988473451221,1.0,-0.0388262518039984,-2.943348803881263,1.0,0.5276,0.7263607918933951,-0.1554855533728113,-14.132981795868702,-0.3664042312743364,-33.13209156039615,True
zel024_hek293,zel024,phalloidin,P30,7814,0.0396777420094566,3.3992334404469524,0.0,0.012263451610407,0.9712033713392272,0.18,0.5276,0.7263607918933951,0.0465106924352631,3.953992961689511,0.1844042203651111,15.767620184434742,False
zel024_hek293,zel024,phalloidin,P31,7814,0.0164187418104641,1.6335533986123216,0.04,-0.02134608113697,-1.9638743488689605,0.98,0.5276,0.7263607918933951,0.0170305160531411,1.6616458822156792,0.089240489533937,8.690426237459036,False
zel024_hek293,zel024,phalloidin,P32,7814,-0.0266921191200308,-2.4636439862543527,0.995,-0.0197405631014317,-1.7082562974400772,0.955,0.5276,0.7263607918933951,-0.0282797805841034,-2.507860543081247,-0.1476204448778606,-12.978310887984865,False
zel024_hek293,zel024,brightfield,P01,7814,0.0016511245506553,0.1922834529124416,0.41,0.0015451100309748,0.1012825748838087,0.455,0.2939,0.542125446737192,0.0018919043900837,0.0519844467877627,-0.005913337329905,-0.5572988490758685,False
zel024_hek293,zel024,brightfield,P02,7814,0.0100384043212668,0.9207906719236064,0.175,0.0099910245520892,0.8246329223669451,0.22,0.2939,0.542125446737192,0.003960018690135,0.3744902764495292,0.0067372893977226,0.7776676659783308,False
zel024_hek293,zel024,brightfield,P03,7814,0.0049531761188461,0.3199811302186359,0.385,0.0048824206622863,0.2665121070816643,0.43,0.2939,0.542125446737192,-0.0047239262149029,-0.3415596404467242,-0.0089945829723507,-0.921604348104174,False
zel024_hek293,zel024,brightfield,P04,7814,-0.0074654051169094,-0.6190394619698102,0.76,-0.0074959693600141,-0.7036066977468113,0.76,0.2939,0.542125446737192,-0.003384610568963,-0.275032669828657,0.0198278413503017,1.781642864120491,False
zel024_hek293,zel024,brightfield,P05,7814,0.0065675086494032,0.5964168389631878,0.235,0.0064850240445025,0.5317339502958436,0.305,0.2939,0.542125446737192,0.0016660037625588,0.168773474257186,-0.001350894691504,-0.137895171462819,False
zel024_hek293,zel024,brightfield,P06,7814,0.008046111299093,0.7257568745288379,0.215,0.008015338014254,0.7706012539713983,0.235,0.2939,0.542125446737192,-0.0066270768469429,-0.4965728230989137,0.0064130634439313,0.566489632817458,False
zel024_hek293,zel024,brightfield,P07,7814,0.0017954481123633,0.2021894701296841,0.415,0.0017977113767511,0.2130728838459702,0.425,0.2939,0.542125446737192,-0.0143417632612644,-1.522905314481092,-0.004073912353283,-0.419746250357151,False
zel024_hek293,zel024,brightfield,P08,7814,-0.0146402763545833,-1.3190702588403909,0.895,-0.0147851906047506,-1.0884029226978953,0.87,0.2939,0.542125446737192,-0.0148051644870861,-1.4560819694708005,0.0297561425845256,2.808567803617868,False
zel024_hek293,zel024,brightfield,P09,7814,-0.007248491979788,-0.540356897038108,0.69,-0.0073350050526644,-0.7191179127837561,0.785,0.2939,0.542125446737192,-0.0005193848200839,0.0364005912851394,0.0043599060309093,0.4313433792898413,False
zel024_hek293,zel024,brightfield,P10,7814,0.0187893153307075,1.5704181849808785,0.06,0.0188509631847703,1.7074220623346203,0.025,0.2939,0.542125446737192,0.0104826061078346,1.1102558863222631,0.0088635500794574,0.8799779200316529,False
zel024_hek293,zel024,brightfield,P11,7814,0.0091718020309302,0.7279339652841845,0.24,0.0094320420604699,0.851244548738357,0.19,0.2939,0.542125446737192,0.0129581383607662,1.0295022125796318,-0.0233518860262425,-2.124833281485783,False
zel024_hek293,zel024,brightfield,P12,7814,-0.0022023892761438,-0.1801090200410705,0.595,-0.002734369698492,-0.268760809074474,0.59,0.2939,0.542125446737192,-0.0074953718107302,-0.6662454492959217,-0.0080355340483348,-0.7162980109999719,False
zel024_hek293,zel024,brightfield,P13,7814,-0.0059983042702695,-0.5793230761189013,0.73,-0.0057211397771593,-0.5077938688353812,0.695,0.2939,0.542125446737192,0.0012633993348419,0.0482062189565716,-0.0280774242990763,-2.8083373695742533,False
zel024_hek293,zel024,brightfield,P14,7814,-0.0273224159156709,-2.195797917655152,0.985,-0.0275590461082024,-2.382405869978663,0.99,0.2939,0.542125446737192,-0.0084585401068012,-0.816806831627372,0.0007157929968667,0.2064579327336599,False
zel024_hek293,zel024,brightfield,P15,7814,-0.0070318805231089,-0.5800621763302883,0.715,-0.0076166000007563,-0.8891412647473645,0.805,0.2939,0.542125446737192,-0.009152105069391,-0.7775666446108852,-0.005342476992628,-0.4082770893783448,False
zel024_hek293,zel024,brightfield,P16,7814,-0.011555258256648,-0.8894292722958591,0.795,-0.0121406715677176,-1.089195967299274,0.86,0.2939,0.542125446737192,-0.0115459594446271,-0.985275608609986,-5.307861156508189e-05,0.0491630104139289,False
zel024_hek293,zel024,brightfield,P17,7814,0.0134107110697948,1.0750082264352547,0.12,0.0139543712033916,1.2850141637099288,0.095,0.2939,0.542125446737192,0.0139158977331296,1.2973869623431489,0.0184023320451457,1.6475031463348164,False
zel024_hek293,zel024,brightfield,P18,7814,0.0195516661526433,1.738561914058639,0.035,0.0192219142638231,1.50389120859709,0.075,0.2939,0.542125446737192,-0.005264160956851,-0.4490125165794936,-0.013336741595059,-1.1989379792947163,False
zel024_hek293,zel024,brightfield,P19,7814,-0.0059063335996166,-0.5866168655185362,0.7,-0.0056819618473944,-0.3979266717780932,0.645,0.2939,0.542125446737192,0.0024725122123188,0.12937777413562,-0.0277602522235618,-2.615488455533273,False
zel024_hek293,zel024,brightfield,P20,7814,0.008827632349157,0.7158108043872929,0.245,0.009487671592652,0.8871041135277423,0.19,0.2939,0.542125446737192,0.011852893933586,1.1162687355052108,-0.0016777371554318,-0.1802853804378608,False
zel024_hek293,zel024,brightfield,P21,7814,0.0067186303750954,0.5953044798065272,0.3,0.0073363072643481,0.8214895797470753,0.195,0.2939,0.542125446737192,0.0093590339600416,0.7522060799527752,-0.0082608950999562,-0.8895889142404609,False
zel024_hek293,zel024,brightfield,P22,7814,0.0013606188863454,0.0641180867074968,0.47,0.0018371825869226,0.1703105073819325,0.445,0.2939,0.542125446737192,0.0015606846281596,0.1540554431612178,-0.0049080230492409,-0.5357789476706425,False
zel024_hek293,zel024,brightfield,P23,7814,-0.0177707584994995,-1.2899436271127274,0.9,-0.018244312669492,-1.7149459876215842,0.96,0.2939,0.542125446737192,-0.0180384701415557,-1.623433211441121,-0.0070445101209814,-0.5308822442517865,False
zel024_hek293,zel024,brightfield,P24,7814,0.0055345480158268,0.4917330178566764,0.31,0.0054816902798026,0.4602752187479191,0.31,0.2939,0.542125446737192,-0.0002241002455354,-0.06632156131259,0.028977623573041,2.550598396187208,False
zel024_hek293,zel024,brightfield,P25,7814,-0.0142812923043084,-1.550212287701682,0.95,-0.0146299730015842,-1.30632325721819,0.92,0.2939,0.542125446737192,-0.0032557097053878,-0.2761604876655291,0.0167903606799531,1.5705318972448608,False
zel024_hek293,zel024,brightfield,P26,7814,0.0249731263507556,2.065485837836556,0.015,0.0256695447089137,2.173379595255168,0.015,0.2939,0.542125446737192,0.0131247512960364,1.1246566846327153,0.0142846559678908,1.3214821727365462,False
zel024_hek293,zel024,brightfield,P27,7814,-0.0082361020414531,-0.7036069659266954,0.73,-0.0080304978220726,-0.7290306398651739,0.76,0.2939,0.542125446737192,-0.0068980862283427,-0.6137288404055344,-0.0694774281490432,-6.086488715979471,False
zel024_hek293,zel024,brightfield,P28,7814,0.0024233464706379,0.24138439137647,0.385,0.002092663847947,0.10739149522431,0.425,0.2939,0.542125446737192,0.0047263825041298,0.4157519581624779,0.0288038353714816,2.8323620516295294,False
zel024_hek293,zel024,brightfield,P29,7814,0.0156418058172604,1.3637705913631375,0.08,0.0160570514241242,1.3295889959056506,0.09,0.2939,0.542125446737192,0.0148587705212294,1.3446858221714464,0.0262668313927915,2.379084158910518,False
zel024_hek293,zel024,brightfield,P30,7814,-0.0111794966016086,-0.8980732767578775,0.785,-0.0113291794346514,-1.0326091524384546,0.87,0.2939,0.542125446737192,-0.0143750607237982,-1.31768170534609,-0.0352199439130372,-3.329548768699393,False
zel024_hek293,zel024,brightfield,P31,7814,0.0032602704647104,0.2568397083608099,0.38,0.0031600235166369,0.3624341272438762,0.35,0.2939,0.542125446737192,0.0019251256885993,0.2086776323248541,0.0166844209442634,1.5406315160906032,False
zel024_hek293,zel024,brightfield,P32,7814,-0.0041359380056943,-0.471716254576199,0.675,-0.0040603384880661,-0.2139702244689923,0.575,0.2939,0.542125446737192,0.0039508233445811,0.4003925701521225,-0.0017889095856229,-0.1863241289917426,False
zel024_hek293,zel024,DENSITY_PC1,P01,7814,0.0286096342591609,2.559259268984113,0.01,,,,,,,,,,False
zel024_hek293,zel024,DENSITY_PC1,P02,7814,0.0129524815470621,1.1583814037490023,0.145,,,,,,,,,,False
zel024_hek293,zel024,DENSITY_PC1,P03,7814,0.0192305738866815,1.676560167334988,0.05,,,,,,,,,,False
zel024_hek293,zel024,DENSITY_PC1,P04,7814,0.0081182533910555,0.6895131168979177,0.26,,,,,,,,,,False
zel024_hek293,zel024,DENSITY_PC1,P05,7814,0.022581130147153,2.1087474975408096,0.015,,,,,,,,,,False
zel024_hek293,zel024,DENSITY_PC1,P06,7814,0.0083443507480966,0.6688823045422962,0.25,,,,,,,,,,False
zel024_hek293,zel024,DENSITY_PC1,P07,7814,-0.0006036542298541,-0.0276033446532749,0.49,,,,,,,,,,False
zel024_hek293,zel024,DENSITY_PC1,P08,7814,0.0362389236275004,3.178229118766025,0.0,,,,,,,,,,False
zel024_hek293,zel024,DENSITY_PC1,P09,7814,0.0226860423362779,2.14006350744618,0.015,,,,,,,,,,False
zel024_hek293,zel024,DENSITY_PC1,P10,7814,-0.0158647680426427,-1.3186875886685183,0.89,,,,,,,,,,False
zel024_hek293,zel024,DENSITY_PC1,P11,7814,-0.064517536442512,-5.555727662039869,1.0,,,,,,,,,,True
zel024_hek293,zel024,DENSITY_PC1,P12,7814,0.1358887026454902,12.295947383357356,0.0,,,,,,,,,,True
zel024_hek293,zel024,DENSITY_PC1,P13,7814,-0.0791741200355018,-7.184573834765962,1.0,,,,,,,,,,True
zel024_hek293,zel024,DENSITY_PC1,P14,7814,0.0530229584378303,4.935322389697353,0.0,,,,,,,,,,True
zel024_hek293,zel024,DENSITY_PC1,P15,7814,0.1374410574456129,12.297356647287502,0.0,,,,,,,,,,True
zel024_hek293,zel024,DENSITY_PC1,P16,7814,0.1295597686042744,11.319455386200548,0.0,,,,,,,,,,True
zel024_hek293,zel024,DENSITY_PC1,P17,7814,-0.1191428186842194,-10.355179922012674,1.0,,,,,,,,,,True
zel024_hek293,zel024,DENSITY_PC1,P18,7814,0.1373619917679275,11.885786006934223,0.0,,,,,,,,,,True
zel024_hek293,zel024,DENSITY_PC1,P19,7814,-0.0632469821314535,-5.564445183266152,1.0,,,,,,,,,,True
zel024_hek293,zel024,DENSITY_PC1,P20,7814,-0.1487261152401866,-13.322165234983272,1.0,,,,,,,,,,True
zel024_hek293,zel024,DENSITY_PC1,P21,7814,-0.1449018695052726,-12.22762940749097,1.0,,,,,,,,,,True
zel024_hek293,zel024,DENSITY_PC1,P22,7814,-0.1240241756396982,-10.648242235957929,1.0,,,,,,,,,,True
zel024_hek293,zel024,DENSITY_PC1,P23,7814,0.101644956582799,9.121713733891411,0.0,,,,,,,,,,True
zel024_hek293,zel024,DENSITY_PC1,P24,7814,0.0143398473979676,1.4422300661771663,0.06,,,,,,,,,,False
zel024_hek293,zel024,DENSITY_PC1,P25,7814,0.0807021010242402,7.085185869209375,0.0,,,,,,,,,,True
zel024_hek293,zel024,DENSITY_PC1,P26,7814,-0.1291195996869355,-11.0504088597589,1.0,,,,,,,,,,True
zel024_hek293,zel024,DENSITY_PC1,P27,7814,-0.0589062969766878,-5.388956296359651,1.0,,,,,,,,,,True
zel024_hek293,zel024,DENSITY_PC1,P28,7814,0.0910363547181854,7.724212825583953,0.0,,,,,,,,,,True
zel024_hek293,zel024,DENSITY_PC1,P29,7814,-0.0927775952277758,-9.382086241481872,1.0,,,,,,,,,,True
zel024_hek293,zel024,DENSITY_PC1,P30,7814,0.0379413727117065,3.6826834333397622,0.0,,,,,,,,,,False
zel024_hek293,zel024,DENSITY_PC1,P31,7814,0.0272097503328497,2.5228615555991896,0.01,,,,,,,,,,False
zel024_hek293,zel024,DENSITY_PC1,P32,7814,-0.0205154391741975,-1.804227435715785,0.955,,,,,,,,,,False
zel024_h1650,zel024,p21,P01,6090,-0.0194872771077171,-1.6458483685785856,0.95,-0.0159651681654176,-1.3081311825223725,0.905,0.4277,0.6539877674696982,,,,,False
zel024_h1650,zel024,p21,P02,6090,-0.0274416328268453,-2.020466949015929,0.97,-0.0234084527359026,-1.774516622499236,0.965,0.4277,0.6539877674696982,,,,,False
zel024_h1650,zel024,p21,P03,6090,-0.0061759603452457,-0.4241559948867532,0.655,-0.0038681025867868,-0.2429478583432154,0.615,0.4277,0.6539877674696982,,,,,False
zel024_h1650,zel024,p21,P04,6090,0.0119372415265551,1.0814723400362014,0.145,0.0053723524653881,0.5102522645340789,0.33,0.4277,0.6539877674696982,,,,,False
zel024_h1650,zel024,p21,P05,6090,-0.0183237773603214,-1.3735974280163712,0.9,-0.0214103190300669,-1.8725814843049395,0.97,0.4277,0.6539877674696982,,,,,False
zel024_h1650,zel024,p21,P06,6090,0.0061806971196235,0.4661550763875448,0.315,0.0171818826656188,1.3540300521083433,0.06,0.4277,0.6539877674696982,,,,,False
zel024_h1650,zel024,p21,P07,6090,0.0130524123576911,0.987570163650987,0.16,0.012107616129578,0.8165612972475448,0.195,0.4277,0.6539877674696982,,,,,False
zel024_h1650,zel024,p21,P08,6090,0.0086145959128806,0.7579564503872362,0.225,0.008143189121902,0.6389548732625578,0.29,0.4277,0.6539877674696982,,,,,False
zel024_h1650,zel024,p21,P09,6090,-0.0063794120721708,-0.6609015583729775,0.75,-0.0105526117387964,-0.8861712706290472,0.805,0.4277,0.6539877674696982,,,,,False
zel024_h1650,zel024,p21,P10,6090,0.0053956220675094,0.5401286214956942,0.31,-0.0059066543216898,-0.3647308034120067,0.655,0.4277,0.6539877674696982,,,,,False
zel024_h1650,zel024,p21,P11,6090,0.0037189798983795,0.1869502403065349,0.42,0.0096010638528136,0.8136795622562882,0.21,0.4277,0.6539877674696982,,,,,False
zel024_h1650,zel024,p21,P12,6090,0.0006313685065101,0.1167383854308911,0.435,-0.0044547409234097,-0.3854473833483676,0.64,0.4277,0.6539877674696982,,,,,False
zel024_h1650,zel024,p21,P13,6090,0.00990148634261,0.7361473196478268,0.235,0.0088989325678612,0.7103596992748455,0.22,0.4277,0.6539877674696982,,,,,False
zel024_h1650,zel024,p21,P14,6090,-0.0144928781882651,-1.0750302098280429,0.87,-0.0199466998622159,-1.7536180636839889,0.945,0.4277,0.6539877674696982,,,,,False
zel024_h1650,zel024,p21,P15,6090,-0.0008642292737922,-0.0632211633516349,0.55,-0.0021577592580677,-0.204697800848045,0.59,0.4277,0.6539877674696982,,,,,False
zel024_h1650,zel024,p21,P16,6090,0.0005883082533735,0.0173992923160758,0.525,0.0023445578910909,0.2245902596005677,0.4,0.4277,0.6539877674696982,,,,,False
zel024_h1650,zel024,p21,P17,6090,-0.0098640897880433,-0.7902186842121997,0.775,0.002666638645866,0.2745907081273061,0.365,0.4277,0.6539877674696982,,,,,False
zel024_h1650,zel024,p21,P18,6090,-0.0050192821683139,-0.3228517811545899,0.595,-0.0161161001092064,-1.157533676819218,0.875,0.4277,0.6539877674696982,,,,,False
zel024_h1650,zel024,p21,P19,6090,-0.0029260268989504,-0.2686979727608796,0.585,-0.0120563320544629,-0.972618299853379,0.85,0.4277,0.6539877674696982,,,,,False
zel024_h1650,zel024,p21,P20,6090,-0.0042503390532879,-0.3263445869939035,0.625,-0.0028855783986289,-0.1920499200410965,0.56,0.4277,0.6539877674696982,,,,,False
zel024_h1650,zel024,p21,P21,6090,0.0117287705852261,0.7443610058376149,0.255,0.0074473941238516,0.7217015999573528,0.24,0.4277,0.6539877674696982,,,,,False
zel024_h1650,zel024,p21,P22,6090,0.0056733003301061,0.3595522217513689,0.37,0.0154606011668519,1.1533360523313545,0.12,0.4277,0.6539877674696982,,,,,False
zel024_h1650,zel024,p21,P23,6090,0.0105935518462916,0.844064341178249,0.185,0.0041883963074415,0.2669115913238961,0.385,0.4277,0.6539877674696982,,,,,False
zel024_h1650,zel024,p21,P24,6090,0.0015351328616362,0.1565023828772419,0.46,0.0127513876164666,1.0527059020426697,0.16,0.4277,0.6539877674696982,,,,,False
zel024_h1650,zel024,p21,P25,6090,0.0167728206020041,1.2298343651166137,0.105,0.0168262089345816,1.4868918274671812,0.08,0.4277,0.6539877674696982,,,,,False
zel024_h1650,zel024,p21,P26,6090,-0.0025613053040777,-0.1483343585493726,0.57,-0.0030652809132545,-0.3477514581360242,0.635,0.4277,0.6539877674696982,,,,,False
zel024_h1650,zel024,p21,P27,6090,0.0025773175100891,0.283504410336953,0.375,0.0046019933784551,0.4367738899188169,0.35,0.4277,0.6539877674696982,,,,,False
zel024_h1650,zel024,p21,P28,6090,-0.0131375106560313,-0.95868021347197,0.825,-0.0113071893611983,-1.0072042475899552,0.845,0.4277,0.6539877674696982,,,,,False
zel024_h1650,zel024,p21,P29,6090,-0.0106767517971818,-0.8010287657413782,0.77,-0.0116758345552059,-0.9120426458448316,0.795,0.4277,0.6539877674696982,,,,,False
zel024_h1650,zel024,p21,P30,6090,0.0063959143109236,0.4702183779291561,0.335,0.0101203618569405,0.7648754003950877,0.21,0.4277,0.6539877674696982,,,,,False
zel024_h1650,zel024,p21,P31,6090,-0.002180995341019,-0.197317209025972,0.56,0.0002104437823679,-0.0070131129268343,0.535,0.4277,0.6539877674696982,,,,,False
zel024_h1650,zel024,p21,P32,6090,0.0076359881312785,0.5487043709102487,0.315,0.0055233494393882,0.4288126138894265,0.33,0.4277,0.6539877674696982,,,,,False
zel024_h1650,zel024,p62,P01,2953,0.0103023427617137,0.6607482742272948,0.225,0.0124383319384975,0.7186509569400087,0.245,0.5861,0.7655716818169283,,,,,False
zel024_h1650,zel024,p62,P02,2953,0.017692075216277,0.8936273005886519,0.185,0.0194459103028555,0.955173192345447,0.165,0.5861,0.7655716818169283,,,,,False
zel024_h1650,zel024,p62,P03,2953,-0.0038922683793632,-0.1564573727131914,0.58,0.0108177771683441,0.5384707679674603,0.31,0.5861,0.7655716818169283,,,,,False
zel024_h1650,zel024,p62,P04,2953,-0.0030924450049419,-0.1779558977397367,0.575,-0.0193967973720989,-1.057353847968087,0.89,0.5861,0.7655716818169283,,,,,False
zel024_h1650,zel024,p62,P05,2953,0.0067463654806062,0.3378326158944501,0.375,-0.0133491776943769,-0.7116842890377101,0.77,0.5861,0.7655716818169283,,,,,False
zel024_h1650,zel024,p62,P06,2953,-0.009907666648626,-0.5376344863870032,0.705,0.0062159661774957,0.3626573361808353,0.375,0.5861,0.7655716818169283,,,,,False
zel024_h1650,zel024,p62,P07,2953,-0.0149908243995786,-0.7447619482431135,0.78,-0.0164124566232922,-0.7779273449015648,0.795,0.5861,0.7655716818169283,,,,,False
zel024_h1650,zel024,p62,P08,2953,-0.018004972870848,-1.017979316650321,0.845,-0.0135634665839029,-0.6878380560456476,0.8,0.5861,0.7655716818169283,,,,,False
zel024_h1650,zel024,p62,P09,2953,0.0222589232460667,1.3702927631138742,0.08,0.0220287158577179,1.2433132745420197,0.11,0.5861,0.7655716818169283,,,,,False
zel024_h1650,zel024,p62,P10,2953,-0.0054278711075822,-0.3198239821558907,0.665,-0.0191252660570811,-0.9598406182381872,0.83,0.5861,0.7655716818169283,,,,,False
zel024_h1650,zel024,p62,P11,2953,-0.0171053969381306,-0.8913158481098213,0.815,-0.0078776895321384,-0.3309048459470335,0.64,0.5861,0.7655716818169283,,,,,False
zel024_h1650,zel024,p62,P12,2953,0.0196619621500386,1.176016360081701,0.105,0.0021344570491376,0.0571801321519652,0.475,0.5861,0.7655716818169283,,,,,False
zel024_h1650,zel024,p62,P13,2953,0.0045809533101364,0.2257304527027612,0.365,0.0046025447910249,0.3120613801361895,0.4,0.5861,0.7655716818169283,,,,,False
zel024_h1650,zel024,p62,P14,2953,0.0066197410546436,0.3729062816205194,0.37,-0.0165945768489142,-0.7101064473310057,0.76,0.5861,0.7655716818169283,,,,,False
zel024_h1650,zel024,p62,P15,2953,0.0036952813744943,0.222198784902814,0.425,0.0124694765654512,0.7264844395273955,0.23,0.5861,0.7655716818169283,,,,,False
zel024_h1650,zel024,p62,P16,2953,0.0220688424845302,1.1493298454338623,0.135,0.0174464290677846,1.0003315849602683,0.16,0.5861,0.7655716818169283,,,,,False
zel024_h1650,zel024,p62,P17,2953,-0.0138650917962984,-0.8190139076991207,0.815,0.0025030786274894,0.04337267632299,0.49,0.5861,0.7655716818169283,,,,,False
zel024_h1650,zel024,p62,P18,2953,0.0223489801365442,1.3405026919245937,0.08,-0.0072684150477814,-0.374479109452481,0.665,0.5861,0.7655716818169283,,,,,False
zel024_h1650,zel024,p62,P19,2953,-0.0072890553558683,-0.3990011564880371,0.635,-0.0372853236761084,-2.0430582975292064,0.97,0.5861,0.7655716818169283,,,,,False
zel024_h1650,zel024,p62,P20,2953,0.0039273270028185,0.2124605163921726,0.385,7.132854351971061e-05,-0.1520264539311082,0.55,0.5861,0.7655716818169283,,,,,False
zel024_h1650,zel024,p62,P21,2953,0.0310714156751759,1.6570115318989835,0.035,0.0142195528072189,0.857088965658244,0.205,0.5861,0.7655716818169283,,,,,False
zel024_h1650,zel024,p62,P22,2953,-0.0111690892663343,-0.6894540002048948,0.74,0.0181789612820432,1.0009503324838167,0.15,0.5861,0.7655716818169283,,,,,False
zel024_h1650,zel024,p62,P23,2953,-0.0010513573655469,-0.0812641209481938,0.54,-0.002871019203898,-0.1625611131538946,0.535,0.5861,0.7655716818169283,,,,,False
zel024_h1650,zel024,p62,P24,2953,-0.0251650533586487,-1.533938510943519,0.93,0.0034237836409345,0.2006542410655389,0.415,0.5861,0.7655716818169283,,,,,False
zel024_h1650,zel024,p62,P25,2953,0.00177930184799,-0.0213369532275141,0.545,0.0085543270382154,0.3191079254862426,0.37,0.5861,0.7655716818169283,,,,,False
zel024_h1650,zel024,p62,P26,2953,0.0017138136631398,0.1797747398973951,0.43,-0.0077555182818859,-0.294447481090407,0.59,0.5861,0.7655716818169283,,,,,False
zel024_h1650,zel024,p62,P27,2953,0.017899769455173,1.010221565588599,0.155,0.0155998072225215,1.0479648477382075,0.16,0.5861,0.7655716818169283,,,,,False
zel024_h1650,zel024,p62,P28,2953,0.0105820393806377,0.5719880172431963,0.305,0.0286695422827657,1.5251848507154333,0.07,0.5861,0.7655716818169283,,,,,False
zel024_h1650,zel024,p62,P29,2953,-0.0110791931837318,-0.6961670612552404,0.72,-0.0057199928133901,-0.4450992551407052,0.685,0.5861,0.7655716818169283,,,,,False
zel024_h1650,zel024,p62,P30,2953,-0.0013398286776679,-0.1826497516131403,0.52,0.0152996063761918,0.7747355962120441,0.23,0.5861,0.7655716818169283,,,,,False
zel024_h1650,zel024,p62,P31,2953,-0.0075021205527961,-0.088285211651449,0.55,0.0126951290778016,0.655256893741354,0.215,0.5861,0.7655716818169283,,,,,False
zel024_h1650,zel024,p62,P32,2953,-0.0213664431872691,-1.294588250576991,0.91,-0.0162357742094994,-1.0227109852150056,0.835,0.5861,0.7655716818169283,,,,,False
zel024_h1650,zel024,dapi,P01,6090,-0.0173153169347184,-1.4138484177304669,0.955,-0.00267688792013,-0.2352814144478784,0.605,0.4685,0.6844705983459042,,,,,False
zel024_h1650,zel024,dapi,P02,6090,-0.0229474979596401,-1.6043865765501824,0.96,-0.0094963978559923,-0.8337167958380393,0.82,0.4685,0.6844705983459042,,,,,False
zel024_h1650,zel024,dapi,P03,6090,-0.0152373320113125,-1.2689607821574995,0.885,-0.0131250246444594,-0.9552728702049836,0.835,0.4685,0.6844705983459042,,,,,False
zel024_h1650,zel024,dapi,P04,6090,0.0203694332576676,1.5199274598946786,0.065,-0.0183902820197126,-1.274901686528842,0.905,0.4685,0.6844705983459042,,,,,False
zel024_h1650,zel024,dapi,P05,6090,0.011587864043339,0.86957407660898,0.215,0.0024811294240787,0.1746060387068796,0.435,0.4685,0.6844705983459042,,,,,False
zel024_h1650,zel024,dapi,P06,6090,-0.0379281984365861,-2.90531427910372,1.0,0.0144777810878006,1.040734049003014,0.15,0.4685,0.6844705983459042,,,,,False
zel024_h1650,zel024,dapi,P07,6090,0.0036255973031116,0.285081954086851,0.405,-0.0038047174745699,-0.3539067963599837,0.65,0.4685,0.6844705983459042,,,,,False
zel024_h1650,zel024,dapi,P08,6090,0.0031766286296146,0.2874324347634292,0.375,0.0009677629933656,0.0741799719354305,0.46,0.4685,0.6844705983459042,,,,,False
zel024_h1650,zel024,dapi,P09,6090,0.0141447841420143,1.0222804187491112,0.135,-0.0051211698288907,-0.3609244377469069,0.675,0.4685,0.6844705983459042,,,,,False
zel024_h1650,zel024,dapi,P10,6090,0.0407559395571243,3.3575786082399515,0.0,-0.0135423862757586,-1.123840888266924,0.875,0.4685,0.6844705983459042,,,,,False
zel024_h1650,zel024,dapi,P11,6090,-0.0186147485816341,-1.4306622212492162,0.9,0.0118437845140848,0.9135276105740454,0.175,0.4685,0.6844705983459042,,,,,False
zel024_h1650,zel024,dapi,P12,6090,0.0179404787224127,1.4156294668977152,0.08,-0.0066478393564448,-0.5805563148737253,0.725,0.4685,0.6844705983459042,,,,,False
zel024_h1650,zel024,dapi,P13,6090,0.009259951261048,0.7630665078856014,0.185,0.0104292163788403,0.8750942604635066,0.18,0.4685,0.6844705983459042,,,,,False
zel024_h1650,zel024,dapi,P14,6090,0.0159948868206561,1.2846917183603808,0.1,-0.0112909957135499,-0.8397062194917327,0.815,0.4685,0.6844705983459042,,,,,False
zel024_h1650,zel024,dapi,P15,6090,0.006430569995107,0.4042246741360734,0.345,0.0032130101470466,0.2709067966266885,0.36,0.4685,0.6844705983459042,,,,,False
zel024_h1650,zel024,dapi,P16,6090,-0.0101383514590461,-0.6939049675308712,0.75,-0.0077136526286264,-0.5553738701230108,0.69,0.4685,0.6844705983459042,,,,,False
zel024_h1650,zel024,dapi,P17,6090,-0.0458382337249305,-3.776025408998019,1.0,0.0144254802117794,1.107122365713076,0.12,0.4685,0.6844705983459042,,,,,True
zel024_h1650,zel024,dapi,P18,6090,0.0382918327647041,3.041686478779127,0.0,-0.0148390448112612,-1.1379034948779436,0.885,0.4685,0.6844705983459042,,,,,False
zel024_h1650,zel024,dapi,P19,6090,0.0388314814240962,3.0787738241073983,0.0,0.0056601198783417,0.4856197834541021,0.33,0.4685,0.6844705983459042,,,,,False
zel024_h1650,zel024,dapi,P20,6090,0.0011802681530814,-0.0155203161714351,0.52,0.0177327879977362,1.3961884813472043,0.08,0.4685,0.6844705983459042,,,,,False
zel024_h1650,zel024,dapi,P21,6090,0.0179606829239874,1.4685021300498915,0.095,-0.00136269939937,-0.1652896420552247,0.59,0.4685,0.6844705983459042,,,,,False
zel024_h1650,zel024,dapi,P22,6090,-0.0364509329450502,-2.754310078229775,0.995,0.0061282119700585,0.4700140677209827,0.36,0.4685,0.6844705983459042,,,,,False
zel024_h1650,zel024,dapi,P23,6090,0.0211122591074382,1.6230011685543428,0.05,-0.0145870422133532,-1.0886120988902457,0.89,0.4685,0.6844705983459042,,,,,False
zel024_h1650,zel024,dapi,P24,6090,-0.0341423661644102,-2.702125283040415,0.995,0.0272946632168872,2.2553738747027823,0.02,0.4685,0.6844705983459042,,,,,False
zel024_h1650,zel024,dapi,P25,6090,-0.0009382616095633,-0.0978586623190367,0.535,-0.0060689549614378,-0.4683942775577215,0.675,0.4685,0.6844705983459042,,,,,False
zel024_h1650,zel024,dapi,P26,6090,0.0083266792037242,0.7182034666770047,0.225,0.0162941295556819,1.4596737653782468,0.06,0.4685,0.6844705983459042,,,,,False
zel024_h1650,zel024,dapi,P27,6090,-0.0060700265490543,-0.3916228794550754,0.62,0.0045932355635452,0.3408983557711555,0.385,0.4685,0.6844705983459042,,,,,False
zel024_h1650,zel024,dapi,P28,6090,-0.0155894320581774,-1.07819232352585,0.85,-0.0170232981613619,-1.5295862521415742,0.935,0.4685,0.6844705983459042,,,,,False
zel024_h1650,zel024,dapi,P29,6090,-0.0013601494442185,-0.0312769215947157,0.525,-0.0107020072310862,-0.9297688029268296,0.82,0.4685,0.6844705983459042,,,,,False
zel024_h1650,zel024,dapi,P30,6090,-0.0101584625107504,-0.8507703031558691,0.815,0.0105249052197366,0.8038385799502749,0.21,0.4685,0.6844705983459042,,,,,False
zel024_h1650,zel024,dapi,P31,6090,-0.0108870179875783,-0.8461662151414222,0.79,-0.0024864600319587,-0.1540210754953167,0.58,0.4685,0.6844705983459042,,,,,False
zel024_h1650,zel024,dapi,P32,6090,0.0103468263432405,0.8392409042497766,0.215,0.0025523850409571,0.2306117272333159,0.395,0.4685,0.6844705983459042,,,,,False
zel024_h1650,zel024,phalloidin,P01,6090,-0.0151465608117322,-1.2205759165118923,0.885,0.00267688792013,0.1871761719879691,0.4,0.5276,0.7263607918933951,,,,,False
zel024_h1650,zel024,phalloidin,P02,6090,-0.015282672834828,-1.2089768064638455,0.875,0.0094963978559923,0.7332233765188743,0.22,0.5276,0.7263607918933951,,,,,False
zel024_h1650,zel024,phalloidin,P03,6090,-0.0046542493695904,-0.4518289506455514,0.72,0.0131250246444594,0.8787406277484253,0.2,0.5276,0.7263607918933951,,,,,False
zel024_h1650,zel024,phalloidin,P04,6090,0.0351612280547592,2.8133334384834368,0.005,0.0183902820197126,1.5428228055453257,0.055,0.5276,0.7263607918933951,,,,,False
zel024_h1650,zel024,phalloidin,P05,6090,0.0095808286689977,0.7311638290924902,0.265,-0.0024811294240787,-0.1069308124778206,0.54,0.5276,0.7263607918933951,,,,,False
zel024_h1650,zel024,phalloidin,P06,6090,-0.0495489039723856,-3.919549058809191,1.0,-0.0144777810878006,-1.0983861615970087,0.89,0.5276,0.7263607918933951,,,,,True
zel024_h1650,zel024,phalloidin,P07,6090,0.0066876293792184,0.5164929794561434,0.255,0.0038047174745699,0.3329610653920262,0.34,0.5276,0.7263607918933951,,,,,False
zel024_h1650,zel024,phalloidin,P08,6090,0.0023947314333675,0.2299357280516837,0.4,-0.0009677629933656,-0.0116541630767679,0.485,0.5276,0.7263607918933951,,,,,False
zel024_h1650,zel024,phalloidin,P09,6090,0.0182588570810961,1.3796391709953195,0.09,0.0051211698288907,0.3212054767262607,0.37,0.5276,0.7263607918933951,,,,,False
zel024_h1650,zel024,phalloidin,P10,6090,0.0516204998986009,4.337698674891992,0.0,0.0135423862757586,1.0651981061189455,0.17,0.5276,0.7263607918933951,,,,,True
zel024_h1650,zel024,phalloidin,P11,6090,-0.0281382289065318,-2.310403090011999,0.99,-0.0118437845140848,-0.8591057703587844,0.79,0.5276,0.7263607918933951,,,,,False
zel024_h1650,zel024,phalloidin,P12,6090,0.0232807890268537,1.8385799520106347,0.04,0.0066478393564448,0.4937877819633343,0.305,0.5276,0.7263607918933951,,,,,False
zel024_h1650,zel024,phalloidin,P13,6090,0.0008523153304271,0.1442876069990424,0.42,-0.0104292163788403,-0.8122348523995577,0.795,0.5276,0.7263607918933951,,,,,False
zel024_h1650,zel024,phalloidin,P14,6090,0.0250758478957883,1.9124331950906364,0.03,0.0112909957135499,0.8273554775521942,0.24,0.5276,0.7263607918933951,,,,,False
zel024_h1650,zel024,phalloidin,P15,6090,0.0038377167963257,0.2232403171936802,0.42,-0.0032130101470467,-0.2828302832335365,0.555,0.5276,0.7263607918933951,,,,,False
zel024_h1650,zel024,phalloidin,P16,6090,-0.0039175528016142,-0.39237098098595,0.665,0.0077136526286264,0.7344797932926916,0.245,0.5276,0.7263607918933951,,,,,False
zel024_h1650,zel024,phalloidin,P17,6090,-0.0574057829539348,-4.925613277160117,1.0,-0.0144254802117795,-1.138986396334932,0.87,0.5276,0.7263607918933951,,,,,True
zel024_h1650,zel024,phalloidin,P18,6090,0.0502026214258694,4.097837097460364,0.0,0.0148390448112612,1.204097951169401,0.1,0.5276,0.7263607918933951,,,,,True
zel024_h1650,zel024,phalloidin,P19,6090,0.0342470518072511,2.518470073840866,0.005,-0.0056601198783417,-0.4234254829832155,0.67,0.5276,0.7263607918933951,,,,,False
zel024_h1650,zel024,phalloidin,P20,6090,-0.0131043646856269,-0.9967589283555418,0.825,-0.0177327879977362,-1.4089861608029297,0.91,0.5276,0.7263607918933951,,,,,False
zel024_h1650,zel024,phalloidin,P21,6090,0.0190448415736435,1.4934020676497135,0.07,0.00136269939937,0.1635204444998152,0.45,0.5276,0.7263607918933951,,,,,False
zel024_h1650,zel024,phalloidin,P22,6090,-0.0413558700770134,-3.878245263817021,1.0,-0.0061282119700585,-0.5169147224838014,0.69,0.5276,0.7263607918933951,,,,,True
zel024_h1650,zel024,phalloidin,P23,6090,0.0328416401984356,2.9409814922652058,0.005,0.0145870422133532,1.1042896262807236,0.13,0.5276,0.7263607918933951,,,,,False
zel024_h1650,zel024,phalloidin,P24,6090,-0.0560767111236925,-4.459319679911135,1.0,-0.0272946632168872,-1.9767517184922716,0.975,0.5276,0.7263607918933951,,,,,True
zel024_h1650,zel024,phalloidin,P25,6090,0.0039510722594961,0.3274274799389167,0.34,0.0060689549614378,0.536913558821648,0.32,0.5276,0.7263607918933951,,,,,False
zel024_h1650,zel024,phalloidin,P26,6090,-0.0048046567163932,-0.3572830213466194,0.675,-0.0162941295556818,-1.3478837949525069,0.92,0.5276,0.7263607918933951,,,,,False
zel024_h1650,zel024,phalloidin,P27,6090,-0.0097653241906198,-0.682430592520132,0.75,-0.0045932355635452,-0.3945041816428882,0.645,0.5276,0.7263607918933951,,,,,False
zel024_h1650,zel024,phalloidin,P28,6090,-0.0018659633200602,-0.1533416189384654,0.58,0.0170232981613619,1.252999007133877,0.13,0.5276,0.7263607918933951,,,,,False
zel024_h1650,zel024,phalloidin,P29,6090,0.007261460762419,0.5365179444279028,0.295,0.0107020072310863,0.8641402315096189,0.175,0.5276,0.7263607918933951,,,,,False
zel024_h1650,zel024,phalloidin,P30,6090,-0.018627885303562,-1.5261200895848934,0.925,-0.0105249052197366,-0.7500355425256622,0.78,0.5276,0.7263607918933951,,,,,False
zel024_h1650,zel024,phalloidin,P31,6090,-0.0088761905725526,-0.6297496805869377,0.72,0.0024864600319587,0.1939508473020531,0.45,0.5276,0.7263607918933951,,,,,False
zel024_h1650,zel024,phalloidin,P32,6090,0.0082832848139626,0.5950450083818228,0.27,-0.0025523850409571,-0.1724171414747896,0.56,0.5276,0.7263607918933951,,,,,False
zel024_h1650,zel024,brightfield,P01,6090,0.0163315890392754,1.1485412764754102,0.135,0.0163902380593403,1.2847874392107166,0.105,0.2939,0.542125446737192,,,,,False
zel024_h1650,zel024,brightfield,P02,6090,0.0127315810170049,0.9628190594620484,0.185,0.0128003939310074,0.9697909026936966,0.145,0.2939,0.542125446737192,,,,,False
zel024_h1650,zel024,brightfield,P03,6090,0.0103934963199626,0.6928383574807725,0.245,0.0104285041192847,0.845429552245135,0.2,0.2939,0.542125446737192,,,,,False
zel024_h1650,zel024,brightfield,P04,6090,-0.0085712094561424,-0.6984358801962812,0.77,-0.0086709559668885,-0.6937406377037539,0.75,0.2939,0.542125446737192,,,,,False
zel024_h1650,zel024,brightfield,P05,6090,0.0181222302440965,1.34795549330028,0.09,0.0180870172927434,1.2930904005814454,0.115,0.2939,0.542125446737192,,,,,False
zel024_h1650,zel024,brightfield,P06,6090,0.0019051697320464,0.1114842663407087,0.41,0.0020583506116762,0.1431557320058971,0.43,0.2939,0.542125446737192,,,,,False
zel024_h1650,zel024,brightfield,P07,6090,-0.0217756660430864,-1.6002824262278783,0.94,-0.0217938957030352,-1.4682752600413589,0.925,0.2939,0.542125446737192,,,,,False
zel024_h1650,zel024,brightfield,P08,6090,-0.0084389504040557,-0.5537299410735024,0.715,-0.008448642300651,-0.5769094591031072,0.735,0.2939,0.542125446737192,,,,,False
zel024_h1650,zel024,brightfield,P09,6090,0.024545656235384,1.9764047062275596,0.02,0.0244937464561597,1.8160662792428812,0.035,0.2939,0.542125446737192,,,,,False
zel024_h1650,zel024,brightfield,P10,6090,-0.0094438600336272,-0.5650965799520045,0.725,-0.0096154260508336,-0.7164068587180195,0.75,0.2939,0.542125446737192,,,,,False
zel024_h1650,zel024,brightfield,P11,6090,-0.01005476146211,-0.7291992467293886,0.765,-0.0099774672952031,-0.7571040695065927,0.775,0.2939,0.542125446737192,,,,,False
zel024_h1650,zel024,brightfield,P12,6090,0.0109541274020442,0.7496687377445507,0.265,0.0108858704342584,0.789522759484186,0.23,0.2939,0.542125446737192,,,,,False
zel024_h1650,zel024,brightfield,P13,6090,-0.0114307873511007,-0.8750386080495771,0.795,-0.0114484864221355,-0.8847382666923721,0.78,0.2939,0.542125446737192,,,,,False
zel024_h1650,zel024,brightfield,P14,6090,0.0045364762707855,0.2819671688220278,0.375,0.0044668235872685,0.3132457419830452,0.38,0.2939,0.542125446737192,,,,,False
zel024_h1650,zel024,brightfield,P15,6090,-0.0037651091341131,-0.3135055398100598,0.58,-0.003782904242101,-0.2729126613686692,0.615,0.2939,0.542125446737192,,,,,False
zel024_h1650,zel024,brightfield,P16,6090,0.0226842641660106,1.701475554414684,0.05,0.022709308529055,1.6877562291856552,0.04,0.2939,0.542125446737192,,,,,False
zel024_h1650,zel024,brightfield,P17,6090,0.0144789089623011,1.1625488837632785,0.105,0.014680352582473,1.1677004415916674,0.12,0.2939,0.542125446737192,,,,,False
zel024_h1650,zel024,brightfield,P18,6090,0.0050596770787454,0.2944374949636101,0.385,0.0049128696085892,0.4291739796775167,0.32,0.2939,0.542125446737192,,,,,False
zel024_h1650,zel024,brightfield,P19,6090,0.0213815991066803,1.684977803014681,0.05,0.0212726261330141,1.8043178456303284,0.05,0.2939,0.542125446737192,,,,,False
zel024_h1650,zel024,brightfield,P20,6090,-0.0070411519294415,-0.5214555520633922,0.68,-0.0070208185962654,-0.5581347206541377,0.71,0.2939,0.542125446737192,,,,,False
zel024_h1650,zel024,brightfield,P21,6090,-0.0156585859616072,-1.3125158991139914,0.91,-0.0157256919763163,-1.3363391832760496,0.925,0.2939,0.542125446737192,,,,,False
zel024_h1650,zel024,brightfield,P22,6090,-0.0166693435209259,-1.28925828059644,0.91,-0.0165502150233027,-1.4132938608512997,0.915,0.2939,0.542125446737192,,,,,False
zel024_h1650,zel024,brightfield,P23,6090,-0.0149217443780648,-1.093146918734902,0.855,-0.0150213477548227,-1.1908107579152212,0.9,0.2939,0.542125446737192,,,,,False
zel024_h1650,zel024,brightfield,P24,6090,0.0076664634380782,0.7056352938190055,0.26,0.0078315263177681,0.6301121799030635,0.22,0.2939,0.542125446737192,,,,,False
zel024_h1650,zel024,brightfield,P25,6090,-0.0169086177077655,-1.1742256574375227,0.88,-0.0169139043740169,-1.1746768852739815,0.87,0.2939,0.542125446737192,,,,,False
zel024_h1650,zel024,brightfield,P26,6090,0.0145985007978978,1.1040337334321335,0.155,0.0145924837478056,1.143356702802892,0.12,0.2939,0.542125446737192,,,,,False
zel024_h1650,zel024,brightfield,P27,6090,0.001169890639236,0.0690978012861769,0.49,0.0011972379910783,0.0672516675998949,0.48,0.2939,0.542125446737192,,,,,False
zel024_h1650,zel024,brightfield,P28,6090,0.0121259594190521,0.9622231369323272,0.18,0.0121567222526137,0.9929439796098064,0.165,0.2939,0.542125446737192,,,,,False
zel024_h1650,zel024,brightfield,P29,6090,0.0062432742102288,0.4288294053818538,0.34,0.0062331887982748,0.442092244513271,0.32,0.2939,0.542125446737192,,,,,False
zel024_h1650,zel024,brightfield,P30,6090,-0.0205940657316735,-1.6120788540584126,0.945,-0.0205470906550776,-1.6502539150511688,0.955,0.2939,0.542125446737192,,,,,False
zel024_h1650,zel024,brightfield,P31,6090,0.0198098996413084,1.4975126511079242,0.08,0.0198452448715687,1.3639258401013976,0.095,0.2939,0.542125446737192,,,,,False
zel024_h1650,zel024,brightfield,P32,6090,-0.0205725831053968,-1.4777901512339535,0.93,-0.0206058887818481,-1.4571418423931874,0.94,0.2939,0.542125446737192,,,,,False
zel024_h1650,zel024,DENSITY_PC1,P01,6090,-0.0177363225138468,-1.5197067399759638,0.94,,,,,,,,,,False
zel024_h1650,zel024,DENSITY_PC1,P02,6090,-0.0208933012485834,-1.55661384219077,0.94,,,,,,,,,,False
zel024_h1650,zel024,DENSITY_PC1,P03,6090,-0.0108778992569076,-0.8389094008507786,0.78,,,,,,,,,,False
zel024_h1650,zel024,DENSITY_PC1,P04,6090,0.0303211933920245,2.29617681320271,0.015,,,,,,,,,,False
zel024_h1650,zel024,DENSITY_PC1,P05,6090,0.0115666397145757,0.825005222789178,0.2,,,,,,,,,,False
zel024_h1650,zel024,DENSITY_PC1,P06,6090,-0.0477769768480762,-3.621216883502908,1.0,,,,,,,,,,False
zel024_h1650,zel024,DENSITY_PC1,P07,6090,0.0056309628549354,0.3659910469060922,0.345,,,,,,,,,,False
zel024_h1650,zel024,DENSITY_PC1,P08,6090,0.0030444732655802,0.3338512459469979,0.355,,,,,,,,,,False
zel024_h1650,zel024,DENSITY_PC1,P09,6090,0.0176979502989485,1.462093024434488,0.06,,,,,,,,,,False
zel024_h1650,zel024,DENSITY_PC1,P10,6090,0.050454294264156,4.034788466508893,0.005,,,,,,,,,,True
zel024_h1650,zel024,DENSITY_PC1,P11,6090,-0.0255314066816265,-2.191964397829753,0.99,,,,,,,,,,False
zel024_h1650,zel024,DENSITY_PC1,P12,6090,0.0225137765709385,1.5280142403339505,0.055,,,,,,,,,,False
zel024_h1650,zel024,DENSITY_PC1,P13,6090,0.005533148359992,0.4786183434144557,0.34,,,,,,,,,,False
zel024_h1650,zel024,DENSITY_PC1,P14,6090,0.0224276356483076,1.653373071065846,0.04,,,,,,,,,,False
zel024_h1650,zel024,DENSITY_PC1,P15,6090,0.0056123139830492,0.3985980164208578,0.35,,,,,,,,,,False
zel024_h1650,zel024,DENSITY_PC1,P16,6090,-0.0076852916490968,-0.729983452470926,0.755,,,,,,,,,,False
zel024_h1650,zel024,DENSITY_PC1,P17,6090,-0.056390563250489,-4.045633714994099,1.0,,,,,,,,,,True
zel024_h1650,zel024,DENSITY_PC1,P18,6090,0.0483324576044798,3.4761947649424454,0.0,,,,,,,,,,False
zel024_h1650,zel024,DENSITY_PC1,P19,6090,0.0399278917714692,3.187330414704639,0.0,,,,,,,,,,False
zel024_h1650,zel024,DENSITY_PC1,P20,6090,-0.0064992747856124,-0.5711688473497596,0.715,,,,,,,,,,False
zel024_h1650,zel024,DENSITY_PC1,P21,6090,0.0202151406028845,1.722104737285409,0.055,,,,,,,,,,False
zel024_h1650,zel024,DENSITY_PC1,P22,6090,-0.0425010612396924,-3.2249206005643245,1.0,,,,,,,,,,False
zel024_h1650,zel024,DENSITY_PC1,P23,6090,0.029462997968819,2.203681109319987,0.015,,,,,,,,,,False
zel024_h1650,zel024,DENSITY_PC1,P24,6090,-0.0492641648450363,-3.824066515055956,1.0,,,,,,,,,,True
zel024_h1650,zel024,DENSITY_PC1,P25,6090,0.001640808029047,0.1797973911622278,0.425,,,,,,,,,,False
zel024_h1650,zel024,DENSITY_PC1,P26,6090,0.0019378006661748,0.0348278480779886,0.49,,,,,,,,,,False
zel024_h1650,zel024,DENSITY_PC1,P27,6090,-0.0086470612867625,-0.7819630960395744,0.795,,,,,,,,,,False
zel024_h1650,zel024,DENSITY_PC1,P28,6090,-0.0095502783051713,-0.7673403480527137,0.755,,,,,,,,,,False
zel024_h1650,zel024,DENSITY_PC1,P29,6090,0.0032149126130529,0.2794369080646243,0.39,,,,,,,,,,False
zel024_h1650,zel024,DENSITY_PC1,P30,6090,-0.0157172621877812,-1.0774076861207558,0.845,,,,,,,,,,False
zel024_h1650,zel024,DENSITY_PC1,P31,6090,-0.0107988218271376,-1.0543535806135989,0.85,,,,,,,,,,False
zel024_h1650,zel024,DENSITY_PC1,P32,6090,0.0101798610148658,0.8895394488405991,0.17,,,,,,,,,,False
zel031_a549,zel031,brd4,P01,5469,-0.0033642329530165,-0.2411672254249513,0.61,-0.0039620996404502,-0.1917135538236781,0.515,0.5205,0.7214568594171102,-0.0033175697763925,-0.2604116851957117,-0.0111810290223184,-0.7420215863018591,False
zel031_a549,zel031,brd4,P02,5469,0.0105016209468113,0.7925797653505083,0.21,0.0076133934855193,0.6189041209811066,0.265,0.5205,0.7214568594171102,-0.0001785020556634,-0.1408697294410224,-0.0177840210568772,-1.3877731286054371,False
zel031_a549,zel031,brd4,P03,5469,0.0176273544402048,1.2926345938827042,0.085,0.0099935622344286,0.8525188187697889,0.2,0.5205,0.7214568594171102,-0.0247801866831068,-1.8337084542463244,0.0223772954375212,1.766525228001058,False
zel031_a549,zel031,brd4,P04,5469,-0.0129259193744646,-0.9932832907220654,0.84,-0.0060842441172226,-0.4111409334201629,0.615,0.5205,0.7214568594171102,-0.0084167206450783,-0.6799573827667711,0.0561229370105716,4.149995998918457,False
zel031_a549,zel031,brd4,P05,5469,0.0240151596476759,1.8131431073758504,0.04,0.0238510837666924,1.7492259613750245,0.055,0.5205,0.7214568594171102,-0.0127485596125083,-0.9158636895582364,0.0154209790939961,1.0398572114564255,False
zel031_a549,zel031,brd4,P06,5469,0.0092222115877324,0.7728829069316833,0.24,0.0236869540887335,1.8465353313515076,0.025,0.5205,0.7214568594171102,0.023193977337143,1.656497634715583,0.0386605877538729,2.9780058905297984,False
zel031_a549,zel031,brd4,P07,5469,-0.0115515233898232,-0.9769087818139462,0.81,-0.0110893573411218,-1.0196826101924452,0.84,0.5205,0.7214568594171102,0.0018995400957977,0.1493543631019909,0.0290125952843893,2.1335256494752675,False
zel031_a549,zel031,brd4,P08,5469,-0.0052556669042165,-0.3028294050591058,0.615,-0.0061749985954434,-0.5179270818868436,0.705,0.5205,0.7214568594171102,-0.0042572166747083,-0.2616782539819228,0.0253536732367088,1.7818081243845505,False
zel031_a549,zel031,brd4,P09,5469,0.0084590313829739,0.5781553079792852,0.255,0.0006955807563611,0.1899021232205406,0.46,0.5205,0.7214568594171102,0.0179056720570693,1.2969658744595536,0.0620769096634559,4.4300089703236925,False
zel031_a549,zel031,brd4,P10,5469,-0.0078311778786315,-0.6208360321524286,0.755,0.0012777538644045,0.0940091846285853,0.455,0.5205,0.7214568594171102,0.0007024698969077,0.1955325315774005,-0.1014318903123698,-7.375622046928668,False
zel031_a549,zel031,brd4,P11,5469,0.0019621683243068,0.168462991503918,0.47,-0.0026304225426681,-0.1807777802903311,0.585,0.5205,0.7214568594171102,-0.0024472819520002,-0.1445889354447351,-0.0294206843577879,-2.0827664360661533,False
zel031_a549,zel031,brd4,P12,5469,0.020130462780376,1.389677036446537,0.08,0.022121240188926,1.6457199989945626,0.05,0.5205,0.7214568594171102,-0.018288278465864,-1.4921614946497126,0.002706692519333,0.0897292493401498,False
zel031_a549,zel031,brd4,P13,5469,-0.0232793559537634,-1.4788612247827897,0.9,-0.0172211082761666,-1.3615592586815688,0.91,0.5205,0.7214568594171102,-0.006586540143511,-0.5128258419968091,0.0352135872126219,2.9476977615245152,False
zel031_a549,zel031,brd4,P14,5469,-0.0129320603316778,-0.9267434184253608,0.825,-0.003182399145742,-0.401234660393944,0.675,0.5205,0.7214568594171102,0.0157367140109702,1.0881305174293958,0.0214977042449405,1.722174488370199,False
zel031_a549,zel031,brd4,P15,5469,-0.0154647664510514,-1.1356306445650244,0.89,-0.0092150720046323,-0.6835924429602518,0.79,0.5205,0.7214568594171102,-0.0097295394982974,-0.7203040102087888,0.0116002054474046,0.8225606319650469,False
zel031_a549,zel031,brd4,P16,5469,0.0077770667964795,0.5126498587376916,0.315,0.0092236405743351,0.7444928794053843,0.23,0.5205,0.7214568594171102,0.0190580242994274,1.428700853930403,0.0226104747112728,1.7328410287274,False
zel031_a549,zel031,brd4,P17,5469,-0.0053819791754872,-0.560106631548222,0.69,-0.0037680741620572,-0.2709949971230864,0.6,0.5205,0.7214568594171102,-0.0300031283640143,-2.140107667415814,-0.0976667161273539,-7.809893217747617,False
zel031_a549,zel031,brd4,P18,5469,0.0034634673703796,0.3322417114766535,0.38,-0.0075223449965475,-0.4818548100649085,0.665,0.5205,0.7214568594171102,0.0004224780344489,-0.1059117745508721,-0.0090615213214682,-0.6469884087233937,False
zel031_a549,zel031,brd4,P19,5469,-0.0204236451180585,-1.509667038814576,0.93,-0.0178137608784394,-1.2503252557650566,0.89,0.5205,0.7214568594171102,0.0098863415424983,0.7544131063605781,-0.0666195951704098,-5.095567670784217,False
zel031_a549,zel031,brd4,P20,5469,0.0265462235598558,2.1763401098431165,0.015,0.0243713908750964,1.6277342130657606,0.045,0.5205,0.7214568594171102,0.0265547062166231,2.0118256311244838,0.0387873600391447,2.960834454239965,False
zel031_a549,zel031,brd4,P21,5469,0.006246135917404,0.5110222152549161,0.335,-0.0150584528284866,-1.0234827209681467,0.85,0.5205,0.7214568594171102,0.0176709338226381,1.2757237907063084,0.0135079283297192,1.1110984525157372,False
zel031_a549,zel031,brd4,P22,5469,0.0024004459033258,0.2358481147147449,0.38,0.0012060277972844,0.0760606361910648,0.455,0.5205,0.7214568594171102,0.0214933957500794,1.4634495427739982,0.0380650814783571,2.828459068306361,False
zel031_a549,zel031,brd4,P23,5469,0.0008331342008017,0.1220908799792362,0.425,0.0123075479244921,0.9438355371170252,0.17,0.5205,0.7214568594171102,0.0015902830794416,0.0484356715604118,0.03958505957586,2.868456984514561,False
zel031_a549,zel031,brd4,P24,5469,-0.0288070684774054,-2.165070786850526,0.975,-0.0170261387829187,-1.1323968763378218,0.88,0.5205,0.7214568594171102,-0.025005461511463,-1.949357243306282,-0.0376459509423193,-2.864715326996102,False
zel031_a549,zel031,brd4,P25,5469,-0.0052675160017987,-0.3299859653640924,0.62,-0.0091482727663336,-0.7608241294676904,0.765,0.5205,0.7214568594171102,0.0040234459296858,0.3257589566703867,-0.0655754720811438,-4.953303216516447,False
zel031_a549,zel031,brd4,P26,5469,0.0203071942504253,1.3055773482969102,0.105,0.0117289061672007,0.8666921826709877,0.19,0.5205,0.7214568594171102,-0.032857870395415,-2.51952673638941,0.029781278252096,2.115381778249249,False
zel031_a549,zel031,brd4,P27,5469,-0.0122205192163178,-0.8670131241708289,0.795,-0.0170356129484202,-1.2885443044330065,0.92,0.5205,0.7214568594171102,0.0002927632093454,0.0212983600704612,-0.0256461563756058,-1.80307601577274,False
zel031_a549,zel031,brd4,P28,5469,-0.0167629529542711,-1.2290210009628828,0.895,-0.0089510012699,-0.5837395377530361,0.73,0.5205,0.7214568594171102,0.0066960469396669,0.5506301050607341,-0.0476216738013663,-3.536164774068528,False
zel031_a549,zel031,brd4,P29,5469,-0.0040806688025707,-0.2069183657016931,0.61,-0.0098921338400984,-0.6775344379278875,0.75,0.5205,0.7214568594171102,0.0144860572888822,1.201301427325128,0.0259727216618801,1.8426021242995816,False
zel031_a549,zel031,brd4,P30,5469,0.0221879990117898,1.6482704829236716,0.045,0.0264431579780219,1.9899282377276768,0.015,0.5205,0.7214568594171102,0.0043295476823003,0.254566553726367,0.1037033321762489,7.817405305901731,False
zel031_a549,zel031,brd4,P31,5469,0.0010474612383245,-0.0033658644227956,0.5,0.0030479099584747,0.1999984015284767,0.435,0.5205,0.7214568594171102,-0.0198391332701856,-1.5645099332289008,0.1139190763064009,8.251231859867639,False
zel031_a549,zel031,brd4,P32,5469,-0.009805778659486,-0.7442775740893453,0.79,-0.0153460423705113,-1.222441925140622,0.875,0.5205,0.7214568594171102,0.0093056853808166,0.7446502135503393,-0.0735674029970362,-5.365600866682773,False
zel031_a549,zel031,cona,P01,5469,-0.0334414411528965,-2.5818513907040224,0.985,-0.0356872178783475,-2.7246923872509505,0.995,0.482,0.6942621983083913,-0.0078611896996759,-0.551112207906177,-0.0613956396848935,-5.290601034869088,False
zel031_a549,zel031,cona,P02,5469,0.0229590710767127,1.586730859946376,0.055,0.0217615796197645,1.5963609237562546,0.065,0.482,0.6942621983083913,0.003664458322993,0.2668167660703531,-0.0205419940198854,-1.551361126331515,False
zel031_a549,zel031,cona,P03,5469,0.0137601144185375,1.0296017975772631,0.145,0.0085570613839109,0.6405295522158707,0.285,0.482,0.6942621983083913,0.007685734965445,0.6600685433961495,0.0124710105762106,1.0398660597703262,False
zel031_a549,zel031,cona,P04,5469,0.0112438153210466,0.9895060156522052,0.155,0.0172109375168837,1.1802828270148649,0.1,0.482,0.6942621983083913,-0.0035985498987227,-0.219553184157862,0.0141975363644997,1.1894814547368375,False
zel031_a549,zel031,cona,P05,5469,0.0041441356973676,0.3102999047486879,0.38,0.0013380550543195,0.0988636622695592,0.49,0.482,0.6942621983083913,0.0030202354638945,0.199191043523759,0.0044703258345249,0.4033497005780992,False
zel031_a549,zel031,cona,P06,5469,-0.0271402348870098,-2.037489026647448,0.965,-0.0227076286945898,-1.5288813944808652,0.935,0.482,0.6942621983083913,0.0177162448996147,1.4286074559385071,0.0066855003514633,0.4331807837728015,False
zel031_a549,zel031,cona,P07,5469,0.0445579914376848,3.251210677732948,0.0,0.0493887345844279,3.585798347078594,0.0,0.482,0.6942621983083913,0.0133929468333223,0.9160875761842664,0.0243622210367198,1.7541854181494054,False
zel031_a549,zel031,cona,P08,5469,-0.0033209693171446,-0.2323541454926121,0.6,-0.0033729246451364,-0.3716509483824914,0.655,0.482,0.6942621983083913,0.0015702001705623,0.1680836190978856,0.0038431856978473,0.2842386285806674,False
zel031_a549,zel031,cona,P09,5469,-0.0214658097743436,-1.5894791553117642,0.95,-0.0280722636884919,-1.9978004293967728,0.975,0.482,0.6942621983083913,-0.0015982953631757,-0.1378504599031798,0.0467547691734184,3.699870412850021,False
zel031_a549,zel031,cona,P10,5469,-0.0118778761178055,-0.9064703417618962,0.82,-0.0070058353911851,-0.6112228199244535,0.745,0.482,0.6942621983083913,-0.0134979760103727,-1.126496038866963,-0.0927236403258403,-6.888000345966453,False
zel031_a549,zel031,cona,P11,5469,0.0292430927890488,2.3702552249267,0.01,0.0286754875127388,2.182321542673693,0.01,0.482,0.6942621983083913,0.0013625236408884,0.0301865935092679,-0.0151558508010794,-1.0162411800646456,False
zel031_a549,zel031,cona,P12,5469,0.0218103388474298,1.779121542582592,0.06,0.0218558800299457,1.6007762571034911,0.055,0.482,0.6942621983083913,-0.0115041446798531,-0.6648408483275626,0.022951550666833,1.6868624105431325,False
zel031_a549,zel031,cona,P13,5469,0.0063246591070213,0.5564903390085386,0.315,0.0128380914102372,0.8907777367979094,0.195,0.482,0.6942621983083913,0.0145394968194309,1.0070967202382357,0.0512449517998466,3.461051649702373,False
zel031_a549,zel031,cona,P14,5469,-0.0130234141870585,-1.0644485876313536,0.835,-0.0072596661952478,-0.5894295540393211,0.74,0.482,0.6942621983083913,0.0006508592671581,0.0595048399695464,0.0042892427160539,0.181722622887005,False
zel031_a549,zel031,cona,P15,5469,-0.012580115715325,-0.9773052928598184,0.81,-0.0082834465845644,-0.6515640349615374,0.73,0.482,0.6942621983083913,-0.0129997049960913,-0.9049808470622488,0.0022610059610609,0.1898135385529261,False
zel031_a549,zel031,cona,P16,5469,-0.0036093825841105,-0.4169903427113578,0.65,-0.0040886493469218,-0.307483943451179,0.625,0.482,0.6942621983083913,0.0034121812447008,0.329544991003787,-0.0684531695495125,-5.2021614017887945,False
zel031_a549,zel031,cona,P17,5469,0.0058005144874437,0.4364106447366022,0.32,0.0077223445367894,0.6247298794088487,0.28,0.482,0.6942621983083913,-0.0023758403621622,-0.0893452807556697,-0.0346366321026339,-2.36637033923789,False
zel031_a549,zel031,cona,P18,5469,0.0053202317281577,0.2673495557222975,0.38,-0.0004407412076664,-0.0926706457478242,0.525,0.482,0.6942621983083913,0.0036361524562646,0.2724625248331255,0.0449265162049609,3.3955090800545227,False
zel031_a549,zel031,cona,P19,5469,-0.0023327284652287,-0.1262062699248634,0.535,0.0014201440744919,0.1245400110258659,0.47,0.482,0.6942621983083913,-0.0069880081494642,-0.5201729910916976,-0.0111116990349615,-0.7896650979478589,False
zel031_a549,zel031,cona,P20,5469,-0.0005978970800641,-0.076610698924445,0.555,-0.0051002899891188,-0.3774772406619933,0.65,0.482,0.6942621983083913,-1.3091969685126333e-05,-0.0771817651609138,0.0188472429553097,1.2312902053019514,False
zel031_a549,zel031,cona,P21,5469,0.0028487982955095,0.3183632235699816,0.365,-0.0087921763480777,-0.8048599812403956,0.805,0.482,0.6942621983083913,0.0144898228571292,0.8751888137596748,0.0088204420550359,0.7281181581872519,False
zel031_a549,zel031,cona,P22,5469,-0.0161640349679832,-1.4320932524671963,0.935,-0.0182246758751149,-1.3067533041596815,0.895,0.482,0.6942621983083913,0.0231548419611314,1.6162384282264906,0.0080271004403642,0.5578285723729444,False
zel031_a549,zel031,cona,P23,5469,-0.0089347925959881,-0.664768264844557,0.74,-0.0037147811224047,-0.1496634179314661,0.57,0.482,0.6942621983083913,0.0169601863804891,1.3601985463798238,-0.0211223017427787,-1.6510048112821971,False
zel031_a549,zel031,cona,P24,5469,-0.0235830408147842,-1.8939079937973504,0.965,-0.0155192059566114,-1.0202027730718868,0.83,0.482,0.6942621983083913,0.0052432783063425,0.4672609810138689,-0.0080526799673369,-0.5803901729642647,False
zel031_a549,zel031,cona,P25,5469,-0.0105486745989201,-0.854293947296992,0.795,-0.0126457950522763,-0.9449690162390698,0.82,0.482,0.6942621983083913,-0.0135522886871713,-1.097887827547516,-0.0237434903525364,-1.637770930293715,False
zel031_a549,zel031,cona,P26,5469,-0.0007692825682958,0.0357133746329912,0.5,-0.0078257941176543,-0.5210494178884404,0.72,0.482,0.6942621983083913,-0.0065119192477991,-0.4143991084612483,0.0317016255138717,2.574034441107824,False
zel031_a549,zel031,cona,P27,5469,-0.006623655184724,-0.5525207994774246,0.675,-0.0080567187306877,-0.5702327616962096,0.71,0.482,0.6942621983083913,0.0188974457516952,1.342836363855234,0.004442620593751,0.4402368629541467,False
zel031_a549,zel031,cona,P28,5469,0.0047667625236791,0.1916195504368777,0.44,0.0112624348231337,0.862863563610859,0.205,0.482,0.6942621983083913,-0.0101705530664369,-0.8249230744254799,-0.0533853389380145,-3.676253509271663,False
zel031_a549,zel031,cona,P29,5469,0.0160226923934704,1.1108813417846402,0.155,0.014648247710895,1.0857106871346804,0.14,0.482,0.6942621983083913,-0.0064718072007456,-0.5796949346345864,0.0549057711003745,4.196485328664266,False
zel031_a549,zel031,cona,P30,5469,0.0032092031251393,0.3074627249566461,0.415,0.002860504405287,0.2207494514981242,0.425,0.482,0.6942621983083913,0.0088588352474965,0.6801370860025945,0.0086448636395207,0.6061021671105548,False
zel031_a549,zel031,cona,P31,5469,-0.0020810619214912,-0.0983483270614647,0.54,-0.0013208855512977,-0.0232627821296854,0.505,0.482,0.6942621983083913,0.0060142283363532,0.5625058530006931,0.0945183632366389,7.4393723282194175,False
zel031_a549,zel031,cona,P32,5469,0.0207521930388179,1.7338330318988222,0.03,0.0205699792891901,1.487557089349165,0.075,0.482,0.6942621983083913,-0.0138929467004208,-1.1440229523095309,0.0166771385055334,1.2265230340865745,False
zel031_a549,zel031,dapi,P01,5469,0.0118362599475719,0.9513305499278286,0.145,0.0270863935163561,2.071221931607393,0.015,0.4443,0.6665583245298193,0.0147951871303034,0.9632683339960988,0.0306624693423106,2.107291439835935,False
zel031_a549,zel031,dapi,P02,5469,-0.0054523689548969,-0.4518451327667941,0.66,-0.0269765148855507,-2.028536533836999,0.97,0.4443,0.6665583245298193,0.0030631244139414,0.2459645332153517,0.0459098449869824,3.4765180798754,False
zel031_a549,zel031,dapi,P03,5469,0.0229067316300586,1.6704905910696113,0.05,0.0189159276823146,1.4463312827783603,0.085,0.4443,0.6665583245298193,-0.0345647526186968,-2.502785144225765,0.0274696610208831,1.993729404131085,False
zel031_a549,zel031,dapi,P04,5469,-0.0172755662800053,-1.32778743093681,0.88,-0.0115569181866098,-0.6770033378612571,0.73,0.4443,0.6665583245298193,-0.0183953281797409,-1.33147465169515,0.0252469058150241,1.8074263034785425,False
zel031_a549,zel031,dapi,P05,5469,0.0079003701070322,0.5101346338547192,0.33,0.0014433210569362,0.051871801390692,0.49,0.4443,0.6665583245298193,0.0032410918574315,0.2127817390038716,-0.0210827004121246,-1.5248400634236865,False
zel031_a549,zel031,dapi,P06,5469,-0.0054632931508123,-0.2345859400790455,0.58,0.021060731750242,1.5953144586927004,0.055,0.4443,0.6665583245298193,0.0299308186229653,2.230721631732766,0.0039652609713549,0.3094083375841818,False
zel031_a549,zel031,dapi,P07,5469,-0.0137601451891861,-0.9066166041643182,0.83,-0.0219519223733922,-1.762592529332232,0.955,0.4443,0.6665583245298193,0.0263496658303309,2.0552090572992827,0.023099045997771,1.8012205322305723,False
zel031_a549,zel031,dapi,P08,5469,0.0030116346783464,0.1897735600110739,0.47,0.0076979646019127,0.5801322955375241,0.27,0.4443,0.6665583245298193,-0.0035179716897603,-0.2680784356760485,0.0134478179828971,0.8031987457207584,False
zel031_a549,zel031,dapi,P09,5469,0.0151378611457524,1.0920135016817565,0.11,0.0072013154517645,0.6507827633097731,0.24,0.4443,0.6665583245298193,-0.0147642789237372,-1.1481466756947512,0.0207055737612698,1.5874209851102004,False
zel031_a549,zel031,dapi,P10,5469,-0.007839883590684,-0.5087795427077135,0.705,0.0123884548353263,0.9833912666559876,0.155,0.4443,0.6665583245298193,0.0002859663347682,-0.0565635656758446,-0.1413122304597837,-9.655098015114929,False
zel031_a549,zel031,dapi,P11,5469,-0.0021426379289633,-0.0844725338250328,0.505,-0.0185865429795422,-1.5409632651886696,0.94,0.4443,0.6665583245298193,-0.0019572243824631,-0.1996576619961133,0.0246469202312122,2.052919314626298,False
zel031_a549,zel031,dapi,P12,5469,0.010404057122066,0.6794699307518745,0.24,0.0154701579628721,1.2137888605509164,0.095,0.4443,0.6665583245298193,0.0054148897248506,0.4574900221597197,0.0139737462040612,0.9817240426454442,False
zel031_a549,zel031,dapi,P13,5469,-0.0234255895132502,-1.6718068542989002,0.93,-0.0206454048745493,-1.3818740517750518,0.92,0.4443,0.6665583245298193,-0.0083718337808486,-0.6671411620640711,-0.0044260544981082,-0.3080538830482185,False
zel031_a549,zel031,dapi,P14,5469,-0.020366629081882,-1.483503655458993,0.925,-0.0105604275827613,-0.713512557851932,0.765,0.4443,0.6665583245298193,0.0317015117888273,2.500197866535425,0.0452818344350597,2.922361354999269,False
zel031_a549,zel031,dapi,P15,5469,-0.0243141320700009,-1.756224932931193,0.96,-0.0272574863666205,-1.803448966925047,0.97,0.4443,0.6665583245298193,-0.0083648940607444,-0.6396199167034566,-0.0257117571560196,-1.7778089250937168,False
zel031_a549,zel031,dapi,P16,5469,0.0002785990566396,-0.0159089304506178,0.555,-0.0005550140759713,-0.093955581400794,0.53,0.4443,0.6665583245298193,0.0053056411227493,0.4867865273467284,-0.0299168438465948,-2.2133715365738755,False
zel031_a549,zel031,dapi,P17,5469,-0.0016923926939191,-0.0704317780951734,0.555,0.0041431926262492,0.2748626093703082,0.42,0.4443,0.6665583245298193,-0.0161949755770013,-1.1474225724089575,-0.044739381178333,-3.173617778747243,False
zel031_a549,zel031,dapi,P18,5469,0.0213249035248434,1.5655604587373064,0.08,0.0155743527757543,1.1569228088941508,0.125,0.4443,0.6665583245298193,0.012647924633916,0.871253123952618,-0.0266483839967969,-2.066893890487357,False
zel031_a549,zel031,dapi,P19,5469,-0.008026102030837,-0.5257307405642679,0.685,0.0025694707147504,0.1237419050333895,0.44,0.4443,0.6665583245298193,-0.0173650805591715,-1.3577568336988255,-0.0247386207191312,-1.7182355416288535,False
zel031_a549,zel031,dapi,P20,5469,0.010965908250458,1.0324116796573908,0.155,0.0011675067655733,0.0960902262437637,0.48,0.4443,0.6665583245298193,0.0148848450137889,1.0723978931149822,0.0135689079609991,1.0699414266190042,False
zel031_a549,zel031,dapi,P21,5469,0.0305390038282513,2.262439214678949,0.01,0.0063099761503728,0.4601375839314167,0.255,0.4443,0.6665583245298193,0.0222934052469275,1.780192325619125,0.0633491292904425,4.595452550484165,False
zel031_a549,zel031,dapi,P22,5469,0.0056161177547082,0.4316373786652587,0.335,0.0077446424841276,0.5956550172945837,0.27,0.4443,0.6665583245298193,0.0024521838195927,0.1727335830430268,0.0103693821351626,0.710151643404963,False
zel031_a549,zel031,dapi,P23,5469,-0.0067132503542656,-0.4691925090920431,0.695,0.0156461847712641,1.201345329160321,0.105,0.4443,0.6665583245298193,0.0050642824237333,0.4213406453007056,0.0878985736788327,6.832681452715869,False
zel031_a549,zel031,dapi,P24,5469,-0.0167429578318819,-1.1539259709645382,0.88,0.0135424834654507,1.0385918650643189,0.15,0.4443,0.6665583245298193,-0.0096951907834075,-0.715632518763346,-0.0121488061087152,-0.860705045334662,False
zel031_a549,zel031,dapi,P25,5469,0.011554840226953,0.9167214663193056,0.175,0.0187743622378795,1.5135235303632597,0.085,0.4443,0.6665583245298193,0.000466984367663,-0.0279273082872553,-0.0435687323613707,-3.3133952553629915,False
zel031_a549,zel031,dapi,P26,5469,0.0161684693058316,1.0034728175382492,0.14,-0.0005080246750387,-0.0433120753362447,0.49,0.4443,0.6665583245298193,-0.0176925455444486,-1.2482826085565129,0.0397830547348095,2.988679090599978,False
zel031_a549,zel031,dapi,P27,5469,-0.0067787666410624,-0.5743914554375473,0.73,-0.0202427380447527,-1.339108383186587,0.89,0.4443,0.6665583245298193,0.0082939617811865,0.6731244571098401,-0.0263727925053809,-2.062129343387396,False
zel031_a549,zel031,dapi,P28,5469,-0.0137898523016746,-1.0929483500459425,0.86,0.0014146609170811,0.1315391355553364,0.445,0.4443,0.6665583245298193,-0.010371302704258,-0.8846882049091276,-0.0259682704519566,-1.879911831012188,False
zel031_a549,zel031,dapi,P29,5469,0.0019444114192728,0.1190719361096927,0.45,-0.0087775493299057,-0.6849365985331257,0.74,0.4443,0.6665583245298193,0.0174145073940366,1.3578772316308851,0.0594181938717351,4.405347927232796,False
zel031_a549,zel031,dapi,P30,5469,-0.0014128287420318,-0.0438365062424942,0.51,-0.0061777995404412,-0.4189174959641355,0.655,0.4443,0.6665583245298193,0.0092460075145801,0.7855822849244369,0.0531860270940064,3.7718515805684847,False
zel031_a549,zel031,dapi,P31,5469,-3.632255514623956e-05,-0.0011684417270456,0.49,0.0046737536364709,0.4086291328051772,0.365,0.4443,0.6665583245298193,-0.0018284061169611,-0.0382325855314629,0.0453115975743726,3.1539805735889783,False
zel031_a549,zel031,dapi,P32,5469,-0.0113715281379934,-1.044156289257293,0.84,-0.0340874602731632,-2.4945733797462157,0.985,0.4443,0.6665583245298193,-0.0045490371985629,-0.421886770822488,-0.0828319975590707,-6.321941462325088,False
zel031_a549,zel031,phalloidin,P01,5469,0.0015063970194779,0.0744511824770567,0.48,0.0040446139520455,0.295287659201982,0.4,0.4449,0.6670082458260918,0.001840869847817,-0.0021173108889943,0.0053199982975432,0.3209596422944205,False
zel031_a549,zel031,phalloidin,P02,5469,0.0101658655583746,0.6734448312476372,0.22,0.0080839987666315,0.5505528187735454,0.295,0.4449,0.6670082458260918,-0.0003334570185025,0.0767563058841492,0.0279136634107368,1.9685803105262436,False
zel031_a549,zel031,phalloidin,P03,5469,0.0028967744696259,0.1440741277985485,0.43,-0.0266009688257059,-1.9268986273582869,0.97,0.4449,0.6670082458260918,-0.0336115936898858,-2.8214752110717143,0.0139783288024595,1.108777819020497,False
zel031_a549,zel031,phalloidin,P04,5469,-0.0136932249376698,-1.031704623385997,0.855,-0.0034697546218276,-0.2378049608170289,0.595,0.4449,0.6670082458260918,-0.003752967024276,-0.0987658021021115,0.0220683118991974,1.6706979447699253,False
zel031_a549,zel031,phalloidin,P05,5469,0.0061410977412804,0.5805493249683727,0.29,-0.002631879357622,-0.1472326466402027,0.575,0.4449,0.6670082458260918,-0.0029109762616592,-0.2694075935033736,-0.0027218641339333,-0.2996652573556875,False
zel031_a549,zel031,phalloidin,P06,5469,-0.0155059923485184,-1.040182261216511,0.87,-0.0012853935739173,-0.0974634708059386,0.53,0.4449,0.6670082458260918,0.0142262162814368,0.98125257691216,0.0132256229695765,0.9965541447078368,False
zel031_a549,zel031,phalloidin,P07,5469,-0.0132786820674062,-1.138148885812814,0.875,-0.0212660932155242,-1.6851910874030456,0.935,0.4449,0.6670082458260918,0.0153060594843463,1.0534981159197976,-0.0117275780739536,-1.0244137737183685,False
zel031_a549,zel031,phalloidin,P08,5469,-0.0025286966268798,-0.2043371222091275,0.575,-0.0048002406191131,-0.394194122594138,0.68,0.4449,0.6670082458260918,-0.0095737425453566,-0.8706613540227987,0.0058092187978319,0.3454351761138834,False
zel031_a549,zel031,phalloidin,P09,5469,0.0195973026542136,1.391136569223428,0.09,0.0174093234496577,1.442107169611072,0.08,0.4449,0.6670082458260918,0.0011475023345297,0.2056809812473874,0.0418823544116829,3.1871446269967407,False
zel031_a549,zel031,phalloidin,P10,5469,-0.016212587660189,-1.2319490474998251,0.89,-0.0063384082161331,-0.4857718098662572,0.675,0.4449,0.6670082458260918,0.0054009667973034,0.2899179424167695,-0.1016164692088628,-7.26046478026573,False
zel031_a549,zel031,phalloidin,P11,5469,0.0033658317626633,0.2621808616802594,0.41,-0.0064554988172362,-0.530972266195459,0.69,0.4449,0.6670082458260918,-0.0086864311401485,-0.6884397363943677,0.0033709645155274,0.2355354678907642,False
zel031_a549,zel031,phalloidin,P12,5469,-0.0117175941301173,-0.9189042401924656,0.81,-0.0348138271562216,-2.508849134320921,0.99,0.4449,0.6670082458260918,-0.0202988538519617,-1.469430151771857,-0.0135946405212521,-0.9492062059982944,False
zel031_a549,zel031,phalloidin,P13,5469,-0.0101041380726403,-0.7358653285929829,0.765,0.0095409422020653,0.8245182914429935,0.2,0.4449,0.6670082458260918,0.0152041473314501,1.198080264905792,-0.003035932413625,-0.2950887540160455,False
zel031_a549,zel031,phalloidin,P14,5469,-0.0082796511890309,-0.618739835289746,0.73,0.0170326762931728,1.5659860700740336,0.065,0.4449,0.6670082458260918,0.0255783756564402,2.0831608668987154,0.0795110462659733,5.5428648057201215,False
zel031_a549,zel031,phalloidin,P15,5469,0.0030089384971462,0.189205366007227,0.42,0.0347744156092795,2.523518849153187,0.005,0.4449,0.6670082458260918,-0.0116384428374247,-0.7962124679540004,-0.0366928993016744,-2.68035323756232,False
zel031_a549,zel031,phalloidin,P16,5469,0.0023461241200111,0.2106093832769897,0.465,0.0041534024118232,0.2478865885892078,0.365,0.4449,0.6670082458260918,-0.0121587525596655,-0.8583436230924832,-0.0374057968120292,-2.595207243831985,False
zel031_a549,zel031,phalloidin,P17,5469,-0.0083582058341795,-0.4351161411756513,0.69,-0.0109664195188307,-0.8103636051901201,0.79,0.4449,0.6670082458260918,-0.0351371554077111,-2.823982607085189,-0.0358294514294395,-2.6746355777448705,False
zel031_a549,zel031,phalloidin,P18,5469,0.007740238588696,0.4512875303116147,0.37,-0.0153221034202245,-1.1485845078238677,0.88,0.4449,0.6670082458260918,-0.0064698572650485,-0.526067255351245,-0.0384316530919857,-2.78012301141214,False
zel031_a549,zel031,phalloidin,P19,5469,-0.0108998012216568,-0.6972300139745665,0.77,-0.0038399488151703,-0.2940475150184019,0.6,0.4449,0.6670082458260918,-0.0128679924499307,-0.9062183120646208,-0.0130846195028808,-0.9301544865962524,False
zel031_a549,zel031,phalloidin,P20,5469,0.0119430393951377,0.8300094186167308,0.2,0.0033050824042035,0.364473258210621,0.36,0.4449,0.6670082458260918,0.0073690149295903,0.4907740582713232,0.0605102191882011,4.347616713518836,False
zel031_a549,zel031,phalloidin,P21,5469,0.0284580895553104,2.184464352823337,0.015,0.0013628487630524,0.1148874874055125,0.46,0.4449,0.6670082458260918,0.0252952636121212,1.987421086069115,0.096020587845272,7.184999485729311,False
zel031_a549,zel031,phalloidin,P22,5469,0.0057578237313127,0.4777267052831878,0.355,0.0082060952546747,0.5390192178388483,0.285,0.4449,0.6670082458260918,0.0109120142225689,0.8619527016737196,-0.009218340052466,-0.7739642137003155,False
zel031_a549,zel031,phalloidin,P23,5469,-0.0192450230956023,-1.7087949732500136,0.97,-0.0125169576513498,-0.956946861155418,0.825,0.4449,0.6670082458260918,0.006885760406572,0.5386895678018898,0.0393228674372235,2.81451616973113,False
zel031_a549,zel031,phalloidin,P24,5469,-0.0229135399085902,-1.74912314115058,0.94,-1.9924907524202056e-05,-0.1861772822562376,0.555,0.4449,0.6670082458260918,-0.0077915565149114,-0.5355450326913579,-0.0207092782014258,-1.525194977048747,False
zel031_a549,zel031,phalloidin,P25,5469,-0.0002366392493208,0.102766394354691,0.455,-0.007822678281629,-0.6125914015792381,0.715,0.4449,0.6670082458260918,-0.0030596536592491,-0.2589920893235723,-0.0618371590683708,-4.629436487959565,False
zel031_a549,zel031,phalloidin,P26,5469,0.0197108135028912,1.41193349384017,0.065,0.0073906358607942,0.6320998667977089,0.275,0.4449,0.6670082458260918,-0.0162392815445333,-1.3031040728443049,0.0549665294243101,4.52962469210003,False
zel031_a549,zel031,phalloidin,P27,5469,0.0143039648597217,1.25525483090787,0.1,0.0274995323250193,2.0688094330366664,0.01,0.4449,0.6670082458260918,0.012078895617168,0.7860161570719312,-0.0715415150461736,-4.706839124619265,False
zel031_a549,zel031,phalloidin,P28,5469,-0.0194484523770019,-1.331652051324525,0.925,-0.0113256513283181,-0.8260581044667843,0.795,0.4449,0.6670082458260918,-0.0038505271133569,-0.2830488734731129,-0.0390519356899167,-2.769074680008752,False
zel031_a549,zel031,phalloidin,P29,5469,0.0041354446915865,0.3263885009234697,0.375,-0.0040208524313406,-0.2265900066878585,0.585,0.4449,0.6670082458260918,0.0026228345850812,0.1586154622226835,0.0437061718076505,3.288404987744142,False
zel031_a549,zel031,phalloidin,P30,5469,0.0029794108689036,0.1310591604983859,0.4,0.0037172600237109,0.3264362170679296,0.395,0.4449,0.6670082458260918,0.0114181652982062,0.8750668020309362,0.0587467140856695,4.0033952674148505,False
zel031_a549,zel031,phalloidin,P31,5469,-0.0036890145205862,-0.2813376322703415,0.625,-0.003553358140205,-0.3342347264552734,0.615,0.4449,0.6670082458260918,-0.0045239362336602,-0.3098813613728878,0.042748081352886,3.286154798804795,False
zel031_a549,zel031,phalloidin,P32,5469,0.0110050552902123,0.8707613517285147,0.185,0.0163039540913338,1.316221022057292,0.07,0.4449,0.6670082458260918,0.0006759486965814,0.0263829446452656,-0.0527761870115418,-3.729341638282463,False
zel031_a549,zel031,brightfield,P01,5469,0.0204889187202097,1.5539603445718386,0.045,0.0205166719035268,1.5804383270354037,0.055,-0.0108,,0.0083974755117807,0.6070480211566538,-0.0150821689024137,-1.0850846999128945,False
zel031_a549,zel031,brightfield,P02,5469,0.0021243626939195,0.1923094957813074,0.44,0.0026328691107143,0.1585433570081841,0.425,-0.0108,,-0.0052436111622113,-0.328870366977809,-0.0062181635760342,-0.4911402771092822,False
zel031_a549,zel031,brightfield,P03,5469,0.0067334618944601,0.6489666691244083,0.25,0.0078538472012779,0.5358239288431685,0.28,-0.0108,,0.0059775532165024,0.4570818848516609,-0.0026804249880675,-0.1595595517634937,False
zel031_a549,zel031,brightfield,P04,5469,-0.0138750962036461,-1.0775364363404951,0.86,-0.01483345950608,-0.8777802678492475,0.825,-0.0108,,-0.0034497376549377,-0.2060729726247234,-0.0274303548366373,-2.1749201093573483,False
zel031_a549,zel031,brightfield,P05,5469,-0.0197968851349562,-1.6079331048002732,0.945,-0.0192897987477666,-1.382474319137648,0.915,-0.0108,,-0.0097334070241778,-0.7197264282929596,0.0100465276338881,0.7574465716548436,False
zel031_a549,zel031,brightfield,P06,5469,-0.0017458232732313,-0.1827599804273088,0.605,-0.0028852144024766,-0.1916154439143293,0.575,-0.0108,,-0.0186196671004132,-1.408980950768567,0.0450870076675517,3.840378890104694,False
zel031_a549,zel031,brightfield,P07,5469,8.2949662085573e-06,0.0061249782934744,0.53,-0.0002936203204823,-0.0489329596060015,0.535,-0.0108,,-0.0170133992461741,-1.2621860517694354,-0.0314705417423191,-2.358611580673133,False
zel031_a549,zel031,brightfield,P08,5469,-0.0037007342856825,-0.3387801977229518,0.595,-0.0037419173485545,-0.2778037665615663,0.595,-0.0108,,0.0033160391929549,0.2112616876921491,0.0053793373804529,0.3912826568236422,False
zel031_a549,zel031,brightfield,P09,5469,-0.0013390693604686,-0.1189638728130905,0.565,-0.0004322360496317,-0.0385206604354925,0.475,-0.0108,,0.0179130755081031,1.37127482133047,-0.0189094846256087,-1.5368761364136954,False
zel031_a549,zel031,brightfield,P10,5469,-0.0078161024403287,-0.5948113735952936,0.68,-0.0088560235710196,-0.7291369058657604,0.735,-0.0108,,0.0062801178571158,0.4308112583780141,-0.0622229775334364,-4.596762529751267,False
zel031_a549,zel031,brightfield,P11,5469,0.0002682669856432,0.1093153208642125,0.465,0.0007390050514223,0.0786448817332903,0.435,-0.0108,,0.0010684763069531,0.1470305184489791,0.0503779203468683,3.9757216570435823,False
zel031_a549,zel031,brightfield,P12,5469,0.024815415285383,1.9358972374671344,0.02,0.0251401453285362,1.7210652552347263,0.045,-0.0108,,0.020382953230921,1.5969813319143855,0.0263112006072653,1.8975552684332155,False
zel031_a549,zel031,brightfield,P13,5469,0.0028395190046559,0.15781414469033,0.43,0.0017620326989003,0.0944327769366041,0.48,-0.0108,,-0.0120341889606929,-0.8905062553924089,-0.0527907325094016,-4.16864289689316,False
zel031_a549,zel031,brightfield,P14,5469,-0.0068126806919913,-0.5280873042512678,0.69,-0.0080243951785276,-0.6045031333756233,0.745,-0.0108,,-0.0037436699109407,-0.3383788910585523,-0.0844122636920562,-6.041298661403784,False
zel031_a549,zel031,brightfield,P15,5469,3.427953473603965e-05,-0.0317952653287336,0.48,-0.0008924434976754,-0.0471652638044145,0.54,-0.0108,,-0.0014578551936355,-0.1500146918100963,-0.0321150726024519,-2.591536365232377,False
zel031_a549,zel031,brightfield,P16,5469,-0.0131530577618801,-0.8925354560923167,0.835,-0.0131435102349039,-0.9871487831236996,0.83,-0.0108,,0.0107735431454864,0.88218290950658,-0.0005223900752172,-0.0791557260288744,False
zel031_a549,zel031,brightfield,P17,5469,0.0084276296710082,0.5850085974158626,0.31,0.0081768932236462,0.553995404076619,0.29,-0.0108,,0.0009854702115191,0.2019507164494463,-0.0370982079867851,-2.835046080381034,False
zel031_a549,zel031,brightfield,P18,5469,0.0022847164393684,0.2064697907378004,0.405,0.0033873153756906,0.2511242520030691,0.375,-0.0108,,-0.0182855563548391,-1.3301147977018744,0.0044351150141756,0.4640841495671254,False
zel031_a549,zel031,brightfield,P19,5469,0.0166180695991497,1.1212804034905846,0.125,0.0159573867959733,1.250672583580125,0.095,-0.0108,,0.0100956642863221,0.7087560920356194,0.0913351760278939,6.935931488444568,False
zel031_a549,zel031,brightfield,P20,5469,-0.0196358944294993,-1.4082380254934823,0.915,-0.0188856876057758,-1.3063619150549604,0.905,-0.0108,,-0.0116528099306368,-0.8489055525950685,-0.0369199067890745,-3.035444597012618,False
zel031_a549,zel031,brightfield,P21,5469,-0.0077633987461297,-0.4633650225401751,0.675,-0.0056681682011549,-0.2249043643770098,0.59,-0.0108,,-0.0117208729069407,-0.9372118315917128,-0.077328448667339,-5.5178628865345365,False
zel031_a549,zel031,brightfield,P22,5469,-0.0034261198430516,-0.1192202615298191,0.58,-0.0032694617384972,-0.2182679787315399,0.545,-0.0108,,0.0023175986290664,0.1910431559490094,-0.0199892855466047,-1.6384333820496686,False
zel031_a549,zel031,brightfield,P23,5469,0.0005267532927659,0.0033520993377414,0.5,-0.0005178582517368,0.0302230884592504,0.485,-0.0108,,-0.0013108747367082,-0.1142719101094204,-0.0466675796852895,-3.392668841437731,False
zel031_a549,zel031,brightfield,P24,5469,-0.0023584624668869,-0.2683418688911874,0.625,-0.0041048297298976,-0.3838567826022085,0.665,-0.0108,,-0.0011143225900143,-0.0535296800340671,0.0505932156189762,3.69068006063012,False
zel031_a549,zel031,brightfield,P25,5469,-0.0087574357248069,-0.5717243708649989,0.72,-0.0085359608631974,-0.5594239309793502,0.705,-0.0108,,-0.0022612957676549,-0.1669025940175471,0.0547292593959743,3.7413160747711807,False
zel031_a549,zel031,brightfield,P26,5469,0.0229648138378931,1.60046262435359,0.055,0.0242738441751142,1.7636256918533202,0.04,-0.0108,,0.0109906759145426,0.8779916559841713,-0.0143465946530779,-1.161901947726803,False
zel031_a549,zel031,brightfield,P27,5469,0.0093483228541,0.7744454423874089,0.275,0.0095428230549295,0.7797595261625074,0.225,-0.0108,,-0.0029336226628416,-0.1777461487092837,0.0160060672280697,1.381353248642361,False
zel031_a549,zel031,brightfield,P28,5469,-0.0006082770654555,0.0256128206872926,0.48,-0.0017107238166496,-0.1024414545049602,0.56,-0.0108,,-0.0078786854801255,-0.4771185765890454,0.0520747341848805,4.25780693065226,False
zel031_a549,zel031,brightfield,P29,5469,0.0138548174386817,1.045709030059384,0.145,0.0143350561313381,0.9948796558632824,0.165,-0.0108,,0.0004443852654641,0.0067007468892885,0.0397426109851362,3.044024368105436,False
zel031_a549,zel031,brightfield,P30,5469,-0.0115305611927959,-0.9623585036759298,0.825,-0.0114546586284655,-0.925531078945214,0.855,-0.0108,,-0.0046673067498673,-0.3635851533601138,-0.0813580520487804,-5.620351800896268,False
zel031_a549,zel031,brightfield,P31,5469,0.0121661831086573,0.8782077582436945,0.19,0.0120324444325286,0.9306603153811464,0.19,-0.0108,,0.0031594530852868,0.2820398118415561,-0.0200044144661807,-1.580035356956851,False
zel031_a549,zel031,brightfield,P32,5469,0.0070456835013775,0.4173002847424745,0.34,0.007356281247989,0.5683908014831893,0.295,-0.0108,,0.0027454450791592,0.1725641399349632,0.1229481611122212,8.351545928461453,False
zel031_a549,zel031,DENSITY_PC1,P01,5469,-0.0002924523160575,-0.0446728513856293,0.495,,,,,,,,,,False
zel031_a549,zel031,DENSITY_PC1,P02,5469,0.007372364411703,0.4478733187432741,0.345,,,,,,,,,,False
zel031_a549,zel031,DENSITY_PC1,P03,5469,0.0161607028578809,1.203867328734969,0.095,,,,,,,,,,False
zel031_a549,zel031,DENSITY_PC1,P04,5469,-0.0135398028014957,-1.037227194419069,0.87,,,,,,,,,,False
zel031_a549,zel031,DENSITY_PC1,P05,5469,0.0081095786843665,0.5712659185607882,0.29,,,,,,,,,,False
zel031_a549,zel031,DENSITY_PC1,P06,5469,-0.0166182963985182,-1.2509972343296314,0.89,,,,,,,,,,False
zel031_a549,zel031,DENSITY_PC1,P07,5469,-0.0044210728250324,-0.3707692540708781,0.61,,,,,,,,,,False
zel031_a549,zel031,DENSITY_PC1,P08,5469,-0.0004768003162798,-0.1471306799325856,0.565,,,,,,,,,,False
zel031_a549,zel031,DENSITY_PC1,P09,5469,0.0133246526406782,1.0016141016107294,0.15,,,,,,,,,,False
zel031_a549,zel031,DENSITY_PC1,P10,5469,-0.0149461040428152,-1.0050427559722883,0.86,,,,,,,,,,False
zel031_a549,zel031,DENSITY_PC1,P11,5469,0.006883434160409,0.4478916550830124,0.35,,,,,,,,,,False
zel031_a549,zel031,DENSITY_PC1,P12,5469,0.0039057086596112,0.3248825187956468,0.37,,,,,,,,,,False
zel031_a549,zel031,DENSITY_PC1,P13,5469,-0.0158773266863054,-1.244264150815391,0.895,,,,,,,,,,False
zel031_a549,zel031,DENSITY_PC1,P14,5469,-0.0174923404780591,-1.3636675650423344,0.92,,,,,,,,,,False
zel031_a549,zel031,DENSITY_PC1,P15,5469,-0.0135696226280379,-0.943403186011334,0.845,,,,,,,,,,False
zel031_a549,zel031,DENSITY_PC1,P16,5469,0.000588447648862,0.079546833219562,0.485,,,,,,,,,,False
zel031_a549,zel031,DENSITY_PC1,P17,5469,-0.0039598206852448,-0.2450779199855726,0.615,,,,,,,,,,False
zel031_a549,zel031,DENSITY_PC1,P18,5469,0.0160606187886121,1.0467144585547636,0.13,,,,,,,,,,False
zel031_a549,zel031,DENSITY_PC1,P19,5469,-0.0102532072151829,-0.8161710565408383,0.82,,,,,,,,,,False
zel031_a549,zel031,DENSITY_PC1,P20,5469,0.011673563560325,0.8544498902898401,0.19,,,,,,,,,,False
zel031_a549,zel031,DENSITY_PC1,P21,5469,0.0309843090833658,2.1771599442301524,0.01,,,,,,,,,,False
zel031_a549,zel031,DENSITY_PC1,P22,5469,0.0024108800270788,0.202107224634232,0.46,,,,,,,,,,False
zel031_a549,zel031,DENSITY_PC1,P23,5469,-0.0153129307117423,-1.0588001958384536,0.85,,,,,,,,,,False
zel031_a549,zel031,DENSITY_PC1,P24,5469,-0.0254714569348895,-1.836072099662288,0.965,,,,,,,,,,False
zel031_a549,zel031,DENSITY_PC1,P25,5469,0.0035424485803381,0.2656082971628126,0.365,,,,,,,,,,False
zel031_a549,zel031,DENSITY_PC1,P26,5469,0.0183246927914224,1.3580527469471648,0.075,,,,,,,,,,False
zel031_a549,zel031,DENSITY_PC1,P27,5469,0.0025287017283256,0.1763161660509626,0.465,,,,,,,,,,False
zel031_a549,zel031,DENSITY_PC1,P28,5469,-0.0161187119946307,-1.1508978688770617,0.85,,,,,,,,,,False
zel031_a549,zel031,DENSITY_PC1,P29,5469,0.0065548964749869,0.5132594007007111,0.3,,,,,,,,,,False
zel031_a549,zel031,DENSITY_PC1,P30,5469,0.0015048773354586,0.1154383973943066,0.515,,,,,,,,,,False
zel031_a549,zel031,DENSITY_PC1,P31,5469,-0.002373735467233,-0.1801411289850147,0.57,,,,,,,,,,False
zel031_a549,zel031,DENSITY_PC1,P32,5469,0.004306658724655,0.3547709030101169,0.355,,,,,,,,,,False
zel031_thp1,zel031,brd4,P01,5970,-0.0020602432111694,-0.1088582035785603,0.54,-0.0059455734277903,-0.5100476240701324,0.725,0.5205,0.7214568594171102,-0.0021001744857391,-0.1730812173993321,0.0467643107751016,3.772108569521465,False
zel031_thp1,zel031,brd4,P02,5970,0.0049275696110987,0.4405777035890422,0.34,0.0028493039646524,0.1691247079648487,0.445,0.5205,0.7214568594171102,-7.304913623835053e-05,-0.0676319770829432,0.0407757998291445,3.710827466600249,False
zel031_thp1,zel031,brd4,P03,5970,-0.0082818465553767,-0.6888798081687517,0.76,-0.0082181359513382,-0.6572761188686345,0.73,0.5205,0.7214568594171102,-0.003519515274368,-0.4121145969889734,0.0278120276999238,2.3030349160032237,False
zel031_thp1,zel031,brd4,P04,5970,-0.0002840409119694,0.0153795396882867,0.47,0.001039397936595,0.2326817415408155,0.435,0.5205,0.7214568594171102,0.0044629217034574,0.2487691966073782,0.0121685054634386,1.0144800101339997,False
zel031_thp1,zel031,brd4,P05,5970,0.0078661325486058,0.5206558954084448,0.295,0.013350832526833,0.9520534131143208,0.165,0.5205,0.7214568594171102,-0.0021499989628455,-0.208105259192886,-0.0052813470683644,-0.3612021167947285,False
zel031_thp1,zel031,brd4,P06,5970,0.0015263416873348,0.0060866120721671,0.485,-0.0022563074068399,-0.1371894655687656,0.54,0.5205,0.7214568594171102,-0.0072998575706869,-0.6106886214200662,-0.0440530857948452,-3.673620311689613,False
zel031_thp1,zel031,brd4,P07,5970,-0.0095946730014352,-0.7291171635548048,0.785,-0.0189727163527592,-1.3382812377444813,0.885,0.5205,0.7214568594171102,-0.0227593556940694,-1.8562408893871596,-0.0407842546197707,-3.192539344130176,False
zel031_thp1,zel031,brd4,P08,5970,-0.0090638343418186,-0.6489145711568469,0.715,-0.0077258652364083,-0.4756583363551721,0.665,0.5205,0.7214568594171102,-0.0114414252062177,-1.0248122554985797,-0.0182751055674411,-1.6092059249448254,False
zel031_thp1,zel031,brd4,P09,5970,-0.010598539882526,-0.7917067196615831,0.775,-0.0081410585640399,-0.6536539374354507,0.755,0.5205,0.7214568594171102,0.0042709407902747,0.3408934394080266,0.0047205277290044,0.3617100623040368,False
zel031_thp1,zel031,brd4,P10,5970,-0.0105554183892339,-0.8517319401744262,0.81,-0.0065943060384961,-0.5752521163003697,0.72,0.5205,0.7214568594171102,0.0015383585279737,0.1404928283739886,-0.0544478990838974,-4.114702830454505,False
zel031_thp1,zel031,brd4,P11,5970,-0.0127815996023254,-1.1152853467855257,0.875,-0.0049768765404294,-0.463481282872648,0.64,0.5205,0.7214568594171102,-0.007937494849752,-0.6596808953474396,0.0179418431278013,1.3704923102326272,False
zel031_thp1,zel031,brd4,P12,5970,0.008548433257123,0.5867854668632104,0.26,0.0094624479769391,0.7187254268626908,0.21,0.5205,0.7214568594171102,0.0194945391223234,1.6686550517151046,-0.0542943488273743,-4.032290425440832,False
zel031_thp1,zel031,brd4,P13,5970,0.0064554585853429,0.5898925367173186,0.245,-0.0045693144379667,-0.4565443737001829,0.68,0.5205,0.7214568594171102,0.0015922290786942,0.209769678137478,0.1340055711754684,11.254257875777128,False
zel031_thp1,zel031,brd4,P14,5970,0.0456653923910735,3.3673474182813905,0.0,0.042724023884572,3.23789844473595,0.005,0.5205,0.7214568594171102,-0.0086104534596461,-0.7375684002865799,0.0918523560130219,7.084592440221477,False
zel031_thp1,zel031,brd4,P15,5970,0.0167830169275647,1.359669042877408,0.08,0.0156124037788281,1.1813658552253006,0.11,0.5205,0.7214568594171102,0.019125084014504,1.43137288501203,-0.0012687955638406,-0.1067600736869028,False
zel031_thp1,zel031,brd4,P16,5970,-0.0030736955920218,-0.3213655928163384,0.655,-0.005128200634594,-0.3791153374934636,0.635,0.5205,0.7214568594171102,-0.0010842514533002,-0.0443152164334377,-0.0237351997140101,-1.853608516635781,False
zel031_thp1,zel031,brd4,P17,5970,-0.0197776828625156,-1.3917317625088492,0.92,-0.0038887708721241,-0.2871227499366536,0.6,0.5205,0.7214568594171102,-0.0029753368352861,-0.2561119797054278,-0.0800473608059926,-5.901626586236907,False
zel031_thp1,zel031,brd4,P18,5970,-0.0038955608473635,-0.3745456981577604,0.655,-0.0087231196224691,-0.6485131857268476,0.755,0.5205,0.7214568594171102,-0.0021609277973578,-0.3086297467604333,0.0112618376147462,1.0113990134945412,False
zel031_thp1,zel031,brd4,P19,5970,0.0160823821247232,1.2600472695497666,0.1,0.0143620843774606,1.0653875304808236,0.12,0.5205,0.7214568594171102,0.0149876360034,1.2455080186569472,-0.0047247983070402,-0.4096440963362635,False
zel031_thp1,zel031,brd4,P20,5970,-0.0207606372900736,-1.5247947737473948,0.955,-0.0090758498639336,-0.7048141629648039,0.765,0.5205,0.7214568594171102,-0.0118898294375807,-0.8539421360732514,-0.1046251414932238,-8.552234383854135,False
zel031_thp1,zel031,brd4,P21,5970,-0.0167234701767007,-1.3170467572206277,0.9,-0.0049155077925462,-0.3569044221917757,0.65,0.5205,0.7214568594171102,-0.0175900693703083,-1.4904094358612885,-0.0106375314420603,-0.8234160614358134,False
zel031_thp1,zel031,brd4,P22,5970,0.0070784785388221,0.534008390346599,0.285,-4.8161855829196406e-05,-0.0643290338054563,0.505,0.5205,0.7214568594171102,-0.0125940190663498,-1.0344708779001148,0.044653982449033,3.2544302785478125,False
zel031_thp1,zel031,brd4,P23,5970,-0.0173073866919605,-1.4481078697651824,0.92,-0.0177879274280063,-1.314933457563949,0.9,0.5205,0.7214568594171102,-0.0132331463768125,-1.1268110163913674,-0.0458687670453643,-3.3318054304975937,False
zel031_thp1,zel031,brd4,P24,5970,0.0030034286173892,0.2578488907875099,0.41,-0.0043806499716961,-0.3208444859103448,0.615,0.5205,0.7214568594171102,-0.0047688227427578,-0.4230112124832985,0.0385586397376154,3.025468124812204,False
zel031_thp1,zel031,brd4,P25,5970,0.0223219181831889,1.984599431684005,0.025,0.0305860611285082,2.494699682701271,0.005,0.5205,0.7214568594171102,0.0221814983515122,1.8058070647364213,0.0533124073175395,4.24976335837856,False
zel031_thp1,zel031,brd4,P26,5970,0.0321488351265494,2.636530707730494,0.005,0.0225658688212846,1.967104534838353,0.025,0.5205,0.7214568594171102,0.0143889048550415,1.178345271705249,0.1012677326113841,7.936141653444223,False
zel031_thp1,zel031,brd4,P27,5970,0.0012343811905367,0.2129943085983839,0.435,0.0007730417130343,0.1743096876924235,0.425,0.5205,0.7214568594171102,-0.0184097837632748,-1.4333987923296907,-0.0666581423817678,-5.451383182444462,False
zel031_thp1,zel031,brd4,P28,5970,0.0156200182984326,1.2742836748395403,0.105,0.0019973480556654,0.1154444412460394,0.465,0.5205,0.7214568594171102,0.0086038575974341,0.6344301336697146,0.0367040879756615,2.990055929272343,False
zel031_thp1,zel031,brd4,P29,5970,0.0044466246299113,0.4186959508450308,0.34,0.0148275021150718,1.117524292496432,0.155,0.5205,0.7214568594171102,-0.0077406289520363,-0.7300842616938401,0.0064043370203188,0.4931736226069648,False
zel031_thp1,zel031,brd4,P30,5970,6.664105073710606e-05,-0.0383986849967341,0.54,-0.0157350835705142,-1.171199479948087,0.86,0.5205,0.7214568594171102,-0.0059447182281005,-0.4687822397475797,0.0322098208500496,2.5005725724054075,False
zel031_thp1,zel031,brd4,P31,5970,-0.0041244893933854,-0.4365716973400078,0.67,-0.0204694466607431,-1.586279866709559,0.955,0.5205,0.7214568594171102,-0.0170258241138662,-1.320368032587674,-0.0227778570072362,-1.6735948163639578,False
zel031_thp1,zel031,brd4,P32,5970,-0.0025152340156753,-0.2119939462383415,0.585,-0.0092691014533364,-0.8474778928212473,0.85,0.5205,0.7214568594171102,0.022366769459639,1.9064842207474697,0.0178011323024431,1.425547223450072,False
zel031_thp1,zel031,cona,P01,5970,-0.0064488984726066,-0.2884282823659888,0.6,-0.0086231888907776,-0.663403055632685,0.74,0.482,0.6942621983083913,-0.005447962165157,-0.5501351446905723,0.0345186934113048,2.636534448347362,False
zel031_thp1,zel031,cona,P02,5970,-0.0162067568756036,-1.0539725623198508,0.89,-0.0189495636202874,-1.5226679921337762,0.94,0.482,0.6942621983083913,0.0003414146042167,0.1051965858321576,0.0520362721988946,4.096269482499206,False
zel031_thp1,zel031,cona,P03,5970,-0.0002703246721754,-0.0438219640465765,0.545,0.0007427923077034,0.1188187843974163,0.43,0.482,0.6942621983083913,-0.0244441354336341,-1.849307861044707,-0.0273446468598166,-2.1298404314099426,False
zel031_thp1,zel031,cona,P04,5970,0.0103253489465748,0.6920338714108415,0.27,0.0117281105408781,0.8073048613307966,0.22,0.482,0.6942621983083913,0.012082816907645,1.0410133798412144,-0.0213040157009297,-1.7261701009585322,False
zel031_thp1,zel031,cona,P05,5970,-0.0010865237032422,-0.1661491073324101,0.555,0.0007038290041555,0.1033825986296663,0.52,0.482,0.6942621983083913,0.01112423310513,0.9837882431850752,0.0107032380642677,0.7915398452518313,False
zel031_thp1,zel031,cona,P06,5970,-0.00058349905551,0.0051235157364054,0.515,-0.0027455193282896,-0.1682269910070196,0.54,0.482,0.6942621983083913,8.02878479415288e-06,0.0065867805535393,-0.0204657992903908,-1.6306298427167203,False
zel031_thp1,zel031,cona,P07,5970,0.0157252358295256,1.317802261929164,0.1,0.0131269926022374,1.0143945668554386,0.155,0.482,0.6942621983083913,-0.0104175777280093,-0.6646623008365862,-0.0329021363289685,-2.2611725241530136,False
zel031_thp1,zel031,cona,P08,5970,0.0082172620833816,0.5532966089084993,0.295,0.0105452640010915,0.8501672314881228,0.19,0.482,0.6942621983083913,-0.0033958100632655,-0.3108142855591829,-0.040960282078063,-3.2676949006955613,False
zel031_thp1,zel031,cona,P09,5970,0.0140355481759545,1.2308804821111738,0.115,0.0175116514188731,1.183006106448072,0.1,0.482,0.6942621983083913,0.0049394669063644,0.307236799107716,-0.050639263948346,-3.868575749512176,False
zel031_thp1,zel031,cona,P10,5970,-0.0176432078684126,-1.543568531897576,0.95,-0.0155198171501484,-1.2214500915686874,0.905,0.482,0.6942621983083913,-0.0088253525176759,-0.7980356931446028,-0.0609323389909375,-4.542793201016976,False
zel031_thp1,zel031,cona,P11,5970,-0.0120879975702367,-0.9734145613955596,0.83,-0.0073547519889229,-0.5671599703073266,0.71,0.482,0.6942621983083913,-0.0076130232674034,-0.7363419305677995,-0.0039765164604876,-0.2824319898907874,False
zel031_thp1,zel031,cona,P12,5970,-0.0070957226642426,-0.4875060249938092,0.71,-0.0081321162897978,-0.6207617193533699,0.72,0.482,0.6942621983083913,-0.0020350779611734,-0.2773452298403083,0.0296675095295943,2.356172768890305,False
zel031_thp1,zel031,cona,P13,5970,0.0202991908761152,1.5151101202223625,0.055,0.0152289757944225,1.1251118964564637,0.135,0.482,0.6942621983083913,0.0116407697112057,1.079147258221837,0.0912277099766472,7.345679597437033,False
zel031_thp1,zel031,cona,P14,5970,0.0264173772596115,2.311684422126429,0.01,0.0211694621279911,1.6009866135839723,0.06,0.482,0.6942621983083913,0.0139005828678044,1.067938300976697,0.0408142533556971,3.1134176912496705,False
zel031_thp1,zel031,cona,P15,5970,-0.0126119352386391,-1.0270352571283632,0.855,-0.0160789773412457,-1.1540525730311215,0.875,0.482,0.6942621983083913,-0.0061421247972952,-0.4288249665216539,-0.0347765798710205,-2.799109199548543,False
zel031_thp1,zel031,cona,P16,5970,-0.0170327814410912,-1.229261570364243,0.885,-0.0188537617421274,-1.5257996995951988,0.915,0.482,0.6942621983083913,-0.0065286116791312,-0.5344900863276342,-0.0228081756397953,-1.9952204278811596,False
zel031_thp1,zel031,cona,P17,5970,0.0028275230641576,0.2305924333079586,0.41,0.0135518493505091,0.9518539986553474,0.16,0.482,0.6942621983083913,-0.0027172229878116,-0.3185903016463116,-0.0279788585300264,-2.0828741369023445,False
zel031_thp1,zel031,cona,P18,5970,-0.0175781961274454,-1.339464141623521,0.9,-0.0207582069038255,-1.823956944627921,0.965,0.482,0.6942621983083913,-0.0158649657825618,-1.2181860415466998,-0.0152583536274011,-1.1640792513510838,False
zel031_thp1,zel031,cona,P19,5970,0.0110328683680929,0.935739137249977,0.17,0.0089495045551801,0.6648370925386597,0.24,0.482,0.6942621983083913,-0.0057538301672491,-0.5325136663064148,0.0199543947689423,1.4932356679034076,False
zel031_thp1,zel031,cona,P20,5970,-0.0020182741857863,-0.2250447663706434,0.605,0.0063423024697398,0.5572040435223143,0.28,0.482,0.6942621983083913,-0.0088297759492644,-0.8596230279859122,-0.0282357472467082,-2.114001512062723,False
zel031_thp1,zel031,cona,P21,5970,-0.0158918292782473,-1.0721181474748165,0.875,-0.008886484252912,-0.5876837306494705,0.72,0.482,0.6942621983083913,-0.0046966465510314,-0.2939626206952186,-0.0668554790976179,-5.3554798615010455,False
zel031_thp1,zel031,cona,P22,5970,-0.0011015155644552,-0.0114419673949078,0.495,-0.0056820625591769,-0.4515943698360492,0.7,0.482,0.6942621983083913,0.0012504407021484,0.2820700266013974,0.0093690058198306,0.760613686053328,False
zel031_thp1,zel031,cona,P23,5970,-0.0021839270854858,-0.0608378761407065,0.55,-0.0004894305901157,-0.0246006345285777,0.485,0.482,0.6942621983083913,-0.0101500155221689,-0.6724835808928575,-0.0835259779439758,-6.780074790088396,False
zel031_thp1,zel031,cona,P24,5970,0.0254628300094743,1.950310106043897,0.015,0.0230190783251797,1.8035108910317663,0.03,0.482,0.6942621983083913,0.0086872569035954,0.7265059895107212,0.0715432401354768,5.818380658744808,False
zel031_thp1,zel031,cona,P25,5970,-0.0083011854317018,-0.7752511238779753,0.78,-0.0073112959669356,-0.5686851086163509,0.725,0.482,0.6942621983083913,0.0083400072124799,0.5491005756614776,0.0615319608202408,4.75511852778451,False
zel031_thp1,zel031,cona,P26,5970,0.0139631316302171,1.0270626535805014,0.155,0.006106603892505,0.4479337335528113,0.295,0.482,0.6942621983083913,0.0095485236968415,0.6988841724236584,0.0817010152294603,6.24334085640851,False
zel031_thp1,zel031,cona,P27,5970,0.0358975726857994,2.8735694979375337,0.0,0.0379115410479181,2.9318806480155875,0.0,0.482,0.6942621983083913,0.0134935316195962,0.9158916838178484,-0.0187117927316812,-1.5004350515505525,False
zel031_thp1,zel031,cona,P28,5970,0.0026049525714325,0.1738172057175485,0.415,-0.0060891338193901,-0.5037186768169054,0.705,0.482,0.6942621983083913,-0.0010197454156441,-0.0300077515191269,0.0425755361146068,3.6245692074653735,False
zel031_thp1,zel031,cona,P29,5970,0.0110569063606693,0.8329330552695563,0.195,0.0165817366032639,1.1659257119510216,0.13,0.482,0.6942621983083913,-0.0110124930922514,-0.7663332515166505,-0.0371457263030695,-2.8585214604364784,False
zel031_thp1,zel031,cona,P30,5970,0.0177431517319599,1.4512642419816095,0.075,0.0108255919177742,0.8119427186219101,0.2,0.482,0.6942621983083913,0.0050219071319831,0.5296668455501248,0.0339569663314146,2.845834669517352,False
zel031_thp1,zel031,cona,P31,5970,-0.0017092101850874,-0.1290191547258486,0.525,-0.0097043579045232,-0.6296266004284593,0.765,0.482,0.6942621983083913,-0.0031041451034743,-0.1168679372858092,0.0317143900767535,2.3270230754713563,False
zel031_thp1,zel031,cona,P32,5970,-0.0161817601989395,-1.4089988702639962,0.92,-0.0204226060431605,-1.725112166750748,0.96,0.482,0.6942621983083913,0.0063988713097489,0.4443738794132172,0.0441517150862569,3.398188961524508,False
zel031_thp1,zel031,dapi,P01,5970,0.0121491596411658,0.8856658435944406,0.19,0.0181863519292457,1.4448867192551005,0.09,0.4443,0.6665583245298193,-0.0050633035096584,-0.3984119492020806,0.0746997535711006,6.39500075921692,False
zel031_thp1,zel031,dapi,P02,5970,0.0110578399022713,0.924532049196169,0.17,0.0161481870340663,1.2083724860964062,0.11,0.4443,0.6665583245298193,0.0179087967686096,1.354894134078673,0.0314778394245964,2.5288615171301685,False
zel031_thp1,zel031,dapi,P03,5970,-0.0107841045260373,-0.8233170046645557,0.805,-0.0190096882877305,-1.4522216282116978,0.935,0.4443,0.6665583245298193,-0.0004988013141071,-0.0485617293092703,-0.0048463219685674,-0.367725548051305,False
zel031_thp1,zel031,dapi,P04,5970,-0.0035925391042792,-0.3327463880132715,0.62,-0.0042825278348461,-0.289570979161788,0.58,0.4443,0.6665583245298193,0.0150259891511791,1.2162295114326531,0.0108513324733196,0.834184694396265,False
zel031_thp1,zel031,dapi,P05,5970,-0.0097738963956503,-0.8381799302750522,0.815,-0.0120724429483174,-0.8476036689357002,0.75,0.4443,0.6665583245298193,-0.0071145855801811,-0.5294001658771087,-0.0487783207888659,-3.7886021102964103,False
zel031_thp1,zel031,dapi,P06,5970,0.0043375408371623,0.275501216285543,0.415,-0.0018421928870326,-0.1314344011614902,0.55,0.4443,0.6665583245298193,0.0091995406929699,0.740709462585129,-0.0140832276229032,-1.0396685284959462,False
zel031_thp1,zel031,dapi,P07,5970,-0.0015691110269209,-0.1098899457342719,0.52,-0.023873428939459,-1.8989684649178136,0.99,0.4443,0.6665583245298193,0.0006414092111521,0.0319818845187162,0.0101833913622316,0.9104819895131652,False
zel031_thp1,zel031,dapi,P08,5970,-0.0021016995766886,-0.1406531289070247,0.575,0.0050585153239977,0.4189116247285387,0.355,0.4443,0.6665583245298193,-0.0247607777726213,-2.1826034617220715,0.0039748311680276,0.2547655145419964,False
zel031_thp1,zel031,dapi,P09,5970,-0.0118780234796337,-1.00236529763761,0.85,-0.0131518836083489,-1.0484761816832422,0.825,0.4443,0.6665583245298193,-0.004691709862201,-0.3749795792398877,-0.0539820815022986,-4.242130087319731,False
zel031_thp1,zel031,dapi,P10,5970,-0.0047393066619202,-0.3444241436510687,0.625,0.0074763370587203,0.5176740828954223,0.295,0.4443,0.6665583245298193,0.0048020123583845,0.3259577740041749,-0.0441151332557745,-3.604250704120179,False
zel031_thp1,zel031,dapi,P11,5970,-0.0087271808454896,-0.8653982490909377,0.79,0.0107646561223199,0.7543616974380213,0.24,0.4443,0.6665583245298193,-0.006058522884671,-0.476594308312839,0.0191519414818384,1.4862002476010665,False
zel031_thp1,zel031,dapi,P12,5970,0.0051122743865094,0.4387433113526298,0.32,0.0086045265541994,0.6640240827809826,0.28,0.4443,0.6665583245298193,-0.0010788665057406,-0.1321129246970798,-0.007888454031519,-0.4613041523040835,False
zel031_thp1,zel031,dapi,P13,5970,0.0098420936937801,0.7519660035053132,0.21,-0.0131360303360046,-1.0499755638896342,0.83,0.4443,0.6665583245298193,0.0125035963188984,0.9535962485099212,0.1114550632521292,8.13098890759629,False
zel031_thp1,zel031,dapi,P14,5970,0.0119202508777024,0.964495275966736,0.165,-0.0116357430209336,-0.7932670730968132,0.8,0.4443,0.6665583245298193,-0.0158949349616375,-1.1938078192670685,0.028522136490531,2.2808743446505897,False
zel031_thp1,zel031,dapi,P15,5970,0.0067417510137031,0.4695498683602253,0.35,0.0008915082418105,0.0455614464668455,0.455,0.4443,0.6665583245298193,0.0130077623936449,0.9619533705020864,0.0084634847403241,0.7377425418938226,False
zel031_thp1,zel031,dapi,P16,5970,0.0108507553264862,0.8422864342519728,0.185,0.0210990113465474,1.7084197065106053,0.035,0.4443,0.6665583245298193,0.012174648063874,1.0712020984065893,-0.0170370351763674,-1.2700922013189395,False
zel031_thp1,zel031,dapi,P17,5970,-0.0281761953107062,-2.1555155742091725,0.98,-0.0061473361571174,-0.4909657759448919,0.715,0.4443,0.6665583245298193,-0.0113886223397566,-0.905053766206214,-0.0947728100936952,-7.747841179151233,False
zel031_thp1,zel031,dapi,P18,5970,0.0125192552144069,0.9146372794436216,0.185,0.017581908745076,1.4263761109655344,0.05,0.4443,0.6665583245298193,0.0196381966639645,1.5331199905126809,0.0240749067458492,1.9311997960471532,False
zel031_thp1,zel031,dapi,P19,5970,0.0117350790364204,0.966370147830892,0.155,0.011249881520871,0.9461037245307354,0.15,0.4443,0.6665583245298193,-0.013190066686805,-0.9977340619548024,-0.028309735245721,-2.1892146567518425,False
zel031_thp1,zel031,dapi,P20,5970,-0.0182548931819411,-1.4729137454909402,0.935,0.005305306828769,0.2725301116642704,0.415,0.4443,0.6665583245298193,-0.016900809072545,-1.2605520446438727,-0.1008310845304545,-7.657681658094723,False
zel031_thp1,zel031,dapi,P21,5970,-0.0221466652205184,-1.7387153673466564,0.945,-0.0059809889042154,-0.4551656696961975,0.63,0.4443,0.6665583245298193,-0.0049475811179877,-0.4238492118745409,-0.0818425322937433,-5.938115839104142,False
zel031_thp1,zel031,dapi,P22,5970,0.0111884206009228,0.8903613062898703,0.175,0.0006337384250762,0.0301883794946263,0.525,0.4443,0.6665583245298193,0.008105804118416,0.6441350335471362,0.0827291172308646,5.854761990522915,False
zel031_thp1,zel031,dapi,P23,5970,-0.002123805411233,-0.1827055147642699,0.55,0.005351055705391,0.4218798784161273,0.315,0.4443,0.6665583245298193,0.0044796531103378,0.4056781239770789,-0.0339763687642152,-2.594614026370176,False
zel031_thp1,zel031,dapi,P24,5970,0.0155456354765857,1.2049694436958902,0.12,0.0126260544332673,0.9285045611036972,0.2,0.4443,0.6665583245298193,0.0062547526142694,0.4675331908373755,0.0389471724559523,2.940367116175153,False
zel031_thp1,zel031,dapi,P25,5970,-0.0029895514531949,-0.1898005364296471,0.56,0.0017226892159918,0.1424811000612257,0.445,0.4443,0.6665583245298193,0.0014746276546042,0.1370005657503075,0.0418246234446642,3.180772452504907,False
zel031_thp1,zel031,dapi,P26,5970,0.0145130755583979,1.098242296621216,0.145,-0.0155448155548495,-1.134995014917086,0.86,0.4443,0.6665583245298193,0.0032620703233964,0.2727622833007618,0.0960344663463134,6.940366318214599,False
zel031_thp1,zel031,dapi,P27,5970,0.0010391537794343,0.1098348347940536,0.42,0.0002435318206131,0.0762057148554649,0.505,0.4443,0.6665583245298193,-0.0199073366896405,-1.6392174648066715,-0.0509293780319803,-3.757936687813465,False
zel031_thp1,zel031,dapi,P28,5970,0.0245426001675725,1.854766804409811,0.04,0.0070513797656143,0.5870726846961883,0.255,0.4443,0.6665583245298193,0.0153432809094874,1.1772553820400502,0.0927633617269237,7.475727607494248,False
zel031_thp1,zel031,dapi,P29,5970,-0.0067575190121476,-0.527021928276298,0.685,0.011074922215836,0.89961933506951,0.205,0.4443,0.6665583245298193,0.0038166121034734,0.2598784000140127,-0.0325778269037065,-2.223424825199469,False
zel031_thp1,zel031,dapi,P30,5970,0.0042607715737037,0.1636538367480889,0.41,-0.0352588707555155,-2.864642969201084,1.0,0.4443,0.6665583245298193,0.0051262239902469,0.4171245745172907,0.0761648277369005,5.213315685910487,False
zel031_thp1,zel031,dapi,P31,5970,0.0226179340509386,1.7983652781217154,0.03,0.0081225265468211,0.7234383402589639,0.25,0.4443,0.6665583245298193,0.0104940845425428,0.8399996082483271,0.0418409555251017,3.0922546750721147,False
zel031_thp1,zel031,dapi,P32,5970,0.0047646861101922,0.4117518296697189,0.36,-0.0066147654315936,-0.5415807948428989,0.7,0.4443,0.6665583245298193,0.0015392376382501,0.12565151445715,0.042753113782331,2.995872488725369,False
zel031_thp1,zel031,phalloidin,P01,5970,-0.0004705534537615,-0.0014177902312252,0.455,-0.011112578930738,-0.821949533733764,0.815,0.4449,0.6670082458260918,-0.0099756711200389,-0.64466818914965,0.0546494376202569,3.948064484519589,False
zel031_thp1,zel031,phalloidin,P02,5970,0.0039348052432152,0.4185876777639321,0.345,-0.0002538007334728,-0.149890481876271,0.52,0.4449,0.6670082458260918,0.0351640501812333,3.086836474201913,0.0312528644401423,2.491516663165137,False
zel031_thp1,zel031,phalloidin,P03,5970,0.0054073826324149,0.4596616180513332,0.295,0.018656467457161,1.4520414608793475,0.085,0.4449,0.6670082458260918,-0.0266692516657845,-2.166853646251606,-0.0266696616384198,-2.059758980440782,False
zel031_thp1,zel031,phalloidin,P04,5970,-0.004129567056064,-0.3415113453930237,0.645,-0.0056385594757131,-0.5365173423769581,0.69,0.4449,0.6670082458260918,0.0276002773103081,2.508373677644988,0.0270812450324466,2.1228045998906317,False
zel031_thp1,zel031,phalloidin,P05,5970,0.0004070873904385,0.109794030289529,0.45,0.0116505358413339,0.8754689269906475,0.185,0.4449,0.6670082458260918,-0.0002506959262149,-0.0072206172167918,-0.0337139611788177,-2.343352048687472,False
zel031_thp1,zel031,phalloidin,P06,5970,0.0069573849928714,0.4508316554054734,0.33,0.0042064601363289,0.3539425646357632,0.36,0.4449,0.6670082458260918,0.0168296713195603,1.2899058106554662,-0.0388641158106347,-3.072906981608532,False
zel031_thp1,zel031,phalloidin,P07,5970,0.0144305093979444,0.993271919277756,0.16,0.0130491349899349,1.097959787732799,0.145,0.4449,0.6670082458260918,0.0171221313340648,1.387729745563363,-0.002483841299673,-0.1550653261066957,False
zel031_thp1,zel031,phalloidin,P08,5970,-0.010322455302195,-0.8740885223325771,0.815,-0.0141098116673152,-0.9681959084438252,0.825,0.4449,0.6670082458260918,-0.0329953560968314,-2.5417090436243512,-0.0195498940273257,-1.622450115511313,False
zel031_thp1,zel031,phalloidin,P09,5970,-0.0068451340665054,-0.4782503848686665,0.68,-0.0015624223743516,-0.0332108187838018,0.52,0.4449,0.6670082458260918,-0.0148910376293567,-1.1072806426564357,-0.0504533799199566,-3.6931666614832808,False
zel031_thp1,zel031,phalloidin,P10,5970,-0.0056590347001628,-0.5090488237521724,0.715,0.0056256806619687,0.5028078812345318,0.305,0.4449,0.6670082458260918,-0.011929590574994,-1.0718222253924297,-0.0497089881352697,-3.989735026849143,False
zel031_thp1,zel031,phalloidin,P11,5970,-0.0154795213411112,-1.301101337009544,0.905,-0.0046617164393419,-0.4796072445327862,0.675,0.4449,0.6670082458260918,-0.0234647081083252,-2.1304566701338183,-0.0420395444001642,-3.242529069107437,False
zel031_thp1,zel031,phalloidin,P12,5970,0.0006018971564889,-0.0163492619380188,0.53,-0.0018081124725363,-0.0637723736250782,0.525,0.4449,0.6670082458260918,-0.0118268155463697,-1.0090255178113126,0.0128693760085785,0.914605897248116,False
zel031_thp1,zel031,phalloidin,P13,5970,0.0158170802810889,1.287063389163008,0.1,0.0003646991781499,-0.0139189480536052,0.465,0.4449,0.6670082458260918,0.0313883484298058,2.8401107660072284,0.1175253457062573,8.59736738538813,False
zel031_thp1,zel031,phalloidin,P14,5970,0.0144574027313333,0.997220764166795,0.175,-0.0062146629887406,-0.5046474139602576,0.695,0.4449,0.6670082458260918,0.0025515824052514,0.3002253167772643,0.011410058263606,0.7986689077326994,False
zel031_thp1,zel031,phalloidin,P15,5970,0.0118178604888903,0.9694893564510926,0.17,0.0127831950253437,0.819600232882673,0.215,0.4449,0.6670082458260918,0.0019565668927906,0.2240174606182996,-0.0054542245922755,-0.525605067254277,False
zel031_thp1,zel031,phalloidin,P16,5970,-0.0006120289868893,0.0412926765205196,0.46,-0.0053588695498251,-0.3439921580710025,0.635,0.4449,0.6670082458260918,0.0150163641143338,1.1923607283396336,-0.0129039399583564,-0.9634200619956492,False
zel031_thp1,zel031,phalloidin,P17,5970,-0.0279004742418503,-2.041231066297565,0.98,-0.0052988929089432,-0.429205715371787,0.695,0.4449,0.6670082458260918,-0.0288209360913352,-2.633564589504802,-0.1076611424653338,-8.62299779717409,False
zel031_thp1,zel031,phalloidin,P18,5970,0.0048123489457278,0.4263053203971634,0.35,-0.0001689019143107,-0.0629454834523402,0.51,0.4449,0.6670082458260918,0.0182965387900149,1.4609184709947824,0.0238880857941339,1.738179674193768,False
zel031_thp1,zel031,phalloidin,P19,5970,-0.001207045933802,-0.0995208571295018,0.525,-0.0190336356209957,-1.6044281369610756,0.945,0.4449,0.6670082458260918,-0.0294698585480028,-2.3965317798872,0.0150139222727004,1.150185295982703,False
zel031_thp1,zel031,phalloidin,P20,5970,-0.0252676863826583,-1.7016725889376312,0.98,-0.0107823084195474,-0.8935817962685617,0.785,0.4449,0.6670082458260918,-0.0301956581496829,-2.290142608057198,-0.0810301972793509,-6.815819032888445,False
zel031_thp1,zel031,phalloidin,P21,5970,-0.0138724096158943,-1.0473109674108452,0.85,0.0136337349710362,1.1227446037456008,0.13,0.4449,0.6670082458260918,0.0063642562820494,0.590224809515265,-0.0696927466104287,-5.089698901675551,False
zel031_thp1,zel031,phalloidin,P22,5970,0.0127585531921885,1.1755716070600573,0.135,0.004194011595794,0.4413539718132486,0.35,0.4449,0.6670082458260918,0.0309698916453521,2.757139017558828,0.0716232366417252,5.320830411146857,False
zel031_thp1,zel031,phalloidin,P23,5970,-0.0066115223271345,-0.4014599613675362,0.695,-0.0050129769122642,-0.3630113450384165,0.63,0.4449,0.6670082458260918,0.0133069421126345,1.1893149336797717,-0.049943163801574,-3.5054225710296163,False
zel031_thp1,zel031,phalloidin,P24,5970,-0.0036530841582352,-0.3002136512815707,0.63,-0.0324072315379227,-2.4779910023848832,0.995,0.4449,0.6670082458260918,0.0273327336404402,2.1610445479566724,0.010110834774284,0.8720598463081614,False
zel031_thp1,zel031,phalloidin,P25,5970,-0.0018632306085607,-0.3093537513514282,0.6,0.0044760144452532,0.2957182178502907,0.395,0.4449,0.6670082458260918,-0.0085497379605692,-0.7267727001439095,0.065918389839847,4.642295586916236,False
zel031_thp1,zel031,phalloidin,P26,5970,0.0259045934816118,1.9162905970204955,0.03,0.0105745896974802,0.807884300545813,0.23,0.4449,0.6670082458260918,0.0043449630225014,0.3093711365004472,0.1299047160907871,9.451598596092571,False
zel031_thp1,zel031,phalloidin,P27,5970,-0.0128660380819419,-1.0416180424384751,0.82,-0.0325206348164933,-2.501408758597169,1.0,0.4449,0.6670082458260918,-0.0253062387209227,-2.073199152130473,-0.0422996414879013,-2.933766565724784,False
zel031_thp1,zel031,phalloidin,P28,5970,0.0207631323399139,1.4863196256821285,0.055,-0.0019713222136142,-0.25721921493232,0.635,0.4449,0.6670082458260918,0.0149607063367684,1.1398628804687971,0.0755408620551499,6.022618386727638,False
zel031_thp1,zel031,phalloidin,P29,5970,-0.0224168215828038,-1.696238593166946,0.95,-0.0253533123909934,-1.963237827992094,0.98,0.4449,0.6670082458260918,0.0027524606765045,0.277157000480308,-0.0650635740707736,-4.657731105929008,False
zel031_thp1,zel031,phalloidin,P30,5970,0.0310193382708858,2.499089604965257,0.005,0.0265608899459068,1.93898228500494,0.035,0.4449,0.6670082458260918,0.0284907389816726,2.6410523870814635,0.0935486130266868,6.900008027467432,False
zel031_thp1,zel031,phalloidin,P31,5970,0.019201712218132,1.4152002638476089,0.085,1.939018463887103e-05,0.1640464133354147,0.405,0.4449,0.6670082458260918,0.0210757247992395,1.6779671976939796,0.063152581509178,4.807012512728976,False
zel031_thp1,zel031,phalloidin,P32,5970,0.0179233859651363,1.3118961876911743,0.095,0.0240973446242317,2.158050674288271,0.01,0.4449,0.6670082458260918,-0.0104135673306074,-0.8649095387914967,0.0593907774091875,3.890330308239956,False
zel031_thp1,zel031,brightfield,P01,5970,-0.0052351331644413,-0.5031609237604335,0.675,-0.0049105082576771,-0.5176720044883059,0.675,-0.0108,,0.0095981924472938,0.8135793513311254,-0.0272828077472895,-1.9349349820694997,False
zel031_thp1,zel031,brightfield,P02,5970,0.0082944872774091,0.5750384277574345,0.255,0.0086381448387446,0.6517327401169896,0.27,-0.0108,,-0.0034365210515802,-0.2495618629471779,-0.0247542208521254,-1.920203620414652,False
zel031_thp1,zel031,brightfield,P03,5970,0.0049499523414771,0.3238775967407,0.345,0.0047627196050918,0.3454669275998039,0.35,-0.0108,,-0.0031543257848432,-0.2097672743888158,-0.0687812714020538,-5.510925736354445,False
zel031_thp1,zel031,brightfield,P04,5970,-0.0141514217292793,-1.0655664503224067,0.865,-0.0143265018991368,-1.0221740970517514,0.84,-0.0108,,-0.0148291370354978,-1.2630679704762886,-0.0276612605382569,-2.1533894327309766,False
zel031_thp1,zel031,brightfield,P05,5970,-0.0032845038003477,-0.2505143101646338,0.615,-0.0036546056377983,-0.0468868108702526,0.505,-0.0108,,-0.0121128135933329,-0.9465235166560356,0.0254261169646381,1.816251330968528,False
zel031_thp1,zel031,brightfield,P06,5970,-0.0029161427407051,-0.2633715339662225,0.6,-0.0025117773003524,-0.1392724268202326,0.6,-0.0108,,-0.010856066684575,-0.9235738495860558,0.000133092860356,-0.0940213815772606,False
zel031_thp1,zel031,brightfield,P07,5970,-0.0230080508425456,-1.5596712938685005,0.955,-0.0223606049665541,-1.628558266953876,0.96,-0.0108,,-0.005675921003492,-0.4357096444855441,0.0092895275359433,0.6963897448569092,False
zel031_thp1,zel031,brightfield,P08,5970,0.006359736401134,0.4058948479821488,0.34,0.0060311598045296,0.5443943560274962,0.33,-0.0108,,0.015234023731,1.11944517071406,-0.0951426006663446,-8.572379941217516,False
zel031_thp1,zel031,brightfield,P09,5970,-0.0064616852338147,-0.4606590874750126,0.67,-0.0069710787946031,-0.4805923763141511,0.71,-0.0108,,0.0120981634416313,0.879275720976997,-0.0516662548595883,-4.440182810685752,False
zel031_thp1,zel031,brightfield,P10,5970,-0.008319330210813,-0.5396229723499127,0.715,-0.008982311382786,-0.7327495518404139,0.785,-0.0108,,0.0051750100810847,0.3645090920731118,-0.0170345963541176,-1.3644504116364105,False
zel031_thp1,zel031,brightfield,P11,5970,0.0061401415242592,0.6073124003651899,0.275,0.0050811887816981,0.431090468003667,0.33,-0.0108,,0.0037895736087819,0.2340688905995047,0.0024677160488439,0.2068084866126405,False
zel031_thp1,zel031,brightfield,P12,5970,0.0163434711976193,1.2627325888460634,0.085,0.0164950323500629,1.3196649152255908,0.085,-0.0108,,0.0115444759586333,0.989498529923985,0.0691688242922251,5.175086423758873,False
zel031_thp1,zel031,brightfield,P13,5970,0.0178817258249829,1.3579919706700874,0.1,0.0191786900035516,1.4456985344553086,0.075,-0.0108,,-0.0070618312084862,-0.5448691000696796,-0.0041263455480851,-0.3177171299874108,False
zel031_thp1,zel031,brightfield,P14,5970,-0.0198706523561738,-1.865716340444272,0.975,-0.0185638082312047,-1.6459964325722134,0.95,-0.0108,,0.0090647380321132,0.7258485449249995,-0.0358420994602958,-2.9073593841373704,False
zel031_thp1,zel031,brightfield,P15,5970,-0.0107215041846528,-0.89498489481052,0.81,-0.0102404575151585,-0.6820304028029402,0.75,-0.0108,,-0.006948212818749,-0.661676640680903,-0.0183723633130378,-1.455829145693952,False
zel031_thp1,zel031,brightfield,P16,5970,-0.0090042560809165,-0.7305395775383736,0.775,-0.0088952079315308,-0.7752698656655082,0.785,-0.0108,,-0.0147489930005093,-1.1912293326927637,-0.0480842938896223,-3.655871366163831,False
zel031_thp1,zel031,brightfield,P17,5970,0.0068438733340109,0.5192198453924136,0.295,0.0048201687723894,0.317664947229509,0.375,-0.0108,,0.0064837359487406,0.4329958963221478,0.0039608926955927,0.1473561383144904,False
zel031_thp1,zel031,brightfield,P18,5970,0.0087131250788075,0.6088807730490577,0.285,0.0091249502794493,0.7037411714809554,0.255,-0.0108,,-0.0066125957228218,-0.5296624451850614,-0.0107679983702433,-0.8148224486088675,False
zel031_thp1,zel031,brightfield,P19,5970,0.0112302657178683,0.7856596604152329,0.2,0.0118072206683197,0.9386358985915392,0.145,-0.0108,,-0.0009219746726025,-0.0570670992794742,0.0865240035568569,6.075060483946253,False
zel031_thp1,zel031,brightfield,P20,5970,0.0053029911802349,0.5531618984310525,0.285,0.0036694283016704,0.1220310812496409,0.46,-0.0108,,0.0054632767912759,0.3760613990957141,0.0550449778999396,4.714312380673782,False
zel031_thp1,zel031,brightfield,P21,5970,0.0152308054249916,1.1522560928289685,0.095,0.0137076296590604,1.0167736139179722,0.16,-0.0108,,-0.0040186817623123,-0.4263333176645064,-0.0286198150039122,-2.1185969010284604,False
zel031_thp1,zel031,brightfield,P22,5970,0.0006129067037049,0.0119889126791278,0.5,0.0014891345656305,0.2228256304445751,0.43,-0.0108,,-0.0050060568438901,-0.4064391203115211,0.0029919012817496,0.1685712176174747,False
zel031_thp1,zel031,brightfield,P23,5970,-0.0156254211113389,-1.2645887373402829,0.92,-0.0160233660816123,-1.29578889023333,0.92,-0.0108,,-0.0155906478997299,-1.4164306883583735,-0.0856533600490243,-6.516056105411109,False
zel031_thp1,zel031,brightfield,P24,5970,0.0068672286750227,0.5188057707621146,0.315,0.0076903109540893,0.503150299425615,0.285,-0.0108,,0.0002897358487377,0.0338137533932722,0.0373679504061197,2.9694969596821896,False
zel031_thp1,zel031,brightfield,P25,5970,0.0003255270656407,0.0251648136820909,0.5,2.6596906494297968e-05,0.0835476494614637,0.48,-0.0108,,0.004456640300263,0.4699235365887999,0.0579885981594968,4.580308431153144,False
zel031_thp1,zel031,brightfield,P26,5970,0.003503435581326,0.2539017058921742,0.38,0.0052200579028529,0.4184162888517772,0.33,-0.0108,,0.0033561673924068,0.3951488400593675,0.0520622331654787,4.236546408538517,False
zel031_thp1,zel031,brightfield,P27,5970,0.0038663115992119,0.3841706290802545,0.35,0.0039511289760085,0.3134366977393256,0.415,-0.0108,,0.0102104177204493,0.7570662587731188,0.0312082045376347,2.3273157617585323,False
zel031_thp1,zel031,brightfield,P28,5970,-0.0065427535457339,-0.561044502291123,0.72,-0.0048405155797796,-0.3422965470821741,0.695,-0.0108,,-0.0054016918355428,-0.3109750057227836,-0.0275505000227848,-2.297597213964349,False
zel031_thp1,zel031,brightfield,P29,5970,-0.0083687059052272,-0.7808572932317712,0.795,-0.0093196818464678,-0.7061746214721094,0.75,-0.0108,,-0.0022621797964516,-0.2658128864504393,-0.0347983855138778,-2.8289291674810726,False
zel031_thp1,zel031,brightfield,P30,5970,0.006105592675459,0.4966163849775207,0.305,0.0076963254156783,0.6659933744131951,0.25,-0.0108,,-0.0031570146833692,-0.1817850740413516,-0.0168997865673774,-1.219035588546105,False
zel031_thp1,zel031,brightfield,P31,5970,-0.0119485646486662,-0.9629670204681954,0.845,-0.0104530176967477,-0.8028544658842586,0.745,-0.0108,,-0.0053461376475407,-0.30690985522255,0.0477056821871261,3.544621636382957,False
zel031_thp1,zel031,brightfield,P32,5970,-0.0128047345237075,-0.9336718506084638,0.82,-0.0122254889787808,-0.8855435961042498,0.815,-0.0108,,0.0007852979506131,0.0987251141874827,0.0184980196388719,1.572508861420753,False
zel031_thp1,zel031,DENSITY_PC1,P01,5970,0.0046901079504198,0.327603892339726,0.375,,,,,,,,,,False
zel031_thp1,zel031,DENSITY_PC1,P02,5970,0.0044647614168319,0.2841027544944904,0.385,,,,,,,,,,False
zel031_thp1,zel031,DENSITY_PC1,P03,5970,-0.0027744482340204,-0.1477451562022403,0.525,,,,,,,,,,False
zel031_thp1,zel031,DENSITY_PC1,P04,5970,-0.0019173796718031,-0.1504011689862905,0.58,,,,,,,,,,False
zel031_thp1,zel031,DENSITY_PC1,P05,5970,-0.0050123995479211,-0.3261524163218004,0.63,,,,,,,,,,False
zel031_thp1,zel031,DENSITY_PC1,P06,5970,0.0057119804542887,0.4329133578436879,0.32,,,,,,,,,,False
zel031_thp1,zel031,DENSITY_PC1,P07,5970,0.0098202193455307,0.7472196827041293,0.235,,,,,,,,,,False
zel031_thp1,zel031,DENSITY_PC1,P08,5970,-0.0047856093575064,-0.2708742569417012,0.61,,,,,,,,,,False
zel031_thp1,zel031,DENSITY_PC1,P09,5970,-0.0068275839654536,-0.492777632669331,0.675,,,,,,,,,,False
zel031_thp1,zel031,DENSITY_PC1,P10,5970,-0.0088874510243544,-0.6246236628506721,0.745,,,,,,,,,,False
zel031_thp1,zel031,DENSITY_PC1,P11,5970,-0.0149109823849793,-0.9987143178191938,0.855,,,,,,,,,,False
zel031_thp1,zel031,DENSITY_PC1,P12,5970,0.0015124511287393,0.0582124283083744,0.51,,,,,,,,,,False
zel031_thp1,zel031,DENSITY_PC1,P13,5970,0.0172981333548185,1.285549682219752,0.085,,,,,,,,,,False
zel031_thp1,zel031,DENSITY_PC1,P14,5970,0.0188804757139836,1.4170942467793373,0.07,,,,,,,,,,False
zel031_thp1,zel031,DENSITY_PC1,P15,5970,0.0070592273705544,0.53169501894473,0.285,,,,,,,,,,False
zel031_thp1,zel031,DENSITY_PC1,P16,5970,0.0018364208259537,0.1699852355911984,0.39,,,,,,,,,,False
zel031_thp1,zel031,DENSITY_PC1,P17,5970,-0.0283312655642603,-2.3397293326412525,0.985,,,,,,,,,,False
zel031_thp1,zel031,DENSITY_PC1,P18,5970,0.0053941570457898,0.4509243141810697,0.335,,,,,,,,,,False
zel031_thp1,zel031,DENSITY_PC1,P19,5970,0.0075900900831658,0.458402843377012,0.33,,,,,,,,,,False
zel031_thp1,zel031,DENSITY_PC1,P20,5970,-0.0228530528088069,-1.874407856247966,0.98,,,,,,,,,,False
zel031_thp1,zel031,DENSITY_PC1,P21,5970,-0.0217116494061884,-1.874708274981512,0.975,,,,,,,,,,False
zel031_thp1,zel031,DENSITY_PC1,P22,5970,0.01212499766027,0.9520690846093862,0.165,,,,,,,,,,False
zel031_thp1,zel031,DENSITY_PC1,P23,5970,-0.0049518749597952,-0.3070470822261034,0.63,,,,,,,,,,False
zel031_thp1,zel031,DENSITY_PC1,P24,5970,0.0111577766428832,0.8833332415083914,0.2,,,,,,,,,,False
zel031_thp1,zel031,DENSITY_PC1,P25,5970,-0.0041562885333835,-0.2807083844139452,0.605,,,,,,,,,,False
zel031_thp1,zel031,DENSITY_PC1,P26,5970,0.0236539322348629,2.0376102023934397,0.035,,,,,,,,,,False
zel031_thp1,zel031,DENSITY_PC1,P27,5970,0.0010366838270469,0.0769394787265881,0.475,,,,,,,,,,False
zel031_thp1,zel031,DENSITY_PC1,P28,5970,0.0238556724909578,2.012188500209908,0.02,,,,,,,,,,False
zel031_thp1,zel031,DENSITY_PC1,P29,5970,-0.0128728304996927,-0.8638022480073764,0.83,,,,,,,,,,False
zel031_thp1,zel031,DENSITY_PC1,P30,5970,0.0218096665700475,1.60638219811732,0.06,,,,,,,,,,False
zel031_thp1,zel031,DENSITY_PC1,P31,5970,0.0211981379521287,1.6226778644227215,0.08,,,,,,,,,,False
zel031_thp1,zel031,DENSITY_PC1,P32,5970,0.0084983333729021,0.7026619082088778,0.235,,,,,,,,,,False
