hypothesis_id,hypothesis_type,status,confidence_tier,context,bb_level_ids,claim,evidence,matched_control,moa_class,caveats,evidence_rank_score
ZSH-0001,level_control_mimicry,hypothesis_anchor_validated,A,zel039_aec7,bb0=BB_2085420374,"bb0=BB_2085420374 mimics HTH-01-015 (HSF1/heat-shock) - rank-1 control match, cos 0.631","cos=0.631, p=0.000 vs 200-draw gene-label-permutation null",HTH-01-015,HSF1_heat_shock_validated,weak_null,0.6307403183973566
ZSH-0002,level_control_mimicry,hypothesis_anchor_validated,A,zel039_aec7,bb1=BB_5422857344,"bb1=BB_5422857344 mimics palbociclib (CDK4/6 inhibition, translation-ribosome axis) - rank-1 control match, cos 0.572","cos=0.572, p=0.000 vs 200-draw gene-label-permutation null",palbociclib,CDK_inhibitor,weak_null,0.5720116365661638
ZSH-0003,pair_hypothesis,hypothesis_strong,B,zel024_hek293,bb0=BB_0326377388 & bb1=BB_4347926671,"bb0=BB_0326377388 & bb1=BB_4347926671: interaction-driven program up [COX7A2(+0.027), COX7C(+0.026), RPL26(+0.026)]; z=26.6 vs permutation refits; bb-effect-atlas agreement cos=0.88; driver family recurs in >=2 contexts","z_perm=26.6, composite=50.1, n=166, cos_bb_effect_atlas=0.879; null: label-permutation refits",,,none,50.1
ZSH-0004,pair_hypothesis,hypothesis_strong,B,zel028_a549,bb1=BB_6317837957 & bb4=BB_0435703887,"bb1=BB_6317837957 & bb4=BB_0435703887: interaction-driven program up [AGR2(+0.047), HSP90B1(+0.046), HSP90AA1(+0.045)]; z=19.3 vs permutation refits; bb-effect-atlas agreement cos=0.94; driver family recurs in >=2 contexts","z_perm=19.3, composite=37.3, n=73, cos_bb_effect_atlas=0.936; null: label-permutation refits",,,singleton,37.3
ZSH-0005,pair_hypothesis,hypothesis_strong,B,zel024_hek293,bb0=BB_7372899989 & bb1=BB_4347926671,"bb0=BB_7372899989 & bb1=BB_4347926671: interaction-driven program up [HSPA5(+0.065), MT-CO1(+0.060), LINC00486(+0.052)]; z=15.3 vs permutation refits; bb-effect-atlas agreement cos=0.80; driver family recurs in >=2 contexts","z_perm=15.3, composite=27.6, n=166, cos_bb_effect_atlas=0.798; null: label-permutation refits",,,none,27.6
ZSH-0006,pair_hypothesis,hypothesis_strong,B,zel028_a549,bb1=BB_8741131108 & bb4=BB_9169702177,"bb1=BB_8741131108 & bb4=BB_9169702177: interaction-driven program up [HSP90AA1(+0.039), MT-CO1(+0.032), RPL12(+0.030)]; z=13.3 vs permutation refits; bb-effect-atlas agreement cos=0.90; driver family recurs in >=2 contexts","z_perm=13.3, composite=25.3, n=64, cos_bb_effect_atlas=0.896; null: label-permutation refits",,,singleton,25.3
ZSH-0007,pair_hypothesis,hypothesis_strong,B,zel024_hek293,bb0=BB_0326377388 & bb1=BB_6601289516,"bb0=BB_0326377388 & bb1=BB_6601289516: interaction-driven program up [MT-CO3(+0.066), MT-CO2(+0.057), MT-CO1(+0.054)]; z=14.0 vs permutation refits; bb-effect-atlas agreement cos=0.53; driver family recurs in >=2 contexts","z_perm=14.0, composite=21.5, n=166, cos_bb_effect_atlas=0.53; null: label-permutation refits",,,none,21.5
ZSH-0008,pair_hypothesis,hypothesis_strong,B,zel024_hek293,bb0=BB_1174006333 & bb1=BB_9483475878,"bb0=BB_1174006333 & bb1=BB_9483475878: interaction-driven program up [MT-CO3(+0.064), MT-CO1(+0.053), MT-CO2(+0.050)]; z=10.8 vs permutation refits; bb-effect-atlas agreement cos=0.92; driver family recurs in >=2 contexts","z_perm=10.8, composite=20.7, n=166, cos_bb_effect_atlas=0.918; null: label-permutation refits",,,none,20.7
ZSH-0009,pair_hypothesis,hypothesis_strong,B,zel024_hek293,bb2=BB_5290020531 & bb3=BB_8759755490,"bb2=BB_5290020531 & bb3=BB_8759755490: interaction-driven program up [HSPA5(+0.033), MT-CO3(+0.033), XBP1(+0.031)]; z=12.9 vs permutation refits; bb-effect-atlas agreement cos=0.60; driver family recurs in >=2 contexts","z_perm=12.9, composite=20.6, n=84, cos_bb_effect_atlas=0.601; null: label-permutation refits",,,none,20.6
ZSH-0010,pair_hypothesis,hypothesis_strong,B,zel024_hek293,bb0=BB_0175183327 & bb1=BB_4347926671,"bb0=BB_0175183327 & bb1=BB_4347926671: interaction-driven program up [MT-CYB(+0.065), LINC00486(+0.064), MT-CO3(+0.064)]; z=10.1 vs permutation refits; bb-effect-atlas agreement cos=0.87; driver family recurs in >=2 contexts","z_perm=10.1, composite=18.8, n=166, cos_bb_effect_atlas=0.87; null: label-permutation refits",,,none,18.8
ZSH-0011,pair_hypothesis,hypothesis_strong,B,zel039_aec7,bb0=BB_2085420374 & bb1=BB_0164651813,"bb0=BB_2085420374 & bb1=BB_0164651813: interaction-driven program up [HSP90AA1(+0.055), HSPH1(+0.051), DNAJB1(+0.051)]; z=9.3 vs permutation refits; bb-effect-atlas agreement cos=0.82; driver family recurs in >=2 contexts","z_perm=9.3, composite=16.9, n=51, cos_bb_effect_atlas=0.823; null: label-permutation refits",,,none,16.9
ZSH-0012,pair_hypothesis,hypothesis_strong,B,zel024_hek293,bb0=BB_1174006333 & bb1=BB_6601289516,"bb0=BB_1174006333 & bb1=BB_6601289516: interaction-driven program up [MT-CYB(+0.063), MT-CO3(+0.061), MT-CO1(+0.058)]; z=9.1 vs permutation refits; bb-effect-atlas agreement cos=0.85; driver family recurs in >=2 contexts","z_perm=9.1, composite=16.9, n=166, cos_bb_effect_atlas=0.85; null: label-permutation refits",,,none,16.9
ZSH-0013,pair_hypothesis,hypothesis_strong,B,zel028_a549,bb1=BB_3993285124 & bb4=BB_9279669837,"bb1=BB_3993285124 & bb4=BB_9279669837: interaction-driven program up [RPL29(+0.023), KRT18(+0.022), IGFBP1(+0.020)]; z=8.3 vs permutation refits; bb-effect-atlas agreement cos=0.89; driver family recurs in >=2 contexts","z_perm=8.3, composite=15.7, n=57, cos_bb_effect_atlas=0.886; null: label-permutation refits",,,singleton,15.7
ZSH-0014,pair_hypothesis,hypothesis_strong,B,zel024_hek293,bb0=BB_0078506578 & bb1=BB_9483475878,"bb0=BB_0078506578 & bb1=BB_9483475878: interaction-driven program up [MT-CO3(+0.057), MT-CYB(+0.048), MT-CO2(+0.045)]; z=7.6 vs permutation refits; bb-effect-atlas agreement cos=0.84; driver family recurs in >=2 contexts","z_perm=7.6, composite=13.9, n=165, cos_bb_effect_atlas=0.837; null: label-permutation refits",,,none,13.9
ZSH-0015,pair_hypothesis,hypothesis_strong,B,zel039_aec7,bb0=BB_2371372935 & bb1=BB_4348936015,"bb0=BB_2371372935 & bb1=BB_4348936015: interaction-driven program up [IGFBP1(+0.062), TUBB(+0.038), KLF6(+0.036)]; z=6.7 vs permutation refits; bb-effect-atlas agreement cos=0.85; driver family recurs in >=2 contexts","z_perm=6.7, composite=12.4, n=52, cos_bb_effect_atlas=0.85; null: label-permutation refits",,,none,12.4
ZSH-0016,pair_hypothesis,hypothesis_strong,B,zel028_a549,bb1=BB_1998211288 & bb3=BB_0822728753,"bb1=BB_1998211288 & bb3=BB_0822728753: interaction-driven program up [MT-CO1(+0.020), MT-CO2(+0.017), MT-CO3(+0.015)]; z=5.7 vs permutation refits; bb-effect-atlas agreement cos=0.96; driver family recurs in >=2 contexts","z_perm=5.7, composite=11.2, n=25, cos_bb_effect_atlas=0.955; null: label-permutation refits",,,singleton,11.2
ZSH-0017,pair_hypothesis,hypothesis_strong,B,zel039_aec7,bb0=BB_2315583918 & bb1=BB_1030418220,"bb0=BB_2315583918 & bb1=BB_1030418220: interaction-driven program up [HSP90AA1(+0.055), HSP90AB1(+0.049), HSP90B1(+0.047)]; z=5.7 vs permutation refits; bb-effect-atlas agreement cos=0.87; driver family recurs in >=2 contexts","z_perm=5.7, composite=10.8, n=53, cos_bb_effect_atlas=0.874; null: label-permutation refits",,,none,10.8
ZSH-0018,pair_hypothesis,hypothesis_strong,B,zel028_a549,bb1=BB_8003855586 & bb4=BB_1323947790,"bb1=BB_8003855586 & bb4=BB_1323947790: interaction-driven program up [IGFBP1(+0.040), RPL22L1(+0.026), AGR2(+0.020)]; z=4.3 vs permutation refits; bb-effect-atlas agreement cos=0.93; driver family recurs in >=2 contexts","z_perm=4.3, composite=8.4, n=40, cos_bb_effect_atlas=0.932; null: label-permutation refits",,,singleton,8.4
ZSH-0019,pair_hypothesis,hypothesis_strong,B,zel039_aec7,bb0=BB_0302650651 & bb1=BB_1599289689,"bb0=BB_0302650651 & bb1=BB_1599289689: interaction-driven program up [MT-RNR2(+0.043), HSPD1(+0.041), HSPA8(+0.038)]; z=5.1 vs permutation refits; bb-effect-atlas agreement cos=0.64; driver family recurs in >=2 contexts","z_perm=5.1, composite=8.3, n=53, cos_bb_effect_atlas=0.637; null: label-permutation refits",,,none,8.3
ZSH-0020,pair_hypothesis,hypothesis_strong,B,zel028_hek293,bb1=BB_1184847906 & bb4=BB_9279669837,"bb1=BB_1184847906 & bb4=BB_9279669837: interaction-driven program up [GABARAP(+0.015), MT-CO1(+0.015), PDCD5(+0.013)]; z=4.2 vs permutation refits; bb-effect-atlas agreement cos=0.94; driver family recurs in >=2 contexts","z_perm=4.2, composite=8.1, n=34, cos_bb_effect_atlas=0.94; null: label-permutation refits",,,singleton,8.1
ZSH-0021,level_control_mimicry,hypothesis_strong,B,zel039_aec7,bb0=BB_1722497045,"bb0=BB_1722497045 mimics BMS-509744 (Unknown Other) - rank-1 control match, cos 0.649","cos=0.649, p=0.000 vs 200-draw gene-label-permutation null",BMS-509744,Unknown_Other,weak_null,0.6491132213656148
ZSH-0022,level_control_mimicry,hypothesis_strong,B,zel024_hek293,bb3=BB_8150738125,"bb3=BB_8150738125 mimics ZF135/MRTX-1719 (Unknown/Other) - rank-1 control match, cos 0.636","cos=0.636, p=0.000 vs 200-draw gene-label-permutation null",ZF135/MRTX-1719,Unknown/Other,weak_null,0.6362262014831811
ZSH-0023,level_control_mimicry,hypothesis_strong,B,zel039_aec7,bb0=BB_6699958170,"bb0=BB_6699958170 mimics BMS-509744 (Unknown Other) - rank-1 control match, cos 0.618","cos=0.618, p=0.000 vs 200-draw gene-label-permutation null",BMS-509744,Unknown_Other,weak_null,0.6175133366753626
ZSH-0024,level_control_mimicry,hypothesis_strong,B,zel024_hek293,bb1=BB_8873714086,"bb1=BB_8873714086 mimics HTH-01-015 (HSF1 heat shock validated) - rank-1 control match, cos 0.591","cos=0.591, p=0.000 vs 200-draw gene-label-permutation null",HTH-01-015,HSF1_heat_shock_validated,weak_null,0.5909528629342228
ZSH-0025,level_control_mimicry,hypothesis_strong,B,zel039_aec7,bb0=BB_0302650651,"bb0=BB_0302650651 mimics lapatinib (EGFR HER2 inhibitor) - rank-1 control match, cos 0.588","cos=0.588, p=0.000 vs 200-draw gene-label-permutation null",lapatinib,EGFR_HER2_inhibitor,weak_null,0.5876186964086126
ZSH-0026,level_control_mimicry,hypothesis_strong,B,zel024_hek293,bb3=BB_8391505475,"bb3=BB_8391505475 mimics ZF135/MRTX-1719 (Unknown/Other) - rank-1 control match, cos 0.582","cos=0.582, p=0.000 vs 200-draw gene-label-permutation null",ZF135/MRTX-1719,Unknown/Other,weak_null,0.5822525544456668
ZSH-0027,level_control_mimicry,hypothesis_strong,B,zel028_hek293,bb4=BB_6310246769,"bb4=BB_6310246769 mimics HTH-01-015 (HSF1 heat shock validated) - rank-1 control match, cos 0.580","cos=0.580, p=0.000 vs 200-draw gene-label-permutation null",HTH-01-015,HSF1_heat_shock_validated,weak_null;singleton,0.5804355904097894
ZSH-0028,level_control_mimicry,hypothesis_strong,B,zel039_aec7,bb2=BB_9643158810,"bb2=BB_9643158810 mimics Capmatinib (ALK MET inhibitor) - rank-1 control match, cos 0.575","cos=0.575, p=0.000 vs 200-draw gene-label-permutation null",Capmatinib,ALK_MET_inhibitor,weak_null,0.5750676234144696
ZSH-0029,level_control_mimicry,hypothesis_strong,B,zel039_aec7,bb1=BB_1748751977,"bb1=BB_1748751977 mimics endoxifen (Nuclear hormone receptor) - rank-1 control match, cos 0.564","cos=0.564, p=0.000 vs 200-draw gene-label-permutation null",endoxifen,Nuclear_hormone_receptor,weak_null,0.5641519540519134
ZSH-0030,level_control_mimicry,hypothesis_strong,B,zel039_aec7,bb2=BB_7966337922,"bb2=BB_7966337922 mimics palbociclib (CDK inhibitor) - rank-1 control match, cos 0.561","cos=0.561, p=0.000 vs 200-draw gene-label-permutation null",palbociclib,CDK_inhibitor,weak_null,0.5610091343770256
ZSH-0031,level_control_mimicry,hypothesis_strong,B,zel024_hek293,bb2=BB_3472530680,"bb2=BB_3472530680 mimics sorafenib (MEK RAF multikinase) - rank-1 control match, cos 0.559","cos=0.559, p=0.000 vs 200-draw gene-label-permutation null",sorafenib,MEK_RAF_multikinase,weak_null,0.5594967105252161
ZSH-0032,level_control_mimicry,hypothesis_strong,B,zel024_hek293,bb3=BB_5330967050,"bb3=BB_5330967050 mimics sorafenib (MEK RAF multikinase) - rank-1 control match, cos 0.559","cos=0.559, p=0.000 vs 200-draw gene-label-permutation null",sorafenib,MEK_RAF_multikinase,weak_null,0.5585611265777668
ZSH-0033,level_control_mimicry,hypothesis_strong,B,zel039_aec7,bb1=BB_2552014008,"bb1=BB_2552014008 mimics palbociclib (CDK inhibitor) - rank-1 control match, cos 0.555","cos=0.555, p=0.000 vs 200-draw gene-label-permutation null",palbociclib,CDK_inhibitor,weak_null,0.5546691818222107
ZSH-0034,level_control_mimicry,hypothesis_strong,B,zel039_aec7,bb1=BB_7747778414,"bb1=BB_7747778414 mimics palbociclib (CDK inhibitor) - rank-1 control match, cos 0.552","cos=0.552, p=0.000 vs 200-draw gene-label-permutation null",palbociclib,CDK_inhibitor,weak_null,0.5518720920836684
ZSH-0035,level_control_mimicry,hypothesis_strong,B,zel039_aec7,bb0=BB_8506073726,"bb0=BB_8506073726 mimics HTH-01-015 (HSF1 heat shock validated) - rank-1 control match, cos 0.551","cos=0.551, p=0.000 vs 200-draw gene-label-permutation null",HTH-01-015,HSF1_heat_shock_validated,weak_null,0.5511261518864483
ZSH-0036,level_control_mimicry,hypothesis_strong,B,zel024_hek293,bb3=BB_8979142929,"bb3=BB_8979142929 mimics ZF135/MRTX-1719 (Unknown/Other) - rank-1 control match, cos 0.549","cos=0.549, p=0.000 vs 200-draw gene-label-permutation null",ZF135/MRTX-1719,Unknown/Other,weak_null,0.5490528049410516
ZSH-0037,level_control_mimicry,hypothesis_strong,B,zel028_hek293,bb4=BB_2197995887,"bb4=BB_2197995887 mimics sorafenib (MEK RAF multikinase) - rank-1 control match, cos 0.547","cos=0.547, p=0.000 vs 200-draw gene-label-permutation null",sorafenib,MEK_RAF_multikinase,weak_null;singleton,0.5472095295210653
ZSH-0038,level_control_mimicry,hypothesis_strong,B,zel024_hek293,bb3=BB_4560745800,"bb3=BB_4560745800 mimics ZF135/MRTX-1719 (Unknown/Other) - rank-1 control match, cos 0.543","cos=0.543, p=0.000 vs 200-draw gene-label-permutation null",ZF135/MRTX-1719,Unknown/Other,weak_null,0.5432761454035904
ZSH-0039,level_control_mimicry,hypothesis_strong,B,zel039_aec7,bb2=BB_0318532484,"bb2=BB_0318532484 mimics Capmatinib (ALK MET inhibitor) - rank-1 control match, cos 0.538","cos=0.538, p=0.000 vs 200-draw gene-label-permutation null",Capmatinib,ALK_MET_inhibitor,weak_null,0.5376369762184614
ZSH-0040,level_control_mimicry,hypothesis_strong,B,zel028_hek293,bb3=BB_5913790006,"bb3=BB_5913790006 mimics HTH-01-015 (HSF1 heat shock validated) - rank-1 control match, cos 0.536","cos=0.536, p=0.000 vs 200-draw gene-label-permutation null",HTH-01-015,HSF1_heat_shock_validated,weak_null;singleton,0.5359046543642207
ZSH-0041,level_control_mimicry,hypothesis_strong,B,zel028_hek293,bb3=BB_7276621276,"bb3=BB_7276621276 mimics HTH-01-015 (HSF1 heat shock validated) - rank-1 control match, cos 0.534","cos=0.534, p=0.000 vs 200-draw gene-label-permutation null",HTH-01-015,HSF1_heat_shock_validated,weak_null;singleton,0.5342011674687382
ZSH-0042,level_control_mimicry,hypothesis_strong,B,zel024_hek293,bb2=BB_5290020531,"bb2=BB_5290020531 mimics ZF135/MRTX-1719 (Unknown/Other) - rank-1 control match, cos 0.533","cos=0.533, p=0.000 vs 200-draw gene-label-permutation null",ZF135/MRTX-1719,Unknown/Other,weak_null,0.5333298627678864
ZSH-0043,level_control_mimicry,hypothesis_strong,B,zel024_hek293,bb3=BB_7553096473,"bb3=BB_7553096473 mimics ZF135/MRTX-1719 (Unknown/Other) - rank-1 control match, cos 0.526","cos=0.526, p=0.000 vs 200-draw gene-label-permutation null",ZF135/MRTX-1719,Unknown/Other,weak_null,0.5255927177561589
ZSH-0044,level_control_mimicry,hypothesis_strong,B,zel039_aec7,bb2=BB_3217225768,"bb2=BB_3217225768 mimics Capmatinib (ALK MET inhibitor) - rank-1 control match, cos 0.522","cos=0.522, p=0.000 vs 200-draw gene-label-permutation null",Capmatinib,ALK_MET_inhibitor,weak_null,0.5215420265803161
ZSH-0045,level_control_mimicry,hypothesis_strong,B,zel028_hek293,bb4=BB_7622047569,"bb4=BB_7622047569 mimics ZF135/MRTX-1719 (Unknown/Other) - rank-1 control match, cos 0.521","cos=0.521, p=0.000 vs 200-draw gene-label-permutation null",ZF135/MRTX-1719,Unknown/Other,weak_null;singleton,0.5212541874606973
ZSH-0046,level_control_mimicry,hypothesis_strong,B,zel024_hek293,bb3=BB_6048600856,"bb3=BB_6048600856 mimics ZF135/MRTX-1719 (Unknown/Other) - rank-1 control match, cos 0.517","cos=0.517, p=0.000 vs 200-draw gene-label-permutation null",ZF135/MRTX-1719,Unknown/Other,weak_null,0.5174594951900608
ZSH-0047,level_control_mimicry,hypothesis_strong,B,zel028_hek293,bb3=BB_4179173119,"bb3=BB_4179173119 mimics HTH-01-015 (HSF1 heat shock validated) - rank-1 control match, cos 0.514","cos=0.514, p=0.000 vs 200-draw gene-label-permutation null",HTH-01-015,HSF1_heat_shock_validated,weak_null;singleton,0.5141551773476583
ZSH-0048,level_control_mimicry,hypothesis_strong,B,zel028_hek293,bb4=BB_9413321613,"bb4=BB_9413321613 mimics N-deshydroxyethyl dasatinib (BCR ABL inhibitor) - rank-1 control match, cos 0.512","cos=0.512, p=0.000 vs 200-draw gene-label-permutation null",N-deshydroxyethyl dasatinib,BCR_ABL_inhibitor,weak_null;singleton,0.5122349450232984
ZSH-0049,level_control_mimicry,hypothesis_strong,B,zel028_hek293,bb1=BB_8805984381,"bb1=BB_8805984381 mimics JAB-3068 (Phosphatase inhibitor) - rank-1 control match, cos 0.512","cos=0.512, p=0.000 vs 200-draw gene-label-permutation null",JAB-3068,Phosphatase_inhibitor,weak_null;singleton,0.5121158300437914
ZSH-0050,pair_hypothesis,hypothesis_triage,C,zel039_aec7,bb0=BB_2371372935 & bb1=BB_1748751977,"bb0=BB_2371372935 & bb1=BB_1748751977: interaction-driven program up [POSTN(+0.132), SERPINE1(+0.109), ANXA2(+0.104)]; z=26.6 vs permutation refits; bb-effect-atlas agreement cos=0.92","z_perm=26.6, composite=51.0, n=53, cos_bb_effect_atlas=0.919; null: label-permutation refits",,,none,51.0
ZSH-0051,pair_hypothesis,hypothesis_triage,C,zel024_hek293,bb0=BB_0078506578 & bb1=BB_4347926671,"bb0=BB_0078506578 & bb1=BB_4347926671: interaction-driven program up [HSPA1B(+0.066), PPIA(+0.058), SOX4(+0.056)]; z=33.5 vs permutation refits; bb-effect-atlas agreement cos=0.11","z_perm=33.5, composite=37.1, n=165, cos_bb_effect_atlas=0.109; null: label-permutation refits",,,none,37.1
ZSH-0052,pair_hypothesis,hypothesis_triage,C,zel039_aec7,bb0=BB_2371372935 & bb1=BB_9054028486,"bb0=BB_2371372935 & bb1=BB_9054028486: interaction-driven program up [POSTN(+0.074), HSP90AB1(+0.064), SERPINE1(+0.062)]; z=16.3 vs permutation refits; bb-effect-atlas agreement cos=0.83","z_perm=16.3, composite=29.9, n=53, cos_bb_effect_atlas=0.835; null: label-permutation refits",,,none,29.9
ZSH-0053,pair_hypothesis,hypothesis_triage,C,zel024_hek293,bb0=BB_1008886218 & bb1=BB_6474669253,"bb0=BB_1008886218 & bb1=BB_6474669253: interaction-driven program up [FP236383.3(+0.052), HSPA5(+0.043), EIF4A2(+0.042)]; z=14.3 vs permutation refits; bb-effect-atlas agreement cos=0.89","z_perm=14.3, composite=26.9, n=166, cos_bb_effect_atlas=0.887; null: label-permutation refits",,,none,26.9
ZSH-0054,pair_hypothesis,hypothesis_triage,C,zel024_hek293,bb0=BB_1174006333 & bb1=BB_6474669253,"bb0=BB_1174006333 & bb1=BB_6474669253: interaction-driven program up [SOX4(+0.045), HSPA1B(+0.040), JUN(+0.039)]; z=13.2 vs permutation refits; bb-effect-atlas agreement cos=0.84","z_perm=13.2, composite=24.4, n=166, cos_bb_effect_atlas=0.839; null: label-permutation refits",,,none,24.4
ZSH-0055,pair_hypothesis,hypothesis_triage,C,zel024_hek293,bb0=BB_7372899989 & bb1=BB_8873714086,"bb0=BB_7372899989 & bb1=BB_8873714086: interaction-driven program up [HSPA1B(+0.080), JUN(+0.055), DYNLL1(+0.053)]; z=12.6 vs permutation refits; bb-effect-atlas agreement cos=0.84","z_perm=12.6, composite=23.2, n=166, cos_bb_effect_atlas=0.841; null: label-permutation refits",,,none,23.2
ZSH-0056,pair_hypothesis,hypothesis_triage,C,zel024_hek293,bb0=BB_7372899989 & bb1=BB_6474669253,"bb0=BB_7372899989 & bb1=BB_6474669253: interaction-driven program up [XIST(+0.040), SNRPG(+0.035), HIST1H4C(+0.032)]; z=13.5 vs permutation refits; bb-effect-atlas agreement cos=0.68","z_perm=13.5, composite=22.7, n=166, cos_bb_effect_atlas=0.676; null: label-permutation refits",,,none,22.7
ZSH-0057,pair_hypothesis,hypothesis_triage,C,zel024_hek293,bb0=BB_2046017352 & bb1=BB_4347926671,"bb0=BB_2046017352 & bb1=BB_4347926671: interaction-driven program up [MT-CO2(+0.049), MT-CO3(+0.043), FTH1(+0.043)]; z=11.7 vs permutation refits; bb-effect-atlas agreement cos=0.85","z_perm=11.7, composite=21.7, n=166, cos_bb_effect_atlas=0.849; null: label-permutation refits",,,none,21.7
ZSH-0058,pair_hypothesis,hypothesis_triage,C,zel024_hek293,bb0=BB_4186593764 & bb1=BB_2686618432,"bb0=BB_4186593764 & bb1=BB_2686618432: interaction-driven program up [RPL5(+0.059), DDX5(+0.056), XBP1(+0.049)]; z=11.4 vs permutation refits; bb-effect-atlas agreement cos=0.88","z_perm=11.4, composite=21.3, n=166, cos_bb_effect_atlas=0.878; null: label-permutation refits",,,none,21.3
ZSH-0059,pair_hypothesis,hypothesis_triage,C,zel024_hek293,bb0=BB_4186593764 & bb1=BB_8873714086,"bb0=BB_4186593764 & bb1=BB_8873714086: interaction-driven program up [C1QBP(+0.020), ATP5F1C(+0.018), LARP6(+0.017)]; z=12.9 vs permutation refits; bb-effect-atlas agreement cos=0.64","z_perm=12.9, composite=21.2, n=166, cos_bb_effect_atlas=0.641; null: label-permutation refits",,,none,21.2
ZSH-0060,pair_hypothesis,hypothesis_triage,C,zel024_hek293,bb0=BB_0175183327 & bb1=BB_6601289516,"bb0=BB_0175183327 & bb1=BB_6601289516: interaction-driven program up [HSPA1B(+0.073), LDHA(+0.050), MARCKSL1(+0.046)]; z=11.1 vs permutation refits; bb-effect-atlas agreement cos=0.88","z_perm=11.1, composite=21.0, n=165, cos_bb_effect_atlas=0.884; null: label-permutation refits",,,none,21.0
ZSH-0061,pair_hypothesis,hypothesis_triage,C,zel024_hek293,bb0=BB_3511951537 & bb1=BB_9483475878,"bb0=BB_3511951537 & bb1=BB_9483475878: interaction-driven program up [HSPA1B(+0.066), HNRNPA2B1(+0.053), JUN(+0.051)]; z=10.4 vs permutation refits; bb-effect-atlas agreement cos=0.93","z_perm=10.4, composite=20.1, n=166, cos_bb_effect_atlas=0.926; null: label-permutation refits",,,none,20.1
ZSH-0062,pair_hypothesis,hypothesis_triage,C,zel024_hek293,bb0=BB_0326377388 & bb1=BB_8232087379,"bb0=BB_0326377388 & bb1=BB_8232087379: interaction-driven program up [MALAT1(+0.064), HSPA1B(+0.059), JUN(+0.058)]; z=10.6 vs permutation refits; bb-effect-atlas agreement cos=0.89","z_perm=10.6, composite=20.1, n=166, cos_bb_effect_atlas=0.892; null: label-permutation refits",,,none,20.1
ZSH-0063,pair_hypothesis,hypothesis_triage,C,zel039_aec7,bb0=BB_2315583918 & bb2=BB_2375121697,"bb0=BB_2315583918 & bb2=BB_2375121697: interaction-driven program up [HSP90AA1(+0.087), ZFAND2A(+0.084), DNAJB1(+0.069)]; z=10.2 vs permutation refits; bb-effect-atlas agreement cos=0.94","z_perm=10.2, composite=19.8, n=47, cos_bb_effect_atlas=0.936; null: label-permutation refits",,,none,19.8
ZSH-0064,pair_hypothesis,hypothesis_triage,C,zel024_hek293,bb2=BB_3472530680 & bb3=BB_8759755490,"bb2=BB_3472530680 & bb3=BB_8759755490: interaction-driven program up [DNAJB1(+0.034), HSPA1B(+0.033), HSPA8(+0.024)]; z=12.9 vs permutation refits; bb-effect-atlas agreement cos=0.53","z_perm=12.9, composite=19.7, n=84, cos_bb_effect_atlas=0.528; null: label-permutation refits",,,none,19.7
ZSH-0065,pair_hypothesis,hypothesis_triage,C,zel024_hek293,bb0=BB_3511951537 & bb1=BB_6601289516,"bb0=BB_3511951537 & bb1=BB_6601289516: interaction-driven program up [LINC00486(+0.066), GPX4(+0.036), RPS28(+0.032)]; z=9.0 vs permutation refits; bb-effect-atlas agreement cos=0.90","z_perm=9.0, composite=17.1, n=166, cos_bb_effect_atlas=0.904; null: label-permutation refits",,,none,17.1
ZSH-0066,pair_hypothesis,hypothesis_triage,C,zel024_hek293,bb0=BB_8772701107 & bb1=BB_8873714086,"bb0=BB_8772701107 & bb1=BB_8873714086: interaction-driven program up [MT-CO2(+0.044), MT-CO1(+0.038), SERBP1(+0.034)]; z=10.2 vs permutation refits; bb-effect-atlas agreement cos=0.69","z_perm=10.2, composite=17.1, n=166, cos_bb_effect_atlas=0.686; null: label-permutation refits",,,none,17.1
ZSH-0067,pair_hypothesis,hypothesis_triage,C,zel024_hek293,bb0=BB_8772701107 & bb1=BB_2686618432,"bb0=BB_8772701107 & bb1=BB_2686618432: interaction-driven program up [HSPA1B(+0.046), RPS12(+0.038), SOX4(+0.037)]; z=9.1 vs permutation refits; bb-effect-atlas agreement cos=0.87","z_perm=9.1, composite=16.9, n=166, cos_bb_effect_atlas=0.871; null: label-permutation refits",,,none,16.9
ZSH-0068,pair_hypothesis,hypothesis_triage,C,zel039_aec7,bb0=BB_2371372935 & bb1=BB_8930974984,"bb0=BB_2371372935 & bb1=BB_8930974984: interaction-driven program up [ANAPC11(+0.039), GNG11(+0.035), PCAT19(+0.034)]; z=9.5 vs permutation refits; bb-effect-atlas agreement cos=0.75","z_perm=9.5, composite=16.6, n=53, cos_bb_effect_atlas=0.749; null: label-permutation refits",,,none,16.6
ZSH-0069,pair_hypothesis,hypothesis_triage,C,zel024_hek293,bb0=BB_0326377388 & bb1=BB_8873714086,"bb0=BB_0326377388 & bb1=BB_8873714086: interaction-driven program up [HIST1H4C(+0.058), RHOB(+0.053), SOX4(+0.048)]; z=8.8 vs permutation refits; bb-effect-atlas agreement cos=0.85","z_perm=8.8, composite=16.3, n=164, cos_bb_effect_atlas=0.845; null: label-permutation refits",,,none,16.3
ZSH-0070,pair_hypothesis,hypothesis_triage,C,zel024_hek293,bb0=BB_1008886218 & bb1=BB_2686618432,"bb0=BB_1008886218 & bb1=BB_2686618432: interaction-driven program up [PDIA6(+0.038), PDIA4(+0.034), GNL3(+0.031)]; z=9.1 vs permutation refits; bb-effect-atlas agreement cos=0.78","z_perm=9.1, composite=16.2, n=166, cos_bb_effect_atlas=0.783; null: label-permutation refits",,,none,16.2
ZSH-0071,pair_hypothesis,hypothesis_triage,C,zel024_hek293,bb0=BB_7372899989 & bb1=BB_2686618432,"bb0=BB_7372899989 & bb1=BB_2686618432: interaction-driven program up [RPL35A(+0.048), HSPA1B(+0.044), HIST1H4C(+0.036)]; z=8.6 vs permutation refits; bb-effect-atlas agreement cos=0.82","z_perm=8.6, composite=15.7, n=166, cos_bb_effect_atlas=0.823; null: label-permutation refits",,,none,15.7
ZSH-0072,pair_hypothesis,hypothesis_triage,C,zel024_hek293,bb0=BB_4932061249 & bb1=BB_9483475878,"bb0=BB_4932061249 & bb1=BB_9483475878: interaction-driven program up [HSPA1B(+0.036), RPL30(+0.035), ATP5MD(+0.033)]; z=8.6 vs permutation refits; bb-effect-atlas agreement cos=0.81","z_perm=8.6, composite=15.5, n=166, cos_bb_effect_atlas=0.813; null: label-permutation refits",,,none,15.5
ZSH-0073,pair_hypothesis,hypothesis_triage,C,zel024_hek293,bb2=BB_3472530680 & bb3=BB_9407612552,"bb2=BB_3472530680 & bb3=BB_9407612552: interaction-driven program up [HSPA1B(+0.045), JUN(+0.044), DNAJB1(+0.032)]; z=8.7 vs permutation refits; bb-effect-atlas agreement cos=0.73","z_perm=8.7, composite=15.0, n=84, cos_bb_effect_atlas=0.725; null: label-permutation refits",,,none,15.0
ZSH-0074,pair_hypothesis,hypothesis_triage,C,zel039_aec7,bb0=BB_2085420374 & bb1=BB_7526096666,"bb0=BB_2085420374 & bb1=BB_7526096666: interaction-driven program up [PRNP(+0.045), UCHL1(+0.040), GAPDH(+0.036)]; z=9.4 vs permutation refits; bb-effect-atlas agreement cos=0.56","z_perm=9.4, composite=14.7, n=53, cos_bb_effect_atlas=0.559; null: label-permutation refits",,,none,14.7
ZSH-0075,pair_hypothesis,hypothesis_triage,C,zel024_hek293,bb0=BB_3511951537 & bb1=BB_4347926671,"bb0=BB_3511951537 & bb1=BB_4347926671: interaction-driven program up [SRSF11(+0.046), MT-CO3(+0.042), DDX5(+0.042)]; z=8.6 vs permutation refits; bb-effect-atlas agreement cos=0.68","z_perm=8.6, composite=14.6, n=166, cos_bb_effect_atlas=0.684; null: label-permutation refits",,,none,14.6
ZSH-0076,pair_hypothesis,hypothesis_triage,C,zel024_hek293,bb2=BB_3472530680 & bb3=BB_7552836976,"bb2=BB_3472530680 & bb3=BB_7552836976: interaction-driven program up [MT-CO3(+0.019), TMBIM6(+0.018), C1orf43(+0.016)]; z=8.6 vs permutation refits; bb-effect-atlas agreement cos=0.67","z_perm=8.6, composite=14.4, n=84, cos_bb_effect_atlas=0.67; null: label-permutation refits",,,none,14.4
ZSH-0077,pair_hypothesis,hypothesis_triage,C,zel028_hek293,bb1=BB_4429999241 & bb3=BB_3556786606,"bb1=BB_4429999241 & bb3=BB_3556786606: interaction-driven program up [PMAIP1(+0.011), CIB1(+0.011), SRP9(+0.010)]; z=6.9 vs permutation refits; bb-effect-atlas agreement cos=0.95","z_perm=6.9, composite=13.4, n=23, cos_bb_effect_atlas=0.953; null: label-permutation refits",,,singleton,13.4
ZSH-0078,pair_hypothesis,hypothesis_triage,C,zel039_aec7,bb0=BB_2085420374 & bb1=BB_9727029708,"bb0=BB_2085420374 & bb1=BB_9727029708: interaction-driven program up [PRNP(+0.050), INSIG1(+0.041), DBI(+0.040)]; z=8.3 vs permutation refits; bb-effect-atlas agreement cos=0.59","z_perm=8.3, composite=13.1, n=53, cos_bb_effect_atlas=0.585; null: label-permutation refits",,,none,13.1
ZSH-0079,pair_hypothesis,hypothesis_triage,C,zel028_hek293,bb3=BB_9640248643 & bb4=BB_9169702177,"bb3=BB_9640248643 & bb4=BB_9169702177: interaction-driven program up [SDHD(+0.011), FBXO5(+0.011), PSMD8(+0.010)]; z=6.6 vs permutation refits; bb-effect-atlas agreement cos=0.95","z_perm=6.6, composite=12.8, n=20, cos_bb_effect_atlas=0.949; null: label-permutation refits",,,singleton,12.8
ZSH-0080,pair_hypothesis,hypothesis_triage,C,zel039_aec7,bb0=BB_2371372935 & bb1=BB_0164651813,"bb0=BB_2371372935 & bb1=BB_0164651813: interaction-driven program up [INSIG1(+0.030), ECSCR(+0.029), CLDN5(+0.029)]; z=6.7 vs permutation refits; bb-effect-atlas agreement cos=0.84","z_perm=6.7, composite=12.3, n=53, cos_bb_effect_atlas=0.838; null: label-permutation refits",,,none,12.3
ZSH-0081,pair_hypothesis,hypothesis_triage,C,zel028_hek293,bb1=BB_5033587669 & bb3=BB_7152472956,"bb1=BB_5033587669 & bb3=BB_7152472956: interaction-driven program up [CCNC(+0.010), MAPKAPK5-AS1(+0.010), GARS(+0.009)]; z=6.0 vs permutation refits; bb-effect-atlas agreement cos=0.96","z_perm=6.0, composite=11.8, n=22, cos_bb_effect_atlas=0.965; null: label-permutation refits",,,singleton,11.8
ZSH-0082,pair_hypothesis,hypothesis_triage,C,zel039_aec7,bb0=BB_2371372935 & bb1=BB_9630095191,"bb0=BB_2371372935 & bb1=BB_9630095191: interaction-driven program up [SERPINE1(+0.044), KLF6(+0.040), IGFBP1(+0.039)]; z=6.3 vs permutation refits; bb-effect-atlas agreement cos=0.86","z_perm=6.3, composite=11.7, n=53, cos_bb_effect_atlas=0.856; null: label-permutation refits",,,none,11.7
ZSH-0083,pair_hypothesis,hypothesis_triage,C,zel039_aec7,bb0=BB_1722497045 & bb1=BB_1748751977,"bb0=BB_1722497045 & bb1=BB_1748751977: interaction-driven program up [YBX1(+0.040), DDX10(+0.040), TMED2(+0.035)]; z=5.7 vs permutation refits; bb-effect-atlas agreement cos=0.86","z_perm=5.7, composite=10.6, n=53, cos_bb_effect_atlas=0.859; null: label-permutation refits",,,none,10.6
ZSH-0084,pair_hypothesis,hypothesis_triage,C,zel039_aec7,bb0=BB_8506073726 & bb1=BB_1599289689,"bb0=BB_8506073726 & bb1=BB_1599289689: interaction-driven program up [TXNRD1(+0.041), GLRX(+0.034), SLC35F1(+0.028)]; z=6.0 vs permutation refits; bb-effect-atlas agreement cos=0.76","z_perm=6.0, composite=10.6, n=53, cos_bb_effect_atlas=0.761; null: label-permutation refits",,,none,10.6
ZSH-0085,pair_hypothesis,hypothesis_triage,C,zel028_a549,bb1=BB_7041857889 & bb4=BB_3795298929,"bb1=BB_7041857889 & bb4=BB_3795298929: interaction-driven program up [MT-CO1(+0.013), CANX(+0.012), AKR1B10(+0.011)]; z=5.3 vs permutation refits; bb-effect-atlas agreement cos=0.95","z_perm=5.3, composite=10.4, n=21, cos_bb_effect_atlas=0.953; null: label-permutation refits",,,singleton,10.4
ZSH-0086,pair_hypothesis,hypothesis_triage,C,zel028_hek293,bb1=BB_0965953915 & bb3=BB_6163126056,"bb1=BB_0965953915 & bb3=BB_6163126056: interaction-driven program up [HNRNPK(+0.010), MRPL52(+0.010), MRPL42(+0.009)]; z=5.3 vs permutation refits; bb-effect-atlas agreement cos=0.95","z_perm=5.3, composite=10.3, n=23, cos_bb_effect_atlas=0.949; null: label-permutation refits",,,singleton,10.3
ZSH-0087,pair_hypothesis,hypothesis_triage,C,zel028_hek293,bb1=BB_4437896146 & bb4=BB_6567642687,"bb1=BB_4437896146 & bb4=BB_6567642687: interaction-driven program up [PDCD10(+0.010), RPN2(+0.009), HDAC2(+0.009)]; z=5.3 vs permutation refits; bb-effect-atlas agreement cos=0.95","z_perm=5.3, composite=10.3, n=24, cos_bb_effect_atlas=0.954; null: label-permutation refits",,,singleton,10.3
ZSH-0088,pair_hypothesis,hypothesis_triage,C,zel039_aec7,bb0=BB_6699958170 & bb1=BB_8930974984,"bb0=BB_6699958170 & bb1=BB_8930974984: interaction-driven program up [C12orf57(+0.040), SNHG6(+0.037), TCEAL4(+0.036)]; z=5.5 vs permutation refits; bb-effect-atlas agreement cos=0.82","z_perm=5.5, composite=10.0, n=53, cos_bb_effect_atlas=0.819; null: label-permutation refits",,,none,10.0
ZSH-0089,pair_hypothesis,hypothesis_triage,C,zel028_hek293,bb1=BB_0965953915 & bb4=BB_5438514157,"bb1=BB_0965953915 & bb4=BB_5438514157: interaction-driven program up [MRPS21(+0.011), LSM7(+0.009), C12orf45(+0.009)]; z=5.1 vs permutation refits; bb-effect-atlas agreement cos=0.96","z_perm=5.1, composite=10.0, n=24, cos_bb_effect_atlas=0.96; null: label-permutation refits",,,singleton,10.0
ZSH-0090,pair_hypothesis,hypothesis_triage,C,zel039_aec7,bb0=BB_2085420374 & bb1=BB_9054028486,"bb0=BB_2085420374 & bb1=BB_9054028486: interaction-driven program up [HINT1(+0.037), UQCRQ(+0.036), TXN(+0.031)]; z=7.0 vs permutation refits; bb-effect-atlas agreement cos=0.42","z_perm=7.0, composite=9.9, n=52, cos_bb_effect_atlas=0.42; null: label-permutation refits",,,none,9.9
ZSH-0091,pair_hypothesis,hypothesis_triage,C,zel028_hek293,bb3=BB_7882633117 & bb4=BB_8715425380,"bb3=BB_7882633117 & bb4=BB_8715425380: interaction-driven program up [HNRNPK(+0.013), SEC63(+0.013), NAA50(+0.012)]; z=4.8 vs permutation refits; bb-effect-atlas agreement cos=0.97","z_perm=4.8, composite=9.4, n=24, cos_bb_effect_atlas=0.968; null: label-permutation refits",,,singleton,9.4
ZSH-0092,pair_hypothesis,hypothesis_triage,C,zel039_aec7,bb0=BB_2315583918 & bb1=BB_4348936015,"bb0=BB_2315583918 & bb1=BB_4348936015: interaction-driven program up [ZFAND2A(+0.049), CXCL8(+0.044), HSP90AA1(+0.040)]; z=5.1 vs permutation refits; bb-effect-atlas agreement cos=0.83","z_perm=5.1, composite=9.2, n=53, cos_bb_effect_atlas=0.826; null: label-permutation refits",,,none,9.2
ZSH-0093,pair_hypothesis,hypothesis_triage,C,zel039_aec7,bb0=BB_2315583918 & bb1=BB_1748751977,"bb0=BB_2315583918 & bb1=BB_1748751977: interaction-driven program up [CXCL8(+0.046), HNRNPDL(+0.042), GARS1(+0.037)]; z=4.8 vs permutation refits; bb-effect-atlas agreement cos=0.87","z_perm=4.8, composite=8.9, n=52, cos_bb_effect_atlas=0.868; null: label-permutation refits",,,none,8.9
ZSH-0094,pair_hypothesis,hypothesis_triage,C,zel028_a549,bb1=BB_2020345630 & bb4=BB_5415608208,"bb1=BB_2020345630 & bb4=BB_5415608208: interaction-driven program up [TOP2A(+0.012), EREG(+0.011), AKAP12(+0.011)]; z=8.8 vs permutation refits","z_perm=8.8, composite=8.8, n=17, cos_bb_effect_atlas=nan; null: label-permutation refits",,,singleton,8.8
ZSH-0095,pair_hypothesis,hypothesis_triage,C,zel039_aec7,bb0=BB_0302650651 & bb1=BB_1748751977,"bb0=BB_0302650651 & bb1=BB_1748751977: interaction-driven program up [RPS7(+0.032), CTSL(+0.030), CLDN5(+0.027)]; z=5.1 vs permutation refits; bb-effect-atlas agreement cos=0.71","z_perm=5.1, composite=8.7, n=53, cos_bb_effect_atlas=0.709; null: label-permutation refits",,,none,8.7
ZSH-0096,pair_hypothesis,hypothesis_triage,C,zel028_hek293,bb1=BB_4374065767 & bb3=BB_0068057945,"bb1=BB_4374065767 & bb3=BB_0068057945: interaction-driven program up [HNRNPA2B1(+0.012), QARS(+0.011), ATF3(+0.011)]; z=4.4 vs permutation refits; bb-effect-atlas agreement cos=0.97","z_perm=4.4, composite=8.6, n=25, cos_bb_effect_atlas=0.974; null: label-permutation refits",,,singleton,8.6
ZSH-0097,pair_hypothesis,hypothesis_triage,C,zel039_aec7,bb0=BB_2371372935 & bb2=BB_7648032248,"bb0=BB_2371372935 & bb2=BB_7648032248: interaction-driven program up [IGFBP1(+0.036), POSTN(+0.035), ATP6V0B(+0.031)]; z=4.7 vs permutation refits; bb-effect-atlas agreement cos=0.82","z_perm=4.7, composite=8.5, n=49, cos_bb_effect_atlas=0.817; null: label-permutation refits",,,none,8.5
ZSH-0098,pair_hypothesis,hypothesis_triage,C,zel039_aec7,bb0=BB_2085420374 & bb1=BB_8930974984,"bb0=BB_2085420374 & bb1=BB_8930974984: interaction-driven program up [DNAJB1(+0.047), HSPH1(+0.043), SLC3A2(+0.042)]; z=4.8 vs permutation refits; bb-effect-atlas agreement cos=0.77","z_perm=4.8, composite=8.5, n=53, cos_bb_effect_atlas=0.771; null: label-permutation refits",,,none,8.5
ZSH-0099,pair_hypothesis,hypothesis_triage,C,zel039_aec7,bb0=BB_2315583918 & bb1=BB_8930974984,"bb0=BB_2315583918 & bb1=BB_8930974984: interaction-driven program up [POSTN(+0.039), ATRAID(+0.036), SPARC(+0.035)]; z=4.4 vs permutation refits; bb-effect-atlas agreement cos=0.88","z_perm=4.4, composite=8.3, n=53, cos_bb_effect_atlas=0.875; null: label-permutation refits",,,none,8.3
ZSH-0100,pair_hypothesis,hypothesis_triage,C,zel039_aec7,bb0=BB_8506073726 & bb1=BB_9054028486,"bb0=BB_8506073726 & bb1=BB_9054028486: interaction-driven program up [TMA7(+0.033), CD9(+0.030), FKBP1A(+0.030)]; z=5.2 vs permutation refits; bb-effect-atlas agreement cos=0.60","z_perm=5.2, composite=8.3, n=52, cos_bb_effect_atlas=0.602; null: label-permutation refits",,,none,8.3
ZSH-0101,pair_hypothesis,hypothesis_triage,C,zel028_hek293,bb1=BB_1998211288 & bb4=BB_8135509566,"bb1=BB_1998211288 & bb4=BB_8135509566: interaction-driven program up [SAT1(+0.010), NDUFA12(+0.010), XRCC1(+0.009)]; z=4.1 vs permutation refits; bb-effect-atlas agreement cos=0.96","z_perm=4.1, composite=8.1, n=20, cos_bb_effect_atlas=0.962; null: label-permutation refits",,,singleton,8.1
ZSH-0102,pair_hypothesis,hypothesis_triage,C,zel039_aec7,bb0=BB_2371372935 & bb1=BB_4739038994,"bb0=BB_2371372935 & bb1=BB_4739038994: interaction-driven program up [IGFBP1(+0.054), C16orf95(+0.041), PRSS23(+0.039)]; z=4.4 vs permutation refits; bb-effect-atlas agreement cos=0.81","z_perm=4.4, composite=8.0, n=53, cos_bb_effect_atlas=0.813; null: label-permutation refits",,,none,8.0
ZSH-0103,pair_hypothesis,hypothesis_triage,C,zel039_aec7,bb0=BB_0995925376 & bb1=BB_1748751977,"bb0=BB_0995925376 & bb1=BB_1748751977: interaction-driven program up [OST4(+0.030), RPL23(+0.029), MRPL57(+0.025)]; z=4.8 vs permutation refits; bb-effect-atlas agreement cos=0.66","z_perm=4.8, composite=8.0, n=50, cos_bb_effect_atlas=0.657; null: label-permutation refits",,,none,8.0
ZSH-0104,pair_hypothesis,hypothesis_triage,C,zel028_hek293,bb1=BB_3258452724 & bb4=BB_9559837296,"bb1=BB_3258452724 & bb4=BB_9559837296: interaction-driven program up [PMAIP1(+0.012), CENPM(+0.012), TAF1D(+0.012)]; z=4.0 vs permutation refits; bb-effect-atlas agreement cos=0.97","z_perm=4.0, composite=7.9, n=24, cos_bb_effect_atlas=0.972; null: label-permutation refits",,,singleton,7.9
ZSH-0105,pair_hypothesis,hypothesis_triage,C,zel028_hek293,bb1=BB_4811208063 & bb4=BB_1685533675,"bb1=BB_4811208063 & bb4=BB_1685533675: interaction-driven program up [EEF1D(+0.012), FHL1(+0.010), QARS(+0.010)]; z=7.9 vs permutation refits","z_perm=7.9, composite=7.9, n=19, cos_bb_effect_atlas=nan; null: label-permutation refits",,,singleton,7.9
ZSH-0106,pair_hypothesis,hypothesis_triage,C,zel028_a549,bb1=BB_5033587669 & bb3=BB_6331799083,"bb1=BB_5033587669 & bb3=BB_6331799083: interaction-driven program up [AOPEP(+0.013), SELENOF(+0.011), TM4SF20(+0.010)]; z=4.0 vs permutation refits; bb-effect-atlas agreement cos=0.93","z_perm=4.0, composite=7.8, n=22, cos_bb_effect_atlas=0.933; null: label-permutation refits",,,singleton,7.8
ZSH-0107,pair_hypothesis,hypothesis_triage,C,zel039_aec7,bb0=BB_2085420374 & bb1=BB_2324141034,"bb0=BB_2085420374 & bb1=BB_2324141034: interaction-driven program up [PRNP(+0.050), GPX3(+0.026), MIR22HG(+0.026)]; z=5.1 vs permutation refits; bb-effect-atlas agreement cos=0.53","z_perm=5.1, composite=7.7, n=52, cos_bb_effect_atlas=0.525; null: label-permutation refits",,,none,7.7
ZSH-0108,pair_hypothesis,hypothesis_triage,C,zel028_a549,bb1=BB_4350180461 & bb4=BB_4488462111,"bb1=BB_4350180461 & bb4=BB_4488462111: interaction-driven program up [CYB5B(+0.014), PSMA1(+0.012), TM4SF20(+0.012)]; z=4.0 vs permutation refits; bb-effect-atlas agreement cos=0.93","z_perm=4.0, composite=7.7, n=24, cos_bb_effect_atlas=0.933; null: label-permutation refits",,,singleton,7.7
ZSH-0109,pair_hypothesis,hypothesis_triage,C,zel028_hek293,bb3=BB_4297446030 & bb4=BB_8715425380,"bb3=BB_4297446030 & bb4=BB_8715425380: interaction-driven program up [RPN1(+0.011), HNRNPM(+0.011), PPIE(+0.011)]; z=3.9 vs permutation refits; bb-effect-atlas agreement cos=0.95","z_perm=3.9, composite=7.7, n=21, cos_bb_effect_atlas=0.947; null: label-permutation refits",,,singleton,7.7
ZSH-0110,pair_hypothesis,hypothesis_triage,C,zel039_aec7,bb0=BB_2085420374 & bb1=BB_4739038994,"bb0=BB_2085420374 & bb1=BB_4739038994: interaction-driven program up [HSPA6(+0.040), CHORDC1(+0.033), CCT4(+0.033)]; z=4.5 vs permutation refits; bb-effect-atlas agreement cos=0.69","z_perm=4.5, composite=7.6, n=53, cos_bb_effect_atlas=0.694; null: label-permutation refits",,,none,7.6
ZSH-0111,pair_hypothesis,hypothesis_triage,C,zel028_hek293,bb3=BB_0411171276 & bb4=BB_0657779575,"bb3=BB_0411171276 & bb4=BB_0657779575: interaction-driven program up [SLIRP(+0.011), METTL5(+0.010), CBR1(+0.010)]; z=3.9 vs permutation refits; bb-effect-atlas agreement cos=0.96","z_perm=3.9, composite=7.6, n=22, cos_bb_effect_atlas=0.964; null: label-permutation refits",,,singleton,7.6
ZSH-0112,pair_hypothesis,hypothesis_triage,C,zel039_aec7,bb0=BB_3825147739 & bb1=BB_1599289689,"bb0=BB_3825147739 & bb1=BB_1599289689: interaction-driven program up [MMP1(+0.044), VAT1(+0.035), NORAD(+0.031)]; z=4.1 vs permutation refits; bb-effect-atlas agreement cos=0.85","z_perm=4.1, composite=7.5, n=52, cos_bb_effect_atlas=0.848; null: label-permutation refits",,,none,7.5
ZSH-0113,pair_hypothesis,hypothesis_triage,C,zel028_a549,bb1=BB_1290459741 & bb3=BB_6163126056,"bb1=BB_1290459741 & bb3=BB_6163126056: interaction-driven program up [PLPP5(+0.013), ABCC3(+0.012), NT5C3B(+0.012)]; z=3.8 vs permutation refits; bb-effect-atlas agreement cos=0.94","z_perm=3.8, composite=7.4, n=23, cos_bb_effect_atlas=0.945; null: label-permutation refits",,,singleton,7.4
ZSH-0114,pair_hypothesis,hypothesis_triage,C,zel039_aec7,bb0=BB_2315583918 & bb1=BB_4739038994,"bb0=BB_2315583918 & bb1=BB_4739038994: interaction-driven program up [HSP90AA1(+0.051), ANXA1(+0.039), SUMO2(+0.039)]; z=4.0 vs permutation refits; bb-effect-atlas agreement cos=0.81","z_perm=4.0, composite=7.3, n=52, cos_bb_effect_atlas=0.811; null: label-permutation refits",,,none,7.3
ZSH-0115,pair_hypothesis,hypothesis_triage,C,zel039_aec7,bb0=BB_6699958170 & bb2=BB_7648032248,"bb0=BB_6699958170 & bb2=BB_7648032248: interaction-driven program up [SLC25A3(+0.026), EIF1B(+0.026), UBE2D3(+0.025)]; z=4.1 vs permutation refits; bb-effect-atlas agreement cos=0.77","z_perm=4.1, composite=7.3, n=47, cos_bb_effect_atlas=0.77; null: label-permutation refits",,,none,7.3
ZSH-0116,pair_hypothesis,hypothesis_triage,C,zel028_a549,bb1=BB_3554179083 & bb3=BB_8713766777,"bb1=BB_3554179083 & bb3=BB_8713766777: interaction-driven program up [NR0B1(+0.013), MT-CO2(+0.012), AP1M2(+0.012)]; z=3.7 vs permutation refits; bb-effect-atlas agreement cos=0.95","z_perm=3.7, composite=7.3, n=25, cos_bb_effect_atlas=0.949; null: label-permutation refits",,,singleton,7.3
ZSH-0117,pair_hypothesis,hypothesis_triage,C,zel028_hek293,bb1=BB_6413431763 & bb4=BB_9559837296,"bb1=BB_6413431763 & bb4=BB_9559837296: interaction-driven program up [UQCRFS1(+0.011), FKBP3(+0.010), DPH3(+0.010)]; z=3.7 vs permutation refits; bb-effect-atlas agreement cos=0.97","z_perm=3.7, composite=7.3, n=23, cos_bb_effect_atlas=0.969; null: label-permutation refits",,,singleton,7.3
ZSH-0118,pair_hypothesis,hypothesis_triage,C,zel028_hek293,bb1=BB_3554179083 & bb4=BB_2842970343,"bb1=BB_3554179083 & bb4=BB_2842970343: interaction-driven program up [GRSF1(+0.011), HADHA(+0.010), DDIT3(+0.009)]; z=3.6 vs permutation refits; bb-effect-atlas agreement cos=0.95","z_perm=3.6, composite=7.0, n=29, cos_bb_effect_atlas=0.947; null: label-permutation refits",,,singleton,7.0
ZSH-0119,pair_hypothesis,hypothesis_triage,C,zel028_hek293,bb3=BB_8026381149 & bb4=BB_3406231744,"bb3=BB_8026381149 & bb4=BB_3406231744: interaction-driven program up [MRPL42(+0.012), NDUFS4(+0.012), GNAS(+0.012)]; z=3.5 vs permutation refits; bb-effect-atlas agreement cos=0.93","z_perm=3.5, composite=6.8, n=21, cos_bb_effect_atlas=0.926; null: label-permutation refits",,,singleton,6.8
ZSH-0120,pair_hypothesis,hypothesis_triage,C,zel028_a549,bb1=BB_8290305979 & bb4=BB_3406231744,"bb1=BB_8290305979 & bb4=BB_3406231744: interaction-driven program up [ALDH3A2(+0.012), TFPI2(+0.012), PRSS23(+0.010)]; z=6.6 vs permutation refits","z_perm=6.6, composite=6.6, n=14, cos_bb_effect_atlas=nan; null: label-permutation refits",,,singleton,6.6
ZSH-0121,pair_hypothesis,hypothesis_triage,C,zel028_a549,bb1=BB_6317837957 & bb4=BB_9559837296,"bb1=BB_6317837957 & bb4=BB_9559837296: interaction-driven program up [CCT7(+0.013), PTRHD1(+0.013), HNRNPA2B1(+0.013)]; z=3.4 vs permutation refits; bb-effect-atlas agreement cos=0.95","z_perm=3.4, composite=6.6, n=23, cos_bb_effect_atlas=0.95; null: label-permutation refits",,,singleton,6.6
ZSH-0122,pair_hypothesis,hypothesis_triage,C,zel028_a549,bb1=BB_3343167099 & bb4=BB_9834567321,"bb1=BB_3343167099 & bb4=BB_9834567321: interaction-driven program up [NTS(+0.022), HILPDA(+0.015), C1QBP(+0.013)]; z=3.4 vs permutation refits; bb-effect-atlas agreement cos=0.92","z_perm=3.4, composite=6.5, n=20, cos_bb_effect_atlas=0.924; null: label-permutation refits",,,singleton,6.5
ZSH-0123,pair_hypothesis,hypothesis_triage,C,zel028_a549,bb1=BB_7665146157 & bb4=BB_6167857113,"bb1=BB_7665146157 & bb4=BB_6167857113: interaction-driven program up [CCT3(+0.017), ACTN1(+0.011), USP9X(+0.011)]; z=3.3 vs permutation refits; bb-effect-atlas agreement cos=0.95","z_perm=3.3, composite=6.5, n=23, cos_bb_effect_atlas=0.952; null: label-permutation refits",,,singleton,6.5
ZSH-0124,pair_hypothesis,hypothesis_triage,C,zel028_hek293,bb1=BB_6290953361 & bb4=BB_4156651179,"bb1=BB_6290953361 & bb4=BB_4156651179: interaction-driven program up [NTPCR(+0.012), LDHC(+0.011), MT-CO1(+0.011)]; z=3.3 vs permutation refits; bb-effect-atlas agreement cos=0.97","z_perm=3.3, composite=6.5, n=20, cos_bb_effect_atlas=0.973; null: label-permutation refits",,,singleton,6.5
ZSH-0125,pair_hypothesis,hypothesis_triage,C,zel028_hek293,bb1=BB_6317837957 & bb4=BB_4156651179,"bb1=BB_6317837957 & bb4=BB_4156651179: interaction-driven program up [PCNP(+0.012), CHURC1(+0.010), LAMTOR3(+0.010)]; z=3.3 vs permutation refits; bb-effect-atlas agreement cos=0.97","z_perm=3.3, composite=6.5, n=21, cos_bb_effect_atlas=0.968; null: label-permutation refits",,,singleton,6.5
ZSH-0126,pair_hypothesis,hypothesis_triage,C,zel028_hek293,bb1=BB_4944521105 & bb4=BB_5797976733,"bb1=BB_4944521105 & bb4=BB_5797976733: interaction-driven program up [EIF3G(+0.011), NDUFB1(+0.010), SERBP1(+0.009)]; z=3.3 vs permutation refits; bb-effect-atlas agreement cos=0.96","z_perm=3.3, composite=6.5, n=22, cos_bb_effect_atlas=0.959; null: label-permutation refits",,,singleton,6.5
ZSH-0127,pair_hypothesis,hypothesis_triage,C,zel028_hek293,bb1=BB_3993285124 & bb3=BB_7837625215,"bb1=BB_3993285124 & bb3=BB_7837625215: interaction-driven program up [SRSF7(+0.008), ATP1B3(+0.007), IMP3(+0.007)]; z=6.5 vs permutation refits","z_perm=6.5, composite=6.5, n=12, cos_bb_effect_atlas=nan; null: label-permutation refits",,,singleton,6.5
ZSH-0128,pair_hypothesis,hypothesis_triage,C,zel028_hek293,bb1=BB_2725291112 & bb4=BB_9169702177,"bb1=BB_2725291112 & bb4=BB_9169702177: interaction-driven program up [EWSR1(+0.014), SMC4(+0.013), PSMA7(+0.013)]; z=3.3 vs permutation refits; bb-effect-atlas agreement cos=0.95","z_perm=3.3, composite=6.4, n=26, cos_bb_effect_atlas=0.952; null: label-permutation refits",,,singleton,6.4
ZSH-0129,pair_hypothesis,hypothesis_triage,C,zel028_hek293,bb3=BB_8943054758 & bb4=BB_3460962441,"bb3=BB_8943054758 & bb4=BB_3460962441: interaction-driven program up [DEK(+0.010), MRPL17(+0.008), PFN1(+0.008)]; z=6.4 vs permutation refits","z_perm=6.4, composite=6.4, n=12, cos_bb_effect_atlas=nan; null: label-permutation refits",,,singleton,6.4
ZSH-0130,pair_hypothesis,hypothesis_triage,C,zel028_hek293,bb3=BB_7152472956 & bb4=BB_9169702177,"bb3=BB_7152472956 & bb4=BB_9169702177: interaction-driven program up [HSP90B1(+0.013), MTHFD1L(+0.011), IP6K2(+0.010)]; z=3.3 vs permutation refits; bb-effect-atlas agreement cos=0.93","z_perm=3.3, composite=6.4, n=23, cos_bb_effect_atlas=0.928; null: label-permutation refits",,,singleton,6.4
ZSH-0131,pair_hypothesis,hypothesis_triage,C,zel028_a549,bb1=BB_3993285124 & bb4=BB_9169702177,"bb1=BB_3993285124 & bb4=BB_9169702177: interaction-driven program up [AKR1B10(+0.017), LINC00486(+0.016), MRPS12(+0.016)]; z=3.3 vs permutation refits; bb-effect-atlas agreement cos=0.92","z_perm=3.3, composite=6.3, n=27, cos_bb_effect_atlas=0.916; null: label-permutation refits",,,singleton,6.3
ZSH-0132,pair_hypothesis,hypothesis_triage,C,zel028_hek293,bb1=BB_1906808333 & bb3=BB_9724540281,"bb1=BB_1906808333 & bb3=BB_9724540281: interaction-driven program up [PSMA5(+0.012), ACAT2(+0.011), THYN1(+0.010)]; z=3.2 vs permutation refits; bb-effect-atlas agreement cos=0.97","z_perm=3.2, composite=6.3, n=20, cos_bb_effect_atlas=0.969; null: label-permutation refits",,,singleton,6.3
ZSH-0133,pair_hypothesis,hypothesis_triage,C,zel028_a549,bb1=BB_6413431763 & bb3=BB_7217307185,"bb1=BB_6413431763 & bb3=BB_7217307185: interaction-driven program up [HSPA5(+0.013), ETFA(+0.010), RAB10(+0.010)]; z=3.2 vs permutation refits; bb-effect-atlas agreement cos=0.92","z_perm=3.2, composite=6.2, n=20, cos_bb_effect_atlas=0.922; null: label-permutation refits",,,singleton,6.2
ZSH-0134,pair_hypothesis,hypothesis_triage,C,zel028_hek293,bb1=BB_5033587669 & bb4=BB_2497342366,"bb1=BB_5033587669 & bb4=BB_2497342366: interaction-driven program up [NDUFA8(+0.013), UQCRQ(+0.012), EIF4A2(+0.011)]; z=3.2 vs permutation refits; bb-effect-atlas agreement cos=0.97","z_perm=3.2, composite=6.2, n=21, cos_bb_effect_atlas=0.966; null: label-permutation refits",,,singleton,6.2
ZSH-0135,pair_hypothesis,hypothesis_triage,C,zel028_hek293,bb1=BB_8805984381 & bb4=BB_4501961276,"bb1=BB_8805984381 & bb4=BB_4501961276: interaction-driven program up [ATP5MC1(+0.014), UXT(+0.012), SUCLG1(+0.011)]; z=3.4 vs permutation refits; bb-effect-atlas agreement cos=0.84","z_perm=3.4, composite=6.2, n=28, cos_bb_effect_atlas=0.84; null: label-permutation refits",,,singleton,6.2
ZSH-0136,pair_hypothesis,hypothesis_triage,C,zel028_hek293,bb3=BB_3556786606 & bb4=BB_0923458751,"bb3=BB_3556786606 & bb4=BB_0923458751: interaction-driven program up [SAT1(+0.012), MORF4L1(+0.011), NOP53(+0.011)]; z=3.2 vs permutation refits; bb-effect-atlas agreement cos=0.96","z_perm=3.2, composite=6.2, n=23, cos_bb_effect_atlas=0.96; null: label-permutation refits",,,singleton,6.2
ZSH-0137,pair_hypothesis,hypothesis_triage,C,zel028_a549,bb1=BB_3343167099 & bb3=BB_6776932943,"bb1=BB_3343167099 & bb3=BB_6776932943: interaction-driven program up [EIF3E(+0.012), TM4SF20(+0.011), STOML2(+0.011)]; z=6.0 vs permutation refits","z_perm=6.0, composite=6.0, n=17, cos_bb_effect_atlas=nan; null: label-permutation refits",,,singleton,6.0
ZSH-0138,pair_hypothesis,hypothesis_triage,C,zel028_hek293,bb1=BB_3554179083 & bb3=BB_8943054758,"bb1=BB_3554179083 & bb3=BB_8943054758: interaction-driven program up [AK2(+0.010), GGCT(+0.010), EIF5B(+0.010)]; z=3.0 vs permutation refits; bb-effect-atlas agreement cos=0.96","z_perm=3.0, composite=5.9, n=22, cos_bb_effect_atlas=0.958; null: label-permutation refits",,,singleton,5.9
ZSH-0139,pair_hypothesis,hypothesis_triage,C,zel028_hek293,bb3=BB_5693738549 & bb4=BB_9151637064,"bb3=BB_5693738549 & bb4=BB_9151637064: interaction-driven program up [NDUFA2(+0.011), RWDD1(+0.009), EPB41L4A-AS1(+0.009)]; z=3.1 vs permutation refits; bb-effect-atlas agreement cos=0.86","z_perm=3.1, composite=5.8, n=22, cos_bb_effect_atlas=0.857; null: label-permutation refits",,,singleton,5.8
ZSH-0140,pair_hypothesis,hypothesis_triage,C,zel028_a549,bb1=BB_8805984381 & bb3=BB_0141978289,"bb1=BB_8805984381 & bb3=BB_0141978289: interaction-driven program up [CD24(+0.011), HSPE1(+0.009), ATRAID(+0.009)]; z=5.4 vs permutation refits","z_perm=5.4, composite=5.4, n=17, cos_bb_effect_atlas=nan; null: label-permutation refits",,,singleton,5.4
ZSH-0141,pair_hypothesis,hypothesis_triage,C,zel028_a549,bb1=BB_2579054681 & bb4=BB_4501961276,"bb1=BB_2579054681 & bb4=BB_4501961276: interaction-driven program up [TM4SF4(+0.008), PRDX4(+0.008), OCIAD1(+0.008)]; z=5.4 vs permutation refits","z_perm=5.4, composite=5.4, n=10, cos_bb_effect_atlas=nan; null: label-permutation refits",,,singleton,5.4
ZSH-0142,pair_hypothesis,hypothesis_triage,C,zel028_a549,bb1=BB_4811208063 & bb4=BB_3484107570,"bb1=BB_4811208063 & bb4=BB_3484107570: interaction-driven program up [C15orf40(+0.009), NPM1(+0.009), DGUOK(+0.009)]; z=5.3 vs permutation refits","z_perm=5.3, composite=5.3, n=15, cos_bb_effect_atlas=nan; null: label-permutation refits",,,singleton,5.3
ZSH-0143,pair_hypothesis,hypothesis_triage,C,zel028_a549,bb3=BB_4831254958 & bb4=BB_0527515463,"bb3=BB_4831254958 & bb4=BB_0527515463: interaction-driven program up [ITGB1(+0.012), MRPS7(+0.011), NUDT5(+0.011)]; z=5.1 vs permutation refits","z_perm=5.1, composite=5.1, n=16, cos_bb_effect_atlas=nan; null: label-permutation refits",,,singleton,5.1
ZSH-0144,pair_hypothesis,hypothesis_triage,C,zel028_a549,bb3=BB_7767575353 & bb4=BB_0197599538,"bb3=BB_7767575353 & bb4=BB_0197599538: interaction-driven program up [SEC61G(+0.010), TMEM258(+0.009), ZNF511(+0.009)]; z=5.0 vs permutation refits","z_perm=5.0, composite=5.0, n=11, cos_bb_effect_atlas=nan; null: label-permutation refits",,,singleton,5.0
ZSH-0145,pair_hypothesis,hypothesis_triage,C,zel028_a549,bb1=BB_8629146945 & bb4=BB_6567642687,"bb1=BB_8629146945 & bb4=BB_6567642687: interaction-driven program up [BRK1(+0.010), CHCHD10(+0.009), HSP90AB1(+0.009)]; z=4.9 vs permutation refits","z_perm=4.9, composite=4.9, n=17, cos_bb_effect_atlas=nan; null: label-permutation refits",,,singleton,4.9
ZSH-0146,pair_hypothesis,hypothesis_triage,C,zel028_a549,bb1=BB_3554179083 & bb3=BB_4297446030,"bb1=BB_3554179083 & bb3=BB_4297446030: interaction-driven program up [MT-CO1(+0.018), TNFRSF12A(+0.015), ARPC2(+0.013)]; z=4.8 vs permutation refits","z_perm=4.8, composite=4.8, n=16, cos_bb_effect_atlas=nan; null: label-permutation refits",,,singleton,4.8
ZSH-0147,pair_hypothesis,hypothesis_triage,C,zel028_a549,bb1=BB_3943870750 & bb3=BB_6580972793,"bb1=BB_3943870750 & bb3=BB_6580972793: interaction-driven program up [POLR1D(+0.010), GLRX(+0.010), NDUFA6(+0.009)]; z=4.7 vs permutation refits","z_perm=4.7, composite=4.7, n=15, cos_bb_effect_atlas=nan; null: label-permutation refits",,,singleton,4.7
ZSH-0148,pair_hypothesis,hypothesis_triage,C,zel028_a549,bb1=BB_1876988248 & bb4=BB_5438514157,"bb1=BB_1876988248 & bb4=BB_5438514157: interaction-driven program up [PTMA(+0.009), POLR2G(+0.009), RHOA(+0.008)]; z=4.7 vs permutation refits","z_perm=4.7, composite=4.7, n=15, cos_bb_effect_atlas=nan; null: label-permutation refits",,,singleton,4.7
ZSH-0149,pair_hypothesis,hypothesis_triage,C,zel028_a549,bb1=BB_2725291112 & bb3=BB_8458716764,"bb1=BB_2725291112 & bb3=BB_8458716764: interaction-driven program up [ERCC1(+0.011), EIF1AX(+0.009), ARL6IP5(+0.009)]; z=4.6 vs permutation refits","z_perm=4.6, composite=4.6, n=18, cos_bb_effect_atlas=nan; null: label-permutation refits",,,singleton,4.6
ZSH-0150,pair_hypothesis,hypothesis_triage,C,zel028_a549,bb1=BB_7148527391 & bb3=BB_6943918746,"bb1=BB_7148527391 & bb3=BB_6943918746: interaction-driven program up [PGK1(+0.009), PTGR1(+0.009), ZSWIM7(+0.008)]; z=4.6 vs permutation refits","z_perm=4.6, composite=4.6, n=15, cos_bb_effect_atlas=nan; null: label-permutation refits",,,singleton,4.6
ZSH-0151,pair_hypothesis,hypothesis_triage,C,zel028_a549,bb1=BB_4811208063 & bb3=BB_9266277810,"bb1=BB_4811208063 & bb3=BB_9266277810: interaction-driven program up [ATP5F1B(+0.010), KRT7(+0.009), MT-ND1(+0.009)]; z=4.5 vs permutation refits","z_perm=4.5, composite=4.5, n=11, cos_bb_effect_atlas=nan; null: label-permutation refits",,,singleton,4.5
ZSH-0152,dark_level,hypothesis_triage,C,zel031_a549,bb0=BB_6005762109,"bb0=BB_6005762109 has a strong effect (L2=0.85, top quartile) with no control-panel mimic - novel biology candidate","effect_l2=0.850, n=81, best control XL019 cos=0.08 p=0.36; drivers RPS20(+0.108),COX7A2L(+0.072),ACTB(+0.064),S100A10(+0.064),AGR2(+0.062),GABARAP(",,,weak_null,0.8500439439611295
ZSH-0153,dark_level,hypothesis_triage,C,zel031_a549,bb1=BB_9979481271,"bb1=BB_9979481271 has a strong effect (L2=0.83, top quartile) with no control-panel mimic - novel biology candidate","effect_l2=0.828, n=105, best control BGT226 cos=0.12 p=0.62; drivers LINC00486(+0.059),NTS(+0.052),SPX(+0.051),MTCH1(+0.048),BASP1(+0.046),RPL3(+0.04",,,weak_null,0.8277699173331785
ZSH-0154,dark_level,hypothesis_triage,C,zel031_a549,bb1=BB_1680041278,"bb1=BB_1680041278 has a strong effect (L2=0.82, top quartile) with no control-panel mimic - novel biology candidate","effect_l2=0.817, n=112, best control cobimetinib cos=0.10 p=0.17; drivers B2M(+0.061),RNF130(+0.060),NDUFB2(+0.054),SAT1(+0.046),ASPH(+0.043),BTF3(+0.043)",,,weak_null,0.8165161960135651
ZSH-0155,dark_level,hypothesis_triage,C,zel028_a549,bb4=BB_3734996210,"bb4=BB_3734996210 has a strong effect (L2=0.66, top quartile) with no control-panel mimic - novel biology candidate","effect_l2=0.662, n=715, best control AZD-3463 cos=0.16 p=0.28; drivers CYSTM1(+0.040),MT-ND1(+0.033),SQSTM1(+0.031),MRPL20(+0.030),TM9SF3(+0.030),TM2D1",,,weak_null;singleton,0.6615841176687969
ZSH-0158,level_control_mimicry,hypothesis_triage,C,zel039_aec7,bb2=BB_0167791271,"bb2=BB_0167791271 mimics MK2-IN-1 (Stress kinase inhibitor) - rank-1 control match, cos 0.499","cos=0.499, p=0.000 vs 200-draw gene-label-permutation null",MK2-IN-1,Stress_kinase_inhibitor,weak_null,0.4990339856108437
ZSH-0159,level_control_mimicry,hypothesis_triage,C,zel039_aec7,bb0=BB_2315583918,"bb0=BB_2315583918 mimics BMS-509744 (Unknown Other) - rank-1 control match, cos 0.498","cos=0.498, p=0.000 vs 200-draw gene-label-permutation null",BMS-509744,Unknown_Other,weak_null,0.4984935652642368
ZSH-0160,level_control_mimicry,hypothesis_triage,C,zel028_hek293,bb3=BB_0390296220,"bb3=BB_0390296220 mimics ZF135/MRTX-1719 (Unknown/Other) - rank-1 control match, cos 0.497","cos=0.497, p=0.000 vs 200-draw gene-label-permutation null",ZF135/MRTX-1719,Unknown/Other,weak_null;singleton,0.4967346779085453
ZSH-0161,level_control_mimicry,hypothesis_triage,C,zel028_hek293,bb4=BB_9169702177,"bb4=BB_9169702177 mimics HTH-01-015 (HSF1 heat shock validated) - rank-1 control match, cos 0.495","cos=0.495, p=0.000 vs 200-draw gene-label-permutation null",HTH-01-015,HSF1_heat_shock_validated,weak_null;singleton,0.4952239522493271
ZSH-0162,level_control_mimicry,hypothesis_triage,C,zel024_hek293,bb1=BB_8232087379,"bb1=BB_8232087379 mimics KME-2780 (Unknown Other) - rank-1 control match, cos 0.493","cos=0.493, p=0.000 vs 200-draw gene-label-permutation null",KME-2780,Unknown_Other,weak_null,0.4929665391143717
ZSH-0163,level_control_mimicry,hypothesis_triage,C,zel024_hek293,bb1=BB_6601289516,"bb1=BB_6601289516 mimics ZF135/MRTX-1719 (Unknown/Other) - rank-1 control match, cos 0.492","cos=0.492, p=0.000 vs 200-draw gene-label-permutation null",ZF135/MRTX-1719,Unknown/Other,weak_null,0.4924108739090846
ZSH-0164,level_control_mimicry,hypothesis_triage,C,zel028_hek293,bb3=BB_6580972793,"bb3=BB_6580972793 mimics JAB-3068 (Phosphatase inhibitor) - rank-1 control match, cos 0.491","cos=0.491, p=0.000 vs 200-draw gene-label-permutation null",JAB-3068,Phosphatase_inhibitor,weak_null;singleton,0.4905735534575917
ZSH-0165,level_control_mimicry,hypothesis_triage,C,zel028_hek293,bb4=BB_7253871423,"bb4=BB_7253871423 mimics ZF135/MRTX-1719 (Unknown/Other) - rank-1 control match, cos 0.490","cos=0.490, p=0.000 vs 200-draw gene-label-permutation null",ZF135/MRTX-1719,Unknown/Other,weak_null;singleton,0.490260129688372
ZSH-0166,level_control_mimicry,hypothesis_triage,C,zel028_hek293,bb4=BB_3064712138,"bb4=BB_3064712138 mimics HTH-01-015 (HSF1 heat shock validated) - rank-1 control match, cos 0.490","cos=0.490, p=0.000 vs 200-draw gene-label-permutation null",HTH-01-015,HSF1_heat_shock_validated,weak_null;singleton,0.4899579748538064
ZSH-0167,level_control_mimicry,hypothesis_triage,C,zel028_hek293,bb4=BB_3980030738,"bb4=BB_3980030738 mimics ZF135/MRTX-1719 (Unknown/Other) - rank-1 control match, cos 0.488","cos=0.488, p=0.000 vs 200-draw gene-label-permutation null",ZF135/MRTX-1719,Unknown/Other,weak_null;singleton,0.4880827963941881
ZSH-0168,level_control_mimicry,hypothesis_triage,C,zel028_a549,bb1=BB_8935903004,"bb1=BB_8935903004 mimics GCN2-IN-7 (Stress kinase inhibitor) - rank-1 control match, cos 0.486","cos=0.486, p=0.000 vs 200-draw gene-label-permutation null",GCN2-IN-7,Stress_kinase_inhibitor,weak_null;singleton,0.4857730505181248
ZSH-0169,level_control_mimicry,hypothesis_triage,C,zel028_a549,bb3=BB_0390296220,"bb3=BB_0390296220 mimics GCN2-IN-7 (Stress kinase inhibitor) - rank-1 control match, cos 0.486","cos=0.486, p=0.000 vs 200-draw gene-label-permutation null",GCN2-IN-7,Stress_kinase_inhibitor,weak_null;singleton,0.4857286524822056
ZSH-0170,level_control_mimicry,hypothesis_triage,C,zel028_a549,bb4=BB_3406231744,"bb4=BB_3406231744 mimics HTH-01-015 (HSF1 heat shock validated) - rank-1 control match, cos 0.485","cos=0.485, p=0.000 vs 200-draw gene-label-permutation null",HTH-01-015,HSF1_heat_shock_validated,weak_null;singleton,0.4845481301619255
ZSH-0171,level_control_mimicry,hypothesis_triage,C,zel028_hek293,bb1=BB_7410067331,"bb1=BB_7410067331 mimics sorafenib (MEK RAF multikinase) - rank-1 control match, cos 0.484","cos=0.484, p=0.000 vs 200-draw gene-label-permutation null",sorafenib,MEK_RAF_multikinase,weak_null;singleton,0.4843176695813094
ZSH-0172,level_control_mimicry,hypothesis_triage,C,zel028_hek293,bb4=BB_6567642687,"bb4=BB_6567642687 mimics HTH-01-015 (HSF1 heat shock validated) - rank-1 control match, cos 0.482","cos=0.482, p=0.000 vs 200-draw gene-label-permutation null",HTH-01-015,HSF1_heat_shock_validated,weak_null;singleton,0.4824248783944043
ZSH-0173,level_control_mimicry,hypothesis_triage,C,zel039_aec7,bb2=BB_7859195179,"bb2=BB_7859195179 mimics MK2-IN-1 (Stress kinase inhibitor) - rank-1 control match, cos 0.476","cos=0.476, p=0.000 vs 200-draw gene-label-permutation null",MK2-IN-1,Stress_kinase_inhibitor,weak_null,0.4758819323191736
ZSH-0174,level_control_mimicry,hypothesis_triage,C,zel028_hek293,bb3=BB_6466700968,"bb3=BB_6466700968 mimics ZF135/MRTX-1719 (Unknown/Other) - rank-1 control match, cos 0.475","cos=0.475, p=0.000 vs 200-draw gene-label-permutation null",ZF135/MRTX-1719,Unknown/Other,weak_null;singleton,0.4751438267525282
ZSH-0175,level_control_mimicry,hypothesis_triage,C,zel039_aec7,bb2=BB_0997424185,"bb2=BB_0997424185 mimics palbociclib (CDK inhibitor) - rank-1 control match, cos 0.475","cos=0.475, p=0.000 vs 200-draw gene-label-permutation null",palbociclib,CDK_inhibitor,weak_null,0.475043310397795
ZSH-0177,level_control_mimicry,hypothesis_triage,C,zel031_a549,bb0=BB_3103020399,"bb0=BB_3103020399 mimics AZD-3463 (ALK MET inhibitor) - rank-1 control match, cos 0.473","cos=0.473, p=0.000 vs 200-draw gene-label-permutation null",AZD-3463,ALK_MET_inhibitor,weak_null,0.4730818620589423
ZSH-0178,level_control_mimicry,hypothesis_triage,C,zel028_hek293,bb3=BB_7549155266,"bb3=BB_7549155266 mimics ZF135/MRTX-1719 (Unknown/Other) - rank-1 control match, cos 0.472","cos=0.472, p=0.000 vs 200-draw gene-label-permutation null",ZF135/MRTX-1719,Unknown/Other,weak_null;singleton,0.4721998598007713
ZSH-0179,level_control_mimicry,hypothesis_triage,C,zel039_aec7,bb1=BB_4348936015,"bb1=BB_4348936015 mimics MK2-IN-1 (Stress kinase inhibitor) - rank-1 control match, cos 0.472","cos=0.472, p=0.000 vs 200-draw gene-label-permutation null",MK2-IN-1,Stress_kinase_inhibitor,weak_null,0.4716468638621108
ZSH-0180,level_control_mimicry,hypothesis_triage,C,zel028_hek293,bb3=BB_9265511036,"bb3=BB_9265511036 mimics ZF135/MRTX-1719 (Unknown/Other) - rank-1 control match, cos 0.472","cos=0.472, p=0.000 vs 200-draw gene-label-permutation null",ZF135/MRTX-1719,Unknown/Other,weak_null;singleton,0.4716062482667683
ZSH-0181,level_control_mimicry,hypothesis_triage,C,zel024_hek293,bb3=BB_6545568677,"bb3=BB_6545568677 mimics HTH-01-015 (HSF1 heat shock validated) - rank-1 control match, cos 0.471","cos=0.471, p=0.000 vs 200-draw gene-label-permutation null",HTH-01-015,HSF1_heat_shock_validated,weak_null,0.4713582579777319
ZSH-0182,level_control_mimicry,hypothesis_triage,C,zel028_a549,bb4=BB_9413321613,"bb4=BB_9413321613 mimics GCN2-IN-7 (Stress kinase inhibitor) - rank-1 control match, cos 0.471","cos=0.471, p=0.000 vs 200-draw gene-label-permutation null",GCN2-IN-7,Stress_kinase_inhibitor,weak_null;singleton,0.4711639424794486
ZSH-0183,level_control_mimicry,hypothesis_triage,C,zel028_hek293,bb1=BB_8935903004,"bb1=BB_8935903004 mimics GCN2-IN-7 (Stress kinase inhibitor) - rank-1 control match, cos 0.471","cos=0.471, p=0.000 vs 200-draw gene-label-permutation null",GCN2-IN-7,Stress_kinase_inhibitor,weak_null;singleton,0.4707662954133849
ZSH-0184,level_control_mimicry,hypothesis_triage,C,zel024_hek293,bb3=BB_7082156996,"bb3=BB_7082156996 mimics ZF135/MRTX-1719 (Unknown/Other) - rank-1 control match, cos 0.470","cos=0.470, p=0.000 vs 200-draw gene-label-permutation null",ZF135/MRTX-1719,Unknown/Other,weak_null,0.470189296858944
ZSH-0185,level_control_mimicry,hypothesis_triage,C,zel028_a549,bb1=BB_8596154155,"bb1=BB_8596154155 mimics GCN2-IN-7 (Stress kinase inhibitor) - rank-1 control match, cos 0.470","cos=0.470, p=0.000 vs 200-draw gene-label-permutation null",GCN2-IN-7,Stress_kinase_inhibitor,weak_null;singleton,0.4697540987421441
ZSH-0186,level_control_mimicry,hypothesis_triage,C,zel028_a549,bb4=BB_4244930596,"bb4=BB_4244930596 mimics GCN2-IN-7 (Stress kinase inhibitor) - rank-1 control match, cos 0.470","cos=0.470, p=0.000 vs 200-draw gene-label-permutation null",GCN2-IN-7,Stress_kinase_inhibitor,weak_null;singleton,0.4697060348770446
ZSH-0187,level_control_mimicry,hypothesis_triage,C,zel031_a549,bb1=BB_9265511036,"bb1=BB_9265511036 mimics GCN2-IN-7 (Stress kinase inhibitor) - rank-1 control match, cos 0.469","cos=0.469, p=0.000 vs 200-draw gene-label-permutation null",GCN2-IN-7,Stress_kinase_inhibitor,weak_null,0.4689768402089317
ZSH-0188,level_control_mimicry,hypothesis_triage,C,zel028_hek293,bb4=BB_8019107213,"bb4=BB_8019107213 mimics ZF135/MRTX-1719 (Unknown/Other) - rank-1 control match, cos 0.468","cos=0.468, p=0.000 vs 200-draw gene-label-permutation null",ZF135/MRTX-1719,Unknown/Other,weak_null;singleton,0.4682151503105175
ZSH-0189,level_control_mimicry,hypothesis_triage,C,zel028_a549,bb4=BB_7622047569,"bb4=BB_7622047569 mimics GCN2-IN-7 (Stress kinase inhibitor) - rank-1 control match, cos 0.468","cos=0.468, p=0.000 vs 200-draw gene-label-permutation null",GCN2-IN-7,Stress_kinase_inhibitor,weak_null;singleton,0.4677621229911381
ZSH-0190,level_control_mimicry,hypothesis_triage,C,zel039_aec7,bb1=BB_4825242175,"bb1=BB_4825242175 mimics rucaparib (PARP inhibitor) - rank-1 control match, cos 0.468","cos=0.468, p=0.000 vs 200-draw gene-label-permutation null",rucaparib,PARP_inhibitor,weak_null,0.4675446600965559
ZSH-0191,level_control_mimicry,hypothesis_triage,C,zel028_hek293,bb1=BB_5476827048,"bb1=BB_5476827048 mimics sorafenib (MEK RAF multikinase) - rank-1 control match, cos 0.467","cos=0.467, p=0.000 vs 200-draw gene-label-permutation null",sorafenib,MEK_RAF_multikinase,weak_null;singleton,0.4674107828808143
ZSH-0192,level_control_mimicry,hypothesis_triage,C,zel024_hek293,bb3=BB_4464134601,"bb3=BB_4464134601 mimics KME-2780 (Unknown Other) - rank-1 control match, cos 0.467","cos=0.467, p=0.000 vs 200-draw gene-label-permutation null",KME-2780,Unknown_Other,weak_null,0.4670735805662308
ZSH-0193,level_control_mimicry,hypothesis_triage,C,zel028_hek293,bb4=BB_9151637064,"bb4=BB_9151637064 mimics KME-2780 (Unknown Other) - rank-1 control match, cos 0.467","cos=0.467, p=0.000 vs 200-draw gene-label-permutation null",KME-2780,Unknown_Other,weak_null;singleton,0.4666286613006843
ZSH-0194,level_control_mimicry,hypothesis_triage,C,zel028_hek293,bb1=BB_2242759606,"bb1=BB_2242759606 mimics sorafenib (MEK RAF multikinase) - rank-1 control match, cos 0.464","cos=0.464, p=0.000 vs 200-draw gene-label-permutation null",sorafenib,MEK_RAF_multikinase,weak_null;singleton,0.4638132216151779
ZSH-0195,level_control_mimicry,hypothesis_triage,C,zel028_hek293,bb4=BB_4244930596,"bb4=BB_4244930596 mimics N-deshydroxyethyl dasatinib (BCR ABL inhibitor) - rank-1 control match, cos 0.464","cos=0.464, p=0.000 vs 200-draw gene-label-permutation null",N-deshydroxyethyl dasatinib,BCR_ABL_inhibitor,weak_null;singleton,0.4637885395175373
ZSH-0196,level_control_mimicry,hypothesis_triage,C,zel039_aec7,bb1=BB_6285514371,"bb1=BB_6285514371 mimics MK2-IN-1 (Stress kinase inhibitor) - rank-1 control match, cos 0.454","cos=0.454, p=0.000 vs 200-draw gene-label-permutation null",MK2-IN-1,Stress_kinase_inhibitor,weak_null,0.4543264118891823
ZSH-0197,level_control_mimicry,hypothesis_triage,C,zel028_a549,bb4=BB_9151637064,"bb4=BB_9151637064 mimics HTH-01-015 (HSF1 heat shock validated) - rank-1 control match, cos 0.454","cos=0.454, p=0.000 vs 200-draw gene-label-permutation null",HTH-01-015,HSF1_heat_shock_validated,weak_null;singleton,0.4541085518029343
ZSH-0199,level_control_mimicry,hypothesis_triage,C,zel039_aec7,bb1=BB_5573240869,"bb1=BB_5573240869 mimics rucaparib (PARP inhibitor) - rank-1 control match, cos 0.452","cos=0.452, p=0.000 vs 200-draw gene-label-permutation null",rucaparib,PARP_inhibitor,weak_null,0.4523409108524457
ZSH-0200,level_control_mimicry,hypothesis_triage,C,zel028_hek293,bb3=BB_1895570180,"bb3=BB_1895570180 mimics ZF135/MRTX-1719 (Unknown/Other) - rank-1 control match, cos 0.451","cos=0.451, p=0.000 vs 200-draw gene-label-permutation null",ZF135/MRTX-1719,Unknown/Other,weak_null;singleton,0.4514316656195851
ZSH-0201,level_control_mimicry,hypothesis_triage,C,zel028_hek293,bb4=BB_7080851540,"bb4=BB_7080851540 mimics HTH-01-015 (HSF1 heat shock validated) - rank-1 control match, cos 0.451","cos=0.451, p=0.000 vs 200-draw gene-label-permutation null",HTH-01-015,HSF1_heat_shock_validated,weak_null;singleton,0.4507485843618184
ZSH-0202,level_control_mimicry,hypothesis_triage,C,zel028_a549,bb3=BB_1513349690,"bb3=BB_1513349690 mimics GCN2-IN-7 (Stress kinase inhibitor) - rank-1 control match, cos 0.451","cos=0.451, p=0.000 vs 200-draw gene-label-permutation null",GCN2-IN-7,Stress_kinase_inhibitor,weak_null;singleton,0.4506624779872212
ZSH-0203,level_control_mimicry,hypothesis_triage,C,zel039_aec7,bb1=BB_9054028486,"bb1=BB_9054028486 mimics MK2-IN-1 (Stress kinase inhibitor) - rank-1 control match, cos 0.450","cos=0.450, p=0.000 vs 200-draw gene-label-permutation null",MK2-IN-1,Stress_kinase_inhibitor,weak_null,0.4503722711492536
ZSH-0204,level_control_mimicry,hypothesis_triage,C,zel028_a549,bb4=BB_3858692603,"bb4=BB_3858692603 mimics GCN2-IN-7 (Stress kinase inhibitor) - rank-1 control match, cos 0.450","cos=0.450, p=0.000 vs 200-draw gene-label-permutation null",GCN2-IN-7,Stress_kinase_inhibitor,weak_null;singleton,0.4500032858291103
ZSH-0205,level_control_mimicry,hypothesis_triage,C,zel028_hek293,bb4=BB_3406231744,"bb4=BB_3406231744 mimics KME-2780 (Unknown Other) - rank-1 control match, cos 0.450","cos=0.450, p=0.000 vs 200-draw gene-label-permutation null",KME-2780,Unknown_Other,weak_null;singleton,0.4495825683282055
ZSH-0206,level_control_mimicry,hypothesis_triage,C,zel024_hek293,bb3=BB_4196815390,"bb3=BB_4196815390 mimics sorafenib (MEK RAF multikinase) - rank-1 control match, cos 0.449","cos=0.449, p=0.000 vs 200-draw gene-label-permutation null",sorafenib,MEK_RAF_multikinase,weak_null,0.4487877676117614
ZSH-0207,level_control_mimicry,hypothesis_triage,C,zel028_hek293,bb1=BB_8596154155,"bb1=BB_8596154155 mimics GCN2-IN-7 (Stress kinase inhibitor) - rank-1 control match, cos 0.447","cos=0.447, p=0.000 vs 200-draw gene-label-permutation null",GCN2-IN-7,Stress_kinase_inhibitor,weak_null;singleton,0.4471462084128342
ZSH-0208,level_control_mimicry,hypothesis_triage,C,zel028_hek293,bb3=BB_1513349690,"bb3=BB_1513349690 mimics ZF135/MRTX-1719 (Unknown/Other) - rank-1 control match, cos 0.447","cos=0.447, p=0.000 vs 200-draw gene-label-permutation null",ZF135/MRTX-1719,Unknown/Other,weak_null;singleton,0.4467291551208851
ZSH-0210,level_control_mimicry,hypothesis_triage,C,zel028_a549,bb4=BB_9974692940,"bb4=BB_9974692940 mimics HTH-01-015 (HSF1 heat shock validated) - rank-1 control match, cos 0.445","cos=0.445, p=0.000 vs 200-draw gene-label-permutation null",HTH-01-015,HSF1_heat_shock_validated,weak_null;singleton,0.4453106621657616
ZSH-0211,level_control_mimicry,hypothesis_triage,C,zel039_aec7,bb2=BB_8384776618,"bb2=BB_8384776618 mimics MK2-IN-1 (Stress kinase inhibitor) - rank-1 control match, cos 0.445","cos=0.445, p=0.000 vs 200-draw gene-label-permutation null",MK2-IN-1,Stress_kinase_inhibitor,weak_null,0.4448024975072651
ZSH-0212,level_control_mimicry,hypothesis_triage,C,zel028_hek293,bb4=BB_8715425380,"bb4=BB_8715425380 mimics KME-2780 (Unknown Other) - rank-1 control match, cos 0.444","cos=0.444, p=0.000 vs 200-draw gene-label-permutation null",KME-2780,Unknown_Other,weak_null;singleton,0.4442530078117933
ZSH-0213,level_control_mimicry,hypothesis_triage,C,zel039_aec7,bb2=BB_3624989023,"bb2=BB_3624989023 mimics Capmatinib (ALK MET inhibitor) - rank-1 control match, cos 0.442","cos=0.442, p=0.000 vs 200-draw gene-label-permutation null",Capmatinib,ALK_MET_inhibitor,weak_null,0.4424528579077345
ZSH-0216,level_control_mimicry,hypothesis_triage,C,zel031_a549,bb1=BB_3693426548,"bb1=BB_3693426548 mimics HTH-01-015 (HSF1 heat shock validated) - rank-1 control match, cos 0.440","cos=0.440, p=0.000 vs 200-draw gene-label-permutation null",HTH-01-015,HSF1_heat_shock_validated,weak_null,0.4398421479949018
ZSH-0217,level_control_mimicry,hypothesis_triage,C,zel028_hek293,bb1=BB_7675624703,"bb1=BB_7675624703 mimics ZM336372 (MEK RAF multikinase) - rank-1 control match, cos 0.439","cos=0.439, p=0.000 vs 200-draw gene-label-permutation null",ZM336372,MEK_RAF_multikinase,weak_null;singleton,0.4392218565057769
ZSH-0218,level_control_mimicry,hypothesis_triage,C,zel031_a549,bb1=BB_8943054758,"bb1=BB_8943054758 mimics GCN2-IN-7 (Stress kinase inhibitor) - rank-1 control match, cos 0.439","cos=0.439, p=0.000 vs 200-draw gene-label-permutation null",GCN2-IN-7,Stress_kinase_inhibitor,weak_null,0.4387171779316453
ZSH-0219,level_control_mimicry,hypothesis_triage,C,zel028_a549,bb1=BB_2296671906,"bb1=BB_2296671906 mimics HTH-01-015 (HSF1 heat shock validated) - rank-1 control match, cos 0.436","cos=0.436, p=0.000 vs 200-draw gene-label-permutation null",HTH-01-015,HSF1_heat_shock_validated,weak_null;singleton,0.4364243693260366
ZSH-0220,level_control_mimicry,hypothesis_triage,C,zel031_a549,bb1=BB_6776932943,"bb1=BB_6776932943 mimics HTH-01-015 (HSF1 heat shock validated) - rank-1 control match, cos 0.436","cos=0.436, p=0.000 vs 200-draw gene-label-permutation null",HTH-01-015,HSF1_heat_shock_validated,weak_null,0.4357082195432942
ZSH-0221,level_control_mimicry,hypothesis_triage,C,zel028_a549,bb1=BB_8332071132,"bb1=BB_8332071132 mimics HTH-01-015 (HSF1 heat shock validated) - rank-1 control match, cos 0.435","cos=0.435, p=0.000 vs 200-draw gene-label-permutation null",HTH-01-015,HSF1_heat_shock_validated,weak_null;singleton,0.4350085387934342
ZSH-0222,level_control_mimicry,hypothesis_triage,C,zel028_a549,bb3=BB_6962831952,"bb3=BB_6962831952 mimics GCN2-IN-7 (Stress kinase inhibitor) - rank-1 control match, cos 0.434","cos=0.434, p=0.000 vs 200-draw gene-label-permutation null",GCN2-IN-7,Stress_kinase_inhibitor,weak_null;singleton,0.4335917980162744
ZSH-0223,level_control_mimicry,hypothesis_triage,C,zel028_hek293,bb4=BB_7609608884,"bb4=BB_7609608884 mimics N-deshydroxyethyl dasatinib (BCR ABL inhibitor) - rank-1 control match, cos 0.433","cos=0.433, p=0.000 vs 200-draw gene-label-permutation null",N-deshydroxyethyl dasatinib,BCR_ABL_inhibitor,weak_null;singleton,0.4331634856837631
ZSH-0225,level_control_mimicry,hypothesis_triage,C,zel028_hek293,bb4=BB_6112128578,"bb4=BB_6112128578 mimics HTH-01-015 (HSF1 heat shock validated) - rank-1 control match, cos 0.433","cos=0.433, p=0.000 vs 200-draw gene-label-permutation null",HTH-01-015,HSF1_heat_shock_validated,weak_null;singleton,0.4326970732323823
ZSH-0228,level_control_mimicry,hypothesis_triage,C,zel028_hek293,bb1=BB_4590627149,"bb1=BB_4590627149 mimics ZM336372 (MEK RAF multikinase) - rank-1 control match, cos 0.431","cos=0.431, p=0.000 vs 200-draw gene-label-permutation null",ZM336372,MEK_RAF_multikinase,weak_null;singleton,0.4310449193905718
ZSH-0230,level_control_mimicry,hypothesis_triage,C,zel028_hek293,bb3=BB_8516334188,"bb3=BB_8516334188 mimics ZF135/MRTX-1719 (Unknown/Other) - rank-1 control match, cos 0.430","cos=0.430, p=0.000 vs 200-draw gene-label-permutation null",ZF135/MRTX-1719,Unknown/Other,weak_null;singleton,0.4299711887712079
ZSH-0231,level_control_mimicry,hypothesis_triage,C,zel039_aec7,bb1=BB_7526096666,"bb1=BB_7526096666 mimics lapatinib (EGFR HER2 inhibitor) - rank-1 control match, cos 0.428","cos=0.428, p=0.000 vs 200-draw gene-label-permutation null",lapatinib,EGFR_HER2_inhibitor,weak_null,0.4280195898296323
ZSH-0232,level_control_mimicry,hypothesis_triage,C,zel028_a549,bb4=BB_3064712138,"bb4=BB_3064712138 mimics HTH-01-015 (HSF1 heat shock validated) - rank-1 control match, cos 0.428","cos=0.428, p=0.000 vs 200-draw gene-label-permutation null",HTH-01-015,HSF1_heat_shock_validated,weak_null;singleton,0.4278045256905564
ZSH-0233,level_control_mimicry,hypothesis_triage,C,zel028_hek293,bb3=BB_6561792115,"bb3=BB_6561792115 mimics HTH-01-015 (HSF1 heat shock validated) - rank-1 control match, cos 0.426","cos=0.426, p=0.000 vs 200-draw gene-label-permutation null",HTH-01-015,HSF1_heat_shock_validated,weak_null;singleton,0.4259430141493187
ZSH-0234,level_control_mimicry,hypothesis_triage,C,zel024_hek293,bb3=BB_8759755490,"bb3=BB_8759755490 mimics ZM336372 (MEK RAF multikinase) - rank-1 control match, cos 0.424","cos=0.424, p=0.000 vs 200-draw gene-label-permutation null",ZM336372,MEK_RAF_multikinase,weak_null,0.424311633351475
ZSH-0235,level_control_mimicry,hypothesis_triage,C,zel031_a549,bb0=BB_5574910360,"bb0=BB_5574910360 mimics AZD-3463 (ALK MET inhibitor) - rank-1 control match, cos 0.424","cos=0.424, p=0.000 vs 200-draw gene-label-permutation null",AZD-3463,ALK_MET_inhibitor,weak_null,0.4237488028238559
ZSH-0237,level_control_mimicry,hypothesis_triage,C,zel031_a549,bb1=BB_6946165266,"bb1=BB_6946165266 mimics GCN2-IN-7 (Stress kinase inhibitor) - rank-1 control match, cos 0.423","cos=0.423, p=0.000 vs 200-draw gene-label-permutation null",GCN2-IN-7,Stress_kinase_inhibitor,weak_null,0.4232990828604628
ZSH-0239,level_control_mimicry,hypothesis_triage,C,zel028_a549,bb1=BB_8243376230,"bb1=BB_8243376230 mimics HTH-01-015 (HSF1 heat shock validated) - rank-1 control match, cos 0.423","cos=0.423, p=0.000 vs 200-draw gene-label-permutation null",HTH-01-015,HSF1_heat_shock_validated,weak_null;singleton,0.4226696188732703
ZSH-0240,level_control_mimicry,hypothesis_triage,C,zel028_a549,bb4=BB_2909612855,"bb4=BB_2909612855 mimics HTH-01-015 (HSF1 heat shock validated) - rank-1 control match, cos 0.423","cos=0.423, p=0.000 vs 200-draw gene-label-permutation null",HTH-01-015,HSF1_heat_shock_validated,weak_null;singleton,0.4225429042805438
ZSH-0241,level_control_mimicry,hypothesis_triage,C,zel024_hek293,bb3=BB_3389989535,"bb3=BB_3389989535 mimics ZF135/MRTX-1719 (Unknown/Other) - rank-1 control match, cos 0.422","cos=0.422, p=0.000 vs 200-draw gene-label-permutation null",ZF135/MRTX-1719,Unknown/Other,weak_null,0.4223717123122482
ZSH-0242,level_control_mimicry,hypothesis_triage,C,zel024_hek293,bb0=BB_0175183327,"bb0=BB_0175183327 mimics sorafenib (MEK RAF multikinase) - rank-1 control match, cos 0.422","cos=0.422, p=0.000 vs 200-draw gene-label-permutation null",sorafenib,MEK_RAF_multikinase,weak_null,0.4216310735407261
ZSH-0243,level_control_mimicry,hypothesis_triage,C,zel028_a549,bb1=BB_6290953361,"bb1=BB_6290953361 mimics HTH-01-015 (HSF1 heat shock validated) - rank-1 control match, cos 0.421","cos=0.421, p=0.000 vs 200-draw gene-label-permutation null",HTH-01-015,HSF1_heat_shock_validated,weak_null;singleton,0.4214892314432502
ZSH-0244,level_control_mimicry,hypothesis_triage,C,zel028_a549,bb1=BB_3467217614,"bb1=BB_3467217614 mimics GCN2-IN-7 (Stress kinase inhibitor) - rank-1 control match, cos 0.420","cos=0.420, p=0.000 vs 200-draw gene-label-permutation null",GCN2-IN-7,Stress_kinase_inhibitor,weak_null;singleton,0.4202684467878371
ZSH-0245,level_control_mimicry,hypothesis_triage,C,zel028_hek293,bb3=BB_6163126056,"bb3=BB_6163126056 mimics HTH-01-015 (HSF1 heat shock validated) - rank-1 control match, cos 0.420","cos=0.420, p=0.000 vs 200-draw gene-label-permutation null",HTH-01-015,HSF1_heat_shock_validated,weak_null;singleton,0.419674572260792
ZSH-0246,level_control_mimicry,hypothesis_triage,C,zel028_hek293,bb1=BB_3355218593,"bb1=BB_3355218593 mimics KME-2780 (Unknown Other) - rank-1 control match, cos 0.419","cos=0.419, p=0.000 vs 200-draw gene-label-permutation null",KME-2780,Unknown_Other,weak_null;singleton,0.4192197804510271
ZSH-0247,level_control_mimicry,hypothesis_triage,C,zel039_aec7,bb1=BB_1030418220,"bb1=BB_1030418220 mimics MK2-IN-1 (Stress kinase inhibitor) - rank-1 control match, cos 0.419","cos=0.419, p=0.000 vs 200-draw gene-label-permutation null",MK2-IN-1,Stress_kinase_inhibitor,weak_null,0.4186450653943442
ZSH-0250,level_control_mimicry,hypothesis_triage,C,zel028_a549,bb1=BB_4333033428,"bb1=BB_4333033428 mimics GCN2-IN-7 (Stress kinase inhibitor) - rank-1 control match, cos 0.417","cos=0.417, p=0.000 vs 200-draw gene-label-permutation null",GCN2-IN-7,Stress_kinase_inhibitor,weak_null;singleton,0.4173521385022415
ZSH-0253,level_control_mimicry,hypothesis_triage,C,zel028_a549,bb4=BB_6567642687,"bb4=BB_6567642687 mimics HTH-01-015 (HSF1 heat shock validated) - rank-1 control match, cos 0.416","cos=0.416, p=0.000 vs 200-draw gene-label-permutation null",HTH-01-015,HSF1_heat_shock_validated,weak_null;singleton,0.4162804379954588
ZSH-0254,level_control_mimicry,hypothesis_triage,C,zel028_hek293,bb3=BB_5693738549,"bb3=BB_5693738549 mimics HTH-01-015 (HSF1 heat shock validated) - rank-1 control match, cos 0.415","cos=0.415, p=0.000 vs 200-draw gene-label-permutation null",HTH-01-015,HSF1_heat_shock_validated,weak_null;singleton,0.4151258903715992
ZSH-0255,level_control_mimicry,hypothesis_triage,C,zel028_hek293,bb3=BB_6331799083,"bb3=BB_6331799083 mimics N-deshydroxyethyl dasatinib (BCR ABL inhibitor) - rank-1 control match, cos 0.414","cos=0.414, p=0.000 vs 200-draw gene-label-permutation null",N-deshydroxyethyl dasatinib,BCR_ABL_inhibitor,weak_null;singleton,0.4141433481135315
ZSH-0256,level_control_mimicry,hypothesis_triage,C,zel028_hek293,bb4=BB_5797976733,"bb4=BB_5797976733 mimics ZF135/MRTX-1719 (Unknown/Other) - rank-1 control match, cos 0.414","cos=0.414, p=0.000 vs 200-draw gene-label-permutation null",ZF135/MRTX-1719,Unknown/Other,weak_null;singleton,0.4141235647296992
ZSH-0257,level_control_mimicry,hypothesis_triage,C,zel028_hek293,bb4=BB_0784487728,"bb4=BB_0784487728 mimics KME-2780 (Unknown Other) - rank-1 control match, cos 0.414","cos=0.414, p=0.000 vs 200-draw gene-label-permutation null",KME-2780,Unknown_Other,weak_null;singleton,0.4137510962010322
ZSH-0258,level_control_mimicry,hypothesis_triage,C,zel028_hek293,bb4=BB_2149000943,"bb4=BB_2149000943 mimics ZF135/MRTX-1719 (Unknown/Other) - rank-1 control match, cos 0.414","cos=0.414, p=0.000 vs 200-draw gene-label-permutation null",ZF135/MRTX-1719,Unknown/Other,weak_null;singleton,0.4137298158830898
ZSH-0259,level_control_mimicry,hypothesis_triage,C,zel028_hek293,bb3=BB_9204530019,"bb3=BB_9204530019 mimics Capmatinib (ALK MET inhibitor) - rank-1 control match, cos 0.412","cos=0.412, p=0.000 vs 200-draw gene-label-permutation null",Capmatinib,ALK_MET_inhibitor,weak_null;singleton,0.4123972313482588
ZSH-0262,level_control_mimicry,hypothesis_triage,C,zel024_hek293,bb3=BB_7055283758,"bb3=BB_7055283758 mimics sorafenib (MEK RAF multikinase) - rank-1 control match, cos 0.411","cos=0.411, p=0.000 vs 200-draw gene-label-permutation null",sorafenib,MEK_RAF_multikinase,weak_null,0.4112017430002727
ZSH-0263,level_control_mimicry,hypothesis_triage,C,zel024_hek293,bb3=BB_0173485578,"bb3=BB_0173485578 mimics ZF135/MRTX-1719 (Unknown/Other) - rank-1 control match, cos 0.411","cos=0.411, p=0.000 vs 200-draw gene-label-permutation null",ZF135/MRTX-1719,Unknown/Other,weak_null,0.4111515609403616
ZSH-0264,level_control_mimicry,hypothesis_triage,C,zel028_hek293,bb4=BB_6886151638,"bb4=BB_6886151638 mimics ZF135/MRTX-1719 (Unknown/Other) - rank-1 control match, cos 0.410","cos=0.410, p=0.000 vs 200-draw gene-label-permutation null",ZF135/MRTX-1719,Unknown/Other,weak_null;singleton,0.4103592876445954
ZSH-0269,level_control_mimicry,hypothesis_triage,C,zel028_hek293,bb3=BB_2172915349,"bb3=BB_2172915349 mimics ZF135/MRTX-1719 (Unknown/Other) - rank-1 control match, cos 0.408","cos=0.408, p=0.000 vs 200-draw gene-label-permutation null",ZF135/MRTX-1719,Unknown/Other,weak_null;singleton,0.4082325770969984
ZSH-0270,level_control_mimicry,hypothesis_triage,C,zel028_hek293,bb3=BB_8026381149,"bb3=BB_8026381149 mimics HTH-01-015 (HSF1 heat shock validated) - rank-1 control match, cos 0.408","cos=0.408, p=0.000 vs 200-draw gene-label-permutation null",HTH-01-015,HSF1_heat_shock_validated,weak_null;singleton,0.4076773762777546
ZSH-0271,level_control_mimicry,hypothesis_triage,C,zel028_a549,bb3=BB_4179173119,"bb3=BB_4179173119 mimics HTH-01-015 (HSF1 heat shock validated) - rank-1 control match, cos 0.407","cos=0.407, p=0.000 vs 200-draw gene-label-permutation null",HTH-01-015,HSF1_heat_shock_validated,weak_null;singleton,0.4072254934433724
ZSH-0274,level_control_mimicry,hypothesis_triage,C,zel024_hek293,bb3=BB_0896893626,"bb3=BB_0896893626 mimics sorafenib (MEK RAF multikinase) - rank-1 control match, cos 0.406","cos=0.406, p=0.000 vs 200-draw gene-label-permutation null",sorafenib,MEK_RAF_multikinase,weak_null,0.4063508478991967
ZSH-0278,level_control_mimicry,hypothesis_triage,C,zel028_hek293,bb3=BB_0919435918,"bb3=BB_0919435918 mimics ZF135/MRTX-1719 (Unknown/Other) - rank-1 control match, cos 0.405","cos=0.405, p=0.000 vs 200-draw gene-label-permutation null",ZF135/MRTX-1719,Unknown/Other,weak_null;singleton,0.4051804364833575
ZSH-0279,level_control_mimicry,hypothesis_triage,C,zel031_a549,bb1=BB_9076436922,"bb1=BB_9076436922 mimics HTH-01-015 (HSF1 heat shock validated) - rank-1 control match, cos 0.405","cos=0.405, p=0.000 vs 200-draw gene-label-permutation null",HTH-01-015,HSF1_heat_shock_validated,weak_null,0.4051012141499838
ZSH-0280,level_control_mimicry,hypothesis_triage,C,zel028_a549,bb3=BB_7276621276,"bb3=BB_7276621276 mimics HTH-01-015 (HSF1 heat shock validated) - rank-1 control match, cos 0.405","cos=0.405, p=0.000 vs 200-draw gene-label-permutation null",HTH-01-015,HSF1_heat_shock_validated,weak_null;singleton,0.4050454986753102
ZSH-0282,level_control_mimicry,hypothesis_triage,C,zel028_hek293,bb3=BB_9724540281,"bb3=BB_9724540281 mimics HTH-01-015 (HSF1 heat shock validated) - rank-1 control match, cos 0.404","cos=0.404, p=0.000 vs 200-draw gene-label-permutation null",HTH-01-015,HSF1_heat_shock_validated,weak_null;singleton,0.4040783083563725
ZSH-0284,level_control_mimicry,hypothesis_triage,C,zel031_a549,bb0=BB_6598495385,"bb0=BB_6598495385 mimics AZD-3463 (ALK MET inhibitor) - rank-1 control match, cos 0.403","cos=0.403, p=0.000 vs 200-draw gene-label-permutation null",AZD-3463,ALK_MET_inhibitor,weak_null,0.4032483011664331
ZSH-0285,level_control_mimicry,hypothesis_triage,C,zel031_a549,bb1=BB_7049354374,"bb1=BB_7049354374 mimics GCN2-IN-7 (Stress kinase inhibitor) - rank-1 control match, cos 0.403","cos=0.403, p=0.000 vs 200-draw gene-label-permutation null",GCN2-IN-7,Stress_kinase_inhibitor,weak_null,0.4032440034144474
ZSH-0288,level_control_mimicry,hypothesis_triage,C,zel028_hek293,bb4=BB_1998369695,"bb4=BB_1998369695 mimics N-deshydroxyethyl dasatinib (BCR ABL inhibitor) - rank-1 control match, cos 0.403","cos=0.403, p=0.000 vs 200-draw gene-label-permutation null",N-deshydroxyethyl dasatinib,BCR_ABL_inhibitor,weak_null;singleton,0.4027933538395448
ZSH-0293,level_control_mimicry,hypothesis_triage,C,zel028_hek293,bb3=BB_6962831952,"bb3=BB_6962831952 mimics ZF135/MRTX-1719 (Unknown/Other) - rank-1 control match, cos 0.402","cos=0.402, p=0.000 vs 200-draw gene-label-permutation null",ZF135/MRTX-1719,Unknown/Other,weak_null;singleton,0.4017004014228143
ZSH-0296,level_control_mimicry,hypothesis_triage,C,zel028_hek293,bb3=BB_0975565345,"bb3=BB_0975565345 mimics ZF135/MRTX-1719 (Unknown/Other) - rank-1 control match, cos 0.400","cos=0.400, p=0.000 vs 200-draw gene-label-permutation null",ZF135/MRTX-1719,Unknown/Other,weak_null;singleton,0.4002962817481554
ZSH-0297,level_control_mimicry,hypothesis_triage,C,zel024_hek293,bb3=BB_7600457365,"bb3=BB_7600457365 mimics KME-2780 (Unknown Other) - rank-1 control match, cos 0.400","cos=0.400, p=0.000 vs 200-draw gene-label-permutation null",KME-2780,Unknown_Other,weak_null,0.399943708763835
ZSH-0298,level_control_mimicry,hypothesis_triage,C,zel024_hek293,bb1=BB_4347926671,"bb1=BB_4347926671 mimics AZD-7624 (Stress kinase inhibitor) - rank-1 control match, cos 0.399","cos=0.399, p=0.000 vs 200-draw gene-label-permutation null",AZD-7624,Stress_kinase_inhibitor,weak_null,0.3992950798255514
ZSH-0301,level_control_mimicry,hypothesis_triage,C,zel028_hek293,bb4=BB_3140609311,"bb4=BB_3140609311 mimics ZF135/MRTX-1719 (Unknown/Other) - rank-1 control match, cos 0.398","cos=0.398, p=0.000 vs 200-draw gene-label-permutation null",ZF135/MRTX-1719,Unknown/Other,weak_null;singleton,0.3982326182889617
ZSH-0303,level_control_mimicry,hypothesis_triage,C,zel028_a549,bb3=BB_8516334188,"bb3=BB_8516334188 mimics GCN2-IN-7 (Stress kinase inhibitor) - rank-1 control match, cos 0.397","cos=0.397, p=0.000 vs 200-draw gene-label-permutation null",GCN2-IN-7,Stress_kinase_inhibitor,weak_null;singleton,0.3972081855993138
ZSH-0306,level_control_mimicry,hypothesis_triage,C,zel039_aec7,bb1=BB_2781176118,"bb1=BB_2781176118 mimics rucaparib (PARP inhibitor) - rank-1 control match, cos 0.397","cos=0.397, p=0.000 vs 200-draw gene-label-permutation null",rucaparib,PARP_inhibitor,weak_null,0.3966832839811491
ZSH-0307,level_control_mimicry,hypothesis_triage,C,zel028_a549,bb1=BB_2579054681,"bb1=BB_2579054681 mimics HTH-01-015 (HSF1 heat shock validated) - rank-1 control match, cos 0.396","cos=0.396, p=0.000 vs 200-draw gene-label-permutation null",HTH-01-015,HSF1_heat_shock_validated,weak_null;singleton,0.3962974554547717
ZSH-0308,level_control_mimicry,hypothesis_triage,C,zel028_a549,bb3=BB_5913790006,"bb3=BB_5913790006 mimics HTH-01-015 (HSF1 heat shock validated) - rank-1 control match, cos 0.396","cos=0.396, p=0.000 vs 200-draw gene-label-permutation null",HTH-01-015,HSF1_heat_shock_validated,weak_null;singleton,0.3962496173465566
ZSH-0309,level_control_mimicry,hypothesis_triage,C,zel028_hek293,bb1=BB_1998211288,"bb1=BB_1998211288 mimics MK2-IN-1 (Stress kinase inhibitor) - rank-1 control match, cos 0.396","cos=0.396, p=0.000 vs 200-draw gene-label-permutation null",MK2-IN-1,Stress_kinase_inhibitor,weak_null;singleton,0.395642672285764
ZSH-0310,level_control_mimicry,hypothesis_triage,C,zel024_hek293,bb0=BB_0078506578,"bb0=BB_0078506578 mimics AZD-7624 (Stress kinase inhibitor) - rank-1 control match, cos 0.396","cos=0.396, p=0.000 vs 200-draw gene-label-permutation null",AZD-7624,Stress_kinase_inhibitor,weak_null,0.3955670496016337
ZSH-0311,level_control_mimicry,hypothesis_triage,C,zel028_hek293,bb1=BB_3258452724,"bb1=BB_3258452724 mimics ZM336372 (MEK RAF multikinase) - rank-1 control match, cos 0.395","cos=0.395, p=0.000 vs 200-draw gene-label-permutation null",ZM336372,MEK_RAF_multikinase,weak_null;singleton,0.3947434503432352
ZSH-0312,level_control_mimicry,hypothesis_triage,C,zel028_a549,bb4=BB_9829174648,"bb4=BB_9829174648 mimics GCN2-IN-7 (Stress kinase inhibitor) - rank-1 control match, cos 0.395","cos=0.395, p=0.000 vs 200-draw gene-label-permutation null",GCN2-IN-7,Stress_kinase_inhibitor,weak_null;singleton,0.3947059084932133
ZSH-0313,level_control_mimicry,hypothesis_triage,C,zel028_hek293,bb3=BB_8579790415,"bb3=BB_8579790415 mimics ZF135/MRTX-1719 (Unknown/Other) - rank-1 control match, cos 0.395","cos=0.395, p=0.000 vs 200-draw gene-label-permutation null",ZF135/MRTX-1719,Unknown/Other,weak_null;singleton,0.394701687980976
ZSH-0314,level_control_mimicry,hypothesis_triage,C,zel028_hek293,bb4=BB_6167857113,"bb4=BB_6167857113 mimics N-deshydroxyethyl dasatinib (BCR ABL inhibitor) - rank-1 control match, cos 0.395","cos=0.395, p=0.000 vs 200-draw gene-label-permutation null",N-deshydroxyethyl dasatinib,BCR_ABL_inhibitor,weak_null;singleton,0.3947002791691658
ZSH-0316,level_control_mimicry,hypothesis_triage,C,zel031_a549,bb1=BB_9974692940,"bb1=BB_9974692940 mimics HTH-01-015 (HSF1 heat shock validated) - rank-1 control match, cos 0.394","cos=0.394, p=0.000 vs 200-draw gene-label-permutation null",HTH-01-015,HSF1_heat_shock_validated,weak_null,0.3944691471973014
ZSH-0317,level_control_mimicry,hypothesis_triage,C,zel028_hek293,bb1=BB_3343167099,"bb1=BB_3343167099 mimics KME-2780 (Unknown Other) - rank-1 control match, cos 0.394","cos=0.394, p=0.000 vs 200-draw gene-label-permutation null",KME-2780,Unknown_Other,weak_null;singleton,0.3944141105156886
ZSH-0318,level_control_mimicry,hypothesis_triage,C,zel028_hek293,bb1=BB_4467099960,"bb1=BB_4467099960 mimics ZM336372 (MEK RAF multikinase) - rank-1 control match, cos 0.394","cos=0.394, p=0.000 vs 200-draw gene-label-permutation null",ZM336372,MEK_RAF_multikinase,weak_null;singleton,0.3942205582628109
ZSH-0319,level_control_mimicry,hypothesis_triage,C,zel031_a549,bb1=BB_4488462111,"bb1=BB_4488462111 mimics HTH-01-015 (HSF1 heat shock validated) - rank-1 control match, cos 0.394","cos=0.394, p=0.000 vs 200-draw gene-label-permutation null",HTH-01-015,HSF1_heat_shock_validated,weak_null,0.3940961729939241
ZSH-0322,level_control_mimicry,hypothesis_triage,C,zel028_hek293,bb4=BB_4156651179,"bb4=BB_4156651179 mimics JAB-3068 (Phosphatase inhibitor) - rank-1 control match, cos 0.393","cos=0.393, p=0.000 vs 200-draw gene-label-permutation null",JAB-3068,Phosphatase_inhibitor,weak_null;singleton,0.3926161651684193
ZSH-0323,level_control_mimicry,hypothesis_triage,C,zel028_hek293,bb1=BB_4811208063,"bb1=BB_4811208063 mimics MK2-IN-1 (Stress kinase inhibitor) - rank-1 control match, cos 0.392","cos=0.392, p=0.000 vs 200-draw gene-label-permutation null",MK2-IN-1,Stress_kinase_inhibitor,weak_null;singleton,0.3922154677834595
ZSH-0325,level_control_mimicry,hypothesis_triage,C,zel028_hek293,bb1=BB_7955667114,"bb1=BB_7955667114 mimics ZF135/MRTX-1719 (Unknown/Other) - rank-1 control match, cos 0.392","cos=0.392, p=0.000 vs 200-draw gene-label-permutation null",ZF135/MRTX-1719,Unknown/Other,weak_null;singleton,0.3916719854911411
ZSH-0328,level_control_mimicry,hypothesis_triage,C,zel028_hek293,bb4=BB_0657779575,"bb4=BB_0657779575 mimics KME-2780 (Unknown Other) - rank-1 control match, cos 0.391","cos=0.391, p=0.000 vs 200-draw gene-label-permutation null",KME-2780,Unknown_Other,weak_null;singleton,0.390694911644677
ZSH-0329,level_control_mimicry,hypothesis_triage,C,zel031_a549,bb1=BB_1895570180,"bb1=BB_1895570180 mimics GCN2-IN-7 (Stress kinase inhibitor) - rank-1 control match, cos 0.390","cos=0.390, p=0.000 vs 200-draw gene-label-permutation null",GCN2-IN-7,Stress_kinase_inhibitor,weak_null,0.3896998947075666
ZSH-0330,level_control_mimicry,hypothesis_triage,C,zel028_hek293,bb4=BB_8573368507,"bb4=BB_8573368507 mimics KME-2780 (Unknown Other) - rank-1 control match, cos 0.389","cos=0.389, p=0.000 vs 200-draw gene-label-permutation null",KME-2780,Unknown_Other,weak_null;singleton,0.3892861601890619
ZSH-0332,level_control_mimicry,hypothesis_triage,C,zel028_hek293,bb3=BB_1471467870,"bb3=BB_1471467870 mimics ZF135/MRTX-1719 (Unknown/Other) - rank-1 control match, cos 0.388","cos=0.388, p=0.000 vs 200-draw gene-label-permutation null",ZF135/MRTX-1719,Unknown/Other,weak_null;singleton,0.3875310965122316
ZSH-0333,level_control_mimicry,hypothesis_triage,C,zel028_hek293,bb4=BB_8984708114,"bb4=BB_8984708114 mimics ZM336372 (MEK RAF multikinase) - rank-1 control match, cos 0.387","cos=0.387, p=0.000 vs 200-draw gene-label-permutation null",ZM336372,MEK_RAF_multikinase,weak_null;singleton,0.3871297636249176
ZSH-0335,level_control_mimicry,hypothesis_triage,C,zel028_a549,bb1=BB_6317837957,"bb1=BB_6317837957 mimics HTH-01-015 (HSF1 heat shock validated) - rank-1 control match, cos 0.387","cos=0.387, p=0.000 vs 200-draw gene-label-permutation null",HTH-01-015,HSF1_heat_shock_validated,weak_null;singleton,0.3868603312732228
ZSH-0338,level_control_mimicry,hypothesis_triage,C,zel028_hek293,bb1=BB_6328387653,"bb1=BB_6328387653 mimics GCN2-IN-7 (Stress kinase inhibitor) - rank-1 control match, cos 0.386","cos=0.386, p=0.000 vs 200-draw gene-label-permutation null",GCN2-IN-7,Stress_kinase_inhibitor,weak_null;singleton,0.385792028856104
ZSH-0339,level_control_mimicry,hypothesis_triage,C,zel028_a549,bb3=BB_9265511036,"bb3=BB_9265511036 mimics GCN2-IN-7 (Stress kinase inhibitor) - rank-1 control match, cos 0.385","cos=0.385, p=0.000 vs 200-draw gene-label-permutation null",GCN2-IN-7,Stress_kinase_inhibitor,weak_null;singleton,0.3852321962263146
ZSH-0340,level_control_mimicry,hypothesis_triage,C,zel028_hek293,bb1=BB_4333033428,"bb1=BB_4333033428 mimics GCN2-IN-7 (Stress kinase inhibitor) - rank-1 control match, cos 0.385","cos=0.385, p=0.000 vs 200-draw gene-label-permutation null",GCN2-IN-7,Stress_kinase_inhibitor,weak_null;singleton,0.3851089029994466
ZSH-0342,level_control_mimicry,hypothesis_triage,C,zel039_aec7,bb2=BB_0001826021,"bb2=BB_0001826021 mimics Capmatinib (ALK MET inhibitor) - rank-1 control match, cos 0.385","cos=0.385, p=0.000 vs 200-draw gene-label-permutation null",Capmatinib,ALK_MET_inhibitor,weak_null,0.3846293757269869
ZSH-0343,level_control_mimicry,hypothesis_triage,C,zel028_a549,bb4=BB_9169702177,"bb4=BB_9169702177 mimics HTH-01-015 (HSF1 heat shock validated) - rank-1 control match, cos 0.384","cos=0.384, p=0.000 vs 200-draw gene-label-permutation null",HTH-01-015,HSF1_heat_shock_validated,weak_null;singleton,0.3843189662869323
ZSH-0344,level_control_mimicry,hypothesis_triage,C,zel028_hek293,bb1=BB_8259233692,"bb1=BB_8259233692 mimics JAB-3068 (Phosphatase inhibitor) - rank-1 control match, cos 0.384","cos=0.384, p=0.000 vs 200-draw gene-label-permutation null",JAB-3068,Phosphatase_inhibitor,weak_null;singleton,0.3841678710242038
ZSH-0346,level_control_mimicry,hypothesis_triage,C,zel039_aec7,bb2=BB_2375121697,"bb2=BB_2375121697 mimics HTH-01-015 (HSF1 heat shock validated) - rank-1 control match, cos 0.384","cos=0.384, p=0.000 vs 200-draw gene-label-permutation null",HTH-01-015,HSF1_heat_shock_validated,weak_null,0.3839720065086354
ZSH-0347,level_control_mimicry,hypothesis_triage,C,zel028_a549,bb1=BB_3343167099,"bb1=BB_3343167099 mimics HTH-01-015 (HSF1 heat shock validated) - rank-1 control match, cos 0.384","cos=0.384, p=0.000 vs 200-draw gene-label-permutation null",HTH-01-015,HSF1_heat_shock_validated,weak_null;singleton,0.3838661989632829
ZSH-0349,level_control_mimicry,hypothesis_triage,C,zel024_hek293,bb3=BB_7896412862,"bb3=BB_7896412862 mimics ZF135/MRTX-1719 (Unknown/Other) - rank-1 control match, cos 0.383","cos=0.383, p=0.000 vs 200-draw gene-label-permutation null",ZF135/MRTX-1719,Unknown/Other,weak_null,0.3829492336281396
ZSH-0352,level_control_mimicry,hypothesis_triage,C,zel028_hek293,bb4=BB_9829174648,"bb4=BB_9829174648 mimics ZF135/MRTX-1719 (Unknown/Other) - rank-1 control match, cos 0.382","cos=0.382, p=0.000 vs 200-draw gene-label-permutation null",ZF135/MRTX-1719,Unknown/Other,weak_null;singleton,0.3824596159769721
ZSH-0353,level_control_mimicry,hypothesis_triage,C,zel024_hek293,bb0=BB_4186593764,"bb0=BB_4186593764 mimics AZD-7624 (Stress kinase inhibitor) - rank-1 control match, cos 0.382","cos=0.382, p=0.000 vs 200-draw gene-label-permutation null",AZD-7624,Stress_kinase_inhibitor,weak_null,0.3821455033306909
ZSH-0354,level_control_mimicry,hypothesis_triage,C,zel028_a549,bb1=BB_7955667114,"bb1=BB_7955667114 mimics GCN2-IN-7 (Stress kinase inhibitor) - rank-1 control match, cos 0.382","cos=0.382, p=0.000 vs 200-draw gene-label-permutation null",GCN2-IN-7,Stress_kinase_inhibitor,weak_null;singleton,0.3818907907679081
ZSH-0355,level_control_mimicry,hypothesis_triage,C,zel028_hek293,bb4=BB_9076436922,"bb4=BB_9076436922 mimics KME-2780 (Unknown Other) - rank-1 control match, cos 0.382","cos=0.382, p=0.000 vs 200-draw gene-label-permutation null",KME-2780,Unknown_Other,weak_null;singleton,0.3818901572305153
ZSH-0356,level_control_mimicry,hypothesis_triage,C,zel031_a549,bb1=BB_7837625215,"bb1=BB_7837625215 mimics GCN2-IN-7 (Stress kinase inhibitor) - rank-1 control match, cos 0.382","cos=0.382, p=0.000 vs 200-draw gene-label-permutation null",GCN2-IN-7,Stress_kinase_inhibitor,weak_null,0.3816042106821454
ZSH-0357,level_control_mimicry,hypothesis_triage,C,zel028_hek293,bb3=BB_7696656032,"bb3=BB_7696656032 mimics ZF135/MRTX-1719 (Unknown/Other) - rank-1 control match, cos 0.381","cos=0.381, p=0.000 vs 200-draw gene-label-permutation null",ZF135/MRTX-1719,Unknown/Other,weak_null;singleton,0.3813404483589669
ZSH-0360,level_control_mimicry,hypothesis_triage,C,zel031_a549,bb1=BB_0390296220,"bb1=BB_0390296220 mimics GCN2-IN-7 (Stress kinase inhibitor) - rank-1 control match, cos 0.380","cos=0.380, p=0.000 vs 200-draw gene-label-permutation null",GCN2-IN-7,Stress_kinase_inhibitor,weak_null,0.3803923354532144
ZSH-0362,level_control_mimicry,hypothesis_triage,C,zel028_hek293,bb3=BB_9656987821,"bb3=BB_9656987821 mimics KME-2780 (Unknown Other) - rank-1 control match, cos 0.380","cos=0.380, p=0.000 vs 200-draw gene-label-permutation null",KME-2780,Unknown_Other,weak_null;singleton,0.37977902543771
ZSH-0365,level_control_mimicry,hypothesis_triage,C,zel028_hek293,bb3=BB_9589229674,"bb3=BB_9589229674 mimics N-deshydroxyethyl dasatinib (BCR ABL inhibitor) - rank-1 control match, cos 0.377","cos=0.377, p=0.000 vs 200-draw gene-label-permutation null",N-deshydroxyethyl dasatinib,BCR_ABL_inhibitor,weak_null;singleton,0.377434810178048
ZSH-0366,level_control_mimicry,hypothesis_triage,C,zel028_a549,bb3=BB_1842841152,"bb3=BB_1842841152 mimics HTH-01-015 (HSF1 heat shock validated) - rank-1 control match, cos 0.377","cos=0.377, p=0.000 vs 200-draw gene-label-permutation null",HTH-01-015,HSF1_heat_shock_validated,weak_null;singleton,0.3771283343693302
ZSH-0367,level_control_mimicry,hypothesis_triage,C,zel028_hek293,bb4=BB_9974692940,"bb4=BB_9974692940 mimics HTH-01-015 (HSF1 heat shock validated) - rank-1 control match, cos 0.377","cos=0.377, p=0.000 vs 200-draw gene-label-permutation null",HTH-01-015,HSF1_heat_shock_validated,weak_null;singleton,0.3769868283571124
ZSH-0369,level_control_mimicry,hypothesis_triage,C,zel028_hek293,bb3=BB_6776932943,"bb3=BB_6776932943 mimics HTH-01-015 (HSF1 heat shock validated) - rank-1 control match, cos 0.375","cos=0.375, p=0.000 vs 200-draw gene-label-permutation null",HTH-01-015,HSF1_heat_shock_validated,weak_null;singleton,0.3745207929690493
ZSH-0371,level_control_mimicry,hypothesis_triage,C,zel039_aec7,bb1=BB_4739038994,"bb1=BB_4739038994 mimics MK2-IN-1 (Stress kinase inhibitor) - rank-1 control match, cos 0.374","cos=0.374, p=0.000 vs 200-draw gene-label-permutation null",MK2-IN-1,Stress_kinase_inhibitor,weak_null,0.3735469620672845
ZSH-0372,level_control_mimicry,hypothesis_triage,C,zel028_a549,bb4=BB_7616460895,"bb4=BB_7616460895 mimics GCN2-IN-7 (Stress kinase inhibitor) - rank-1 control match, cos 0.374","cos=0.374, p=0.000 vs 200-draw gene-label-permutation null",GCN2-IN-7,Stress_kinase_inhibitor,weak_null;singleton,0.3735018022272232
ZSH-0374,level_control_mimicry,hypothesis_triage,C,zel024_hek293,bb0=BB_1008886218,"bb0=BB_1008886218 mimics derazantinib (FGFR inhibitor) - rank-1 control match, cos 0.373","cos=0.373, p=0.000 vs 200-draw gene-label-permutation null",derazantinib,FGFR_inhibitor,weak_null,0.3731980420938358
ZSH-0375,level_control_mimicry,hypothesis_triage,C,zel031_a549,bb1=BB_3140609311,"bb1=BB_3140609311 mimics GCN2-IN-7 (Stress kinase inhibitor) - rank-1 control match, cos 0.372","cos=0.372, p=0.000 vs 200-draw gene-label-permutation null",GCN2-IN-7,Stress_kinase_inhibitor,weak_null,0.3724883807756057
ZSH-0379,level_control_mimicry,hypothesis_triage,C,zel028_hek293,bb4=BB_4501961276,"bb4=BB_4501961276 mimics JAB-3068 (Phosphatase inhibitor) - rank-1 control match, cos 0.371","cos=0.371, p=0.000 vs 200-draw gene-label-permutation null",JAB-3068,Phosphatase_inhibitor,weak_null;singleton,0.3710818206025873
ZSH-0383,level_control_mimicry,hypothesis_triage,C,zel028_a549,bb1=BB_4590627149,"bb1=BB_4590627149 mimics GCN2-IN-7 (Stress kinase inhibitor) - rank-1 control match, cos 0.370","cos=0.370, p=0.000 vs 200-draw gene-label-permutation null",GCN2-IN-7,Stress_kinase_inhibitor,weak_null;singleton,0.3698529246217111
ZSH-0384,level_control_mimicry,hypothesis_triage,C,zel024_hek293,bb3=BB_0178192231,"bb3=BB_0178192231 mimics ZF135/MRTX-1719 (Unknown/Other) - rank-1 control match, cos 0.370","cos=0.370, p=0.000 vs 200-draw gene-label-permutation null",ZF135/MRTX-1719,Unknown/Other,weak_null,0.369756242387397
ZSH-0386,level_control_mimicry,hypothesis_triage,C,zel028_a549,bb4=BB_7253871423,"bb4=BB_7253871423 mimics GCN2-IN-7 (Stress kinase inhibitor) - rank-1 control match, cos 0.368","cos=0.368, p=0.000 vs 200-draw gene-label-permutation null",GCN2-IN-7,Stress_kinase_inhibitor,weak_null;singleton,0.3681860985692533
ZSH-0387,level_control_mimicry,hypothesis_triage,C,zel024_hek293,bb0=BB_3511951537,"bb0=BB_3511951537 mimics HTH-01-015 (HSF1 heat shock validated) - rank-1 control match, cos 0.368","cos=0.368, p=0.000 vs 200-draw gene-label-permutation null",HTH-01-015,HSF1_heat_shock_validated,weak_null,0.3675630977585344
ZSH-0388,level_control_mimicry,hypothesis_triage,C,zel028_hek293,bb1=BB_4429999241,"bb1=BB_4429999241 mimics MK2-IN-1 (Stress kinase inhibitor) - rank-1 control match, cos 0.367","cos=0.367, p=0.000 vs 200-draw gene-label-permutation null",MK2-IN-1,Stress_kinase_inhibitor,weak_null;singleton,0.367462172448172
ZSH-0389,level_control_mimicry,hypothesis_triage,C,zel028_hek293,bb1=BB_3244550444,"bb1=BB_3244550444 mimics ZM336372 (MEK RAF multikinase) - rank-1 control match, cos 0.367","cos=0.367, p=0.000 vs 200-draw gene-label-permutation null",ZM336372,MEK_RAF_multikinase,weak_null;singleton,0.3674453953312424
ZSH-0390,level_control_mimicry,hypothesis_triage,C,zel028_a549,bb3=BB_6978473944,"bb3=BB_6978473944 mimics HTH-01-015 (HSF1 heat shock validated) - rank-1 control match, cos 0.367","cos=0.367, p=0.000 vs 200-draw gene-label-permutation null",HTH-01-015,HSF1_heat_shock_validated,weak_null;singleton,0.367188470948714
ZSH-0392,level_control_mimicry,hypothesis_triage,C,zel028_a549,bb4=BB_8573368507,"bb4=BB_8573368507 mimics HTH-01-015 (HSF1 heat shock validated) - rank-1 control match, cos 0.366","cos=0.366, p=0.000 vs 200-draw gene-label-permutation null",HTH-01-015,HSF1_heat_shock_validated,weak_null;singleton,0.3662433768739428
ZSH-0397,level_control_mimicry,hypothesis_triage,C,zel028_a549,bb4=BB_8715425380,"bb4=BB_8715425380 mimics HTH-01-015 (HSF1 heat shock validated) - rank-1 control match, cos 0.364","cos=0.364, p=0.000 vs 200-draw gene-label-permutation null",HTH-01-015,HSF1_heat_shock_validated,weak_null;singleton,0.3641239329807476
ZSH-0399,level_control_mimicry,hypothesis_triage,C,zel028_hek293,bb4=BB_6946165266,"bb4=BB_6946165266 mimics CP-673451 (PDGFR inhibitor) - rank-1 control match, cos 0.363","cos=0.363, p=0.000 vs 200-draw gene-label-permutation null",CP-673451,PDGFR_inhibitor,weak_null;singleton,0.3633196989613542
ZSH-0400,level_control_mimicry,hypothesis_triage,C,zel028_hek293,bb3=BB_8276479476,"bb3=BB_8276479476 mimics KME-2780 (Unknown Other) - rank-1 control match, cos 0.363","cos=0.363, p=0.000 vs 200-draw gene-label-permutation null",KME-2780,Unknown_Other,weak_null;singleton,0.3632486748449791
ZSH-0401,level_control_mimicry,hypothesis_triage,C,zel028_a549,bb1=BB_6872744579,"bb1=BB_6872744579 mimics HTH-01-015 (HSF1 heat shock validated) - rank-1 control match, cos 0.363","cos=0.363, p=0.000 vs 200-draw gene-label-permutation null",HTH-01-015,HSF1_heat_shock_validated,weak_null;singleton,0.3629700878570777
ZSH-0403,level_control_mimicry,hypothesis_triage,C,zel028_a549,bb4=BB_6310246769,"bb4=BB_6310246769 mimics HTH-01-015 (HSF1 heat shock validated) - rank-1 control match, cos 0.362","cos=0.362, p=0.000 vs 200-draw gene-label-permutation null",HTH-01-015,HSF1_heat_shock_validated,weak_null;singleton,0.3622702946538707
ZSH-0404,level_control_mimicry,hypothesis_triage,C,zel028_a549,bb3=BB_2172915349,"bb3=BB_2172915349 mimics GCN2-IN-7 (Stress kinase inhibitor) - rank-1 control match, cos 0.362","cos=0.362, p=0.000 vs 200-draw gene-label-permutation null",GCN2-IN-7,Stress_kinase_inhibitor,weak_null;singleton,0.3622113752750536
ZSH-0406,level_control_mimicry,hypothesis_triage,C,zel028_a549,bb1=BB_4437896146,"bb1=BB_4437896146 mimics HTH-01-015 (HSF1 heat shock validated) - rank-1 control match, cos 0.362","cos=0.362, p=0.000 vs 200-draw gene-label-permutation null",HTH-01-015,HSF1_heat_shock_validated,weak_null;singleton,0.3615162084994327
ZSH-0407,level_control_mimicry,hypothesis_triage,C,zel028_a549,bb1=BB_4467099960,"bb1=BB_4467099960 mimics GCN2-IN-7 (Stress kinase inhibitor) - rank-1 control match, cos 0.361","cos=0.361, p=0.000 vs 200-draw gene-label-permutation null",GCN2-IN-7,Stress_kinase_inhibitor,weak_null;singleton,0.3613269303588115
ZSH-0408,level_control_mimicry,hypothesis_triage,C,zel028_hek293,bb1=BB_8003855586,"bb1=BB_8003855586 mimics MK2-IN-1 (Stress kinase inhibitor) - rank-1 control match, cos 0.360","cos=0.360, p=0.000 vs 200-draw gene-label-permutation null",MK2-IN-1,Stress_kinase_inhibitor,weak_null;singleton,0.3602228898997587
ZSH-0413,level_control_mimicry,hypothesis_triage,C,zel028_hek293,bb3=BB_7152472956,"bb3=BB_7152472956 mimics HTH-01-015 (HSF1 heat shock validated) - rank-1 control match, cos 0.358","cos=0.358, p=0.000 vs 200-draw gene-label-permutation null",HTH-01-015,HSF1_heat_shock_validated,weak_null;singleton,0.3579655733816579
ZSH-0415,level_control_mimicry,hypothesis_triage,C,zel028_hek293,bb1=BB_3943870750,"bb1=BB_3943870750 mimics ZM336372 (MEK RAF multikinase) - rank-1 control match, cos 0.358","cos=0.358, p=0.000 vs 200-draw gene-label-permutation null",ZM336372,MEK_RAF_multikinase,weak_null;singleton,0.3575687817335146
ZSH-0419,level_control_mimicry,hypothesis_triage,C,zel028_hek293,bb1=BB_4298348660,"bb1=BB_4298348660 mimics ZM336372 (MEK RAF multikinase) - rank-1 control match, cos 0.356","cos=0.356, p=0.000 vs 200-draw gene-label-permutation null",ZM336372,MEK_RAF_multikinase,weak_null;singleton,0.3555140220792433
ZSH-0420,level_control_mimicry,hypothesis_triage,C,zel028_hek293,bb3=BB_6739707806,"bb3=BB_6739707806 mimics ZM336372 (MEK RAF multikinase) - rank-1 control match, cos 0.355","cos=0.355, p=0.000 vs 200-draw gene-label-permutation null",ZM336372,MEK_RAF_multikinase,weak_null;singleton,0.3547490835482991
ZSH-0421,level_control_mimicry,hypothesis_triage,C,zel039_aec7,bb1=BB_9727029708,"bb1=BB_9727029708 mimics momelotinib/CYT387 (JAK STAT inhibitor) - rank-1 control match, cos 0.355","cos=0.355, p=0.000 vs 200-draw gene-label-permutation null",momelotinib/CYT387,JAK_STAT_inhibitor,weak_null,0.3545892404470905
ZSH-0423,level_control_mimicry,hypothesis_triage,C,zel039_aec7,bb2=BB_8523974361,"bb2=BB_8523974361 mimics MK2-IN-1 (Stress kinase inhibitor) - rank-1 control match, cos 0.354","cos=0.354, p=0.000 vs 200-draw gene-label-permutation null",MK2-IN-1,Stress_kinase_inhibitor,weak_null,0.3543468182965711
ZSH-0424,level_control_mimicry,hypothesis_triage,C,zel028_a549,bb1=BB_4298348660,"bb1=BB_4298348660 mimics GCN2-IN-7 (Stress kinase inhibitor) - rank-1 control match, cos 0.354","cos=0.354, p=0.000 vs 200-draw gene-label-permutation null",GCN2-IN-7,Stress_kinase_inhibitor,weak_null;singleton,0.3542375561128513
ZSH-0425,level_control_mimicry,hypothesis_triage,C,zel028_hek293,bb1=BB_2463268611,"bb1=BB_2463268611 mimics JAB-3068 (Phosphatase inhibitor) - rank-1 control match, cos 0.354","cos=0.354, p=0.000 vs 200-draw gene-label-permutation null",JAB-3068,Phosphatase_inhibitor,weak_null;singleton,0.3541823744971767
ZSH-0426,level_control_mimicry,hypothesis_triage,C,zel031_a549,bb1=BB_4329573890,"bb1=BB_4329573890 mimics HTH-01-015 (HSF1 heat shock validated) - rank-1 control match, cos 0.354","cos=0.354, p=0.000 vs 200-draw gene-label-permutation null",HTH-01-015,HSF1_heat_shock_validated,weak_null,0.3539679415439149
ZSH-0427,level_control_mimicry,hypothesis_triage,C,zel039_aec7,bb0=BB_3825147739,"bb0=BB_3825147739 mimics N-deshydroxyethyl dasatinib (BCR ABL inhibitor) - rank-1 control match, cos 0.354","cos=0.354, p=0.000 vs 200-draw gene-label-permutation null",N-deshydroxyethyl dasatinib,BCR_ABL_inhibitor,weak_null,0.3539367229167442
ZSH-0428,level_control_mimicry,hypothesis_triage,C,zel024_hek293,bb3=BB_1235396373,"bb3=BB_1235396373 mimics sorafenib (MEK RAF multikinase) - rank-1 control match, cos 0.354","cos=0.354, p=0.000 vs 200-draw gene-label-permutation null",sorafenib,MEK_RAF_multikinase,weak_null,0.3538662347193956
ZSH-0430,level_control_mimicry,hypothesis_triage,C,zel028_a549,bb1=BB_4781533351,"bb1=BB_4781533351 mimics GCN2-IN-7 (Stress kinase inhibitor) - rank-1 control match, cos 0.354","cos=0.354, p=0.000 vs 200-draw gene-label-permutation null",GCN2-IN-7,Stress_kinase_inhibitor,weak_null;singleton,0.3537150531460209
ZSH-0434,level_control_mimicry,hypothesis_triage,C,zel028_a549,bb3=BB_9204530019,"bb3=BB_9204530019 mimics GCN2-IN-7 (Stress kinase inhibitor) - rank-1 control match, cos 0.353","cos=0.353, p=0.000 vs 200-draw gene-label-permutation null",GCN2-IN-7,Stress_kinase_inhibitor,weak_null;singleton,0.3530749698562824
ZSH-0441,level_control_mimicry,hypothesis_triage,C,zel028_a549,bb4=BB_0657779575,"bb4=BB_0657779575 mimics HTH-01-015 (HSF1 heat shock validated) - rank-1 control match, cos 0.351","cos=0.351, p=0.000 vs 200-draw gene-label-permutation null",HTH-01-015,HSF1_heat_shock_validated,weak_null;singleton,0.3513965776973178
ZSH-0442,level_control_mimicry,hypothesis_triage,C,zel028_hek293,bb3=BB_6792771723,"bb3=BB_6792771723 mimics ZF135/MRTX-1719 (Unknown/Other) - rank-1 control match, cos 0.351","cos=0.351, p=0.000 vs 200-draw gene-label-permutation null",ZF135/MRTX-1719,Unknown/Other,weak_null;singleton,0.3512566917110676
ZSH-0443,level_control_mimicry,hypothesis_triage,C,zel028_a549,bb3=BB_8713766777,"bb3=BB_8713766777 mimics HTH-01-015 (HSF1 heat shock validated) - rank-1 control match, cos 0.351","cos=0.351, p=0.000 vs 200-draw gene-label-permutation null",HTH-01-015,HSF1_heat_shock_validated,weak_null;singleton,0.3510470199916237
ZSH-0447,level_control_mimicry,hypothesis_triage,C,zel028_hek293,bb1=BB_0333023890,"bb1=BB_0333023890 mimics JAB-3068 (Phosphatase inhibitor) - rank-1 control match, cos 0.350","cos=0.350, p=0.000 vs 200-draw gene-label-permutation null",JAB-3068,Phosphatase_inhibitor,weak_null;singleton,0.3500424319078014
ZSH-0448,level_control_mimicry,hypothesis_triage,C,zel024_hek293,bb3=BB_9543364413,"bb3=BB_9543364413 mimics HTH-01-015 (HSF1 heat shock validated) - rank-1 control match, cos 0.350","cos=0.350, p=0.000 vs 200-draw gene-label-permutation null",HTH-01-015,HSF1_heat_shock_validated,weak_null,0.3499883992403008
ZSH-0449,level_control_mimicry,hypothesis_triage,C,zel024_hek293,bb3=BB_0665565048,"bb3=BB_0665565048 mimics sorafenib (MEK RAF multikinase) - rank-1 control match, cos 0.350","cos=0.350, p=0.000 vs 200-draw gene-label-permutation null",sorafenib,MEK_RAF_multikinase,weak_null,0.3499400203363596
ZSH-0456,level_control_mimicry,hypothesis_triage,C,zel028_hek293,bb1=BB_1876988248,"bb1=BB_1876988248 mimics KME-2780 (Unknown Other) - rank-1 control match, cos 0.348","cos=0.348, p=0.000 vs 200-draw gene-label-permutation null",KME-2780,Unknown_Other,weak_null;singleton,0.3483301367342081
ZSH-0457,level_control_mimicry,hypothesis_triage,C,zel028_a549,bb1=BB_8290305979,"bb1=BB_8290305979 mimics HTH-01-015 (HSF1 heat shock validated) - rank-1 control match, cos 0.348","cos=0.348, p=0.000 vs 200-draw gene-label-permutation null",HTH-01-015,HSF1_heat_shock_validated,weak_null;singleton,0.3478358742436366
ZSH-0458,level_control_mimicry,hypothesis_triage,C,zel024_hek293,bb0=BB_1174006333,"bb0=BB_1174006333 mimics derazantinib (FGFR inhibitor) - rank-1 control match, cos 0.348","cos=0.348, p=0.000 vs 200-draw gene-label-permutation null",derazantinib,FGFR_inhibitor,weak_null,0.3476047080104002
ZSH-0459,level_control_mimicry,hypothesis_triage,C,zel039_aec7,bb1=BB_5540590266,"bb1=BB_5540590266 mimics HTH-01-015 (HSF1 heat shock validated) - rank-1 control match, cos 0.348","cos=0.348, p=0.000 vs 200-draw gene-label-permutation null",HTH-01-015,HSF1_heat_shock_validated,weak_null,0.3475919122888186
ZSH-0461,level_control_mimicry,hypothesis_triage,C,zel028_hek293,bb1=BB_4490171968,"bb1=BB_4490171968 mimics ZM336372 (MEK RAF multikinase) - rank-1 control match, cos 0.346","cos=0.346, p=0.000 vs 200-draw gene-label-permutation null",ZM336372,MEK_RAF_multikinase,weak_null;singleton,0.3458306952881268
ZSH-0464,level_control_mimicry,hypothesis_triage,C,zel028_a549,bb3=BB_1844827133,"bb3=BB_1844827133 mimics HTH-01-015 (HSF1 heat shock validated) - rank-1 control match, cos 0.345","cos=0.345, p=0.000 vs 200-draw gene-label-permutation null",HTH-01-015,HSF1_heat_shock_validated,weak_null;singleton,0.3451874850085865
ZSH-0470,level_control_mimicry,hypothesis_triage,C,zel039_aec7,bb1=BB_1599289689,"bb1=BB_1599289689 mimics lapatinib (EGFR HER2 inhibitor) - rank-1 control match, cos 0.344","cos=0.344, p=0.000 vs 200-draw gene-label-permutation null",lapatinib,EGFR_HER2_inhibitor,weak_null,0.3437504105245986
ZSH-0471,level_control_mimicry,hypothesis_triage,C,zel024_hek293,bb3=BB_7633953407,"bb3=BB_7633953407 mimics AZD-7624 (Stress kinase inhibitor) - rank-1 control match, cos 0.344","cos=0.344, p=0.000 vs 200-draw gene-label-permutation null",AZD-7624,Stress_kinase_inhibitor,weak_null,0.3435955698828993
ZSH-0472,level_control_mimicry,hypothesis_triage,C,zel028_hek293,bb1=BB_8332071132,"bb1=BB_8332071132 mimics derazantinib (FGFR inhibitor) - rank-1 control match, cos 0.343","cos=0.343, p=0.000 vs 200-draw gene-label-permutation null",derazantinib,FGFR_inhibitor,weak_null;singleton,0.3434076982753774
ZSH-0473,level_control_mimicry,hypothesis_triage,C,zel028_a549,bb3=BB_8579790415,"bb3=BB_8579790415 mimics GCN2-IN-7 (Stress kinase inhibitor) - rank-1 control match, cos 0.343","cos=0.343, p=0.000 vs 200-draw gene-label-permutation null",GCN2-IN-7,Stress_kinase_inhibitor,weak_null;singleton,0.3433504795946286
ZSH-0474,level_control_mimicry,hypothesis_triage,C,zel028_hek293,bb3=BB_7255951017,"bb3=BB_7255951017 mimics HTH-01-015 (HSF1 heat shock validated) - rank-1 control match, cos 0.343","cos=0.343, p=0.000 vs 200-draw gene-label-permutation null",HTH-01-015,HSF1_heat_shock_validated,weak_null;singleton,0.3433405326601861
ZSH-0477,level_control_mimicry,hypothesis_triage,C,zel028_hek293,bb4=BB_9778675398,"bb4=BB_9778675398 mimics JAB-3068 (Phosphatase inhibitor) - rank-1 control match, cos 0.343","cos=0.343, p=0.000 vs 200-draw gene-label-permutation null",JAB-3068,Phosphatase_inhibitor,weak_null;singleton,0.3426188606925483
ZSH-0484,level_control_mimicry,hypothesis_triage,C,zel028_a549,bb3=BB_8026381149,"bb3=BB_8026381149 mimics HTH-01-015 (HSF1 heat shock validated) - rank-1 control match, cos 0.341","cos=0.341, p=0.000 vs 200-draw gene-label-permutation null",HTH-01-015,HSF1_heat_shock_validated,weak_null;singleton,0.3411031664667302
ZSH-0487,level_control_mimicry,hypothesis_triage,C,zel031_a549,bb0=BB_0539751636,"bb0=BB_0539751636 mimics GCN2-IN-7 (Stress kinase inhibitor) - rank-1 control match, cos 0.341","cos=0.341, p=0.000 vs 200-draw gene-label-permutation null",GCN2-IN-7,Stress_kinase_inhibitor,weak_null,0.340565773448669
ZSH-0488,level_control_mimicry,hypothesis_triage,C,zel028_a549,bb3=BB_0975565345,"bb3=BB_0975565345 mimics GCN2-IN-7 (Stress kinase inhibitor) - rank-1 control match, cos 0.341","cos=0.341, p=0.000 vs 200-draw gene-label-permutation null",GCN2-IN-7,Stress_kinase_inhibitor,weak_null;singleton,0.340541752632817
ZSH-0489,level_control_mimicry,hypothesis_triage,C,zel028_hek293,bb4=BB_7797066649,"bb4=BB_7797066649 mimics JAB-3068 (Phosphatase inhibitor) - rank-1 control match, cos 0.340","cos=0.340, p=0.000 vs 200-draw gene-label-permutation null",JAB-3068,Phosphatase_inhibitor,weak_null;singleton,0.3404868417925865
ZSH-0490,level_control_mimicry,hypothesis_triage,C,zel028_hek293,bb1=BB_0510191033,"bb1=BB_0510191033 mimics BMS-509744 (Unknown Other) - rank-1 control match, cos 0.340","cos=0.340, p=0.000 vs 200-draw gene-label-permutation null",BMS-509744,Unknown_Other,weak_null;singleton,0.3400744595376247
ZSH-0494,level_control_mimicry,hypothesis_triage,C,zel028_hek293,bb1=BB_1701344746,"bb1=BB_1701344746 mimics MK2-IN-1 (Stress kinase inhibitor) - rank-1 control match, cos 0.339","cos=0.339, p=0.000 vs 200-draw gene-label-permutation null",MK2-IN-1,Stress_kinase_inhibitor,weak_null;singleton,0.3389625346317889
ZSH-0497,level_control_mimicry,hypothesis_triage,C,zel028_hek293,bb1=BB_0068478338,"bb1=BB_0068478338 mimics KME-2780 (Unknown Other) - rank-1 control match, cos 0.338","cos=0.338, p=0.000 vs 200-draw gene-label-permutation null",KME-2780,Unknown_Other,weak_null;singleton,0.3383184780333372
ZSH-0498,level_control_mimicry,hypothesis_triage,C,zel031_a549,bb0=BB_7271426626,"bb0=BB_7271426626 mimics AZD-3463 (ALK MET inhibitor) - rank-1 control match, cos 0.338","cos=0.338, p=0.000 vs 200-draw gene-label-permutation null",AZD-3463,ALK_MET_inhibitor,weak_null,0.3383062982793997
ZSH-0499,level_control_mimicry,hypothesis_triage,C,zel028_a549,bb4=BB_1998369695,"bb4=BB_1998369695 mimics GCN2-IN-7 (Stress kinase inhibitor) - rank-1 control match, cos 0.338","cos=0.338, p=0.000 vs 200-draw gene-label-permutation null",GCN2-IN-7,Stress_kinase_inhibitor,weak_null;singleton,0.3382443085970863
ZSH-0503,level_control_mimicry,hypothesis_triage,C,zel028_hek293,bb4=BB_7205283989,"bb4=BB_7205283989 mimics ZF135/MRTX-1719 (Unknown/Other) - rank-1 control match, cos 0.338","cos=0.338, p=0.000 vs 200-draw gene-label-permutation null",ZF135/MRTX-1719,Unknown/Other,weak_null;singleton,0.3376276676047327
ZSH-0505,level_control_mimicry,hypothesis_triage,C,zel024_hek293,bb3=BB_9407612552,"bb3=BB_9407612552 mimics sorafenib (MEK RAF multikinase) - rank-1 control match, cos 0.337","cos=0.337, p=0.000 vs 200-draw gene-label-permutation null",sorafenib,MEK_RAF_multikinase,weak_null,0.3371701765170302
ZSH-0508,level_control_mimicry,hypothesis_triage,C,zel028_a549,bb1=BB_3943870750,"bb1=BB_3943870750 mimics GCN2-IN-7 (Stress kinase inhibitor) - rank-1 control match, cos 0.336","cos=0.336, p=0.000 vs 200-draw gene-label-permutation null",GCN2-IN-7,Stress_kinase_inhibitor,weak_null;singleton,0.3362197054931161
ZSH-0510,level_control_mimicry,hypothesis_triage,C,zel028_a549,bb3=BB_6792771723,"bb3=BB_6792771723 mimics GCN2-IN-7 (Stress kinase inhibitor) - rank-1 control match, cos 0.335","cos=0.335, p=0.000 vs 200-draw gene-label-permutation null",GCN2-IN-7,Stress_kinase_inhibitor,weak_null;singleton,0.3354162144444074
ZSH-0511,level_control_mimicry,hypothesis_triage,C,zel028_a549,bb3=BB_1895570180,"bb3=BB_1895570180 mimics GCN2-IN-7 (Stress kinase inhibitor) - rank-1 control match, cos 0.335","cos=0.335, p=0.000 vs 200-draw gene-label-permutation null",GCN2-IN-7,Stress_kinase_inhibitor,weak_null;singleton,0.335303516621838
ZSH-0513,level_control_mimicry,hypothesis_triage,C,zel039_aec7,bb2=BB_8127476770,"bb2=BB_8127476770 mimics MK2-IN-1 (Stress kinase inhibitor) - rank-1 control match, cos 0.335","cos=0.335, p=0.000 vs 200-draw gene-label-permutation null",MK2-IN-1,Stress_kinase_inhibitor,weak_null,0.3345621103459297
ZSH-0514,level_control_mimicry,hypothesis_triage,C,zel028_a549,bb1=BB_4350180461,"bb1=BB_4350180461 mimics HTH-01-015 (HSF1 heat shock validated) - rank-1 control match, cos 0.335","cos=0.335, p=0.000 vs 200-draw gene-label-permutation null",HTH-01-015,HSF1_heat_shock_validated,weak_null;singleton,0.3345090544069909
ZSH-0515,level_control_mimicry,hypothesis_triage,C,zel039_aec7,bb2=BB_6014564733,"bb2=BB_6014564733 mimics ZF135/MRTX-1719 (Unknown/Other) - rank-1 control match, cos 0.334","cos=0.334, p=0.000 vs 200-draw gene-label-permutation null",ZF135/MRTX-1719,Unknown/Other,weak_null,0.3344894716112668
ZSH-0517,level_control_mimicry,hypothesis_triage,C,zel028_hek293,bb4=BB_2474314237,"bb4=BB_2474314237 mimics ZF135/MRTX-1719 (Unknown/Other) - rank-1 control match, cos 0.334","cos=0.334, p=0.000 vs 200-draw gene-label-permutation null",ZF135/MRTX-1719,Unknown/Other,weak_null;singleton,0.3343476545201013
ZSH-0518,level_control_mimicry,hypothesis_triage,C,zel028_hek293,bb1=BB_4781533351,"bb1=BB_4781533351 mimics ZM336372 (MEK RAF multikinase) - rank-1 control match, cos 0.334","cos=0.334, p=0.000 vs 200-draw gene-label-permutation null",ZM336372,MEK_RAF_multikinase,weak_null;singleton,0.3340593464899634
ZSH-0519,level_control_mimicry,hypothesis_triage,C,zel028_hek293,bb1=BB_8629146945,"bb1=BB_8629146945 mimics KME-2780 (Unknown Other) - rank-1 control match, cos 0.334","cos=0.334, p=0.000 vs 200-draw gene-label-permutation null",KME-2780,Unknown_Other,weak_null;singleton,0.3338378983104663
ZSH-0524,level_control_mimicry,hypothesis_triage,C,zel028_hek293,bb1=BB_5243208066,"bb1=BB_5243208066 mimics GCN2-IN-7 (Stress kinase inhibitor) - rank-1 control match, cos 0.332","cos=0.332, p=0.000 vs 200-draw gene-label-permutation null",GCN2-IN-7,Stress_kinase_inhibitor,weak_null;singleton,0.3318807219143117
ZSH-0526,level_control_mimicry,hypothesis_triage,C,zel028_hek293,bb1=BB_2758189165,"bb1=BB_2758189165 mimics sorafenib (MEK RAF multikinase) - rank-1 control match, cos 0.331","cos=0.331, p=0.000 vs 200-draw gene-label-permutation null",sorafenib,MEK_RAF_multikinase,weak_null;singleton,0.3310175103067681
ZSH-0531,level_control_mimicry,hypothesis_triage,C,zel039_aec7,bb1=BB_6304962667,"bb1=BB_6304962667 mimics MK2-IN-1 (Stress kinase inhibitor) - rank-1 control match, cos 0.331","cos=0.331, p=0.000 vs 200-draw gene-label-permutation null",MK2-IN-1,Stress_kinase_inhibitor,weak_null,0.3306801330258934
ZSH-0533,level_control_mimicry,hypothesis_triage,C,zel028_hek293,bb1=BB_4261355840,"bb1=BB_4261355840 mimics N-deshydroxyethyl dasatinib (BCR ABL inhibitor) - rank-1 control match, cos 0.330","cos=0.330, p=0.000 vs 200-draw gene-label-permutation null",N-deshydroxyethyl dasatinib,BCR_ABL_inhibitor,weak_null;singleton,0.3298809660295227
ZSH-0534,level_control_mimicry,hypothesis_triage,C,zel024_hek293,bb0=BB_7258043180,"bb0=BB_7258043180 mimics GCN2-IN-7 (Stress kinase inhibitor) - rank-1 control match, cos 0.330","cos=0.330, p=0.000 vs 200-draw gene-label-permutation null",GCN2-IN-7,Stress_kinase_inhibitor,weak_null,0.3298439736614511
ZSH-0538,level_control_mimicry,hypothesis_triage,C,zel028_hek293,bb1=BB_0057634796,"bb1=BB_0057634796 mimics STM2457 (Epigenetic writer eraser) - rank-1 control match, cos 0.330","cos=0.330, p=0.000 vs 200-draw gene-label-permutation null",STM2457,Epigenetic_writer_eraser,weak_null;singleton,0.3296232763512125
ZSH-0540,level_control_mimicry,hypothesis_triage,C,zel039_aec7,bb2=BB_4053585744,"bb2=BB_4053585744 mimics rucaparib (PARP inhibitor) - rank-1 control match, cos 0.329","cos=0.329, p=0.000 vs 200-draw gene-label-permutation null",rucaparib,PARP_inhibitor,weak_null,0.329133108088782
ZSH-0541,level_control_mimicry,hypothesis_triage,C,zel028_hek293,bb3=BB_1671826159,"bb3=BB_1671826159 mimics JAB-3068 (Phosphatase inhibitor) - rank-1 control match, cos 0.329","cos=0.329, p=0.000 vs 200-draw gene-label-permutation null",JAB-3068,Phosphatase_inhibitor,weak_null;singleton,0.3291122781457198
ZSH-0542,level_control_mimicry,hypothesis_triage,C,zel031_a549,bb1=BB_7549155266,"bb1=BB_7549155266 mimics GCN2-IN-7 (Stress kinase inhibitor) - rank-1 control match, cos 0.329","cos=0.329, p=0.000 vs 200-draw gene-label-permutation null",GCN2-IN-7,Stress_kinase_inhibitor,weak_null,0.3289304577851789
ZSH-0543,level_control_mimicry,hypothesis_triage,C,zel028_a549,bb4=BB_6886151638,"bb4=BB_6886151638 mimics GCN2-IN-7 (Stress kinase inhibitor) - rank-1 control match, cos 0.329","cos=0.329, p=0.000 vs 200-draw gene-label-permutation null",GCN2-IN-7,Stress_kinase_inhibitor,weak_null;singleton,0.3285212078349515
ZSH-0545,level_control_mimicry,hypothesis_triage,C,zel028_hek293,bb1=BB_6413431763,"bb1=BB_6413431763 mimics ZM336372 (MEK RAF multikinase) - rank-1 control match, cos 0.328","cos=0.328, p=0.000 vs 200-draw gene-label-permutation null",ZM336372,MEK_RAF_multikinase,weak_null;singleton,0.3283112210664067
ZSH-0547,level_control_mimicry,hypothesis_triage,C,zel039_aec7,bb2=BB_2197486312,"bb2=BB_2197486312 mimics MK2-IN-1 (Stress kinase inhibitor) - rank-1 control match, cos 0.327","cos=0.327, p=0.000 vs 200-draw gene-label-permutation null",MK2-IN-1,Stress_kinase_inhibitor,weak_null,0.3272987050698381
ZSH-0548,level_control_mimicry,hypothesis_triage,C,zel028_a549,bb3=BB_0919435918,"bb3=BB_0919435918 mimics GCN2-IN-7 (Stress kinase inhibitor) - rank-1 control match, cos 0.327","cos=0.327, p=0.000 vs 200-draw gene-label-permutation null",GCN2-IN-7,Stress_kinase_inhibitor,weak_null;singleton,0.3272431160724938
ZSH-0549,level_control_mimicry,hypothesis_triage,C,zel028_hek293,bb3=BB_8660821346,"bb3=BB_8660821346 mimics sorafenib (MEK RAF multikinase) - rank-1 control match, cos 0.327","cos=0.327, p=0.000 vs 200-draw gene-label-permutation null",sorafenib,MEK_RAF_multikinase,weak_null;singleton,0.3269621727375677
ZSH-0555,level_control_mimicry,hypothesis_triage,C,zel028_a549,bb3=BB_7696656032,"bb3=BB_7696656032 mimics GCN2-IN-7 (Stress kinase inhibitor) - rank-1 control match, cos 0.326","cos=0.326, p=0.000 vs 200-draw gene-label-permutation null",GCN2-IN-7,Stress_kinase_inhibitor,weak_null;singleton,0.3260824167099667
ZSH-0556,level_control_mimicry,hypothesis_triage,C,zel028_hek293,bb3=BB_7837625215,"bb3=BB_7837625215 mimics CP-673451 (PDGFR inhibitor) - rank-1 control match, cos 0.326","cos=0.326, p=0.000 vs 200-draw gene-label-permutation null",CP-673451,PDGFR_inhibitor,weak_null;singleton,0.3258395252299793
ZSH-0557,level_control_mimicry,hypothesis_triage,C,zel039_aec7,bb1=BB_9630095191,"bb1=BB_9630095191 mimics MK2-IN-1 (Stress kinase inhibitor) - rank-1 control match, cos 0.326","cos=0.326, p=0.000 vs 200-draw gene-label-permutation null",MK2-IN-1,Stress_kinase_inhibitor,weak_null,0.3258023387854818
ZSH-0560,level_control_mimicry,hypothesis_triage,C,zel031_a549,bb1=BB_2149000943,"bb1=BB_2149000943 mimics GCN2-IN-7 (Stress kinase inhibitor) - rank-1 control match, cos 0.325","cos=0.325, p=0.000 vs 200-draw gene-label-permutation null",GCN2-IN-7,Stress_kinase_inhibitor,weak_null,0.3250436518779437
ZSH-0563,level_control_mimicry,hypothesis_triage,C,zel039_aec7,bb2=BB_9498562905,"bb2=BB_9498562905 mimics BMS-509744 (Unknown Other) - rank-1 control match, cos 0.324","cos=0.324, p=0.000 vs 200-draw gene-label-permutation null",BMS-509744,Unknown_Other,weak_null,0.3243647341249381
ZSH-0571,level_control_mimicry,hypothesis_triage,C,zel028_a549,bb4=BB_3980030738,"bb4=BB_3980030738 mimics GCN2-IN-7 (Stress kinase inhibitor) - rank-1 control match, cos 0.323","cos=0.323, p=0.000 vs 200-draw gene-label-permutation null",GCN2-IN-7,Stress_kinase_inhibitor,weak_null;singleton,0.3233878180660113
ZSH-0572,level_control_mimicry,hypothesis_triage,C,zel024_hek293,bb3=BB_9507842734,"bb3=BB_9507842734 mimics N-deshydroxyethyl dasatinib (BCR ABL inhibitor) - rank-1 control match, cos 0.323","cos=0.323, p=0.000 vs 200-draw gene-label-permutation null",N-deshydroxyethyl dasatinib,BCR_ABL_inhibitor,weak_null,0.3233207862734553
ZSH-0574,level_control_mimicry,hypothesis_triage,C,zel028_a549,bb3=BB_5693738549,"bb3=BB_5693738549 mimics HTH-01-015 (HSF1 heat shock validated) - rank-1 control match, cos 0.323","cos=0.323, p=0.000 vs 200-draw gene-label-permutation null",HTH-01-015,HSF1_heat_shock_validated,weak_null;singleton,0.322909976105612
ZSH-0576,level_control_mimicry,hypothesis_triage,C,zel039_aec7,bb1=BB_2324141034,"bb1=BB_2324141034 mimics MSC1094308 (VCP/VPS4B AAA ATPase inhibitor) - rank-1 control match, cos 0.323","cos=0.323, p=0.000 vs 200-draw gene-label-permutation null",MSC1094308,AAA_ATPase_inhibitor,weak_null,0.3226333312556528
ZSH-0591,level_control_mimicry,hypothesis_triage,C,zel028_hek293,bb3=BB_2302843318,"bb3=BB_2302843318 mimics ZF135/MRTX-1719 (Unknown/Other) - rank-1 control match, cos 0.320","cos=0.320, p=0.000 vs 200-draw gene-label-permutation null",ZF135/MRTX-1719,Unknown/Other,weak_null;singleton,0.3199324488810311
ZSH-0592,level_control_mimicry,hypothesis_triage,C,zel031_a549,bb1=BB_0875017141,"bb1=BB_0875017141 mimics HTH-01-015 (HSF1 heat shock validated) - rank-1 control match, cos 0.320","cos=0.320, p=0.000 vs 200-draw gene-label-permutation null",HTH-01-015,HSF1_heat_shock_validated,weak_null,0.3198943292960112
ZSH-0597,level_control_mimicry,hypothesis_triage,C,zel028_a549,bb1=BB_8629146945,"bb1=BB_8629146945 mimics HTH-01-015 (HSF1 heat shock validated) - rank-1 control match, cos 0.318","cos=0.318, p=0.000 vs 200-draw gene-label-permutation null",HTH-01-015,HSF1_heat_shock_validated,weak_null;singleton,0.318404594226787
ZSH-0599,level_control_mimicry,hypothesis_triage,C,zel024_hek293,bb3=BB_6235533440,"bb3=BB_6235533440 mimics HTH-01-015 (HSF1 heat shock validated) - rank-1 control match, cos 0.318","cos=0.318, p=0.000 vs 200-draw gene-label-permutation null",HTH-01-015,HSF1_heat_shock_validated,weak_null,0.3179961572283628
ZSH-0600,level_control_mimicry,hypothesis_triage,C,zel028_hek293,bb4=BB_2909612855,"bb4=BB_2909612855 mimics HTH-01-015 (HSF1 heat shock validated) - rank-1 control match, cos 0.318","cos=0.318, p=0.000 vs 200-draw gene-label-permutation null",HTH-01-015,HSF1_heat_shock_validated,weak_null;singleton,0.3178499898535373
ZSH-0601,level_control_mimicry,hypothesis_triage,C,zel039_aec7,bb1=BB_2927121314,"bb1=BB_2927121314 mimics MK2-IN-1 (Stress kinase inhibitor) - rank-1 control match, cos 0.318","cos=0.318, p=0.000 vs 200-draw gene-label-permutation null",MK2-IN-1,Stress_kinase_inhibitor,weak_null,0.3176372908370994
ZSH-0602,level_control_mimicry,hypothesis_triage,C,zel028_hek293,bb1=BB_7041857889,"bb1=BB_7041857889 mimics sorafenib (MEK RAF multikinase) - rank-1 control match, cos 0.317","cos=0.317, p=0.000 vs 200-draw gene-label-permutation null",sorafenib,MEK_RAF_multikinase,weak_null;singleton,0.3174108807234032
ZSH-0604,level_control_mimicry,hypothesis_triage,C,zel028_hek293,bb3=BB_1039036398,"bb3=BB_1039036398 mimics JAB-3068 (Phosphatase inhibitor) - rank-1 control match, cos 0.317","cos=0.317, p=0.000 vs 200-draw gene-label-permutation null",JAB-3068,Phosphatase_inhibitor,weak_null;singleton,0.3166248304538741
ZSH-0608,level_control_mimicry,hypothesis_triage,C,zel031_a549,bb1=BB_8579790415,"bb1=BB_8579790415 mimics GCN2-IN-7 (Stress kinase inhibitor) - rank-1 control match, cos 0.316","cos=0.316, p=0.000 vs 200-draw gene-label-permutation null",GCN2-IN-7,Stress_kinase_inhibitor,weak_null,0.3157438639192834
ZSH-0613,level_control_mimicry,hypothesis_triage,C,zel031_a549,bb1=BB_4729940582,"bb1=BB_4729940582 mimics GCN2-IN-7 (Stress kinase inhibitor) - rank-1 control match, cos 0.315","cos=0.315, p=0.000 vs 200-draw gene-label-permutation null",GCN2-IN-7,Stress_kinase_inhibitor,weak_null,0.3145817845939351
ZSH-0615,level_control_mimicry,hypothesis_triage,C,zel028_hek293,bb4=BB_3520185025,"bb4=BB_3520185025 mimics ZM336372 (MEK RAF multikinase) - rank-1 control match, cos 0.314","cos=0.314, p=0.000 vs 200-draw gene-label-permutation null",ZM336372,MEK_RAF_multikinase,weak_null;singleton,0.3142429613442588
ZSH-0620,level_control_mimicry,hypothesis_triage,C,zel039_aec7,bb1=BB_0164651813,"bb1=BB_0164651813 mimics Capmatinib (ALK MET inhibitor) - rank-1 control match, cos 0.313","cos=0.313, p=0.000 vs 200-draw gene-label-permutation null",Capmatinib,ALK_MET_inhibitor,weak_null,0.312931718503997
ZSH-0624,level_control_mimicry,hypothesis_triage,C,zel028_a549,bb3=BB_0411171276,"bb3=BB_0411171276 mimics GCN2-IN-7 (Stress kinase inhibitor) - rank-1 control match, cos 0.313","cos=0.313, p=0.000 vs 200-draw gene-label-permutation null",GCN2-IN-7,Stress_kinase_inhibitor,weak_null;singleton,0.3125409065937954
ZSH-0636,level_control_mimicry,hypothesis_triage,C,zel028_a549,bb4=BB_2842970343,"bb4=BB_2842970343 mimics HTH-01-015 (HSF1 heat shock validated) - rank-1 control match, cos 0.310","cos=0.310, p=0.000 vs 200-draw gene-label-permutation null",HTH-01-015,HSF1_heat_shock_validated,weak_null;singleton,0.3103037092524752
ZSH-0637,level_control_mimicry,hypothesis_triage,C,zel028_a549,bb3=BB_4297446030,"bb3=BB_4297446030 mimics HTH-01-015 (HSF1 heat shock validated) - rank-1 control match, cos 0.310","cos=0.310, p=0.000 vs 200-draw gene-label-permutation null",HTH-01-015,HSF1_heat_shock_validated,weak_null;singleton,0.3101935661662173
ZSH-0639,level_control_mimicry,hypothesis_triage,C,zel028_a549,bb4=BB_1323947790,"bb4=BB_1323947790 mimics HTH-01-015 (HSF1 heat shock validated) - rank-1 control match, cos 0.310","cos=0.310, p=0.000 vs 200-draw gene-label-permutation null",HTH-01-015,HSF1_heat_shock_validated,weak_null;singleton,0.3101030385364256
ZSH-0640,level_control_mimicry,hypothesis_triage,C,zel031_a549,bb1=BB_9413321613,"bb1=BB_9413321613 mimics GCN2-IN-7 (Stress kinase inhibitor) - rank-1 control match, cos 0.310","cos=0.310, p=0.000 vs 200-draw gene-label-permutation null",GCN2-IN-7,Stress_kinase_inhibitor,weak_null,0.3100059878459204
ZSH-0642,level_control_mimicry,hypothesis_triage,C,zel024_hek293,bb3=BB_4281749019,"bb3=BB_4281749019 mimics SMARCA ligand 1 (Chromatin remodeling) - rank-1 control match, cos 0.310","cos=0.310, p=0.000 vs 200-draw gene-label-permutation null",SMARCA ligand 1,Chromatin_remodeling,weak_null,0.3098485045628567
ZSH-0645,level_control_mimicry,hypothesis_triage,C,zel028_hek293,bb1=BB_6872744579,"bb1=BB_6872744579 mimics KME-2780 (Unknown Other) - rank-1 control match, cos 0.309","cos=0.309, p=0.000 vs 200-draw gene-label-permutation null",KME-2780,Unknown_Other,weak_null;singleton,0.3090959336090816
ZSH-0647,level_control_mimicry,hypothesis_triage,C,zel028_hek293,bb1=BB_1184847906,"bb1=BB_1184847906 mimics sorafenib (MEK RAF multikinase) - rank-1 control match, cos 0.309","cos=0.309, p=0.000 vs 200-draw gene-label-permutation null",sorafenib,MEK_RAF_multikinase,weak_null;singleton,0.3090426776149544
ZSH-0649,level_control_mimicry,hypothesis_triage,C,zel028_a549,bb1=BB_5243208066,"bb1=BB_5243208066 mimics GCN2-IN-7 (Stress kinase inhibitor) - rank-1 control match, cos 0.309","cos=0.309, p=0.000 vs 200-draw gene-label-permutation null",GCN2-IN-7,Stress_kinase_inhibitor,weak_null;singleton,0.3088527861814927
ZSH-0651,level_control_mimicry,hypothesis_triage,C,zel028_a549,bb1=BB_7665146157,"bb1=BB_7665146157 mimics HTH-01-015 (HSF1 heat shock validated) - rank-1 control match, cos 0.309","cos=0.309, p=0.000 vs 200-draw gene-label-permutation null",HTH-01-015,HSF1_heat_shock_validated,weak_null;singleton,0.3087479514736924
ZSH-0653,level_control_mimicry,hypothesis_triage,C,zel028_a549,bb3=BB_6331799083,"bb3=BB_6331799083 mimics STC-15 (Epigenetic writer eraser) - rank-1 control match, cos 0.309","cos=0.309, p=0.000 vs 200-draw gene-label-permutation null",STC-15,Epigenetic_writer_eraser,weak_null;singleton,0.3085767375777922
ZSH-0655,level_control_mimicry,hypothesis_triage,C,zel028_hek293,bb1=BB_2020345630,"bb1=BB_2020345630 mimics JAB-3068 (Phosphatase inhibitor) - rank-1 control match, cos 0.308","cos=0.308, p=0.000 vs 200-draw gene-label-permutation null",JAB-3068,Phosphatase_inhibitor,weak_null;singleton,0.3080053862610086
ZSH-0658,level_control_mimicry,hypothesis_triage,C,zel028_hek293,bb1=BB_3554179083,"bb1=BB_3554179083 mimics STM2457 (Epigenetic writer eraser) - rank-1 control match, cos 0.308","cos=0.308, p=0.000 vs 200-draw gene-label-permutation null",STM2457,Epigenetic_writer_eraser,weak_null;singleton,0.3076240846523509
ZSH-0660,level_control_mimicry,hypothesis_triage,C,zel028_hek293,bb1=BB_4923564262,"bb1=BB_4923564262 mimics MK2-IN-1 (Stress kinase inhibitor) - rank-1 control match, cos 0.307","cos=0.307, p=0.000 vs 200-draw gene-label-permutation null",MK2-IN-1,Stress_kinase_inhibitor,weak_null;singleton,0.3069547387965273
ZSH-0663,level_control_mimicry,hypothesis_triage,C,zel031_a549,bb0=BB_2516664152,"bb0=BB_2516664152 mimics GCN2-IN-7 (Stress kinase inhibitor) - rank-1 control match, cos 0.307","cos=0.307, p=0.000 vs 200-draw gene-label-permutation null",GCN2-IN-7,Stress_kinase_inhibitor,weak_null,0.3065468654235743
ZSH-0664,level_control_mimicry,hypothesis_triage,C,zel028_hek293,bb3=BB_4060062978,"bb3=BB_4060062978 mimics HTH-01-015 (HSF1 heat shock validated) - rank-1 control match, cos 0.307","cos=0.307, p=0.000 vs 200-draw gene-label-permutation null",HTH-01-015,HSF1_heat_shock_validated,weak_null;singleton,0.3065309382334935
ZSH-0669,level_control_mimicry,hypothesis_triage,C,zel028_hek293,bb1=BB_1702767752,"bb1=BB_1702767752 mimics derazantinib (FGFR inhibitor) - rank-1 control match, cos 0.306","cos=0.306, p=0.000 vs 200-draw gene-label-permutation null",derazantinib,FGFR_inhibitor,weak_null;singleton,0.3057606924552976
ZSH-0671,level_control_mimicry,hypothesis_triage,C,zel024_hek293,bb0=BB_0326377388,"bb0=BB_0326377388 mimics XL019 (JAK STAT inhibitor) - rank-1 control match, cos 0.306","cos=0.306, p=0.000 vs 200-draw gene-label-permutation null",XL019,JAK_STAT_inhibitor,weak_null,0.3055085698873814
ZSH-0672,level_control_mimicry,hypothesis_triage,C,zel028_a549,bb3=BB_7255951017,"bb3=BB_7255951017 mimics HTH-01-015 (HSF1 heat shock validated) - rank-1 control match, cos 0.305","cos=0.305, p=0.000 vs 200-draw gene-label-permutation null",HTH-01-015,HSF1_heat_shock_validated,weak_null;singleton,0.3050991468448602
ZSH-0673,level_control_mimicry,hypothesis_triage,C,zel028_hek293,bb1=BB_0772210188,"bb1=BB_0772210188 mimics MK2-IN-1 (Stress kinase inhibitor) - rank-1 control match, cos 0.305","cos=0.305, p=0.000 vs 200-draw gene-label-permutation null",MK2-IN-1,Stress_kinase_inhibitor,weak_null;singleton,0.3050462217791765
ZSH-0678,level_control_mimicry,hypothesis_triage,C,zel028_a549,bb3=BB_3556381982,"bb3=BB_3556381982 mimics AZD-3463 (ALK MET inhibitor) - rank-1 control match, cos 0.304","cos=0.304, p=0.000 vs 200-draw gene-label-permutation null",AZD-3463,ALK_MET_inhibitor,weak_null;singleton,0.3044634736778205
ZSH-0681,level_control_mimicry,hypothesis_triage,C,zel028_a549,bb4=BB_0435703887,"bb4=BB_0435703887 mimics AZD-3463 (ALK MET inhibitor) - rank-1 control match, cos 0.304","cos=0.304, p=0.000 vs 200-draw gene-label-permutation null",AZD-3463,ALK_MET_inhibitor,weak_null;singleton,0.3041710863292371
ZSH-0684,level_control_mimicry,hypothesis_triage,C,zel039_aec7,bb1=BB_8415657178,"bb1=BB_8415657178 mimics rucaparib (PARP inhibitor) - rank-1 control match, cos 0.304","cos=0.304, p=0.000 vs 200-draw gene-label-permutation null",rucaparib,PARP_inhibitor,weak_null,0.3040073552366866
ZSH-0688,level_control_mimicry,hypothesis_triage,C,zel028_a549,bb1=BB_1876988248,"bb1=BB_1876988248 mimics HTH-01-015 (HSF1 heat shock validated) - rank-1 control match, cos 0.303","cos=0.303, p=0.000 vs 200-draw gene-label-permutation null",HTH-01-015,HSF1_heat_shock_validated,weak_null;singleton,0.3027321975244569
ZSH-0692,level_control_mimicry,hypothesis_triage,C,zel028_a549,bb3=BB_9724540281,"bb3=BB_9724540281 mimics HTH-01-015 (HSF1 heat shock validated) - rank-1 control match, cos 0.302","cos=0.302, p=0.000 vs 200-draw gene-label-permutation null",HTH-01-015,HSF1_heat_shock_validated,weak_null;singleton,0.3023936000480707
ZSH-0693,level_control_mimicry,hypothesis_triage,C,zel028_hek293,bb4=BB_7616460895,"bb4=BB_7616460895 mimics ZM336372 (MEK RAF multikinase) - rank-1 control match, cos 0.302","cos=0.302, p=0.000 vs 200-draw gene-label-permutation null",ZM336372,MEK_RAF_multikinase,weak_null;singleton,0.3023763257359834
ZSH-0694,level_control_mimicry,hypothesis_triage,C,zel028_hek293,bb4=BB_1557631180,"bb4=BB_1557631180 mimics ZF135/MRTX-1719 (Unknown/Other) - rank-1 control match, cos 0.302","cos=0.302, p=0.000 vs 200-draw gene-label-permutation null",ZF135/MRTX-1719,Unknown/Other,weak_null;singleton,0.3022514984559772
ZSH-0696,level_control_mimicry,hypothesis_triage,C,zel028_hek293,bb4=BB_0989365327,"bb4=BB_0989365327 mimics ZM336372 (MEK RAF multikinase) - rank-1 control match, cos 0.302","cos=0.302, p=0.000 vs 200-draw gene-label-permutation null",ZM336372,MEK_RAF_multikinase,weak_null;singleton,0.3019383409022165
ZSH-0698,level_control_mimicry,hypothesis_triage,C,zel028_a549,bb4=BB_4488462111,"bb4=BB_4488462111 mimics MSC1094308 (VCP/VPS4B AAA ATPase inhibitor) - rank-1 control match, cos 0.302","cos=0.302, p=0.000 vs 200-draw gene-label-permutation null",MSC1094308,AAA_ATPase_inhibitor,weak_null;singleton,0.3018625199730059
ZSH-0699,level_control_mimicry,hypothesis_triage,C,zel024_hek293,bb1=BB_9483475878,"bb1=BB_9483475878 mimics XL019 (JAK STAT inhibitor) - rank-1 control match, cos 0.302","cos=0.302, p=0.000 vs 200-draw gene-label-permutation null",XL019,JAK_STAT_inhibitor,weak_null,0.3018367543159251
ZSH-0701,level_control_mimicry,hypothesis_triage,C,zel028_hek293,bb1=BB_1515658596,"bb1=BB_1515658596 mimics JAB-3068 (Phosphatase inhibitor) - rank-1 control match, cos 0.301","cos=0.301, p=0.000 vs 200-draw gene-label-permutation null",JAB-3068,Phosphatase_inhibitor,weak_null;singleton,0.3011553903663331
ZSH-0708,level_control_mimicry,hypothesis_triage,C,zel031_a549,bb0=BB_9364125398,"bb0=BB_9364125398 mimics AZD-3463 (ALK MET inhibitor) - rank-1 control match, cos 0.299","cos=0.299, p=0.000 vs 200-draw gene-label-permutation null",AZD-3463,ALK_MET_inhibitor,weak_null,0.2994468659218582
ZSH-0709,level_control_mimicry,hypothesis_triage,C,zel028_hek293,bb3=BB_8713766777,"bb3=BB_8713766777 mimics HTH-01-015 (HSF1 heat shock validated) - rank-1 control match, cos 0.299","cos=0.299, p=0.000 vs 200-draw gene-label-permutation null",HTH-01-015,HSF1_heat_shock_validated,weak_null;singleton,0.2991939676461296
ZSH-0710,level_control_mimicry,hypothesis_triage,C,zel028_hek293,bb1=BB_3467217614,"bb1=BB_3467217614 mimics ZF135/MRTX-1719 (Unknown/Other) - rank-1 control match, cos 0.299","cos=0.299, p=0.000 vs 200-draw gene-label-permutation null",ZF135/MRTX-1719,Unknown/Other,weak_null;singleton,0.2990323921458461
ZSH-0715,level_control_mimicry,hypothesis_triage,C,zel028_a549,bb4=BB_6167857113,"bb4=BB_6167857113 mimics GCN2-IN-7 (Stress kinase inhibitor) - rank-1 control match, cos 0.298","cos=0.298, p=0.000 vs 200-draw gene-label-permutation null",GCN2-IN-7,Stress_kinase_inhibitor,weak_null;singleton,0.2984842865270504
ZSH-0719,level_control_mimicry,hypothesis_triage,C,zel028_a549,bb3=BB_7549155266,"bb3=BB_7549155266 mimics GCN2-IN-7 (Stress kinase inhibitor) - rank-1 control match, cos 0.297","cos=0.297, p=0.000 vs 200-draw gene-label-permutation null",GCN2-IN-7,Stress_kinase_inhibitor,weak_null;singleton,0.2971207046175756
ZSH-0720,level_control_mimicry,hypothesis_triage,C,zel028_hek293,bb1=BB_8741131108,"bb1=BB_8741131108 mimics MK2-IN-1 (Stress kinase inhibitor) - rank-1 control match, cos 0.297","cos=0.297, p=0.000 vs 200-draw gene-label-permutation null",MK2-IN-1,Stress_kinase_inhibitor,weak_null;singleton,0.2969285450759866
ZSH-0722,level_control_mimicry,hypothesis_triage,C,zel028_hek293,bb1=BB_1290459741,"bb1=BB_1290459741 mimics derazantinib (FGFR inhibitor) - rank-1 control match, cos 0.297","cos=0.297, p=0.000 vs 200-draw gene-label-permutation null",derazantinib,FGFR_inhibitor,weak_null;singleton,0.2967784211110718
ZSH-0723,level_control_mimicry,hypothesis_triage,C,zel024_hek293,bb3=BB_1579169438,"bb3=BB_1579169438 mimics ZF135/MRTX-1719 (Unknown/Other) - rank-1 control match, cos 0.297","cos=0.297, p=0.000 vs 200-draw gene-label-permutation null",ZF135/MRTX-1719,Unknown/Other,weak_null,0.2966131092721794
ZSH-0724,level_control_mimicry,hypothesis_triage,C,zel028_a549,bb3=BB_1471467870,"bb3=BB_1471467870 mimics GCN2-IN-7 (Stress kinase inhibitor) - rank-1 control match, cos 0.296","cos=0.296, p=0.000 vs 200-draw gene-label-permutation null",GCN2-IN-7,Stress_kinase_inhibitor,weak_null;singleton,0.2964556621630403
ZSH-0725,level_control_mimicry,hypothesis_triage,C,zel028_hek293,bb3=BB_0885525824,"bb3=BB_0885525824 mimics BMS-509744 (Unknown Other) - rank-1 control match, cos 0.296","cos=0.296, p=0.000 vs 200-draw gene-label-permutation null",BMS-509744,Unknown_Other,weak_null;singleton,0.2964116445051425
ZSH-0732,level_control_mimicry,hypothesis_triage,C,zel028_hek293,bb3=BB_8943054758,"bb3=BB_8943054758 mimics N-deshydroxyethyl dasatinib (BCR ABL inhibitor) - rank-1 control match, cos 0.295","cos=0.295, p=0.000 vs 200-draw gene-label-permutation null",N-deshydroxyethyl dasatinib,BCR_ABL_inhibitor,weak_null;singleton,0.2948536325855327
ZSH-0737,level_control_mimicry,hypothesis_triage,C,zel028_hek293,bb4=BB_8135509566,"bb4=BB_8135509566 mimics HTH-01-015 (HSF1 heat shock validated) - rank-1 control match, cos 0.294","cos=0.294, p=0.000 vs 200-draw gene-label-permutation null",HTH-01-015,HSF1_heat_shock_validated,weak_null;singleton,0.2943371370249591
ZSH-0739,level_control_mimicry,hypothesis_triage,C,zel028_hek293,bb3=BB_7767575353,"bb3=BB_7767575353 mimics HTH-01-015 (HSF1 heat shock validated) - rank-1 control match, cos 0.294","cos=0.294, p=0.000 vs 200-draw gene-label-permutation null",HTH-01-015,HSF1_heat_shock_validated,weak_null;singleton,0.2935338354827198
ZSH-0742,level_control_mimicry,hypothesis_triage,C,zel024_hek293,bb3=BB_7431615886,"bb3=BB_7431615886 mimics AZD-3463 (ALK MET inhibitor) - rank-1 control match, cos 0.293","cos=0.293, p=0.000 vs 200-draw gene-label-permutation null",AZD-3463,ALK_MET_inhibitor,weak_null,0.2928505361982562
ZSH-0746,level_control_mimicry,hypothesis_triage,C,zel024_hek293,bb3=BB_7153250188,"bb3=BB_7153250188 mimics KME-2780 (Unknown Other) - rank-1 control match, cos 0.292","cos=0.292, p=0.000 vs 200-draw gene-label-permutation null",KME-2780,Unknown_Other,weak_null,0.2921084784713725
ZSH-0748,level_control_mimicry,hypothesis_triage,C,zel028_hek293,bb1=BB_6595555472,"bb1=BB_6595555472 mimics Capmatinib (ALK MET inhibitor) - rank-1 control match, cos 0.292","cos=0.292, p=0.000 vs 200-draw gene-label-permutation null",Capmatinib,ALK_MET_inhibitor,weak_null;singleton,0.2920629562926564
ZSH-0755,level_control_mimicry,hypothesis_triage,C,zel024_hek293,bb3=BB_9434530945,"bb3=BB_9434530945 mimics AZD-7624 (Stress kinase inhibitor) - rank-1 control match, cos 0.290","cos=0.290, p=0.000 vs 200-draw gene-label-permutation null",AZD-7624,Stress_kinase_inhibitor,weak_null,0.2904542804602592
ZSH-0757,level_control_mimicry,hypothesis_triage,C,zel024_hek293,bb0=BB_8772701107,"bb0=BB_8772701107 mimics XL019 (JAK STAT inhibitor) - rank-1 control match, cos 0.290","cos=0.290, p=0.000 vs 200-draw gene-label-permutation null",XL019,JAK_STAT_inhibitor,weak_null,0.2901198641405144
ZSH-0760,level_control_mimicry,hypothesis_triage,C,zel028_hek293,bb3=BB_8839574583,"bb3=BB_8839574583 mimics HTH-01-015 (HSF1 heat shock validated) - rank-1 control match, cos 0.289","cos=0.289, p=0.000 vs 200-draw gene-label-permutation null",HTH-01-015,HSF1_heat_shock_validated,weak_null;singleton,0.2890476494303583
ZSH-0766,level_control_mimicry,hypothesis_triage,C,zel028_hek293,bb3=BB_3050145525,"bb3=BB_3050145525 mimics ZF135/MRTX-1719 (Unknown/Other) - rank-1 control match, cos 0.289","cos=0.289, p=0.000 vs 200-draw gene-label-permutation null",ZF135/MRTX-1719,Unknown/Other,weak_null;singleton,0.2885558833808284
ZSH-0768,level_control_mimicry,hypothesis_triage,C,zel028_hek293,bb4=BB_6089238795,"bb4=BB_6089238795 mimics ZF135/MRTX-1719 (Unknown/Other) - rank-1 control match, cos 0.288","cos=0.288, p=0.000 vs 200-draw gene-label-permutation null",ZF135/MRTX-1719,Unknown/Other,weak_null;singleton,0.288265742547395
ZSH-0771,level_control_mimicry,hypothesis_triage,C,zel028_hek293,bb3=BB_9640248643,"bb3=BB_9640248643 mimics GSK126 (Epigenetic writer eraser) - rank-1 control match, cos 0.288","cos=0.288, p=0.000 vs 200-draw gene-label-permutation null",GSK126,Epigenetic_writer_eraser,weak_null;singleton,0.2878120339231003
ZSH-0772,level_control_mimicry,hypothesis_triage,C,zel028_a549,bb4=BB_2149000943,"bb4=BB_2149000943 mimics N-deshydroxyethyl dasatinib (BCR ABL inhibitor) - rank-1 control match, cos 0.288","cos=0.288, p=0.000 vs 200-draw gene-label-permutation null",N-deshydroxyethyl dasatinib,BCR_ABL_inhibitor,weak_null;singleton,0.2876928288524222
ZSH-0773,level_control_mimicry,hypothesis_triage,C,zel031_a549,bb1=BB_0141978289,"bb1=BB_0141978289 mimics HTH-01-015 (HSF1 heat shock validated) - rank-1 control match, cos 0.287","cos=0.287, p=0.000 vs 200-draw gene-label-permutation null",HTH-01-015,HSF1_heat_shock_validated,weak_null,0.2872647308827382
ZSH-0776,level_control_mimicry,hypothesis_triage,C,zel028_a549,bb1=BB_1906808333,"bb1=BB_1906808333 mimics GCN2-IN-7 (Stress kinase inhibitor) - rank-1 control match, cos 0.287","cos=0.287, p=0.000 vs 200-draw gene-label-permutation null",GCN2-IN-7,Stress_kinase_inhibitor,weak_null;singleton,0.2866150293610825
ZSH-0778,level_control_mimicry,hypothesis_triage,C,zel028_hek293,bb3=BB_9779482469,"bb3=BB_9779482469 mimics N-deshydroxyethyl dasatinib (BCR ABL inhibitor) - rank-1 control match, cos 0.287","cos=0.287, p=0.000 vs 200-draw gene-label-permutation null",N-deshydroxyethyl dasatinib,BCR_ABL_inhibitor,weak_null;singleton,0.2865816236852813
ZSH-0787,level_control_mimicry,hypothesis_triage,C,zel028_a549,bb1=BB_0068478338,"bb1=BB_0068478338 mimics HTH-01-015 (HSF1 heat shock validated) - rank-1 control match, cos 0.285","cos=0.285, p=0.000 vs 200-draw gene-label-permutation null",HTH-01-015,HSF1_heat_shock_validated,weak_null;singleton,0.2852611672986584
ZSH-0791,level_control_mimicry,hypothesis_triage,C,zel039_aec7,bb2=BB_8489537894,"bb2=BB_8489537894 mimics ZF135/MRTX-1719 (Unknown/Other) - rank-1 control match, cos 0.285","cos=0.285, p=0.000 vs 200-draw gene-label-permutation null",ZF135/MRTX-1719,Unknown/Other,weak_null,0.2847215266925365
ZSH-0793,level_control_mimicry,hypothesis_triage,C,zel028_a549,bb3=BB_4748925037,"bb3=BB_4748925037 mimics HTH-01-015 (HSF1 heat shock validated) - rank-1 control match, cos 0.284","cos=0.284, p=0.000 vs 200-draw gene-label-permutation null",HTH-01-015,HSF1_heat_shock_validated,weak_null;singleton,0.2842512218560571
ZSH-0802,level_control_mimicry,hypothesis_triage,C,zel028_a549,bb3=BB_5425169677,"bb3=BB_5425169677 mimics GCN2-IN-7 (Stress kinase inhibitor) - rank-1 control match, cos 0.283","cos=0.283, p=0.000 vs 200-draw gene-label-permutation null",GCN2-IN-7,Stress_kinase_inhibitor,weak_null;singleton,0.2827548072273864
ZSH-0805,level_control_mimicry,hypothesis_triage,C,zel028_a549,bb3=BB_8276479476,"bb3=BB_8276479476 mimics HTH-01-015 (HSF1 heat shock validated) - rank-1 control match, cos 0.282","cos=0.282, p=0.000 vs 200-draw gene-label-permutation null",HTH-01-015,HSF1_heat_shock_validated,weak_null;singleton,0.2823557273060049
ZSH-0808,level_control_mimicry,hypothesis_triage,C,zel028_hek293,bb1=BB_4437896146,"bb1=BB_4437896146 mimics MK2-IN-1 (Stress kinase inhibitor) - rank-1 control match, cos 0.282","cos=0.282, p=0.000 vs 200-draw gene-label-permutation null",MK2-IN-1,Stress_kinase_inhibitor,weak_null;singleton,0.2818626459338449
ZSH-0811,level_control_mimicry,hypothesis_triage,C,zel028_hek293,bb1=BB_6648094442,"bb1=BB_6648094442 mimics derazantinib (FGFR inhibitor) - rank-1 control match, cos 0.280","cos=0.280, p=0.000 vs 200-draw gene-label-permutation null",derazantinib,FGFR_inhibitor,weak_null;singleton,0.2801262843404963
ZSH-0812,level_control_mimicry,hypothesis_triage,C,zel028_hek293,bb4=BB_3928169484,"bb4=BB_3928169484 mimics KME-2780 (Unknown Other) - rank-1 control match, cos 0.280","cos=0.280, p=0.000 vs 200-draw gene-label-permutation null",KME-2780,Unknown_Other,weak_null;singleton,0.2800393435919461
ZSH-0813,level_control_mimicry,hypothesis_triage,C,zel024_hek293,bb0=BB_7372899989,"bb0=BB_7372899989 mimics XL019 (JAK STAT inhibitor) - rank-1 control match, cos 0.280","cos=0.280, p=0.000 vs 200-draw gene-label-permutation null",XL019,JAK_STAT_inhibitor,weak_null,0.2799924634422577
ZSH-0814,level_control_mimicry,hypothesis_triage,C,zel028_a549,bb1=BB_4374065767,"bb1=BB_4374065767 mimics GCN2-IN-7 (Stress kinase inhibitor) - rank-1 control match, cos 0.280","cos=0.280, p=0.000 vs 200-draw gene-label-permutation null",GCN2-IN-7,Stress_kinase_inhibitor,weak_null;singleton,0.279984913295626
ZSH-0820,level_control_mimicry,hypothesis_triage,C,zel028_hek293,bb4=BB_5136219807,"bb4=BB_5136219807 mimics lapatinib (EGFR HER2 inhibitor) - rank-1 control match, cos 0.280","cos=0.280, p=0.000 vs 200-draw gene-label-permutation null",lapatinib,EGFR_HER2_inhibitor,weak_null;singleton,0.2796733084430303
ZSH-0821,level_control_mimicry,hypothesis_triage,C,zel039_aec7,bb1=BB_5372566179,"bb1=BB_5372566179 mimics rucaparib (PARP inhibitor) - rank-1 control match, cos 0.280","cos=0.280, p=0.000 vs 200-draw gene-label-permutation null",rucaparib,PARP_inhibitor,weak_null,0.2795581830811106
ZSH-0822,level_control_mimicry,hypothesis_triage,C,zel031_a549,bb1=BB_6358616567,"bb1=BB_6358616567 mimics HTH-01-015 (HSF1 heat shock validated) - rank-1 control match, cos 0.280","cos=0.280, p=0.000 vs 200-draw gene-label-permutation null",HTH-01-015,HSF1_heat_shock_validated,weak_null,0.279507996435299
ZSH-0825,level_control_mimicry,hypothesis_triage,C,zel024_hek293,bb3=BB_5543109086,"bb3=BB_5543109086 mimics CP-673451 (PDGFR inhibitor) - rank-1 control match, cos 0.279","cos=0.279, p=0.005 vs 200-draw gene-label-permutation null",CP-673451,PDGFR_inhibitor,weak_null,0.2791195620107317
ZSH-0826,level_control_mimicry,hypothesis_triage,C,zel028_hek293,bb3=BB_1235684090,"bb3=BB_1235684090 mimics HTH-01-015 (HSF1 heat shock validated) - rank-1 control match, cos 0.279","cos=0.279, p=0.000 vs 200-draw gene-label-permutation null",HTH-01-015,HSF1_heat_shock_validated,weak_null;singleton,0.2790982673048301
ZSH-0831,level_control_mimicry,hypothesis_triage,C,zel028_hek293,bb4=BB_9301427762,"bb4=BB_9301427762 mimics N-deshydroxyethyl dasatinib (BCR ABL inhibitor) - rank-1 control match, cos 0.279","cos=0.279, p=0.000 vs 200-draw gene-label-permutation null",N-deshydroxyethyl dasatinib,BCR_ABL_inhibitor,weak_null;singleton,0.2786092822153134
ZSH-0835,level_control_mimicry,hypothesis_triage,C,zel028_a549,bb4=BB_9279669837,"bb4=BB_9279669837 mimics derazantinib (FGFR inhibitor) - rank-1 control match, cos 0.278","cos=0.278, p=0.000 vs 200-draw gene-label-permutation null",derazantinib,FGFR_inhibitor,weak_null;singleton,0.2780970849175544
ZSH-0839,level_control_mimicry,hypothesis_triage,C,zel028_hek293,bb3=BB_4748925037,"bb3=BB_4748925037 mimics N-deshydroxyethyl dasatinib (BCR ABL inhibitor) - rank-1 control match, cos 0.278","cos=0.278, p=0.000 vs 200-draw gene-label-permutation null",N-deshydroxyethyl dasatinib,BCR_ABL_inhibitor,weak_null;singleton,0.2778066955782474
ZSH-0844,level_control_mimicry,hypothesis_triage,C,zel028_hek293,bb3=BB_4803236175,"bb3=BB_4803236175 mimics ZF135/MRTX-1719 (Unknown/Other) - rank-1 control match, cos 0.277","cos=0.277, p=0.000 vs 200-draw gene-label-permutation null",ZF135/MRTX-1719,Unknown/Other,weak_null;singleton,0.2768387114951179
ZSH-0845,level_control_mimicry,hypothesis_triage,C,zel031_a549,bb1=BB_4748925037,"bb1=BB_4748925037 mimics ZM336372 (MEK RAF multikinase) - rank-1 control match, cos 0.277","cos=0.277, p=0.000 vs 200-draw gene-label-permutation null",ZM336372,MEK_RAF_multikinase,weak_null,0.2766638767742933
ZSH-0846,level_control_mimicry,hypothesis_triage,C,zel028_hek293,bb1=BB_8290305979,"bb1=BB_8290305979 mimics KME-2780 (Unknown Other) - rank-1 control match, cos 0.277","cos=0.277, p=0.000 vs 200-draw gene-label-permutation null",KME-2780,Unknown_Other,weak_null;singleton,0.2766558273998623
ZSH-0850,level_control_mimicry,hypothesis_triage,C,zel024_hek293,bb3=BB_5008846823,"bb3=BB_5008846823 mimics AZD-7624 (Stress kinase inhibitor) - rank-1 control match, cos 0.276","cos=0.276, p=0.000 vs 200-draw gene-label-permutation null",AZD-7624,Stress_kinase_inhibitor,weak_null,0.2756855417511776
ZSH-0855,level_control_mimicry,hypothesis_triage,C,zel039_aec7,bb1=BB_0094546068,"bb1=BB_0094546068 mimics HTH-01-015 (HSF1 heat shock validated) - rank-1 control match, cos 0.274","cos=0.274, p=0.000 vs 200-draw gene-label-permutation null",HTH-01-015,HSF1_heat_shock_validated,weak_null,0.2742308930348291
ZSH-0858,level_control_mimicry,hypothesis_triage,C,zel028_a549,bb1=BB_0057634796,"bb1=BB_0057634796 mimics GCN2-IN-7 (Stress kinase inhibitor) - rank-1 control match, cos 0.274","cos=0.274, p=0.000 vs 200-draw gene-label-permutation null",GCN2-IN-7,Stress_kinase_inhibitor,weak_null;singleton,0.274036883838018
ZSH-0859,level_control_mimicry,hypothesis_triage,C,zel028_a549,bb3=BB_6561792115,"bb3=BB_6561792115 mimics HTH-01-015 (HSF1 heat shock validated) - rank-1 control match, cos 0.274","cos=0.274, p=0.000 vs 200-draw gene-label-permutation null",HTH-01-015,HSF1_heat_shock_validated,weak_null;singleton,0.2740244576097156
ZSH-0860,level_control_mimicry,hypothesis_triage,C,zel039_aec7,bb2=BB_7648032248,"bb2=BB_7648032248 mimics endoxifen (Nuclear hormone receptor) - rank-1 control match, cos 0.273","cos=0.273, p=0.000 vs 200-draw gene-label-permutation null",endoxifen,Nuclear_hormone_receptor,weak_null,0.2725599024224048
ZSH-0866,level_control_mimicry,hypothesis_triage,C,zel028_hek293,bb4=BB_2497342366,"bb4=BB_2497342366 mimics IRAK inhibitor 1 (Stress kinase inhibitor) - rank-1 control match, cos 0.271","cos=0.271, p=0.000 vs 200-draw gene-label-permutation null",IRAK inhibitor 1,Stress_kinase_inhibitor,weak_null;singleton,0.2714856311240476
ZSH-0867,level_control_mimicry,hypothesis_triage,C,zel028_a549,bb4=BB_7609608884,"bb4=BB_7609608884 mimics GCN2-IN-7 (Stress kinase inhibitor) - rank-1 control match, cos 0.271","cos=0.271, p=0.000 vs 200-draw gene-label-permutation null",GCN2-IN-7,Stress_kinase_inhibitor,weak_null;singleton,0.2710902474546441
ZSH-0868,level_control_mimicry,hypothesis_triage,C,zel028_hek293,bb3=BB_3744874621,"bb3=BB_3744874621 mimics ZM336372 (MEK RAF multikinase) - rank-1 control match, cos 0.271","cos=0.271, p=0.000 vs 200-draw gene-label-permutation null",ZM336372,MEK_RAF_multikinase,weak_null;singleton,0.2705459159153391
ZSH-0869,level_control_mimicry,hypothesis_triage,C,zel031_a549,bb1=BB_7797066649,"bb1=BB_7797066649 mimics HTH-01-015 (HSF1 heat shock validated) - rank-1 control match, cos 0.270","cos=0.270, p=0.000 vs 200-draw gene-label-permutation null",HTH-01-015,HSF1_heat_shock_validated,weak_null,0.2704426350389173
ZSH-0873,level_control_mimicry,hypothesis_triage,C,zel024_hek293,bb1=BB_2686618432,"bb1=BB_2686618432 mimics XL019 (JAK STAT inhibitor) - rank-1 control match, cos 0.270","cos=0.270, p=0.000 vs 200-draw gene-label-permutation null",XL019,JAK_STAT_inhibitor,weak_null,0.2703350352124808
ZSH-0877,level_control_mimicry,hypothesis_triage,C,zel024_hek293,bb3=BB_8380388218,"bb3=BB_8380388218 mimics KME-2780 (Unknown Other) - rank-1 control match, cos 0.270","cos=0.270, p=0.000 vs 200-draw gene-label-permutation null",KME-2780,Unknown_Other,weak_null,0.2700777052985313
ZSH-0884,level_control_mimicry,hypothesis_triage,C,zel024_hek293,bb3=BB_3609802542,"bb3=BB_3609802542 mimics SMARCA ligand 1 (Chromatin remodeling) - rank-1 control match, cos 0.270","cos=0.270, p=0.000 vs 200-draw gene-label-permutation null",SMARCA ligand 1,Chromatin_remodeling,weak_null,0.2695928379392842
ZSH-0885,level_control_mimicry,hypothesis_triage,C,zel028_hek293,bb1=BB_2296671906,"bb1=BB_2296671906 mimics derazantinib (FGFR inhibitor) - rank-1 control match, cos 0.269","cos=0.269, p=0.000 vs 200-draw gene-label-permutation null",derazantinib,FGFR_inhibitor,weak_null;singleton,0.2694268492879412
ZSH-0886,level_control_mimicry,hypothesis_triage,C,zel028_hek293,bb4=BB_9279669837,"bb4=BB_9279669837 mimics derazantinib (FGFR inhibitor) - rank-1 control match, cos 0.269","cos=0.269, p=0.000 vs 200-draw gene-label-permutation null",derazantinib,FGFR_inhibitor,weak_null;singleton,0.2693894119394961
ZSH-0888,level_control_mimicry,hypothesis_triage,C,zel031_a549,bb1=BB_4179173119,"bb1=BB_4179173119 mimics HTH-01-015 (HSF1 heat shock validated) - rank-1 control match, cos 0.269","cos=0.269, p=0.000 vs 200-draw gene-label-permutation null",HTH-01-015,HSF1_heat_shock_validated,weak_null,0.26925479128501
ZSH-0889,level_control_mimicry,hypothesis_triage,C,zel039_aec7,bb2=BB_3942387955,"bb2=BB_3942387955 mimics MK2-IN-1 (Stress kinase inhibitor) - rank-1 control match, cos 0.269","cos=0.269, p=0.000 vs 200-draw gene-label-permutation null",MK2-IN-1,Stress_kinase_inhibitor,weak_null,0.2690701275123925
ZSH-0890,level_control_mimicry,hypothesis_triage,C,zel031_a549,bb1=BB_6112128578,"bb1=BB_6112128578 mimics AZD-3463 (ALK MET inhibitor) - rank-1 control match, cos 0.269","cos=0.269, p=0.000 vs 200-draw gene-label-permutation null",AZD-3463,ALK_MET_inhibitor,weak_null,0.2689940762516443
ZSH-0892,level_control_mimicry,hypothesis_triage,C,zel028_hek293,bb1=BB_4069834956,"bb1=BB_4069834956 mimics N-deshydroxyethyl dasatinib (BCR ABL inhibitor) - rank-1 control match, cos 0.269","cos=0.269, p=0.000 vs 200-draw gene-label-permutation null",N-deshydroxyethyl dasatinib,BCR_ABL_inhibitor,weak_null;singleton,0.2685221317944587
ZSH-0895,level_control_mimicry,hypothesis_triage,C,zel028_a549,bb1=BB_8667308814,"bb1=BB_8667308814 mimics GCN2-IN-7 (Stress kinase inhibitor) - rank-1 control match, cos 0.268","cos=0.268, p=0.000 vs 200-draw gene-label-permutation null",GCN2-IN-7,Stress_kinase_inhibitor,weak_null;singleton,0.2681769795417221
ZSH-0896,level_control_mimicry,hypothesis_triage,C,zel039_aec7,bb1=BB_8778542709,"bb1=BB_8778542709 mimics rucaparib (PARP inhibitor) - rank-1 control match, cos 0.268","cos=0.268, p=0.000 vs 200-draw gene-label-permutation null",rucaparib,PARP_inhibitor,weak_null,0.2679086821371348
ZSH-0898,level_control_mimicry,hypothesis_triage,C,zel028_hek293,bb4=BB_3460962441,"bb4=BB_3460962441 mimics ZM336372 (MEK RAF multikinase) - rank-1 control match, cos 0.268","cos=0.268, p=0.000 vs 200-draw gene-label-permutation null",ZM336372,MEK_RAF_multikinase,weak_null;singleton,0.2677949112761323
ZSH-0899,level_control_mimicry,hypothesis_triage,C,zel028_a549,bb4=BB_0632771620,"bb4=BB_0632771620 mimics GCN2-IN-7 (Stress kinase inhibitor) - rank-1 control match, cos 0.268","cos=0.268, p=0.000 vs 200-draw gene-label-permutation null",GCN2-IN-7,Stress_kinase_inhibitor,weak_null;singleton,0.2677780164709279
ZSH-0903,level_control_mimicry,hypothesis_triage,C,zel028_a549,bb3=BB_1680041278,"bb3=BB_1680041278 mimics HTH-01-015 (HSF1 heat shock validated) - rank-1 control match, cos 0.267","cos=0.267, p=0.000 vs 200-draw gene-label-permutation null",HTH-01-015,HSF1_heat_shock_validated,weak_null;singleton,0.2672516280262481
ZSH-0904,level_control_mimicry,hypothesis_triage,C,zel028_a549,bb4=BB_1557631180,"bb4=BB_1557631180 mimics GCN2-IN-7 (Stress kinase inhibitor) - rank-1 control match, cos 0.267","cos=0.267, p=0.000 vs 200-draw gene-label-permutation null",GCN2-IN-7,Stress_kinase_inhibitor,weak_null;singleton,0.2670338372199935
ZSH-0907,level_control_mimicry,hypothesis_triage,C,zel028_hek293,bb4=BB_0047100301,"bb4=BB_0047100301 mimics GCN2-IN-7 (Stress kinase inhibitor) - rank-1 control match, cos 0.267","cos=0.267, p=0.000 vs 200-draw gene-label-permutation null",GCN2-IN-7,Stress_kinase_inhibitor,weak_null;singleton,0.2669312485009404
ZSH-0914,level_control_mimicry,hypothesis_triage,C,zel028_hek293,bb3=BB_6847716822,"bb3=BB_6847716822 mimics derazantinib (FGFR inhibitor) - rank-1 control match, cos 0.266","cos=0.266, p=0.000 vs 200-draw gene-label-permutation null",derazantinib,FGFR_inhibitor,weak_null;singleton,0.2660972396237437
ZSH-0917,level_control_mimicry,hypothesis_triage,C,zel028_a549,bb4=BB_0784487728,"bb4=BB_0784487728 mimics HTH-01-015 (HSF1 heat shock validated) - rank-1 control match, cos 0.265","cos=0.265, p=0.000 vs 200-draw gene-label-permutation null",HTH-01-015,HSF1_heat_shock_validated,weak_null;singleton,0.265410316687676
ZSH-0922,level_control_mimicry,hypothesis_triage,C,zel028_hek293,bb4=BB_0197599538,"bb4=BB_0197599538 mimics fexagratinib (FGFR inhibitor) - rank-1 control match, cos 0.265","cos=0.265, p=0.000 vs 200-draw gene-label-permutation null",fexagratinib,FGFR_inhibitor,weak_null;singleton,0.2650204763210559
ZSH-0923,level_control_mimicry,hypothesis_triage,C,zel028_hek293,bb1=BB_6290953361,"bb1=BB_6290953361 mimics KME-2780 (Unknown Other) - rank-1 control match, cos 0.265","cos=0.265, p=0.000 vs 200-draw gene-label-permutation null",KME-2780,Unknown_Other,weak_null;singleton,0.264987456826451
ZSH-0925,level_control_mimicry,hypothesis_triage,C,zel028_a549,bb3=BB_3829381442,"bb3=BB_3829381442 mimics HTH-01-015 (HSF1 heat shock validated) - rank-1 control match, cos 0.265","cos=0.265, p=0.000 vs 200-draw gene-label-permutation null",HTH-01-015,HSF1_heat_shock_validated,weak_null;singleton,0.2649750781502526
ZSH-0926,level_control_mimicry,hypothesis_triage,C,zel031_a549,bb1=BB_3829381442,"bb1=BB_3829381442 mimics HTH-01-015 (HSF1 heat shock validated) - rank-1 control match, cos 0.265","cos=0.265, p=0.000 vs 200-draw gene-label-permutation null",HTH-01-015,HSF1_heat_shock_validated,weak_null,0.2647086995398772
ZSH-0929,level_control_mimicry,hypothesis_triage,C,zel028_hek293,bb4=BB_9834567321,"bb4=BB_9834567321 mimics fexagratinib (FGFR inhibitor) - rank-1 control match, cos 0.264","cos=0.264, p=0.000 vs 200-draw gene-label-permutation null",fexagratinib,FGFR_inhibitor,weak_null;singleton,0.2644844326833092
ZSH-0931,level_control_mimicry,hypothesis_triage,C,zel028_hek293,bb3=BB_6978473944,"bb3=BB_6978473944 mimics KME-2780 (Unknown Other) - rank-1 control match, cos 0.264","cos=0.264, p=0.000 vs 200-draw gene-label-permutation null",KME-2780,Unknown_Other,weak_null;singleton,0.2644198926599017
ZSH-0934,level_control_mimicry,hypothesis_triage,C,zel028_a549,bb3=BB_1235684090,"bb3=BB_1235684090 mimics HTH-01-015 (HSF1 heat shock validated) - rank-1 control match, cos 0.264","cos=0.264, p=0.000 vs 200-draw gene-label-permutation null",HTH-01-015,HSF1_heat_shock_validated,weak_null;singleton,0.2637225544680947
ZSH-0936,level_control_mimicry,hypothesis_triage,C,zel031_a549,bb0=BB_5863299876,"bb0=BB_5863299876 mimics HTH-01-015 (HSF1 heat shock validated) - rank-1 control match, cos 0.264","cos=0.264, p=0.000 vs 200-draw gene-label-permutation null",HTH-01-015,HSF1_heat_shock_validated,weak_null,0.2637038923810954
ZSH-0940,level_control_mimicry,hypothesis_triage,C,zel028_hek293,bb2=BB_3460866978,"bb2=BB_3460866978 mimics STM2457 (Epigenetic writer eraser) - rank-1 control match, cos 0.263","cos=0.263, p=0.000 vs 200-draw gene-label-permutation null",STM2457,Epigenetic_writer_eraser,weak_null;singleton,0.2630412584395144
ZSH-0941,level_control_mimicry,hypothesis_triage,C,zel028_hek293,bb3=BB_0141978289,"bb3=BB_0141978289 mimics GSK126 (Epigenetic writer eraser) - rank-1 control match, cos 0.263","cos=0.263, p=0.000 vs 200-draw gene-label-permutation null",GSK126,Epigenetic_writer_eraser,weak_null;singleton,0.2626136202319182
ZSH-0942,level_control_mimicry,hypothesis_triage,C,zel024_hek293,bb3=BB_1483345899,"bb3=BB_1483345899 mimics derazantinib (FGFR inhibitor) - rank-1 control match, cos 0.263","cos=0.263, p=0.000 vs 200-draw gene-label-permutation null",derazantinib,FGFR_inhibitor,weak_null,0.2625389694645184
ZSH-0945,level_control_mimicry,hypothesis_triage,C,zel028_a549,bb1=BB_3244550444,"bb1=BB_3244550444 mimics GCN2-IN-7 (Stress kinase inhibitor) - rank-1 control match, cos 0.262","cos=0.262, p=0.000 vs 200-draw gene-label-permutation null",GCN2-IN-7,Stress_kinase_inhibitor,weak_null;singleton,0.2623853375550937
ZSH-0949,level_control_mimicry,hypothesis_triage,C,zel028_hek293,bb1=BB_1596297894,"bb1=BB_1596297894 mimics STM2457 (Epigenetic writer eraser) - rank-1 control match, cos 0.262","cos=0.262, p=0.000 vs 200-draw gene-label-permutation null",STM2457,Epigenetic_writer_eraser,weak_null;singleton,0.2616208805566126
ZSH-0951,level_control_mimicry,hypothesis_triage,C,zel031_a549,bb0=BB_8117313079,"bb0=BB_8117313079 mimics GCN2-IN-7 (Stress kinase inhibitor) - rank-1 control match, cos 0.261","cos=0.261, p=0.000 vs 200-draw gene-label-permutation null",GCN2-IN-7,Stress_kinase_inhibitor,weak_null,0.2614595820234757
ZSH-0952,level_control_mimicry,hypothesis_triage,C,zel024_hek293,bb3=BB_1708320181,"bb3=BB_1708320181 mimics ZF135/MRTX-1719 (Unknown/Other) - rank-1 control match, cos 0.261","cos=0.261, p=0.000 vs 200-draw gene-label-permutation null",ZF135/MRTX-1719,Unknown/Other,weak_null,0.2614550947633131
ZSH-0956,level_control_mimicry,hypothesis_triage,C,zel039_aec7,bb1=BB_7872179906,"bb1=BB_7872179906 mimics rucaparib (PARP inhibitor) - rank-1 control match, cos 0.261","cos=0.261, p=0.000 vs 200-draw gene-label-permutation null",rucaparib,PARP_inhibitor,weak_null,0.2606695403008489
ZSH-0957,level_control_mimicry,hypothesis_triage,C,zel028_a549,bb4=BB_7080851540,"bb4=BB_7080851540 mimics HTH-01-015 (HSF1 heat shock validated) - rank-1 control match, cos 0.260","cos=0.260, p=0.000 vs 200-draw gene-label-permutation null",HTH-01-015,HSF1_heat_shock_validated,weak_null;singleton,0.2604481177859511
ZSH-0960,level_control_mimicry,hypothesis_triage,C,zel028_hek293,bb1=BB_2053918042,"bb1=BB_2053918042 mimics JAB-3068 (Phosphatase inhibitor) - rank-1 control match, cos 0.260","cos=0.260, p=0.000 vs 200-draw gene-label-permutation null",JAB-3068,Phosphatase_inhibitor,weak_null;singleton,0.2600541764191472
ZSH-0961,level_control_mimicry,hypothesis_triage,C,zel039_aec7,bb2=BB_9889940298,"bb2=BB_9889940298 mimics sorafenib (MEK RAF multikinase) - rank-1 control match, cos 0.260","cos=0.260, p=0.000 vs 200-draw gene-label-permutation null",sorafenib,MEK_RAF_multikinase,weak_null,0.2595254224839963
ZSH-0963,level_control_mimicry,hypothesis_triage,C,zel024_hek293,bb3=BB_3497641765,"bb3=BB_3497641765 mimics N-deshydroxyethyl dasatinib (BCR ABL inhibitor) - rank-1 control match, cos 0.259","cos=0.259, p=0.000 vs 200-draw gene-label-permutation null",N-deshydroxyethyl dasatinib,BCR_ABL_inhibitor,weak_null,0.2592617505029393
ZSH-0966,level_control_mimicry,hypothesis_triage,C,zel028_hek293,bb3=BB_1597208583,"bb3=BB_1597208583 mimics BMS-509744 (Unknown Other) - rank-1 control match, cos 0.259","cos=0.259, p=0.000 vs 200-draw gene-label-permutation null",BMS-509744,Unknown_Other,weak_null;singleton,0.2588891648467122
ZSH-0968,level_control_mimicry,hypothesis_triage,C,zel028_a549,bb3=BB_9589229674,"bb3=BB_9589229674 mimics STC-15 (Epigenetic writer eraser) - rank-1 control match, cos 0.258","cos=0.258, p=0.000 vs 200-draw gene-label-permutation null",STC-15,Epigenetic_writer_eraser,weak_null;singleton,0.25845420265882
ZSH-0969,level_control_mimicry,hypothesis_triage,C,zel028_hek293,bb3=BB_9266277810,"bb3=BB_9266277810 mimics N-deshydroxyethyl dasatinib (BCR ABL inhibitor) - rank-1 control match, cos 0.258","cos=0.258, p=0.000 vs 200-draw gene-label-permutation null",N-deshydroxyethyl dasatinib,BCR_ABL_inhibitor,weak_null;singleton,0.25839131558883
ZSH-0970,level_control_mimicry,hypothesis_triage,C,zel028_a549,bb4=BB_5929339909,"bb4=BB_5929339909 mimics MSC1094308 (VCP/VPS4B AAA ATPase inhibitor) - rank-1 control match, cos 0.258","cos=0.258, p=0.000 vs 200-draw gene-label-permutation null",MSC1094308,AAA_ATPase_inhibitor,weak_null;singleton,0.258311175725813
ZSH-0971,level_control_mimicry,hypothesis_triage,C,zel028_a549,bb3=BB_6943918746,"bb3=BB_6943918746 mimics derazantinib (FGFR inhibitor) - rank-1 control match, cos 0.258","cos=0.258, p=0.000 vs 200-draw gene-label-permutation null",derazantinib,FGFR_inhibitor,weak_null;singleton,0.2582530518305966
ZSH-0973,level_control_mimicry,hypothesis_triage,C,zel028_hek293,bb1=BB_7878081693,"bb1=BB_7878081693 mimics MK2-IN-1 (Stress kinase inhibitor) - rank-1 control match, cos 0.258","cos=0.258, p=0.000 vs 200-draw gene-label-permutation null",MK2-IN-1,Stress_kinase_inhibitor,weak_null;singleton,0.258117311935999
ZSH-0977,level_control_mimicry,hypothesis_triage,C,zel028_hek293,bb4=BB_0151361091,"bb4=BB_0151361091 mimics KME-2780 (Unknown Other) - rank-1 control match, cos 0.258","cos=0.258, p=0.000 vs 200-draw gene-label-permutation null",KME-2780,Unknown_Other,weak_null;singleton,0.2577159345628833
ZSH-0980,level_control_mimicry,hypothesis_triage,C,zel039_aec7,bb2=BB_7709010551,"bb2=BB_7709010551 mimics Capmatinib (ALK MET inhibitor) - rank-1 control match, cos 0.257","cos=0.257, p=0.000 vs 200-draw gene-label-permutation null",Capmatinib,ALK_MET_inhibitor,weak_null,0.2574350657749965
ZSH-0982,level_control_mimicry,hypothesis_triage,C,zel028_hek293,bb3=BB_3829381442,"bb3=BB_3829381442 mimics JAB-3068 (Phosphatase inhibitor) - rank-1 control match, cos 0.257","cos=0.257, p=0.000 vs 200-draw gene-label-permutation null",JAB-3068,Phosphatase_inhibitor,weak_null;singleton,0.2572179974272743
ZSH-0983,level_control_mimicry,hypothesis_triage,C,zel028_hek293,bb1=BB_0965953915,"bb1=BB_0965953915 mimics derazantinib (FGFR inhibitor) - rank-1 control match, cos 0.257","cos=0.257, p=0.000 vs 200-draw gene-label-permutation null",derazantinib,FGFR_inhibitor,weak_null;singleton,0.2569815919548867
ZSH-0985,level_control_mimicry,hypothesis_triage,C,zel039_aec7,bb1=BB_6383795180,"bb1=BB_6383795180 mimics XL019 (JAK STAT inhibitor) - rank-1 control match, cos 0.257","cos=0.257, p=0.000 vs 200-draw gene-label-permutation null",XL019,JAK_STAT_inhibitor,weak_null,0.2566554064352055
ZSH-0987,level_control_mimicry,hypothesis_triage,C,zel039_aec7,bb0=BB_0995925376,"bb0=BB_0995925376 mimics Crizotinib (ALK MET inhibitor) - rank-1 control match, cos 0.256","cos=0.256, p=0.000 vs 200-draw gene-label-permutation null",Crizotinib,ALK_MET_inhibitor,weak_null,0.2562667319609824
ZSH-0990,level_control_mimicry,hypothesis_triage,C,zel031_a549,bb0=BB_9498923076,"bb0=BB_9498923076 mimics AZD-3463 (ALK MET inhibitor) - rank-1 control match, cos 0.256","cos=0.256, p=0.000 vs 200-draw gene-label-permutation null",AZD-3463,ALK_MET_inhibitor,weak_null,0.2557399935016749
ZSH-0991,level_control_mimicry,hypothesis_triage,C,zel028_a549,bb2=BB_3460866978,"bb2=BB_3460866978 mimics AZD-3463 (ALK MET inhibitor) - rank-1 control match, cos 0.255","cos=0.255, p=0.000 vs 200-draw gene-label-permutation null",AZD-3463,ALK_MET_inhibitor,weak_null;singleton,0.2554520304491636
ZSH-0993,level_control_mimicry,hypothesis_triage,C,zel028_hek293,bb3=BB_6358616567,"bb3=BB_6358616567 mimics KME-2780 (Unknown Other) - rank-1 control match, cos 0.255","cos=0.255, p=0.000 vs 200-draw gene-label-permutation null",KME-2780,Unknown_Other,weak_null;singleton,0.2550809700371504
ZSH-0994,level_control_mimicry,hypothesis_triage,C,zel024_hek293,bb3=BB_7255455512,"bb3=BB_7255455512 mimics SMARCA ligand 1 (Chromatin remodeling) - rank-1 control match, cos 0.255","cos=0.255, p=0.000 vs 200-draw gene-label-permutation null",SMARCA ligand 1,Chromatin_remodeling,weak_null,0.2549383742637551
ZSH-0996,level_control_mimicry,hypothesis_triage,C,zel028_a549,bb1=BB_5033587669,"bb1=BB_5033587669 mimics GCN2-IN-7 (Stress kinase inhibitor) - rank-1 control match, cos 0.255","cos=0.255, p=0.000 vs 200-draw gene-label-permutation null",GCN2-IN-7,Stress_kinase_inhibitor,weak_null;singleton,0.2548263006504377
ZSH-0997,level_control_mimicry,hypothesis_triage,C,zel028_hek293,bb1=BB_7665146157,"bb1=BB_7665146157 mimics derazantinib (FGFR inhibitor) - rank-1 control match, cos 0.255","cos=0.255, p=0.000 vs 200-draw gene-label-permutation null",derazantinib,FGFR_inhibitor,weak_null;singleton,0.2548049884515932
ZSH-0998,level_control_mimicry,hypothesis_triage,C,zel028_a549,bb4=BB_8984708114,"bb4=BB_8984708114 mimics ZM336372 (MEK RAF multikinase) - rank-1 control match, cos 0.255","cos=0.255, p=0.000 vs 200-draw gene-label-permutation null",ZM336372,MEK_RAF_multikinase,weak_null;singleton,0.2546450605124264
ZSH-0999,level_control_mimicry,hypothesis_triage,C,zel028_a549,bb3=BB_7837625215,"bb3=BB_7837625215 mimics GCN2-IN-7 (Stress kinase inhibitor) - rank-1 control match, cos 0.255","cos=0.255, p=0.000 vs 200-draw gene-label-permutation null",GCN2-IN-7,Stress_kinase_inhibitor,weak_null;singleton,0.2546307622795703
ZSH-1001,level_control_mimicry,hypothesis_triage,C,zel028_a549,bb4=BB_8019107213,"bb4=BB_8019107213 mimics STM2457 (Epigenetic writer eraser) - rank-1 control match, cos 0.254","cos=0.254, p=0.000 vs 200-draw gene-label-permutation null",STM2457,Epigenetic_writer_eraser,weak_null;singleton,0.25429454750647
ZSH-1002,level_control_mimicry,hypothesis_triage,C,zel031_a549,bb0=BB_9448954666,"bb0=BB_9448954666 mimics AZD-3463 (ALK MET inhibitor) - rank-1 control match, cos 0.254","cos=0.254, p=0.000 vs 200-draw gene-label-permutation null",AZD-3463,ALK_MET_inhibitor,weak_null,0.254183248016163
ZSH-1003,level_control_mimicry,hypothesis_triage,C,zel028_hek293,bb4=BB_4873324777,"bb4=BB_4873324777 mimics BMS-509744 (Unknown Other) - rank-1 control match, cos 0.254","cos=0.254, p=0.000 vs 200-draw gene-label-permutation null",BMS-509744,Unknown_Other,weak_null;singleton,0.2540281934615024
ZSH-1004,level_control_mimicry,hypothesis_triage,C,zel031_a549,bb1=BB_9829174648,"bb1=BB_9829174648 mimics HTH-01-015 (HSF1 heat shock validated) - rank-1 control match, cos 0.254","cos=0.254, p=0.000 vs 200-draw gene-label-permutation null",HTH-01-015,HSF1_heat_shock_validated,weak_null,0.2540059859994474
ZSH-1005,level_control_mimicry,hypothesis_triage,C,zel028_hek293,bb3=BB_0068057945,"bb3=BB_0068057945 mimics BMS-509744 (Unknown Other) - rank-1 control match, cos 0.254","cos=0.254, p=0.000 vs 200-draw gene-label-permutation null",BMS-509744,Unknown_Other,weak_null;singleton,0.2539309098770141
ZSH-1007,level_control_mimicry,hypothesis_triage,C,zel028_a549,bb4=BB_2497342366,"bb4=BB_2497342366 mimics MK2-IN-1 (Stress kinase inhibitor) - rank-1 control match, cos 0.253","cos=0.253, p=0.000 vs 200-draw gene-label-permutation null",MK2-IN-1,Stress_kinase_inhibitor,weak_null;singleton,0.2534901377594443
ZSH-1010,level_control_mimicry,hypothesis_triage,C,zel028_a549,bb4=BB_4501961276,"bb4=BB_4501961276 mimics GCN2-IN-7 (Stress kinase inhibitor) - rank-1 control match, cos 0.253","cos=0.253, p=0.000 vs 200-draw gene-label-permutation null",GCN2-IN-7,Stress_kinase_inhibitor,weak_null;singleton,0.2534110121859885
ZSH-1011,level_control_mimicry,hypothesis_triage,C,zel039_aec7,bb1=BB_2585216724,"bb1=BB_2585216724 mimics rucaparib (PARP inhibitor) - rank-1 control match, cos 0.253","cos=0.253, p=0.000 vs 200-draw gene-label-permutation null",rucaparib,PARP_inhibitor,weak_null,0.2533279868071106
ZSH-1012,level_control_mimicry,hypothesis_triage,C,zel039_aec7,bb2=BB_4204953307,"bb2=BB_4204953307 mimics rucaparib (PARP inhibitor) - rank-1 control match, cos 0.253","cos=0.253, p=0.000 vs 200-draw gene-label-permutation null",rucaparib,PARP_inhibitor,weak_null,0.253219853706219
ZSH-1013,level_control_mimicry,hypothesis_triage,C,zel031_a549,bb1=BB_0440317785,"bb1=BB_0440317785 mimics HTH-01-015 (HSF1 heat shock validated) - rank-1 control match, cos 0.253","cos=0.253, p=0.000 vs 200-draw gene-label-permutation null",HTH-01-015,HSF1_heat_shock_validated,weak_null,0.2531116411825486
ZSH-1021,level_control_mimicry,hypothesis_triage,C,zel024_hek293,bb0=BB_2046017352,"bb0=BB_2046017352 mimics Crizotinib (ALK MET inhibitor) - rank-1 control match, cos 0.252","cos=0.252, p=0.000 vs 200-draw gene-label-permutation null",Crizotinib,ALK_MET_inhibitor,weak_null,0.2517344653916662
ZSH-1022,level_control_mimicry,hypothesis_triage,C,zel039_aec7,bb1=BB_8930974984,"bb1=BB_8930974984 mimics HTH-01-015 (HSF1 heat shock validated) - rank-1 control match, cos 0.252","cos=0.252, p=0.000 vs 200-draw gene-label-permutation null",HTH-01-015,HSF1_heat_shock_validated,weak_null,0.2517186704070814
ZSH-1023,level_control_mimicry,hypothesis_triage,C,zel028_hek293,bb1=BB_5033587669,"bb1=BB_5033587669 mimics ZM336372 (MEK RAF multikinase) - rank-1 control match, cos 0.252","cos=0.252, p=0.000 vs 200-draw gene-label-permutation null",ZM336372,MEK_RAF_multikinase,weak_null;singleton,0.2515674949305929
ZSH-1027,level_control_mimicry,hypothesis_triage,C,zel039_aec7,bb0=BB_2371372935,"bb0=BB_2371372935 mimics MK2-IN-1 (Stress kinase inhibitor) - rank-1 control match, cos 0.251","cos=0.251, p=0.000 vs 200-draw gene-label-permutation null",MK2-IN-1,Stress_kinase_inhibitor,weak_null,0.2511718856582272
ZSH-1028,level_control_mimicry,hypothesis_triage,C,zel028_hek293,bb1=BB_6317837957,"bb1=BB_6317837957 mimics KME-2780 (Unknown Other) - rank-1 control match, cos 0.251","cos=0.251, p=0.000 vs 200-draw gene-label-permutation null",KME-2780,Unknown_Other,weak_null;singleton,0.2511536579264004
ZSH-1029,level_control_mimicry,hypothesis_triage,C,zel039_aec7,bb1=BB_7546695917,"bb1=BB_7546695917 mimics rucaparib (PARP inhibitor) - rank-1 control match, cos 0.251","cos=0.251, p=0.000 vs 200-draw gene-label-permutation null",rucaparib,PARP_inhibitor,weak_null,0.2511019391747136
ZSH-1036,level_control_mimicry,hypothesis_triage,C,zel028_a549,bb3=BB_8729740620,"bb3=BB_8729740620 mimics HTH-01-015 (HSF1 heat shock validated) - rank-1 control match, cos 0.250","cos=0.250, p=0.000 vs 200-draw gene-label-permutation null",HTH-01-015,HSF1_heat_shock_validated,weak_null;singleton,0.2504328704498376
ZSH-1040,level_control_mimicry,hypothesis_triage,C,zel028_a549,bb1=BB_8741131108,"bb1=BB_8741131108 mimics HTH-01-015 (HSF1 heat shock validated) - rank-1 control match, cos 0.250","cos=0.250, p=0.000 vs 200-draw gene-label-permutation null",HTH-01-015,HSF1_heat_shock_validated,weak_null;singleton,0.2501383844134386
ZSH-1041,level_control_mimicry,hypothesis_triage,C,zel024_hek293,bb3=BB_0662554446,"bb3=BB_0662554446 mimics ZF135/MRTX-1719 (Unknown/Other) - rank-1 control match, cos 0.250","cos=0.250, p=0.000 vs 200-draw gene-label-permutation null",ZF135/MRTX-1719,Unknown/Other,weak_null,0.2501268305188426
ZSH-1043,level_control_mimicry,hypothesis_triage,C,zel031_a549,bb0=BB_4722406434,"bb0=BB_4722406434 mimics AZD-3463 (ALK MET inhibitor) - rank-1 control match, cos 0.250","cos=0.250, p=0.000 vs 200-draw gene-label-permutation null",AZD-3463,ALK_MET_inhibitor,weak_null,0.2498747584051182
ZSH-1047,level_control_mimicry,hypothesis_triage,C,zel028_hek293,bb3=BB_8458716764,"bb3=BB_8458716764 mimics HTH-01-015 (HSF1 heat shock validated) - rank-1 control match, cos 0.250","cos=0.250, p=0.000 vs 200-draw gene-label-permutation null",HTH-01-015,HSF1_heat_shock_validated,weak_null;singleton,0.2496057870637465
ZSH-1051,level_control_mimicry,hypothesis_triage,C,zel028_hek293,bb3=BB_4748212610,"bb3=BB_4748212610 mimics ZF135/MRTX-1719 (Unknown/Other) - rank-1 control match, cos 0.249","cos=0.249, p=0.000 vs 200-draw gene-label-permutation null",ZF135/MRTX-1719,Unknown/Other,weak_null;singleton,0.2491927795226629
ZSH-1055,level_control_mimicry,hypothesis_triage,C,zel024_hek293,bb3=BB_1630146909,"bb3=BB_1630146909 mimics sorafenib (MEK RAF multikinase) - rank-1 control match, cos 0.248","cos=0.248, p=0.000 vs 200-draw gene-label-permutation null",sorafenib,MEK_RAF_multikinase,weak_null,0.2483696466476253
ZSH-1060,level_control_mimicry,hypothesis_triage,C,zel031_a549,bb0=BB_1250584201,"bb0=BB_1250584201 mimics GCN2-IN-7 (Stress kinase inhibitor) - rank-1 control match, cos 0.248","cos=0.248, p=0.000 vs 200-draw gene-label-permutation null",GCN2-IN-7,Stress_kinase_inhibitor,weak_null,0.2481038564865606
ZSH-1062,level_control_mimicry,hypothesis_triage,C,zel028_hek293,bb1=BB_7168741141,"bb1=BB_7168741141 mimics JAB-3068 (Phosphatase inhibitor) - rank-1 control match, cos 0.248","cos=0.248, p=0.000 vs 200-draw gene-label-permutation null",JAB-3068,Phosphatase_inhibitor,weak_null;singleton,0.2479208309801506
ZSH-1063,level_control_mimicry,hypothesis_triage,C,zel028_a549,bb3=BB_3343801403,"bb3=BB_3343801403 mimics MSC1094308 (VCP/VPS4B AAA ATPase inhibitor) - rank-1 control match, cos 0.248","cos=0.248, p=0.000 vs 200-draw gene-label-permutation null",MSC1094308,AAA_ATPase_inhibitor,weak_null;singleton,0.2479046387297277
ZSH-1067,level_control_mimicry,hypothesis_triage,C,zel028_a549,bb1=BB_4490171968,"bb1=BB_4490171968 mimics GCN2-IN-7 (Stress kinase inhibitor) - rank-1 control match, cos 0.248","cos=0.248, p=0.000 vs 200-draw gene-label-permutation null",GCN2-IN-7,Stress_kinase_inhibitor,weak_null;singleton,0.2476758920390474
ZSH-1074,level_control_mimicry,hypothesis_triage,C,zel028_hek293,bb4=BB_5415608208,"bb4=BB_5415608208 mimics sorafenib (MEK RAF multikinase) - rank-1 control match, cos 0.247","cos=0.247, p=0.000 vs 200-draw gene-label-permutation null",sorafenib,MEK_RAF_multikinase,weak_null;singleton,0.246626905520255
ZSH-1077,level_control_mimicry,hypothesis_triage,C,zel028_a549,bb1=BB_1702767752,"bb1=BB_1702767752 mimics MK2-IN-1 (Stress kinase inhibitor) - rank-1 control match, cos 0.246","cos=0.246, p=0.000 vs 200-draw gene-label-permutation null",MK2-IN-1,Stress_kinase_inhibitor,weak_null;singleton,0.246288372404277
ZSH-1089,level_control_mimicry,hypothesis_triage,C,zel039_aec7,bb2=BB_5134356880,"bb2=BB_5134356880 mimics MK2-IN-1 (Stress kinase inhibitor) - rank-1 control match, cos 0.245","cos=0.245, p=0.000 vs 200-draw gene-label-permutation null",MK2-IN-1,Stress_kinase_inhibitor,weak_null,0.2452418642561187
ZSH-1091,level_control_mimicry,hypothesis_triage,C,zel028_hek293,bb4=BB_0435703887,"bb4=BB_0435703887 mimics AZD-3463 (ALK MET inhibitor) - rank-1 control match, cos 0.245","cos=0.245, p=0.000 vs 200-draw gene-label-permutation null",AZD-3463,ALK_MET_inhibitor,weak_null;singleton,0.2450221496094414
ZSH-1093,level_control_mimicry,hypothesis_triage,C,zel039_aec7,bb2=BB_7958505610,"bb2=BB_7958505610 mimics HTH-01-015 (HSF1 heat shock validated) - rank-1 control match, cos 0.245","cos=0.245, p=0.000 vs 200-draw gene-label-permutation null",HTH-01-015,HSF1_heat_shock_validated,weak_null,0.2449226075151995
ZSH-1095,level_control_mimicry,hypothesis_triage,C,zel028_a549,bb3=BB_4803236175,"bb3=BB_4803236175 mimics GCN2-IN-7 (Stress kinase inhibitor) - rank-1 control match, cos 0.244","cos=0.244, p=0.000 vs 200-draw gene-label-permutation null",GCN2-IN-7,Stress_kinase_inhibitor,weak_null;singleton,0.244059519264534
ZSH-1096,level_control_mimicry,hypothesis_triage,C,zel028_a549,bb1=BB_3355218593,"bb1=BB_3355218593 mimics HTH-01-015 (HSF1 heat shock validated) - rank-1 control match, cos 0.244","cos=0.244, p=0.000 vs 200-draw gene-label-permutation null",HTH-01-015,HSF1_heat_shock_validated,weak_null;singleton,0.2437333696539647
ZSH-1101,level_control_mimicry,hypothesis_triage,C,zel039_aec7,bb1=BB_0549297364,"bb1=BB_0549297364 mimics MK2-IN-1 (Stress kinase inhibitor) - rank-1 control match, cos 0.243","cos=0.243, p=0.000 vs 200-draw gene-label-permutation null",MK2-IN-1,Stress_kinase_inhibitor,weak_null,0.2433826031774727
ZSH-1106,level_control_mimicry,hypothesis_triage,C,zel031_a549,bb1=BB_2537879758,"bb1=BB_2537879758 mimics ZM336372 (MEK RAF multikinase) - rank-1 control match, cos 0.243","cos=0.243, p=0.000 vs 200-draw gene-label-permutation null",ZM336372,MEK_RAF_multikinase,weak_null,0.2425388771248869
ZSH-1109,level_control_mimicry,hypothesis_triage,C,zel024_hek293,bb3=BB_4417860298,"bb3=BB_4417860298 mimics IRAK inhibitor 1 (Stress kinase inhibitor) - rank-1 control match, cos 0.242","cos=0.242, p=0.000 vs 200-draw gene-label-permutation null",IRAK inhibitor 1,Stress_kinase_inhibitor,weak_null,0.2423490521685163
ZSH-1110,level_control_mimicry,hypothesis_triage,C,zel028_hek293,bb1=BB_4833852442,"bb1=BB_4833852442 mimics sorafenib (MEK RAF multikinase) - rank-1 control match, cos 0.242","cos=0.242, p=0.000 vs 200-draw gene-label-permutation null",sorafenib,MEK_RAF_multikinase,weak_null;singleton,0.2422983733149353
ZSH-1117,level_control_mimicry,hypothesis_triage,C,zel031_a549,bb0=BB_6216718420,"bb0=BB_6216718420 mimics HTH-01-015 (HSF1 heat shock validated) - rank-1 control match, cos 0.241","cos=0.241, p=0.000 vs 200-draw gene-label-permutation null",HTH-01-015,HSF1_heat_shock_validated,weak_null,0.2414637237906929
ZSH-1120,level_control_mimicry,hypothesis_triage,C,zel031_a549,bb1=BB_3050145525,"bb1=BB_3050145525 mimics derazantinib (FGFR inhibitor) - rank-1 control match, cos 0.241","cos=0.241, p=0.000 vs 200-draw gene-label-permutation null",derazantinib,FGFR_inhibitor,weak_null,0.2413725931494938
ZSH-1121,level_control_mimicry,hypothesis_triage,C,zel031_a549,bb0=BB_5900627794,"bb0=BB_5900627794 mimics HTH-01-015 (HSF1 heat shock validated) - rank-1 control match, cos 0.241","cos=0.241, p=0.000 vs 200-draw gene-label-permutation null",HTH-01-015,HSF1_heat_shock_validated,weak_null,0.2413141709480638
ZSH-1124,level_control_mimicry,hypothesis_triage,C,zel024_hek293,bb3=BB_5090475991,"bb3=BB_5090475991 mimics ZM336372 (MEK RAF multikinase) - rank-1 control match, cos 0.241","cos=0.241, p=0.000 vs 200-draw gene-label-permutation null",ZM336372,MEK_RAF_multikinase,weak_null,0.2412329125803799
ZSH-1126,level_control_mimicry,hypothesis_triage,C,zel028_hek293,bb3=BB_0822728753,"bb3=BB_0822728753 mimics BMS-509744 (Unknown Other) - rank-1 control match, cos 0.241","cos=0.241, p=0.000 vs 200-draw gene-label-permutation null",BMS-509744,Unknown_Other,weak_null;singleton,0.2411063694315878
ZSH-1131,level_control_mimicry,hypothesis_triage,C,zel028_hek293,bb3=BB_4057852842,"bb3=BB_4057852842 mimics lapatinib (EGFR HER2 inhibitor) - rank-1 control match, cos 0.241","cos=0.241, p=0.000 vs 200-draw gene-label-permutation null",lapatinib,EGFR_HER2_inhibitor,weak_null;singleton,0.240596649061897
ZSH-1134,level_control_mimicry,hypothesis_triage,C,zel039_aec7,bb2=BB_6114924718,"bb2=BB_6114924718 mimics BMS-509744 (Unknown Other) - rank-1 control match, cos 0.240","cos=0.240, p=0.000 vs 200-draw gene-label-permutation null",BMS-509744,Unknown_Other,weak_null,0.240306291407417
ZSH-1137,level_control_mimicry,hypothesis_triage,C,zel028_hek293,bb1=BB_4374065767,"bb1=BB_4374065767 mimics Capmatinib (ALK MET inhibitor) - rank-1 control match, cos 0.240","cos=0.240, p=0.000 vs 200-draw gene-label-permutation null",Capmatinib,ALK_MET_inhibitor,weak_null;singleton,0.2400409366241421
ZSH-1138,level_control_mimicry,hypothesis_triage,C,zel028_a549,bb1=BB_1596297894,"bb1=BB_1596297894 mimics BGT226 (PI3K mTOR inhibitor) - rank-1 control match, cos 0.240","cos=0.240, p=0.000 vs 200-draw gene-label-permutation null",BGT226,PI3K_mTOR_inhibitor,weak_null;singleton,0.2400407551165054
ZSH-1139,level_control_mimicry,hypothesis_triage,C,zel031_a549,bb1=BB_6466700968,"bb1=BB_6466700968 mimics GCN2-IN-7 (Stress kinase inhibitor) - rank-1 control match, cos 0.240","cos=0.240, p=0.000 vs 200-draw gene-label-permutation null",GCN2-IN-7,Stress_kinase_inhibitor,weak_null,0.2398958678048767
ZSH-1141,level_control_mimicry,hypothesis_triage,C,zel028_hek293,bb3=BB_1283183224,"bb3=BB_1283183224 mimics HTH-01-015 (HSF1 heat shock validated) - rank-1 control match, cos 0.240","cos=0.240, p=0.000 vs 200-draw gene-label-permutation null",HTH-01-015,HSF1_heat_shock_validated,weak_null;singleton,0.2397477990866164
ZSH-1148,level_control_mimicry,hypothesis_triage,C,zel028_a549,bb3=BB_6163126056,"bb3=BB_6163126056 mimics HTH-01-015 (HSF1 heat shock validated) - rank-1 control match, cos 0.239","cos=0.239, p=0.000 vs 200-draw gene-label-permutation null",HTH-01-015,HSF1_heat_shock_validated,weak_null;singleton,0.2389101740721444
ZSH-1150,level_control_mimicry,hypothesis_triage,C,zel028_a549,bb4=BB_2818856921,"bb4=BB_2818856921 mimics GCN2-IN-7 (Stress kinase inhibitor) - rank-1 control match, cos 0.239","cos=0.239, p=0.000 vs 200-draw gene-label-permutation null",GCN2-IN-7,Stress_kinase_inhibitor,weak_null;singleton,0.2387457948480159
ZSH-1154,level_control_mimicry,hypothesis_triage,C,zel031_a549,bb1=BB_2033792613,"bb1=BB_2033792613 mimics HTH-01-015 (HSF1 heat shock validated) - rank-1 control match, cos 0.238","cos=0.238, p=0.000 vs 200-draw gene-label-permutation null",HTH-01-015,HSF1_heat_shock_validated,weak_null,0.238429780763745
ZSH-1158,level_control_mimicry,hypothesis_triage,C,zel031_a549,bb1=BB_4873324777,"bb1=BB_4873324777 mimics HTH-01-015 (HSF1 heat shock validated) - rank-1 control match, cos 0.238","cos=0.238, p=0.000 vs 200-draw gene-label-permutation null",HTH-01-015,HSF1_heat_shock_validated,weak_null,0.2379483562803447
ZSH-1159,level_control_mimicry,hypothesis_triage,C,zel039_aec7,bb2=BB_3523796487,"bb2=BB_3523796487 mimics MK2-IN-1 (Stress kinase inhibitor) - rank-1 control match, cos 0.238","cos=0.238, p=0.000 vs 200-draw gene-label-permutation null",MK2-IN-1,Stress_kinase_inhibitor,weak_null,0.2378929363736821
ZSH-1160,level_control_mimicry,hypothesis_triage,C,zel024_hek293,bb3=BB_5443714227,"bb3=BB_5443714227 mimics AZD-7624 (Stress kinase inhibitor) - rank-1 control match, cos 0.238","cos=0.238, p=0.000 vs 200-draw gene-label-permutation null",AZD-7624,Stress_kinase_inhibitor,weak_null,0.2378179592184626
ZSH-1161,level_control_mimicry,hypothesis_triage,C,zel031_a549,bb1=BB_4060062978,"bb1=BB_4060062978 mimics HTH-01-015 (HSF1 heat shock validated) - rank-1 control match, cos 0.238","cos=0.238, p=0.000 vs 200-draw gene-label-permutation null",HTH-01-015,HSF1_heat_shock_validated,weak_null,0.2377751307367525
ZSH-1168,level_control_mimicry,hypothesis_triage,C,zel028_a549,bb1=BB_6648094442,"bb1=BB_6648094442 mimics HTH-01-015 (HSF1 heat shock validated) - rank-1 control match, cos 0.237","cos=0.237, p=0.000 vs 200-draw gene-label-permutation null",HTH-01-015,HSF1_heat_shock_validated,weak_null;singleton,0.2374326017588272
ZSH-1172,level_control_mimicry,hypothesis_triage,C,zel028_hek293,bb4=BB_5929339909,"bb4=BB_5929339909 mimics MSC1094308 (VCP/VPS4B AAA ATPase inhibitor) - rank-1 control match, cos 0.237","cos=0.237, p=0.000 vs 200-draw gene-label-permutation null",MSC1094308,AAA_ATPase_inhibitor,weak_null;singleton,0.2367345593155547
ZSH-1175,level_control_mimicry,hypothesis_triage,C,zel039_aec7,bb2=BB_6162906971,"bb2=BB_6162906971 mimics BGT226 (PI3K mTOR inhibitor) - rank-1 control match, cos 0.236","cos=0.236, p=0.010 vs 200-draw gene-label-permutation null",BGT226,PI3K_mTOR_inhibitor,weak_null,0.2363609195452302
ZSH-1180,level_control_mimicry,hypothesis_triage,C,zel039_aec7,bb1=BB_7150492135,"bb1=BB_7150492135 mimics rucaparib (PARP inhibitor) - rank-1 control match, cos 0.236","cos=0.236, p=0.000 vs 200-draw gene-label-permutation null",rucaparib,PARP_inhibitor,weak_null,0.2355634076037203
ZSH-1181,level_control_mimicry,hypothesis_triage,C,zel024_hek293,bb0=BB_4932061249,"bb0=BB_4932061249 mimics Crizotinib (ALK MET inhibitor) - rank-1 control match, cos 0.236","cos=0.236, p=0.000 vs 200-draw gene-label-permutation null",Crizotinib,ALK_MET_inhibitor,weak_null,0.2355290827719341
ZSH-1184,level_control_mimicry,hypothesis_triage,C,zel028_a549,bb1=BB_0510191033,"bb1=BB_0510191033 mimics derazantinib (FGFR inhibitor) - rank-1 control match, cos 0.235","cos=0.235, p=0.000 vs 200-draw gene-label-permutation null",derazantinib,FGFR_inhibitor,weak_null;singleton,0.2350358505041623
ZSH-1186,level_control_mimicry,hypothesis_triage,C,zel028_a549,bb1=BB_7675624703,"bb1=BB_7675624703 mimics GCN2-IN-7 (Stress kinase inhibitor) - rank-1 control match, cos 0.235","cos=0.235, p=0.000 vs 200-draw gene-label-permutation null",GCN2-IN-7,Stress_kinase_inhibitor,weak_null;singleton,0.2349771196705196
ZSH-1189,level_control_mimicry,hypothesis_triage,C,zel039_aec7,bb1=BB_4318016053,"bb1=BB_4318016053 mimics MK2-IN-1 (Stress kinase inhibitor) - rank-1 control match, cos 0.235","cos=0.235, p=0.000 vs 200-draw gene-label-permutation null",MK2-IN-1,Stress_kinase_inhibitor,weak_null,0.234839517460897
ZSH-1190,level_control_mimicry,hypothesis_triage,C,zel028_a549,bb1=BB_0965953915,"bb1=BB_0965953915 mimics MK2-IN-1 (Stress kinase inhibitor) - rank-1 control match, cos 0.235","cos=0.235, p=0.000 vs 200-draw gene-label-permutation null",MK2-IN-1,Stress_kinase_inhibitor,weak_null;singleton,0.2345482762240773
ZSH-1193,level_control_mimicry,hypothesis_triage,C,zel031_a549,bb0=BB_3883727116,"bb0=BB_3883727116 mimics GCN2-IN-7 (Stress kinase inhibitor) - rank-1 control match, cos 0.234","cos=0.234, p=0.000 vs 200-draw gene-label-permutation null",GCN2-IN-7,Stress_kinase_inhibitor,weak_null,0.2339575971763342
ZSH-1194,level_control_mimicry,hypothesis_triage,C,zel039_aec7,bb2=BB_3023095376,"bb2=BB_3023095376 mimics rucaparib (PARP inhibitor) - rank-1 control match, cos 0.234","cos=0.234, p=0.000 vs 200-draw gene-label-permutation null",rucaparib,PARP_inhibitor,weak_null,0.2339387679133244
ZSH-1195,level_control_mimicry,hypothesis_triage,C,zel039_aec7,bb2=BB_4958727004,"bb2=BB_4958727004 mimics Capmatinib (ALK MET inhibitor) - rank-1 control match, cos 0.234","cos=0.234, p=0.000 vs 200-draw gene-label-permutation null",Capmatinib,ALK_MET_inhibitor,weak_null,0.23381803155029
ZSH-1198,level_control_mimicry,hypothesis_triage,C,zel028_hek293,bb4=BB_3484107570,"bb4=BB_3484107570 mimics ZF135/MRTX-1719 (Unknown/Other) - rank-1 control match, cos 0.233","cos=0.233, p=0.000 vs 200-draw gene-label-permutation null",ZF135/MRTX-1719,Unknown/Other,weak_null;singleton,0.233418495879216
ZSH-1201,level_control_mimicry,hypothesis_triage,C,zel028_hek293,bb1=BB_0119627261,"bb1=BB_0119627261 mimics STM2457 (Epigenetic writer eraser) - rank-1 control match, cos 0.233","cos=0.233, p=0.000 vs 200-draw gene-label-permutation null",STM2457,Epigenetic_writer_eraser,weak_null;singleton,0.2332470121869296
ZSH-1203,level_control_mimicry,hypothesis_triage,C,zel031_a549,bb0=BB_6717751565,"bb0=BB_6717751565 mimics derazantinib (FGFR inhibitor) - rank-1 control match, cos 0.233","cos=0.233, p=0.000 vs 200-draw gene-label-permutation null",derazantinib,FGFR_inhibitor,weak_null,0.2330630397850339
ZSH-1205,level_control_mimicry,hypothesis_triage,C,zel024_hek293,bb3=BB_0972548426,"bb3=BB_0972548426 mimics CP-673451 (PDGFR inhibitor) - rank-1 control match, cos 0.233","cos=0.233, p=0.000 vs 200-draw gene-label-permutation null",CP-673451,PDGFR_inhibitor,weak_null,0.2328496149762966
ZSH-1209,level_control_mimicry,hypothesis_triage,C,zel031_a549,bb0=BB_6407080290,"bb0=BB_6407080290 mimics ceritinib (ALK MET inhibitor) - rank-1 control match, cos 0.233","cos=0.233, p=0.000 vs 200-draw gene-label-permutation null",ceritinib,ALK_MET_inhibitor,weak_null,0.232514099293186
ZSH-1210,level_control_mimicry,hypothesis_triage,C,zel024_hek293,bb3=BB_4313530054,"bb3=BB_4313530054 mimics MK2-IN-1 (Stress kinase inhibitor) - rank-1 control match, cos 0.232","cos=0.232, p=0.000 vs 200-draw gene-label-permutation null",MK2-IN-1,Stress_kinase_inhibitor,weak_null,0.2324568143125131
ZSH-1214,level_control_mimicry,hypothesis_triage,C,zel031_a549,bb0=BB_6722211240,"bb0=BB_6722211240 mimics HTH-01-015 (HSF1 heat shock validated) - rank-1 control match, cos 0.232","cos=0.232, p=0.000 vs 200-draw gene-label-permutation null",HTH-01-015,HSF1_heat_shock_validated,weak_null,0.2318187875973288
ZSH-1217,level_control_mimicry,hypothesis_triage,C,zel028_hek293,bb3=BB_1842841152,"bb3=BB_1842841152 mimics HTH-01-015 (HSF1 heat shock validated) - rank-1 control match, cos 0.232","cos=0.232, p=0.000 vs 200-draw gene-label-permutation null",HTH-01-015,HSF1_heat_shock_validated,weak_null;singleton,0.2316319618011287
ZSH-1218,level_control_mimicry,hypothesis_triage,C,zel028_a549,bb4=BB_5797976733,"bb4=BB_5797976733 mimics ZM336372 (MEK RAF multikinase) - rank-1 control match, cos 0.232","cos=0.232, p=0.000 vs 200-draw gene-label-permutation null",ZM336372,MEK_RAF_multikinase,weak_null;singleton,0.2315448109423053
ZSH-1223,level_control_mimicry,hypothesis_triage,C,zel028_a549,bb3=BB_3691524891,"bb3=BB_3691524891 mimics HTH-01-015 (HSF1 heat shock validated) - rank-1 control match, cos 0.231","cos=0.231, p=0.000 vs 200-draw gene-label-permutation null",HTH-01-015,HSF1_heat_shock_validated,weak_null;singleton,0.2309891565077649
ZSH-1226,level_control_mimicry,hypothesis_triage,C,zel028_hek293,bb3=BB_4330525650,"bb3=BB_4330525650 mimics BMS-509744 (Unknown Other) - rank-1 control match, cos 0.231","cos=0.231, p=0.000 vs 200-draw gene-label-permutation null",BMS-509744,Unknown_Other,weak_null;singleton,0.2308956710008911
ZSH-1228,level_control_mimicry,hypothesis_triage,C,zel024_hek293,bb3=BB_1505273541,"bb3=BB_1505273541 mimics HTH-01-015 (HSF1 heat shock validated) - rank-1 control match, cos 0.231","cos=0.231, p=0.000 vs 200-draw gene-label-permutation null",HTH-01-015,HSF1_heat_shock_validated,weak_null,0.2306165241611451
ZSH-1229,level_control_mimicry,hypothesis_triage,C,zel024_hek293,bb3=BB_2122574568,"bb3=BB_2122574568 mimics SMARCA ligand 1 (Chromatin remodeling) - rank-1 control match, cos 0.230","cos=0.230, p=0.000 vs 200-draw gene-label-permutation null",SMARCA ligand 1,Chromatin_remodeling,weak_null,0.2302672639919447
ZSH-1232,level_control_mimicry,hypothesis_triage,C,zel028_hek293,bb4=BB_9559837296,"bb4=BB_9559837296 mimics GSK126 (Epigenetic writer eraser) - rank-1 control match, cos 0.230","cos=0.230, p=0.000 vs 200-draw gene-label-permutation null",GSK126,Epigenetic_writer_eraser,weak_null;singleton,0.2298192522926795
ZSH-1233,level_control_mimicry,hypothesis_triage,C,zel031_a549,bb0=BB_2700603523,"bb0=BB_2700603523 mimics HTH-01-015 (HSF1 heat shock validated) - rank-1 control match, cos 0.230","cos=0.230, p=0.000 vs 200-draw gene-label-permutation null",HTH-01-015,HSF1_heat_shock_validated,weak_null,0.2296676846824321
ZSH-1235,level_control_mimicry,hypothesis_triage,C,zel028_a549,bb3=BB_8458716764,"bb3=BB_8458716764 mimics HTH-01-015 (HSF1 heat shock validated) - rank-1 control match, cos 0.230","cos=0.230, p=0.000 vs 200-draw gene-label-permutation null",HTH-01-015,HSF1_heat_shock_validated,weak_null;singleton,0.2295833390593661
ZSH-1236,level_control_mimicry,hypothesis_triage,C,zel031_a549,bb0=BB_2017258845,"bb0=BB_2017258845 mimics ZM336372 (MEK RAF multikinase) - rank-1 control match, cos 0.230","cos=0.230, p=0.000 vs 200-draw gene-label-permutation null",ZM336372,MEK_RAF_multikinase,weak_null,0.2295787417606872
ZSH-1238,level_control_mimicry,hypothesis_triage,C,zel028_a549,bb1=BB_3554179083,"bb1=BB_3554179083 mimics CP-673451 (PDGFR inhibitor) - rank-1 control match, cos 0.229","cos=0.229, p=0.000 vs 200-draw gene-label-permutation null",CP-673451,PDGFR_inhibitor,weak_null;singleton,0.2294327458320384
ZSH-1240,level_control_mimicry,hypothesis_triage,C,zel039_aec7,bb2=BB_9734057272,"bb2=BB_9734057272 mimics ZF135/MRTX-1719 (Unknown/Other) - rank-1 control match, cos 0.229","cos=0.229, p=0.000 vs 200-draw gene-label-permutation null",ZF135/MRTX-1719,Unknown/Other,weak_null,0.2293667469703284
ZSH-1244,level_control_mimicry,hypothesis_triage,C,zel039_aec7,bb2=BB_2784786752,"bb2=BB_2784786752 mimics rucaparib (PARP inhibitor) - rank-1 control match, cos 0.228","cos=0.228, p=0.000 vs 200-draw gene-label-permutation null",rucaparib,PARP_inhibitor,weak_null,0.2284937238111073
ZSH-1248,level_control_mimicry,hypothesis_triage,C,zel028_hek293,bb1=BB_2725291112,"bb1=BB_2725291112 mimics MK2-IN-1 (Stress kinase inhibitor) - rank-1 control match, cos 0.228","cos=0.228, p=0.000 vs 200-draw gene-label-permutation null",MK2-IN-1,Stress_kinase_inhibitor,weak_null;singleton,0.2280670440454563
ZSH-1257,level_control_mimicry,hypothesis_triage,C,zel028_hek293,bb1=BB_1906808333,"bb1=BB_1906808333 mimics Capmatinib (ALK MET inhibitor) - rank-1 control match, cos 0.227","cos=0.227, p=0.000 vs 200-draw gene-label-permutation null",Capmatinib,ALK_MET_inhibitor,weak_null;singleton,0.2270554566866786
ZSH-1260,level_control_mimicry,hypothesis_triage,C,zel028_a549,bb1=BB_4261355840,"bb1=BB_4261355840 mimics BGT226 (PI3K mTOR inhibitor) - rank-1 control match, cos 0.227","cos=0.227, p=0.000 vs 200-draw gene-label-permutation null",BGT226,PI3K_mTOR_inhibitor,weak_null;singleton,0.2268601026958842
ZSH-1262,level_control_mimicry,hypothesis_triage,C,zel028_hek293,bb1=BB_0092362562,"bb1=BB_0092362562 mimics JAB-3068 (Phosphatase inhibitor) - rank-1 control match, cos 0.227","cos=0.227, p=0.000 vs 200-draw gene-label-permutation null",JAB-3068,Phosphatase_inhibitor,weak_null;singleton,0.2267786818242685
ZSH-1265,level_control_mimicry,hypothesis_triage,C,zel024_hek293,bb3=BB_8459495534,"bb3=BB_8459495534 mimics XL019 (JAK STAT inhibitor) - rank-1 control match, cos 0.227","cos=0.227, p=0.000 vs 200-draw gene-label-permutation null",XL019,JAK_STAT_inhibitor,weak_null,0.2266897803159805
ZSH-1276,level_control_mimicry,hypothesis_triage,C,zel028_hek293,bb3=BB_6943918746,"bb3=BB_6943918746 mimics GSK126 (Epigenetic writer eraser) - rank-1 control match, cos 0.226","cos=0.226, p=0.000 vs 200-draw gene-label-permutation null",GSK126,Epigenetic_writer_eraser,weak_null;singleton,0.2256043200812916
ZSH-1278,level_control_mimicry,hypothesis_triage,C,zel028_a549,bb4=BB_9778675398,"bb4=BB_9778675398 mimics HTH-01-015 (HSF1 heat shock validated) - rank-1 control match, cos 0.225","cos=0.225, p=0.000 vs 200-draw gene-label-permutation null",HTH-01-015,HSF1_heat_shock_validated,weak_null;singleton,0.2253370722961425
ZSH-1279,level_control_mimicry,hypothesis_triage,C,zel024_hek293,bb3=BB_9760256516,"bb3=BB_9760256516 mimics AZD-7624 (Stress kinase inhibitor) - rank-1 control match, cos 0.225","cos=0.225, p=0.000 vs 200-draw gene-label-permutation null",AZD-7624,Stress_kinase_inhibitor,weak_null,0.22533531192688
ZSH-1280,level_control_mimicry,hypothesis_triage,C,zel039_aec7,bb2=BB_7809144981,"bb2=BB_7809144981 mimics ZF135/MRTX-1719 (Unknown/Other) - rank-1 control match, cos 0.225","cos=0.225, p=0.000 vs 200-draw gene-label-permutation null",ZF135/MRTX-1719,Unknown/Other,weak_null,0.2252456215663152
ZSH-1281,level_control_mimicry,hypothesis_triage,C,zel028_a549,bb4=BB_7205283989,"bb4=BB_7205283989 mimics GCN2-IN-7 (Stress kinase inhibitor) - rank-1 control match, cos 0.225","cos=0.225, p=0.000 vs 200-draw gene-label-permutation null",GCN2-IN-7,Stress_kinase_inhibitor,weak_null;singleton,0.2252402148197342
ZSH-1290,level_control_mimicry,hypothesis_triage,C,zel028_a549,bb4=BB_3140609311,"bb4=BB_3140609311 mimics GCN2-IN-7 (Stress kinase inhibitor) - rank-1 control match, cos 0.224","cos=0.224, p=0.000 vs 200-draw gene-label-permutation null",GCN2-IN-7,Stress_kinase_inhibitor,weak_null;singleton,0.2241943318072876
ZSH-1292,level_control_mimicry,hypothesis_triage,C,zel028_hek293,bb3=BB_3556786606,"bb3=BB_3556786606 mimics CP-673451 (PDGFR inhibitor) - rank-1 control match, cos 0.224","cos=0.224, p=0.000 vs 200-draw gene-label-permutation null",CP-673451,PDGFR_inhibitor,weak_null;singleton,0.2240048410084841
ZSH-1307,level_control_mimicry,hypothesis_triage,C,zel028_hek293,bb1=BB_4350180461,"bb1=BB_4350180461 mimics derazantinib (FGFR inhibitor) - rank-1 control match, cos 0.223","cos=0.223, p=0.000 vs 200-draw gene-label-permutation null",derazantinib,FGFR_inhibitor,weak_null;singleton,0.2232377688777099
ZSH-1312,level_control_mimicry,hypothesis_triage,C,zel031_a549,bb0=BB_8457947906,"bb0=BB_8457947906 mimics HTH-01-015 (HSF1 heat shock validated) - rank-1 control match, cos 0.223","cos=0.223, p=0.000 vs 200-draw gene-label-permutation null",HTH-01-015,HSF1_heat_shock_validated,weak_null,0.2228988663889314
ZSH-1316,level_control_mimicry,hypothesis_triage,C,zel028_hek293,bb1=BB_4944521105,"bb1=BB_4944521105 mimics JAB-3068 (Phosphatase inhibitor) - rank-1 control match, cos 0.223","cos=0.223, p=0.000 vs 200-draw gene-label-permutation null",JAB-3068,Phosphatase_inhibitor,weak_null;singleton,0.2227551960972951
ZSH-1324,level_control_mimicry,hypothesis_triage,C,zel031_a549,bb1=BB_0411171276,"bb1=BB_0411171276 mimics GCN2-IN-7 (Stress kinase inhibitor) - rank-1 control match, cos 0.222","cos=0.222, p=0.000 vs 200-draw gene-label-permutation null",GCN2-IN-7,Stress_kinase_inhibitor,weak_null,0.2216677462731673
ZSH-1328,level_control_mimicry,hypothesis_triage,C,zel028_a549,bb1=BB_8003855586,"bb1=BB_8003855586 mimics derazantinib (FGFR inhibitor) - rank-1 control match, cos 0.221","cos=0.221, p=0.000 vs 200-draw gene-label-permutation null",derazantinib,FGFR_inhibitor,weak_null;singleton,0.2205309525384731
ZSH-1329,level_control_mimicry,hypothesis_triage,C,zel028_a549,bb3=BB_4060062978,"bb3=BB_4060062978 mimics HTH-01-015 (HSF1 heat shock validated) - rank-1 control match, cos 0.220","cos=0.220, p=0.000 vs 200-draw gene-label-permutation null",HTH-01-015,HSF1_heat_shock_validated,weak_null;singleton,0.2204647982884245
ZSH-1330,level_control_mimicry,hypothesis_triage,C,zel039_aec7,bb1=BB_1759915366,"bb1=BB_1759915366 mimics sorafenib (MEK RAF multikinase) - rank-1 control match, cos 0.220","cos=0.220, p=0.000 vs 200-draw gene-label-permutation null",sorafenib,MEK_RAF_multikinase,weak_null,0.2204463917386695
ZSH-1332,level_control_mimicry,hypothesis_triage,C,zel028_a549,bb4=BB_3484107570,"bb4=BB_3484107570 mimics GCN2-IN-7 (Stress kinase inhibitor) - rank-1 control match, cos 0.220","cos=0.220, p=0.000 vs 200-draw gene-label-permutation null",GCN2-IN-7,Stress_kinase_inhibitor,weak_null;singleton,0.220295271040401
ZSH-1333,level_control_mimicry,hypothesis_triage,C,zel028_hek293,bb1=BB_6136474180,"bb1=BB_6136474180 mimics MK2-IN-1 (Stress kinase inhibitor) - rank-1 control match, cos 0.220","cos=0.220, p=0.000 vs 200-draw gene-label-permutation null",MK2-IN-1,Stress_kinase_inhibitor,weak_null;singleton,0.2202665575676848
ZSH-1334,level_control_mimicry,hypothesis_triage,C,zel028_a549,bb3=BB_6466700968,"bb3=BB_6466700968 mimics STM2457 (Epigenetic writer eraser) - rank-1 control match, cos 0.220","cos=0.220, p=0.000 vs 200-draw gene-label-permutation null",STM2457,Epigenetic_writer_eraser,weak_null;singleton,0.2202241895155182
ZSH-1335,level_control_mimicry,hypothesis_triage,C,zel024_hek293,bb1=BB_6474669253,"bb1=BB_6474669253 mimics XL019 (JAK STAT inhibitor) - rank-1 control match, cos 0.220","cos=0.220, p=0.000 vs 200-draw gene-label-permutation null",XL019,JAK_STAT_inhibitor,weak_null,0.2201373001124948
ZSH-1343,level_control_mimicry,hypothesis_triage,C,zel028_a549,bb1=BB_3993285124,"bb1=BB_3993285124 mimics AZD-3463 (ALK MET inhibitor) - rank-1 control match, cos 0.220","cos=0.220, p=0.000 vs 200-draw gene-label-permutation null",AZD-3463,ALK_MET_inhibitor,weak_null;singleton,0.2197527631784772
ZSH-1344,level_control_mimicry,hypothesis_triage,C,zel028_hek293,bb3=BB_8258170618,"bb3=BB_8258170618 mimics HTH-01-015 (HSF1 heat shock validated) - rank-1 control match, cos 0.220","cos=0.220, p=0.000 vs 200-draw gene-label-permutation null",HTH-01-015,HSF1_heat_shock_validated,weak_null;singleton,0.2197515511714149
ZSH-1348,level_control_mimicry,hypothesis_triage,C,zel028_hek293,bb4=BB_3858692603,"bb4=BB_3858692603 mimics momelotinib/CYT387 (JAK STAT inhibitor) - rank-1 control match, cos 0.219","cos=0.219, p=0.000 vs 200-draw gene-label-permutation null",momelotinib/CYT387,JAK_STAT_inhibitor,weak_null;singleton,0.2194039652840393
ZSH-1351,level_control_mimicry,hypothesis_triage,C,zel028_a549,bb1=BB_1290459741,"bb1=BB_1290459741 mimics MK2-IN-1 (Stress kinase inhibitor) - rank-1 control match, cos 0.219","cos=0.219, p=0.000 vs 200-draw gene-label-permutation null",MK2-IN-1,Stress_kinase_inhibitor,weak_null;singleton,0.2188001073171032
ZSH-1353,level_control_mimicry,hypothesis_triage,C,zel031_a549,bb0=BB_7951635412,"bb0=BB_7951635412 mimics GCN2-IN-7 (Stress kinase inhibitor) - rank-1 control match, cos 0.219","cos=0.219, p=0.000 vs 200-draw gene-label-permutation null",GCN2-IN-7,Stress_kinase_inhibitor,weak_null,0.2186018952154661
ZSH-1354,level_control_mimicry,hypothesis_triage,C,zel028_a549,bb1=BB_2758189165,"bb1=BB_2758189165 mimics ZF135/MRTX-1719 (Unknown/Other) - rank-1 control match, cos 0.219","cos=0.219, p=0.000 vs 200-draw gene-label-permutation null",ZF135/MRTX-1719,Unknown/Other,weak_null;singleton,0.218524583908298
ZSH-1365,level_control_mimicry,hypothesis_triage,C,zel031_a549,bb1=BB_6886151638,"bb1=BB_6886151638 mimics momelotinib/CYT387 (JAK STAT inhibitor) - rank-1 control match, cos 0.217","cos=0.217, p=0.000 vs 200-draw gene-label-permutation null",momelotinib/CYT387,JAK_STAT_inhibitor,weak_null,0.2172068398646444
ZSH-1369,level_control_mimicry,hypothesis_triage,C,zel028_a549,bb3=BB_3050145525,"bb3=BB_3050145525 mimics CP-673451 (PDGFR inhibitor) - rank-1 control match, cos 0.217","cos=0.217, p=0.000 vs 200-draw gene-label-permutation null",CP-673451,PDGFR_inhibitor,weak_null;singleton,0.2165099049341609
ZSH-1370,level_control_mimicry,hypothesis_triage,C,zel028_a549,bb3=BB_8943054758,"bb3=BB_8943054758 mimics BGT226 (PI3K mTOR inhibitor) - rank-1 control match, cos 0.216","cos=0.216, p=0.000 vs 200-draw gene-label-permutation null",BGT226,PI3K_mTOR_inhibitor,weak_null;singleton,0.2164201402843728
ZSH-1371,level_control_mimicry,hypothesis_triage,C,zel039_aec7,bb2=BB_7685966993,"bb2=BB_7685966993 mimics ZF135/MRTX-1719 (Unknown/Other) - rank-1 control match, cos 0.216","cos=0.216, p=0.000 vs 200-draw gene-label-permutation null",ZF135/MRTX-1719,Unknown/Other,weak_null,0.2163334377633057
ZSH-1373,level_control_mimicry,hypothesis_triage,C,zel031_a549,bb1=BB_3287363216,"bb1=BB_3287363216 mimics HTH-01-015 (HSF1 heat shock validated) - rank-1 control match, cos 0.216","cos=0.216, p=0.000 vs 200-draw gene-label-permutation null",HTH-01-015,HSF1_heat_shock_validated,weak_null,0.2162215580668787
ZSH-1375,level_control_mimicry,hypothesis_triage,C,zel028_a549,bb4=BB_8135509566,"bb4=BB_8135509566 mimics MK2-IN-1 (Stress kinase inhibitor) - rank-1 control match, cos 0.216","cos=0.216, p=0.000 vs 200-draw gene-label-permutation null",MK2-IN-1,Stress_kinase_inhibitor,weak_null;singleton,0.216083557506077
ZSH-1377,level_control_mimicry,hypothesis_triage,C,zel024_hek293,bb3=BB_8031365100,"bb3=BB_8031365100 mimics AZD-7624 (Stress kinase inhibitor) - rank-1 control match, cos 0.216","cos=0.216, p=0.000 vs 200-draw gene-label-permutation null",AZD-7624,Stress_kinase_inhibitor,weak_null,0.2158494574694537
ZSH-1378,level_control_mimicry,hypothesis_triage,C,zel031_a549,bb0=BB_5016616551,"bb0=BB_5016616551 mimics GCN2-IN-7 (Stress kinase inhibitor) - rank-1 control match, cos 0.216","cos=0.216, p=0.000 vs 200-draw gene-label-permutation null",GCN2-IN-7,Stress_kinase_inhibitor,weak_null,0.2155025696310122
ZSH-1380,level_control_mimicry,hypothesis_triage,C,zel028_a549,bb1=BB_6413431763,"bb1=BB_6413431763 mimics GCN2-IN-7 (Stress kinase inhibitor) - rank-1 control match, cos 0.215","cos=0.215, p=0.000 vs 200-draw gene-label-permutation null",GCN2-IN-7,Stress_kinase_inhibitor,weak_null;singleton,0.2153859677739823
ZSH-1383,level_control_mimicry,hypothesis_triage,C,zel028_hek293,bb4=BB_5090328094,"bb4=BB_5090328094 mimics N-deshydroxyethyl dasatinib (BCR ABL inhibitor) - rank-1 control match, cos 0.215","cos=0.215, p=0.000 vs 200-draw gene-label-permutation null",N-deshydroxyethyl dasatinib,BCR_ABL_inhibitor,weak_null;singleton,0.2150882612383312
ZSH-1385,level_control_mimicry,hypothesis_triage,C,zel028_hek293,bb1=BB_3993285124,"bb1=BB_3993285124 mimics STM2457 (Epigenetic writer eraser) - rank-1 control match, cos 0.215","cos=0.215, p=0.000 vs 200-draw gene-label-permutation null",STM2457,Epigenetic_writer_eraser,weak_null;singleton,0.214838143882083
ZSH-1388,level_control_mimicry,hypothesis_triage,C,zel024_hek293,bb3=BB_2459734371,"bb3=BB_2459734371 mimics HTH-01-015 (HSF1 heat shock validated) - rank-1 control match, cos 0.215","cos=0.215, p=0.000 vs 200-draw gene-label-permutation null",HTH-01-015,HSF1_heat_shock_validated,weak_null,0.2146781606123328
ZSH-1397,level_control_mimicry,hypothesis_triage,C,zel031_a549,bb0=BB_1009857168,"bb0=BB_1009857168 mimics GCN2-IN-7 (Stress kinase inhibitor) - rank-1 control match, cos 0.214","cos=0.214, p=0.000 vs 200-draw gene-label-permutation null",GCN2-IN-7,Stress_kinase_inhibitor,weak_null,0.2137847538127347
ZSH-1404,level_control_mimicry,hypothesis_triage,C,zel031_a549,bb0=BB_3187662161,"bb0=BB_3187662161 mimics HTH-01-015 (HSF1 heat shock validated) - rank-1 control match, cos 0.213","cos=0.213, p=0.000 vs 200-draw gene-label-permutation null",HTH-01-015,HSF1_heat_shock_validated,weak_null,0.2132467421425375
ZSH-1414,level_control_mimicry,hypothesis_triage,C,zel031_a549,bb1=BB_4720292644,"bb1=BB_4720292644 mimics aloperine (Unknown Other) - rank-1 control match, cos 0.212","cos=0.212, p=0.000 vs 200-draw gene-label-permutation null",aloperine,Unknown_Other,weak_null,0.2119519485690817
ZSH-1415,level_control_mimicry,hypothesis_triage,C,zel028_a549,bb1=BB_2020345630,"bb1=BB_2020345630 mimics GCN2-IN-7 (Stress kinase inhibitor) - rank-1 control match, cos 0.212","cos=0.212, p=0.000 vs 200-draw gene-label-permutation null",GCN2-IN-7,Stress_kinase_inhibitor,weak_null;singleton,0.2118271844299905
ZSH-1420,level_control_mimicry,hypothesis_triage,C,zel031_a549,bb1=BB_1823222689,"bb1=BB_1823222689 mimics HTH-01-015 (HSF1 heat shock validated) - rank-1 control match, cos 0.211","cos=0.211, p=0.000 vs 200-draw gene-label-permutation null",HTH-01-015,HSF1_heat_shock_validated,weak_null,0.2114748148439997
ZSH-1424,level_control_mimicry,hypothesis_triage,C,zel028_a549,bb1=BB_8187164141,"bb1=BB_8187164141 mimics GCN2-IN-7 (Stress kinase inhibitor) - rank-1 control match, cos 0.211","cos=0.211, p=0.000 vs 200-draw gene-label-permutation null",GCN2-IN-7,Stress_kinase_inhibitor,weak_null;singleton,0.2111673907481968
ZSH-1429,level_control_mimicry,hypothesis_triage,C,zel024_hek293,bb3=BB_5272889191,"bb3=BB_5272889191 mimics CP-673451 (PDGFR inhibitor) - rank-1 control match, cos 0.211","cos=0.211, p=0.000 vs 200-draw gene-label-permutation null",CP-673451,PDGFR_inhibitor,weak_null,0.2106937448079093
ZSH-1432,level_control_mimicry,hypothesis_triage,C,zel031_a549,bb1=BB_1998369695,"bb1=BB_1998369695 mimics derazantinib (FGFR inhibitor) - rank-1 control match, cos 0.211","cos=0.211, p=0.000 vs 200-draw gene-label-permutation null",derazantinib,FGFR_inhibitor,weak_null,0.2106113411877941
ZSH-1433,level_control_mimicry,hypothesis_triage,C,zel024_hek293,bb3=BB_9420008587,"bb3=BB_9420008587 mimics N-deshydroxyethyl dasatinib (BCR ABL inhibitor) - rank-1 control match, cos 0.211","cos=0.211, p=0.000 vs 200-draw gene-label-permutation null",N-deshydroxyethyl dasatinib,BCR_ABL_inhibitor,weak_null,0.2105866651986827
ZSH-1435,level_control_mimicry,hypothesis_triage,C,zel024_hek293,bb3=BB_0786918661,"bb3=BB_0786918661 mimics XL019 (JAK STAT inhibitor) - rank-1 control match, cos 0.210","cos=0.210, p=0.000 vs 200-draw gene-label-permutation null",XL019,JAK_STAT_inhibitor,weak_null,0.2103722067823316
ZSH-1439,level_control_mimicry,hypothesis_triage,C,zel028_hek293,bb4=BB_3795298929,"bb4=BB_3795298929 mimics N-deshydroxyethyl dasatinib (BCR ABL inhibitor) - rank-1 control match, cos 0.210","cos=0.210, p=0.000 vs 200-draw gene-label-permutation null",N-deshydroxyethyl dasatinib,BCR_ABL_inhibitor,weak_null;singleton,0.2101330338079063
ZSH-1440,level_control_mimicry,hypothesis_triage,C,zel031_a549,bb1=BB_9151637064,"bb1=BB_9151637064 mimics derazantinib (FGFR inhibitor) - rank-1 control match, cos 0.210","cos=0.210, p=0.000 vs 200-draw gene-label-permutation null",derazantinib,FGFR_inhibitor,weak_null,0.2101173480336171
ZSH-1441,level_control_mimicry,hypothesis_triage,C,zel031_a549,bb0=BB_9301595053,"bb0=BB_9301595053 mimics JAB-3068 (Phosphatase inhibitor) - rank-1 control match, cos 0.210","cos=0.210, p=0.000 vs 200-draw gene-label-permutation null",JAB-3068,Phosphatase_inhibitor,weak_null,0.2100473688535508
ZSH-1449,level_control_mimicry,hypothesis_triage,C,zel031_a549,bb0=BB_7209113661,"bb0=BB_7209113661 mimics STM2457 (Epigenetic writer eraser) - rank-1 control match, cos 0.209","cos=0.209, p=0.000 vs 200-draw gene-label-permutation null",STM2457,Epigenetic_writer_eraser,weak_null,0.2094588506318574
ZSH-1453,level_control_mimicry,hypothesis_triage,C,zel024_hek293,bb3=BB_9932753009,"bb3=BB_9932753009 mimics ZF135/MRTX-1719 (Unknown/Other) - rank-1 control match, cos 0.209","cos=0.209, p=0.000 vs 200-draw gene-label-permutation null",ZF135/MRTX-1719,Unknown/Other,weak_null,0.2092956101440929
ZSH-1458,level_control_mimicry,hypothesis_triage,C,zel028_hek293,bb1=BB_9254267248,"bb1=BB_9254267248 mimics STM2457 (Epigenetic writer eraser) - rank-1 control match, cos 0.209","cos=0.209, p=0.000 vs 200-draw gene-label-permutation null",STM2457,Epigenetic_writer_eraser,weak_null;singleton,0.2091627747769177
ZSH-1460,level_control_mimicry,hypothesis_triage,C,zel028_hek293,bb3=BB_7882633117,"bb3=BB_7882633117 mimics N-deshydroxyethyl dasatinib (BCR ABL inhibitor) - rank-1 control match, cos 0.209","cos=0.209, p=0.000 vs 200-draw gene-label-permutation null",N-deshydroxyethyl dasatinib,BCR_ABL_inhibitor,weak_null;singleton,0.2090542468958859
ZSH-1470,level_control_mimicry,hypothesis_triage,C,zel031_a549,bb0=BB_6068264633,"bb0=BB_6068264633 mimics GCN2-IN-7 (Stress kinase inhibitor) - rank-1 control match, cos 0.208","cos=0.208, p=0.000 vs 200-draw gene-label-permutation null",GCN2-IN-7,Stress_kinase_inhibitor,weak_null,0.2078932820629745
ZSH-1471,level_control_mimicry,hypothesis_triage,C,zel028_a549,bb4=BB_5044717039,"bb4=BB_5044717039 mimics HTH-01-015 (HSF1 heat shock validated) - rank-1 control match, cos 0.208","cos=0.208, p=0.000 vs 200-draw gene-label-permutation null",HTH-01-015,HSF1_heat_shock_validated,weak_null;singleton,0.2078231209573381
ZSH-1477,level_control_mimicry,hypothesis_triage,C,zel024_hek293,bb3=BB_9833957809,"bb3=BB_9833957809 mimics MSC1094308 (VCP/VPS4B AAA ATPase inhibitor) - rank-1 control match, cos 0.207","cos=0.207, p=0.000 vs 200-draw gene-label-permutation null",MSC1094308,AAA_ATPase_inhibitor,weak_null,0.2070143706084796
ZSH-1480,level_control_mimicry,hypothesis_triage,C,zel028_a549,bb3=BB_7767575353,"bb3=BB_7767575353 mimics MK2-IN-1 (Stress kinase inhibitor) - rank-1 control match, cos 0.207","cos=0.207, p=0.000 vs 200-draw gene-label-permutation null",MK2-IN-1,Stress_kinase_inhibitor,weak_null;singleton,0.2069539275599421
ZSH-1484,level_control_mimicry,hypothesis_triage,C,zel028_hek293,bb1=BB_8243376230,"bb1=BB_8243376230 mimics MK2-IN-1 (Stress kinase inhibitor) - rank-1 control match, cos 0.207","cos=0.207, p=0.000 vs 200-draw gene-label-permutation null",MK2-IN-1,Stress_kinase_inhibitor,weak_null;singleton,0.2066637042626366
ZSH-1485,level_control_mimicry,hypothesis_triage,C,zel039_aec7,bb2=BB_5443844769,"bb2=BB_5443844769 mimics sorafenib (MEK RAF multikinase) - rank-1 control match, cos 0.207","cos=0.207, p=0.000 vs 200-draw gene-label-permutation null",sorafenib,MEK_RAF_multikinase,weak_null,0.2065991531531127
ZSH-1488,level_control_mimicry,hypothesis_triage,C,zel039_aec7,bb2=BB_1055437227,"bb2=BB_1055437227 mimics KME-2780 (Unknown Other) - rank-1 control match, cos 0.206","cos=0.206, p=0.000 vs 200-draw gene-label-permutation null",KME-2780,Unknown_Other,weak_null,0.2064116468873877
ZSH-1503,level_control_mimicry,hypothesis_triage,C,zel028_a549,bb4=BB_0151361091,"bb4=BB_0151361091 mimics HTH-01-015 (HSF1 heat shock validated) - rank-1 control match, cos 0.206","cos=0.206, p=0.000 vs 200-draw gene-label-permutation null",HTH-01-015,HSF1_heat_shock_validated,weak_null;singleton,0.20562907855991
ZSH-1509,level_control_mimicry,hypothesis_triage,C,zel028_a549,bb1=BB_4429999241,"bb1=BB_4429999241 mimics derazantinib (FGFR inhibitor) - rank-1 control match, cos 0.205","cos=0.205, p=0.000 vs 200-draw gene-label-permutation null",derazantinib,FGFR_inhibitor,weak_null;singleton,0.2051370269197252
ZSH-1518,level_control_mimicry,hypothesis_triage,C,zel031_a549,bb0=BB_7630268974,"bb0=BB_7630268974 mimics GCN2-IN-7 (Stress kinase inhibitor) - rank-1 control match, cos 0.204","cos=0.204, p=0.000 vs 200-draw gene-label-permutation null",GCN2-IN-7,Stress_kinase_inhibitor,weak_null,0.2044830380216913
ZSH-1521,level_control_mimicry,hypothesis_triage,C,zel031_a549,bb1=BB_5929339909,"bb1=BB_5929339909 mimics derazantinib (FGFR inhibitor) - rank-1 control match, cos 0.204","cos=0.204, p=0.000 vs 200-draw gene-label-permutation null",derazantinib,FGFR_inhibitor,weak_null,0.2041735755853271
ZSH-1522,level_control_mimicry,hypothesis_triage,C,zel024_hek293,bb3=BB_7942064205,"bb3=BB_7942064205 mimics derazantinib (FGFR inhibitor) - rank-1 control match, cos 0.204","cos=0.204, p=0.000 vs 200-draw gene-label-permutation null",derazantinib,FGFR_inhibitor,weak_null,0.204129357433549
ZSH-1527,level_control_mimicry,hypothesis_triage,C,zel028_a549,bb3=BB_0141978289,"bb3=BB_0141978289 mimics HTH-01-015 (HSF1 heat shock validated) - rank-1 control match, cos 0.204","cos=0.204, p=0.000 vs 200-draw gene-label-permutation null",HTH-01-015,HSF1_heat_shock_validated,weak_null;singleton,0.2037533661851282
ZSH-1528,level_control_mimicry,hypothesis_triage,C,zel028_a549,bb4=BB_3928169484,"bb4=BB_3928169484 mimics IRAK inhibitor 1 (Stress kinase inhibitor) - rank-1 control match, cos 0.204","cos=0.204, p=0.000 vs 200-draw gene-label-permutation null",IRAK inhibitor 1,Stress_kinase_inhibitor,weak_null;singleton,0.2037276224668255
ZSH-1529,level_control_mimicry,hypothesis_triage,C,zel031_a549,bb0=BB_4093532305,"bb0=BB_4093532305 mimics GCN2-IN-7 (Stress kinase inhibitor) - rank-1 control match, cos 0.204","cos=0.204, p=0.000 vs 200-draw gene-label-permutation null",GCN2-IN-7,Stress_kinase_inhibitor,weak_null,0.2037187533798119
ZSH-1532,level_control_mimicry,hypothesis_triage,C,zel031_a549,bb1=BB_2172915349,"bb1=BB_2172915349 mimics CP-673451 (PDGFR inhibitor) - rank-1 control match, cos 0.204","cos=0.204, p=0.000 vs 200-draw gene-label-permutation null",CP-673451,PDGFR_inhibitor,weak_null,0.2035625010036996
ZSH-1533,level_control_mimicry,hypothesis_triage,C,zel028_hek293,bb1=BB_2579054681,"bb1=BB_2579054681 mimics derazantinib (FGFR inhibitor) - rank-1 control match, cos 0.204","cos=0.204, p=0.000 vs 200-draw gene-label-permutation null",derazantinib,FGFR_inhibitor,weak_null;singleton,0.2035441662031374
ZSH-1534,level_control_mimicry,hypothesis_triage,C,zel039_aec7,bb2=BB_2283348932,"bb2=BB_2283348932 mimics GSK126 (Epigenetic writer eraser) - rank-1 control match, cos 0.203","cos=0.203, p=0.000 vs 200-draw gene-label-permutation null",GSK126,Epigenetic_writer_eraser,weak_null,0.20326226148218
ZSH-1535,level_control_mimicry,hypothesis_triage,C,zel024_hek293,bb3=BB_9236479542,"bb3=BB_9236479542 mimics AZD-7624 (Stress kinase inhibitor) - rank-1 control match, cos 0.203","cos=0.203, p=0.000 vs 200-draw gene-label-permutation null",AZD-7624,Stress_kinase_inhibitor,weak_null,0.2031615783038965
ZSH-1542,level_control_mimicry,hypothesis_triage,C,zel039_aec7,bb1=BB_0787221251,"bb1=BB_0787221251 mimics BGT226 (PI3K mTOR inhibitor) - rank-1 control match, cos 0.203","cos=0.203, p=0.000 vs 200-draw gene-label-permutation null",BGT226,PI3K_mTOR_inhibitor,weak_null,0.2025967286641832
ZSH-1543,level_control_mimicry,hypothesis_triage,C,zel039_aec7,bb1=BB_6244448270,"bb1=BB_6244448270 mimics MK2-IN-1 (Stress kinase inhibitor) - rank-1 control match, cos 0.203","cos=0.203, p=0.000 vs 200-draw gene-label-permutation null",MK2-IN-1,Stress_kinase_inhibitor,weak_null,0.2025137540518858
ZSH-1545,level_control_mimicry,hypothesis_triage,C,zel031_a549,bb0=BB_3343534725,"bb0=BB_3343534725 mimics fexagratinib (FGFR inhibitor) - rank-1 control match, cos 0.202","cos=0.202, p=0.000 vs 200-draw gene-label-permutation null",fexagratinib,FGFR_inhibitor,weak_null,0.2023892707578889
ZSH-1555,level_control_mimicry,hypothesis_triage,C,zel028_hek293,bb1=BB_7833643634,"bb1=BB_7833643634 mimics JAB-3068 (Phosphatase inhibitor) - rank-1 control match, cos 0.202","cos=0.202, p=0.000 vs 200-draw gene-label-permutation null",JAB-3068,Phosphatase_inhibitor,weak_null;singleton,0.2015398116819494
ZSH-1556,level_control_mimicry,hypothesis_triage,C,zel039_aec7,bb1=BB_2899866406,"bb1=BB_2899866406 mimics BMS-509744 (Unknown Other) - rank-1 control match, cos 0.202","cos=0.202, p=0.000 vs 200-draw gene-label-permutation null",BMS-509744,Unknown_Other,weak_null,0.2015177219127949
ZSH-1558,level_control_mimicry,hypothesis_triage,C,zel028_a549,bb4=BB_2197995887,"bb4=BB_2197995887 mimics HTH-01-015 (HSF1 heat shock validated) - rank-1 control match, cos 0.201","cos=0.201, p=0.000 vs 200-draw gene-label-permutation null",HTH-01-015,HSF1_heat_shock_validated,weak_null;singleton,0.2014462103080108
ZSH-1562,level_control_mimicry,hypothesis_triage,C,zel028_a549,bb4=BB_6946165266,"bb4=BB_6946165266 mimics sorafenib (MEK RAF multikinase) - rank-1 control match, cos 0.201","cos=0.201, p=0.000 vs 200-draw gene-label-permutation null",sorafenib,MEK_RAF_multikinase,weak_null;singleton,0.201128961842433
ZSH-1566,level_control_mimicry,hypothesis_triage,C,zel028_a549,bb3=BB_6358616567,"bb3=BB_6358616567 mimics HTH-01-015 (HSF1 heat shock validated) - rank-1 control match, cos 0.201","cos=0.201, p=0.000 vs 200-draw gene-label-permutation null",HTH-01-015,HSF1_heat_shock_validated,weak_null;singleton,0.2009697111502828
ZSH-1569,level_control_mimicry,hypothesis_triage,C,zel028_hek293,bb4=BB_0923458751,"bb4=BB_0923458751 mimics derazantinib (FGFR inhibitor) - rank-1 control match, cos 0.201","cos=0.201, p=0.000 vs 200-draw gene-label-permutation null",derazantinib,FGFR_inhibitor,weak_null;singleton,0.2007209865704524
ZSH-1571,level_control_mimicry,hypothesis_triage,C,zel028_hek293,bb4=BB_4488462111,"bb4=BB_4488462111 mimics MSC1094308 (VCP/VPS4B AAA ATPase inhibitor) - rank-1 control match, cos 0.201","cos=0.201, p=0.000 vs 200-draw gene-label-permutation null",MSC1094308,AAA_ATPase_inhibitor,weak_null;singleton,0.200553445360549
ZSH-1577,level_control_mimicry,hypothesis_triage,C,zel031_a549,bb0=BB_5059195690,"bb0=BB_5059195690 mimics STM2457 (Epigenetic writer eraser) - rank-1 control match, cos 0.200","cos=0.200, p=0.000 vs 200-draw gene-label-permutation null",STM2457,Epigenetic_writer_eraser,weak_null,0.2003021494374276
ZSH-1581,level_control_mimicry,hypothesis_triage,C,zel028_hek293,bb1=BB_0182808297,"bb1=BB_0182808297 mimics STM2457 (Epigenetic writer eraser) - rank-1 control match, cos 0.200","cos=0.200, p=0.000 vs 200-draw gene-label-permutation null",STM2457,Epigenetic_writer_eraser,weak_null;singleton,0.1999965813979402
ZSH-1589,level_control_mimicry,hypothesis_triage,C,zel031_a549,bb1=BB_1376184322,"bb1=BB_1376184322 mimics HTH-01-015 (HSF1 heat shock validated) - rank-1 control match, cos 0.200","cos=0.200, p=0.000 vs 200-draw gene-label-permutation null",HTH-01-015,HSF1_heat_shock_validated,weak_null,0.1996708568800762
ZSH-1591,level_control_mimicry,hypothesis_triage,C,zel028_a549,bb1=BB_4833852442,"bb1=BB_4833852442 mimics Capmatinib (ALK MET inhibitor) - rank-1 control match, cos 0.200","cos=0.200, p=0.000 vs 200-draw gene-label-permutation null",Capmatinib,ALK_MET_inhibitor,weak_null;singleton,0.1995690187655382
ZSH-1594,level_control_mimicry,hypothesis_triage,C,zel031_a549,bb1=BB_3460962441,"bb1=BB_3460962441 mimics derazantinib (FGFR inhibitor) - rank-1 control match, cos 0.199","cos=0.199, p=0.000 vs 200-draw gene-label-permutation null",derazantinib,FGFR_inhibitor,weak_null,0.1993749234771221
ZSH-1596,level_control_mimicry,hypothesis_triage,C,zel028_a549,bb1=BB_1597709695,"bb1=BB_1597709695 mimics HTH-01-015 (HSF1 heat shock validated) - rank-1 control match, cos 0.199","cos=0.199, p=0.000 vs 200-draw gene-label-permutation null",HTH-01-015,HSF1_heat_shock_validated,weak_null;singleton,0.199156502746197
ZSH-1598,level_control_mimicry,hypothesis_triage,C,zel039_aec7,bb1=BB_8064768238,"bb1=BB_8064768238 mimics rucaparib (PARP inhibitor) - rank-1 control match, cos 0.199","cos=0.199, p=0.000 vs 200-draw gene-label-permutation null",rucaparib,PARP_inhibitor,weak_null,0.1990853251141771
ZSH-1603,level_control_mimicry,hypothesis_triage,C,zel028_hek293,bb1=BB_8667308814,"bb1=BB_8667308814 mimics STM2457 (Epigenetic writer eraser) - rank-1 control match, cos 0.199","cos=0.199, p=0.000 vs 200-draw gene-label-permutation null",STM2457,Epigenetic_writer_eraser,weak_null;singleton,0.1988745771410703
ZSH-1605,level_control_mimicry,hypothesis_triage,C,zel028_a549,bb1=BB_7410067331,"bb1=BB_7410067331 mimics GCN2-IN-7 (Stress kinase inhibitor) - rank-1 control match, cos 0.199","cos=0.199, p=0.000 vs 200-draw gene-label-permutation null",GCN2-IN-7,Stress_kinase_inhibitor,weak_null;singleton,0.1987702022982394
ZSH-1609,level_control_mimicry,hypothesis_triage,C,zel031_a549,bb1=BB_8135509566,"bb1=BB_8135509566 mimics HTH-01-015 (HSF1 heat shock validated) - rank-1 control match, cos 0.198","cos=0.198, p=0.000 vs 200-draw gene-label-permutation null",HTH-01-015,HSF1_heat_shock_validated,weak_null,0.1984502385475361
ZSH-1617,level_control_mimicry,hypothesis_triage,C,zel028_a549,bb4=BB_5136219807,"bb4=BB_5136219807 mimics BMS-509744 (Unknown Other) - rank-1 control match, cos 0.198","cos=0.198, p=0.000 vs 200-draw gene-label-permutation null",BMS-509744,Unknown_Other,weak_null;singleton,0.1980370637097039
ZSH-1618,level_control_mimicry,hypothesis_triage,C,zel028_hek293,bb4=BB_0632771620,"bb4=BB_0632771620 mimics ZF135/MRTX-1719 (Unknown/Other) - rank-1 control match, cos 0.198","cos=0.198, p=0.000 vs 200-draw gene-label-permutation null",ZF135/MRTX-1719,Unknown/Other,weak_null;singleton,0.198026821699931
ZSH-1638,level_control_mimicry,hypothesis_triage,C,zel028_hek293,bb1=BB_8187164141,"bb1=BB_8187164141 mimics ZM336372 (MEK RAF multikinase) - rank-1 control match, cos 0.197","cos=0.197, p=0.000 vs 200-draw gene-label-permutation null",ZM336372,MEK_RAF_multikinase,weak_null;singleton,0.1966171478294655
ZSH-1641,level_control_mimicry,hypothesis_triage,C,zel024_hek293,bb3=BB_8090408280,"bb3=BB_8090408280 mimics AZD-7624 (Stress kinase inhibitor) - rank-1 control match, cos 0.196","cos=0.196, p=0.000 vs 200-draw gene-label-permutation null",AZD-7624,Stress_kinase_inhibitor,weak_null,0.1963879068255035
ZSH-1645,level_control_mimicry,hypothesis_triage,C,zel028_a549,bb1=BB_4069834956,"bb1=BB_4069834956 mimics GCN2-IN-7 (Stress kinase inhibitor) - rank-1 control match, cos 0.196","cos=0.196, p=0.000 vs 200-draw gene-label-permutation null",GCN2-IN-7,Stress_kinase_inhibitor,weak_null;singleton,0.1961597239229124
ZSH-1647,level_control_mimicry,hypothesis_triage,C,zel031_a549,bb1=BB_1886502771,"bb1=BB_1886502771 mimics HTH-01-015 (HSF1 heat shock validated) - rank-1 control match, cos 0.196","cos=0.196, p=0.000 vs 200-draw gene-label-permutation null",HTH-01-015,HSF1_heat_shock_validated,weak_null,0.1960794446743977
ZSH-1652,level_control_mimicry,hypothesis_triage,C,zel031_a549,bb0=BB_3658207420,"bb0=BB_3658207420 mimics STC-15 (Epigenetic writer eraser) - rank-1 control match, cos 0.196","cos=0.196, p=0.000 vs 200-draw gene-label-permutation null",STC-15,Epigenetic_writer_eraser,weak_null,0.1958192570368261
ZSH-1653,level_control_mimicry,hypothesis_triage,C,zel031_a549,bb1=BB_1471467870,"bb1=BB_1471467870 mimics CP-673451 (PDGFR inhibitor) - rank-1 control match, cos 0.196","cos=0.196, p=0.000 vs 200-draw gene-label-permutation null",CP-673451,PDGFR_inhibitor,weak_null,0.195818954220495
ZSH-1658,level_control_mimicry,hypothesis_triage,C,zel031_a549,bb1=BB_8258170618,"bb1=BB_8258170618 mimics HTH-01-015 (HSF1 heat shock validated) - rank-1 control match, cos 0.195","cos=0.195, p=0.000 vs 200-draw gene-label-permutation null",HTH-01-015,HSF1_heat_shock_validated,weak_null,0.1953318380441293
ZSH-1662,level_control_mimicry,hypothesis_triage,C,zel031_a549,bb1=BB_0435703887,"bb1=BB_0435703887 mimics IRAK inhibitor 1 (Stress kinase inhibitor) - rank-1 control match, cos 0.195","cos=0.195, p=0.000 vs 200-draw gene-label-permutation null",IRAK inhibitor 1,Stress_kinase_inhibitor,weak_null,0.1948591945669864
ZSH-1675,level_control_mimicry,hypothesis_triage,C,zel031_a549,bb0=BB_8844509852,"bb0=BB_8844509852 mimics GCN2-IN-7 (Stress kinase inhibitor) - rank-1 control match, cos 0.194","cos=0.194, p=0.000 vs 200-draw gene-label-permutation null",GCN2-IN-7,Stress_kinase_inhibitor,weak_null,0.1938842637937437
ZSH-1683,level_control_mimicry,hypothesis_triage,C,zel028_a549,bb3=BB_9640248643,"bb3=BB_9640248643 mimics HTH-01-015 (HSF1 heat shock validated) - rank-1 control match, cos 0.194","cos=0.194, p=0.000 vs 200-draw gene-label-permutation null",HTH-01-015,HSF1_heat_shock_validated,weak_null;singleton,0.1935806727436436
ZSH-1685,level_control_mimicry,hypothesis_triage,C,zel039_aec7,bb1=BB_8690476079,"bb1=BB_8690476079 mimics MK2-IN-1 (Stress kinase inhibitor) - rank-1 control match, cos 0.193","cos=0.193, p=0.000 vs 200-draw gene-label-permutation null",MK2-IN-1,Stress_kinase_inhibitor,weak_null,0.1934151648435971
ZSH-1687,level_control_mimicry,hypothesis_triage,C,zel031_a549,bb1=BB_1844827133,"bb1=BB_1844827133 mimics HTH-01-015 (HSF1 heat shock validated) - rank-1 control match, cos 0.193","cos=0.193, p=0.000 vs 200-draw gene-label-permutation null",HTH-01-015,HSF1_heat_shock_validated,weak_null,0.1932079962921352
ZSH-1689,level_control_mimicry,hypothesis_triage,C,zel039_aec7,bb2=BB_4949730103,"bb2=BB_4949730103 mimics ZF135/MRTX-1719 (Unknown/Other) - rank-1 control match, cos 0.193","cos=0.193, p=0.000 vs 200-draw gene-label-permutation null",ZF135/MRTX-1719,Unknown/Other,weak_null,0.1931582337248555
ZSH-1694,level_control_mimicry,hypothesis_triage,C,zel028_a549,bb4=BB_8942712460,"bb4=BB_8942712460 mimics JAB-3068 (Phosphatase inhibitor) - rank-1 control match, cos 0.193","cos=0.193, p=0.000 vs 200-draw gene-label-permutation null",JAB-3068,Phosphatase_inhibitor,weak_null;singleton,0.1928384812280555
ZSH-1703,level_control_mimicry,hypothesis_triage,C,zel028_a549,bb1=BB_6328387653,"bb1=BB_6328387653 mimics GCN2-IN-7 (Stress kinase inhibitor) - rank-1 control match, cos 0.192","cos=0.192, p=0.000 vs 200-draw gene-label-permutation null",GCN2-IN-7,Stress_kinase_inhibitor,weak_null;singleton,0.1922030202367736
ZSH-1704,level_control_mimicry,hypothesis_triage,C,zel031_a549,bb0=BB_3717371053,"bb0=BB_3717371053 mimics BAY-293 (RAS pathway other) - rank-1 control match, cos 0.192","cos=0.192, p=0.000 vs 200-draw gene-label-permutation null",BAY-293,RAS_pathway_other,weak_null,0.1921322074440912
ZSH-1709,level_control_mimicry,hypothesis_triage,C,zel028_hek293,bb1=BB_7148527391,"bb1=BB_7148527391 mimics JAB-3068 (Phosphatase inhibitor) - rank-1 control match, cos 0.192","cos=0.192, p=0.000 vs 200-draw gene-label-permutation null",JAB-3068,Phosphatase_inhibitor,weak_null;singleton,0.1916703878491575
ZSH-1711,level_control_mimicry,hypothesis_triage,C,zel031_a549,bb0=BB_3934109875,"bb0=BB_3934109875 mimics BMS-509744 (Unknown Other) - rank-1 control match, cos 0.192","cos=0.192, p=0.000 vs 200-draw gene-label-permutation null",BMS-509744,Unknown_Other,weak_null,0.1916083204891235
ZSH-1722,level_control_mimicry,hypothesis_triage,C,zel039_aec7,bb1=BB_9390216993,"bb1=BB_9390216993 mimics HTH-01-015 (HSF1 heat shock validated) - rank-1 control match, cos 0.191","cos=0.191, p=0.000 vs 200-draw gene-label-permutation null",HTH-01-015,HSF1_heat_shock_validated,weak_null,0.1911486414380469
ZSH-1723,level_control_mimicry,hypothesis_triage,C,zel028_hek293,bb4=BB_8942712460,"bb4=BB_8942712460 mimics veliparib (PARP inhibitor) - rank-1 control match, cos 0.191","cos=0.191, p=0.000 vs 200-draw gene-label-permutation null",veliparib,PARP_inhibitor,weak_null;singleton,0.191118806870117
ZSH-1727,level_control_mimicry,hypothesis_triage,C,zel028_a549,bb3=BB_1376184322,"bb3=BB_1376184322 mimics derazantinib (FGFR inhibitor) - rank-1 control match, cos 0.191","cos=0.191, p=0.000 vs 200-draw gene-label-permutation null",derazantinib,FGFR_inhibitor,weak_null;singleton,0.1908073901200901
ZSH-1730,level_control_mimicry,hypothesis_triage,C,zel028_a549,bb3=BB_0068057945,"bb3=BB_0068057945 mimics GCN2-IN-7 (Stress kinase inhibitor) - rank-1 control match, cos 0.191","cos=0.191, p=0.000 vs 200-draw gene-label-permutation null",GCN2-IN-7,Stress_kinase_inhibitor,weak_null;singleton,0.1906427298324044
ZSH-1733,level_control_mimicry,hypothesis_triage,C,zel028_a549,bb1=BB_4811208063,"bb1=BB_4811208063 mimics MK2-IN-1 (Stress kinase inhibitor) - rank-1 control match, cos 0.190","cos=0.190, p=0.000 vs 200-draw gene-label-permutation null",MK2-IN-1,Stress_kinase_inhibitor,weak_null;singleton,0.190210573241206
ZSH-1744,level_control_mimicry,hypothesis_triage,C,zel028_hek293,bb4=BB_2818856921,"bb4=BB_2818856921 mimics lapatinib (EGFR HER2 inhibitor) - rank-1 control match, cos 0.190","cos=0.190, p=0.000 vs 200-draw gene-label-permutation null",lapatinib,EGFR_HER2_inhibitor,weak_null;singleton,0.1899401874008859
ZSH-1749,level_control_mimicry,hypothesis_triage,C,zel028_a549,bb4=BB_3795298929,"bb4=BB_3795298929 mimics GCN2-IN-7 (Stress kinase inhibitor) - rank-1 control match, cos 0.190","cos=0.190, p=0.000 vs 200-draw gene-label-permutation null",GCN2-IN-7,Stress_kinase_inhibitor,weak_null;singleton,0.1896264225685171
ZSH-1751,level_control_mimicry,hypothesis_triage,C,zel024_hek293,bb3=BB_4111522701,"bb3=BB_4111522701 mimics N-deshydroxyethyl dasatinib (BCR ABL inhibitor) - rank-1 control match, cos 0.190","cos=0.190, p=0.000 vs 200-draw gene-label-permutation null",N-deshydroxyethyl dasatinib,BCR_ABL_inhibitor,weak_null,0.1895968555870433
ZSH-1752,level_control_mimicry,hypothesis_triage,C,zel028_a549,bb3=BB_6739707806,"bb3=BB_6739707806 mimics GCN2-IN-7 (Stress kinase inhibitor) - rank-1 control match, cos 0.190","cos=0.190, p=0.000 vs 200-draw gene-label-permutation null",GCN2-IN-7,Stress_kinase_inhibitor,weak_null;singleton,0.1895791272296933
ZSH-1756,level_control_mimicry,hypothesis_triage,C,zel028_a549,bb4=BB_4639591781,"bb4=BB_4639591781 mimics IRAK inhibitor 1 (Stress kinase inhibitor) - rank-1 control match, cos 0.189","cos=0.189, p=0.000 vs 200-draw gene-label-permutation null",IRAK inhibitor 1,Stress_kinase_inhibitor,weak_null;singleton,0.1894897262909554
ZSH-1759,level_control_mimicry,hypothesis_triage,C,zel028_a549,bb4=BB_6112128578,"bb4=BB_6112128578 mimics HTH-01-015 (HSF1 heat shock validated) - rank-1 control match, cos 0.189","cos=0.189, p=0.000 vs 200-draw gene-label-permutation null",HTH-01-015,HSF1_heat_shock_validated,weak_null;singleton,0.189320271571799
ZSH-1765,level_control_mimicry,hypothesis_triage,C,zel028_a549,bb1=BB_4944521105,"bb1=BB_4944521105 mimics STM2457 (Epigenetic writer eraser) - rank-1 control match, cos 0.189","cos=0.189, p=0.000 vs 200-draw gene-label-permutation null",STM2457,Epigenetic_writer_eraser,weak_null;singleton,0.1888756972236742
ZSH-1766,level_control_mimicry,hypothesis_triage,C,zel028_a549,bb1=BB_1184847906,"bb1=BB_1184847906 mimics AZD-3463 (ALK MET inhibitor) - rank-1 control match, cos 0.189","cos=0.189, p=0.000 vs 200-draw gene-label-permutation null",AZD-3463,ALK_MET_inhibitor,weak_null;singleton,0.1888745252732689
ZSH-1780,level_control_mimicry,hypothesis_triage,C,zel031_a549,bb0=BB_0071831767,"bb0=BB_0071831767 mimics BMS-509744 (Unknown Other) - rank-1 control match, cos 0.188","cos=0.188, p=0.000 vs 200-draw gene-label-permutation null",BMS-509744,Unknown_Other,weak_null,0.1881624778111815
ZSH-1784,level_control_mimicry,hypothesis_triage,C,zel028_a549,bb4=BB_3520185025,"bb4=BB_3520185025 mimics GCN2-IN-7 (Stress kinase inhibitor) - rank-1 control match, cos 0.188","cos=0.188, p=0.000 vs 200-draw gene-label-permutation null",GCN2-IN-7,Stress_kinase_inhibitor,weak_null;singleton,0.1877850678799907
ZSH-1785,level_control_mimicry,hypothesis_triage,C,zel031_a549,bb1=BB_6472566515,"bb1=BB_6472566515 mimics ZM336372 (MEK RAF multikinase) - rank-1 control match, cos 0.188","cos=0.188, p=0.000 vs 200-draw gene-label-permutation null",ZM336372,MEK_RAF_multikinase,weak_null,0.1877105770378534
ZSH-1790,level_control_mimicry,hypothesis_triage,C,zel028_a549,bb1=BB_3258452724,"bb1=BB_3258452724 mimics GCN2-IN-7 (Stress kinase inhibitor) - rank-1 control match, cos 0.187","cos=0.187, p=0.000 vs 200-draw gene-label-permutation null",GCN2-IN-7,Stress_kinase_inhibitor,weak_null;singleton,0.1874505836593648
ZSH-1797,level_control_mimicry,hypothesis_triage,C,zel031_a549,bb1=BB_2302843318,"bb1=BB_2302843318 mimics CP-673451 (PDGFR inhibitor) - rank-1 control match, cos 0.187","cos=0.187, p=0.000 vs 200-draw gene-label-permutation null",CP-673451,PDGFR_inhibitor,weak_null,0.1870382163707461
ZSH-1809,level_control_mimicry,hypothesis_triage,C,zel028_a549,bb3=BB_8839574583,"bb3=BB_8839574583 mimics MSC1094308 (VCP/VPS4B AAA ATPase inhibitor) - rank-1 control match, cos 0.186","cos=0.186, p=0.000 vs 200-draw gene-label-permutation null",MSC1094308,AAA_ATPase_inhibitor,weak_null;singleton,0.1862603067250082
ZSH-1810,level_control_mimicry,hypothesis_triage,C,zel024_hek293,bb3=BB_3586809514,"bb3=BB_3586809514 mimics Capmatinib (ALK MET inhibitor) - rank-1 control match, cos 0.186","cos=0.186, p=0.000 vs 200-draw gene-label-permutation null",Capmatinib,ALK_MET_inhibitor,weak_null,0.1862298649740631
ZSH-1819,level_control_mimicry,hypothesis_triage,C,zel024_hek293,bb3=BB_8066226507,"bb3=BB_8066226507 mimics CP-673451 (PDGFR inhibitor) - rank-1 control match, cos 0.186","cos=0.186, p=0.000 vs 200-draw gene-label-permutation null",CP-673451,PDGFR_inhibitor,weak_null,0.1859376008182773
ZSH-1822,level_control_mimicry,hypothesis_triage,C,zel028_a549,bb4=BB_9559837296,"bb4=BB_9559837296 mimics cobimetinib (MEK RAF multikinase) - rank-1 control match, cos 0.186","cos=0.186, p=0.000 vs 200-draw gene-label-permutation null",cobimetinib,MEK_RAF_multikinase,weak_null;singleton,0.1857773616623663
ZSH-1835,level_control_mimicry,hypothesis_triage,C,zel031_a549,bb1=BB_8713766777,"bb1=BB_8713766777 mimics GCN2-IN-7 (Stress kinase inhibitor) - rank-1 control match, cos 0.185","cos=0.185, p=0.000 vs 200-draw gene-label-permutation null",GCN2-IN-7,Stress_kinase_inhibitor,weak_null,0.1850001088177658
ZSH-1841,level_control_mimicry,hypothesis_triage,C,zel031_a549,bb1=BB_5044717039,"bb1=BB_5044717039 mimics JAB-3068 (Phosphatase inhibitor) - rank-1 control match, cos 0.185","cos=0.185, p=0.000 vs 200-draw gene-label-permutation null",JAB-3068,Phosphatase_inhibitor,weak_null,0.1847490781517701
ZSH-1845,level_control_mimicry,hypothesis_triage,C,zel031_a549,bb0=BB_5995712791,"bb0=BB_5995712791 mimics ZM336372 (MEK RAF multikinase) - rank-1 control match, cos 0.185","cos=0.185, p=0.000 vs 200-draw gene-label-permutation null",ZM336372,MEK_RAF_multikinase,weak_null,0.1846215770008685
ZSH-1849,level_control_mimicry,hypothesis_triage,C,zel031_a549,bb1=BB_4156651179,"bb1=BB_4156651179 mimics HTH-01-015 (HSF1 heat shock validated) - rank-1 control match, cos 0.184","cos=0.184, p=0.000 vs 200-draw gene-label-permutation null",HTH-01-015,HSF1_heat_shock_validated,weak_null,0.1844085827781378
ZSH-1850,level_control_mimicry,hypothesis_triage,C,zel028_a549,bb1=BB_9254267248,"bb1=BB_9254267248 mimics AZD-3463 (ALK MET inhibitor) - rank-1 control match, cos 0.184","cos=0.184, p=0.000 vs 200-draw gene-label-permutation null",AZD-3463,ALK_MET_inhibitor,weak_null;singleton,0.1843048623378719
ZSH-1863,level_control_mimicry,hypothesis_triage,C,zel028_a549,bb4=BB_6089238795,"bb4=BB_6089238795 mimics ZF135/MRTX-1719 (Unknown/Other) - rank-1 control match, cos 0.184","cos=0.184, p=0.000 vs 200-draw gene-label-permutation null",ZF135/MRTX-1719,Unknown/Other,weak_null;singleton,0.1836836215519708
ZSH-1866,level_control_mimicry,hypothesis_triage,C,zel028_a549,bb3=BB_1597208583,"bb3=BB_1597208583 mimics GCN2-IN-7 (Stress kinase inhibitor) - rank-1 control match, cos 0.184","cos=0.184, p=0.000 vs 200-draw gene-label-permutation null",GCN2-IN-7,Stress_kinase_inhibitor,weak_null;singleton,0.1836129056762369
ZSH-1869,level_control_mimicry,hypothesis_triage,C,zel024_hek293,bb3=BB_6860382851,"bb3=BB_6860382851 mimics STC-15 (Epigenetic writer eraser) - rank-1 control match, cos 0.183","cos=0.183, p=0.010 vs 200-draw gene-label-permutation null",STC-15,Epigenetic_writer_eraser,weak_null,0.1833664826057446
ZSH-1871,level_control_mimicry,hypothesis_triage,C,zel031_a549,bb0=BB_5395206777,"bb0=BB_5395206777 mimics Capmatinib (ALK MET inhibitor) - rank-1 control match, cos 0.183","cos=0.183, p=0.000 vs 200-draw gene-label-permutation null",Capmatinib,ALK_MET_inhibitor,weak_null,0.183334130110518
ZSH-1879,level_control_mimicry,hypothesis_triage,C,zel028_a549,bb3=BB_6776932943,"bb3=BB_6776932943 mimics HTH-01-015 (HSF1 heat shock validated) - rank-1 control match, cos 0.183","cos=0.183, p=0.000 vs 200-draw gene-label-permutation null",HTH-01-015,HSF1_heat_shock_validated,weak_null;singleton,0.1830409091529791
ZSH-1880,level_control_mimicry,hypothesis_triage,C,zel031_a549,bb1=BB_8516334188,"bb1=BB_8516334188 mimics N-deshydroxyethyl dasatinib (BCR ABL inhibitor) - rank-1 control match, cos 0.183","cos=0.183, p=0.000 vs 200-draw gene-label-permutation null",N-deshydroxyethyl dasatinib,BCR_ABL_inhibitor,weak_null,0.1829377645192067
ZSH-1883,level_control_mimicry,hypothesis_triage,C,zel028_a549,bb4=BB_1274079422,"bb4=BB_1274079422 mimics MK2-IN-1 (Stress kinase inhibitor) - rank-1 control match, cos 0.183","cos=0.183, p=0.000 vs 200-draw gene-label-permutation null",MK2-IN-1,Stress_kinase_inhibitor,weak_null;singleton,0.1826314142620839
ZSH-1884,level_control_mimicry,hypothesis_triage,C,zel028_a549,bb3=BB_3556786606,"bb3=BB_3556786606 mimics MSC1094308 (VCP/VPS4B AAA ATPase inhibitor) - rank-1 control match, cos 0.183","cos=0.183, p=0.000 vs 200-draw gene-label-permutation null",MSC1094308,AAA_ATPase_inhibitor,weak_null;singleton,0.1825965554503066
ZSH-1889,level_control_mimicry,hypothesis_triage,C,zel028_hek293,bb3=BB_5425169677,"bb3=BB_5425169677 mimics BMS-509744 (Unknown Other) - rank-1 control match, cos 0.182","cos=0.182, p=0.000 vs 200-draw gene-label-permutation null",BMS-509744,Unknown_Other,weak_null;singleton,0.1823950881866567
ZSH-1892,level_control_mimicry,hypothesis_triage,C,zel031_a549,bb1=BB_0632771620,"bb1=BB_0632771620 mimics palbociclib (CDK inhibitor) - rank-1 control match, cos 0.182","cos=0.182, p=0.000 vs 200-draw gene-label-permutation null",palbociclib,CDK_inhibitor,weak_null,0.1822097668809924
ZSH-1893,level_control_mimicry,hypothesis_triage,C,zel031_a549,bb0=BB_5346990642,"bb0=BB_5346990642 mimics GCN2-IN-7 (Stress kinase inhibitor) - rank-1 control match, cos 0.182","cos=0.182, p=0.000 vs 200-draw gene-label-permutation null",GCN2-IN-7,Stress_kinase_inhibitor,weak_null,0.182189127352402
ZSH-1899,level_control_mimicry,hypothesis_triage,C,zel028_hek293,bb4=BB_5044717039,"bb4=BB_5044717039 mimics HTH-01-015 (HSF1 heat shock validated) - rank-1 control match, cos 0.182","cos=0.182, p=0.000 vs 200-draw gene-label-permutation null",HTH-01-015,HSF1_heat_shock_validated,weak_null;singleton,0.1817587749853449
ZSH-1906,level_control_mimicry,hypothesis_triage,C,zel039_aec7,bb2=BB_9930036786,"bb2=BB_9930036786 mimics BMS-509744 (Unknown Other) - rank-1 control match, cos 0.181","cos=0.181, p=0.000 vs 200-draw gene-label-permutation null",BMS-509744,Unknown_Other,weak_null,0.1811856276771238
ZSH-1907,level_control_mimicry,hypothesis_triage,C,zel028_a549,bb3=BB_0885525824,"bb3=BB_0885525824 mimics GCN2-IN-7 (Stress kinase inhibitor) - rank-1 control match, cos 0.181","cos=0.181, p=0.000 vs 200-draw gene-label-permutation null",GCN2-IN-7,Stress_kinase_inhibitor,weak_null;singleton,0.1811146143788073
ZSH-1908,level_control_mimicry,hypothesis_triage,C,zel028_a549,bb3=BB_9656987821,"bb3=BB_9656987821 mimics HTH-01-015 (HSF1 heat shock validated) - rank-1 control match, cos 0.181","cos=0.181, p=0.000 vs 200-draw gene-label-permutation null",HTH-01-015,HSF1_heat_shock_validated,weak_null;singleton,0.1808815943146725
ZSH-1916,level_control_mimicry,hypothesis_triage,C,zel028_a549,bb1=BB_7833643634,"bb1=BB_7833643634 mimics momelotinib/CYT387 (JAK STAT inhibitor) - rank-1 control match, cos 0.181","cos=0.181, p=0.000 vs 200-draw gene-label-permutation null",momelotinib/CYT387,JAK_STAT_inhibitor,weak_null;singleton,0.1805152861182211
ZSH-1921,level_control_mimicry,hypothesis_triage,C,zel024_hek293,bb3=BB_7968340747,"bb3=BB_7968340747 mimics SMARCA ligand 1 (Chromatin remodeling) - rank-1 control match, cos 0.180","cos=0.180, p=0.000 vs 200-draw gene-label-permutation null",SMARCA ligand 1,Chromatin_remodeling,weak_null,0.180195943498264
ZSH-1923,level_control_mimicry,hypothesis_triage,C,zel028_hek293,bb3=BB_1844827133,"bb3=BB_1844827133 mimics HTH-01-015 (HSF1 heat shock validated) - rank-1 control match, cos 0.180","cos=0.180, p=0.000 vs 200-draw gene-label-permutation null",HTH-01-015,HSF1_heat_shock_validated,weak_null;singleton,0.1799985165850842
ZSH-1935,level_control_mimicry,hypothesis_triage,C,zel028_a549,bb1=BB_4923564262,"bb1=BB_4923564262 mimics derazantinib (FGFR inhibitor) - rank-1 control match, cos 0.179","cos=0.179, p=0.000 vs 200-draw gene-label-permutation null",derazantinib,FGFR_inhibitor,weak_null;singleton,0.1790544104324476
ZSH-1943,level_control_mimicry,hypothesis_triage,C,zel031_a549,bb1=BB_0220556237,"bb1=BB_0220556237 mimics MSC1094308 (VCP/VPS4B AAA ATPase inhibitor) - rank-1 control match, cos 0.178","cos=0.178, p=0.000 vs 200-draw gene-label-permutation null",MSC1094308,AAA_ATPase_inhibitor,weak_null,0.17813531220159
ZSH-1960,level_control_mimicry,hypothesis_triage,C,zel031_a549,bb1=BB_4831254958,"bb1=BB_4831254958 mimics HTH-01-015 (HSF1 heat shock validated) - rank-1 control match, cos 0.178","cos=0.178, p=0.000 vs 200-draw gene-label-permutation null",HTH-01-015,HSF1_heat_shock_validated,weak_null,0.1776798566691384
ZSH-1961,level_control_mimicry,hypothesis_triage,C,zel031_a549,bb0=BB_2712677252,"bb0=BB_2712677252 mimics GCN2-IN-7 (Stress kinase inhibitor) - rank-1 control match, cos 0.178","cos=0.178, p=0.000 vs 200-draw gene-label-permutation null",GCN2-IN-7,Stress_kinase_inhibitor,weak_null,0.1775765830769073
ZSH-1965,level_control_mimicry,hypothesis_triage,C,zel031_a549,bb0=BB_4046778248,"bb0=BB_4046778248 mimics GCN2-IN-7 (Stress kinase inhibitor) - rank-1 control match, cos 0.177","cos=0.177, p=0.000 vs 200-draw gene-label-permutation null",GCN2-IN-7,Stress_kinase_inhibitor,weak_null,0.177410912783841
ZSH-1966,level_control_mimicry,hypothesis_triage,C,zel031_a549,bb0=BB_2661424130,"bb0=BB_2661424130 mimics lapatinib (EGFR HER2 inhibitor) - rank-1 control match, cos 0.177","cos=0.177, p=0.000 vs 200-draw gene-label-permutation null",lapatinib,EGFR_HER2_inhibitor,weak_null,0.1773748576509518
ZSH-1975,level_control_mimicry,hypothesis_triage,C,zel028_a549,bb3=BB_4330525650,"bb3=BB_4330525650 mimics derazantinib (FGFR inhibitor) - rank-1 control match, cos 0.177","cos=0.177, p=0.000 vs 200-draw gene-label-permutation null",derazantinib,FGFR_inhibitor,weak_null;singleton,0.1769673006979172
ZSH-1981,level_control_mimicry,hypothesis_triage,C,zel028_a549,bb1=BB_3615416380,"bb1=BB_3615416380 mimics Capmatinib (ALK MET inhibitor) - rank-1 control match, cos 0.177","cos=0.177, p=0.000 vs 200-draw gene-label-permutation null",Capmatinib,ALK_MET_inhibitor,weak_null;singleton,0.1766398121574369
ZSH-1997,level_control_mimicry,hypothesis_triage,C,zel028_hek293,bb4=BB_6371722162,"bb4=BB_6371722162 mimics sorafenib (MEK RAF multikinase) - rank-1 control match, cos 0.176","cos=0.176, p=0.000 vs 200-draw gene-label-permutation null",sorafenib,MEK_RAF_multikinase,weak_null;singleton,0.1758325240885773
ZSH-2009,level_control_mimicry,hypothesis_triage,C,zel024_hek293,bb3=BB_3027049330,"bb3=BB_3027049330 mimics AZD-7624 (Stress kinase inhibitor) - rank-1 control match, cos 0.175","cos=0.175, p=0.000 vs 200-draw gene-label-permutation null",AZD-7624,Stress_kinase_inhibitor,weak_null,0.1750249787257172
ZSH-2010,level_control_mimicry,hypothesis_triage,C,zel031_a549,bb0=BB_4237005218,"bb0=BB_4237005218 mimics BGT226 (PI3K mTOR inhibitor) - rank-1 control match, cos 0.175","cos=0.175, p=0.000 vs 200-draw gene-label-permutation null",BGT226,PI3K_mTOR_inhibitor,weak_null,0.1749709678545994
ZSH-2011,level_control_mimicry,hypothesis_triage,C,zel028_a549,bb4=BB_5090328094,"bb4=BB_5090328094 mimics fexagratinib (FGFR inhibitor) - rank-1 control match, cos 0.175","cos=0.175, p=0.000 vs 200-draw gene-label-permutation null",fexagratinib,FGFR_inhibitor,weak_null;singleton,0.1748979708769153
ZSH-2012,level_control_mimicry,hypothesis_triage,C,zel028_hek293,bb4=BB_0502010716,"bb4=BB_0502010716 mimics momelotinib/CYT387 (JAK STAT inhibitor) - rank-1 control match, cos 0.175","cos=0.175, p=0.000 vs 200-draw gene-label-permutation null",momelotinib/CYT387,JAK_STAT_inhibitor,weak_null;singleton,0.1748525302641204
ZSH-2031,level_control_mimicry,hypothesis_triage,C,zel031_a549,bb0=BB_4817413158,"bb0=BB_4817413158 mimics GCN2-IN-7 (Stress kinase inhibitor) - rank-1 control match, cos 0.174","cos=0.174, p=0.000 vs 200-draw gene-label-permutation null",GCN2-IN-7,Stress_kinase_inhibitor,weak_null,0.1738339027428503
ZSH-2045,level_control_mimicry,hypothesis_triage,C,zel028_hek293,bb1=BB_7277595652,"bb1=BB_7277595652 mimics IRAK inhibitor 1 (Stress kinase inhibitor) - rank-1 control match, cos 0.173","cos=0.173, p=0.000 vs 200-draw gene-label-permutation null",IRAK inhibitor 1,Stress_kinase_inhibitor,weak_null;singleton,0.1726600530779469
ZSH-2046,level_control_mimicry,hypothesis_triage,C,zel031_a549,bb1=BB_6943918746,"bb1=BB_6943918746 mimics HTH-01-015 (HSF1 heat shock validated) - rank-1 control match, cos 0.173","cos=0.173, p=0.000 vs 200-draw gene-label-permutation null",HTH-01-015,HSF1_heat_shock_validated,weak_null,0.1726575691490179
ZSH-2054,level_control_mimicry,hypothesis_triage,C,zel039_aec7,bb1=BB_8687334682,"bb1=BB_8687334682 mimics ZF135/MRTX-1719 (Unknown/Other) - rank-1 control match, cos 0.172","cos=0.172, p=0.000 vs 200-draw gene-label-permutation null",ZF135/MRTX-1719,Unknown/Other,weak_null,0.1722372700066727
ZSH-2058,level_control_mimicry,hypothesis_triage,C,zel031_a549,bb0=BB_9005641327,"bb0=BB_9005641327 mimics momelotinib/CYT387 (JAK STAT inhibitor) - rank-1 control match, cos 0.172","cos=0.172, p=0.000 vs 200-draw gene-label-permutation null",momelotinib/CYT387,JAK_STAT_inhibitor,weak_null,0.1721437402531012
ZSH-2064,level_control_mimicry,hypothesis_triage,C,zel031_a549,bb1=BB_0885525824,"bb1=BB_0885525824 mimics HTH-01-015 (HSF1 heat shock validated) - rank-1 control match, cos 0.172","cos=0.172, p=0.000 vs 200-draw gene-label-permutation null",HTH-01-015,HSF1_heat_shock_validated,weak_null,0.1718650251415052
ZSH-2072,level_control_mimicry,hypothesis_triage,C,zel028_a549,bb4=BB_0047100301,"bb4=BB_0047100301 mimics momelotinib/CYT387 (JAK STAT inhibitor) - rank-1 control match, cos 0.172","cos=0.172, p=0.000 vs 200-draw gene-label-permutation null",momelotinib/CYT387,JAK_STAT_inhibitor,weak_null;singleton,0.1715164127315482
ZSH-2078,level_control_mimicry,hypothesis_triage,C,zel028_a549,bb3=BB_4057852842,"bb3=BB_4057852842 mimics STM2457 (Epigenetic writer eraser) - rank-1 control match, cos 0.171","cos=0.171, p=0.000 vs 200-draw gene-label-permutation null",STM2457,Epigenetic_writer_eraser,weak_null;singleton,0.171347056351919
ZSH-2090,level_control_mimicry,hypothesis_triage,C,zel028_a549,bb3=BB_3222577192,"bb3=BB_3222577192 mimics HTH-01-015 (HSF1 heat shock validated) - rank-1 control match, cos 0.171","cos=0.171, p=0.000 vs 200-draw gene-label-permutation null",HTH-01-015,HSF1_heat_shock_validated,weak_null;singleton,0.1705414993534887
ZSH-2092,level_control_mimicry,hypothesis_triage,C,zel031_a549,bb0=BB_0918701036,"bb0=BB_0918701036 mimics BMS-509744 (Unknown Other) - rank-1 control match, cos 0.170","cos=0.170, p=0.000 vs 200-draw gene-label-permutation null",BMS-509744,Unknown_Other,weak_null,0.1704855338532416
ZSH-2093,level_control_mimicry,hypothesis_triage,C,zel028_a549,bb1=BB_7878081693,"bb1=BB_7878081693 mimics MK2-IN-1 (Stress kinase inhibitor) - rank-1 control match, cos 0.170","cos=0.170, p=0.000 vs 200-draw gene-label-permutation null",MK2-IN-1,Stress_kinase_inhibitor,weak_null;singleton,0.1704762146142263
ZSH-2107,level_control_mimicry,hypothesis_triage,C,zel031_a549,bb1=BB_9266277810,"bb1=BB_9266277810 mimics GCN2-IN-7 (Stress kinase inhibitor) - rank-1 control match, cos 0.170","cos=0.170, p=0.000 vs 200-draw gene-label-permutation null",GCN2-IN-7,Stress_kinase_inhibitor,weak_null,0.1695798981175043
ZSH-2113,level_control_mimicry,hypothesis_triage,C,zel028_hek293,bb4=BB_1274079422,"bb4=BB_1274079422 mimics JAB-3068 (Phosphatase inhibitor) - rank-1 control match, cos 0.169","cos=0.169, p=0.000 vs 200-draw gene-label-permutation null",JAB-3068,Phosphatase_inhibitor,weak_null;singleton,0.1691622629081489
ZSH-2119,level_control_mimicry,hypothesis_triage,C,zel031_a549,bb1=BB_3934919930,"bb1=BB_3934919930 mimics HTH-01-015 (HSF1 heat shock validated) - rank-1 control match, cos 0.169","cos=0.169, p=0.000 vs 200-draw gene-label-permutation null",HTH-01-015,HSF1_heat_shock_validated,weak_null,0.1687949351043699
ZSH-2124,level_control_mimicry,hypothesis_triage,C,zel031_a549,bb0=BB_1732028080,"bb0=BB_1732028080 mimics IRAK inhibitor 1 (Stress kinase inhibitor) - rank-1 control match, cos 0.169","cos=0.169, p=0.000 vs 200-draw gene-label-permutation null",IRAK inhibitor 1,Stress_kinase_inhibitor,weak_null,0.1686362208806701
ZSH-2154,level_control_mimicry,hypothesis_triage,C,zel028_a549,bb4=BB_0502010716,"bb4=BB_0502010716 mimics ZM336372 (MEK RAF multikinase) - rank-1 control match, cos 0.168","cos=0.168, p=0.000 vs 200-draw gene-label-permutation null",ZM336372,MEK_RAF_multikinase,weak_null;singleton,0.1676681889291693
ZSH-2155,level_control_mimicry,hypothesis_triage,C,zel031_a549,bb1=BB_5006432822,"bb1=BB_5006432822 mimics HTH-01-015 (HSF1 heat shock validated) - rank-1 control match, cos 0.168","cos=0.168, p=0.000 vs 200-draw gene-label-permutation null",HTH-01-015,HSF1_heat_shock_validated,weak_null,0.1676498005514509
ZSH-2156,level_control_mimicry,hypothesis_triage,C,zel028_a549,bb4=BB_5415608208,"bb4=BB_5415608208 mimics HTH-01-015 (HSF1 heat shock validated) - rank-1 control match, cos 0.168","cos=0.168, p=0.000 vs 200-draw gene-label-permutation null",HTH-01-015,HSF1_heat_shock_validated,weak_null;singleton,0.167595312847226
ZSH-2158,level_control_mimicry,hypothesis_triage,C,zel028_a549,bb3=BB_6847716822,"bb3=BB_6847716822 mimics derazantinib (FGFR inhibitor) - rank-1 control match, cos 0.168","cos=0.168, p=0.000 vs 200-draw gene-label-permutation null",derazantinib,FGFR_inhibitor,weak_null;singleton,0.1675110205202089
ZSH-2160,level_control_mimicry,hypothesis_triage,C,zel024_hek293,bb3=BB_3866639127,"bb3=BB_3866639127 mimics sorafenib (MEK RAF multikinase) - rank-1 control match, cos 0.167","cos=0.167, p=0.000 vs 200-draw gene-label-permutation null",sorafenib,MEK_RAF_multikinase,weak_null,0.1673570035740673
ZSH-2162,level_control_mimicry,hypothesis_triage,C,zel039_aec7,bb2=BB_8496905824,"bb2=BB_8496905824 mimics rucaparib (PARP inhibitor) - rank-1 control match, cos 0.167","cos=0.167, p=0.000 vs 200-draw gene-label-permutation null",rucaparib,PARP_inhibitor,weak_null,0.1673401551600611
ZSH-2168,level_control_mimicry,hypothesis_triage,C,zel028_a549,bb4=BB_1685533675,"bb4=BB_1685533675 mimics GCN2-IN-7 (Stress kinase inhibitor) - rank-1 control match, cos 0.167","cos=0.167, p=0.000 vs 200-draw gene-label-permutation null",GCN2-IN-7,Stress_kinase_inhibitor,weak_null;singleton,0.1671131677235665
ZSH-2179,level_control_mimicry,hypothesis_triage,C,zel028_a549,bb3=BB_7152472956,"bb3=BB_7152472956 mimics MSC1094308 (VCP/VPS4B AAA ATPase inhibitor) - rank-1 control match, cos 0.167","cos=0.167, p=0.000 vs 200-draw gene-label-permutation null",MSC1094308,AAA_ATPase_inhibitor,weak_null;singleton,0.166634263593238
ZSH-2191,level_control_mimicry,hypothesis_triage,C,zel028_hek293,bb4=BB_6461549130,"bb4=BB_6461549130 mimics derazantinib (FGFR inhibitor) - rank-1 control match, cos 0.166","cos=0.166, p=0.000 vs 200-draw gene-label-permutation null",derazantinib,FGFR_inhibitor,weak_null;singleton,0.1657310939353166
ZSH-2192,level_control_mimicry,hypothesis_triage,C,zel024_hek293,bb3=BB_8676145020,"bb3=BB_8676145020 mimics KME-2780 (Unknown Other) - rank-1 control match, cos 0.166","cos=0.166, p=0.000 vs 200-draw gene-label-permutation null",KME-2780,Unknown_Other,weak_null,0.1656586226083812
ZSH-2198,level_control_mimicry,hypothesis_triage,C,zel028_hek293,bb3=BB_3691524891,"bb3=BB_3691524891 mimics derazantinib (FGFR inhibitor) - rank-1 control match, cos 0.165","cos=0.165, p=0.000 vs 200-draw gene-label-permutation null",derazantinib,FGFR_inhibitor,weak_null;singleton,0.1654160075818271
ZSH-2201,level_control_mimicry,hypothesis_triage,C,zel031_a549,bb0=BB_3187913153,"bb0=BB_3187913153 mimics Capmatinib (ALK MET inhibitor) - rank-1 control match, cos 0.165","cos=0.165, p=0.000 vs 200-draw gene-label-permutation null",Capmatinib,ALK_MET_inhibitor,weak_null,0.1653198107584034
ZSH-2212,level_control_mimicry,hypothesis_triage,C,zel028_hek293,bb3=BB_0411171276,"bb3=BB_0411171276 mimics ZF135/MRTX-1719 (Unknown/Other) - rank-1 control match, cos 0.165","cos=0.165, p=0.000 vs 200-draw gene-label-permutation null",ZF135/MRTX-1719,Unknown/Other,weak_null;singleton,0.1646293935542896
ZSH-2226,level_control_mimicry,hypothesis_triage,C,zel031_a549,bb0=BB_7395280737,"bb0=BB_7395280737 mimics IRAK inhibitor 1 (Stress kinase inhibitor) - rank-1 control match, cos 0.164","cos=0.164, p=0.000 vs 200-draw gene-label-permutation null",IRAK inhibitor 1,Stress_kinase_inhibitor,weak_null,0.1639433335090132
ZSH-2227,level_control_mimicry,hypothesis_triage,C,zel031_a549,bb0=BB_2793095141,"bb0=BB_2793095141 mimics AZD-3463 (ALK MET inhibitor) - rank-1 control match, cos 0.164","cos=0.164, p=0.000 vs 200-draw gene-label-permutation null",AZD-3463,ALK_MET_inhibitor,weak_null,0.1637580282305708
ZSH-2228,level_control_mimicry,hypothesis_triage,C,zel031_a549,bb0=BB_2121738513,"bb0=BB_2121738513 mimics JAB-3068 (Phosphatase inhibitor) - rank-1 control match, cos 0.164","cos=0.164, p=0.000 vs 200-draw gene-label-permutation null",JAB-3068,Phosphatase_inhibitor,weak_null,0.1637523073351855
ZSH-2231,level_control_mimicry,hypothesis_triage,C,zel031_a549,bb1=BB_6544245917,"bb1=BB_6544245917 mimics HTH-01-015 (HSF1 heat shock validated) - rank-1 control match, cos 0.164","cos=0.164, p=0.000 vs 200-draw gene-label-permutation null",HTH-01-015,HSF1_heat_shock_validated,weak_null,0.1635401403732705
ZSH-2232,level_control_mimicry,hypothesis_triage,C,zel031_a549,bb0=BB_6300914418,"bb0=BB_6300914418 mimics GCN2-IN-7 (Stress kinase inhibitor) - rank-1 control match, cos 0.163","cos=0.163, p=0.000 vs 200-draw gene-label-permutation null",GCN2-IN-7,Stress_kinase_inhibitor,weak_null,0.1634815415410649
ZSH-2235,level_control_mimicry,hypothesis_triage,C,zel039_aec7,bb1=BB_9138301288,"bb1=BB_9138301288 mimics MK2-IN-1 (Stress kinase inhibitor) - rank-1 control match, cos 0.163","cos=0.163, p=0.000 vs 200-draw gene-label-permutation null",MK2-IN-1,Stress_kinase_inhibitor,weak_null,0.1632725572855976
ZSH-2250,level_control_mimicry,hypothesis_triage,C,zel031_a549,bb0=BB_6363495728,"bb0=BB_6363495728 mimics STC-15 (Epigenetic writer eraser) - rank-1 control match, cos 0.162","cos=0.162, p=0.000 vs 200-draw gene-label-permutation null",STC-15,Epigenetic_writer_eraser,weak_null,0.1624250116575429
ZSH-2251,level_control_mimicry,hypothesis_triage,C,zel024_hek293,bb3=BB_7552836976,"bb3=BB_7552836976 mimics lapatinib (EGFR HER2 inhibitor) - rank-1 control match, cos 0.162","cos=0.162, p=0.000 vs 200-draw gene-label-permutation null",lapatinib,EGFR_HER2_inhibitor,weak_null,0.1623958748840926
ZSH-2255,level_control_mimicry,hypothesis_triage,C,zel028_a549,bb3=BB_2302843318,"bb3=BB_2302843318 mimics CP-673451 (PDGFR inhibitor) - rank-1 control match, cos 0.162","cos=0.162, p=0.000 vs 200-draw gene-label-permutation null",CP-673451,PDGFR_inhibitor,weak_null;singleton,0.1621500551754146
ZSH-2258,level_control_mimicry,hypothesis_triage,C,zel031_a549,bb0=BB_5057101192,"bb0=BB_5057101192 mimics MSC1094308 (VCP/VPS4B AAA ATPase inhibitor) - rank-1 control match, cos 0.162","cos=0.162, p=0.000 vs 200-draw gene-label-permutation null",MSC1094308,AAA_ATPase_inhibitor,weak_null,0.1620612357972326
ZSH-2259,level_control_mimicry,hypothesis_triage,C,zel028_a549,bb4=BB_0228574058,"bb4=BB_0228574058 mimics BMS-509744 (Unknown Other) - rank-1 control match, cos 0.162","cos=0.162, p=0.000 vs 200-draw gene-label-permutation null",BMS-509744,Unknown_Other,weak_null;singleton,0.1620567127365643
ZSH-2268,level_control_mimicry,hypothesis_triage,C,zel031_a549,bb1=BB_5797976733,"bb1=BB_5797976733 mimics MK2-IN-1 (Stress kinase inhibitor) - rank-1 control match, cos 0.162","cos=0.162, p=0.000 vs 200-draw gene-label-permutation null",MK2-IN-1,Stress_kinase_inhibitor,weak_null,0.1616078348553117
ZSH-2270,level_control_mimicry,hypothesis_triage,C,zel031_a549,bb0=BB_3405735815,"bb0=BB_3405735815 mimics lapatinib (EGFR HER2 inhibitor) - rank-1 control match, cos 0.162","cos=0.162, p=0.000 vs 200-draw gene-label-permutation null",lapatinib,EGFR_HER2_inhibitor,weak_null,0.1615137711941592
ZSH-2279,level_control_mimicry,hypothesis_triage,C,zel031_a549,bb1=BB_1323947790,"bb1=BB_1323947790 mimics HTH-01-015 (HSF1 heat shock validated) - rank-1 control match, cos 0.161","cos=0.161, p=0.000 vs 200-draw gene-label-permutation null",HTH-01-015,HSF1_heat_shock_validated,weak_null,0.161201035367738
ZSH-2281,level_control_mimicry,hypothesis_triage,C,zel039_aec7,bb2=BB_2953743363,"bb2=BB_2953743363 mimics XL019 (JAK STAT inhibitor) - rank-1 control match, cos 0.161","cos=0.161, p=0.000 vs 200-draw gene-label-permutation null",XL019,JAK_STAT_inhibitor,weak_null,0.1611155230744044
ZSH-2285,level_control_mimicry,hypothesis_triage,C,zel028_hek293,bb4=BB_4639591781,"bb4=BB_4639591781 mimics KME-2780 (Unknown Other) - rank-1 control match, cos 0.161","cos=0.161, p=0.000 vs 200-draw gene-label-permutation null",KME-2780,Unknown_Other,weak_null;singleton,0.161005714760923
ZSH-2288,level_control_mimicry,hypothesis_triage,C,zel031_a549,bb1=BB_7217307185,"bb1=BB_7217307185 mimics HTH-01-015 (HSF1 heat shock validated) - rank-1 control match, cos 0.161","cos=0.161, p=0.000 vs 200-draw gene-label-permutation null",HTH-01-015,HSF1_heat_shock_validated,weak_null,0.1608322578715878
ZSH-2290,level_control_mimicry,hypothesis_triage,C,zel028_a549,bb1=BB_2725291112,"bb1=BB_2725291112 mimics MK2-IN-1 (Stress kinase inhibitor) - rank-1 control match, cos 0.161","cos=0.161, p=0.000 vs 200-draw gene-label-permutation null",MK2-IN-1,Stress_kinase_inhibitor,weak_null;singleton,0.1607252301192206
ZSH-2295,level_control_mimicry,hypothesis_triage,C,zel028_a549,bb3=BB_1671826159,"bb3=BB_1671826159 mimics GCN2-IN-7 (Stress kinase inhibitor) - rank-1 control match, cos 0.160","cos=0.160, p=0.000 vs 200-draw gene-label-permutation null",GCN2-IN-7,Stress_kinase_inhibitor,weak_null;singleton,0.1604919568982505
ZSH-2296,level_control_mimicry,hypothesis_triage,C,zel024_hek293,bb3=BB_7426840745,"bb3=BB_7426840745 mimics CP-673451 (PDGFR inhibitor) - rank-1 control match, cos 0.160","cos=0.160, p=0.000 vs 200-draw gene-label-permutation null",CP-673451,PDGFR_inhibitor,weak_null,0.1604881277262346
ZSH-2313,level_control_mimicry,hypothesis_triage,C,zel031_a549,bb0=BB_0903668936,"bb0=BB_0903668936 mimics HTH-01-015 (HSF1 heat shock validated) - rank-1 control match, cos 0.159","cos=0.159, p=0.000 vs 200-draw gene-label-permutation null",HTH-01-015,HSF1_heat_shock_validated,weak_null,0.1592159876256234
ZSH-2339,level_control_mimicry,hypothesis_triage,C,zel031_a549,bb0=BB_1866547582,"bb0=BB_1866547582 mimics N-deshydroxyethyl dasatinib (BCR ABL inhibitor) - rank-1 control match, cos 0.158","cos=0.158, p=0.000 vs 200-draw gene-label-permutation null",N-deshydroxyethyl dasatinib,BCR_ABL_inhibitor,weak_null,0.1575188028379157
ZSH-2342,level_control_mimicry,hypothesis_triage,C,zel028_hek293,bb3=BB_1376184322,"bb3=BB_1376184322 mimics derazantinib (FGFR inhibitor) - rank-1 control match, cos 0.157","cos=0.157, p=0.000 vs 200-draw gene-label-permutation null",derazantinib,FGFR_inhibitor,weak_null;singleton,0.1574287342217478
ZSH-2347,level_control_mimicry,hypothesis_triage,C,zel031_a549,bb0=BB_4470301148,"bb0=BB_4470301148 mimics AZD-3463 (ALK MET inhibitor) - rank-1 control match, cos 0.157","cos=0.157, p=0.000 vs 200-draw gene-label-permutation null",AZD-3463,ALK_MET_inhibitor,weak_null,0.1570356156132506
ZSH-2351,level_control_mimicry,hypothesis_triage,C,zel031_a549,bb0=BB_8553310120,"bb0=BB_8553310120 mimics veliparib (PARP inhibitor) - rank-1 control match, cos 0.157","cos=0.157, p=0.000 vs 200-draw gene-label-permutation null",veliparib,PARP_inhibitor,weak_null,0.1568804306070995
ZSH-2363,level_control_mimicry,hypothesis_triage,C,zel028_a549,bb1=BB_8805984381,"bb1=BB_8805984381 mimics AZD-3463 (ALK MET inhibitor) - rank-1 control match, cos 0.156","cos=0.156, p=0.000 vs 200-draw gene-label-permutation null",AZD-3463,ALK_MET_inhibitor,weak_null;singleton,0.1560590602043804
ZSH-2374,level_control_mimicry,hypothesis_triage,C,zel028_a549,bb1=BB_6595555472,"bb1=BB_6595555472 mimics HTH-01-015 (HSF1 heat shock validated) - rank-1 control match, cos 0.155","cos=0.155, p=0.000 vs 200-draw gene-label-permutation null",HTH-01-015,HSF1_heat_shock_validated,weak_null;singleton,0.1553574522567301
ZSH-2375,level_control_mimicry,hypothesis_triage,C,zel031_a549,bb0=BB_8837345358,"bb0=BB_8837345358 mimics ZF135/MRTX-1719 (Unknown/Other) - rank-1 control match, cos 0.155","cos=0.155, p=0.000 vs 200-draw gene-label-permutation null",ZF135/MRTX-1719,Unknown/Other,weak_null,0.1552765522834268
ZSH-2376,level_control_mimicry,hypothesis_triage,C,zel031_a549,bb1=BB_0068057945,"bb1=BB_0068057945 mimics JAB-3068 (Phosphatase inhibitor) - rank-1 control match, cos 0.155","cos=0.155, p=0.000 vs 200-draw gene-label-permutation null",JAB-3068,Phosphatase_inhibitor,weak_null,0.1552761066656566
ZSH-2380,level_control_mimicry,hypothesis_triage,C,zel024_hek293,bb3=BB_9683205717,"bb3=BB_9683205717 mimics SMARCA ligand 1 (Chromatin remodeling) - rank-1 control match, cos 0.155","cos=0.155, p=0.000 vs 200-draw gene-label-permutation null",SMARCA ligand 1,Chromatin_remodeling,weak_null,0.1551612715322233
ZSH-2388,level_control_mimicry,hypothesis_triage,C,zel024_hek293,bb3=BB_0671730704,"bb3=BB_0671730704 mimics CP-673451 (PDGFR inhibitor) - rank-1 control match, cos 0.155","cos=0.155, p=0.000 vs 200-draw gene-label-permutation null",CP-673451,PDGFR_inhibitor,weak_null,0.1546096044603214
ZSH-2390,level_control_mimicry,hypothesis_triage,C,zel031_a549,bb1=BB_6978473944,"bb1=BB_6978473944 mimics ZM336372 (MEK RAF multikinase) - rank-1 control match, cos 0.154","cos=0.154, p=0.000 vs 200-draw gene-label-permutation null",ZM336372,MEK_RAF_multikinase,weak_null,0.1544784432999137
ZSH-2391,level_control_mimicry,hypothesis_triage,C,zel031_a549,bb1=BB_6561792115,"bb1=BB_6561792115 mimics HTH-01-015 (HSF1 heat shock validated) - rank-1 control match, cos 0.154","cos=0.154, p=0.000 vs 200-draw gene-label-permutation null",HTH-01-015,HSF1_heat_shock_validated,weak_null,0.1544330259146069
ZSH-2395,level_control_mimicry,hypothesis_triage,C,zel039_aec7,bb2=BB_1564494047,"bb2=BB_1564494047 mimics BMS-509744 (Unknown Other) - rank-1 control match, cos 0.154","cos=0.154, p=0.000 vs 200-draw gene-label-permutation null",BMS-509744,Unknown_Other,weak_null,0.1539167956968449
ZSH-2396,level_control_mimicry,hypothesis_triage,C,zel028_a549,bb3=BB_4697201234,"bb3=BB_4697201234 mimics GCN2-IN-7 (Stress kinase inhibitor) - rank-1 control match, cos 0.154","cos=0.154, p=0.000 vs 200-draw gene-label-permutation null",GCN2-IN-7,Stress_kinase_inhibitor,weak_null;singleton,0.1539152883204521
ZSH-2398,level_control_mimicry,hypothesis_triage,C,zel031_a549,bb0=BB_7168001180,"bb0=BB_7168001180 mimics IRAK inhibitor 1 (Stress kinase inhibitor) - rank-1 control match, cos 0.154","cos=0.154, p=0.000 vs 200-draw gene-label-permutation null",IRAK inhibitor 1,Stress_kinase_inhibitor,weak_null,0.15387268812002
ZSH-2412,level_control_mimicry,hypothesis_triage,C,zel028_hek293,bb3=BB_4297446030,"bb3=BB_4297446030 mimics KME-2780 (Unknown Other) - rank-1 control match, cos 0.154","cos=0.154, p=0.000 vs 200-draw gene-label-permutation null",KME-2780,Unknown_Other,weak_null;singleton,0.1535267774541737
ZSH-2413,level_control_mimicry,hypothesis_triage,C,zel028_a549,bb1=BB_8259233692,"bb1=BB_8259233692 mimics GCN2-IN-7 (Stress kinase inhibitor) - rank-1 control match, cos 0.154","cos=0.154, p=0.000 vs 200-draw gene-label-permutation null",GCN2-IN-7,Stress_kinase_inhibitor,weak_null;singleton,0.1535167042061814
ZSH-2414,level_control_mimicry,hypothesis_triage,C,zel028_a549,bb1=BB_7148527391,"bb1=BB_7148527391 mimics AZD-3463 (ALK MET inhibitor) - rank-1 control match, cos 0.153","cos=0.153, p=0.005 vs 200-draw gene-label-permutation null",AZD-3463,ALK_MET_inhibitor,weak_null;singleton,0.1534764085546439
ZSH-2421,level_control_mimicry,hypothesis_triage,C,zel039_aec7,bb2=BB_3354738261,"bb2=BB_3354738261 mimics MK2-IN-1 (Stress kinase inhibitor) - rank-1 control match, cos 0.153","cos=0.153, p=0.000 vs 200-draw gene-label-permutation null",MK2-IN-1,Stress_kinase_inhibitor,weak_null,0.1531697551070934
ZSH-2432,level_control_mimicry,hypothesis_triage,C,zel031_a549,bb1=BB_5090328094,"bb1=BB_5090328094 mimics STC-15 (Epigenetic writer eraser) - rank-1 control match, cos 0.152","cos=0.152, p=0.000 vs 200-draw gene-label-permutation null",STC-15,Epigenetic_writer_eraser,weak_null,0.1523540573225814
ZSH-2452,level_control_mimicry,hypothesis_triage,C,zel031_a549,bb0=BB_4508823711,"bb0=BB_4508823711 mimics STC-15 (Epigenetic writer eraser) - rank-1 control match, cos 0.151","cos=0.151, p=0.000 vs 200-draw gene-label-permutation null",STC-15,Epigenetic_writer_eraser,weak_null,0.1510957981797876
ZSH-2463,level_control_mimicry,hypothesis_triage,C,zel028_a549,bb1=BB_1701344746,"bb1=BB_1701344746 mimics ZM336372 (MEK RAF multikinase) - rank-1 control match, cos 0.150","cos=0.150, p=0.000 vs 200-draw gene-label-permutation null",ZM336372,MEK_RAF_multikinase,weak_null;singleton,0.1502658710943407
ZSH-2479,level_control_mimicry,hypothesis_triage,C,zel039_aec7,bb1=BB_7369022202,"bb1=BB_7369022202 mimics aloperine (Unknown Other) - rank-1 control match, cos 0.150","cos=0.150, p=0.000 vs 200-draw gene-label-permutation null",aloperine,Unknown_Other,weak_null,0.1496941538944146
ZSH-2507,level_control_mimicry,hypothesis_triage,C,zel031_a549,bb1=BB_4330525650,"bb1=BB_4330525650 mimics cobimetinib (MEK RAF multikinase) - rank-1 control match, cos 0.148","cos=0.148, p=0.000 vs 200-draw gene-label-permutation null",cobimetinib,MEK_RAF_multikinase,weak_null,0.1479828132322572
ZSH-2518,level_control_mimicry,hypothesis_triage,C,zel028_a549,bb1=BB_2053918042,"bb1=BB_2053918042 mimics AZD-3463 (ALK MET inhibitor) - rank-1 control match, cos 0.147","cos=0.147, p=0.000 vs 200-draw gene-label-permutation null",AZD-3463,ALK_MET_inhibitor,weak_null;singleton,0.1472941403875054
ZSH-2521,level_control_mimicry,hypothesis_triage,C,zel028_a549,bb4=BB_7594796505,"bb4=BB_7594796505 mimics HTH-01-015 (HSF1 heat shock validated) - rank-1 control match, cos 0.147","cos=0.147, p=0.000 vs 200-draw gene-label-permutation null",HTH-01-015,HSF1_heat_shock_validated,weak_null;singleton,0.1472262653283093
ZSH-2529,level_control_mimicry,hypothesis_triage,C,zel031_a549,bb0=BB_6850452955,"bb0=BB_6850452955 mimics AZD-3463 (ALK MET inhibitor) - rank-1 control match, cos 0.147","cos=0.147, p=0.000 vs 200-draw gene-label-permutation null",AZD-3463,ALK_MET_inhibitor,weak_null,0.14682025031929
ZSH-2531,level_control_mimicry,hypothesis_triage,C,zel028_a549,bb1=BB_1515658596,"bb1=BB_1515658596 mimics momelotinib/CYT387 (JAK STAT inhibitor) - rank-1 control match, cos 0.147","cos=0.147, p=0.000 vs 200-draw gene-label-permutation null",momelotinib/CYT387,JAK_STAT_inhibitor,weak_null;singleton,0.1465918526099899
ZSH-2533,level_control_mimicry,hypothesis_triage,C,zel031_a549,bb0=BB_3529457219,"bb0=BB_3529457219 mimics BMS-509744 (Unknown Other) - rank-1 control match, cos 0.146","cos=0.146, p=0.000 vs 200-draw gene-label-permutation null",BMS-509744,Unknown_Other,weak_null,0.1464505084424831
ZSH-2535,level_control_mimicry,hypothesis_triage,C,zel024_hek293,bb3=BB_9052671522,"bb3=BB_9052671522 mimics XL019 (JAK STAT inhibitor) - rank-1 control match, cos 0.146","cos=0.146, p=0.000 vs 200-draw gene-label-permutation null",XL019,JAK_STAT_inhibitor,weak_null,0.1463735883489126
ZSH-2567,level_control_mimicry,hypothesis_triage,C,zel031_a549,bb0=BB_6939811422,"bb0=BB_6939811422 mimics HTH-01-015 (HSF1 heat shock validated) - rank-1 control match, cos 0.145","cos=0.145, p=0.000 vs 200-draw gene-label-permutation null",HTH-01-015,HSF1_heat_shock_validated,weak_null,0.1450324498823783
ZSH-2579,level_control_mimicry,hypothesis_triage,C,zel028_a549,bb3=BB_7217307185,"bb3=BB_7217307185 mimics MK2-IN-1 (Stress kinase inhibitor) - rank-1 control match, cos 0.144","cos=0.144, p=0.000 vs 200-draw gene-label-permutation null",MK2-IN-1,Stress_kinase_inhibitor,weak_null;singleton,0.1443013612907516
ZSH-2580,level_control_mimicry,hypothesis_triage,C,zel031_a549,bb1=BB_0923458751,"bb1=BB_0923458751 mimics BMS-509744 (Unknown Other) - rank-1 control match, cos 0.144","cos=0.144, p=0.000 vs 200-draw gene-label-permutation null",BMS-509744,Unknown_Other,weak_null,0.1442752537662883
ZSH-2585,level_control_mimicry,hypothesis_triage,C,zel028_hek293,bb3=BB_3556381982,"bb3=BB_3556381982 mimics STC-15 (Epigenetic writer eraser) - rank-1 control match, cos 0.144","cos=0.144, p=0.000 vs 200-draw gene-label-permutation null",STC-15,Epigenetic_writer_eraser,weak_null;singleton,0.1441122940083421
ZSH-2591,level_control_mimicry,hypothesis_triage,C,zel028_a549,bb4=BB_9076436922,"bb4=BB_9076436922 mimics BMS-509744 (Unknown Other) - rank-1 control match, cos 0.144","cos=0.144, p=0.000 vs 200-draw gene-label-permutation null",BMS-509744,Unknown_Other,weak_null;singleton,0.1437189423917615
ZSH-2593,level_control_mimicry,hypothesis_triage,C,zel031_a549,bb0=BB_8867895298,"bb0=BB_8867895298 mimics AZD-3463 (ALK MET inhibitor) - rank-1 control match, cos 0.144","cos=0.144, p=0.000 vs 200-draw gene-label-permutation null",AZD-3463,ALK_MET_inhibitor,weak_null,0.143688943604976
ZSH-2594,level_control_mimicry,hypothesis_triage,C,zel028_hek293,bb4=BB_7594796505,"bb4=BB_7594796505 mimics CP-673451 (PDGFR inhibitor) - rank-1 control match, cos 0.144","cos=0.144, p=0.000 vs 200-draw gene-label-permutation null",CP-673451,PDGFR_inhibitor,weak_null;singleton,0.1436408348702592
ZSH-2600,level_control_mimicry,hypothesis_triage,C,zel039_aec7,bb1=BB_8325771045,"bb1=BB_8325771045 mimics fexagratinib (FGFR inhibitor) - rank-1 control match, cos 0.143","cos=0.143, p=0.000 vs 200-draw gene-label-permutation null",fexagratinib,FGFR_inhibitor,weak_null,0.143206658194676
ZSH-2621,level_control_mimicry,hypothesis_triage,C,zel039_aec7,bb2=BB_5903811162,"bb2=BB_5903811162 mimics MSC1094308 (VCP/VPS4B AAA ATPase inhibitor) - rank-1 control match, cos 0.142","cos=0.142, p=0.000 vs 200-draw gene-label-permutation null",MSC1094308,AAA_ATPase_inhibitor,weak_null,0.1422923646391613
ZSH-2623,level_control_mimicry,hypothesis_triage,C,zel039_aec7,bb1=BB_5853818500,"bb1=BB_5853818500 mimics HTH-01-015 (HSF1 heat shock validated) - rank-1 control match, cos 0.142","cos=0.142, p=0.000 vs 200-draw gene-label-permutation null",HTH-01-015,HSF1_heat_shock_validated,weak_null,0.1421441948000256
ZSH-2624,level_control_mimicry,hypothesis_triage,C,zel031_a549,bb0=BB_1391314929,"bb0=BB_1391314929 mimics GCN2-IN-7 (Stress kinase inhibitor) - rank-1 control match, cos 0.142","cos=0.142, p=0.000 vs 200-draw gene-label-permutation null",GCN2-IN-7,Stress_kinase_inhibitor,weak_null,0.1421066691753786
ZSH-2629,level_control_mimicry,hypothesis_triage,C,zel028_a549,bb4=BB_2474314237,"bb4=BB_2474314237 mimics GCN2-IN-7 (Stress kinase inhibitor) - rank-1 control match, cos 0.142","cos=0.142, p=0.000 vs 200-draw gene-label-permutation null",GCN2-IN-7,Stress_kinase_inhibitor,weak_null;singleton,0.1419534814337954
ZSH-2632,level_control_mimicry,hypothesis_triage,C,zel028_hek293,bb1=BB_3615416380,"bb1=BB_3615416380 mimics sorafenib (MEK RAF multikinase) - rank-1 control match, cos 0.142","cos=0.142, p=0.000 vs 200-draw gene-label-permutation null",sorafenib,MEK_RAF_multikinase,weak_null;singleton,0.1417927655595349
ZSH-2637,level_control_mimicry,hypothesis_triage,C,zel031_a549,bb0=BB_1862312517,"bb0=BB_1862312517 mimics GCN2-IN-7 (Stress kinase inhibitor) - rank-1 control match, cos 0.142","cos=0.142, p=0.000 vs 200-draw gene-label-permutation null",GCN2-IN-7,Stress_kinase_inhibitor,weak_null,0.1416178540442486
ZSH-2642,level_control_mimicry,hypothesis_triage,C,zel028_a549,bb4=BB_2876436278,"bb4=BB_2876436278 mimics BGT226 (PI3K mTOR inhibitor) - rank-1 control match, cos 0.141","cos=0.141, p=0.010 vs 200-draw gene-label-permutation null",BGT226,PI3K_mTOR_inhibitor,weak_null;singleton,0.1414704703009904
ZSH-2644,level_control_mimicry,hypothesis_triage,C,zel028_hek293,bb3=BB_1680041278,"bb3=BB_1680041278 mimics GSK126 (Epigenetic writer eraser) - rank-1 control match, cos 0.141","cos=0.141, p=0.000 vs 200-draw gene-label-permutation null",GSK126,Epigenetic_writer_eraser,weak_null;singleton,0.1413734551991276
ZSH-2657,level_control_mimicry,hypothesis_triage,C,zel028_a549,bb3=BB_9266277810,"bb3=BB_9266277810 mimics STC-15 (Epigenetic writer eraser) - rank-1 control match, cos 0.141","cos=0.141, p=0.000 vs 200-draw gene-label-permutation null",STC-15,Epigenetic_writer_eraser,weak_null;singleton,0.1407537202010312
ZSH-2660,level_control_mimicry,hypothesis_triage,C,zel031_a549,bb0=BB_8137735199,"bb0=BB_8137735199 mimics ZM336372 (MEK RAF multikinase) - rank-1 control match, cos 0.140","cos=0.140, p=0.000 vs 200-draw gene-label-permutation null",ZM336372,MEK_RAF_multikinase,weak_null,0.1404673448117012
ZSH-2661,level_control_mimicry,hypothesis_triage,C,zel028_hek293,bb3=BB_3222577192,"bb3=BB_3222577192 mimics HTH-01-015 (HSF1 heat shock validated) - rank-1 control match, cos 0.140","cos=0.140, p=0.000 vs 200-draw gene-label-permutation null",HTH-01-015,HSF1_heat_shock_validated,weak_null;singleton,0.1404307379736789
ZSH-2674,level_control_mimicry,hypothesis_triage,C,zel031_a549,bb0=BB_3648461995,"bb0=BB_3648461995 mimics BGT226 (PI3K mTOR inhibitor) - rank-1 control match, cos 0.140","cos=0.140, p=0.000 vs 200-draw gene-label-permutation null",BGT226,PI3K_mTOR_inhibitor,weak_null,0.1401098675796983
ZSH-2677,level_control_mimicry,hypothesis_triage,C,zel031_a549,bb0=BB_4749781516,"bb0=BB_4749781516 mimics AZD-3463 (ALK MET inhibitor) - rank-1 control match, cos 0.140","cos=0.140, p=0.000 vs 200-draw gene-label-permutation null",AZD-3463,ALK_MET_inhibitor,weak_null,0.1399997879897697
ZSH-2690,level_control_mimicry,hypothesis_triage,C,zel031_a549,bb0=BB_3856464292,"bb0=BB_3856464292 mimics ZF135/MRTX-1719 (Unknown/Other) - rank-1 control match, cos 0.139","cos=0.139, p=0.000 vs 200-draw gene-label-permutation null",ZF135/MRTX-1719,Unknown/Other,weak_null,0.1392238284802555
ZSH-2693,level_control_mimicry,hypothesis_triage,C,zel028_a549,bb1=BB_7041857889,"bb1=BB_7041857889 mimics XL019 (JAK STAT inhibitor) - rank-1 control match, cos 0.139","cos=0.139, p=0.000 vs 200-draw gene-label-permutation null",XL019,JAK_STAT_inhibitor,weak_null;singleton,0.1391187290068497
ZSH-2696,level_control_mimicry,hypothesis_triage,C,zel028_a549,bb4=BB_3460962441,"bb4=BB_3460962441 mimics GCN2-IN-7 (Stress kinase inhibitor) - rank-1 control match, cos 0.139","cos=0.139, p=0.000 vs 200-draw gene-label-permutation null",GCN2-IN-7,Stress_kinase_inhibitor,weak_null;singleton,0.1390298717241156
ZSH-2715,level_control_mimicry,hypothesis_triage,C,zel031_a549,bb0=BB_9115188506,"bb0=BB_9115188506 mimics AZD-3463 (ALK MET inhibitor) - rank-1 control match, cos 0.138","cos=0.138, p=0.000 vs 200-draw gene-label-permutation null",AZD-3463,ALK_MET_inhibitor,weak_null,0.1376217234503126
ZSH-2717,level_control_mimicry,hypothesis_triage,C,zel031_a549,bb0=BB_7895185222,"bb0=BB_7895185222 mimics GCN2-IN-7 (Stress kinase inhibitor) - rank-1 control match, cos 0.137","cos=0.137, p=0.000 vs 200-draw gene-label-permutation null",GCN2-IN-7,Stress_kinase_inhibitor,weak_null,0.1374646395516364
ZSH-2718,level_control_mimicry,hypothesis_triage,C,zel031_a549,bb1=BB_5693738549,"bb1=BB_5693738549 mimics MK2-IN-1 (Stress kinase inhibitor) - rank-1 control match, cos 0.137","cos=0.137, p=0.000 vs 200-draw gene-label-permutation null",MK2-IN-1,Stress_kinase_inhibitor,weak_null,0.1374585791072028
ZSH-2734,level_control_mimicry,hypothesis_triage,C,zel028_hek293,bb4=BB_3181956115,"bb4=BB_3181956115 mimics IRAK inhibitor 1 (Stress kinase inhibitor) - rank-1 control match, cos 0.137","cos=0.137, p=0.005 vs 200-draw gene-label-permutation null",IRAK inhibitor 1,Stress_kinase_inhibitor,weak_null;singleton,0.1370059941574804
ZSH-2759,level_control_mimicry,hypothesis_triage,C,zel028_a549,bb1=BB_0333023890,"bb1=BB_0333023890 mimics GCN2-IN-7 (Stress kinase inhibitor) - rank-1 control match, cos 0.136","cos=0.136, p=0.000 vs 200-draw gene-label-permutation null",GCN2-IN-7,Stress_kinase_inhibitor,weak_null;singleton,0.1360620923179988
ZSH-2760,level_control_mimicry,hypothesis_triage,C,zel031_a549,bb0=BB_6232717361,"bb0=BB_6232717361 mimics HTH-01-015 (HSF1 heat shock validated) - rank-1 control match, cos 0.136","cos=0.136, p=0.000 vs 200-draw gene-label-permutation null",HTH-01-015,HSF1_heat_shock_validated,weak_null,0.1359981043171736
ZSH-2771,level_control_mimicry,hypothesis_triage,C,zel028_a549,bb1=BB_7168741141,"bb1=BB_7168741141 mimics GCN2-IN-7 (Stress kinase inhibitor) - rank-1 control match, cos 0.135","cos=0.135, p=0.000 vs 200-draw gene-label-permutation null",GCN2-IN-7,Stress_kinase_inhibitor,weak_null;singleton,0.1354272209177237
ZSH-2780,level_control_mimicry,hypothesis_triage,C,zel028_a549,bb4=BB_5438514157,"bb4=BB_5438514157 mimics CP-673451 (PDGFR inhibitor) - rank-1 control match, cos 0.135","cos=0.135, p=0.000 vs 200-draw gene-label-permutation null",CP-673451,PDGFR_inhibitor,weak_null;singleton,0.1350237492255462
ZSH-2784,level_control_mimicry,hypothesis_triage,C,zel028_hek293,bb3=BB_2660463725,"bb3=BB_2660463725 mimics BMS-509744 (Unknown Other) - rank-1 control match, cos 0.135","cos=0.135, p=0.000 vs 200-draw gene-label-permutation null",BMS-509744,Unknown_Other,weak_null;singleton,0.1349136995751462
ZSH-2787,level_control_mimicry,hypothesis_triage,C,zel028_a549,bb1=BB_0119627261,"bb1=BB_0119627261 mimics CP-673451 (PDGFR inhibitor) - rank-1 control match, cos 0.135","cos=0.135, p=0.000 vs 200-draw gene-label-permutation null",CP-673451,PDGFR_inhibitor,weak_null;singleton,0.1348444784543818
ZSH-2788,level_control_mimicry,hypothesis_triage,C,zel039_aec7,bb2=BB_7987591949,"bb2=BB_7987591949 mimics KME-2780 (Unknown Other) - rank-1 control match, cos 0.135","cos=0.135, p=0.000 vs 200-draw gene-label-permutation null",KME-2780,Unknown_Other,weak_null,0.1347576505239251
ZSH-2791,level_control_mimicry,hypothesis_triage,C,zel039_aec7,bb2=BB_9703631653,"bb2=BB_9703631653 mimics CP-673451 (PDGFR inhibitor) - rank-1 control match, cos 0.135","cos=0.135, p=0.000 vs 200-draw gene-label-permutation null",CP-673451,PDGFR_inhibitor,weak_null,0.1346631218962199
ZSH-2799,level_control_mimicry,hypothesis_triage,C,zel031_a549,bb1=BB_1671826159,"bb1=BB_1671826159 mimics derazantinib (FGFR inhibitor) - rank-1 control match, cos 0.134","cos=0.134, p=0.000 vs 200-draw gene-label-permutation null",derazantinib,FGFR_inhibitor,weak_null,0.1341753391889493
ZSH-2800,level_control_mimicry,hypothesis_triage,C,zel028_hek293,bb4=BB_5438514157,"bb4=BB_5438514157 mimics N-deshydroxyethyl dasatinib (BCR ABL inhibitor) - rank-1 control match, cos 0.134","cos=0.134, p=0.000 vs 200-draw gene-label-permutation null",N-deshydroxyethyl dasatinib,BCR_ABL_inhibitor,weak_null;singleton,0.1341618052922574
ZSH-2806,level_control_mimicry,hypothesis_triage,C,zel028_hek293,bb3=BB_7217307185,"bb3=BB_7217307185 mimics aloperine (Unknown Other) - rank-1 control match, cos 0.134","cos=0.134, p=0.000 vs 200-draw gene-label-permutation null",aloperine,Unknown_Other,weak_null;singleton,0.1336250548562678
ZSH-2813,level_control_mimicry,hypothesis_triage,C,zel031_a549,bb0=BB_7623342650,"bb0=BB_7623342650 mimics HTH-01-015 (HSF1 heat shock validated) - rank-1 control match, cos 0.133","cos=0.133, p=0.000 vs 200-draw gene-label-permutation null",HTH-01-015,HSF1_heat_shock_validated,weak_null,0.1333846579845306
ZSH-2822,level_control_mimicry,hypothesis_triage,C,zel028_hek293,bb3=BB_7347643908,"bb3=BB_7347643908 mimics Capmatinib (ALK MET inhibitor) - rank-1 control match, cos 0.133","cos=0.133, p=0.005 vs 200-draw gene-label-permutation null",Capmatinib,ALK_MET_inhibitor,weak_null;singleton,0.133141502817655
ZSH-2824,level_control_mimicry,hypothesis_triage,C,zel039_aec7,bb2=BB_5451609690,"bb2=BB_5451609690 mimics lapatinib (EGFR HER2 inhibitor) - rank-1 control match, cos 0.133","cos=0.133, p=0.000 vs 200-draw gene-label-permutation null",lapatinib,EGFR_HER2_inhibitor,weak_null,0.133121292351946
ZSH-2836,level_control_mimicry,hypothesis_triage,C,zel031_a549,bb0=BB_5314782749,"bb0=BB_5314782749 mimics ZF135/MRTX-1719 (Unknown/Other) - rank-1 control match, cos 0.133","cos=0.133, p=0.000 vs 200-draw gene-label-permutation null",ZF135/MRTX-1719,Unknown/Other,weak_null,0.1327395733514125
ZSH-2842,level_control_mimicry,hypothesis_triage,C,zel028_a549,bb3=BB_4831254958,"bb3=BB_4831254958 mimics endoxifen (Nuclear hormone receptor) - rank-1 control match, cos 0.133","cos=0.133, p=0.000 vs 200-draw gene-label-permutation null",endoxifen,Nuclear_hormone_receptor,weak_null;singleton,0.1325364134905807
ZSH-2843,level_control_mimicry,hypothesis_triage,C,zel028_hek293,bb4=BB_0629440795,"bb4=BB_0629440795 mimics HTH-01-015 (HSF1 heat shock validated) - rank-1 control match, cos 0.132","cos=0.132, p=0.000 vs 200-draw gene-label-permutation null",HTH-01-015,HSF1_heat_shock_validated,weak_null;singleton,0.1323706366173527
ZSH-2853,level_control_mimicry,hypothesis_triage,C,zel031_a549,bb0=BB_6864808972,"bb0=BB_6864808972 mimics Crizotinib (ALK MET inhibitor) - rank-1 control match, cos 0.132","cos=0.132, p=0.000 vs 200-draw gene-label-permutation null",Crizotinib,ALK_MET_inhibitor,weak_null,0.1317542244306355
ZSH-2859,level_control_mimicry,hypothesis_triage,C,zel031_a549,bb0=BB_4059529185,"bb0=BB_4059529185 mimics AZD-3463 (ALK MET inhibitor) - rank-1 control match, cos 0.132","cos=0.132, p=0.000 vs 200-draw gene-label-permutation null",AZD-3463,ALK_MET_inhibitor,weak_null,0.13152070555496
ZSH-2861,level_control_mimicry,hypothesis_triage,C,zel028_a549,bb1=BB_0092362562,"bb1=BB_0092362562 mimics N-deshydroxyethyl dasatinib (BCR ABL inhibitor) - rank-1 control match, cos 0.131","cos=0.131, p=0.000 vs 200-draw gene-label-permutation null",N-deshydroxyethyl dasatinib,BCR_ABL_inhibitor,weak_null;singleton,0.1314466689095633
ZSH-2865,level_control_mimicry,hypothesis_triage,C,zel031_a549,bb0=BB_0455133466,"bb0=BB_0455133466 mimics cobimetinib (MEK RAF multikinase) - rank-1 control match, cos 0.131","cos=0.131, p=0.000 vs 200-draw gene-label-permutation null",cobimetinib,MEK_RAF_multikinase,weak_null,0.1310435989154228
ZSH-2870,level_control_mimicry,hypothesis_triage,C,zel031_a549,bb1=BB_0154117619,"bb1=BB_0154117619 mimics MSC1094308 (VCP/VPS4B AAA ATPase inhibitor) - rank-1 control match, cos 0.131","cos=0.131, p=0.000 vs 200-draw gene-label-permutation null",MSC1094308,AAA_ATPase_inhibitor,weak_null,0.1306089652515508
ZSH-2884,level_control_mimicry,hypothesis_triage,C,zel028_a549,bb3=BB_8258170618,"bb3=BB_8258170618 mimics HTH-01-015 (HSF1 heat shock validated) - rank-1 control match, cos 0.130","cos=0.130, p=0.000 vs 200-draw gene-label-permutation null",HTH-01-015,HSF1_heat_shock_validated,weak_null;singleton,0.1296305621495787
ZSH-2891,level_control_mimicry,hypothesis_triage,C,zel028_a549,bb4=BB_6461549130,"bb4=BB_6461549130 mimics STC-15 (Epigenetic writer eraser) - rank-1 control match, cos 0.129","cos=0.129, p=0.000 vs 200-draw gene-label-permutation null",STC-15,Epigenetic_writer_eraser,weak_null;singleton,0.1289712544632086
ZSH-2898,level_control_mimicry,hypothesis_triage,C,zel028_a549,bb3=BB_0822728753,"bb3=BB_0822728753 mimics veliparib (PARP inhibitor) - rank-1 control match, cos 0.128","cos=0.128, p=0.000 vs 200-draw gene-label-permutation null",veliparib,PARP_inhibitor,weak_null;singleton,0.1284324951685089
ZSH-2900,level_control_mimicry,hypothesis_triage,C,zel028_a549,bb4=BB_6747475726,"bb4=BB_6747475726 mimics MSC1094308 (VCP/VPS4B AAA ATPase inhibitor) - rank-1 control match, cos 0.128","cos=0.128, p=0.000 vs 200-draw gene-label-permutation null",MSC1094308,AAA_ATPase_inhibitor,weak_null;singleton,0.1282792580474296
ZSH-2901,level_control_mimicry,hypothesis_triage,C,zel028_a549,bb4=BB_0197599538,"bb4=BB_0197599538 mimics BMS-509744 (Unknown Other) - rank-1 control match, cos 0.128","cos=0.128, p=0.000 vs 200-draw gene-label-permutation null",BMS-509744,Unknown_Other,weak_null;singleton,0.1282565966431969
ZSH-2905,level_control_mimicry,hypothesis_triage,C,zel031_a549,bb0=BB_8588435118,"bb0=BB_8588435118 mimics lapatinib (EGFR HER2 inhibitor) - rank-1 control match, cos 0.128","cos=0.128, p=0.000 vs 200-draw gene-label-permutation null",lapatinib,EGFR_HER2_inhibitor,weak_null,0.1282199023367742
ZSH-2913,level_control_mimicry,hypothesis_triage,C,zel028_hek293,bb3=BB_4831254958,"bb3=BB_4831254958 mimics sorafenib (MEK RAF multikinase) - rank-1 control match, cos 0.128","cos=0.128, p=0.000 vs 200-draw gene-label-permutation null",sorafenib,MEK_RAF_multikinase,weak_null;singleton,0.1277985640515601
ZSH-2962,level_control_mimicry,hypothesis_triage,C,zel031_a549,bb0=BB_4494700729,"bb0=BB_4494700729 mimics GCN2-IN-7 (Stress kinase inhibitor) - rank-1 control match, cos 0.125","cos=0.125, p=0.000 vs 200-draw gene-label-permutation null",GCN2-IN-7,Stress_kinase_inhibitor,weak_null,0.1250137530293789
ZSH-2972,level_control_mimicry,hypothesis_triage,C,zel028_a549,bb3=BB_5479381903,"bb3=BB_5479381903 mimics SMARCA ligand 1 (Chromatin remodeling) - rank-1 control match, cos 0.125","cos=0.125, p=0.000 vs 200-draw gene-label-permutation null",SMARCA ligand 1,Chromatin_remodeling,weak_null;singleton,0.1246920206824368
ZSH-2979,level_control_mimicry,hypothesis_triage,C,zel028_hek293,bb3=BB_8729740620,"bb3=BB_8729740620 mimics HTH-01-015 (HSF1 heat shock validated) - rank-1 control match, cos 0.124","cos=0.124, p=0.000 vs 200-draw gene-label-permutation null",HTH-01-015,HSF1_heat_shock_validated,weak_null;singleton,0.1239602726396346
ZSH-2991,level_control_mimicry,hypothesis_triage,C,zel039_aec7,bb2=BB_2999304335,"bb2=BB_2999304335 mimics HTH-01-015 (HSF1 heat shock validated) - rank-1 control match, cos 0.123","cos=0.123, p=0.000 vs 200-draw gene-label-permutation null",HTH-01-015,HSF1_heat_shock_validated,weak_null,0.1232979935450991
ZSH-2994,level_control_mimicry,hypothesis_triage,C,zel031_a549,bb1=BB_7622047569,"bb1=BB_7622047569 mimics GCN2-IN-7 (Stress kinase inhibitor) - rank-1 control match, cos 0.123","cos=0.123, p=0.000 vs 200-draw gene-label-permutation null",GCN2-IN-7,Stress_kinase_inhibitor,weak_null,0.123268965599914
ZSH-3004,level_control_mimicry,hypothesis_triage,C,zel028_a549,bb1=BB_1998211288,"bb1=BB_1998211288 mimics ZM336372 (MEK RAF multikinase) - rank-1 control match, cos 0.123","cos=0.123, p=0.000 vs 200-draw gene-label-permutation null",ZM336372,MEK_RAF_multikinase,weak_null;singleton,0.1226927707762707
ZSH-3017,level_control_mimicry,hypothesis_triage,C,zel031_a549,bb0=BB_6508913989,"bb0=BB_6508913989 mimics ceritinib (ALK MET inhibitor) - rank-1 control match, cos 0.122","cos=0.122, p=0.000 vs 200-draw gene-label-permutation null",ceritinib,ALK_MET_inhibitor,weak_null,0.1218866781814855
ZSH-3019,level_control_mimicry,hypothesis_triage,C,zel031_a549,bb0=BB_4786736629,"bb0=BB_4786736629 mimics MK2-IN-1 (Stress kinase inhibitor) - rank-1 control match, cos 0.122","cos=0.122, p=0.000 vs 200-draw gene-label-permutation null",MK2-IN-1,Stress_kinase_inhibitor,weak_null,0.1218295181000039
ZSH-3030,level_control_mimicry,hypothesis_triage,C,zel028_hek293,bb4=BB_0527515463,"bb4=BB_0527515463 mimics MK2-IN-1 (Stress kinase inhibitor) - rank-1 control match, cos 0.121","cos=0.121, p=0.000 vs 200-draw gene-label-permutation null",MK2-IN-1,Stress_kinase_inhibitor,weak_null;singleton,0.1214868769594432
ZSH-3032,level_control_mimicry,hypothesis_triage,C,zel031_a549,bb0=BB_3077386016,"bb0=BB_3077386016 mimics derazantinib (FGFR inhibitor) - rank-1 control match, cos 0.121","cos=0.121, p=0.000 vs 200-draw gene-label-permutation null",derazantinib,FGFR_inhibitor,weak_null,0.1213113815045509
ZSH-3034,level_control_mimicry,hypothesis_triage,C,zel039_aec7,bb1=BB_7908408907,"bb1=BB_7908408907 mimics derazantinib (FGFR inhibitor) - rank-1 control match, cos 0.121","cos=0.121, p=0.000 vs 200-draw gene-label-permutation null",derazantinib,FGFR_inhibitor,weak_null,0.1212470342149756
ZSH-3047,level_control_mimicry,hypothesis_triage,C,zel031_a549,bb0=BB_7417942759,"bb0=BB_7417942759 mimics BGT226 (PI3K mTOR inhibitor) - rank-1 control match, cos 0.120","cos=0.120, p=0.000 vs 200-draw gene-label-permutation null",BGT226,PI3K_mTOR_inhibitor,weak_null,0.1204204907709007
ZSH-3050,level_control_mimicry,hypothesis_triage,C,zel031_a549,bb0=BB_6202735893,"bb0=BB_6202735893 mimics CP-673451 (PDGFR inhibitor) - rank-1 control match, cos 0.120","cos=0.120, p=0.000 vs 200-draw gene-label-permutation null",CP-673451,PDGFR_inhibitor,weak_null,0.1202585909507709
ZSH-3057,level_control_mimicry,hypothesis_triage,C,zel028_a549,bb1=BB_5476827048,"bb1=BB_5476827048 mimics derazantinib (FGFR inhibitor) - rank-1 control match, cos 0.120","cos=0.120, p=0.000 vs 200-draw gene-label-permutation null",derazantinib,FGFR_inhibitor,weak_null;singleton,0.1200793714188691
ZSH-3083,level_control_mimicry,hypothesis_triage,C,zel028_hek293,bb4=BB_6747475726,"bb4=BB_6747475726 mimics sorafenib (MEK RAF multikinase) - rank-1 control match, cos 0.119","cos=0.119, p=0.000 vs 200-draw gene-label-permutation null",sorafenib,MEK_RAF_multikinase,weak_null;singleton,0.1187427852969569
ZSH-3087,level_control_mimicry,hypothesis_triage,C,zel039_aec7,bb2=BB_0405690156,"bb2=BB_0405690156 mimics STC-15 (Epigenetic writer eraser) - rank-1 control match, cos 0.119","cos=0.119, p=0.000 vs 200-draw gene-label-permutation null",STC-15,Epigenetic_writer_eraser,weak_null,0.1186592287247259
ZSH-3098,level_control_mimicry,hypothesis_triage,C,zel028_a549,bb4=BB_0923458751,"bb4=BB_0923458751 mimics AZD-3463 (ALK MET inhibitor) - rank-1 control match, cos 0.118","cos=0.118, p=0.005 vs 200-draw gene-label-permutation null",AZD-3463,ALK_MET_inhibitor,weak_null;singleton,0.1182281875593849
ZSH-3111,level_control_mimicry,hypothesis_triage,C,zel039_aec7,bb2=BB_4770152940,"bb2=BB_4770152940 mimics KME-2780 (Unknown Other) - rank-1 control match, cos 0.117","cos=0.117, p=0.000 vs 200-draw gene-label-permutation null",KME-2780,Unknown_Other,weak_null,0.1173904752874503
ZSH-3116,level_control_mimicry,hypothesis_triage,C,zel028_a549,bb4=BB_0527515463,"bb4=BB_0527515463 mimics HTH-01-015 (HSF1 heat shock validated) - rank-1 control match, cos 0.117","cos=0.117, p=0.000 vs 200-draw gene-label-permutation null",HTH-01-015,HSF1_heat_shock_validated,weak_null;singleton,0.1170194134816703
ZSH-3117,level_control_mimicry,hypothesis_triage,C,zel028_a549,bb4=BB_3181956115,"bb4=BB_3181956115 mimics ZF135/MRTX-1719 (Unknown/Other) - rank-1 control match, cos 0.117","cos=0.117, p=0.000 vs 200-draw gene-label-permutation null",ZF135/MRTX-1719,Unknown/Other,weak_null;singleton,0.1169314762256232
ZSH-3123,level_control_mimicry,hypothesis_triage,C,zel028_a549,bb3=BB_7347643908,"bb3=BB_7347643908 mimics momelotinib/CYT387 (JAK STAT inhibitor) - rank-1 control match, cos 0.117","cos=0.117, p=0.000 vs 200-draw gene-label-permutation null",momelotinib/CYT387,JAK_STAT_inhibitor,weak_null;singleton,0.1167382105316512
ZSH-3133,level_control_mimicry,hypothesis_triage,C,zel028_a549,bb3=BB_9779482469,"bb3=BB_9779482469 mimics momelotinib/CYT387 (JAK STAT inhibitor) - rank-1 control match, cos 0.116","cos=0.116, p=0.000 vs 200-draw gene-label-permutation null",momelotinib/CYT387,JAK_STAT_inhibitor,weak_null;singleton,0.1163825093525972
ZSH-3134,level_control_mimicry,hypothesis_triage,C,zel024_hek293,bb3=BB_5345232705,"bb3=BB_5345232705 mimics sorafenib (MEK RAF multikinase) - rank-1 control match, cos 0.116","cos=0.116, p=0.000 vs 200-draw gene-label-permutation null",sorafenib,MEK_RAF_multikinase,weak_null,0.1163752309021554
ZSH-3174,level_control_mimicry,hypothesis_triage,C,zel028_a549,bb3=BB_6580972793,"bb3=BB_6580972793 mimics BGT226 (PI3K mTOR inhibitor) - rank-1 control match, cos 0.115","cos=0.115, p=0.000 vs 200-draw gene-label-permutation null",BGT226,PI3K_mTOR_inhibitor,weak_null;singleton,0.1151731292760806
ZSH-3189,level_control_mimicry,hypothesis_triage,C,zel028_a549,bb4=BB_4873324777,"bb4=BB_4873324777 mimics fexagratinib (FGFR inhibitor) - rank-1 control match, cos 0.115","cos=0.115, p=0.000 vs 200-draw gene-label-permutation null",fexagratinib,FGFR_inhibitor,weak_null;singleton,0.1145305314609915
ZSH-3190,level_control_mimicry,hypothesis_triage,C,zel028_a549,bb4=BB_2989558087,"bb4=BB_2989558087 mimics XL019 (JAK STAT inhibitor) - rank-1 control match, cos 0.115","cos=0.115, p=0.000 vs 200-draw gene-label-permutation null",XL019,JAK_STAT_inhibitor,weak_null;singleton,0.1145215791169745
ZSH-3200,level_control_mimicry,hypothesis_triage,C,zel028_a549,bb4=BB_0989365327,"bb4=BB_0989365327 mimics MSC1094308 (VCP/VPS4B AAA ATPase inhibitor) - rank-1 control match, cos 0.114","cos=0.114, p=0.000 vs 200-draw gene-label-permutation null",MSC1094308,AAA_ATPase_inhibitor,weak_null;singleton,0.1142627188703896
ZSH-3242,level_control_mimicry,hypothesis_triage,C,zel031_a549,bb0=BB_3845181006,"bb0=BB_3845181006 mimics STC-15 (Epigenetic writer eraser) - rank-1 control match, cos 0.112","cos=0.112, p=0.000 vs 200-draw gene-label-permutation null",STC-15,Epigenetic_writer_eraser,weak_null,0.1122717170678009
ZSH-3250,level_control_mimicry,hypothesis_triage,C,zel031_a549,bb0=BB_2098913133,"bb0=BB_2098913133 mimics GCN2-IN-7 (Stress kinase inhibitor) - rank-1 control match, cos 0.112","cos=0.112, p=0.000 vs 200-draw gene-label-permutation null",GCN2-IN-7,Stress_kinase_inhibitor,weak_null,0.1119147317563051
ZSH-3255,level_control_mimicry,hypothesis_triage,C,zel031_a549,bb0=BB_0337694424,"bb0=BB_0337694424 mimics STM2457 (Epigenetic writer eraser) - rank-1 control match, cos 0.112","cos=0.112, p=0.000 vs 200-draw gene-label-permutation null",STM2457,Epigenetic_writer_eraser,weak_null,0.1116272995886041
ZSH-3264,level_control_mimicry,hypothesis_triage,C,zel028_hek293,bb3=BB_3343801403,"bb3=BB_3343801403 mimics AZD-7624 (Stress kinase inhibitor) - rank-1 control match, cos 0.111","cos=0.111, p=0.000 vs 200-draw gene-label-permutation null",AZD-7624,Stress_kinase_inhibitor,weak_null;singleton,0.1110702920479473
ZSH-3292,level_control_mimicry,hypothesis_triage,C,zel039_aec7,bb1=BB_7794323333,"bb1=BB_7794323333 mimics ZF135/MRTX-1719 (Unknown/Other) - rank-1 control match, cos 0.110","cos=0.110, p=0.000 vs 200-draw gene-label-permutation null",ZF135/MRTX-1719,Unknown/Other,weak_null,0.1101538179402436
ZSH-3296,level_control_mimicry,hypothesis_triage,C,zel031_a549,bb0=BB_8221526733,"bb0=BB_8221526733 mimics BAY-293 (RAS pathway other) - rank-1 control match, cos 0.110","cos=0.110, p=0.000 vs 200-draw gene-label-permutation null",BAY-293,RAS_pathway_other,weak_null,0.1100849085769183
ZSH-3310,level_control_mimicry,hypothesis_triage,C,zel028_a549,bb4=BB_9834567321,"bb4=BB_9834567321 mimics BGT226 (PI3K mTOR inhibitor) - rank-1 control match, cos 0.109","cos=0.109, p=0.000 vs 200-draw gene-label-permutation null",BGT226,PI3K_mTOR_inhibitor,weak_null;singleton,0.1094666701683376
ZSH-3317,level_control_mimicry,hypothesis_triage,C,zel028_hek293,bb3=BB_4697201234,"bb3=BB_4697201234 mimics N-deshydroxyethyl dasatinib (BCR ABL inhibitor) - rank-1 control match, cos 0.109","cos=0.109, p=0.000 vs 200-draw gene-label-permutation null",N-deshydroxyethyl dasatinib,BCR_ABL_inhibitor,weak_null;singleton,0.1093443595513765
ZSH-3319,level_control_mimicry,hypothesis_triage,C,zel028_hek293,bb4=BB_2876436278,"bb4=BB_2876436278 mimics N-deshydroxyethyl dasatinib (BCR ABL inhibitor) - rank-1 control match, cos 0.109","cos=0.109, p=0.005 vs 200-draw gene-label-permutation null",N-deshydroxyethyl dasatinib,BCR_ABL_inhibitor,weak_null;singleton,0.1093108972203025
ZSH-3321,level_control_mimicry,hypothesis_triage,C,zel031_a549,bb0=BB_6719949163,"bb0=BB_6719949163 mimics ZM336372 (MEK RAF multikinase) - rank-1 control match, cos 0.109","cos=0.109, p=0.000 vs 200-draw gene-label-permutation null",ZM336372,MEK_RAF_multikinase,weak_null,0.1092230426550297
ZSH-3329,level_control_mimicry,hypothesis_triage,C,zel028_a549,bb3=BB_1283183224,"bb3=BB_1283183224 mimics veliparib (PARP inhibitor) - rank-1 control match, cos 0.109","cos=0.109, p=0.005 vs 200-draw gene-label-permutation null",veliparib,PARP_inhibitor,weak_null;singleton,0.1088837030624605
ZSH-3330,level_control_mimicry,hypothesis_triage,C,zel028_hek293,bb4=BB_1323947790,"bb4=BB_1323947790 mimics BMS-509744 (Unknown Other) - rank-1 control match, cos 0.109","cos=0.109, p=0.000 vs 200-draw gene-label-permutation null",BMS-509744,Unknown_Other,weak_null;singleton,0.1088798650810945
ZSH-3337,level_control_mimicry,hypothesis_triage,C,zel039_aec7,bb2=BB_1911924834,"bb2=BB_1911924834 mimics BGT226 (PI3K mTOR inhibitor) - rank-1 control match, cos 0.109","cos=0.109, p=0.000 vs 200-draw gene-label-permutation null",BGT226,PI3K_mTOR_inhibitor,weak_null,0.1086832701759412
ZSH-3364,level_control_mimicry,hypothesis_triage,C,zel031_a549,bb0=BB_3453212350,"bb0=BB_3453212350 mimics ZM336372 (MEK RAF multikinase) - rank-1 control match, cos 0.108","cos=0.108, p=0.005 vs 200-draw gene-label-permutation null",ZM336372,MEK_RAF_multikinase,weak_null,0.107602386282705
ZSH-3368,level_control_mimicry,hypothesis_triage,C,zel028_a549,bb3=BB_8660821346,"bb3=BB_8660821346 mimics MSC1094308 (VCP/VPS4B AAA ATPase inhibitor) - rank-1 control match, cos 0.107","cos=0.107, p=0.000 vs 200-draw gene-label-permutation null",MSC1094308,AAA_ATPase_inhibitor,weak_null;singleton,0.1074454016940977
ZSH-3376,level_control_mimicry,hypothesis_triage,C,zel028_a549,bb3=BB_2660463725,"bb3=BB_2660463725 mimics SMARCA ligand 1 (Chromatin remodeling) - rank-1 control match, cos 0.107","cos=0.107, p=0.000 vs 200-draw gene-label-permutation null",SMARCA ligand 1,Chromatin_remodeling,weak_null;singleton,0.1070237841184677
ZSH-3406,level_control_mimicry,hypothesis_triage,C,zel031_a549,bb1=BB_7882633117,"bb1=BB_7882633117 mimics sorafenib (MEK RAF multikinase) - rank-1 control match, cos 0.106","cos=0.106, p=0.000 vs 200-draw gene-label-permutation null",sorafenib,MEK_RAF_multikinase,weak_null,0.1056901608870134
ZSH-3426,level_control_mimicry,hypothesis_triage,C,zel028_hek293,bb4=BB_2989558087,"bb4=BB_2989558087 mimics IRAK inhibitor 1 (Stress kinase inhibitor) - rank-1 control match, cos 0.105","cos=0.105, p=0.000 vs 200-draw gene-label-permutation null",IRAK inhibitor 1,Stress_kinase_inhibitor,weak_null;singleton,0.1048310061888563
ZSH-3442,level_control_mimicry,hypothesis_triage,C,zel028_a549,bb3=BB_3744874621,"bb3=BB_3744874621 mimics MK2-IN-1 (Stress kinase inhibitor) - rank-1 control match, cos 0.104","cos=0.104, p=0.000 vs 200-draw gene-label-permutation null",MK2-IN-1,Stress_kinase_inhibitor,weak_null;singleton,0.1042138299529422
ZSH-3463,level_control_mimicry,hypothesis_triage,C,zel031_a549,bb0=BB_0871581106,"bb0=BB_0871581106 mimics XL019 (JAK STAT inhibitor) - rank-1 control match, cos 0.104","cos=0.104, p=0.000 vs 200-draw gene-label-permutation null",XL019,JAK_STAT_inhibitor,weak_null,0.103594357334837
ZSH-3466,level_control_mimicry,hypothesis_triage,C,zel028_a549,bb4=BB_7797066649,"bb4=BB_7797066649 mimics ZM336372 (MEK RAF multikinase) - rank-1 control match, cos 0.103","cos=0.103, p=0.010 vs 200-draw gene-label-permutation null",ZM336372,MEK_RAF_multikinase,weak_null;singleton,0.1032474020965805
ZSH-3475,level_control_mimicry,hypothesis_triage,C,zel028_hek293,bb4=BB_4361438031,"bb4=BB_4361438031 mimics HTH-01-015 (HSF1 heat shock validated) - rank-1 control match, cos 0.103","cos=0.103, p=0.000 vs 200-draw gene-label-permutation null",HTH-01-015,HSF1_heat_shock_validated,weak_null;singleton,0.1029060232987972
ZSH-3495,level_control_mimicry,hypothesis_triage,C,zel031_a549,bb0=BB_5094248381,"bb0=BB_5094248381 mimics cobimetinib (MEK RAF multikinase) - rank-1 control match, cos 0.102","cos=0.102, p=0.000 vs 200-draw gene-label-permutation null",cobimetinib,MEK_RAF_multikinase,weak_null,0.1019124812445929
ZSH-3502,level_control_mimicry,hypothesis_triage,C,zel031_a549,bb0=BB_0236907977,"bb0=BB_0236907977 mimics aloperine (Unknown Other) - rank-1 control match, cos 0.102","cos=0.102, p=0.000 vs 200-draw gene-label-permutation null",aloperine,Unknown_Other,weak_null,0.1017107147224927
ZSH-3509,level_control_mimicry,hypothesis_triage,C,zel031_a549,bb0=BB_9402200891,"bb0=BB_9402200891 mimics HTH-01-015 (HSF1 heat shock validated) - rank-1 control match, cos 0.101","cos=0.101, p=0.000 vs 200-draw gene-label-permutation null",HTH-01-015,HSF1_heat_shock_validated,weak_null,0.1013094745755353
ZSH-3512,level_control_mimicry,hypothesis_triage,C,zel028_a549,bb4=BB_6371722162,"bb4=BB_6371722162 mimics AZD-3463 (ALK MET inhibitor) - rank-1 control match, cos 0.101","cos=0.101, p=0.000 vs 200-draw gene-label-permutation null",AZD-3463,ALK_MET_inhibitor,weak_null;singleton,0.1010551128627292
ZSH-3519,level_control_mimicry,hypothesis_triage,C,zel031_a549,bb0=BB_4392022717,"bb0=BB_4392022717 mimics veliparib (PARP inhibitor) - rank-1 control match, cos 0.101","cos=0.101, p=0.000 vs 200-draw gene-label-permutation null",veliparib,PARP_inhibitor,weak_null,0.1006155043963203
ZSH-3528,level_control_mimicry,hypothesis_triage,C,zel031_a549,bb0=BB_1627525093,"bb0=BB_1627525093 mimics veliparib (PARP inhibitor) - rank-1 control match, cos 0.100","cos=0.100, p=0.000 vs 200-draw gene-label-permutation null",veliparib,PARP_inhibitor,weak_null,0.1001913944470041
ZSH-3547,level_control_mimicry,hypothesis_triage,C,zel028_hek293,bb4=BB_0228574058,"bb4=BB_0228574058 mimics AZD-3463 (ALK MET inhibitor) - rank-1 control match, cos 0.099","cos=0.099, p=0.000 vs 200-draw gene-label-permutation null",AZD-3463,ALK_MET_inhibitor,weak_null;singleton,0.0994132241466397
ZSH-3570,level_control_mimicry,hypothesis_triage,C,zel031_a549,bb0=BB_4072031870,"bb0=BB_4072031870 mimics MK2-IN-1 (Stress kinase inhibitor) - rank-1 control match, cos 0.098","cos=0.098, p=0.000 vs 200-draw gene-label-permutation null",MK2-IN-1,Stress_kinase_inhibitor,weak_null,0.0980206782770334
ZSH-3586,level_control_mimicry,hypothesis_triage,C,zel031_a549,bb0=BB_6638598402,"bb0=BB_6638598402 mimics MSC1094308 (VCP/VPS4B AAA ATPase inhibitor) - rank-1 control match, cos 0.097","cos=0.097, p=0.000 vs 200-draw gene-label-permutation null",MSC1094308,AAA_ATPase_inhibitor,weak_null,0.097309527027661
ZSH-3607,level_control_mimicry,hypothesis_triage,C,zel028_hek293,bb4=BB_1685533675,"bb4=BB_1685533675 mimics STC-15 (Epigenetic writer eraser) - rank-1 control match, cos 0.095","cos=0.095, p=0.000 vs 200-draw gene-label-permutation null",STC-15,Epigenetic_writer_eraser,weak_null;singleton,0.0948652654368197
ZSH-3617,level_control_mimicry,hypothesis_triage,C,zel031_a549,bb0=BB_2196410159,"bb0=BB_2196410159 mimics MK2-IN-1 (Stress kinase inhibitor) - rank-1 control match, cos 0.094","cos=0.094, p=0.000 vs 200-draw gene-label-permutation null",MK2-IN-1,Stress_kinase_inhibitor,weak_null,0.0941709893847276
ZSH-3642,level_control_mimicry,hypothesis_triage,C,zel028_a549,bb3=BB_4748212610,"bb3=BB_4748212610 mimics aloperine (Unknown Other) - rank-1 control match, cos 0.092","cos=0.092, p=0.010 vs 200-draw gene-label-permutation null",aloperine,Unknown_Other,weak_null;singleton,0.0921156092252223
ZSH-3648,level_control_mimicry,hypothesis_triage,C,zel031_a549,bb0=BB_4880174412,"bb0=BB_4880174412 mimics aloperine (Unknown Other) - rank-1 control match, cos 0.091","cos=0.091, p=0.000 vs 200-draw gene-label-permutation null",aloperine,Unknown_Other,weak_null,0.0911044657452898
ZSH-3663,level_control_mimicry,hypothesis_triage,C,zel031_a549,bb0=BB_6828065861,"bb0=BB_6828065861 mimics HTH-01-015 (HSF1 heat shock validated) - rank-1 control match, cos 0.089","cos=0.089, p=0.000 vs 200-draw gene-label-permutation null",HTH-01-015,HSF1_heat_shock_validated,weak_null,0.088817073747477
ZSH-3665,level_control_mimicry,hypothesis_triage,C,zel028_a549,bb4=BB_4361438031,"bb4=BB_4361438031 mimics HTH-01-015 (HSF1 heat shock validated) - rank-1 control match, cos 0.089","cos=0.089, p=0.010 vs 200-draw gene-label-permutation null",HTH-01-015,HSF1_heat_shock_validated,weak_null;singleton,0.0885864378601258
ZSH-3667,level_control_mimicry,hypothesis_triage,C,zel028_a549,bb1=BB_6403210335,"bb1=BB_6403210335 mimics endoxifen (Nuclear hormone receptor) - rank-1 control match, cos 0.088","cos=0.088, p=0.005 vs 200-draw gene-label-permutation null",endoxifen,Nuclear_hormone_receptor,weak_null;singleton,0.087944559929514
ZSH-3669,level_control_mimicry,hypothesis_triage,C,zel031_a549,bb1=BB_3556786606,"bb1=BB_3556786606 mimics AZD-3463 (ALK MET inhibitor) - rank-1 control match, cos 0.087","cos=0.087, p=0.005 vs 200-draw gene-label-permutation null",AZD-3463,ALK_MET_inhibitor,weak_null,0.0874989992410207
ZSH-3674,level_control_mimicry,hypothesis_triage,C,zel028_a549,bb1=BB_2463268611,"bb1=BB_2463268611 mimics BGT226 (PI3K mTOR inhibitor) - rank-1 control match, cos 0.087","cos=0.087, p=0.000 vs 200-draw gene-label-permutation null",BGT226,PI3K_mTOR_inhibitor,weak_null;singleton,0.0866856912523443
ZSH-3693,level_control_mimicry,hypothesis_triage,C,zel031_a549,bb1=BB_3406231744,"bb1=BB_3406231744 mimics cobimetinib (MEK RAF multikinase) - rank-1 control match, cos 0.082","cos=0.082, p=0.005 vs 200-draw gene-label-permutation null",cobimetinib,MEK_RAF_multikinase,weak_null,0.0818017315490958
ZSH-3699,level_control_mimicry,hypothesis_triage,C,zel031_a549,bb0=BB_9234283748,"bb0=BB_9234283748 mimics SMARCA ligand 1 (Chromatin remodeling) - rank-1 control match, cos 0.079","cos=0.079, p=0.000 vs 200-draw gene-label-permutation null",SMARCA ligand 1,Chromatin_remodeling,weak_null,0.0791113063947631
ZSH-3713,level_control_mimicry,hypothesis_triage,C,zel031_a549,bb0=BB_0981479293,"bb0=BB_0981479293 mimics MSC1094308 (VCP/VPS4B AAA ATPase inhibitor) - rank-1 control match, cos 0.076","cos=0.076, p=0.010 vs 200-draw gene-label-permutation null",MSC1094308,AAA_ATPase_inhibitor,weak_null,0.0756359560247911
