context,split_seed,n_acquisition_batches,subset_index,n_heldout_batches,n_controls,median_gene_pearson,median_program_pearson
zic008_a549,20260915,1,0,5,35,0.3955262748946346,0.554172903026365
zic008_a549,20260915,1,1,5,35,0.3697675618556952,0.5314666037378969
zic008_a549,20260915,1,2,5,35,0.3294339213478495,0.46923068490665165
zic008_a549,20260915,1,3,5,35,0.5167051808692206,0.881909619298588
zic008_a549,20260915,1,4,5,35,0.27469314342344675,0.4618668333948795
zic008_a549,20260915,2,0,5,35,0.45236934644221677,0.664317690326503
zic008_a549,20260915,2,1,5,35,0.41658765873069176,0.5865491284905797
zic008_a549,20260915,2,2,5,35,0.5427561774951362,0.8054828762067877
zic008_a549,20260915,2,3,5,35,0.39725613870787,0.6031960282914544
zic008_a549,20260915,2,4,5,35,0.4120816548422532,0.5959146862731549
zic008_a549,20260915,2,5,5,35,0.549384147849694,0.8253999908574741
zic008_a549,20260915,2,6,5,35,0.409477963014333,0.6243073684665332
zic008_a549,20260915,2,7,5,35,0.595402029092833,0.7919535851636988
zic008_a549,20260915,2,8,5,35,0.37038787466401174,0.5332392235168527
zic008_a549,20260915,2,9,5,35,0.5096594424405749,0.7806469111522198
zic008_a549,20260915,3,0,5,35,0.4574575514264151,0.6122690137870148
zic008_a549,20260915,3,1,5,35,0.5687389465199165,0.79461447124022
zic008_a549,20260915,3,2,5,35,0.46230432727614845,0.6622490173961677
zic008_a549,20260915,3,3,5,35,0.5977064581790476,0.7593500974682432
zic008_a549,20260915,3,4,5,35,0.412672884238378,0.6080278663320138
zic008_a549,20260915,3,5,5,35,0.5377877663712826,0.7622355927549953
zic008_a549,20260915,3,6,5,35,0.5571504437201821,0.7397414029496137
zic008_a549,20260915,3,7,5,35,0.43123821538513973,0.6139707027839411
zic008_a549,20260915,3,8,5,35,0.5334067688264151,0.7864658605072868
zic008_a549,20260915,3,9,5,35,0.5201627084815323,0.7209778830245159
zic008_a549,20260915,4,0,5,35,0.5629954993181829,0.7380156997609739
zic008_a549,20260915,4,1,5,35,0.4636323723761232,0.6205974089855466
zic008_a549,20260915,4,2,5,35,0.5530500750320697,0.7581442700028649
zic008_a549,20260915,4,3,5,35,0.5413631770595311,0.7087431487242424
zic008_a549,20260915,4,4,5,35,0.5352865859338776,0.7220043281698059
zic008_a549,20260915,5,0,5,35,0.5465560596436192,0.712063546661994
zic008_a549,20260916,1,0,5,35,0.39665311854522833,0.5994839771993276
zic008_a549,20260916,1,1,5,35,0.4329912930242039,0.6879887456345154
zic008_a549,20260916,1,2,5,35,0.3254202182143819,0.5061653097764603
zic008_a549,20260916,1,3,5,35,0.5705186178702827,0.8756363368127875
zic008_a549,20260916,1,4,5,35,0.4175142307341317,0.6176328909010146
zic008_a549,20260916,2,0,5,35,0.5206084419520738,0.7742542694060679
zic008_a549,20260916,2,1,5,35,0.4523051983473332,0.6997181000464255
zic008_a549,20260916,2,2,5,35,0.6597409162290991,0.8968979801162696
zic008_a549,20260916,2,3,5,35,0.5203508204675799,0.813696815387165
zic008_a549,20260916,2,4,5,35,0.4475150990787319,0.6734591439137672
zic008_a549,20260916,2,5,5,35,0.6423251644177704,0.8940573322300702
zic008_a549,20260916,2,6,5,35,0.5077280470498268,0.7411027571473396
zic008_a549,20260916,2,7,5,35,0.6091893077326826,0.8580344607617543
zic008_a549,20260916,2,8,5,35,0.4700618242456992,0.7160542384610297
zic008_a549,20260916,2,9,5,35,0.6532868917689768,0.8868172428683894
zic008_a549,20260916,3,0,5,35,0.5185830406935076,0.759512652869829
zic008_a549,20260916,3,1,5,35,0.6877905941903006,0.8982786596694615
zic008_a549,20260916,3,2,5,35,0.560876623396136,0.8280849717521972
zic008_a549,20260916,3,3,5,35,0.6693150303890216,0.8799751550748903
zic008_a549,20260916,3,4,5,35,0.5375688994165767,0.7944561678693348
zic008_a549,20260916,3,5,5,35,0.7024321729617451,0.913761615803451
zic008_a549,20260916,3,6,5,35,0.6227101924481475,0.8497790189151817
zic008_a549,20260916,3,7,5,35,0.516507194614842,0.7301797103473116
zic008_a549,20260916,3,8,5,35,0.6404230258616243,0.86807667311177
zic008_a549,20260916,3,9,5,35,0.6201394780726498,0.8683560460692067
zic008_a549,20260916,4,0,5,35,0.6758587926968103,0.8690381374479221
zic008_a549,20260916,4,1,5,35,0.5629553846673698,0.8010748834228383
zic008_a549,20260916,4,2,5,35,0.6985863100684128,0.9013523083799861
zic008_a549,20260916,4,3,5,35,0.6818983540950058,0.8841430768188242
zic008_a549,20260916,4,4,5,35,0.6352745397774243,0.8582614095143691
zic008_a549,20260916,5,0,5,35,0.6680755723530956,0.876337120727592
zic008_a549,20260917,1,0,5,35,0.5904159169120153,0.8280654561133954
zic008_a549,20260917,1,1,5,35,0.41324330777517293,0.6267972115910418
zic008_a549,20260917,1,2,5,35,0.3940233110397757,0.6322859560819688
zic008_a549,20260917,1,3,5,35,0.4197076389870317,0.7292921365574718
zic008_a549,20260917,1,4,5,35,0.4908982169829557,0.7274680947615437
zic008_a549,20260917,2,0,5,35,0.6660246906155856,0.8666865442512725
zic008_a549,20260917,2,1,5,35,0.6508552789487845,0.893920077514931
zic008_a549,20260917,2,2,5,35,0.5879092352150916,0.8501909008985001
zic008_a549,20260917,2,3,5,35,0.677258953603301,0.8850823284498495
zic008_a549,20260917,2,4,5,35,0.5202606780711153,0.7625183846451647
zic008_a549,20260917,2,5,5,35,0.5406626876831809,0.813396946064696
zic008_a549,20260917,2,6,5,35,0.5781028809677751,0.8208731813424208
zic008_a549,20260917,2,7,5,35,0.547975910901495,0.8397764734003258
zic008_a549,20260917,2,8,5,35,0.557954823548,0.7884405869573198
zic008_a549,20260917,2,9,5,35,0.5670216950258297,0.8554631012987222
zic008_a549,20260917,3,0,5,35,0.7041422956508399,0.9104514217160391
zic008_a549,20260917,3,1,5,35,0.6632031832214077,0.88718802930953
zic008_a549,20260917,3,2,5,35,0.7366265086719767,0.9217508529751147
zic008_a549,20260917,3,3,5,35,0.6553224635708227,0.8989564973250399
zic008_a549,20260917,3,4,5,35,0.6972876713825289,0.9052247991407355
zic008_a549,20260917,3,5,5,35,0.6582997349349566,0.884602790431986
zic008_a549,20260917,3,6,5,35,0.6045413402910789,0.8556155120515635
zic008_a549,20260917,3,7,5,35,0.6029115854731059,0.8464953370497638
zic008_a549,20260917,3,8,5,35,0.654542094435693,0.8735027928270783
zic008_a549,20260917,3,9,5,35,0.6266506396006788,0.8714296645248296
zic008_a549,20260917,4,0,5,35,0.7023604217972023,0.9256018228819254
zic008_a549,20260917,4,1,5,35,0.7413796339810337,0.9172489665100997
zic008_a549,20260917,4,2,5,35,0.7168264434120738,0.9263563075900829
zic008_a549,20260917,4,3,5,35,0.6986250898930616,0.9178704828381833
zic008_a549,20260917,4,4,5,35,0.6807672325357087,0.8810189817173846
zic008_a549,20260917,5,0,5,35,0.7322180714263876,0.9257881076517521
zic008_a549,20260918,1,0,5,35,0.4712392397530558,0.6972428962789591
zic008_a549,20260918,1,1,5,35,0.49509795546732144,0.7757692277746374
zic008_a549,20260918,1,2,5,35,0.38506660100435336,0.6580812927692928
zic008_a549,20260918,1,3,5,35,0.35367476443277995,0.6216281965008515
zic008_a549,20260918,1,4,5,35,0.4676063387350392,0.6690971380880849
zic008_a549,20260918,2,0,5,35,0.5733197420127719,0.8150083486403521
zic008_a549,20260918,2,1,5,35,0.5126947989665969,0.7722626390160731
zic008_a549,20260918,2,2,5,35,0.488209428508764,0.7682067929565238
zic008_a549,20260918,2,3,5,35,0.5643388436803364,0.7484271772872657
zic008_a549,20260918,2,4,5,35,0.5149860430112465,0.8143981234653764
zic008_a549,20260918,2,5,5,35,0.5292122023205287,0.8112826340010806
zic008_a549,20260918,2,6,5,35,0.5774402592049668,0.7966889143344076
zic008_a549,20260918,2,7,5,35,0.43688202523776604,0.6902060858245639
zic008_a549,20260918,2,8,5,35,0.4953108346505761,0.7125006259959041
zic008_a549,20260918,2,9,5,35,0.46072723855168213,0.6789244706089197
zic008_a549,20260918,3,0,5,35,0.5761404990745023,0.8312826928151215
zic008_a549,20260918,3,1,5,35,0.5854523276239962,0.834233266766287
zic008_a549,20260918,3,2,5,35,0.6215455853937866,0.8219279613943682
zic008_a549,20260918,3,3,5,35,0.5265278478212768,0.7677861724429137
zic008_a549,20260918,3,4,5,35,0.5571238001909385,0.7686744054880844
zic008_a549,20260918,3,5,5,35,0.5283779918995455,0.7386444582631461
zic008_a549,20260918,3,6,5,35,0.5597950102503813,0.790329877929809
zic008_a549,20260918,3,7,5,35,0.5858250791229127,0.7915924989962593
zic008_a549,20260918,3,8,5,35,0.5853866022735771,0.75945890029384
zic008_a549,20260918,3,9,5,35,0.48405818042599436,0.7045623594025267
zic008_a549,20260918,4,0,5,35,0.5877245247354711,0.8275222485384256
zic008_a549,20260918,4,1,5,35,0.6083070311668928,0.8218281748049938
zic008_a549,20260918,4,2,5,35,0.6032202972322459,0.798262335240885
zic008_a549,20260918,4,3,5,35,0.5590088357293199,0.7633017838965841
zic008_a549,20260918,4,4,5,35,0.5791391092028215,0.7669609342897541
zic008_a549,20260918,5,0,5,35,0.6106989334820864,0.8107347868445114
zic008_a549,20260919,1,0,5,35,0.465141008955602,0.816073448416311
zic008_a549,20260919,1,1,5,35,0.32010204496447997,0.4908545784152636
zic008_a549,20260919,1,2,5,35,0.5403682597010189,0.8020457644305017
zic008_a549,20260919,1,3,5,35,0.20457380658211305,0.3171194649164743
zic008_a549,20260919,1,4,5,35,0.4813608266464137,0.7607669564592363
zic008_a549,20260919,2,0,5,35,0.4964517517717576,0.7244304074645975
zic008_a549,20260919,2,1,5,35,0.651847422199643,0.8987222723637521
zic008_a549,20260919,2,2,5,35,0.45036202390252317,0.6833735071321252
zic008_a549,20260919,2,3,5,35,0.5747848417424385,0.8066123612654887
zic008_a549,20260919,2,4,5,35,0.5340563822074677,0.7071216696223247
zic008_a549,20260919,2,5,5,35,0.3082614519786161,0.4364761495043321
zic008_a549,20260919,2,6,5,35,0.5580401763035585,0.7748319611161749
zic008_a549,20260919,2,7,5,35,0.49258700851520903,0.7425866085025802
zic008_a549,20260919,2,8,5,35,0.6459481708082245,0.8907848156877225
zic008_a549,20260919,2,9,5,35,0.5169263490910653,0.7487835161639588
zic008_a549,20260919,3,0,5,35,0.6265132226527593,0.8407434666987434
zic008_a549,20260919,3,1,5,35,0.4674817712767673,0.6167552826777271
zic008_a549,20260919,3,2,5,35,0.6073282716745432,0.8150646762099296
zic008_a549,20260919,3,3,5,35,0.6093003378456591,0.8393822213304917
zic008_a549,20260919,3,4,5,35,0.669724392514014,0.9049285558556234
zic008_a549,20260919,3,5,5,35,0.5905952242103668,0.7974826121401567
zic008_a549,20260919,3,6,5,35,0.48264349397530026,0.640321777403824
zic008_a549,20260919,3,7,5,35,0.6771766949721557,0.8763797894931319
zic008_a549,20260919,3,8,5,35,0.5064375160623598,0.7199704594378072
zic008_a549,20260919,3,9,5,35,0.6380605143983304,0.8848291187536284
zic008_a549,20260919,4,0,5,35,0.5673472643246257,0.7607291968920932
zic008_a549,20260919,4,1,5,35,0.7000738888490531,0.8876158467648297
zic008_a549,20260919,4,2,5,35,0.5766412492448213,0.7543443672203205
zic008_a549,20260919,4,3,5,35,0.6816665943276493,0.8957093871903351
zic008_a549,20260919,4,4,5,35,0.6337194720522205,0.8103946245814303
zic008_a549,20260919,5,0,5,35,0.6865251527840367,0.843091269013244
zic008_a549,20260920,1,0,5,35,0.3016327196213648,0.4780294979108605
zic008_a549,20260920,1,1,5,35,0.4216549811880906,0.7049402557747394
zic008_a549,20260920,1,2,5,35,0.4781904547311758,0.6585318096548348
zic008_a549,20260920,1,3,5,35,0.18059211136662942,0.3346270264490474
zic008_a549,20260920,1,4,5,35,0.4647873526445379,0.7197340165153698
zic008_a549,20260920,2,0,5,35,0.4960275395106347,0.7003779465952784
zic008_a549,20260920,2,1,5,35,0.5085441785667868,0.6652203732122657
zic008_a549,20260920,2,2,5,35,0.28300359796962243,0.44429542197090427
zic008_a549,20260920,2,3,5,35,0.48202066631377677,0.6946411511976205
zic008_a549,20260920,2,4,5,35,0.5693162557513579,0.8304371838081652
zic008_a549,20260920,2,5,5,35,0.44365968500068415,0.671450038921622
zic008_a549,20260920,2,6,5,35,0.5738844507132072,0.8314802049701987
zic008_a549,20260920,2,7,5,35,0.44092452873969623,0.6747375897195658
zic008_a549,20260920,2,8,5,35,0.5615096527616231,0.7272631288482523
zic008_a549,20260920,2,9,5,35,0.4147224716054385,0.6608671439605293
zic008_a549,20260920,3,0,5,35,0.5895019643170897,0.8185584789782743
zic008_a549,20260920,3,1,5,35,0.43826578348708733,0.6648407087042995
zic008_a549,20260920,3,2,5,35,0.5948217420901446,0.7926744522431752
zic008_a549,20260920,3,3,5,35,0.4489627514844571,0.6314694435285096
zic008_a549,20260920,3,4,5,35,0.5799837615040473,0.7514628147128904
zic008_a549,20260920,3,5,5,35,0.42881901951291734,0.6064884714347117
zic008_a549,20260920,3,6,5,35,0.5653171297127394,0.7893256162264893
zic008_a549,20260920,3,7,5,35,0.6221627376878757,0.8302943177661125
zic008_a549,20260920,3,8,5,35,0.5533551272244748,0.7614470340138051
zic008_a549,20260920,3,9,5,35,0.5370140942886698,0.7465406666627186
zic008_a549,20260920,4,0,5,35,0.556573943181587,0.7497238385783059
zic008_a549,20260920,4,1,5,35,0.6474452809400515,0.8192119497613299
zic008_a549,20260920,4,2,5,35,0.5389006920178652,0.704185130417388
zic008_a549,20260920,4,3,5,35,0.5299708764302403,0.7028738954038755
zic008_a549,20260920,4,4,5,35,0.6191326748035868,0.8153237152251113
zic008_a549,20260920,5,0,5,35,0.6044236769047292,0.778399357964468
zic008_a549,20260921,1,0,5,35,0.3851877507908374,0.6327280641854152
zic008_a549,20260921,1,1,5,35,0.3755117178193104,0.6582355640989416
zic008_a549,20260921,1,2,5,35,0.4813159272787305,0.725062545207077
zic008_a549,20260921,1,3,5,35,0.42168743711193307,0.699003302159157
zic008_a549,20260921,1,4,5,35,0.4725415273665088,0.6879382466544841
zic008_a549,20260921,2,0,5,35,0.5011187331583195,0.752709797578362
zic008_a549,20260921,2,1,5,35,0.5280849977060129,0.7128438858143689
zic008_a549,20260921,2,2,5,35,0.5140922545387042,0.7863749230605621
zic008_a549,20260921,2,3,5,35,0.5491011584779542,0.7746312071910444
zic008_a549,20260921,2,4,5,35,0.5583717409645225,0.8125113481856331
zic008_a549,20260921,2,5,5,35,0.4690638924797358,0.6971197306487336
zic008_a549,20260921,2,6,5,35,0.48804979458374376,0.6563602509520926
zic008_a549,20260921,2,7,5,35,0.5455910910089787,0.829067582060326
zic008_a549,20260921,2,8,5,35,0.6294782251617952,0.8419536324202315
zic008_a549,20260921,2,9,5,35,0.5268322061940596,0.742667117871218
zic008_a549,20260921,3,0,5,35,0.5932492689845967,0.8128101027391698
zic008_a549,20260921,3,1,5,35,0.5432333386171135,0.7921069999822977
zic008_a549,20260921,3,2,5,35,0.5847028941830631,0.7502042868886168
zic008_a549,20260921,3,3,5,35,0.5810280127039474,0.811576373553464
zic008_a549,20260921,3,4,5,35,0.602889782800954,0.8253011389082756
zic008_a549,20260921,3,5,5,35,0.6130975140517227,0.766261630630067
zic008_a549,20260921,3,6,5,35,0.574232921977628,0.8214892765845463
zic008_a549,20260921,3,7,5,35,0.5994865543668999,0.7739190195276006
zic008_a549,20260921,3,8,5,35,0.5259641602806059,0.6829030827092909
zic008_a549,20260921,3,9,5,35,0.6427646623061436,0.8488273915902348
zic008_a549,20260921,4,0,5,35,0.6154286044548054,0.8210999818056347
zic008_a549,20260921,4,1,5,35,0.6234676860096784,0.8249129627523848
zic008_a549,20260921,4,2,5,35,0.5760142424827255,0.7589806326230014
zic008_a549,20260921,4,3,5,35,0.6279526182453707,0.8217306681351656
zic008_a549,20260921,4,4,5,35,0.5956012714654402,0.7940326122659483
zic008_a549,20260921,5,0,5,35,0.6334223217690221,0.8113449936250835
zic008_a549,20260922,1,0,5,35,0.5460902784961019,0.7616531913806832
zic008_a549,20260922,1,1,5,35,0.45768367133409454,0.6551010420468041
zic008_a549,20260922,1,2,5,35,0.42975500373737235,0.6971845642874119
zic008_a549,20260922,1,3,5,35,0.43925345211653455,0.6927830480034755
zic008_a549,20260922,1,4,5,35,0.35015372866539285,0.514428377427994
zic008_a549,20260922,2,0,5,35,0.61824799753329,0.7982915168829102
zic008_a549,20260922,2,1,5,35,0.5339424356408449,0.7265957949755821
zic008_a549,20260922,2,2,5,35,0.6005674930227699,0.8428929418787036
zic008_a549,20260922,2,3,5,35,0.6044028188445058,0.8290630108958711
zic008_a549,20260922,2,4,5,35,0.558683874913186,0.8010254008637935
zic008_a549,20260922,2,5,5,35,0.5307157465480989,0.7035366300515724
zic008_a549,20260922,2,6,5,35,0.5358409232699443,0.800510480095948
zic008_a549,20260922,2,7,5,35,0.5585862362916392,0.815637247528461
zic008_a549,20260922,2,8,5,35,0.5679806071574852,0.7941085399270157
zic008_a549,20260922,2,9,5,35,0.5288711598898089,0.7673185644969184
zic008_a549,20260922,3,0,5,35,0.6186219512450267,0.7890377402395395
zic008_a549,20260922,3,1,5,35,0.6415301619383676,0.8292832672148766
zic008_a549,20260922,3,2,5,35,0.662959800757982,0.8815710325758055
zic008_a549,20260922,3,3,5,35,0.6106194921174563,0.8072477605560232
zic008_a549,20260922,3,4,5,35,0.6157538545676707,0.8325823984413083
zic008_a549,20260922,3,5,5,35,0.6679166912085819,0.8878190214289196
zic008_a549,20260922,3,6,5,35,0.6132326918638141,0.8183326029251876
zic008_a549,20260922,3,7,5,35,0.6144076929838714,0.8583896477937906
zic008_a549,20260922,3,8,5,35,0.5980057337897521,0.8127102344919823
zic008_a549,20260922,3,9,5,35,0.6328846475971347,0.8630068425438012
zic008_a549,20260922,4,0,5,35,0.639557094696399,0.8432058970923892
zic008_a549,20260922,4,1,5,35,0.6654754766232828,0.8565879563862403
zic008_a549,20260922,4,2,5,35,0.6806476211597386,0.8999643547406492
zic008_a549,20260922,4,3,5,35,0.6718616794380303,0.8641202905611802
zic008_a549,20260922,4,4,5,35,0.6657062528266242,0.8654491370230734
zic008_a549,20260922,5,0,5,35,0.6902635147601885,0.8754562444037167
zic008_a549,20260923,1,0,5,35,0.4171604886510781,0.7217064080078777
zic008_a549,20260923,1,1,5,35,0.5655170618060957,0.8299123060507488
zic008_a549,20260923,1,2,5,35,0.4739860868656627,0.7204516793273036
zic008_a549,20260923,1,3,5,35,0.4694377057324791,0.7677771263749515
zic008_a549,20260923,1,4,5,35,0.40801732636054155,0.6267813615707886
zic008_a549,20260923,2,0,5,35,0.5812747994049167,0.8470519967348145
zic008_a549,20260923,2,1,5,35,0.5455853379777807,0.8265109541436566
zic008_a549,20260923,2,2,5,35,0.5719727401493676,0.8627263817732562
zic008_a549,20260923,2,3,5,35,0.521078755593895,0.7903046178161757
zic008_a549,20260923,2,4,5,35,0.6532719830962781,0.8944698688499435
zic008_a549,20260923,2,5,5,35,0.6770778491675372,0.9070572126312068
zic008_a549,20260923,2,6,5,35,0.654718772990069,0.8630463627205941
zic008_a549,20260923,2,7,5,35,0.5616364802623647,0.8211971586552232
zic008_a549,20260923,2,8,5,35,0.5623938493698423,0.8333769879499363
zic008_a549,20260923,2,9,5,35,0.5414804700534747,0.8106792856834449
zic008_a549,20260923,3,0,5,35,0.6509391889393394,0.8895816437972447
zic008_a549,20260923,3,1,5,35,0.6794698382235693,0.892687766106261
zic008_a549,20260923,3,2,5,35,0.6600248037773521,0.8592377225258038
zic008_a549,20260923,3,3,5,35,0.6247449740164581,0.8655920502858861
zic008_a549,20260923,3,4,5,35,0.6322137258304268,0.8684081271675314
zic008_a549,20260923,3,5,5,35,0.6245868446502361,0.8716396790596466
zic008_a549,20260923,3,6,5,35,0.6950278435667225,0.9084279291778596
zic008_a549,20260923,3,7,5,35,0.7104374356380242,0.9231152991608605
zic008_a549,20260923,3,8,5,35,0.7199514419097114,0.9049764700555051
zic008_a549,20260923,3,9,5,35,0.6016549053868133,0.8759933046157407
zic008_a549,20260923,4,0,5,35,0.7045744536812996,0.8976583403231382
zic008_a549,20260923,4,1,5,35,0.7007520438379561,0.9096016885697636
zic008_a549,20260923,4,2,5,35,0.7115549246604326,0.9098058245707902
zic008_a549,20260923,4,3,5,35,0.6805089515460309,0.8954586349515251
zic008_a549,20260923,4,4,5,35,0.7339801652941056,0.9255876447448318
zic008_a549,20260923,5,0,5,35,0.7279313383540492,0.9231465173141633
zic008_a549,20260924,1,0,5,35,0.39665311854522833,0.5994839771993276
zic008_a549,20260924,1,1,5,35,0.4329912930242039,0.6879887456345155
zic008_a549,20260924,1,2,5,35,0.5705186178702827,0.8756363368127875
zic008_a549,20260924,1,3,5,35,0.4175142307341317,0.6176328909010147
zic008_a549,20260924,1,4,5,35,0.3254202182143819,0.5061653097764603
zic008_a549,20260924,2,0,5,35,0.5206084419520738,0.7742542694060679
zic008_a549,20260924,2,1,5,35,0.6597409162290991,0.8968979801162695
zic008_a549,20260924,2,2,5,35,0.5203508204675799,0.813696815387165
zic008_a549,20260924,2,3,5,35,0.4523051983473332,0.6997181000464255
zic008_a549,20260924,2,4,5,35,0.6423251644177704,0.8940573322300702
zic008_a549,20260924,2,5,5,35,0.5077280470498268,0.7411027571473395
zic008_a549,20260924,2,6,5,35,0.4475150990787319,0.6734591439137672
zic008_a549,20260924,2,7,5,35,0.6532868917689768,0.8868172428683894
zic008_a549,20260924,2,8,5,35,0.6091893077326826,0.8580344607617543
zic008_a549,20260924,2,9,5,35,0.4700618242456992,0.7160542384610297
zic008_a549,20260924,3,0,5,35,0.6877905941903006,0.8982786596694613
zic008_a549,20260924,3,1,5,35,0.560876623396136,0.8280849717521975
zic008_a549,20260924,3,2,5,35,0.5185830406935076,0.759512652869829
zic008_a549,20260924,3,3,5,35,0.7024321729617451,0.913761615803451
zic008_a549,20260924,3,4,5,35,0.6693150303890216,0.8799751550748902
zic008_a549,20260924,3,5,5,35,0.5375688994165767,0.7944561678693348
zic008_a549,20260924,3,6,5,35,0.6404230258616243,0.86807667311177
zic008_a549,20260924,3,7,5,35,0.6227101924481475,0.8497790189151816
zic008_a549,20260924,3,8,5,35,0.516507194614842,0.7301797103473116
zic008_a549,20260924,3,9,5,35,0.6201394780726498,0.8683560460692066
zic008_a549,20260924,4,0,5,35,0.6985863100684128,0.901352308379986
zic008_a549,20260924,4,1,5,35,0.6758587926968103,0.8690381374479219
zic008_a549,20260924,4,2,5,35,0.5629553846673698,0.8010748834228383
zic008_a549,20260924,4,3,5,35,0.6818983540950058,0.8841430768188245
zic008_a549,20260924,4,4,5,35,0.6352745397774243,0.8582614095143691
zic008_a549,20260924,5,0,5,35,0.6680755723530956,0.8763371207275917
zic008_a549,20260925,1,0,5,35,0.5101962383243711,0.8065243753636961
zic008_a549,20260925,1,1,5,35,0.42397374741459176,0.6122334020151483
zic008_a549,20260925,1,2,5,35,0.4792890836634661,0.7443722669566603
zic008_a549,20260925,1,3,5,35,0.4450982159333879,0.7224316772684324
zic008_a549,20260925,1,4,5,35,0.38966684201516844,0.6241537055137004
zic008_a549,20260925,2,0,5,35,0.6373739246543425,0.8536103951112558
zic008_a549,20260925,2,1,5,35,0.6450998587332388,0.9139476314193835
zic008_a549,20260925,2,2,5,35,0.5671991573372049,0.8522736829680526
zic008_a549,20260925,2,3,5,35,0.5842016517085462,0.8736520446710371
zic008_a549,20260925,2,4,5,35,0.5458919067035546,0.7406874654220598
zic008_a549,20260925,2,5,5,35,0.5277680552831109,0.7874940536946466
zic008_a549,20260925,2,6,5,35,0.4984657026537435,0.7026897033723313
zic008_a549,20260925,2,7,5,35,0.5962744498580697,0.8590729112266979
zic008_a549,20260925,2,8,5,35,0.5274033789838053,0.7213673081000395
zic008_a549,20260925,2,9,5,35,0.5434315886441882,0.816391259414639
zic008_a549,20260925,3,0,5,35,0.7024343056585981,0.9193711065756063
zic008_a549,20260925,3,1,5,35,0.6563797562752798,0.8824710610476715
zic008_a549,20260925,3,2,5,35,0.6640214076394423,0.8953713254724008
zic008_a549,20260925,3,3,5,35,0.6634434405409463,0.9117535721168382
zic008_a549,20260925,3,4,5,35,0.6639734828004672,0.8927525275153803
zic008_a549,20260925,3,5,5,35,0.6290568941531518,0.8974148545790227
zic008_a549,20260925,3,6,5,35,0.6278374517836693,0.8559071320201094
zic008_a549,20260925,3,7,5,35,0.5657965456535251,0.7733490765164275
zic008_a549,20260925,3,8,5,35,0.6117558529680998,0.8362801031964145
zic008_a549,20260925,3,9,5,35,0.6039968710447842,0.8451201299775547
zic008_a549,20260925,4,0,5,35,0.7280006309329401,0.9093179811506183
zic008_a549,20260925,4,1,5,35,0.7121237014271025,0.9088652310477213
zic008_a549,20260925,4,2,5,35,0.6915446730156761,0.9166076264673648
zic008_a549,20260925,4,3,5,35,0.6951207860800964,0.9176217381203392
zic008_a549,20260925,4,4,5,35,0.6471782175528186,0.8577752842846664
zic008_a549,20260925,5,0,5,35,0.7302918137287726,0.928713770149394
zic008_a549,20260926,1,0,5,35,0.45787772521873354,0.6544738506670106
zic008_a549,20260926,1,1,5,35,0.40683756369292384,0.6651538829583642
zic008_a549,20260926,1,2,5,35,0.44068924069156523,0.7493645904071632
zic008_a549,20260926,1,3,5,35,0.49212707666441624,0.7964440765949475
zic008_a549,20260926,1,4,5,35,0.4942253219773217,0.6436165317963765
zic008_a549,20260926,2,0,5,35,0.5233657346732078,0.752137166370505
zic008_a549,20260926,2,1,5,35,0.5535810529412717,0.7993902834247192
zic008_a549,20260926,2,2,5,35,0.6387374897957374,0.8742870707656495
zic008_a549,20260926,2,3,5,35,0.6078220884609513,0.8135840944560949
zic008_a549,20260926,2,4,5,35,0.5578435369075795,0.8409495718888177
zic008_a549,20260926,2,5,5,35,0.5879941473891571,0.8902135096168138
zic008_a549,20260926,2,6,5,35,0.536864568677683,0.7314596897123078
zic008_a549,20260926,2,7,5,35,0.5689124100571632,0.8395263191704536
zic008_a549,20260926,2,8,5,35,0.5975860445917088,0.8333812655455072
zic008_a549,20260926,2,9,5,35,0.6262741915125043,0.8811660632782444
zic008_a549,20260926,3,0,5,35,0.6248911154893063,0.8630320878640537
zic008_a549,20260926,3,1,5,35,0.6623121549369347,0.9073067134031926
zic008_a549,20260926,3,2,5,35,0.6177273423396927,0.8152333864254462
zic008_a549,20260926,3,3,5,35,0.6514925157308644,0.8893834733703867
zic008_a549,20260926,3,4,5,35,0.6648520169230576,0.8745177378245479
zic008_a549,20260926,3,5,5,35,0.6997917196128173,0.9213571035304757
zic008_a549,20260926,3,6,5,35,0.627916496266347,0.9026354844542378
zic008_a549,20260926,3,7,5,35,0.6447975570190296,0.8707004857503494
zic008_a549,20260926,3,8,5,35,0.6614910177491798,0.895365931875401
zic008_a549,20260926,3,9,5,35,0.6489723557851059,0.8854338356765231
zic008_a549,20260926,4,0,5,35,0.6896634585500434,0.9229842404633274
zic008_a549,20260926,4,1,5,35,0.6917280583010676,0.9020085549224189
zic008_a549,20260926,4,2,5,35,0.7282483237649611,0.9270500877187758
zic008_a549,20260926,4,3,5,35,0.7163057715035658,0.9317842219736183
zic008_a549,20260926,4,4,5,35,0.6891716768393562,0.9201281265751273
zic008_a549,20260926,5,0,5,35,0.7241982959444339,0.942256344766772
zic008_a549,20260927,1,0,5,35,0.4262226491415343,0.5958740318532341
zic008_a549,20260927,1,1,5,35,0.42956950155246487,0.7424435102175819
zic008_a549,20260927,1,2,5,35,0.3320152164789626,0.5640224111500289
zic008_a549,20260927,1,3,5,35,0.45053529006618437,0.6932083034370604
zic008_a549,20260927,1,4,5,35,0.4772221093344475,0.8290944520550451
zic008_a549,20260927,2,0,5,35,0.5119886454200094,0.8208830660435743
zic008_a549,20260927,2,1,5,35,0.4749857888557354,0.6994153307892307
zic008_a549,20260927,2,2,5,35,0.5257138762976781,0.7302622820953557
zic008_a549,20260927,2,3,5,35,0.5515838206146456,0.8238410679231495
zic008_a549,20260927,2,4,5,35,0.5247024315828891,0.7960067374876237
zic008_a549,20260927,2,5,5,35,0.5711127686759375,0.8457627685788361
zic008_a549,20260927,2,6,5,35,0.5330842110455689,0.7987230387999534
zic008_a549,20260927,2,7,5,35,0.4681594590130834,0.6678510568191911
zic008_a549,20260927,2,8,5,35,0.542663768051686,0.7944473625846599
zic008_a549,20260927,2,9,5,35,0.5944162137268084,0.8462440323891678
zic008_a549,20260927,3,0,5,35,0.5707280318003602,0.8143557515336826
zic008_a549,20260927,3,1,5,35,0.6264312660351448,0.8518035254709665
zic008_a549,20260927,3,2,5,35,0.5825118038556154,0.8405885860022158
zic008_a549,20260927,3,3,5,35,0.5288059198481861,0.7502496800799081
zic008_a549,20260927,3,4,5,35,0.5661821901024868,0.8136802645491121
zic008_a549,20260927,3,5,5,35,0.6074180182838734,0.8504918031591854
zic008_a549,20260927,3,6,5,35,0.5823241870680441,0.8353097033635941
zic008_a549,20260927,3,7,5,35,0.5848064456172847,0.8306279317841232
zic008_a549,20260927,3,8,5,35,0.6320271659191767,0.8775346610487503
zic008_a549,20260927,3,9,5,35,0.5790867289749578,0.8215741205491508
zic008_a549,20260927,4,0,5,35,0.6124485091971857,0.8297105544230842
zic008_a549,20260927,4,1,5,35,0.6449180264589082,0.8440432658976953
zic008_a549,20260927,4,2,5,35,0.6655607399328249,0.8746269442380928
zic008_a549,20260927,4,3,5,35,0.6009076653956993,0.8099369014372632
zic008_a549,20260927,4,4,5,35,0.6412840330483672,0.8555506964205362
zic008_a549,20260927,5,0,5,35,0.652067170830528,0.8649565294146427
zic008_a549,20260928,1,0,5,35,0.310251350020313,0.4704399145801672
zic008_a549,20260928,1,1,5,35,0.613834364753313,0.8746886504287374
zic008_a549,20260928,1,2,5,35,0.3539478494246825,0.5377747909611428
zic008_a549,20260928,1,3,5,35,0.47022275566486066,0.701446604251447
zic008_a549,20260928,1,4,5,35,0.1890737651228587,0.3167027917475268
zic008_a549,20260928,2,0,5,35,0.6090191001833409,0.8042807655747436
zic008_a549,20260928,2,1,5,35,0.4098613350468276,0.6197023201219227
zic008_a549,20260928,2,2,5,35,0.49037393148655717,0.6882811799419211
zic008_a549,20260928,2,3,5,35,0.2847148923617921,0.45240989762175576
zic008_a549,20260928,2,4,5,35,0.6367492566609481,0.8923636640067674
zic008_a549,20260928,2,5,5,35,0.6891701074036798,0.9176206598604262
zic008_a549,20260928,2,6,5,35,0.5622266272355544,0.813741582625316
zic008_a549,20260928,2,7,5,35,0.4885864727494704,0.7072142841447513
zic008_a549,20260928,2,8,5,35,0.37104992164640455,0.5827932478807958
zic008_a549,20260928,2,9,5,35,0.4345547397299825,0.6790259350136776
zic008_a549,20260928,3,0,5,35,0.6411150269172041,0.8520588333032376
zic008_a549,20260928,3,1,5,35,0.6790433856353238,0.8585443791900683
zic008_a549,20260928,3,2,5,35,0.5258187173220827,0.74054719089634
zic008_a549,20260928,3,3,5,35,0.5056592879100726,0.7165604260235611
zic008_a549,20260928,3,4,5,35,0.3852163244010535,0.5823283259498165
zic008_a549,20260928,3,5,5,35,0.4384529687966338,0.6617893653358938
zic008_a549,20260928,3,6,5,35,0.6672680628398023,0.8865124723231738
zic008_a549,20260928,3,7,5,35,0.6224538941592307,0.846411185710018
zic008_a549,20260928,3,8,5,35,0.6601750029175886,0.8796169188092309
zic008_a549,20260928,3,9,5,35,0.4871823611244755,0.7007381296989483
zic008_a549,20260928,4,0,5,35,0.6729242078185338,0.8534785344135192
zic008_a549,20260928,4,1,5,35,0.580049801052969,0.7945002974905626
zic008_a549,20260928,4,2,5,35,0.5999022561305029,0.8170774689089271
zic008_a549,20260928,4,3,5,35,0.4905142069931369,0.6916867757468903
zic008_a549,20260928,4,4,5,35,0.6579970395937037,0.8575031892224995
zic008_a549,20260928,5,0,5,35,0.6319127975612072,0.8186518368524041
zic008_a549,20260929,1,0,5,35,0.42435431518376315,0.7335782801755781
zic008_a549,20260929,1,1,5,35,0.42713565363726025,0.6342951585995327
zic008_a549,20260929,1,2,5,35,0.5905813569280235,0.8365705743854367
zic008_a549,20260929,1,3,5,35,0.48200297534934244,0.6639333074931576
zic008_a549,20260929,1,4,5,35,0.401105334476448,0.6606106049338311
zic008_a549,20260929,2,0,5,35,0.5448776006739239,0.7967550497935144
zic008_a549,20260929,2,1,5,35,0.5918531988873063,0.8381240536782454
zic008_a549,20260929,2,2,5,35,0.5976984906512807,0.8369107821294555
zic008_a549,20260929,2,3,5,35,0.5490085007931773,0.8371747835625482
zic008_a549,20260929,2,4,5,35,0.6688616117508017,0.8757785327098377
zic008_a549,20260929,2,5,5,35,0.5902019012449815,0.7833618932298173
zic008_a549,20260929,2,6,5,35,0.5302337151435863,0.7535843029962545
zic008_a549,20260929,2,7,5,35,0.6681395424610144,0.8832361066920974
zic008_a549,20260929,2,8,5,35,0.6463562435433376,0.8859857124454587
zic008_a549,20260929,2,9,5,35,0.51745877867674,0.7222021577666508
zic008_a549,20260929,3,0,5,35,0.6569339917243138,0.8842284431400955
zic008_a549,20260929,3,1,5,35,0.650953612683153,0.8933807685516008
zic008_a549,20260929,3,2,5,35,0.6127647207477772,0.8400113463935913
zic008_a549,20260929,3,3,5,35,0.6658107011890919,0.8918979272426784
zic008_a549,20260929,3,4,5,35,0.6483061467316726,0.8970160846361377
zic008_a549,20260929,3,5,5,35,0.6285537457018872,0.8581916343017526
zic008_a549,20260929,3,6,5,35,0.7274074533034721,0.9257223019198764
zic008_a549,20260929,3,7,5,35,0.7056355442675173,0.9080429676795806
zic008_a549,20260929,3,8,5,35,0.589736002762174,0.8090267056535906
zic008_a549,20260929,3,9,5,35,0.6915625388988906,0.8988144408389183
zic008_a549,20260929,4,0,5,35,0.7274921192985007,0.9274006634427112
zic008_a549,20260929,4,1,5,35,0.6976619132185924,0.917777222174741
zic008_a549,20260929,4,2,5,35,0.6756038252955113,0.8959142023031623
zic008_a549,20260929,4,3,5,35,0.6971077546194062,0.9121777105315407
zic008_a549,20260929,4,4,5,35,0.7390681043221807,0.9234079104023778
zic008_a549,20260929,5,0,5,35,0.7294986431154334,0.9350206585106652
zic008_a549,20260930,1,0,5,35,0.4836278213598388,0.7067996626326589
zic008_a549,20260930,1,1,5,35,0.3092157303372655,0.4910348806763236
zic008_a549,20260930,1,2,5,35,0.5338146876664147,0.8301898600764782
zic008_a549,20260930,1,3,5,35,0.19740154862570622,0.31348634136534836
zic008_a549,20260930,1,4,5,35,0.5159196192777707,0.7575154612372097
zic008_a549,20260930,2,0,5,35,0.5123102625633623,0.7490337640820783
zic008_a549,20260930,2,1,5,35,0.6507210827549945,0.8966999707692739
zic008_a549,20260930,2,2,5,35,0.4778950824037207,0.6888011883478334
zic008_a549,20260930,2,3,5,35,0.5858266255820519,0.8101369770661747
zic008_a549,20260930,2,4,5,35,0.5844324160907021,0.8303032146713449
zic008_a549,20260930,2,5,5,35,0.3096832146488172,0.4339835909511347
zic008_a549,20260930,2,6,5,35,0.5141546682303128,0.7461188745931241
zic008_a549,20260930,2,7,5,35,0.5477253734332349,0.8010813547095162
zic008_a549,20260930,2,8,5,35,0.6379940090463484,0.9291161458359835
zic008_a549,20260930,2,9,5,35,0.4727285496193519,0.7067642122174371
zic008_a549,20260930,3,0,5,35,0.6699105089115619,0.8855853794198881
zic008_a549,20260930,3,1,5,35,0.4557561826121975,0.6707802486782685
zic008_a549,20260930,3,2,5,35,0.6007658008531537,0.8194349443960028
zic008_a549,20260930,3,3,5,35,0.6371274303311909,0.8741920927485287
zic008_a549,20260930,3,4,5,35,0.6817343506562765,0.9099065558910399
zic008_a549,20260930,3,5,5,35,0.5608529112601497,0.8033459729884376
zic008_a549,20260930,3,6,5,35,0.5438626624724837,0.7520787911693233
zic008_a549,20260930,3,7,5,35,0.6712541790285826,0.8926920321776496
zic008_a549,20260930,3,8,5,35,0.46671071198996955,0.643004227460172
zic008_a549,20260930,3,9,5,35,0.6498390061601129,0.9041751784880488
zic008_a549,20260930,4,0,5,35,0.6360594729493072,0.8453134576432101
zic008_a549,20260930,4,1,5,35,0.7026397246751762,0.9046231650168384
zic008_a549,20260930,4,2,5,35,0.5650598412307806,0.7881576107445035
zic008_a549,20260930,4,3,5,35,0.6909867122935834,0.893529049974965
zic008_a549,20260930,4,4,5,35,0.6337230525024428,0.8504438418538152
zic008_a549,20260930,5,0,5,35,0.6849916282396818,0.8849985069017801
zic008_a549,20260931,1,0,5,35,0.47022275566486066,0.701446604251447
zic008_a549,20260931,1,1,5,35,0.310251350020313,0.4704399145801672
zic008_a549,20260931,1,2,5,35,0.3539478494246825,0.5377747909611428
zic008_a549,20260931,1,3,5,35,0.1890737651228587,0.3167027917475269
zic008_a549,20260931,1,4,5,35,0.613834364753313,0.8746886504287374
zic008_a549,20260931,2,0,5,35,0.49037393148655717,0.688281179941921
zic008_a549,20260931,2,1,5,35,0.4885864727494704,0.7072142841447514
zic008_a549,20260931,2,2,5,35,0.43455473972998243,0.6790259350136776
zic008_a549,20260931,2,3,5,35,0.6891701074036798,0.9176206598604262
zic008_a549,20260931,2,4,5,35,0.4098613350468276,0.6197023201219228
zic008_a549,20260931,2,5,5,35,0.2847148923617921,0.45240989762175576
zic008_a549,20260931,2,6,5,35,0.6090191001833409,0.8042807655747436
zic008_a549,20260931,2,7,5,35,0.37104992164640455,0.5827932478807958
zic008_a549,20260931,2,8,5,35,0.6367492566609481,0.8923636640067674
zic008_a549,20260931,2,9,5,35,0.5622266272355544,0.813741582625316
zic008_a549,20260931,3,0,5,35,0.5056592879100726,0.7165604260235612
zic008_a549,20260931,3,1,5,35,0.4384529687966338,0.6617893653358938
zic008_a549,20260931,3,2,5,35,0.6790433856353238,0.8585443791900683
zic008_a549,20260931,3,3,5,35,0.4871823611244755,0.7007381296989483
zic008_a549,20260931,3,4,5,35,0.6672680628398023,0.8865124723231735
zic008_a549,20260931,3,5,5,35,0.6601750029175886,0.8796169188092311
zic008_a549,20260931,3,6,5,35,0.3852163244010535,0.5823283259498168
zic008_a549,20260931,3,7,5,35,0.6411150269172041,0.8520588333032377
zic008_a549,20260931,3,8,5,35,0.5258187173220827,0.7405471908963398
zic008_a549,20260931,3,9,5,35,0.6224538941592307,0.8464111857100182
zic008_a549,20260931,4,0,5,35,0.4905142069931369,0.6916867757468902
zic008_a549,20260931,4,1,5,35,0.6729242078185338,0.8534785344135193
zic008_a549,20260931,4,2,5,35,0.5999022561305029,0.8170774689089271
zic008_a549,20260931,4,3,5,35,0.6579970395937036,0.8575031892224996
zic008_a549,20260931,4,4,5,35,0.580049801052969,0.7945002974905626
zic008_a549,20260931,5,0,5,35,0.6319127975612072,0.8186518368524038
zic008_a549,20260932,1,0,5,35,0.40287024427263,0.6860742129372011
zic008_a549,20260932,1,1,5,35,0.19405111221205587,0.288441586787817
zic008_a549,20260932,1,2,5,35,0.5323008999968284,0.7782808168235305
zic008_a549,20260932,1,3,5,35,0.3098830125320572,0.4940601316373948
zic008_a549,20260932,1,4,5,35,0.4896379690761602,0.7638030183174085
zic008_a549,20260932,2,0,5,35,0.4604107770168079,0.6603466042883664
zic008_a549,20260932,2,1,5,35,0.5753390699419485,0.8553395373933668
zic008_a549,20260932,2,2,5,35,0.48873464198884825,0.7005200226519286
zic008_a549,20260932,2,3,5,35,0.5548535215663999,0.8157704887575635
zic008_a549,20260932,2,4,5,35,0.5089735098164606,0.6935745093150466
zic008_a549,20260932,2,5,5,35,0.2925402525009894,0.43672397018560855
zic008_a549,20260932,2,6,5,35,0.5218844750932132,0.7562343549681919
zic008_a549,20260932,2,7,5,35,0.5571444915972001,0.7682110553844979
zic008_a549,20260932,2,8,5,35,0.6689527822833375,0.8963488901387956
zic008_a549,20260932,2,9,5,35,0.5891105738659081,0.775146641046521
zic008_a549,20260932,3,0,5,35,0.5956630039816478,0.8156853711083514
zic008_a549,20260932,3,1,5,35,0.47188408049505964,0.6661376906475076
zic008_a549,20260932,3,2,5,35,0.5967838436915242,0.7889231680094223
zic008_a549,20260932,3,3,5,35,0.6192627002991595,0.8329544864854556
zic008_a549,20260932,3,4,5,35,0.6445381821581992,0.8899456325227953
zic008_a549,20260932,3,5,5,35,0.6144581613334806,0.8201450014832248
zic008_a549,20260932,3,6,5,35,0.4755244794442494,0.6386083221680124
zic008_a549,20260932,3,7,5,35,0.635922763930924,0.8457940869365095
zic008_a549,20260932,3,8,5,35,0.5129778028126989,0.7037073855347731
zic008_a549,20260932,3,9,5,35,0.6753983093749765,0.8853186453491241
zic008_a549,20260932,4,0,5,35,0.5910138431298788,0.7826501615938972
zic008_a549,20260932,4,1,5,35,0.6488557792482076,0.8497450827144175
zic008_a549,20260932,4,2,5,35,0.5867570882840699,0.7728568646740079
zic008_a549,20260932,4,3,5,35,0.6627005811192241,0.8827035149252188
zic008_a549,20260932,4,4,5,35,0.6425905511429443,0.813297011380326
zic008_a549,20260932,5,0,5,35,0.6726092142037424,0.8293965859500907
zic008_a549,20260933,1,0,5,35,0.46788121777029296,0.6910396315882302
zic008_a549,20260933,1,1,5,35,0.2915379499234533,0.43810867656425256
zic008_a549,20260933,1,2,5,35,0.5192533604062832,0.8538709693316547
zic008_a549,20260933,1,3,5,35,0.43521903275122825,0.6942153958759861
zic008_a549,20260933,1,4,5,35,0.4878362377264065,0.6436885441455664
zic008_a549,20260933,2,0,5,35,0.5097035320648171,0.7309371169904012
zic008_a549,20260933,2,1,5,35,0.6152721157460938,0.8825228522797597
zic008_a549,20260933,2,2,5,35,0.5576956018881171,0.8229615774844826
zic008_a549,20260933,2,3,5,35,0.5470481627673152,0.7397840326212108
zic008_a549,20260933,2,4,5,35,0.5315596838522965,0.7678052054619156
zic008_a549,20260933,2,5,5,35,0.4896551906505297,0.7311970366604924
zic008_a549,20260933,2,6,5,35,0.5143780512274173,0.7660457681161735
zic008_a549,20260933,2,7,5,35,0.5679006911985027,0.8338222575761649
zic008_a549,20260933,2,8,5,35,0.6452165939026299,0.880063465337294
zic008_a549,20260933,2,9,5,35,0.568965281249589,0.8187604428952977
zic008_a549,20260933,3,0,5,35,0.6615577888620714,0.8790454747177743
zic008_a549,20260933,3,1,5,35,0.6148623202651131,0.8372783660826777
zic008_a549,20260933,3,2,5,35,0.5860415513936545,0.8003169865213577
zic008_a549,20260933,3,3,5,35,0.6309922616524947,0.8899452594647119
zic008_a549,20260933,3,4,5,35,0.6654078865408557,0.8648755269210013
zic008_a549,20260933,3,5,5,35,0.6162175995739616,0.8445434499123727
zic008_a549,20260933,3,6,5,35,0.5992655487128864,0.8185154175583826
zic008_a549,20260933,3,7,5,35,0.6550657848969266,0.8939006573286863
zic008_a549,20260933,3,8,5,35,0.5985391681616766,0.8255370292802668
zic008_a549,20260933,3,9,5,35,0.6539885020211575,0.8860659607531793
zic008_a549,20260933,4,0,5,35,0.6940601239979797,0.8895341285385534
zic008_a549,20260933,4,1,5,35,0.6906455440417981,0.8976189826684652
zic008_a549,20260933,4,2,5,35,0.6859091434976631,0.8699725156142045
zic008_a549,20260933,4,3,5,35,0.6804328452113777,0.8931183916974866
zic008_a549,20260933,4,4,5,35,0.6688330265283366,0.8926436282136184
zic008_a549,20260933,5,0,5,35,0.716334412355814,0.9198770841288672
zic008_a549,20260934,1,0,5,35,0.35367476443277995,0.6216281965008515
zic008_a549,20260934,1,1,5,35,0.38506660100435336,0.6580812927692928
zic008_a549,20260934,1,2,5,35,0.49509795546732144,0.7757692277746374
zic008_a549,20260934,1,3,5,35,0.4712392397530558,0.6972428962789593
zic008_a549,20260934,1,4,5,35,0.46760633873503926,0.6690971380880849
zic008_a549,20260934,2,0,5,35,0.43688202523776604,0.690206085824564
zic008_a549,20260934,2,1,5,35,0.5292122023205287,0.8112826340010806
zic008_a549,20260934,2,2,5,35,0.488209428508764,0.7682067929565238
zic008_a549,20260934,2,3,5,35,0.46072723855168213,0.6789244706089196
zic008_a549,20260934,2,4,5,35,0.5149860430112465,0.8143981234653768
zic008_a549,20260934,2,5,5,35,0.5126947989665969,0.7722626390160731
zic008_a549,20260934,2,6,5,35,0.495310834650576,0.7125006259959041
zic008_a549,20260934,2,7,5,35,0.5733197420127719,0.8150083486403521
zic008_a549,20260934,2,8,5,35,0.5774402592049668,0.7966889143344076
zic008_a549,20260934,2,9,5,35,0.5643388436803364,0.7484271772872657
zic008_a549,20260934,3,0,5,35,0.5597950102503813,0.7903298779298089
zic008_a549,20260934,3,1,5,35,0.5265278478212768,0.7677861724429137
zic008_a549,20260934,3,2,5,35,0.48405818042599436,0.7045623594025265
zic008_a549,20260934,3,3,5,35,0.5854523276239962,0.834233266766287
zic008_a549,20260934,3,4,5,35,0.5853866022735771,0.75945890029384
zic008_a549,20260934,3,5,5,35,0.5283779918995454,0.7386444582631462
zic008_a549,20260934,3,6,5,35,0.5761404990745023,0.8312826928151215
zic008_a549,20260934,3,7,5,35,0.5858250791229127,0.7915924989962589
zic008_a549,20260934,3,8,5,35,0.5571238001909385,0.7686744054880844
zic008_a549,20260934,3,9,5,35,0.6215455853937866,0.8219279613943682
zic008_a549,20260934,4,0,5,35,0.5877245247354711,0.8275222485384256
zic008_a549,20260934,4,1,5,35,0.5791391092028215,0.7669609342897542
zic008_a549,20260934,4,2,5,35,0.5590088357293199,0.7633017838965841
zic008_a549,20260934,4,3,5,35,0.6032202972322457,0.7982623352408851
zic008_a549,20260934,4,4,5,35,0.6083070311668928,0.8218281748049939
zic008_a549,20260934,5,0,5,35,0.6106989334820864,0.8107347868445113
zic008_aec7,20260915,1,0,8,35,0.39572070038763446,0.8064585864441165
zic008_aec7,20260915,1,1,8,35,0.4126278874859677,0.740627941021235
zic008_aec7,20260915,1,2,8,35,0.40210639117547636,0.8148112517368434
zic008_aec7,20260915,1,3,8,35,0.48952845758391733,0.813339068269987
zic008_aec7,20260915,1,4,8,35,0.4421286791887826,0.7429368421741657
zic008_aec7,20260915,1,5,8,35,0.3892776593701491,0.7410270987755838
zic008_aec7,20260915,1,6,8,35,0.3063998343302385,0.6835977472136617
zic008_aec7,20260915,1,7,8,35,0.4340493609173048,0.8059857435266902
zic008_aec7,20260915,2,0,8,35,0.5006367388215776,0.8091897973257242
zic008_aec7,20260915,2,1,8,35,0.48019942374263014,0.8364570976649902
zic008_aec7,20260915,2,2,8,35,0.5450309753835747,0.8720716785548841
zic008_aec7,20260915,2,3,8,35,0.5262726841329003,0.8403633985192811
zic008_aec7,20260915,2,4,8,35,0.4839378101914115,0.8250508464016711
zic008_aec7,20260915,2,5,8,35,0.43101811085635117,0.7649664536299813
zic008_aec7,20260915,2,6,8,35,0.5467630813627394,0.8843448312693895
zic008_aec7,20260915,2,7,8,35,0.5070799793710691,0.8331727667866039
zic008_aec7,20260915,2,8,8,35,0.5357868735962137,0.857217258563475
zic008_aec7,20260915,2,9,8,35,0.5146606424451045,0.8500092952672964
zic008_aec7,20260915,2,10,8,35,0.49698777254456344,0.8155425752999584
zic008_aec7,20260915,2,11,8,35,0.4263223274669098,0.7931279071677868
zic008_aec7,20260915,2,12,8,35,0.5263234770256878,0.8705717121691514
zic008_aec7,20260915,2,13,8,35,0.5476320932670912,0.857118134803826
zic008_aec7,20260915,2,14,8,35,0.5251070440278881,0.8641192414800316
zic008_aec7,20260915,2,15,8,35,0.47521510316568244,0.81439496174092
zic008_aec7,20260915,2,16,8,35,0.4292578296217359,0.8050824465713842
zic008_aec7,20260915,2,17,8,35,0.5538733737044467,0.8743915504290007
zic008_aec7,20260915,2,18,8,35,0.5742203702892043,0.8955715652500326
zic008_aec7,20260915,2,19,8,35,0.5087777818074652,0.8534214445848817
zic008_aec7,20260915,2,20,8,35,0.4520034615508651,0.8236878596799083
zic008_aec7,20260915,2,21,8,35,0.5411162534980644,0.8331638695275374
zic008_aec7,20260915,2,22,8,35,0.5097776414595325,0.8384710203926561
zic008_aec7,20260915,2,23,8,35,0.4492479921258836,0.8212611033356592
zic008_aec7,20260915,2,24,8,35,0.56614557395369,0.9060925934542181
zic008_aec7,20260915,2,25,8,35,0.44359835231796324,0.7314763342312687
zic008_aec7,20260915,2,26,8,35,0.5366799281564568,0.8613524913386674
zic008_aec7,20260915,2,27,8,35,0.44829961321423073,0.8295797187113464
zic008_aec7,20260915,3,0,8,35,0.5465527533548992,0.8675822073753802
zic008_aec7,20260915,3,1,8,35,0.5833005475591998,0.8622406179641823
zic008_aec7,20260915,3,2,8,35,0.5631167111912625,0.8599874215415677
zic008_aec7,20260915,3,3,8,35,0.5395050759724968,0.843021466441202
zic008_aec7,20260915,3,4,8,35,0.5120412483982666,0.8237957111018644
zic008_aec7,20260915,3,5,8,35,0.5793429493268919,0.8789007195322971
zic008_aec7,20260915,3,6,8,35,0.5711935992207015,0.8700705667821501
zic008_aec7,20260915,3,7,8,35,0.5670382572182663,0.899804605808769
zic008_aec7,20260915,3,8,8,35,0.5314449802199173,0.8391926474293486
zic008_aec7,20260915,3,9,8,35,0.48575398967253713,0.8078102683538748
zic008_aec7,20260915,3,10,8,35,0.5971885973862326,0.8892379888795429
zic008_aec7,20260915,3,11,8,35,0.5944555134857628,0.9073829989899326
zic008_aec7,20260915,3,12,8,35,0.5534904180129144,0.8511368466915771
zic008_aec7,20260915,3,13,8,35,0.49155130191869995,0.8502552900941538
zic008_aec7,20260915,3,14,8,35,0.6132532981333138,0.8849773394842987
zic008_aec7,20260915,3,15,8,35,0.5522972015816021,0.8564302034243029
zic008_aec7,20260915,3,16,8,35,0.5366067859193546,0.8521430440122356
zic008_aec7,20260915,3,17,8,35,0.5927428241311359,0.9099961943140503
zic008_aec7,20260915,3,18,8,35,0.5041934981163129,0.7868789631106786
zic008_aec7,20260915,3,19,8,35,0.5676707605143209,0.8762272767378441
zic008_aec7,20260915,3,20,8,35,0.5007306454778885,0.8542785725189204
zic008_aec7,20260915,3,21,8,35,0.5905989908215474,0.8834577447506234
zic008_aec7,20260915,3,22,8,35,0.5729748882657452,0.8782977381734844
zic008_aec7,20260915,3,23,8,35,0.561462487708326,0.8674856184935619
zic008_aec7,20260915,3,24,8,35,0.5159916833166412,0.8358892129908485
zic008_aec7,20260915,3,25,8,35,0.5863049815862026,0.8957674324936683
zic008_aec7,20260915,3,26,8,35,0.6021688911273033,0.8609926589083846
zic008_aec7,20260915,3,27,8,35,0.5637746155243262,0.8781395483172103
zic008_aec7,20260915,3,28,8,35,0.5259488005790539,0.854583557356597
zic008_aec7,20260915,3,29,8,35,0.5943249341366743,0.8787948426531785
zic008_aec7,20260915,3,30,8,35,0.5535369027625574,0.8745189560015041
zic008_aec7,20260915,3,31,8,35,0.5140116420039925,0.8525601668625752
zic008_aec7,20260915,3,32,8,35,0.5954592885276464,0.8816621416522605
zic008_aec7,20260915,3,33,8,35,0.5101387747578109,0.8120582793569092
zic008_aec7,20260915,3,34,8,35,0.5758326797235103,0.8726281839842175
zic008_aec7,20260915,3,35,8,35,0.5181396791020985,0.8656707418196182
zic008_aec7,20260915,3,36,8,35,0.6034875991298755,0.9055598083701494
zic008_aec7,20260915,3,37,8,35,0.5546176992399167,0.8596181094849095
zic008_aec7,20260915,3,38,8,35,0.5244548591181981,0.8461558890471284
zic008_aec7,20260915,3,39,8,35,0.6163714111591114,0.8638918962107849
zic008_aec7,20260915,3,40,8,35,0.5489566582496376,0.8748236958967925
zic008_aec7,20260915,3,41,8,35,0.5264169717936563,0.8616110531695667
zic008_aec7,20260915,3,42,8,35,0.6005149394158388,0.9051708657469618
zic008_aec7,20260915,3,43,8,35,0.5054527348830098,0.7993679810846671
zic008_aec7,20260915,3,44,8,35,0.589902639494832,0.8820903802099878
zic008_aec7,20260915,3,45,8,35,0.5200441074863171,0.8586126197495565
zic008_aec7,20260915,3,46,8,35,0.6054236471486296,0.8772008881809855
zic008_aec7,20260915,3,47,8,35,0.5549240961983483,0.8991734426290213
zic008_aec7,20260915,3,48,8,35,0.6167016332489611,0.9071000441826369
zic008_aec7,20260915,3,49,8,35,0.5304398625610893,0.8260397092094603
zic008_aec7,20260915,3,50,8,35,0.5738527431215663,0.8841465915363991
zic008_aec7,20260915,3,51,8,35,0.5501244939203054,0.855314363219961
zic008_aec7,20260915,3,52,8,35,0.5200396788673006,0.8285166982298896
zic008_aec7,20260915,3,53,8,35,0.6000382004113185,0.8884109439353038
zic008_aec7,20260915,3,54,8,35,0.5443135379513258,0.8979899397163847
zic008_aec7,20260915,3,55,8,35,0.5235175802700139,0.8265885303809566
zic008_aec7,20260915,4,0,8,35,0.6007728767637365,0.8814119256733259
zic008_aec7,20260915,4,1,8,35,0.6014940423838823,0.8910539603769858
zic008_aec7,20260915,4,2,8,35,0.5825326370660643,0.8612182976837294
zic008_aec7,20260915,4,3,8,35,0.5431183588429525,0.8436645402359598
zic008_aec7,20260915,4,4,8,35,0.6181439784479174,0.8843204863069973
zic008_aec7,20260915,4,5,8,35,0.6257705077570317,0.8989553258611184
zic008_aec7,20260915,4,6,8,35,0.5832521958297351,0.8700045499278675
zic008_aec7,20260915,4,7,8,35,0.5493668905946368,0.8657947899574189
zic008_aec7,20260915,4,8,8,35,0.6360425518418243,0.8998871547186502
zic008_aec7,20260915,4,9,8,35,0.5761761020297388,0.8834912766542423
zic008_aec7,20260915,4,10,8,35,0.5670364726177421,0.8637368402035241
zic008_aec7,20260915,4,11,8,35,0.6202467335879992,0.9009970099169688
zic008_aec7,20260915,4,12,8,35,0.5432002332107897,0.8387829602483057
zic008_aec7,20260915,4,13,8,35,0.589029102533974,0.8774216023253029
zic008_aec7,20260915,4,14,8,35,0.542787180265721,0.8534641948090345
zic008_aec7,20260915,4,15,8,35,0.6115911494186086,0.9205339813856026
zic008_aec7,20260915,4,16,8,35,0.5746487639585681,0.8648007991723653
zic008_aec7,20260915,4,17,8,35,0.5263349237244102,0.8402695533795386
zic008_aec7,20260915,4,18,8,35,0.6305612018360698,0.8853983153542065
zic008_aec7,20260915,4,19,8,35,0.5778268567556072,0.8793408244073806
zic008_aec7,20260915,4,20,8,35,0.5696245253571128,0.8582607378289814
zic008_aec7,20260915,4,21,8,35,0.63140084900503,0.9175199139352523
zic008_aec7,20260915,4,22,8,35,0.5328902406236046,0.8187071586681733
zic008_aec7,20260915,4,23,8,35,0.6017451212751602,0.8720456259067525
zic008_aec7,20260915,4,24,8,35,0.5254507085288425,0.8483599304552887
zic008_aec7,20260915,4,25,8,35,0.6154868315041715,0.9010987368639239
zic008_aec7,20260915,4,26,8,35,0.578583645376347,0.8944901233415846
zic008_aec7,20260915,4,27,8,35,0.6466357921510412,0.9238827105660362
zic008_aec7,20260915,4,28,8,35,0.5512442712007932,0.839200875096072
zic008_aec7,20260915,4,29,8,35,0.625181834039619,0.8871911779460995
zic008_aec7,20260915,4,30,8,35,0.5692578590430611,0.8692315670977762
zic008_aec7,20260915,4,31,8,35,0.5534274012393109,0.8517598220619399
zic008_aec7,20260915,4,32,8,35,0.6084696517674776,0.9068571529266918
zic008_aec7,20260915,4,33,8,35,0.5682098430064283,0.8881041921339026
zic008_aec7,20260915,4,34,8,35,0.5441896137080611,0.8440682114740055
zic008_aec7,20260915,4,35,8,35,0.6316844147503872,0.894179635217388
zic008_aec7,20260915,4,36,8,35,0.5887925377372643,0.877387830812191
zic008_aec7,20260915,4,37,8,35,0.5762796896206474,0.8687672200029433
zic008_aec7,20260915,4,38,8,35,0.631481757736826,0.9007212946435371
zic008_aec7,20260915,4,39,8,35,0.5970683096131855,0.8861893390068526
zic008_aec7,20260915,4,40,8,35,0.5704859709124247,0.880590833316209
zic008_aec7,20260915,4,41,8,35,0.6292429384903855,0.8926641601800619
zic008_aec7,20260915,4,42,8,35,0.559468626102491,0.8490615116964636
zic008_aec7,20260915,4,43,8,35,0.6114388060123354,0.8886542691346481
zic008_aec7,20260915,4,44,8,35,0.5721281673937119,0.8601530590924996
zic008_aec7,20260915,4,45,8,35,0.617270891543571,0.8990655967584182
zic008_aec7,20260915,4,46,8,35,0.5861949792145847,0.8887041002851984
zic008_aec7,20260915,4,47,8,35,0.6380710284914679,0.9144302229284448
zic008_aec7,20260915,4,48,8,35,0.5826053243201219,0.8578574630128882
zic008_aec7,20260915,4,49,8,35,0.6284241176225626,0.8957788009562638
zic008_aec7,20260915,4,50,8,35,0.5961764651565026,0.890281000480652
zic008_aec7,20260915,4,51,8,35,0.5544730993090229,0.8649766291720342
zic008_aec7,20260915,4,52,8,35,0.6147067704672793,0.9109517762105056
zic008_aec7,20260915,4,53,8,35,0.5816983446038898,0.8941826070789746
zic008_aec7,20260915,4,54,8,35,0.5680040056368303,0.8597754273332056
zic008_aec7,20260915,4,55,8,35,0.6195305267828344,0.9036089072058033
zic008_aec7,20260915,4,56,8,35,0.5810197425456538,0.8985395565207833
zic008_aec7,20260915,4,57,8,35,0.6409454573841686,0.9199226770166699
zic008_aec7,20260915,4,58,8,35,0.5589534347644228,0.8327070081391867
zic008_aec7,20260915,4,59,8,35,0.6243535870076462,0.8845023460612753
zic008_aec7,20260915,4,60,8,35,0.586060267962768,0.8671308988301217
zic008_aec7,20260915,4,61,8,35,0.5694272441936076,0.8537911656961479
zic008_aec7,20260915,4,62,8,35,0.6209688087116384,0.9007053148747705
zic008_aec7,20260915,4,63,8,35,0.5774874719924038,0.9085168749311615
zic008_aec7,20260915,4,64,8,35,0.5529249708919086,0.8406605711986401
zic008_aec7,20260915,4,65,8,35,0.5974380540268542,0.8769255229922263
zic008_aec7,20260915,4,66,8,35,0.6416780239120377,0.9064861618769136
zic008_aec7,20260915,4,67,8,35,0.6135482895365213,0.9083791091245381
zic008_aec7,20260915,4,68,8,35,0.5889302281071566,0.8591221148748216
zic008_aec7,20260915,4,69,8,35,0.5823084533499171,0.8813411886909767
zic008_aec7,20260915,5,0,8,35,0.637099033507301,0.9095606294323205
zic008_aec7,20260915,5,1,8,35,0.5984644512523724,0.8686293452150615
zic008_aec7,20260915,5,2,8,35,0.5708135382977145,0.869540598996613
zic008_aec7,20260915,5,3,8,35,0.6509613204082789,0.8917862588375419
zic008_aec7,20260915,5,4,8,35,0.6096927140196282,0.8934205160069488
zic008_aec7,20260915,5,5,8,35,0.6033080445988134,0.8865264411627892
zic008_aec7,20260915,5,6,8,35,0.639211318527484,0.9193178545947106
zic008_aec7,20260915,5,7,8,35,0.5733275565860914,0.8449084182746789
zic008_aec7,20260915,5,8,8,35,0.6186725310481956,0.8781114696406558
zic008_aec7,20260915,5,9,8,35,0.5649299306279132,0.8545160212134606
zic008_aec7,20260915,5,10,8,35,0.6300103995002716,0.9032896026432806
zic008_aec7,20260915,5,11,8,35,0.6122931884706964,0.8965118474615791
zic008_aec7,20260915,5,12,8,35,0.6530420677659684,0.9051853784985037
zic008_aec7,20260915,5,13,8,35,0.5895480759566286,0.8509702426670431
zic008_aec7,20260915,5,14,8,35,0.635657971668178,0.8942674234786122
zic008_aec7,20260915,5,15,8,35,0.6065966794244241,0.8850435591499313
zic008_aec7,20260915,5,16,8,35,0.5755009693376832,0.8725049199641567
zic008_aec7,20260915,5,17,8,35,0.6334411325519662,0.9079469392992907
zic008_aec7,20260915,5,18,8,35,0.6045857279741697,0.8941891095674257
zic008_aec7,20260915,5,19,8,35,0.5840208139710811,0.8558136769779223
zic008_aec7,20260915,5,20,8,35,0.6251970762193567,0.9025974270979644
zic008_aec7,20260915,5,21,8,35,0.595511897892815,0.8963268396629562
zic008_aec7,20260915,5,22,8,35,0.6605932114849938,0.9241129500997703
zic008_aec7,20260915,5,23,8,35,0.572101024472632,0.8429928731991945
zic008_aec7,20260915,5,24,8,35,0.6330471227906165,0.8796584262438115
zic008_aec7,20260915,5,25,8,35,0.5882222131744694,0.8627939195227178
zic008_aec7,20260915,5,26,8,35,0.5899481806462883,0.8656135109581099
zic008_aec7,20260915,5,27,8,35,0.6287742819250289,0.9065502306779388
zic008_aec7,20260915,5,28,8,35,0.5867096040272585,0.9024353569981567
zic008_aec7,20260915,5,29,8,35,0.5659804350685816,0.8490482460403327
zic008_aec7,20260915,5,30,8,35,0.6017991168603201,0.8768683448863013
zic008_aec7,20260915,5,31,8,35,0.6439492025783012,0.9094815301849621
zic008_aec7,20260915,5,32,8,35,0.616785487927446,0.90337544508645
zic008_aec7,20260915,5,33,8,35,0.614538110592913,0.8673836406199548
zic008_aec7,20260915,5,34,8,35,0.5936705633878986,0.8825721964250248
zic008_aec7,20260915,5,35,8,35,0.6457647136411152,0.9082467447826683
zic008_aec7,20260915,5,36,8,35,0.617067240784316,0.9043040430919354
zic008_aec7,20260915,5,37,8,35,0.6612622145678991,0.9060915782574749
zic008_aec7,20260915,5,38,8,35,0.5997830540997322,0.8675897188589787
zic008_aec7,20260915,5,39,8,35,0.6460083052990316,0.8942548076791877
zic008_aec7,20260915,5,40,8,35,0.6170513415485417,0.8860886551057566
zic008_aec7,20260915,5,41,8,35,0.5910631012950136,0.8836852312063931
zic008_aec7,20260915,5,42,8,35,0.6413082720268812,0.9040534476450597
zic008_aec7,20260915,5,43,8,35,0.6137735198261949,0.9054407939865452
zic008_aec7,20260915,5,44,8,35,0.5950106951462257,0.8611830089902472
zic008_aec7,20260915,5,45,8,35,0.6236227107484248,0.8794819054295862
zic008_aec7,20260915,5,46,8,35,0.6484275046541059,0.9009506163911556
zic008_aec7,20260915,5,47,8,35,0.6294982128747013,0.8999883058822201
zic008_aec7,20260915,5,48,8,35,0.621006460024191,0.8813447357468503
zic008_aec7,20260915,5,49,8,35,0.6174117690197828,0.8889921299620772
zic008_aec7,20260915,5,50,8,35,0.6116298510069911,0.8762640700172218
zic008_aec7,20260915,5,51,8,35,0.6550400205657896,0.9100074993816094
zic008_aec7,20260915,5,52,8,35,0.626602599729197,0.9133246250266428
zic008_aec7,20260915,5,53,8,35,0.6265378741222295,0.856450081636783
zic008_aec7,20260915,5,54,8,35,0.6053412017474872,0.8852195098861739
zic008_aec7,20260915,5,55,8,35,0.6272418914391445,0.8884514371466455
zic008_aec7,20260915,6,0,8,35,0.6461974355864568,0.9110309878827078
zic008_aec7,20260915,6,1,8,35,0.6226509575834553,0.905287318782331
zic008_aec7,20260915,6,2,8,35,0.6699485882432563,0.9081296314752937
zic008_aec7,20260915,6,3,8,35,0.6035526195160622,0.8632721658132083
zic008_aec7,20260915,6,4,8,35,0.6483284397407911,0.8840128352578501
zic008_aec7,20260915,6,5,8,35,0.6188907013625894,0.8753425069394278
zic008_aec7,20260915,6,6,8,35,0.6044429865972165,0.8836033388096195
zic008_aec7,20260915,6,7,8,35,0.6412991714717298,0.9101044265797009
zic008_aec7,20260915,6,8,8,35,0.6159117063671121,0.8978538429875625
zic008_aec7,20260915,6,9,8,35,0.5986075289447659,0.8547313285083233
zic008_aec7,20260915,6,10,8,35,0.6240636967466663,0.8966264727540808
zic008_aec7,20260915,6,11,8,35,0.6493377866800325,0.9083435969951071
zic008_aec7,20260915,6,12,8,35,0.6380087969034118,0.9063429470512
zic008_aec7,20260915,6,13,8,35,0.6266284472807133,0.8710338398110353
zic008_aec7,20260915,6,14,8,35,0.6185876452192213,0.8855895408511764
zic008_aec7,20260915,6,15,8,35,0.6136763908497223,0.8836266817543023
zic008_aec7,20260915,6,16,8,35,0.6561036457001399,0.9129658747271326
zic008_aec7,20260915,6,17,8,35,0.6273468651711087,0.9085610413989145
zic008_aec7,20260915,6,18,8,35,0.6293290385062036,0.8624459181330462
zic008_aec7,20260915,6,19,8,35,0.607675212643886,0.889423441087536
zic008_aec7,20260915,6,20,8,35,0.633670696306774,0.9008621049236084
zic008_aec7,20260915,6,21,8,35,0.63459208692526,0.8947679490829293
zic008_aec7,20260915,6,22,8,35,0.6652003043710882,0.9115213684702324
zic008_aec7,20260915,6,23,8,35,0.6487459239306739,0.9107719584798898
zic008_aec7,20260915,6,24,8,35,0.6413821297980571,0.872152476196555
zic008_aec7,20260915,6,25,8,35,0.6256989266493898,0.8953974363511672
zic008_aec7,20260915,6,26,8,35,0.6370008315675033,0.9051142124372911
zic008_aec7,20260915,6,27,8,35,0.6482523693858675,0.9000687235804024
zic008_aec7,20260915,7,0,8,35,0.6335549230017434,0.8943152912332809
zic008_aec7,20260915,7,1,8,35,0.664017824409246,0.9124855818920854
zic008_aec7,20260915,7,2,8,35,0.6457909066252071,0.9119035240446629
zic008_aec7,20260915,7,3,8,35,0.6446305351523696,0.8680678277051614
zic008_aec7,20260915,7,4,8,35,0.6280459978655893,0.8911534202123367
zic008_aec7,20260915,7,5,8,35,0.6408546055661807,0.9058517339493011
zic008_aec7,20260915,7,6,8,35,0.6518089901649443,0.8982370237887995
zic008_aec7,20260915,7,7,8,35,0.6546968786565118,0.9024039259657263
zic008_aec7,20260915,8,0,8,35,0.6565691322837018,0.909405874913009
zic008_aec7,20260916,1,0,8,35,0.45406821066061737,0.822531697703651
zic008_aec7,20260916,1,1,8,35,0.44189181082171197,0.9070174935697424
zic008_aec7,20260916,1,2,8,35,0.44105377639714505,0.8678094046995954
zic008_aec7,20260916,1,3,8,35,0.3780191440708036,0.8510422392463071
zic008_aec7,20260916,1,4,8,35,0.4259434832083955,0.7898946550724129
zic008_aec7,20260916,1,5,8,35,0.4055136475241054,0.8215152033074024
zic008_aec7,20260916,1,6,8,35,0.49964411117012114,0.8106768049240689
zic008_aec7,20260916,1,7,8,35,0.45304874531550915,0.8104500935039982
zic008_aec7,20260916,2,0,8,35,0.5724758032227363,0.8916204621511132
zic008_aec7,20260916,2,1,8,35,0.5560462383004671,0.9002692381340429
zic008_aec7,20260916,2,2,8,35,0.5319907131769683,0.8950110050709924
zic008_aec7,20260916,2,3,8,35,0.5297653001692113,0.8693839241015903
zic008_aec7,20260916,2,4,8,35,0.5506473172975106,0.9049254121377354
zic008_aec7,20260916,2,5,8,35,0.5723673019717614,0.9111437824059245
zic008_aec7,20260916,2,6,8,35,0.5468574404446946,0.9072433673388807
zic008_aec7,20260916,2,7,8,35,0.5644211531249514,0.9361376316545174
zic008_aec7,20260916,2,8,8,35,0.5275024643424249,0.9191313108250388
zic008_aec7,20260916,2,9,8,35,0.5390907070366444,0.878464913688864
zic008_aec7,20260916,2,10,8,35,0.5448722330750172,0.935588200567963
zic008_aec7,20260916,2,11,8,35,0.583121505303181,0.8941109808031359
zic008_aec7,20260916,2,12,8,35,0.5470139841357555,0.9167523570674048
zic008_aec7,20260916,2,13,8,35,0.5122409864045779,0.8999337527617988
zic008_aec7,20260916,2,14,8,35,0.5403927097352977,0.8785187624477467
zic008_aec7,20260916,2,15,8,35,0.5144967650718025,0.8772863683045141
zic008_aec7,20260916,2,16,8,35,0.5680662849651699,0.9003565933432334
zic008_aec7,20260916,2,17,8,35,0.5542947818482206,0.9000270179577132
zic008_aec7,20260916,2,18,8,35,0.48490618371394717,0.8565159962617741
zic008_aec7,20260916,2,19,8,35,0.5212418146830718,0.8818639396034826
zic008_aec7,20260916,2,20,8,35,0.5606340760064797,0.8968828937251455
zic008_aec7,20260916,2,21,8,35,0.5162230835371694,0.843532219163555
zic008_aec7,20260916,2,22,8,35,0.5201914589389433,0.8765407254255694
zic008_aec7,20260916,2,23,8,35,0.5242527174967568,0.8846348482107224
zic008_aec7,20260916,2,24,8,35,0.5363628267206653,0.882009397614657
zic008_aec7,20260916,2,25,8,35,0.5661806708343488,0.8877014599474624
zic008_aec7,20260916,2,26,8,35,0.5396991451286511,0.8891943991013505
zic008_aec7,20260916,2,27,8,35,0.5859984150127885,0.9094047861215429
zic008_aec7,20260916,3,0,8,35,0.6281561443696981,0.9182137205509354
zic008_aec7,20260916,3,1,8,35,0.5797914002821676,0.9151407723981518
zic008_aec7,20260916,3,2,8,35,0.6026834781005468,0.9036020417583215
zic008_aec7,20260916,3,3,8,35,0.6193934412892643,0.925965731908022
zic008_aec7,20260916,3,4,8,35,0.6104994925012294,0.9421800944550752
zic008_aec7,20260916,3,5,8,35,0.6103798754615151,0.9233674054755986
zic008_aec7,20260916,3,6,8,35,0.5831059814561161,0.9330988962290011
zic008_aec7,20260916,3,7,8,35,0.592288702107054,0.9124784205884326
zic008_aec7,20260916,3,8,8,35,0.5995929299474217,0.9233045749334322
zic008_aec7,20260916,3,9,8,35,0.628466833437841,0.944769080249288
zic008_aec7,20260916,3,10,8,35,0.6111514325411669,0.920359071615381
zic008_aec7,20260916,3,11,8,35,0.5619302869581471,0.8885818714283504
zic008_aec7,20260916,3,12,8,35,0.5787721258918391,0.9293843055954233
zic008_aec7,20260916,3,13,8,35,0.6117746635441104,0.9477304206512809
zic008_aec7,20260916,3,14,8,35,0.6052240290727989,0.9210776993286945
zic008_aec7,20260916,3,15,8,35,0.5882892886345289,0.902373791402913
zic008_aec7,20260916,3,16,8,35,0.6172484064444388,0.9132908221470828
zic008_aec7,20260916,3,17,8,35,0.5961112113198458,0.9117387242308699
zic008_aec7,20260916,3,18,8,35,0.620566338312488,0.9491731478463928
zic008_aec7,20260916,3,19,8,35,0.5879799461987608,0.9346357540405869
zic008_aec7,20260916,3,20,8,35,0.6253527401321974,0.934689363875893
zic008_aec7,20260916,3,21,8,35,0.5958787943071784,0.9363250084874499
zic008_aec7,20260916,3,22,8,35,0.6086416501576644,0.9123973078601838
zic008_aec7,20260916,3,23,8,35,0.6084117031553294,0.939877428785719
zic008_aec7,20260916,3,24,8,35,0.6056813649352535,0.9299587112054788
zic008_aec7,20260916,3,25,8,35,0.6067262894022704,0.9380014831307629
zic008_aec7,20260916,3,26,8,35,0.5705318911938561,0.8837531350092489
zic008_aec7,20260916,3,27,8,35,0.5880676312961641,0.9362389937426093
zic008_aec7,20260916,3,28,8,35,0.6298692070537135,0.9247661930599907
zic008_aec7,20260916,3,29,8,35,0.585382940481263,0.8979002968317887
zic008_aec7,20260916,3,30,8,35,0.5945645150449468,0.9173641499860387
zic008_aec7,20260916,3,31,8,35,0.5753390806309594,0.9202871250566345
zic008_aec7,20260916,3,32,8,35,0.5954502249232122,0.9023254991280706
zic008_aec7,20260916,3,33,8,35,0.612012927846329,0.9343863448732465
zic008_aec7,20260916,3,34,8,35,0.6008968774314023,0.9344334250500085
zic008_aec7,20260916,3,35,8,35,0.6315979231414819,0.9266195660097374
zic008_aec7,20260916,3,36,8,35,0.5754856603610159,0.9127382072132362
zic008_aec7,20260916,3,37,8,35,0.547661520827369,0.9116005462508251
zic008_aec7,20260916,3,38,8,35,0.6010087485101229,0.9219164193591668
zic008_aec7,20260916,3,39,8,35,0.5809059756892351,0.8956033470475666
zic008_aec7,20260916,3,40,8,35,0.5838042017049235,0.9183019383047374
zic008_aec7,20260916,3,41,8,35,0.591458040809273,0.9182289610467933
zic008_aec7,20260916,3,42,8,35,0.5944764896151141,0.9149205024445121
zic008_aec7,20260916,3,43,8,35,0.6025176993157642,0.9134120157630518
zic008_aec7,20260916,3,44,8,35,0.591337578207583,0.8960470756082695
zic008_aec7,20260916,3,45,8,35,0.6347640816690184,0.9193952279503653
zic008_aec7,20260916,3,46,8,35,0.551310552192753,0.8948614372498295
zic008_aec7,20260916,3,47,8,35,0.5991599556659292,0.9144965813392424
zic008_aec7,20260916,3,48,8,35,0.5757085367641569,0.8824412512235663
zic008_aec7,20260916,3,49,8,35,0.601159669867787,0.9078232376385852
zic008_aec7,20260916,3,50,8,35,0.5686520109130097,0.8815632775950731
zic008_aec7,20260916,3,51,8,35,0.604565321426911,0.8996776911794959
zic008_aec7,20260916,3,52,8,35,0.5923902115146054,0.9202779601909223
zic008_aec7,20260916,3,53,8,35,0.587524584892482,0.8962568821563587
zic008_aec7,20260916,3,54,8,35,0.6200361705653445,0.9177490898490338
zic008_aec7,20260916,3,55,8,35,0.6262569159251726,0.9055847568733516
zic008_aec7,20260916,4,0,8,35,0.6235054697636748,0.9341267607774087
zic008_aec7,20260916,4,1,8,35,0.6430173858766406,0.9216478483904775
zic008_aec7,20260916,4,2,8,35,0.6547498837280619,0.9363466139387945
zic008_aec7,20260916,4,3,8,35,0.6547634707494281,0.9495911324518546
zic008_aec7,20260916,4,4,8,35,0.6525037572843423,0.9365923139504061
zic008_aec7,20260916,4,5,8,35,0.6052877983870595,0.9153442095765542
zic008_aec7,20260916,4,6,8,35,0.6235627229307625,0.9414295924851133
zic008_aec7,20260916,4,7,8,35,0.6403413687625611,0.9515754312803096
zic008_aec7,20260916,4,8,8,35,0.6328569828194116,0.9379385135747681
zic008_aec7,20260916,4,9,8,35,0.6402041700407718,0.9212561404046181
zic008_aec7,20260916,4,10,8,35,0.6421063306737307,0.9336168070140387
zic008_aec7,20260916,4,11,8,35,0.6383247134863529,0.918856670947439
zic008_aec7,20260916,4,12,8,35,0.647262556264666,0.9451459991516703
zic008_aec7,20260916,4,13,8,35,0.634595052771241,0.9366474285891886
zic008_aec7,20260916,4,14,8,35,0.6455741059443738,0.9416705546515282
zic008_aec7,20260916,4,15,8,35,0.6076080618709416,0.9118635462479893
zic008_aec7,20260916,4,16,8,35,0.6077879704078952,0.9337577440643933
zic008_aec7,20260916,4,17,8,35,0.6422145821824828,0.9535379341580572
zic008_aec7,20260916,4,18,8,35,0.6300601583574433,0.9334123421658829
zic008_aec7,20260916,4,19,8,35,0.6236196736560028,0.9311832432340955
zic008_aec7,20260916,4,20,8,35,0.6539047213180001,0.936041339708915
zic008_aec7,20260916,4,21,8,35,0.6373356618099154,0.9206648997227435
zic008_aec7,20260916,4,22,8,35,0.6527546157696016,0.9447300012557788
zic008_aec7,20260916,4,23,8,35,0.6289151594811673,0.9323522840344671
zic008_aec7,20260916,4,24,8,35,0.6565418673029955,0.9427879568238623
zic008_aec7,20260916,4,25,8,35,0.6044273663083151,0.9158087247872508
zic008_aec7,20260916,4,26,8,35,0.6327564236672844,0.9319157371747735
zic008_aec7,20260916,4,27,8,35,0.6236122665015776,0.9247578305514037
zic008_aec7,20260916,4,28,8,35,0.6425398503327293,0.9477194177185913
zic008_aec7,20260916,4,29,8,35,0.6258803111589623,0.9242019836140266
zic008_aec7,20260916,4,30,8,35,0.6472393586776726,0.9430123091892727
zic008_aec7,20260916,4,31,8,35,0.646819827274415,0.9308214000148961
zic008_aec7,20260916,4,32,8,35,0.6250220131404873,0.921768490559414
zic008_aec7,20260916,4,33,8,35,0.6480498293470626,0.9301535110571276
zic008_aec7,20260916,4,34,8,35,0.6513725569874158,0.9452521785704782
zic008_aec7,20260916,4,35,8,35,0.6165055106133902,0.9345867400332261
zic008_aec7,20260916,4,36,8,35,0.6221968459891685,0.9404100402582848
zic008_aec7,20260916,4,37,8,35,0.6535242518171525,0.9287793360034965
zic008_aec7,20260916,4,38,8,35,0.6328599890964802,0.9359903050676389
zic008_aec7,20260916,4,39,8,35,0.6362426475604752,0.9349313165933291
zic008_aec7,20260916,4,40,8,35,0.6273316181924793,0.9349380530440508
zic008_aec7,20260916,4,41,8,35,0.6387063664146517,0.9325159227112909
zic008_aec7,20260916,4,42,8,35,0.6311913045916558,0.9446764439876036
zic008_aec7,20260916,4,43,8,35,0.6253394282710482,0.9356105650998003
zic008_aec7,20260916,4,44,8,35,0.6541814234682447,0.9319815625864324
zic008_aec7,20260916,4,45,8,35,0.6113290053144402,0.9350475864510267
zic008_aec7,20260916,4,46,8,35,0.6297637142727798,0.9344102550943756
zic008_aec7,20260916,4,47,8,35,0.6163819112548499,0.9230435976974571
zic008_aec7,20260916,4,48,8,35,0.6516136094552236,0.9377193783098776
zic008_aec7,20260916,4,49,8,35,0.6227612893284298,0.9225555418469206
zic008_aec7,20260916,4,50,8,35,0.6574354733463332,0.9351187977290514
zic008_aec7,20260916,4,51,8,35,0.6170445834855086,0.9446234686920495
zic008_aec7,20260916,4,52,8,35,0.6260924606331824,0.9223323000543996
zic008_aec7,20260916,4,53,8,35,0.6377150354274026,0.9358792606609221
zic008_aec7,20260916,4,54,8,35,0.6533167552730621,0.9344652241271976
zic008_aec7,20260916,4,55,8,35,0.598182080735009,0.9128386801048057
zic008_aec7,20260916,4,56,8,35,0.6321404004525372,0.9313771056215573
zic008_aec7,20260916,4,57,8,35,0.6204675412984438,0.9136485733573252
zic008_aec7,20260916,4,58,8,35,0.6266760694507899,0.9185079992543193
zic008_aec7,20260916,4,59,8,35,0.6037898777935958,0.907105731913713
zic008_aec7,20260916,4,60,8,35,0.6382022605036843,0.9163091609037576
zic008_aec7,20260916,4,61,8,35,0.6257757705376702,0.925615320641596
zic008_aec7,20260916,4,62,8,35,0.622504872374523,0.9157827657074521
zic008_aec7,20260916,4,63,8,35,0.6483364936748598,0.9220626371700452
zic008_aec7,20260916,4,64,8,35,0.644317832722717,0.9216612665307354
zic008_aec7,20260916,4,65,8,35,0.6313798910078491,0.9293955961363528
zic008_aec7,20260916,4,66,8,35,0.6103602802484541,0.9139195382956861
zic008_aec7,20260916,4,67,8,35,0.6358555886689378,0.9126578011877543
zic008_aec7,20260916,4,68,8,35,0.6362151452165358,0.9035888378215233
zic008_aec7,20260916,4,69,8,35,0.6472541967437152,0.9323762618426836
zic008_aec7,20260916,5,0,8,35,0.6384540774723834,0.9265351718818796
zic008_aec7,20260916,5,1,8,35,0.6489141149713002,0.9490374115373018
zic008_aec7,20260916,5,2,8,35,0.6694698871207887,0.9619534283718582
zic008_aec7,20260916,5,3,8,35,0.6535884928616057,0.9352940056677007
zic008_aec7,20260916,5,4,8,35,0.664482347650907,0.9358865494101873
zic008_aec7,20260916,5,5,8,35,0.6731201036659413,0.9391039654331448
zic008_aec7,20260916,5,6,8,35,0.6691797616378296,0.925990589496478
zic008_aec7,20260916,5,7,8,35,0.6750010580743253,0.9580729046528885
zic008_aec7,20260916,5,8,8,35,0.6634735300190442,0.9445595218090567
zic008_aec7,20260916,5,9,8,35,0.6750976720521985,0.9511395048358319
zic008_aec7,20260916,5,10,8,35,0.6380562592630183,0.9318074346355026
zic008_aec7,20260916,5,11,8,35,0.6565469521616671,0.9414883488172207
zic008_aec7,20260916,5,12,8,35,0.6438023294031572,0.9257099052811808
zic008_aec7,20260916,5,13,8,35,0.6625409916646834,0.9594781355943542
zic008_aec7,20260916,5,14,8,35,0.6531869523611856,0.9434997135503271
zic008_aec7,20260916,5,15,8,35,0.6720986036925902,0.9452371990828421
zic008_aec7,20260916,5,16,8,35,0.6665682273003851,0.9410285840819088
zic008_aec7,20260916,5,17,8,35,0.6572769572060104,0.9364339897987585
zic008_aec7,20260916,5,18,8,35,0.6651383928856247,0.9317940634812548
zic008_aec7,20260916,5,19,8,35,0.6697644058310248,0.953978814532534
zic008_aec7,20260916,5,20,8,35,0.631976720834184,0.926723853192109
zic008_aec7,20260916,5,21,8,35,0.656605921784008,0.9448316596231476
zic008_aec7,20260916,5,22,8,35,0.6481922606395877,0.9303819506920692
zic008_aec7,20260916,5,23,8,35,0.6609564614111674,0.9515935721452556
zic008_aec7,20260916,5,24,8,35,0.641727399543911,0.937738717550384
zic008_aec7,20260916,5,25,8,35,0.6685037518744449,0.945512596552034
zic008_aec7,20260916,5,26,8,35,0.6703164030842774,0.944589208666793
zic008_aec7,20260916,5,27,8,35,0.6537763587789285,0.9374256595847925
zic008_aec7,20260916,5,28,8,35,0.672716208314191,0.9400180907891383
zic008_aec7,20260916,5,29,8,35,0.6725075891889509,0.9487447263001603
zic008_aec7,20260916,5,30,8,35,0.6575987384004702,0.943381153736898
zic008_aec7,20260916,5,31,8,35,0.6449733809911599,0.9372719495255759
zic008_aec7,20260916,5,32,8,35,0.6608852183874472,0.9366490140310098
zic008_aec7,20260916,5,33,8,35,0.6661566993726539,0.9437633944629322
zic008_aec7,20260916,5,34,8,35,0.6676411558633619,0.9380751037019762
zic008_aec7,20260916,5,35,8,35,0.6411738769595126,0.9466410774206697
zic008_aec7,20260916,5,36,8,35,0.658470135675811,0.9416268527333225
zic008_aec7,20260916,5,37,8,35,0.6507773220416139,0.9244266904287533
zic008_aec7,20260916,5,38,8,35,0.6644853965722662,0.9385160216288583
zic008_aec7,20260916,5,39,8,35,0.6511261557089293,0.935423296753503
zic008_aec7,20260916,5,40,8,35,0.6771585040482174,0.9331636113346241
zic008_aec7,20260916,5,41,8,35,0.6495243340209411,0.9450203331312218
zic008_aec7,20260916,5,42,8,35,0.6538337093885294,0.9323131585010473
zic008_aec7,20260916,5,43,8,35,0.6625555918179673,0.9365582965025625
zic008_aec7,20260916,5,44,8,35,0.6642992172688555,0.9396733830804068
zic008_aec7,20260916,5,45,8,35,0.656839048967093,0.9446331753948084
zic008_aec7,20260916,5,46,8,35,0.6445714160921103,0.934302235970065
zic008_aec7,20260916,5,47,8,35,0.6676350291723758,0.9279998884252346
zic008_aec7,20260916,5,48,8,35,0.6745822332556964,0.9340807982561709
zic008_aec7,20260916,5,49,8,35,0.6616979077037303,0.9439254414033501
zic008_aec7,20260916,5,50,8,35,0.6504524184249861,0.9310337797895083
zic008_aec7,20260916,5,51,8,35,0.6383997987269792,0.9190426114133076
zic008_aec7,20260916,5,52,8,35,0.6594063148143913,0.9201392853779359
zic008_aec7,20260916,5,53,8,35,0.6555117714127201,0.9206830952157866
zic008_aec7,20260916,5,54,8,35,0.6629233652046053,0.9302715112324902
zic008_aec7,20260916,5,55,8,35,0.658069593084231,0.9229490532908744
zic008_aec7,20260916,6,0,8,35,0.6590212031642334,0.9390060613242764
zic008_aec7,20260916,6,1,8,35,0.681774019222914,0.947624443924899
zic008_aec7,20260916,6,2,8,35,0.6644624066487633,0.9381341534348303
zic008_aec7,20260916,6,3,8,35,0.685015609476376,0.9578774941545749
zic008_aec7,20260916,6,4,8,35,0.671719779876789,0.9422698593149373
zic008_aec7,20260916,6,5,8,35,0.6835422697621532,0.9532917216077547
zic008_aec7,20260916,6,6,8,35,0.6875021578309687,0.9484522915574088
zic008_aec7,20260916,6,7,8,35,0.6791447507606383,0.944599911123874
zic008_aec7,20260916,6,8,8,35,0.6873999730352532,0.9469873255093613
zic008_aec7,20260916,6,9,8,35,0.6893238263694126,0.95459069896168
zic008_aec7,20260916,6,10,8,35,0.6756545990780422,0.9433827593367475
zic008_aec7,20260916,6,11,8,35,0.6626936835430347,0.9407130648413056
zic008_aec7,20260916,6,12,8,35,0.6773113563708497,0.9391367198146476
zic008_aec7,20260916,6,13,8,35,0.6810963254331193,0.9527918915905684
zic008_aec7,20260916,6,14,8,35,0.6824522785556687,0.9447731941913586
zic008_aec7,20260916,6,15,8,35,0.6719390575793814,0.95111448565775
zic008_aec7,20260916,6,16,8,35,0.660822223990796,0.9440281556924569
zic008_aec7,20260916,6,17,8,35,0.6796632446536103,0.9455280045781064
zic008_aec7,20260916,6,18,8,35,0.6814632077705032,0.9462656191617268
zic008_aec7,20260916,6,19,8,35,0.6843798672059249,0.9460082688974557
zic008_aec7,20260916,6,20,8,35,0.6777948438151963,0.945312886594242
zic008_aec7,20260916,6,21,8,35,0.6738527527309544,0.9461934487225983
zic008_aec7,20260916,6,22,8,35,0.6662537139354063,0.9340329238244874
zic008_aec7,20260916,6,23,8,35,0.683835477088224,0.9358025652127513
zic008_aec7,20260916,6,24,8,35,0.6822586193773476,0.9320412208452123
zic008_aec7,20260916,6,25,8,35,0.676265936728973,0.9421353158718994
zic008_aec7,20260916,6,26,8,35,0.6817562513277547,0.9405536298040771
zic008_aec7,20260916,6,27,8,35,0.6724114877325806,0.9249086095922836
zic008_aec7,20260916,7,0,8,35,0.6936191519098017,0.9516652229536904
zic008_aec7,20260916,7,1,8,35,0.6785385831059992,0.9495209273365781
zic008_aec7,20260916,7,2,8,35,0.6923885418691843,0.9447264003841276
zic008_aec7,20260916,7,3,8,35,0.6952628184407541,0.9533505531180301
zic008_aec7,20260916,7,4,8,35,0.6980895809827081,0.950481820914614
zic008_aec7,20260916,7,5,8,35,0.6886433835665173,0.9478946821252228
zic008_aec7,20260916,7,6,8,35,0.6895669624627554,0.9474389568764845
zic008_aec7,20260916,7,7,8,35,0.6918962949176861,0.9404595401492544
zic008_aec7,20260916,8,0,8,35,0.7016665238908689,0.952359049646646
zic008_aec7,20260917,1,0,8,35,0.48741922099947455,0.8323187101947831
zic008_aec7,20260917,1,1,8,35,0.47380816122385916,0.9043201399594417
zic008_aec7,20260917,1,2,8,35,0.5030875572022804,0.8663838801705275
zic008_aec7,20260917,1,3,8,35,0.46361639543374444,0.7746959812496218
zic008_aec7,20260917,1,4,8,35,0.31101916667105456,0.7812515145912805
zic008_aec7,20260917,1,5,8,35,0.47423111075121255,0.7937541934687675
zic008_aec7,20260917,1,6,8,35,0.18605680221561705,0.5372164577272145
zic008_aec7,20260917,1,7,8,35,0.4541581400492913,0.8167553570771063
zic008_aec7,20260917,2,0,8,35,0.5997403748803346,0.9122982527316637
zic008_aec7,20260917,2,1,8,35,0.6092000008364264,0.9108302590292331
zic008_aec7,20260917,2,2,8,35,0.5967750646289798,0.902041446547198
zic008_aec7,20260917,2,3,8,35,0.525467423142821,0.8662979962696379
zic008_aec7,20260917,2,4,8,35,0.5982086307142191,0.9155069738513611
zic008_aec7,20260917,2,5,8,35,0.31503660953824847,0.726532909902424
zic008_aec7,20260917,2,6,8,35,0.5945037907445964,0.9334580401506338
zic008_aec7,20260917,2,7,8,35,0.6027644707250577,0.9270896676339175
zic008_aec7,20260917,2,8,8,35,0.6082085184204807,0.8953170512507124
zic008_aec7,20260917,2,9,8,35,0.5396283462444919,0.9162115249409558
zic008_aec7,20260917,2,10,8,35,0.583903817347797,0.8819766082097412
zic008_aec7,20260917,2,11,8,35,0.37499709559160227,0.7705904846415695
zic008_aec7,20260917,2,12,8,35,0.5751692303485373,0.880234656120674
zic008_aec7,20260917,2,13,8,35,0.6093648336198969,0.9009214221351273
zic008_aec7,20260917,2,14,8,35,0.5416477481284772,0.9030552855165894
zic008_aec7,20260917,2,15,8,35,0.583855365984007,0.8866193592204605
zic008_aec7,20260917,2,16,8,35,0.33959115684302443,0.7688571018885924
zic008_aec7,20260917,2,17,8,35,0.5926996543959429,0.9196350505152118
zic008_aec7,20260917,2,18,8,35,0.5015504099772259,0.8121274174748699
zic008_aec7,20260917,2,19,8,35,0.599026498231199,0.8631254609447028
zic008_aec7,20260917,2,20,8,35,0.3367662130452151,0.810745852199985
zic008_aec7,20260917,2,21,8,35,0.5818877926417456,0.8358742342347139
zic008_aec7,20260917,2,22,8,35,0.5424160529437444,0.8628956904303346
zic008_aec7,20260917,2,23,8,35,0.3278884946663493,0.8192584630507538
zic008_aec7,20260917,2,24,8,35,0.5397016990288834,0.8441658720594083
zic008_aec7,20260917,2,25,8,35,0.3563465564735272,0.8238833518347003
zic008_aec7,20260917,2,26,8,35,0.5627796796027947,0.8520167861379184
zic008_aec7,20260917,2,27,8,35,0.36414359071054375,0.8157548971577537
zic008_aec7,20260917,3,0,8,35,0.678984923044638,0.9402161088422339
zic008_aec7,20260917,3,1,8,35,0.6635025114487949,0.9462187741660536
zic008_aec7,20260917,3,2,8,35,0.6177169309668017,0.9286394333047379
zic008_aec7,20260917,3,3,8,35,0.6521157964437622,0.9307082633143275
zic008_aec7,20260917,3,4,8,35,0.48747596330915655,0.8446841042747516
zic008_aec7,20260917,3,5,8,35,0.6433410910332247,0.9318407454637195
zic008_aec7,20260917,3,6,8,35,0.6915829391490204,0.9324315868521834
zic008_aec7,20260917,3,7,8,35,0.6319449348982675,0.926445686789231
zic008_aec7,20260917,3,8,8,35,0.6569666711151327,0.9146940436960608
zic008_aec7,20260917,3,9,8,35,0.45387105946545814,0.8337227647191441
zic008_aec7,20260917,3,10,8,35,0.6761449556924639,0.940592341237225
zic008_aec7,20260917,3,11,8,35,0.6207224972067398,0.9026337324036399
zic008_aec7,20260917,3,12,8,35,0.6685039918730269,0.9326188638012097
zic008_aec7,20260917,3,13,8,35,0.44635550014854497,0.8645690997812935
zic008_aec7,20260917,3,14,8,35,0.6766540326439644,0.930580210335952
zic008_aec7,20260917,3,15,8,35,0.6207618409846019,0.905689898074263
zic008_aec7,20260917,3,16,8,35,0.4366710679694645,0.8931726130471431
zic008_aec7,20260917,3,17,8,35,0.6086073635758213,0.9143356616437315
zic008_aec7,20260917,3,18,8,35,0.4628313026694836,0.8673874642670215
zic008_aec7,20260917,3,19,8,35,0.6657463342224574,0.929999214073615
zic008_aec7,20260917,3,20,8,35,0.4922067164586861,0.8796854214580664
zic008_aec7,20260917,3,21,8,35,0.6766215395803796,0.9461953824825149
zic008_aec7,20260917,3,22,8,35,0.6330900784616205,0.9437699528136889
zic008_aec7,20260917,3,23,8,35,0.663799083852644,0.9112835274330429
zic008_aec7,20260917,3,24,8,35,0.4872442251842789,0.8850528952807074
zic008_aec7,20260917,3,25,8,35,0.6555885754033827,0.92178790898914
zic008_aec7,20260917,3,26,8,35,0.6246078560605609,0.8959295594906829
zic008_aec7,20260917,3,27,8,35,0.6565372535442374,0.8983126352840586
zic008_aec7,20260917,3,28,8,35,0.4610689409196146,0.8796260527362239
zic008_aec7,20260917,3,29,8,35,0.6367481837100109,0.8902594264802265
zic008_aec7,20260917,3,30,8,35,0.613333296173241,0.8779148903117359
zic008_aec7,20260917,3,31,8,35,0.45045917786737955,0.9140805277691065
zic008_aec7,20260917,3,32,8,35,0.5990808219326849,0.8943253713805811
zic008_aec7,20260917,3,33,8,35,0.468847616712734,0.8812459891937446
zic008_aec7,20260917,3,34,8,35,0.6211467225598901,0.8773521649372441
zic008_aec7,20260917,3,35,8,35,0.4808304185453782,0.8713324531067771
zic008_aec7,20260917,3,36,8,35,0.6268469942076266,0.8826614618307138
zic008_aec7,20260917,3,37,8,35,0.6542528816350328,0.9161381565202404
zic008_aec7,20260917,3,38,8,35,0.454445311579663,0.8913551815787467
zic008_aec7,20260917,3,39,8,35,0.6677185281292929,0.9113487485947196
zic008_aec7,20260917,3,40,8,35,0.6074631113500908,0.9170649427689807
zic008_aec7,20260917,3,41,8,35,0.44453060744627904,0.9067837974513627
zic008_aec7,20260917,3,42,8,35,0.6101218232189889,0.9201319172286178
zic008_aec7,20260917,3,43,8,35,0.466997869295197,0.8769448817763816
zic008_aec7,20260917,3,44,8,35,0.6520071336926674,0.9044116052236609
zic008_aec7,20260917,3,45,8,35,0.49594624696967304,0.8974768053256332
zic008_aec7,20260917,3,46,8,35,0.6156788741639436,0.8576933592019842
zic008_aec7,20260917,3,47,8,35,0.4689934526236178,0.8776486851758265
zic008_aec7,20260917,3,48,8,35,0.6183656873057454,0.8475728553381393
zic008_aec7,20260917,3,49,8,35,0.4621083692034449,0.90074831277299
zic008_aec7,20260917,3,50,8,35,0.6407838417199972,0.895287145166772
zic008_aec7,20260917,3,51,8,35,0.4812836611660556,0.9009445029279298
zic008_aec7,20260917,3,52,8,35,0.4493471382603825,0.8945263575124247
zic008_aec7,20260917,3,53,8,35,0.6066816498182696,0.871672984933998
zic008_aec7,20260917,3,54,8,35,0.4396882546269759,0.899873324267133
zic008_aec7,20260917,3,55,8,35,0.46661110345113205,0.8996331272378917
zic008_aec7,20260917,4,0,8,35,0.7184332195969979,0.9477905603331817
zic008_aec7,20260917,4,1,8,35,0.6690055848013112,0.9472644478373626
zic008_aec7,20260917,4,2,8,35,0.6953371905087562,0.9383709474376483
zic008_aec7,20260917,4,3,8,35,0.5636261241409611,0.8920321196551648
zic008_aec7,20260917,4,4,8,35,0.691591504156157,0.944008370987745
zic008_aec7,20260917,4,5,8,35,0.676154930601115,0.9288130884816768
zic008_aec7,20260917,4,6,8,35,0.7060367553220139,0.9377962455896088
zic008_aec7,20260917,4,7,8,35,0.5479469448320796,0.9106933656639826
zic008_aec7,20260917,4,8,8,35,0.7031238535793652,0.940846077328133
zic008_aec7,20260917,4,9,8,35,0.6753964527239671,0.9236244406942666
zic008_aec7,20260917,4,10,8,35,0.5277631989890075,0.9326220325367182
zic008_aec7,20260917,4,11,8,35,0.6681652602819854,0.9358358361496266
zic008_aec7,20260917,4,12,8,35,0.5337731600310744,0.905618745483862
zic008_aec7,20260917,4,13,8,35,0.6927307619820533,0.9282966992102873
zic008_aec7,20260917,4,14,8,35,0.5577749432985701,0.9095316897267461
zic008_aec7,20260917,4,15,8,35,0.6848123640244375,0.9305796724681196
zic008_aec7,20260917,4,16,8,35,0.7059112469106914,0.9472884704075459
zic008_aec7,20260917,4,17,8,35,0.5301813260674335,0.9055888789590376
zic008_aec7,20260917,4,18,8,35,0.7175827669684451,0.9488402935517226
zic008_aec7,20260917,4,19,8,35,0.670379741862515,0.9244604888898965
zic008_aec7,20260917,4,20,8,35,0.5160092442949408,0.9095321421280579
zic008_aec7,20260917,4,21,8,35,0.6717674064880481,0.9446491999856187
zic008_aec7,20260917,4,22,8,35,0.5351032589477644,0.887063490915081
zic008_aec7,20260917,4,23,8,35,0.7051467282774867,0.9395906698242458
zic008_aec7,20260917,4,24,8,35,0.5655324008483446,0.9059986982327769
zic008_aec7,20260917,4,25,8,35,0.6773719975880331,0.9114361725223391
zic008_aec7,20260917,4,26,8,35,0.5302792521973664,0.9055082946702672
zic008_aec7,20260917,4,27,8,35,0.6797019588433009,0.923488130953973
zic008_aec7,20260917,4,28,8,35,0.5388327112401593,0.923416239167721
zic008_aec7,20260917,4,29,8,35,0.7132969073669654,0.9324131627445831
zic008_aec7,20260917,4,30,8,35,0.5643745153103684,0.9177323747727592
zic008_aec7,20260917,4,31,8,35,0.5205701378310312,0.9233670520721085
zic008_aec7,20260917,4,32,8,35,0.6613269676719121,0.9207201096755492
zic008_aec7,20260917,4,33,8,35,0.5337140152375283,0.9413347211584507
zic008_aec7,20260917,4,34,8,35,0.542445841040069,0.9263233643317423
zic008_aec7,20260917,4,35,8,35,0.686722268557769,0.9268640094239288
zic008_aec7,20260917,4,36,8,35,0.7043336502401315,0.9306713133557776
zic008_aec7,20260917,4,37,8,35,0.5508015626754394,0.9201635607966769
zic008_aec7,20260917,4,38,8,35,0.6898988407466539,0.9185849673033698
zic008_aec7,20260917,4,39,8,35,0.6833954042372545,0.9261607661510026
zic008_aec7,20260917,4,40,8,35,0.5522778879228226,0.92827058405477
zic008_aec7,20260917,4,41,8,35,0.6748889367503945,0.9321402410628021
zic008_aec7,20260917,4,42,8,35,0.5594365512947158,0.9141993537840394
zic008_aec7,20260917,4,43,8,35,0.690845889098485,0.9189934215431711
zic008_aec7,20260917,4,44,8,35,0.5580450277493905,0.9126924235430178
zic008_aec7,20260917,4,45,8,35,0.6872916360426718,0.9025148746053976
zic008_aec7,20260917,4,46,8,35,0.5336873665550436,0.907097250469089
zic008_aec7,20260917,4,47,8,35,0.679522548345155,0.8978274885317772
zic008_aec7,20260917,4,48,8,35,0.5531351233026165,0.902827183139367
zic008_aec7,20260917,4,49,8,35,0.6729390691987438,0.9028649035324171
zic008_aec7,20260917,4,50,8,35,0.5598425323234573,0.917211886568405
zic008_aec7,20260917,4,51,8,35,0.5431928396298831,0.9268859636661346
zic008_aec7,20260917,4,52,8,35,0.6577202557281386,0.8961290502851217
zic008_aec7,20260917,4,53,8,35,0.5497669349726089,0.9113293046736445
zic008_aec7,20260917,4,54,8,35,0.5423204407351545,0.9181137977098319
zic008_aec7,20260917,4,55,8,35,0.6653139129599829,0.9061089135503925
zic008_aec7,20260917,4,56,8,35,0.5509869059690947,0.9302036950412514
zic008_aec7,20260917,4,57,8,35,0.6658932800562526,0.9072704019750923
zic008_aec7,20260917,4,58,8,35,0.545167705217192,0.9345838777467808
zic008_aec7,20260917,4,59,8,35,0.6796811514274367,0.9201949314064711
zic008_aec7,20260917,4,60,8,35,0.5673885913190624,0.9289556790009835
zic008_aec7,20260917,4,61,8,35,0.5427763692604346,0.9153504788923057
zic008_aec7,20260917,4,62,8,35,0.6482957845723542,0.907834170942137
zic008_aec7,20260917,4,63,8,35,0.5497153600293753,0.9330413676880919
zic008_aec7,20260917,4,64,8,35,0.5528413357213656,0.9103770651207642
zic008_aec7,20260917,4,65,8,35,0.5214476300286347,0.9097528852235278
zic008_aec7,20260917,4,66,8,35,0.6590269853717081,0.8741232706573685
zic008_aec7,20260917,4,67,8,35,0.5381688173562521,0.914221152938042
zic008_aec7,20260917,4,68,8,35,0.5490955015720835,0.9146879216308568
zic008_aec7,20260917,4,69,8,35,0.5390328650807277,0.9214358003957906
zic008_aec7,20260917,5,0,8,35,0.7083509166564359,0.9449719192249806
zic008_aec7,20260917,5,1,8,35,0.731791639966777,0.9526333713918551
zic008_aec7,20260917,5,2,8,35,0.6179342482761337,0.9282120213270475
zic008_aec7,20260917,5,3,8,35,0.7306003378188122,0.9537943965239127
zic008_aec7,20260917,5,4,8,35,0.7078724549353489,0.949710953606066
zic008_aec7,20260917,5,5,8,35,0.614478751030807,0.937763150249828
zic008_aec7,20260917,5,6,8,35,0.7027567542360785,0.9534124066165405
zic008_aec7,20260917,5,7,8,35,0.6183556240411513,0.9202858660493021
zic008_aec7,20260917,5,8,8,35,0.7226117164198258,0.9443190135609068
zic008_aec7,20260917,5,9,8,35,0.6211276435419048,0.9276599362067441
zic008_aec7,20260917,5,10,8,35,0.7138342641626876,0.9281263029054833
zic008_aec7,20260917,5,11,8,35,0.5994925357804374,0.9387672486656553
zic008_aec7,20260917,5,12,8,35,0.7103485109144981,0.9339420208305655
zic008_aec7,20260917,5,13,8,35,0.604340761397341,0.941327251465854
zic008_aec7,20260917,5,14,8,35,0.7333757653608317,0.9338014758353396
zic008_aec7,20260917,5,15,8,35,0.6238108834730903,0.9357954205177627
zic008_aec7,20260917,5,16,8,35,0.5913723133103921,0.9472003077273857
zic008_aec7,20260917,5,17,8,35,0.7071713796839957,0.9269961996552002
zic008_aec7,20260917,5,18,8,35,0.5961270052703614,0.9442989560202155
zic008_aec7,20260917,5,19,8,35,0.5939196001445274,0.9342045289923979
zic008_aec7,20260917,5,20,8,35,0.7086566467745615,0.9337478989988757
zic008_aec7,20260917,5,21,8,35,0.5924040571778599,0.9296214074392314
zic008_aec7,20260917,5,22,8,35,0.7115182252876349,0.9458279166034032
zic008_aec7,20260917,5,23,8,35,0.6081955236863442,0.928458554271141
zic008_aec7,20260917,5,24,8,35,0.7400254902244103,0.9553908271515166
zic008_aec7,20260917,5,25,8,35,0.6187750237941825,0.9411687536367989
zic008_aec7,20260917,5,26,8,35,0.6054725233306042,0.9304143015658871
zic008_aec7,20260917,5,27,8,35,0.709700111660667,0.9254204880922327
zic008_aec7,20260917,5,28,8,35,0.617586275952296,0.9554347835447348
zic008_aec7,20260917,5,29,8,35,0.6246489441362585,0.9333884330191138
zic008_aec7,20260917,5,30,8,35,0.5906987143424702,0.9163069762999121
zic008_aec7,20260917,5,31,8,35,0.7152525959107227,0.9205472464690055
zic008_aec7,20260917,5,32,8,35,0.6099058044958746,0.9360306584421807
zic008_aec7,20260917,5,33,8,35,0.6149932254761105,0.949158516322762
zic008_aec7,20260917,5,34,8,35,0.6025366564886249,0.9387314044292695
zic008_aec7,20260917,5,35,8,35,0.7132093414070688,0.9348994705326493
zic008_aec7,20260917,5,36,8,35,0.6143283478833667,0.9344489346303771
zic008_aec7,20260917,5,37,8,35,0.7200428246242104,0.9240393384644053
zic008_aec7,20260917,5,38,8,35,0.6166139495569742,0.9430134715292391
zic008_aec7,20260917,5,39,8,35,0.7123483411993317,0.9239464454815499
zic008_aec7,20260917,5,40,8,35,0.6214267973611656,0.9416849556604425
zic008_aec7,20260917,5,41,8,35,0.603358165512151,0.9376893795401546
zic008_aec7,20260917,5,42,8,35,0.7084828443780332,0.9198398131498965
zic008_aec7,20260917,5,43,8,35,0.6079218530668503,0.944417164916163
zic008_aec7,20260917,5,44,8,35,0.6040521258910349,0.928139292385292
zic008_aec7,20260917,5,45,8,35,0.6196087797147494,0.922113183882543
zic008_aec7,20260917,5,46,8,35,0.7101006249148029,0.9078677479062238
zic008_aec7,20260917,5,47,8,35,0.6243406795161388,0.922430233418566
zic008_aec7,20260917,5,48,8,35,0.6117147751501308,0.9212265342587996
zic008_aec7,20260917,5,49,8,35,0.6124348544436632,0.9293755906853385
zic008_aec7,20260917,5,50,8,35,0.6083851997653275,0.9281051123725961
zic008_aec7,20260917,5,51,8,35,0.7019412699426871,0.9069579311379348
zic008_aec7,20260917,5,52,8,35,0.619267163393879,0.9409331785859312
zic008_aec7,20260917,5,53,8,35,0.628165362772685,0.9327304016203014
zic008_aec7,20260917,5,54,8,35,0.6131544166060098,0.9332640188095108
zic008_aec7,20260917,5,55,8,35,0.6239676008216286,0.9248831420212001
zic008_aec7,20260917,6,0,8,35,0.7356203036645378,0.9463067006969454
zic008_aec7,20260917,6,1,8,35,0.6575253415360005,0.9352541186420147
zic008_aec7,20260917,6,2,8,35,0.7333556382466153,0.9487665389964899
zic008_aec7,20260917,6,3,8,35,0.6657940226366273,0.9387713876680681
zic008_aec7,20260917,6,4,8,35,0.7521492157303251,0.9542472371257322
zic008_aec7,20260917,6,5,8,35,0.6645517622513997,0.947008635413852
zic008_aec7,20260917,6,6,8,35,0.6383781400135881,0.9461460837038693
zic008_aec7,20260917,6,7,8,35,0.730812410679784,0.9478185685271299
zic008_aec7,20260917,6,8,8,35,0.6455677896491885,0.9433586738758739
zic008_aec7,20260917,6,9,8,35,0.6490366889353298,0.9439578560866996
zic008_aec7,20260917,6,10,8,35,0.6488896875104962,0.9409988174492556
zic008_aec7,20260917,6,11,8,35,0.7373365705248042,0.9324605124652992
zic008_aec7,20260917,6,12,8,35,0.6528052096791893,0.9372545558414086
zic008_aec7,20260917,6,13,8,35,0.6560019422488592,0.9445917807181874
zic008_aec7,20260917,6,14,8,35,0.6466671651500105,0.9427105725109414
zic008_aec7,20260917,6,15,8,35,0.6482256649364642,0.939108147383571
zic008_aec7,20260917,6,16,8,35,0.738012941886563,0.9419025982017237
zic008_aec7,20260917,6,17,8,35,0.6647929349691224,0.9508411534193831
zic008_aec7,20260917,6,18,8,35,0.6654615259852213,0.9510700961913536
zic008_aec7,20260917,6,19,8,35,0.6471168548440268,0.9497979912860041
zic008_aec7,20260917,6,20,8,35,0.6576988075745797,0.9401615290795804
zic008_aec7,20260917,6,21,8,35,0.6601393803092562,0.9303724003783976
zic008_aec7,20260917,6,22,8,35,0.7367720782823078,0.9251001676030823
zic008_aec7,20260917,6,23,8,35,0.6638918769474356,0.9449743198354962
zic008_aec7,20260917,6,24,8,35,0.6549222880859078,0.942992291013211
zic008_aec7,20260917,6,25,8,35,0.6544401228395862,0.9356656804165229
zic008_aec7,20260917,6,26,8,35,0.6675494213876868,0.9284529742434899
zic008_aec7,20260917,6,27,8,35,0.6678407685328374,0.9374214504548896
zic008_aec7,20260917,7,0,8,35,0.6817033973286156,0.9338237646484201
zic008_aec7,20260917,7,1,8,35,0.7537536507545959,0.9496598663238532
zic008_aec7,20260917,7,2,8,35,0.6849709931136647,0.9479831306665866
zic008_aec7,20260917,7,3,8,35,0.6886811187004052,0.9490281939967983
zic008_aec7,20260917,7,4,8,35,0.6802053298241045,0.9439179555953994
zic008_aec7,20260917,7,5,8,35,0.6890023386810895,0.9372468411396587
zic008_aec7,20260917,7,6,8,35,0.6888751146459455,0.9476569180571934
zic008_aec7,20260917,7,7,8,35,0.6967677587111886,0.9396894013612597
zic008_aec7,20260917,8,0,8,35,0.713110312598457,0.9444323026065282
zic008_aec7,20260918,1,0,8,35,0.46114220990019805,0.8601713289265768
zic008_aec7,20260918,1,1,8,35,0.4056618425572895,0.8370152067960003
zic008_aec7,20260918,1,2,8,35,0.4808276216705398,0.8460696036967413
zic008_aec7,20260918,1,3,8,35,0.48881078582100357,0.8488889495488384
zic008_aec7,20260918,1,4,8,35,0.44816555771007544,0.8305489319641866
zic008_aec7,20260918,1,5,8,35,0.18139929283377598,0.560043443835377
zic008_aec7,20260918,1,6,8,35,0.4482727995797731,0.7950125401427615
zic008_aec7,20260918,1,7,8,35,0.4406320226201497,0.8357182951999775
zic008_aec7,20260918,2,0,8,35,0.5459723251438897,0.9042252768334574
zic008_aec7,20260918,2,1,8,35,0.5914006215288957,0.916937953279806
zic008_aec7,20260918,2,2,8,35,0.5954712742113963,0.9088092101005412
zic008_aec7,20260918,2,3,8,35,0.5770977843018319,0.9095153342527759
zic008_aec7,20260918,2,4,8,35,0.3390560850341486,0.8278535653297924
zic008_aec7,20260918,2,5,8,35,0.5870177595657784,0.8804484051381918
zic008_aec7,20260918,2,6,8,35,0.5542188563260452,0.8677749932099768
zic008_aec7,20260918,2,7,8,35,0.5659384805353136,0.8998630695340123
zic008_aec7,20260918,2,8,8,35,0.554353319262186,0.8482119673502653
zic008_aec7,20260918,2,9,8,35,0.534481446592392,0.8987964902356452
zic008_aec7,20260918,2,10,8,35,0.30212736913796484,0.7830262510726383
zic008_aec7,20260918,2,11,8,35,0.5095766880612352,0.8552650633756266
zic008_aec7,20260918,2,12,8,35,0.5599831752546202,0.8685079122589412
zic008_aec7,20260918,2,13,8,35,0.5997393989258126,0.9089313286967287
zic008_aec7,20260918,2,14,8,35,0.5569396709012313,0.8685472139423115
zic008_aec7,20260918,2,15,8,35,0.4031701351930394,0.8848297002142451
zic008_aec7,20260918,2,16,8,35,0.5695811664357919,0.8698475177073793
zic008_aec7,20260918,2,17,8,35,0.5887334411404557,0.9056510609203688
zic008_aec7,20260918,2,18,8,35,0.5875347977741971,0.8922518671321299
zic008_aec7,20260918,2,19,8,35,0.3263313785280482,0.7749276031959471
zic008_aec7,20260918,2,20,8,35,0.5715963994632405,0.8737505972752663
zic008_aec7,20260918,2,21,8,35,0.5844530900661009,0.8851207449948229
zic008_aec7,20260918,2,22,8,35,0.37305737482120943,0.8530707613994278
zic008_aec7,20260918,2,23,8,35,0.5493497521910564,0.8701365958394385
zic008_aec7,20260918,2,24,8,35,0.5474912155909241,0.9022704631182554
zic008_aec7,20260918,2,25,8,35,0.360085780708427,0.8270457596806134
zic008_aec7,20260918,2,26,8,35,0.3246222329027383,0.775817319807402
zic008_aec7,20260918,2,27,8,35,0.5461779635626685,0.8900060405156301
zic008_aec7,20260918,3,0,8,35,0.6224076945677018,0.9257254382933015
zic008_aec7,20260918,3,1,8,35,0.6296620851273473,0.9090841053449186
zic008_aec7,20260918,3,2,8,35,0.6088036782799088,0.9250347502944717
zic008_aec7,20260918,3,3,8,35,0.4502611911095677,0.892816368754707
zic008_aec7,20260918,3,4,8,35,0.6086576304059851,0.9138598013676773
zic008_aec7,20260918,3,5,8,35,0.5841129641281172,0.9040563769058377
zic008_aec7,20260918,3,6,8,35,0.6669109863560683,0.9327220668713455
zic008_aec7,20260918,3,7,8,35,0.6332290053306304,0.913456847821283
zic008_aec7,20260918,3,8,8,35,0.4977183292917132,0.9214806121337972
zic008_aec7,20260918,3,9,8,35,0.6420437246509961,0.9094655574701337
zic008_aec7,20260918,3,10,8,35,0.6410080523908119,0.9178601074468166
zic008_aec7,20260918,3,11,8,35,0.6628422615777262,0.9302417465455627
zic008_aec7,20260918,3,12,8,35,0.46254350538605293,0.908214958334637
zic008_aec7,20260918,3,13,8,35,0.6435008400147618,0.9204293496663659
zic008_aec7,20260918,3,14,8,35,0.6344722535282376,0.9057885702956029
zic008_aec7,20260918,3,15,8,35,0.472110648514034,0.9156397191330693
zic008_aec7,20260918,3,16,8,35,0.6412713162727324,0.8987826018450347
zic008_aec7,20260918,3,17,8,35,0.6223182186398458,0.9169287740999814
zic008_aec7,20260918,3,18,8,35,0.4803649135970717,0.8987917466573729
zic008_aec7,20260918,3,19,8,35,0.4340037050643269,0.8851704620411986
zic008_aec7,20260918,3,20,8,35,0.6305368357900902,0.8926602772709314
zic008_aec7,20260918,3,21,8,35,0.6427239353681053,0.9194266228474433
zic008_aec7,20260918,3,22,8,35,0.6063411593310578,0.8966017106335702
zic008_aec7,20260918,3,23,8,35,0.49135336341128155,0.9194175345420111
zic008_aec7,20260918,3,24,8,35,0.5997359926782407,0.9050495917133636
zic008_aec7,20260918,3,25,8,35,0.6201761391397549,0.9233592625588111
zic008_aec7,20260918,3,26,8,35,0.6183069918687406,0.9086121342070701
zic008_aec7,20260918,3,27,8,35,0.43314661151071837,0.8664198118860749
zic008_aec7,20260918,3,28,8,35,0.593124951625263,0.8861613875791393
zic008_aec7,20260918,3,29,8,35,0.6066873889141612,0.8680684076933511
zic008_aec7,20260918,3,30,8,35,0.44904055395581377,0.8952321706257648
zic008_aec7,20260918,3,31,8,35,0.5854923279626263,0.9025737365011813
zic008_aec7,20260918,3,32,8,35,0.5852489058597985,0.9033161208995478
zic008_aec7,20260918,3,33,8,35,0.4330282000350513,0.8748332159237338
zic008_aec7,20260918,3,34,8,35,0.41379141585493984,0.868775861471492
zic008_aec7,20260918,3,35,8,35,0.5828924638849426,0.9067474444469902
zic008_aec7,20260918,3,36,8,35,0.6319403060305334,0.9061660143080587
zic008_aec7,20260918,3,37,8,35,0.4911525960408586,0.9179193127217791
zic008_aec7,20260918,3,38,8,35,0.6461821468737385,0.8972147392970629
zic008_aec7,20260918,3,39,8,35,0.64257061468285,0.9328465639647686
zic008_aec7,20260918,3,40,8,35,0.47917646195416913,0.8794045658341971
zic008_aec7,20260918,3,41,8,35,0.6061285226880935,0.8888932650074511
zic008_aec7,20260918,3,42,8,35,0.6236734184696531,0.9114981736794042
zic008_aec7,20260918,3,43,8,35,0.4843586888428607,0.9003391500506677
zic008_aec7,20260918,3,44,8,35,0.480774807753352,0.9101669905773829
zic008_aec7,20260918,3,45,8,35,0.6339694154475292,0.9069899777414488
zic008_aec7,20260918,3,46,8,35,0.4780861791112542,0.8957414329064506
zic008_aec7,20260918,3,47,8,35,0.6320325481106771,0.9017584463547851
zic008_aec7,20260918,3,48,8,35,0.6460918318908176,0.9202248905997259
zic008_aec7,20260918,3,49,8,35,0.47069660079052766,0.8742022492224741
zic008_aec7,20260918,3,50,8,35,0.4211078913325112,0.8601112788412656
zic008_aec7,20260918,3,51,8,35,0.6342803639463546,0.9131062610485293
zic008_aec7,20260918,3,52,8,35,0.4686071891928825,0.8810866014050608
zic008_aec7,20260918,3,53,8,35,0.462550533485374,0.9032602377354789
zic008_aec7,20260918,3,54,8,35,0.6077857178102553,0.899592238574393
zic008_aec7,20260918,3,55,8,35,0.4471793723623813,0.8921913446198317
zic008_aec7,20260918,4,0,8,35,0.67090857103231,0.9426349446150903
zic008_aec7,20260918,4,1,8,35,0.6486790835016982,0.9210101581134558
zic008_aec7,20260918,4,2,8,35,0.5357262018468809,0.9443447615352686
zic008_aec7,20260918,4,3,8,35,0.6497029041725819,0.9244434231317875
zic008_aec7,20260918,4,4,8,35,0.651922451192649,0.9387778283015186
zic008_aec7,20260918,4,5,8,35,0.6605929450421855,0.942353636238699
zic008_aec7,20260918,4,6,8,35,0.5212486737586967,0.9066017740300373
zic008_aec7,20260918,4,7,8,35,0.6550225006088345,0.9102288475101066
zic008_aec7,20260918,4,8,8,35,0.6561444082595085,0.9099069784314702
zic008_aec7,20260918,4,9,8,35,0.5263041496322074,0.9344135066572442
zic008_aec7,20260918,4,10,8,35,0.6412707859783269,0.9248598221471054
zic008_aec7,20260918,4,11,8,35,0.6405894734644358,0.9308243506941002
zic008_aec7,20260918,4,12,8,35,0.5312117491899642,0.9066073537488446
zic008_aec7,20260918,4,13,8,35,0.5050101044759987,0.9053258019690227
zic008_aec7,20260918,4,14,8,35,0.6355199167815264,0.9186556862845949
zic008_aec7,20260918,4,15,8,35,0.685345029337109,0.9361117293084851
zic008_aec7,20260918,4,16,8,35,0.5538470272820833,0.9344203323330644
zic008_aec7,20260918,4,17,8,35,0.6913850409272398,0.9213504888274755
zic008_aec7,20260918,4,18,8,35,0.6852195506714904,0.9313566774254526
zic008_aec7,20260918,4,19,8,35,0.5476660553333783,0.9244538612810338
zic008_aec7,20260918,4,20,8,35,0.66245975568827,0.906165019730338
zic008_aec7,20260918,4,21,8,35,0.6732290708801996,0.9283566750696232
zic008_aec7,20260918,4,22,8,35,0.5540195047774382,0.9246200238649372
zic008_aec7,20260918,4,23,8,35,0.5527871042891477,0.9263335341951496
zic008_aec7,20260918,4,24,8,35,0.6760457058935105,0.919968947654739
zic008_aec7,20260918,4,25,8,35,0.5579865708922399,0.9331357625647557
zic008_aec7,20260918,4,26,8,35,0.6901226456147566,0.9250851722835194
zic008_aec7,20260918,4,27,8,35,0.6856552630244669,0.9314040442035232
zic008_aec7,20260918,4,28,8,35,0.5469871886055674,0.9133729140897977
zic008_aec7,20260918,4,29,8,35,0.503693292103442,0.9160809912860886
zic008_aec7,20260918,4,30,8,35,0.6716662768490909,0.9221861905626156
zic008_aec7,20260918,4,31,8,35,0.5436648654025776,0.9283027342852379
zic008_aec7,20260918,4,32,8,35,0.5347277572788655,0.9290865930387854
zic008_aec7,20260918,4,33,8,35,0.6691631471661721,0.9083756892265166
zic008_aec7,20260918,4,34,8,35,0.5281272518178645,0.9119783416004621
zic008_aec7,20260918,4,35,8,35,0.6512396221818076,0.9174730326729905
zic008_aec7,20260918,4,36,8,35,0.5499975248471158,0.9312181995774054
zic008_aec7,20260918,4,37,8,35,0.6639988762937001,0.9110981668556781
zic008_aec7,20260918,4,38,8,35,0.668237678953058,0.928626618703121
zic008_aec7,20260918,4,39,8,35,0.5414817842055705,0.9195832701856874
zic008_aec7,20260918,4,40,8,35,0.6324964245833783,0.9067667159060262
zic008_aec7,20260918,4,41,8,35,0.6301660155703013,0.9238956054297232
zic008_aec7,20260918,4,42,8,35,0.5407066277533387,0.9231283733851912
zic008_aec7,20260918,4,43,8,35,0.5482982814161695,0.930547953322481
zic008_aec7,20260918,4,44,8,35,0.648238371055938,0.9206392964682741
zic008_aec7,20260918,4,45,8,35,0.5359396711144678,0.9129111916241299
zic008_aec7,20260918,4,46,8,35,0.6420595601281005,0.914974750191855
zic008_aec7,20260918,4,47,8,35,0.6508385011535515,0.9158508129470102
zic008_aec7,20260918,4,48,8,35,0.5289382479944611,0.8820116015816191
zic008_aec7,20260918,4,49,8,35,0.5042548640226704,0.8919192336841566
zic008_aec7,20260918,4,50,8,35,0.6478148510402234,0.9069123172562956
zic008_aec7,20260918,4,51,8,35,0.5255657907076604,0.8962959848049303
zic008_aec7,20260918,4,52,8,35,0.5147298385194361,0.9161521403914673
zic008_aec7,20260918,4,53,8,35,0.6301386363949057,0.9212953500481378
zic008_aec7,20260918,4,54,8,35,0.5065656708515661,0.8971539933204503
zic008_aec7,20260918,4,55,8,35,0.5635910908953339,0.9178584538113935
zic008_aec7,20260918,4,56,8,35,0.6622431773561248,0.9017691331395434
zic008_aec7,20260918,4,57,8,35,0.6780645412495252,0.9259826577832121
zic008_aec7,20260918,4,58,8,35,0.5667400869562147,0.9271494937355926
zic008_aec7,20260918,4,59,8,35,0.5469267359585275,0.9271398029111768
zic008_aec7,20260918,4,60,8,35,0.6850533054060606,0.9202710231239953
zic008_aec7,20260918,4,61,8,35,0.543357959829001,0.9127296411614306
zic008_aec7,20260918,4,62,8,35,0.5463953850074312,0.914809254921576
zic008_aec7,20260918,4,63,8,35,0.6553219219238963,0.9136774528326815
zic008_aec7,20260918,4,64,8,35,0.5568354158440011,0.9271752035910292
zic008_aec7,20260918,4,65,8,35,0.5580209044171522,0.9102616499974732
zic008_aec7,20260918,4,66,8,35,0.5421515763005298,0.9255351163111916
zic008_aec7,20260918,4,67,8,35,0.679249161384637,0.9275261298973536
zic008_aec7,20260918,4,68,8,35,0.5305605055654453,0.9085959536141881
zic008_aec7,20260918,4,69,8,35,0.5390383848014817,0.9171669190856785
zic008_aec7,20260918,5,0,8,35,0.6779367736667239,0.9265861269042217
zic008_aec7,20260918,5,1,8,35,0.5941373924327923,0.9441971066609223
zic008_aec7,20260918,5,2,8,35,0.691412888334515,0.9263061411014549
zic008_aec7,20260918,5,3,8,35,0.6860894350224015,0.9341555252553263
zic008_aec7,20260918,5,4,8,35,0.5997528826759635,0.9372207700182407
zic008_aec7,20260918,5,5,8,35,0.6635510945278835,0.92269463746366
zic008_aec7,20260918,5,6,8,35,0.6701611752928642,0.9364366226890465
zic008_aec7,20260918,5,7,8,35,0.5930135029518361,0.9404298052921818
zic008_aec7,20260918,5,8,8,35,0.5855630221439326,0.943675494578203
zic008_aec7,20260918,5,9,8,35,0.6782275463356087,0.9279172566686975
zic008_aec7,20260918,5,10,8,35,0.5877251535557033,0.9439756247789198
zic008_aec7,20260918,5,11,8,35,0.684528692558403,0.9330584310763167
zic008_aec7,20260918,5,12,8,35,0.6841794118369761,0.936769025719228
zic008_aec7,20260918,5,13,8,35,0.5844367676552024,0.9224624447745047
zic008_aec7,20260918,5,14,8,35,0.5651415353694423,0.9132274962202221
zic008_aec7,20260918,5,15,8,35,0.6872615955851691,0.9253241696025647
zic008_aec7,20260918,5,16,8,35,0.5880789482892045,0.9342693198546685
zic008_aec7,20260918,5,17,8,35,0.5798585658381146,0.9326897802101367
zic008_aec7,20260918,5,18,8,35,0.6708636159642366,0.9311691736747348
zic008_aec7,20260918,5,19,8,35,0.5749057269523395,0.9175416822203681
zic008_aec7,20260918,5,20,8,35,0.617484269004433,0.9384145239870116
zic008_aec7,20260918,5,21,8,35,0.7021881185195402,0.9293449293677379
zic008_aec7,20260918,5,22,8,35,0.7113372308804946,0.9360373679568912
zic008_aec7,20260918,5,23,8,35,0.6249120592212468,0.9416173675465116
zic008_aec7,20260918,5,24,8,35,0.5932423987797761,0.9368353665317452
zic008_aec7,20260918,5,25,8,35,0.7129358276259886,0.9305173063205645
zic008_aec7,20260918,5,26,8,35,0.6023274493982793,0.9338045369856594
zic008_aec7,20260918,5,27,8,35,0.5988281833214977,0.9293900124061235
zic008_aec7,20260918,5,28,8,35,0.6925426921687426,0.9232389145835836
zic008_aec7,20260918,5,29,8,35,0.6071884859102078,0.9380656322546849
zic008_aec7,20260918,5,30,8,35,0.6193676891725081,0.9399173038411179
zic008_aec7,20260918,5,31,8,35,0.5974745152534608,0.9395076267898149
zic008_aec7,20260918,5,32,8,35,0.7122647487128021,0.9352976952887958
zic008_aec7,20260918,5,33,8,35,0.5885089504614541,0.922759633534293
zic008_aec7,20260918,5,34,8,35,0.5990036887723316,0.9382003310703243
zic008_aec7,20260918,5,35,8,35,0.5935668032062832,0.9353819046593553
zic008_aec7,20260918,5,36,8,35,0.6734859569046758,0.921870378478889
zic008_aec7,20260918,5,37,8,35,0.6738363373311214,0.9315314476964506
zic008_aec7,20260918,5,38,8,35,0.5887134593925311,0.9333565306421646
zic008_aec7,20260918,5,39,8,35,0.5894855810789054,0.9346997779813505
zic008_aec7,20260918,5,40,8,35,0.6895077981033032,0.9183810835904256
zic008_aec7,20260918,5,41,8,35,0.5932006185179426,0.9256443671538954
zic008_aec7,20260918,5,42,8,35,0.5928192884963626,0.9363660653833914
zic008_aec7,20260918,5,43,8,35,0.658567963420909,0.9308065833300185
zic008_aec7,20260918,5,44,8,35,0.5829179721822131,0.9381242831912273
zic008_aec7,20260918,5,45,8,35,0.5813327095250151,0.9173299826113231
zic008_aec7,20260918,5,46,8,35,0.5766737012703433,0.9280724864283328
zic008_aec7,20260918,5,47,8,35,0.6753278766521693,0.9213979128292797
zic008_aec7,20260918,5,48,8,35,0.5717894318623135,0.9055642906573195
zic008_aec7,20260918,5,49,8,35,0.5732119534886345,0.9237355371257184
zic008_aec7,20260918,5,50,8,35,0.6115018867562828,0.9279412274207898
zic008_aec7,20260918,5,51,8,35,0.6132411708910617,0.9395943933571399
zic008_aec7,20260918,5,52,8,35,0.6964257897358171,0.9254674950086085
zic008_aec7,20260918,5,53,8,35,0.6113868787748454,0.9420620101082867
zic008_aec7,20260918,5,54,8,35,0.595652282631793,0.9315331224044112
zic008_aec7,20260918,5,55,8,35,0.6087145636503567,0.9327139176177806
zic008_aec7,20260918,6,0,8,35,0.6387534166307997,0.951575878324476
zic008_aec7,20260918,6,1,8,35,0.6970383405262272,0.9284355080740517
zic008_aec7,20260918,6,2,8,35,0.7030084911096376,0.9367494242604772
zic008_aec7,20260918,6,3,8,35,0.637607081886966,0.9470441891196046
zic008_aec7,20260918,6,4,8,35,0.632047681459815,0.9444061574794748
zic008_aec7,20260918,6,5,8,35,0.7071391403971318,0.9335336149092157
zic008_aec7,20260918,6,6,8,35,0.6383219024646237,0.9380710614097613
zic008_aec7,20260918,6,7,8,35,0.637761347148579,0.940904171822341
zic008_aec7,20260918,6,8,8,35,0.6882427799048458,0.9368074423687712
zic008_aec7,20260918,6,9,8,35,0.6304357048244289,0.9408774665525206
zic008_aec7,20260918,6,10,8,35,0.6338395755839835,0.9409331017949305
zic008_aec7,20260918,6,11,8,35,0.6276576244256573,0.941829791028075
zic008_aec7,20260918,6,12,8,35,0.7031189563700588,0.9450023492367713
zic008_aec7,20260918,6,13,8,35,0.6234159894008107,0.9275044105044242
zic008_aec7,20260918,6,14,8,35,0.627067494645092,0.9316775155996418
zic008_aec7,20260918,6,15,8,35,0.64742451626413,0.9450530060416125
zic008_aec7,20260918,6,16,8,35,0.6480595804753724,0.9448748427465159
zic008_aec7,20260918,6,17,8,35,0.723054372408579,0.9369777670055082
zic008_aec7,20260918,6,18,8,35,0.6522340244947396,0.9493637434247745
zic008_aec7,20260918,6,19,8,35,0.6393697413891168,0.9441523738224337
zic008_aec7,20260918,6,20,8,35,0.6535494299028143,0.9447406779311385
zic008_aec7,20260918,6,21,8,35,0.632731226281857,0.9366850422716918
zic008_aec7,20260918,6,22,8,35,0.6336927612093859,0.9439472215692928
zic008_aec7,20260918,6,23,8,35,0.6945191229847792,0.9336301032369603
zic008_aec7,20260918,6,24,8,35,0.6293160335371554,0.9392969349359831
zic008_aec7,20260918,6,25,8,35,0.6326291216608041,0.9340758838573754
zic008_aec7,20260918,6,26,8,35,0.6240919107052958,0.9268376721867222
zic008_aec7,20260918,6,27,8,35,0.6482687490332063,0.9360978960140546
zic008_aec7,20260918,7,0,8,35,0.6674231244145801,0.9438780012749878
zic008_aec7,20260918,7,1,8,35,0.667599032341331,0.9490095937450627
zic008_aec7,20260918,7,2,8,35,0.7151548510690908,0.94172017394241
zic008_aec7,20260918,7,3,8,35,0.666055073087899,0.9466176469643534
zic008_aec7,20260918,7,4,8,35,0.6667483421982074,0.9409246550649562
zic008_aec7,20260918,7,5,8,35,0.6636488999953782,0.9409867586063075
zic008_aec7,20260918,7,6,8,35,0.6738957495629767,0.9498356495420904
zic008_aec7,20260918,7,7,8,35,0.6629143339320849,0.9369884076667944
zic008_aec7,20260918,8,0,8,35,0.6906966026467432,0.9476039824789169
zic008_aec7,20260919,1,0,8,35,0.4917937790351752,0.9257487403691187
zic008_aec7,20260919,1,1,8,35,0.44701639378900576,0.8291182835507601
zic008_aec7,20260919,1,2,8,35,0.19090469097239088,0.6044341008769054
zic008_aec7,20260919,1,3,8,35,0.47144530871564266,0.864368555106741
zic008_aec7,20260919,1,4,8,35,0.444527297096999,0.8190924110544658
zic008_aec7,20260919,1,5,8,35,0.35533547442188457,0.7765017359066574
zic008_aec7,20260919,1,6,8,35,0.44095837132104165,0.8824458914332798
zic008_aec7,20260919,1,7,8,35,0.4777861872927653,0.8525105854660774
zic008_aec7,20260919,2,0,8,35,0.5903625518035518,0.9421452153201336
zic008_aec7,20260919,2,1,8,35,0.39188398797778956,0.8227751748523423
zic008_aec7,20260919,2,2,8,35,0.6175463113655951,0.9526454372556638
zic008_aec7,20260919,2,3,8,35,0.6029974021923225,0.9401981752447043
zic008_aec7,20260919,2,4,8,35,0.5568987982797698,0.9026424172052477
zic008_aec7,20260919,2,5,8,35,0.5599388071923834,0.9199381789759171
zic008_aec7,20260919,2,6,8,35,0.6187135469147215,0.9346288496443763
zic008_aec7,20260919,2,7,8,35,0.3160484205988897,0.7802011250274913
zic008_aec7,20260919,2,8,8,35,0.5544405144454158,0.8641757506429035
zic008_aec7,20260919,2,9,8,35,0.590320910228946,0.8823590699773795
zic008_aec7,20260919,2,10,8,35,0.5073272996717146,0.8312222515256041
zic008_aec7,20260919,2,11,8,35,0.5591685169035528,0.918309386805005
zic008_aec7,20260919,2,12,8,35,0.5681081565168039,0.8850422978491224
zic008_aec7,20260919,2,13,8,35,0.3465499744393445,0.8303968323139842
zic008_aec7,20260919,2,14,8,35,0.30106046304938705,0.7796978134421837
zic008_aec7,20260919,2,15,8,35,0.3331473710910671,0.8489232662018045
zic008_aec7,20260919,2,16,8,35,0.3836628379564901,0.8553036957272382
zic008_aec7,20260919,2,17,8,35,0.36100714288310004,0.8812569343420399
zic008_aec7,20260919,2,18,8,35,0.5531774661087318,0.9020796817723072
zic008_aec7,20260919,2,19,8,35,0.5238921470859639,0.8613798494089391
zic008_aec7,20260919,2,20,8,35,0.5682157571107079,0.9193228511427215
zic008_aec7,20260919,2,21,8,35,0.5682205441870025,0.8961184846322279
zic008_aec7,20260919,2,22,8,35,0.5385950171991502,0.9002688424544611
zic008_aec7,20260919,2,23,8,35,0.5653748983953005,0.9185314389279333
zic008_aec7,20260919,2,24,8,35,0.5690992030706713,0.8952755382244213
zic008_aec7,20260919,2,25,8,35,0.5106148350496371,0.8680719392748313
zic008_aec7,20260919,2,26,8,35,0.5363470029908763,0.8584735207439859
zic008_aec7,20260919,2,27,8,35,0.5802150858024472,0.9029128203149533
zic008_aec7,20260919,3,0,8,35,0.4722429256750461,0.898013585219314
zic008_aec7,20260919,3,1,8,35,0.6573768772926252,0.9358637516760585
zic008_aec7,20260919,3,2,8,35,0.6536542314016878,0.9398393228873442
zic008_aec7,20260919,3,3,8,35,0.599667873581205,0.9025564305466687
zic008_aec7,20260919,3,4,8,35,0.634893877835949,0.9514116218156758
zic008_aec7,20260919,3,5,8,35,0.6671396209486664,0.9388580653168784
zic008_aec7,20260919,3,6,8,35,0.49661507133938354,0.9280059258538704
zic008_aec7,20260919,3,7,8,35,0.4631157592592459,0.888884645502132
zic008_aec7,20260919,3,8,8,35,0.4544996480534035,0.9193860297889911
zic008_aec7,20260919,3,9,8,35,0.5047482438574211,0.9125493620083798
zic008_aec7,20260919,3,10,8,35,0.5026727202940583,0.9320463602025265
zic008_aec7,20260919,3,11,8,35,0.6538805414102747,0.9596723502387946
zic008_aec7,20260919,3,12,8,35,0.623259616283318,0.9227790202355716
zic008_aec7,20260919,3,13,8,35,0.6416962219117095,0.9498286106493764
zic008_aec7,20260919,3,14,8,35,0.67467165981985,0.9337870981146192
zic008_aec7,20260919,3,15,8,35,0.6132698238576693,0.9511231067767952
zic008_aec7,20260919,3,16,8,35,0.6335908215888155,0.941627003700595
zic008_aec7,20260919,3,17,8,35,0.6551305113106548,0.9390496177867897
zic008_aec7,20260919,3,18,8,35,0.5984883159367823,0.9110752322415587
zic008_aec7,20260919,3,19,8,35,0.6157382245152239,0.9140512406859275
zic008_aec7,20260919,3,20,8,35,0.6467321992418128,0.9408066338437119
zic008_aec7,20260919,3,21,8,35,0.42217567179562115,0.8752758306275881
zic008_aec7,20260919,3,22,8,35,0.4154889920403037,0.8599725138009565
zic008_aec7,20260919,3,23,8,35,0.4227857618476099,0.8904223542336331
zic008_aec7,20260919,3,24,8,35,0.47485695989378374,0.9040275047935914
zic008_aec7,20260919,3,25,8,35,0.4509058269720313,0.9053557283485443
zic008_aec7,20260919,3,26,8,35,0.586837198396339,0.9002230750203082
zic008_aec7,20260919,3,27,8,35,0.5777002390174352,0.8762322854340983
zic008_aec7,20260919,3,28,8,35,0.6344401985454821,0.9203905024247132
zic008_aec7,20260919,3,29,8,35,0.612321239125544,0.8940570404996405
zic008_aec7,20260919,3,30,8,35,0.5907407425481832,0.9121799203724373
zic008_aec7,20260919,3,31,8,35,0.6286624567189667,0.9340358399807629
zic008_aec7,20260919,3,32,8,35,0.6079713174697607,0.9284369088790767
zic008_aec7,20260919,3,33,8,35,0.5649552594778248,0.9090714719436823
zic008_aec7,20260919,3,34,8,35,0.5971017544936265,0.8880514263486563
zic008_aec7,20260919,3,35,8,35,0.6435225845759059,0.9349242473836125
zic008_aec7,20260919,3,36,8,35,0.4546116599103196,0.9016333239387876
zic008_aec7,20260919,3,37,8,35,0.4322697179405301,0.9059525617799
zic008_aec7,20260919,3,38,8,35,0.49500468266359365,0.9274254465655771
zic008_aec7,20260919,3,39,8,35,0.4577973574681968,0.9155647826799114
zic008_aec7,20260919,3,40,8,35,0.4447609171416253,0.8937488577461369
zic008_aec7,20260919,3,41,8,35,0.47553987129990605,0.898174821453877
zic008_aec7,20260919,3,42,8,35,0.45094494628080095,0.9124155308185067
zic008_aec7,20260919,3,43,8,35,0.4551915645798804,0.9142116774668144
zic008_aec7,20260919,3,44,8,35,0.43993761546603094,0.9141977245321274
zic008_aec7,20260919,3,45,8,35,0.508201124996162,0.9249131084841682
zic008_aec7,20260919,3,46,8,35,0.603791756239721,0.9191421729889877
zic008_aec7,20260919,3,47,8,35,0.6345615013864575,0.9490365328258729
zic008_aec7,20260919,3,48,8,35,0.6345844197639964,0.9268325225273945
zic008_aec7,20260919,3,49,8,35,0.5879515536267289,0.9215171665896371
zic008_aec7,20260919,3,50,8,35,0.60124792346544,0.8902096488163733
zic008_aec7,20260919,3,51,8,35,0.6471611579731332,0.936926668438695
zic008_aec7,20260919,3,52,8,35,0.5807892917127161,0.9153352758447598
zic008_aec7,20260919,3,53,8,35,0.6147479120828748,0.9174010173647777
zic008_aec7,20260919,3,54,8,35,0.6380301266906404,0.9365131785687282
zic008_aec7,20260919,3,55,8,35,0.5842529683862931,0.908180829148816
zic008_aec7,20260919,4,0,8,35,0.5535434766958066,0.9379263061872957
zic008_aec7,20260919,4,1,8,35,0.5294850161091413,0.927943499277459
zic008_aec7,20260919,4,2,8,35,0.5333645209648142,0.9344549031549939
zic008_aec7,20260919,4,3,8,35,0.5643651631220051,0.9437736589760003
zic008_aec7,20260919,4,4,8,35,0.5632044629827536,0.949857360974328
zic008_aec7,20260919,4,5,8,35,0.6821175422037722,0.9456583420615966
zic008_aec7,20260919,4,6,8,35,0.6425227713453311,0.9176346604661964
zic008_aec7,20260919,4,7,8,35,0.6857519465452084,0.95491745314757
zic008_aec7,20260919,4,8,8,35,0.6874764911547223,0.933816387777515
zic008_aec7,20260919,4,9,8,35,0.6495225414651046,0.9519400551539813
zic008_aec7,20260919,4,10,8,35,0.6668433125256976,0.9564007170753299
zic008_aec7,20260919,4,11,8,35,0.6876268888595622,0.9528434011031955
zic008_aec7,20260919,4,12,8,35,0.6476428072179259,0.9409904777792569
zic008_aec7,20260919,4,13,8,35,0.649869484084971,0.92391219591152
zic008_aec7,20260919,4,14,8,35,0.6900075815832534,0.9547622181232099
zic008_aec7,20260919,4,15,8,35,0.5538791788704035,0.9389563210827899
zic008_aec7,20260919,4,16,8,35,0.5359188170823358,0.9491984598268168
zic008_aec7,20260919,4,17,8,35,0.5765165533931279,0.9490858492317417
zic008_aec7,20260919,4,18,8,35,0.5732014712040627,0.9425457228185574
zic008_aec7,20260919,4,19,8,35,0.5586623009039817,0.9409578060206768
zic008_aec7,20260919,4,20,8,35,0.5691000444150546,0.9338999611903895
zic008_aec7,20260919,4,21,8,35,0.5508272885967422,0.9397069752207542
zic008_aec7,20260919,4,22,8,35,0.5567194499344765,0.9420952123724806
zic008_aec7,20260919,4,23,8,35,0.5504867623246195,0.9382419313723571
zic008_aec7,20260919,4,24,8,35,0.5653988925141832,0.9542366513934385
zic008_aec7,20260919,4,25,8,35,0.6572549682916401,0.9493754805379135
zic008_aec7,20260919,4,26,8,35,0.6881720340860784,0.9622086158312794
zic008_aec7,20260919,4,27,8,35,0.6995992895756762,0.9507369579741782
zic008_aec7,20260919,4,28,8,35,0.6501023587803834,0.9396539586692647
zic008_aec7,20260919,4,29,8,35,0.6563884156380909,0.926114179654511
zic008_aec7,20260919,4,30,8,35,0.6933986222453677,0.9497979003538607
zic008_aec7,20260919,4,31,8,35,0.6564648225134024,0.9392940395205439
zic008_aec7,20260919,4,32,8,35,0.663328178332986,0.9507713134143431
zic008_aec7,20260919,4,33,8,35,0.6883723817264007,0.9565870028164453
zic008_aec7,20260919,4,34,8,35,0.6451919290007926,0.9272783472710874
zic008_aec7,20260919,4,35,8,35,0.5120681394879893,0.9004125834464768
zic008_aec7,20260919,4,36,8,35,0.5068881472066459,0.8941846338108839
zic008_aec7,20260919,4,37,8,35,0.5507428598133695,0.9284357457892951
zic008_aec7,20260919,4,38,8,35,0.5202468815551312,0.9178713608023684
zic008_aec7,20260919,4,39,8,35,0.5200684135847032,0.9220766469357493
zic008_aec7,20260919,4,40,8,35,0.5408116502264622,0.9181634659834328
zic008_aec7,20260919,4,41,8,35,0.5276522414565897,0.9279476474548929
zic008_aec7,20260919,4,42,8,35,0.5184929781798997,0.9228014504189596
zic008_aec7,20260919,4,43,8,35,0.5084323817029791,0.9120475051269126
zic008_aec7,20260919,4,44,8,35,0.5663185226236149,0.9322060779394941
zic008_aec7,20260919,4,45,8,35,0.6359038927737585,0.9089807606087129
zic008_aec7,20260919,4,46,8,35,0.656180311847637,0.933833374692101
zic008_aec7,20260919,4,47,8,35,0.6481074182967357,0.9206028646324831
zic008_aec7,20260919,4,48,8,35,0.6140525028377366,0.9122597960197665
zic008_aec7,20260919,4,49,8,35,0.6384285907772143,0.8924666619522399
zic008_aec7,20260919,4,50,8,35,0.6801219998273651,0.9206132665376434
zic008_aec7,20260919,4,51,8,35,0.611961059914324,0.9309480583256126
zic008_aec7,20260919,4,52,8,35,0.6538661498695364,0.9195145687939446
zic008_aec7,20260919,4,53,8,35,0.6662959335724058,0.9425280096259613
zic008_aec7,20260919,4,54,8,35,0.6159549449210212,0.9225668307080899
zic008_aec7,20260919,4,55,8,35,0.5266212829715508,0.9287144911844718
zic008_aec7,20260919,4,56,8,35,0.5547268513729877,0.9358124782430175
zic008_aec7,20260919,4,57,8,35,0.5379262798837773,0.9300138778788631
zic008_aec7,20260919,4,58,8,35,0.5238219326890147,0.9324578498655607
zic008_aec7,20260919,4,59,8,35,0.5280316969526754,0.9214473683854786
zic008_aec7,20260919,4,60,8,35,0.5760949095567817,0.940936569772805
zic008_aec7,20260919,4,61,8,35,0.5488872233848492,0.9305715498312204
zic008_aec7,20260919,4,62,8,35,0.5421747661366375,0.9200022254766397
zic008_aec7,20260919,4,63,8,35,0.5607980778524815,0.9477411987393826
zic008_aec7,20260919,4,64,8,35,0.5393794995854084,0.9322021797266833
zic008_aec7,20260919,4,65,8,35,0.6279643763031011,0.9317463251488448
zic008_aec7,20260919,4,66,8,35,0.658545063931228,0.9256165085274498
zic008_aec7,20260919,4,67,8,35,0.6881654569626111,0.9450167752378579
zic008_aec7,20260919,4,68,8,35,0.6299626560241524,0.9255964374054311
zic008_aec7,20260919,4,69,8,35,0.6327597712339474,0.9342623576352242
zic008_aec7,20260919,5,0,8,35,0.5931189042790277,0.9347782971700809
zic008_aec7,20260919,5,1,8,35,0.5884745588356219,0.93909724842979
zic008_aec7,20260919,5,2,8,35,0.6117815956714909,0.9545152720498746
zic008_aec7,20260919,5,3,8,35,0.6138010195226639,0.9458567800281764
zic008_aec7,20260919,5,4,8,35,0.6007244673694515,0.9547204573741048
zic008_aec7,20260919,5,5,8,35,0.61993242837483,0.9446853842583849
zic008_aec7,20260919,5,6,8,35,0.6044358776331917,0.9496039399496577
zic008_aec7,20260919,5,7,8,35,0.5978998550646233,0.9438630593794963
zic008_aec7,20260919,5,8,8,35,0.6005350147688456,0.9456773404963217
zic008_aec7,20260919,5,9,8,35,0.618029817064634,0.9583387175786446
zic008_aec7,20260919,5,10,8,35,0.6807298354034901,0.9478759795938582
zic008_aec7,20260919,5,11,8,35,0.7012462391471141,0.9636590261413447
zic008_aec7,20260919,5,12,8,35,0.7059628471630433,0.9504329630939262
zic008_aec7,20260919,5,13,8,35,0.6655166715570356,0.9410952986603045
zic008_aec7,20260919,5,14,8,35,0.6819894576166713,0.9303733421046103
zic008_aec7,20260919,5,15,8,35,0.7194901045624639,0.9505254238339125
zic008_aec7,20260919,5,16,8,35,0.6910982211035444,0.9538020185736852
zic008_aec7,20260919,5,17,8,35,0.6920691840183305,0.9476185457503393
zic008_aec7,20260919,5,18,8,35,0.7068816332646809,0.9630911635787164
zic008_aec7,20260919,5,19,8,35,0.6631180274271514,0.9452905819774154
zic008_aec7,20260919,5,20,8,35,0.6015165400733662,0.9543890185352555
zic008_aec7,20260919,5,21,8,35,0.6222380979359188,0.9538534983270712
zic008_aec7,20260919,5,22,8,35,0.6122156735142023,0.9560029482731812
zic008_aec7,20260919,5,23,8,35,0.5937380442232189,0.9527886141180607
zic008_aec7,20260919,5,24,8,35,0.6041143774970302,0.9433320818139023
zic008_aec7,20260919,5,25,8,35,0.6185335580942075,0.9584356245966549
zic008_aec7,20260919,5,26,8,35,0.6088019293349373,0.9492702901836316
zic008_aec7,20260919,5,27,8,35,0.6119805595711706,0.949098876254493
zic008_aec7,20260919,5,28,8,35,0.6272084332787637,0.9534762328289637
zic008_aec7,20260919,5,29,8,35,0.6045837913614154,0.9464513806763548
zic008_aec7,20260919,5,30,8,35,0.6923799749775478,0.9512539261736797
zic008_aec7,20260919,5,31,8,35,0.695758057359041,0.9529193129549202
zic008_aec7,20260919,5,32,8,35,0.7240433847080187,0.9598429026373752
zic008_aec7,20260919,5,33,8,35,0.6677721586317681,0.9447155296235681
zic008_aec7,20260919,5,34,8,35,0.6923919928239701,0.9507966000620555
zic008_aec7,20260919,5,35,8,35,0.5739604218379926,0.9355140347099876
zic008_aec7,20260919,5,36,8,35,0.5965848287833989,0.9346275394681054
zic008_aec7,20260919,5,37,8,35,0.5891575318340423,0.9309279127096958
zic008_aec7,20260919,5,38,8,35,0.5735755020528597,0.9217642220153406
zic008_aec7,20260919,5,39,8,35,0.5762949751670128,0.9041880770450462
zic008_aec7,20260919,5,40,8,35,0.6171398223402628,0.9368613285035572
zic008_aec7,20260919,5,41,8,35,0.5948595634954937,0.9343717594392077
zic008_aec7,20260919,5,42,8,35,0.5920426788135925,0.9261690727276028
zic008_aec7,20260919,5,43,8,35,0.6048014245100485,0.9438779962275132
zic008_aec7,20260919,5,44,8,35,0.5907406714957852,0.9262418244365941
zic008_aec7,20260919,5,45,8,35,0.6506952879502331,0.9291117149253076
zic008_aec7,20260919,5,46,8,35,0.6817832355996907,0.9257763674687457
zic008_aec7,20260919,5,47,8,35,0.7012965564705157,0.9432900868683479
zic008_aec7,20260919,5,48,8,35,0.6545527597099257,0.925534554480526
zic008_aec7,20260919,5,49,8,35,0.6656004401591514,0.9442371758754567
zic008_aec7,20260919,5,50,8,35,0.5909348202568308,0.9429923563085971
zic008_aec7,20260919,5,51,8,35,0.5958309144844882,0.9390504545210364
zic008_aec7,20260919,5,52,8,35,0.6112049145808445,0.9460793445195157
zic008_aec7,20260919,5,53,8,35,0.5935648048961353,0.930236993172697
zic008_aec7,20260919,5,54,8,35,0.6024455346042966,0.9401426030765878
zic008_aec7,20260919,5,55,8,35,0.6703601011728566,0.9322390020738643
zic008_aec7,20260919,6,0,8,35,0.6393013272561708,0.9538381712594329
zic008_aec7,20260919,6,1,8,35,0.6500718789501202,0.9550119841137868
zic008_aec7,20260919,6,2,8,35,0.649643478280627,0.9565674345563717
zic008_aec7,20260919,6,3,8,35,0.6338276687432164,0.9450062629038989
zic008_aec7,20260919,6,4,8,35,0.6397243957464256,0.943913556320002
zic008_aec7,20260919,6,5,8,35,0.6556572235280735,0.951709521044184
zic008_aec7,20260919,6,6,8,35,0.6394995781704486,0.9577874573345251
zic008_aec7,20260919,6,7,8,35,0.648188423628621,0.9521271032626305
zic008_aec7,20260919,6,8,8,35,0.6566637357787405,0.9627718231288538
zic008_aec7,20260919,6,9,8,35,0.6419682958554165,0.9481703182828898
zic008_aec7,20260919,6,10,8,35,0.7049675297329121,0.954705232153649
zic008_aec7,20260919,6,11,8,35,0.7129469423667405,0.9462288468553641
zic008_aec7,20260919,6,12,8,35,0.7321189268473567,0.9612744677440743
zic008_aec7,20260919,6,13,8,35,0.6870175481070063,0.9465045908119528
zic008_aec7,20260919,6,14,8,35,0.7025959115360496,0.9571154081654739
zic008_aec7,20260919,6,15,8,35,0.6424272293861885,0.9605750908448083
zic008_aec7,20260919,6,16,8,35,0.6509927827314568,0.9500166209090802
zic008_aec7,20260919,6,17,8,35,0.6691637739370813,0.9618914729327952
zic008_aec7,20260919,6,18,8,35,0.6447849013863515,0.9514831842174094
zic008_aec7,20260919,6,19,8,35,0.6504799015633683,0.9617506867911758
zic008_aec7,20260919,6,20,8,35,0.7036917295163431,0.9504672329577758
zic008_aec7,20260919,6,21,8,35,0.6302813349444766,0.9389106646448478
zic008_aec7,20260919,6,22,8,35,0.6313162683452066,0.9369213264131484
zic008_aec7,20260919,6,23,8,35,0.6475104197181331,0.9409881663396956
zic008_aec7,20260919,6,24,8,35,0.6307797383303557,0.9277707103925045
zic008_aec7,20260919,6,25,8,35,0.6400923008633498,0.9445671131464232
zic008_aec7,20260919,6,26,8,35,0.6908301293317297,0.9387077671040993
zic008_aec7,20260919,6,27,8,35,0.6421946552355573,0.938360014435476
zic008_aec7,20260919,7,0,8,35,0.6724535978551942,0.9618900954276471
zic008_aec7,20260919,7,1,8,35,0.6771245522358018,0.9523525612409236
zic008_aec7,20260919,7,2,8,35,0.6904400576851493,0.959230901275559
zic008_aec7,20260919,7,3,8,35,0.6657576131529539,0.9495761395848
zic008_aec7,20260919,7,4,8,35,0.6794519936405543,0.9635881197690164
zic008_aec7,20260919,7,5,8,35,0.7164126432329073,0.950997955203281
zic008_aec7,20260919,7,6,8,35,0.6811546140361401,0.9551215371042988
zic008_aec7,20260919,7,7,8,35,0.6697874940777121,0.9439373880194444
zic008_aec7,20260919,8,0,8,35,0.6993076550508469,0.9544464276273444
zic008_aec7,20260920,1,0,8,35,0.5037118802394016,0.8857302447864637
zic008_aec7,20260920,1,1,8,35,0.5116846417442295,0.8633119603259218
zic008_aec7,20260920,1,2,8,35,0.4912861871268546,0.8322657709397148
zic008_aec7,20260920,1,3,8,35,0.4566645704634915,0.8510260609453314
zic008_aec7,20260920,1,4,8,35,0.2682988739724417,0.5681368574297352
zic008_aec7,20260920,1,5,8,35,0.4618887522569192,0.8732010347964658
zic008_aec7,20260920,1,6,8,35,0.4809603628927395,0.8241130557051426
zic008_aec7,20260920,1,7,8,35,0.1853879755015452,0.54128579153007
zic008_aec7,20260920,2,0,8,35,0.6147098847680947,0.9383892054555674
zic008_aec7,20260920,2,1,8,35,0.6295780468512863,0.9252067698052969
zic008_aec7,20260920,2,2,8,35,0.5816800535490585,0.9358818625154162
zic008_aec7,20260920,2,3,8,35,0.4818976741194252,0.8478903170555248
zic008_aec7,20260920,2,4,8,35,0.5939544289685308,0.9376259017255336
zic008_aec7,20260920,2,5,8,35,0.616414614731146,0.913581838452643
zic008_aec7,20260920,2,6,8,35,0.3446873363993011,0.8217595651105599
zic008_aec7,20260920,2,7,8,35,0.6127592766480349,0.8904578155734952
zic008_aec7,20260920,2,8,8,35,0.5957515653769456,0.9448822903582573
zic008_aec7,20260920,2,9,8,35,0.453390445866921,0.8662287055516515
zic008_aec7,20260920,2,10,8,35,0.5861429321066178,0.8998871599139573
zic008_aec7,20260920,2,11,8,35,0.6027457210261326,0.8711178132297711
zic008_aec7,20260920,2,12,8,35,0.3870296170258439,0.8320291387709287
zic008_aec7,20260920,2,13,8,35,0.6255593340157005,0.9220819128896258
zic008_aec7,20260920,2,14,8,35,0.4658913880071119,0.8711282800411464
zic008_aec7,20260920,2,15,8,35,0.6385203908516759,0.8913025296984621
zic008_aec7,20260920,2,16,8,35,0.6412536003568143,0.9067265559312463
zic008_aec7,20260920,2,17,8,35,0.338758174007002,0.8477952982761652
zic008_aec7,20260920,2,18,8,35,0.4197163181954724,0.765576911295747
zic008_aec7,20260920,2,19,8,35,0.5653649641827093,0.9297269137952305
zic008_aec7,20260920,2,20,8,35,0.5544740165352967,0.8699882913496673
zic008_aec7,20260920,2,21,8,35,0.3193506009049689,0.7601088067139262
zic008_aec7,20260920,2,22,8,35,0.4144055923687807,0.8426912684751239
zic008_aec7,20260920,2,23,8,35,0.45568706487159294,0.8040932904682019
zic008_aec7,20260920,2,24,8,35,0.2762317014510047,0.5380452379570947
zic008_aec7,20260920,2,25,8,35,0.5703077605546251,0.903571412254282
zic008_aec7,20260920,2,26,8,35,0.3836385517243155,0.8134282219822301
zic008_aec7,20260920,2,27,8,35,0.35736545133887,0.8012896285431048
zic008_aec7,20260920,3,0,8,35,0.664665039170212,0.9307916029124494
zic008_aec7,20260920,3,1,8,35,0.6626305936449877,0.9555027935963442
zic008_aec7,20260920,3,2,8,35,0.577715954893498,0.9214525795122416
zic008_aec7,20260920,3,3,8,35,0.6677643065168941,0.9306411171588581
zic008_aec7,20260920,3,4,8,35,0.6765521995429,0.9318561519509523
zic008_aec7,20260920,3,5,8,35,0.5030472137811329,0.9244478879800693
zic008_aec7,20260920,3,6,8,35,0.6760406758593256,0.9515549462410632
zic008_aec7,20260920,3,7,8,35,0.5854327541157912,0.9165646463595871
zic008_aec7,20260920,3,8,8,35,0.6984048005925595,0.9387957165088274
zic008_aec7,20260920,3,9,8,35,0.6801052490305045,0.9432050884462019
zic008_aec7,20260920,3,10,8,35,0.4570409973235054,0.9098404338543951
zic008_aec7,20260920,3,11,8,35,0.5560302396697198,0.8781725326755236
zic008_aec7,20260920,3,12,8,35,0.653995664575065,0.9568715014239599
zic008_aec7,20260920,3,13,8,35,0.6461416870561213,0.9315626859857388
zic008_aec7,20260920,3,14,8,35,0.45753746132023176,0.8935742061676909
zic008_aec7,20260920,3,15,8,35,0.54216724742255,0.9090395870057437
zic008_aec7,20260920,3,16,8,35,0.557080825308386,0.9049679206407832
zic008_aec7,20260920,3,17,8,35,0.38142474753929223,0.777406527368787
zic008_aec7,20260920,3,18,8,35,0.6581199576738497,0.9451270082882097
zic008_aec7,20260920,3,19,8,35,0.4855142043649519,0.9155735371045124
zic008_aec7,20260920,3,20,8,35,0.4831620880944727,0.8900350183138614
zic008_aec7,20260920,3,21,8,35,0.673986840118742,0.9465464552906084
zic008_aec7,20260920,3,22,8,35,0.5971690463222887,0.937255098401188
zic008_aec7,20260920,3,23,8,35,0.6894989623248124,0.9072045656232506
zic008_aec7,20260920,3,24,8,35,0.67738229083716,0.9198151348561512
zic008_aec7,20260920,3,25,8,35,0.4951598778418599,0.9202094406333994
zic008_aec7,20260920,3,26,8,35,0.5746145430380477,0.9154599193340245
zic008_aec7,20260920,3,27,8,35,0.6484843149265873,0.9285885354110408
zic008_aec7,20260920,3,28,8,35,0.6269764109677602,0.9232776731361086
zic008_aec7,20260920,3,29,8,35,0.4941364260103656,0.899772318336302
zic008_aec7,20260920,3,30,8,35,0.5501117891721037,0.9015876511013017
zic008_aec7,20260920,3,31,8,35,0.5704342267580508,0.9229251926855175
zic008_aec7,20260920,3,32,8,35,0.44004153844313326,0.8176287780508238
zic008_aec7,20260920,3,33,8,35,0.6515429944831371,0.9142019432955589
zic008_aec7,20260920,3,34,8,35,0.5123570341835277,0.8916861206492716
zic008_aec7,20260920,3,35,8,35,0.49766420323047633,0.8904745936205778
zic008_aec7,20260920,3,36,8,35,0.5610138631160344,0.8946847955588603
zic008_aec7,20260920,3,37,8,35,0.6670355832600785,0.9465260685555821
zic008_aec7,20260920,3,38,8,35,0.6624625089731428,0.9337810818831184
zic008_aec7,20260920,3,39,8,35,0.44362950902751247,0.8569650173173267
zic008_aec7,20260920,3,40,8,35,0.5766174663622987,0.944012202586369
zic008_aec7,20260920,3,41,8,35,0.5790097638273657,0.9058883755420236
zic008_aec7,20260920,3,42,8,35,0.37218435973850456,0.7449262681987203
zic008_aec7,20260920,3,43,8,35,0.6887222406939525,0.9255954788336639
zic008_aec7,20260920,3,44,8,35,0.4763492488804192,0.9161907666902367
zic008_aec7,20260920,3,45,8,35,0.4644490707206281,0.9047727502973933
zic008_aec7,20260920,3,46,8,35,0.5725308713080949,0.8857707081591955
zic008_aec7,20260920,3,47,8,35,0.5511026438814716,0.8480243685755914
zic008_aec7,20260920,3,48,8,35,0.3829655192528036,0.6876913467669269
zic008_aec7,20260920,3,49,8,35,0.6332550452546754,0.9301475841874287
zic008_aec7,20260920,3,50,8,35,0.4877229315186528,0.8796373459194794
zic008_aec7,20260920,3,51,8,35,0.4495315919046853,0.8505571375305045
zic008_aec7,20260920,3,52,8,35,0.5373679320561696,0.9107662025182534
zic008_aec7,20260920,3,53,8,35,0.43130384228240387,0.7384255860199204
zic008_aec7,20260920,3,54,8,35,0.412911497369263,0.7268440951875071
zic008_aec7,20260920,3,55,8,35,0.4917110479174295,0.8810708238520616
zic008_aec7,20260920,4,0,8,35,0.7072337300466531,0.9657057136109232
zic008_aec7,20260920,4,1,8,35,0.6655398992288615,0.9561679847875504
zic008_aec7,20260920,4,2,8,35,0.7280629991510322,0.9336352040671818
zic008_aec7,20260920,4,3,8,35,0.7073835034944485,0.9470650218050751
zic008_aec7,20260920,4,4,8,35,0.5760207226537657,0.9486840119363095
zic008_aec7,20260920,4,5,8,35,0.650568953146217,0.9464918659594157
zic008_aec7,20260920,4,6,8,35,0.7046243536347007,0.9575892097819287
zic008_aec7,20260920,4,7,8,35,0.6815762928471977,0.9518179574136777
zic008_aec7,20260920,4,8,8,35,0.5692008395685695,0.9438593172081083
zic008_aec7,20260920,4,9,8,35,0.6330228274782876,0.9442970873570666
zic008_aec7,20260920,4,10,8,35,0.6421948471903097,0.9470962041002077
zic008_aec7,20260920,4,11,8,35,0.51697304291954,0.8898004290502274
zic008_aec7,20260920,4,12,8,35,0.7056580875452878,0.9403334205568993
zic008_aec7,20260920,4,13,8,35,0.5801623187137939,0.9351934952425014
zic008_aec7,20260920,4,14,8,35,0.5717733951050687,0.9276708289632952
zic008_aec7,20260920,4,15,8,35,0.6319345269637363,0.9343272734570964
zic008_aec7,20260920,4,16,8,35,0.7137102124038459,0.9643308652874509
zic008_aec7,20260920,4,17,8,35,0.7002252866222346,0.9524511077597458
zic008_aec7,20260920,4,18,8,35,0.5368976796137667,0.9288411332772265
zic008_aec7,20260920,4,19,8,35,0.6504589071561508,0.952506639287469
zic008_aec7,20260920,4,20,8,35,0.6473849056898331,0.9365989966635491
zic008_aec7,20260920,4,21,8,35,0.45385095731608477,0.8752934606006342
zic008_aec7,20260920,4,22,8,35,0.7284762763088855,0.949823043787602
zic008_aec7,20260920,4,23,8,35,0.5559365051040069,0.9448751293268594
zic008_aec7,20260920,4,24,8,35,0.5437656153682278,0.9294123159148114
zic008_aec7,20260920,4,25,8,35,0.6438588897025551,0.9320357212424144
zic008_aec7,20260920,4,26,8,35,0.6345146878070956,0.9264362662298248
zic008_aec7,20260920,4,27,8,35,0.48190172192012043,0.830161669875856
zic008_aec7,20260920,4,28,8,35,0.6932757469098699,0.958032110670566
zic008_aec7,20260920,4,29,8,35,0.5643459967545816,0.9233246598102561
zic008_aec7,20260920,4,30,8,35,0.550668970094544,0.9004024807925771
zic008_aec7,20260920,4,31,8,35,0.6127508217823231,0.944499849852211
zic008_aec7,20260920,4,32,8,35,0.5120991296266731,0.868320280315582
zic008_aec7,20260920,4,33,8,35,0.5062301337031633,0.8480313054512583
zic008_aec7,20260920,4,34,8,35,0.5723642586499802,0.9422287902402321
zic008_aec7,20260920,4,35,8,35,0.6584545378063013,0.946739723915099
zic008_aec7,20260920,4,36,8,35,0.7043732111746487,0.9444614009595625
zic008_aec7,20260920,4,37,8,35,0.69746873678034,0.9406056889683472
zic008_aec7,20260920,4,38,8,35,0.5682363592260548,0.9462325959930454
zic008_aec7,20260920,4,39,8,35,0.6583670210459505,0.9461484383302146
zic008_aec7,20260920,4,40,8,35,0.6541705160802489,0.9549045998432971
zic008_aec7,20260920,4,41,8,35,0.5244458180074643,0.8873177200958332
zic008_aec7,20260920,4,42,8,35,0.7142994548661973,0.9297886821235543
zic008_aec7,20260920,4,43,8,35,0.5738406552908843,0.9374201166234367
zic008_aec7,20260920,4,44,8,35,0.5635181876753081,0.939455984415515
zic008_aec7,20260920,4,45,8,35,0.6176097136375024,0.9346404995447061
zic008_aec7,20260920,4,46,8,35,0.620205339957401,0.931389310116042
zic008_aec7,20260920,4,47,8,35,0.501990221268722,0.8566569807322854
zic008_aec7,20260920,4,48,8,35,0.6878080696073374,0.9308150816730498
zic008_aec7,20260920,4,49,8,35,0.5776786078411602,0.9201622242310421
zic008_aec7,20260920,4,50,8,35,0.5730188286949031,0.8974975599177428
zic008_aec7,20260920,4,51,8,35,0.6186795753442795,0.9362725268287657
zic008_aec7,20260920,4,52,8,35,0.5063373969724487,0.8639000265247762
zic008_aec7,20260920,4,53,8,35,0.4997887199008421,0.8675280410146857
zic008_aec7,20260920,4,54,8,35,0.5833781870037703,0.9294356541855926
zic008_aec7,20260920,4,55,8,35,0.6482778721874645,0.9479205388542228
zic008_aec7,20260920,4,56,8,35,0.634526006606536,0.9373363003338548
zic008_aec7,20260920,4,57,8,35,0.4580256713999096,0.8194596951447354
zic008_aec7,20260920,4,58,8,35,0.7025654032540622,0.9502451177947586
zic008_aec7,20260920,4,59,8,35,0.5574233405844232,0.94144408361213
zic008_aec7,20260920,4,60,8,35,0.5386302467426927,0.9193923454471372
zic008_aec7,20260920,4,61,8,35,0.640785575639864,0.9497807266423356
zic008_aec7,20260920,4,62,8,35,0.5044052840850068,0.876352296789208
zic008_aec7,20260920,4,63,8,35,0.48228094741683886,0.8661928476947184
zic008_aec7,20260920,4,64,8,35,0.5528390994461975,0.9386532775375085
zic008_aec7,20260920,4,65,8,35,0.594789409624147,0.9211798358887342
zic008_aec7,20260920,4,66,8,35,0.5157648278297156,0.8308292770892785
zic008_aec7,20260920,4,67,8,35,0.4847831377160338,0.824794858142919
zic008_aec7,20260920,4,68,8,35,0.5563174198407027,0.8955653700463945
zic008_aec7,20260920,4,69,8,35,0.4981506634133623,0.8425803216989621
zic008_aec7,20260920,5,0,8,35,0.6988803158837119,0.9638256783763215
zic008_aec7,20260920,5,1,8,35,0.7362959003449182,0.9582362885997068
zic008_aec7,20260920,5,2,8,35,0.7228798869753496,0.9629291978717428
zic008_aec7,20260920,5,3,8,35,0.6277126884595815,0.9632707242845412
zic008_aec7,20260920,5,4,8,35,0.7049583062017049,0.9600871837449853
zic008_aec7,20260920,5,5,8,35,0.7016268230403316,0.9681308589372724
zic008_aec7,20260920,5,6,8,35,0.594782748691206,0.9260062254946474
zic008_aec7,20260920,5,7,8,35,0.746328727674646,0.944474778708431
zic008_aec7,20260920,5,8,8,35,0.6327573274328867,0.9550462799382241
zic008_aec7,20260920,5,9,8,35,0.6263820126257963,0.9541474984768905
zic008_aec7,20260920,5,10,8,35,0.6729528847041991,0.9553967486515645
zic008_aec7,20260920,5,11,8,35,0.6761308811203799,0.9518074545274667
zic008_aec7,20260920,5,12,8,35,0.5771458004757958,0.9110395095893229
zic008_aec7,20260920,5,13,8,35,0.7284003454786491,0.9555245147422055
zic008_aec7,20260920,5,14,8,35,0.6324549389362278,0.9431359864492859
zic008_aec7,20260920,5,15,8,35,0.6198431258412371,0.9428045132923305
zic008_aec7,20260920,5,16,8,35,0.6766093112586196,0.9544066346901483
zic008_aec7,20260920,5,17,8,35,0.5745507331175228,0.9026062739922451
zic008_aec7,20260920,5,18,8,35,0.5703447599980244,0.9235478725001562
zic008_aec7,20260920,5,19,8,35,0.6237503795733552,0.9503379864043744
zic008_aec7,20260920,5,20,8,35,0.6938248888568394,0.9649878867066042
zic008_aec7,20260920,5,21,8,35,0.6810510554105007,0.9490903694349128
zic008_aec7,20260920,5,22,8,35,0.540867281866525,0.8904636548673484
zic008_aec7,20260920,5,23,8,35,0.7345470965744024,0.9609328494144561
zic008_aec7,20260920,5,24,8,35,0.6226495855624342,0.9592717525907754
zic008_aec7,20260920,5,25,8,35,0.6006263767912049,0.943524676329368
zic008_aec7,20260920,5,26,8,35,0.6911155403994192,0.9575922992055343
zic008_aec7,20260920,5,27,8,35,0.5786863900969997,0.9196117504531063
zic008_aec7,20260920,5,28,8,35,0.5615078643959664,0.907393694182286
zic008_aec7,20260920,5,29,8,35,0.6165689228078352,0.9542536127538402
zic008_aec7,20260920,5,30,8,35,0.6562496546497524,0.9485540877228781
zic008_aec7,20260920,5,31,8,35,0.5752987319446238,0.8946616918564765
zic008_aec7,20260920,5,32,8,35,0.5625541359150737,0.8694865566076603
zic008_aec7,20260920,5,33,8,35,0.6200475204607033,0.93953251403935
zic008_aec7,20260920,5,34,8,35,0.5587301515354635,0.8975892597909071
zic008_aec7,20260920,5,35,8,35,0.6919157964438757,0.9550742429697461
zic008_aec7,20260920,5,36,8,35,0.6841190815066066,0.9555483643667059
zic008_aec7,20260920,5,37,8,35,0.5659065337856904,0.9071292434963335
zic008_aec7,20260920,5,38,8,35,0.7233273697546622,0.9461141449818925
zic008_aec7,20260920,5,39,8,35,0.627613534074281,0.9550694075440043
zic008_aec7,20260920,5,40,8,35,0.6238657910746301,0.9546380275020583
zic008_aec7,20260920,5,41,8,35,0.6963339835342204,0.9496229650625801
zic008_aec7,20260920,5,42,8,35,0.584767274832219,0.916459475682961
zic008_aec7,20260920,5,43,8,35,0.5774978236561155,0.9218392532664023
zic008_aec7,20260920,5,44,8,35,0.6287250789953951,0.9447792607981399
zic008_aec7,20260920,5,45,8,35,0.6580500739952043,0.9492481082816514
zic008_aec7,20260920,5,46,8,35,0.5961937811029429,0.8837973668595428
zic008_aec7,20260920,5,47,8,35,0.573858241240644,0.8871273929046172
zic008_aec7,20260920,5,48,8,35,0.6295233171470997,0.9345272158824993
zic008_aec7,20260920,5,49,8,35,0.5612675208536593,0.9102380954629169
zic008_aec7,20260920,5,50,8,35,0.675726501919286,0.9575241324623418
zic008_aec7,20260920,5,51,8,35,0.5806969992061578,0.8973995368369617
zic008_aec7,20260920,5,52,8,35,0.5516927921812804,0.8937467139245724
zic008_aec7,20260920,5,53,8,35,0.6198284115826634,0.9457840698735176
zic008_aec7,20260920,5,54,8,35,0.5664710158057005,0.9129023811237886
zic008_aec7,20260920,5,55,8,35,0.5768024827650649,0.8662715842946979
zic008_aec7,20260920,6,0,8,35,0.7276760496091967,0.9665665052438422
zic008_aec7,20260920,6,1,8,35,0.7125897444920503,0.9674591676443103
zic008_aec7,20260920,6,2,8,35,0.6235294308505338,0.9352700478569386
zic008_aec7,20260920,6,3,8,35,0.7492760218571495,0.9622509843441577
zic008_aec7,20260920,6,4,8,35,0.673839942955122,0.9605519542649026
zic008_aec7,20260920,6,5,8,35,0.6677674291466161,0.956989026068613
zic008_aec7,20260920,6,6,8,35,0.7305740366705944,0.9657634587823898
zic008_aec7,20260920,6,7,8,35,0.6342493039378261,0.9422061531010923
zic008_aec7,20260920,6,8,8,35,0.6293384648583874,0.9384842462179216
zic008_aec7,20260920,6,9,8,35,0.6726435602440647,0.9619953644896492
zic008_aec7,20260920,6,10,8,35,0.702509493136026,0.961529114028035
zic008_aec7,20260920,6,11,8,35,0.6418229270097335,0.924980290794089
zic008_aec7,20260920,6,12,8,35,0.6311134578602631,0.9264033113359297
zic008_aec7,20260920,6,13,8,35,0.6591436815679774,0.9589474362763921
zic008_aec7,20260920,6,14,8,35,0.601888054344675,0.9401665489557087
zic008_aec7,20260920,6,15,8,35,0.714323260770596,0.9636238346358914
zic008_aec7,20260920,6,16,8,35,0.6366252401541432,0.9268525291455317
zic008_aec7,20260920,6,17,8,35,0.6124436395575936,0.9200318119018283
zic008_aec7,20260920,6,18,8,35,0.6681144515319261,0.9581321033171369
zic008_aec7,20260920,6,19,8,35,0.6218698658751136,0.9398533313386145
zic008_aec7,20260920,6,20,8,35,0.6305569599287939,0.9164067755590519
zic008_aec7,20260920,6,21,8,35,0.7179743267983265,0.9605061280363912
zic008_aec7,20260920,6,22,8,35,0.6432936815898151,0.9319732894513774
zic008_aec7,20260920,6,23,8,35,0.6201416291927669,0.9345556077040942
zic008_aec7,20260920,6,24,8,35,0.6640391588967892,0.9561502688733989
zic008_aec7,20260920,6,25,8,35,0.6153672564175792,0.9380488477157948
zic008_aec7,20260920,6,26,8,35,0.6160415877791695,0.9185925664128772
zic008_aec7,20260920,6,27,8,35,0.634323454262937,0.9223215824669516
zic008_aec7,20260920,7,0,8,35,0.7456527737556765,0.9665014824798074
zic008_aec7,20260920,7,1,8,35,0.6844274786791933,0.9517770296633095
zic008_aec7,20260920,7,2,8,35,0.664527451541305,0.9524625619282614
zic008_aec7,20260920,7,3,8,35,0.6988890919847751,0.963226005176853
zic008_aec7,20260920,7,4,8,35,0.6593141072562879,0.9539346162780336
zic008_aec7,20260920,7,5,8,35,0.6584648565613421,0.9443762404438328
zic008_aec7,20260920,7,6,8,35,0.6745252149237473,0.943470634525902
zic008_aec7,20260920,7,7,8,35,0.661268248171279,0.9478703546456213
zic008_aec7,20260920,8,0,8,35,0.69370760148228,0.9606267566496941
zic008_aec7,20260921,1,0,8,35,0.4139593501815702,0.8590279155602171
zic008_aec7,20260921,1,1,8,35,0.4085909820798539,0.785323508085961
zic008_aec7,20260921,1,2,8,35,0.3940808503236873,0.7801742719143232
zic008_aec7,20260921,1,3,8,35,0.4424711114714581,0.866109472325195
zic008_aec7,20260921,1,4,8,35,0.432629853773361,0.7739276641030173
zic008_aec7,20260921,1,5,8,35,0.4207473553162876,0.8059092038793587
zic008_aec7,20260921,1,6,8,35,0.44540704769628103,0.8504411262031304
zic008_aec7,20260921,1,7,8,35,0.5163357693294436,0.843420802044137
zic008_aec7,20260921,2,0,8,35,0.49773308494987595,0.8623793780271288
zic008_aec7,20260921,2,1,8,35,0.5031189367593394,0.868481748998083
zic008_aec7,20260921,2,2,8,35,0.514323774285001,0.9004687019428151
zic008_aec7,20260921,2,3,8,35,0.5264301971657808,0.8913164269670435
zic008_aec7,20260921,2,4,8,35,0.5201341353494049,0.8872501172695506
zic008_aec7,20260921,2,5,8,35,0.5059798099861276,0.8599923408603077
zic008_aec7,20260921,2,6,8,35,0.5804392358783863,0.9157709422796091
zic008_aec7,20260921,2,7,8,35,0.4893411986505583,0.8371359968649612
zic008_aec7,20260921,2,8,8,35,0.5289788932059268,0.855887652474871
zic008_aec7,20260921,2,9,8,35,0.5186394461972321,0.8725896346961232
zic008_aec7,20260921,2,10,8,35,0.4986101696688345,0.8438991549905165
zic008_aec7,20260921,2,11,8,35,0.5084842757158664,0.8736152778625512
zic008_aec7,20260921,2,12,8,35,0.5308086248795679,0.895497866871037
zic008_aec7,20260921,2,13,8,35,0.5297502625094549,0.8619019194052713
zic008_aec7,20260921,2,14,8,35,0.522199542248546,0.8263350931363064
zic008_aec7,20260921,2,15,8,35,0.48369205011123084,0.8256787311367629
zic008_aec7,20260921,2,16,8,35,0.5258894131328603,0.8870662486867781
zic008_aec7,20260921,2,17,8,35,0.5380548321722942,0.900772738014305
zic008_aec7,20260921,2,18,8,35,0.5417182580807695,0.8782585670748078
zic008_aec7,20260921,2,19,8,35,0.5330855099484407,0.8976865787305869
zic008_aec7,20260921,2,20,8,35,0.540581789972441,0.9135581276983549
zic008_aec7,20260921,2,21,8,35,0.5714700713934263,0.9108932743292186
zic008_aec7,20260921,2,22,8,35,0.5318908651905098,0.8894617778665561
zic008_aec7,20260921,2,23,8,35,0.5310639538901264,0.8852081947343946
zic008_aec7,20260921,2,24,8,35,0.5568814084925099,0.892997407625975
zic008_aec7,20260921,2,25,8,35,0.5401339633280215,0.9028610196879213
zic008_aec7,20260921,2,26,8,35,0.5562644376051122,0.9044206431356984
zic008_aec7,20260921,2,27,8,35,0.5978566241980242,0.9062882016104477
zic008_aec7,20260921,3,0,8,35,0.5430992186523695,0.8886429995991495
zic008_aec7,20260921,3,1,8,35,0.5704877267647898,0.9084638730079174
zic008_aec7,20260921,3,2,8,35,0.5730159211214204,0.9038308977607382
zic008_aec7,20260921,3,3,8,35,0.5525506023579375,0.8839726466317787
zic008_aec7,20260921,3,4,8,35,0.5589870842024032,0.8532319594883634
zic008_aec7,20260921,3,5,8,35,0.5920836790352573,0.9139246099931297
zic008_aec7,20260921,3,6,8,35,0.5655450686700786,0.899701382335639
zic008_aec7,20260921,3,7,8,35,0.5737092199542511,0.8707536452845988
zic008_aec7,20260921,3,8,8,35,0.5452246592453119,0.8800228603109265
zic008_aec7,20260921,3,9,8,35,0.5712593470574976,0.8993513988827349
zic008_aec7,20260921,3,10,8,35,0.6029543398624131,0.9215338633264663
zic008_aec7,20260921,3,11,8,35,0.5964341565257465,0.9226031995943855
zic008_aec7,20260921,3,12,8,35,0.5741099298956657,0.9216994589138626
zic008_aec7,20260921,3,13,8,35,0.5697532754294209,0.9177979734632734
zic008_aec7,20260921,3,14,8,35,0.6023876322094462,0.9387771238760092
zic008_aec7,20260921,3,15,8,35,0.5796489345516649,0.8974178849665747
zic008_aec7,20260921,3,16,8,35,0.570514166906308,0.9159832323844795
zic008_aec7,20260921,3,17,8,35,0.5808195083881644,0.9328747973077247
zic008_aec7,20260921,3,18,8,35,0.5867104603409373,0.910915448222773
zic008_aec7,20260921,3,19,8,35,0.6067881903389017,0.9530758075276302
zic008_aec7,20260921,3,20,8,35,0.6209708041705403,0.9149129270152818
zic008_aec7,20260921,3,21,8,35,0.5684444880664721,0.8632511818002749
zic008_aec7,20260921,3,22,8,35,0.5576486047397017,0.8808319799913545
zic008_aec7,20260921,3,23,8,35,0.5315000107609098,0.871054967045047
zic008_aec7,20260921,3,24,8,35,0.5642560347314194,0.8835250595725048
zic008_aec7,20260921,3,25,8,35,0.5818125553978233,0.9021077872281821
zic008_aec7,20260921,3,26,8,35,0.5690100508014947,0.8963134055928079
zic008_aec7,20260921,3,27,8,35,0.5679326701269192,0.8915480314031533
zic008_aec7,20260921,3,28,8,35,0.5874409830151568,0.9120350743545244
zic008_aec7,20260921,3,29,8,35,0.5928038698843737,0.9296982806809385
zic008_aec7,20260921,3,30,8,35,0.5552816838532599,0.8956199190958287
zic008_aec7,20260921,3,31,8,35,0.5650537798670192,0.9085494755290523
zic008_aec7,20260921,3,32,8,35,0.5935241674595515,0.9062479467475086
zic008_aec7,20260921,3,33,8,35,0.5714972189790151,0.8982659652778295
zic008_aec7,20260921,3,34,8,35,0.6020222731569335,0.9182925785741671
zic008_aec7,20260921,3,35,8,35,0.6201489072089557,0.9158324824788445
zic008_aec7,20260921,3,36,8,35,0.5615274713496986,0.8764977309191968
zic008_aec7,20260921,3,37,8,35,0.5607310423927203,0.8895700033351633
zic008_aec7,20260921,3,38,8,35,0.5844715435473098,0.9210816470475691
zic008_aec7,20260921,3,39,8,35,0.5909771612077299,0.924626556606889
zic008_aec7,20260921,3,40,8,35,0.5620475565539099,0.8763318753983586
zic008_aec7,20260921,3,41,8,35,0.5753362541634021,0.8818186271556778
zic008_aec7,20260921,3,42,8,35,0.5993524614785128,0.9198910697754954
zic008_aec7,20260921,3,43,8,35,0.566551052457382,0.8865028094769599
zic008_aec7,20260921,3,44,8,35,0.6002723893913077,0.8980492372301345
zic008_aec7,20260921,3,45,8,35,0.6213361589928802,0.924594239324279
zic008_aec7,20260921,3,46,8,35,0.5629311919145524,0.9162918295490239
zic008_aec7,20260921,3,47,8,35,0.5840863995874345,0.9219998762450592
zic008_aec7,20260921,3,48,8,35,0.6110104148610211,0.9207445573539161
zic008_aec7,20260921,3,49,8,35,0.5908825709020322,0.9242665823198477
zic008_aec7,20260921,3,50,8,35,0.6083944360436937,0.9260901561040572
zic008_aec7,20260921,3,51,8,35,0.6357976321393438,0.92373493291599
zic008_aec7,20260921,3,52,8,35,0.5724103629903934,0.9145702542404132
zic008_aec7,20260921,3,53,8,35,0.5994105632992978,0.919546832503244
zic008_aec7,20260921,3,54,8,35,0.632606175857197,0.9313493358571331
zic008_aec7,20260921,3,55,8,35,0.6229817849941284,0.9390797593798124
zic008_aec7,20260921,4,0,8,35,0.5952874794778844,0.9038825894980882
zic008_aec7,20260921,4,1,8,35,0.5955432338127501,0.9140975101733945
zic008_aec7,20260921,4,2,8,35,0.5772607625693221,0.8903915170724183
zic008_aec7,20260921,4,3,8,35,0.5901189350535967,0.8960745275130099
zic008_aec7,20260921,4,4,8,35,0.6140521758356743,0.9237915015064957
zic008_aec7,20260921,4,5,8,35,0.6147991953018882,0.922934196569384
zic008_aec7,20260921,4,6,8,35,0.5998582871043647,0.9005953826529822
zic008_aec7,20260921,4,7,8,35,0.6004989639133813,0.931970511172307
zic008_aec7,20260921,4,8,8,35,0.6263974030518205,0.9301667813115343
zic008_aec7,20260921,4,9,8,35,0.5987158778534373,0.9256078346311537
zic008_aec7,20260921,4,10,8,35,0.594107212519455,0.9245724958878342
zic008_aec7,20260921,4,11,8,35,0.612748117470479,0.935104702627178
zic008_aec7,20260921,4,12,8,35,0.6066254680471213,0.9101637171921105
zic008_aec7,20260921,4,13,8,35,0.621438597561918,0.9294230643206384
zic008_aec7,20260921,4,14,8,35,0.634512249378034,0.9199170847296454
zic008_aec7,20260921,4,15,8,35,0.6087539529017524,0.9058860946280509
zic008_aec7,20260921,4,16,8,35,0.5882969053852194,0.897085597583929
zic008_aec7,20260921,4,17,8,35,0.6154465310082257,0.9317695476066743
zic008_aec7,20260921,4,18,8,35,0.6281828122174893,0.9353027491280033
zic008_aec7,20260921,4,19,8,35,0.5945046101948759,0.8838786495197385
zic008_aec7,20260921,4,20,8,35,0.6100889426370449,0.9051070555853674
zic008_aec7,20260921,4,21,8,35,0.6331979242542161,0.935031786877231
zic008_aec7,20260921,4,22,8,35,0.6067893246057436,0.9104774772859436
zic008_aec7,20260921,4,23,8,35,0.6178145573869602,0.9282181954544334
zic008_aec7,20260921,4,24,8,35,0.6399586595788318,0.9344443905158059
zic008_aec7,20260921,4,25,8,35,0.6113666003788216,0.917193702882765
zic008_aec7,20260921,4,26,8,35,0.6053209320890489,0.9294425278514453
zic008_aec7,20260921,4,27,8,35,0.6142564828845446,0.9456256095231288
zic008_aec7,20260921,4,28,8,35,0.6226325791383609,0.9356926827488301
zic008_aec7,20260921,4,29,8,35,0.6337413593928475,0.9525664722513848
zic008_aec7,20260921,4,30,8,35,0.643577287358552,0.9320307150966589
zic008_aec7,20260921,4,31,8,35,0.6127729344903845,0.9237451806929456
zic008_aec7,20260921,4,32,8,35,0.6379442149409779,0.9499879305427923
zic008_aec7,20260921,4,33,8,35,0.6265724342896245,0.943647300481632
zic008_aec7,20260921,4,34,8,35,0.6377502409540655,0.9468176322927147
zic008_aec7,20260921,4,35,8,35,0.5914306113995181,0.9037397814708593
zic008_aec7,20260921,4,36,8,35,0.5851166393264919,0.8882095845540782
zic008_aec7,20260921,4,37,8,35,0.608448627474421,0.9144637758512174
zic008_aec7,20260921,4,38,8,35,0.6236678191393785,0.9255536167908994
zic008_aec7,20260921,4,39,8,35,0.5807350079693703,0.881606607902335
zic008_aec7,20260921,4,40,8,35,0.596273437399253,0.9045669602245315
zic008_aec7,20260921,4,41,8,35,0.6158923370643927,0.9213757153343779
zic008_aec7,20260921,4,42,8,35,0.5904857903925012,0.8904153177909777
zic008_aec7,20260921,4,43,8,35,0.6186460559065505,0.9050004897816999
zic008_aec7,20260921,4,44,8,35,0.631718819690796,0.9269720466478905
zic008_aec7,20260921,4,45,8,35,0.5911602795820138,0.9185902439537942
zic008_aec7,20260921,4,46,8,35,0.6072435860124425,0.9328891568444473
zic008_aec7,20260921,4,47,8,35,0.630838869508803,0.927905839585876
zic008_aec7,20260921,4,48,8,35,0.6119590501853376,0.9162953066951786
zic008_aec7,20260921,4,49,8,35,0.6366178551634512,0.9336683289447817
zic008_aec7,20260921,4,50,8,35,0.6486473456101016,0.9400764695166361
zic008_aec7,20260921,4,51,8,35,0.5937987283063552,0.9245674265544267
zic008_aec7,20260921,4,52,8,35,0.6158995984318221,0.9329062296440204
zic008_aec7,20260921,4,53,8,35,0.6412293957317833,0.9363498576337874
zic008_aec7,20260921,4,54,8,35,0.6348886059892537,0.9314735425286408
zic008_aec7,20260921,4,55,8,35,0.5862765338100883,0.8995095848166094
zic008_aec7,20260921,4,56,8,35,0.6131238368123875,0.9096433737880179
zic008_aec7,20260921,4,57,8,35,0.6338194566589601,0.9144681788056885
zic008_aec7,20260921,4,58,8,35,0.615747815679701,0.9163348323752037
zic008_aec7,20260921,4,59,8,35,0.6389674477982842,0.9202943939371907
zic008_aec7,20260921,4,60,8,35,0.6391854254307248,0.9417379549312724
zic008_aec7,20260921,4,61,8,35,0.6060492443405691,0.9038022049137033
zic008_aec7,20260921,4,62,8,35,0.6107615758998665,0.9053760485345294
zic008_aec7,20260921,4,63,8,35,0.6457037156587733,0.9367724757236562
zic008_aec7,20260921,4,64,8,35,0.6340692895209623,0.9234723835183072
zic008_aec7,20260921,4,65,8,35,0.6130478988104479,0.9342620273298993
zic008_aec7,20260921,4,66,8,35,0.6313256896381817,0.9252646498063087
zic008_aec7,20260921,4,67,8,35,0.6523100273978812,0.9433282666178678
zic008_aec7,20260921,4,68,8,35,0.6421913658258875,0.941114219619865
zic008_aec7,20260921,4,69,8,35,0.6484179356915427,0.9458930140452284
zic008_aec7,20260921,5,0,8,35,0.6283436563737147,0.9289172009535684
zic008_aec7,20260921,5,1,8,35,0.6134392488812318,0.9230925541041254
zic008_aec7,20260921,5,2,8,35,0.6305757463276118,0.9234917492450481
zic008_aec7,20260921,5,3,8,35,0.6422544888396104,0.9384497420821314
zic008_aec7,20260921,5,4,8,35,0.6140478241526577,0.9163238532181257
zic008_aec7,20260921,5,5,8,35,0.6222894213488073,0.9215945469368126
zic008_aec7,20260921,5,6,8,35,0.6455627984920906,0.9459768502876229
zic008_aec7,20260921,5,7,8,35,0.6268673605728882,0.9131338433958708
zic008_aec7,20260921,5,8,8,35,0.6326309608620385,0.9270133793750548
zic008_aec7,20260921,5,9,8,35,0.6455405184690672,0.9325078163320787
zic008_aec7,20260921,5,10,8,35,0.6292878086230126,0.9359894535446158
zic008_aec7,20260921,5,11,8,35,0.6216094756590795,0.936902407499607
zic008_aec7,20260921,5,12,8,35,0.6376251842964715,0.9424831090013411
zic008_aec7,20260921,5,13,8,35,0.636418357464381,0.920958751854352
zic008_aec7,20260921,5,14,8,35,0.6479311462852763,0.9390853523249614
zic008_aec7,20260921,5,15,8,35,0.658098156354599,0.9389148373008739
zic008_aec7,20260921,5,16,8,35,0.6236117604296219,0.9351244820883008
zic008_aec7,20260921,5,17,8,35,0.6464017537434622,0.9434459698917835
zic008_aec7,20260921,5,18,8,35,0.6403556000633305,0.9450905607795809
zic008_aec7,20260921,5,19,8,35,0.6477242779601962,0.9442555391952452
zic008_aec7,20260921,5,20,8,35,0.621446054807926,0.9047891390330856
zic008_aec7,20260921,5,21,8,35,0.6353332627510063,0.9245228128983388
zic008_aec7,20260921,5,22,8,35,0.6535241868752664,0.939340938384153
zic008_aec7,20260921,5,23,8,35,0.6302312605343812,0.9228855673943589
zic008_aec7,20260921,5,24,8,35,0.6402203772624571,0.9331210173240011
zic008_aec7,20260921,5,25,8,35,0.6596039674218819,0.946978728588492
zic008_aec7,20260921,5,26,8,35,0.6344864480317065,0.9145981177551462
zic008_aec7,20260921,5,27,8,35,0.6442776354832506,0.9285738809016674
zic008_aec7,20260921,5,28,8,35,0.6532362961129006,0.9393826786064161
zic008_aec7,20260921,5,29,8,35,0.6512309370562072,0.9337002295613931
zic008_aec7,20260921,5,30,8,35,0.6386625249955998,0.9353720291570407
zic008_aec7,20260921,5,31,8,35,0.6540982504626052,0.9475315984055794
zic008_aec7,20260921,5,32,8,35,0.6485054269044009,0.9495970301957405
zic008_aec7,20260921,5,33,8,35,0.6606052249323032,0.9544042923158848
zic008_aec7,20260921,5,34,8,35,0.6613952669934087,0.9533336133376207
zic008_aec7,20260921,5,35,8,35,0.6075812696745312,0.9074318590258171
zic008_aec7,20260921,5,36,8,35,0.6259718788829616,0.9283631433331594
zic008_aec7,20260921,5,37,8,35,0.6451635980223268,0.936029771392688
zic008_aec7,20260921,5,38,8,35,0.6278366937993125,0.9231538420766813
zic008_aec7,20260921,5,39,8,35,0.649663307871359,0.9312092967338333
zic008_aec7,20260921,5,40,8,35,0.6557375739323242,0.9424742900058796
zic008_aec7,20260921,5,41,8,35,0.6197541165416792,0.9082013928221875
zic008_aec7,20260921,5,42,8,35,0.6266861994770068,0.918729899902166
zic008_aec7,20260921,5,43,8,35,0.6566780047650137,0.9415119308193494
zic008_aec7,20260921,5,44,8,35,0.6542226798209678,0.9271880206882444
zic008_aec7,20260921,5,45,8,35,0.6254764679817337,0.9376249938260919
zic008_aec7,20260921,5,46,8,35,0.6420688465094998,0.9390716585323358
zic008_aec7,20260921,5,47,8,35,0.659693176831039,0.9470961392975534
zic008_aec7,20260921,5,48,8,35,0.6568671940700723,0.9406571989070435
zic008_aec7,20260921,5,49,8,35,0.6574901375932211,0.9444403828920915
zic008_aec7,20260921,5,50,8,35,0.6291020774718273,0.9193358662119315
zic008_aec7,20260921,5,51,8,35,0.6392460706779474,0.9208992599744658
zic008_aec7,20260921,5,52,8,35,0.6609615172730934,0.9429485036063883
zic008_aec7,20260921,5,53,8,35,0.659675371229276,0.9370205961107482
zic008_aec7,20260921,5,54,8,35,0.6528152609322488,0.927970849529272
zic008_aec7,20260921,5,55,8,35,0.6650367360529617,0.9378851325075608
zic008_aec7,20260921,6,0,8,35,0.6392513100341415,0.9217043288199754
zic008_aec7,20260921,6,1,8,35,0.6435484717907616,0.9342485476953073
zic008_aec7,20260921,6,2,8,35,0.6650042061514349,0.9344293248739826
zic008_aec7,20260921,6,3,8,35,0.6487704672634413,0.9227011797389167
zic008_aec7,20260921,6,4,8,35,0.6549548505158733,0.939911338050392
zic008_aec7,20260921,6,5,8,35,0.6678811015890724,0.9445840083778472
zic008_aec7,20260921,6,6,8,35,0.6408973401982505,0.9265950037374554
zic008_aec7,20260921,6,7,8,35,0.654904195225712,0.9376656936375855
zic008_aec7,20260921,6,8,8,35,0.6661671167483564,0.9447409936545543
zic008_aec7,20260921,6,9,8,35,0.6649409206153291,0.939362466107111
zic008_aec7,20260921,6,10,8,35,0.6455881014927715,0.9495259418337745
zic008_aec7,20260921,6,11,8,35,0.6646826555290628,0.9463790089480743
zic008_aec7,20260921,6,12,8,35,0.6585049427642119,0.9518511803156746
zic008_aec7,20260921,6,13,8,35,0.6669261443625165,0.9480469764661177
zic008_aec7,20260921,6,14,8,35,0.6729191810821137,0.951478623833571
zic008_aec7,20260921,6,15,8,35,0.6504901811137261,0.925978640726155
zic008_aec7,20260921,6,16,8,35,0.6592841511241264,0.933642491446319
zic008_aec7,20260921,6,17,8,35,0.6692467937232952,0.953582886769722
zic008_aec7,20260921,6,18,8,35,0.6665222920088499,0.9433215828756211
zic008_aec7,20260921,6,19,8,35,0.6695591732781695,0.9395172132371655
zic008_aec7,20260921,6,20,8,35,0.6750848320519608,0.9572500769723634
zic008_aec7,20260921,6,21,8,35,0.6442242267805464,0.9236510875678806
zic008_aec7,20260921,6,22,8,35,0.6498945022652121,0.9360450170133757
zic008_aec7,20260921,6,23,8,35,0.6731864136675828,0.9424735530571462
zic008_aec7,20260921,6,24,8,35,0.6732995318624041,0.9399481219020417
zic008_aec7,20260921,6,25,8,35,0.6639932519309288,0.937058793521815
zic008_aec7,20260921,6,26,8,35,0.6725256189843632,0.9473459044647526
zic008_aec7,20260921,6,27,8,35,0.669944301582662,0.9356243171910855
zic008_aec7,20260921,7,0,8,35,0.6590515877287523,0.9348276118780533
zic008_aec7,20260921,7,1,8,35,0.6706799399331418,0.9395746338328683
zic008_aec7,20260921,7,2,8,35,0.6790230287315682,0.9505597413171081
zic008_aec7,20260921,7,3,8,35,0.6786994992799616,0.9438297757355615
zic008_aec7,20260921,7,4,8,35,0.6786920768787282,0.9466876412793404
zic008_aec7,20260921,7,5,8,35,0.6842562342025309,0.9566360942398301
zic008_aec7,20260921,7,6,8,35,0.6786808667536988,0.9451680818355815
zic008_aec7,20260921,7,7,8,35,0.6773194183041533,0.9464116201547993
zic008_aec7,20260921,8,0,8,35,0.688690406249435,0.9506461623736939
zic008_aec7,20260922,1,0,8,35,0.45511369872829927,0.8280354123652863
zic008_aec7,20260922,1,1,8,35,0.41280597049795226,0.8610665335497757
zic008_aec7,20260922,1,2,8,35,0.45627877528171745,0.8491596933716737
zic008_aec7,20260922,1,3,8,35,0.45673327574132955,0.8894725898015237
zic008_aec7,20260922,1,4,8,35,0.38977984891465894,0.8349697828719036
zic008_aec7,20260922,1,5,8,35,0.39816026275751015,0.7962832678382393
zic008_aec7,20260922,1,6,8,35,0.4430778362847575,0.843994955106302
zic008_aec7,20260922,1,7,8,35,0.44146531315825743,0.8069399211146919
zic008_aec7,20260922,2,0,8,35,0.5398989987090809,0.8986170464808096
zic008_aec7,20260922,2,1,8,35,0.5770143320403537,0.8984280305388449
zic008_aec7,20260922,2,2,8,35,0.542226765353453,0.90011779034202
zic008_aec7,20260922,2,3,8,35,0.5241093659371924,0.8415103923377245
zic008_aec7,20260922,2,4,8,35,0.5270936425090847,0.8730867279025283
zic008_aec7,20260922,2,5,8,35,0.5487698430973382,0.9156299699133046
zic008_aec7,20260922,2,6,8,35,0.5375507075079392,0.9104235536109488
zic008_aec7,20260922,2,7,8,35,0.6018254894047617,0.9048581831861724
zic008_aec7,20260922,2,8,8,35,0.5363653680294976,0.9312529704130633
zic008_aec7,20260922,2,9,8,35,0.523912186924336,0.8931003426064379
zic008_aec7,20260922,2,10,8,35,0.5044471346971622,0.8819067462442797
zic008_aec7,20260922,2,11,8,35,0.5291496203199666,0.8860307609893037
zic008_aec7,20260922,2,12,8,35,0.5482634803290357,0.8747553835871223
zic008_aec7,20260922,2,13,8,35,0.5896674141956102,0.9196320113821518
zic008_aec7,20260922,2,14,8,35,0.5677661824698952,0.9022415453103906
zic008_aec7,20260922,2,15,8,35,0.5459041222643624,0.9256679075581713
zic008_aec7,20260922,2,16,8,35,0.5783789915572359,0.9184391545374325
zic008_aec7,20260922,2,17,8,35,0.5541635000443961,0.9192498201076114
zic008_aec7,20260922,2,18,8,35,0.5286745084477358,0.8936017186736405
zic008_aec7,20260922,2,19,8,35,0.507714950986216,0.86775898289305
zic008_aec7,20260922,2,20,8,35,0.535567173426768,0.8954245942290365
zic008_aec7,20260922,2,21,8,35,0.5359320911905405,0.8719619936776438
zic008_aec7,20260922,2,22,8,35,0.4876661582369831,0.8575239866616563
zic008_aec7,20260922,2,23,8,35,0.5230816169516265,0.8857207462230497
zic008_aec7,20260922,2,24,8,35,0.5170195610702579,0.88841160777117
zic008_aec7,20260922,2,25,8,35,0.514157647328528,0.8616496436833014
zic008_aec7,20260922,2,26,8,35,0.4976122396995889,0.7995889312081668
zic008_aec7,20260922,2,27,8,35,0.5303672332274147,0.8514093139747265
zic008_aec7,20260922,3,0,8,35,0.6273448580058595,0.9272629544205224
zic008_aec7,20260922,3,1,8,35,0.586896840326421,0.9389800567775313
zic008_aec7,20260922,3,2,8,35,0.5780213569638109,0.8751079874986817
zic008_aec7,20260922,3,3,8,35,0.5930580863210455,0.9069158921836095
zic008_aec7,20260922,3,4,8,35,0.589280903611904,0.9355759597909887
zic008_aec7,20260922,3,5,8,35,0.5888825551804019,0.9238836507410163
zic008_aec7,20260922,3,6,8,35,0.628447444547784,0.9328456931010606
zic008_aec7,20260922,3,7,8,35,0.602312058716858,0.897647700502003
zic008_aec7,20260922,3,8,8,35,0.5996520873298872,0.9291572675929258
zic008_aec7,20260922,3,9,8,35,0.6213834699013149,0.9370415014796366
zic008_aec7,20260922,3,10,8,35,0.6101987344403855,0.9446312540774375
zic008_aec7,20260922,3,11,8,35,0.5796769835850925,0.8936348668033353
zic008_aec7,20260922,3,12,8,35,0.5702556823310849,0.8919652802951957
zic008_aec7,20260922,3,13,8,35,0.5949226428650833,0.9199437991847333
zic008_aec7,20260922,3,14,8,35,0.5894157393981797,0.9235118008453972
zic008_aec7,20260922,3,15,8,35,0.5645379355643654,0.8704275107621599
zic008_aec7,20260922,3,16,8,35,0.5844941851657708,0.8959167659101402
zic008_aec7,20260922,3,17,8,35,0.5841283485413723,0.9066574104502113
zic008_aec7,20260922,3,18,8,35,0.5848406740685476,0.9056737113549009
zic008_aec7,20260922,3,19,8,35,0.571884009620401,0.8762670819318337
zic008_aec7,20260922,3,20,8,35,0.5963171721682149,0.9072055935261982
zic008_aec7,20260922,3,21,8,35,0.6294602597096591,0.950587489390128
zic008_aec7,20260922,3,22,8,35,0.6262997720409068,0.929569147693055
zic008_aec7,20260922,3,23,8,35,0.598064654993895,0.9474985336713704
zic008_aec7,20260922,3,24,8,35,0.6031924215267751,0.9413153248985807
zic008_aec7,20260922,3,25,8,35,0.6060207847667749,0.941409577518034
zic008_aec7,20260922,3,26,8,35,0.5785929944451205,0.9348694367809064
zic008_aec7,20260922,3,27,8,35,0.5699075258757514,0.9138256138230967
zic008_aec7,20260922,3,28,8,35,0.5904769781388826,0.9228112842316636
zic008_aec7,20260922,3,29,8,35,0.5966254968378588,0.9117067790180281
zic008_aec7,20260922,3,30,8,35,0.5423120910671835,0.9013632437565227
zic008_aec7,20260922,3,31,8,35,0.5701771572542885,0.9315609088548996
zic008_aec7,20260922,3,32,8,35,0.570175957682695,0.9247802429831087
zic008_aec7,20260922,3,33,8,35,0.5802059337101636,0.9019726631540885
zic008_aec7,20260922,3,34,8,35,0.5716168147289208,0.8799567536110556
zic008_aec7,20260922,3,35,8,35,0.5894965229120464,0.9023606504522546
zic008_aec7,20260922,3,36,8,35,0.6284257314089026,0.9282786087823944
zic008_aec7,20260922,3,37,8,35,0.5762020949607628,0.9118303884581047
zic008_aec7,20260922,3,38,8,35,0.607951902752005,0.9237972145687411
zic008_aec7,20260922,3,39,8,35,0.5863642569392784,0.9261301422699204
zic008_aec7,20260922,3,40,8,35,0.5999290113286633,0.9325744007767004
zic008_aec7,20260922,3,41,8,35,0.6150310727163261,0.9353398644447991
zic008_aec7,20260922,3,42,8,35,0.6055359645829854,0.9382525359569931
zic008_aec7,20260922,3,43,8,35,0.5925585185612967,0.9261478817426892
zic008_aec7,20260922,3,44,8,35,0.5901585663576193,0.9015189045917225
zic008_aec7,20260922,3,45,8,35,0.6043596252208908,0.9308829314073203
zic008_aec7,20260922,3,46,8,35,0.5442567562696131,0.8984990487699203
zic008_aec7,20260922,3,47,8,35,0.5827582495147204,0.9210214333692825
zic008_aec7,20260922,3,48,8,35,0.5676286333786819,0.907184473649039
zic008_aec7,20260922,3,49,8,35,0.5820417270736729,0.8930038985478345
zic008_aec7,20260922,3,50,8,35,0.5641705829371269,0.85341222778798
zic008_aec7,20260922,3,51,8,35,0.5979025439850518,0.9062475939116763
zic008_aec7,20260922,3,52,8,35,0.5586162611886971,0.8824886518987253
zic008_aec7,20260922,3,53,8,35,0.5522186236325194,0.8676439300520636
zic008_aec7,20260922,3,54,8,35,0.579766996812524,0.9019144469090312
zic008_aec7,20260922,3,55,8,35,0.5577303778860069,0.8619214453906161
zic008_aec7,20260922,4,0,8,35,0.6523684811407041,0.9470791964861776
zic008_aec7,20260922,4,1,8,35,0.6506309144626101,0.9208967177231123
zic008_aec7,20260922,4,2,8,35,0.6292332284460276,0.9356923656108402
zic008_aec7,20260922,4,3,8,35,0.631662952452506,0.9454523293357885
zic008_aec7,20260922,4,4,8,35,0.6363469907068442,0.9449980889048629
zic008_aec7,20260922,4,5,8,35,0.6185375483863808,0.921764088971958
zic008_aec7,20260922,4,6,8,35,0.6154422569117416,0.9227138333331204
zic008_aec7,20260922,4,7,8,35,0.6225269791255477,0.9428287385319128
zic008_aec7,20260922,4,8,8,35,0.6285475590633256,0.9368547783172136
zic008_aec7,20260922,4,9,8,35,0.5950872673313226,0.894318385157494
zic008_aec7,20260922,4,10,8,35,0.6070851539583517,0.9101179930836264
zic008_aec7,20260922,4,11,8,35,0.6080570911525023,0.9154257187887743
zic008_aec7,20260922,4,12,8,35,0.6258983358886118,0.91601420902213
zic008_aec7,20260922,4,13,8,35,0.6199215525379637,0.9070751970869753
zic008_aec7,20260922,4,14,8,35,0.6331711296935502,0.9314087169539762
zic008_aec7,20260922,4,15,8,35,0.6466865839057812,0.9275153636673715
zic008_aec7,20260922,4,16,8,35,0.6200424468341297,0.9193799282548477
zic008_aec7,20260922,4,17,8,35,0.6426381113528085,0.9369445090350436
zic008_aec7,20260922,4,18,8,35,0.6315591813104339,0.9341481927956243
zic008_aec7,20260922,4,19,8,35,0.6256269198712209,0.9230185087121321
zic008_aec7,20260922,4,20,8,35,0.6382292657779293,0.9237118931119385
zic008_aec7,20260922,4,21,8,35,0.6372955338594739,0.9343167294266983
zic008_aec7,20260922,4,22,8,35,0.6250446584222691,0.9381590667997652
zic008_aec7,20260922,4,23,8,35,0.6246118964440995,0.9266432647306632
zic008_aec7,20260922,4,24,8,35,0.6378582759342715,0.9424037330708405
zic008_aec7,20260922,4,25,8,35,0.6009015206985594,0.9090411039224874
zic008_aec7,20260922,4,26,8,35,0.6143703223855489,0.9158117457645294
zic008_aec7,20260922,4,27,8,35,0.61509724178633,0.9238784880391051
zic008_aec7,20260922,4,28,8,35,0.6161930364037709,0.9195445770460021
zic008_aec7,20260922,4,29,8,35,0.6066175004552858,0.887068490074957
zic008_aec7,20260922,4,30,8,35,0.6278172755764553,0.9221640652677109
zic008_aec7,20260922,4,31,8,35,0.6005959247664452,0.8970348417692204
zic008_aec7,20260922,4,32,8,35,0.5909849897284087,0.8953039623742314
zic008_aec7,20260922,4,33,8,35,0.6163277173101418,0.9228831202488551
zic008_aec7,20260922,4,34,8,35,0.6077881526869026,0.8916156661467609
zic008_aec7,20260922,4,35,8,35,0.6551172689017746,0.9428981110338543
zic008_aec7,20260922,4,36,8,35,0.6159694042525128,0.941483054493603
zic008_aec7,20260922,4,37,8,35,0.6295294696000819,0.953759358813573
zic008_aec7,20260922,4,38,8,35,0.6267889111522303,0.9457830956992452
zic008_aec7,20260922,4,39,8,35,0.6321149058261513,0.9367924233880011
zic008_aec7,20260922,4,40,8,35,0.6280462205150434,0.946745940207143
zic008_aec7,20260922,4,41,8,35,0.6375877746543425,0.9461517709952625
zic008_aec7,20260922,4,42,8,35,0.6273334245673692,0.944482236438872
zic008_aec7,20260922,4,43,8,35,0.6298776093963886,0.9251207665572302
zic008_aec7,20260922,4,44,8,35,0.6349137281395782,0.9328775789108817
zic008_aec7,20260922,4,45,8,35,0.5837195266544859,0.9228338463248238
zic008_aec7,20260922,4,46,8,35,0.6174549491620036,0.9303689310782006
zic008_aec7,20260922,4,47,8,35,0.6159006371575757,0.9326952328236506
zic008_aec7,20260922,4,48,8,35,0.6219750381005283,0.919502064744589
zic008_aec7,20260922,4,49,8,35,0.6140776908722734,0.9001078065226582
zic008_aec7,20260922,4,50,8,35,0.6328155939768919,0.9233865400843446
zic008_aec7,20260922,4,51,8,35,0.5862214673566345,0.9283222699351324
zic008_aec7,20260922,4,52,8,35,0.5814724764307572,0.8917648652419978
zic008_aec7,20260922,4,53,8,35,0.6005939033953879,0.9165246526990444
zic008_aec7,20260922,4,54,8,35,0.6053166137950705,0.901688903041662
zic008_aec7,20260922,4,55,8,35,0.6183220692317009,0.9300740822220216
zic008_aec7,20260922,4,56,8,35,0.640460695738219,0.9409897126374427
zic008_aec7,20260922,4,57,8,35,0.6306912018692206,0.9287711968648824
zic008_aec7,20260922,4,58,8,35,0.6150951669141315,0.9250516888824363
zic008_aec7,20260922,4,59,8,35,0.6073363632419401,0.9048799842714581
zic008_aec7,20260922,4,60,8,35,0.6257960129836487,0.9294651253656965
zic008_aec7,20260922,4,61,8,35,0.6244295568163859,0.9323659995128972
zic008_aec7,20260922,4,62,8,35,0.6230381598049975,0.9204174080895735
zic008_aec7,20260922,4,63,8,35,0.6339678068597335,0.9290909799027787
zic008_aec7,20260922,4,64,8,35,0.629054677502046,0.9058632438268028
zic008_aec7,20260922,4,65,8,35,0.5960482770905285,0.9072665126376283
zic008_aec7,20260922,4,66,8,35,0.578949965615917,0.8834103192230357
zic008_aec7,20260922,4,67,8,35,0.6113781169272652,0.9140500385393499
zic008_aec7,20260922,4,68,8,35,0.6031070658692557,0.8863674414660068
zic008_aec7,20260922,4,69,8,35,0.5911349619410916,0.8944065415231557
zic008_aec7,20260922,5,0,8,35,0.6661386878403243,0.9384723907065419
zic008_aec7,20260922,5,1,8,35,0.6406334115729603,0.9412142683514977
zic008_aec7,20260922,5,2,8,35,0.6520811895205739,0.9506181682311162
zic008_aec7,20260922,5,3,8,35,0.6497245415693762,0.946736520900912
zic008_aec7,20260922,5,4,8,35,0.6481980634637525,0.9263433002693526
zic008_aec7,20260922,5,5,8,35,0.6448537302746457,0.9390451521465099
zic008_aec7,20260922,5,6,8,35,0.6534592536198357,0.9439607160668908
zic008_aec7,20260922,5,7,8,35,0.6490979942011913,0.9535420367758384
zic008_aec7,20260922,5,8,8,35,0.6522389541403917,0.9389947861436428
zic008_aec7,20260922,5,9,8,35,0.6549247900241255,0.948058130034665
zic008_aec7,20260922,5,10,8,35,0.6332388663441032,0.9202296295498726
zic008_aec7,20260922,5,11,8,35,0.6404700074989077,0.9303289758704136
zic008_aec7,20260922,5,12,8,35,0.6449508340481949,0.9328960147200227
zic008_aec7,20260922,5,13,8,35,0.64430714119038,0.9256690308837727
zic008_aec7,20260922,5,14,8,35,0.6392495991718153,0.9252271142396692
zic008_aec7,20260922,5,15,8,35,0.6526223898128769,0.934734861677478
zic008_aec7,20260922,5,16,8,35,0.6234181853715556,0.9189489706480597
zic008_aec7,20260922,5,17,8,35,0.6201967624293163,0.9052621825495477
zic008_aec7,20260922,5,18,8,35,0.6303574200530758,0.9297249881224541
zic008_aec7,20260922,5,19,8,35,0.6407866531685306,0.9147245018446762
zic008_aec7,20260922,5,20,8,35,0.6457301094741325,0.9272725353606689
zic008_aec7,20260922,5,21,8,35,0.6584105059827249,0.9395126546401854
zic008_aec7,20260922,5,22,8,35,0.6559654971275864,0.9375129788293476
zic008_aec7,20260922,5,23,8,35,0.6438084849145587,0.9366273131975932
zic008_aec7,20260922,5,24,8,35,0.6344595101358672,0.9273166337869865
zic008_aec7,20260922,5,25,8,35,0.6542582937670591,0.9409363070585604
zic008_aec7,20260922,5,26,8,35,0.6449492475720876,0.9283491864370065
zic008_aec7,20260922,5,27,8,35,0.6451326654246407,0.9198095727911866
zic008_aec7,20260922,5,28,8,35,0.6536663049745451,0.9329145862635264
zic008_aec7,20260922,5,29,8,35,0.6504495219478226,0.9263099289346413
zic008_aec7,20260922,5,30,8,35,0.6269014700790057,0.914149780697509
zic008_aec7,20260922,5,31,8,35,0.6179251384236303,0.8973752976151196
zic008_aec7,20260922,5,32,8,35,0.6390575842624062,0.9274900494149894
zic008_aec7,20260922,5,33,8,35,0.6369152228938301,0.9106441873110268
zic008_aec7,20260922,5,34,8,35,0.6203593829709371,0.9094440765653864
zic008_aec7,20260922,5,35,8,35,0.6415667836946638,0.9380903565201815
zic008_aec7,20260922,5,36,8,35,0.6512571271679584,0.9502108250376223
zic008_aec7,20260922,5,37,8,35,0.6501764859653091,0.9443397974505588
zic008_aec7,20260922,5,38,8,35,0.6437671727536158,0.9369298243805726
zic008_aec7,20260922,5,39,8,35,0.6403008566034273,0.9288730366517135
zic008_aec7,20260922,5,40,8,35,0.6512978904473644,0.9436540007507881
zic008_aec7,20260922,5,41,8,35,0.6490818944798377,0.9398238057022029
zic008_aec7,20260922,5,42,8,35,0.6513161969893195,0.9269309944881813
zic008_aec7,20260922,5,43,8,35,0.6544429840794609,0.9357564013314325
zic008_aec7,20260922,5,44,8,35,0.65429152286572,0.9296545454591755
zic008_aec7,20260922,5,45,8,35,0.6284592583698411,0.9286922854457086
zic008_aec7,20260922,5,46,8,35,0.6197675666424675,0.918592991671497
zic008_aec7,20260922,5,47,8,35,0.6370854090045802,0.9237126604157742
zic008_aec7,20260922,5,48,8,35,0.6381764627287633,0.9089804469356643
zic008_aec7,20260922,5,49,8,35,0.6097071733142777,0.9022872547623857
zic008_aec7,20260922,5,50,8,35,0.6419098186347527,0.9381990078636644
zic008_aec7,20260922,5,51,8,35,0.6328831503476253,0.9261063161068944
zic008_aec7,20260922,5,52,8,35,0.6529952553755948,0.9362019092691884
zic008_aec7,20260922,5,53,8,35,0.6400066851849499,0.9186220453966282
zic008_aec7,20260922,5,54,8,35,0.6504966511137513,0.9213700066910788
zic008_aec7,20260922,5,55,8,35,0.6148435972064403,0.8969054093404001
zic008_aec7,20260922,6,0,8,35,0.6558292032669304,0.9368707551729943
zic008_aec7,20260922,6,1,8,35,0.6638645079991952,0.9504173407939215
zic008_aec7,20260922,6,2,8,35,0.662786083015566,0.9448051300514647
zic008_aec7,20260922,6,3,8,35,0.6606865582544831,0.950483768451156
zic008_aec7,20260922,6,4,8,35,0.6588290874088106,0.9403511294424262
zic008_aec7,20260922,6,5,8,35,0.6666825876352368,0.9489030058442607
zic008_aec7,20260922,6,6,8,35,0.6634384419759214,0.9406116686980747
zic008_aec7,20260922,6,7,8,35,0.6662424832643377,0.927967867417054
zic008_aec7,20260922,6,8,8,35,0.6678000421135913,0.938067776011476
zic008_aec7,20260922,6,9,8,35,0.6692417012517498,0.9313038324159475
zic008_aec7,20260922,6,10,8,35,0.6530008472131329,0.928143818151784
zic008_aec7,20260922,6,11,8,35,0.6464055335395289,0.9200974334446198
zic008_aec7,20260922,6,12,8,35,0.6600790586685322,0.9348466055677195
zic008_aec7,20260922,6,13,8,35,0.6614322335705874,0.9254143041941497
zic008_aec7,20260922,6,14,8,35,0.6393224762747802,0.9187818088321792
zic008_aec7,20260922,6,15,8,35,0.6596445055816895,0.9339248312081612
zic008_aec7,20260922,6,16,8,35,0.6555917058760368,0.9305668349472158
zic008_aec7,20260922,6,17,8,35,0.6690037216237835,0.9410163529221915
zic008_aec7,20260922,6,18,8,35,0.6576921250052695,0.9342590862954416
zic008_aec7,20260922,6,19,8,35,0.6648951440752846,0.9233594738982842
zic008_aec7,20260922,6,20,8,35,0.6404922931861653,0.9109960593096867
zic008_aec7,20260922,6,21,8,35,0.6601170461928895,0.9436044512551673
zic008_aec7,20260922,6,22,8,35,0.6577200209508002,0.937520183736489
zic008_aec7,20260922,6,23,8,35,0.6657634477177372,0.9378224987971518
zic008_aec7,20260922,6,24,8,35,0.6622417179128175,0.9332745128132146
zic008_aec7,20260922,6,25,8,35,0.6695626864891793,0.9293927575759969
zic008_aec7,20260922,6,26,8,35,0.6397720445323372,0.9195810382551182
zic008_aec7,20260922,6,27,8,35,0.6573089850301974,0.9312842649024479
zic008_aec7,20260922,7,0,8,35,0.6719249059503901,0.943976234728922
zic008_aec7,20260922,7,1,8,35,0.6707786338831573,0.9372527423141894
zic008_aec7,20260922,7,2,8,35,0.6765949321186018,0.9448104869721858
zic008_aec7,20260922,7,3,8,35,0.6749222281280588,0.9405308134563789
zic008_aec7,20260922,7,4,8,35,0.6798743541412974,0.9386313992414739
zic008_aec7,20260922,7,5,8,35,0.661019818231944,0.9250102422579266
zic008_aec7,20260922,7,6,8,35,0.6698549492172668,0.9314731294195969
zic008_aec7,20260922,7,7,8,35,0.6747921417222248,0.9332597012176631
zic008_aec7,20260922,8,0,8,35,0.6839417044927507,0.9391855528858997
zic008_aec7,20260923,1,0,8,35,0.2839405655897975,0.6442238413895861
zic008_aec7,20260923,1,1,8,35,0.41537386525958503,0.8598901179753679
zic008_aec7,20260923,1,2,8,35,0.41996271584335215,0.8443917217501683
zic008_aec7,20260923,1,3,8,35,0.3095509395492539,0.8027734960225985
zic008_aec7,20260923,1,4,8,35,0.5335272692133128,0.8303203297537808
zic008_aec7,20260923,1,5,8,35,0.4429627655051274,0.7988555137416106
zic008_aec7,20260923,1,6,8,35,0.3998245297596678,0.7913315736844504
zic008_aec7,20260923,1,7,8,35,0.43482871439606635,0.7959408487022928
zic008_aec7,20260923,2,0,8,35,0.4112313384967064,0.8016660201423188
zic008_aec7,20260923,2,1,8,35,0.4102993326933755,0.8755371021645187
zic008_aec7,20260923,2,2,8,35,0.4044123185943782,0.9115597464211728
zic008_aec7,20260923,2,3,8,35,0.43608255050020817,0.8101548057520416
zic008_aec7,20260923,2,4,8,35,0.4480141220041138,0.897106526125955
zic008_aec7,20260923,2,5,8,35,0.42669949784510514,0.8799828208690883
zic008_aec7,20260923,2,6,8,35,0.4127734839003784,0.8648663328359055
zic008_aec7,20260923,2,7,8,35,0.5341639708368591,0.9110030166363735
zic008_aec7,20260923,2,8,8,35,0.5250658758216188,0.9063215271301407
zic008_aec7,20260923,2,9,8,35,0.6070464583985699,0.9364806032217232
zic008_aec7,20260923,2,10,8,35,0.5689729882775496,0.9074168337114094
zic008_aec7,20260923,2,11,8,35,0.5355578553801289,0.8828969895010644
zic008_aec7,20260923,2,12,8,35,0.5133613624097932,0.85507079251505
zic008_aec7,20260923,2,13,8,35,0.4588463309861084,0.852766856206739
zic008_aec7,20260923,2,14,8,35,0.5946186549445026,0.9336259394201891
zic008_aec7,20260923,2,15,8,35,0.49169014211790985,0.8431800972315765
zic008_aec7,20260923,2,16,8,35,0.4987126694803627,0.8109225839730256
zic008_aec7,20260923,2,17,8,35,0.5110017408560014,0.8639694748331527
zic008_aec7,20260923,2,18,8,35,0.5135732410362615,0.9312561363345891
zic008_aec7,20260923,2,19,8,35,0.480402179786014,0.8405590080554554
zic008_aec7,20260923,2,20,8,35,0.4791348806577097,0.8529065221224166
zic008_aec7,20260923,2,21,8,35,0.46716576244646807,0.8548079739087193
zic008_aec7,20260923,2,22,8,35,0.5828450118443231,0.8983316100145313
zic008_aec7,20260923,2,23,8,35,0.5696847047671382,0.9116332445103308
zic008_aec7,20260923,2,24,8,35,0.5465849530597078,0.9028727543751208
zic008_aec7,20260923,2,25,8,35,0.49887533550169527,0.7954056796387441
zic008_aec7,20260923,2,26,8,35,0.5275265574589624,0.8438461176879056
zic008_aec7,20260923,2,27,8,35,0.5081353780409763,0.8380112341048841
zic008_aec7,20260923,3,0,8,35,0.5510231585017108,0.9221091164464136
zic008_aec7,20260923,3,1,8,35,0.5170064973377303,0.94428764847637
zic008_aec7,20260923,3,2,8,35,0.5412448359253049,0.8903004837543885
zic008_aec7,20260923,3,3,8,35,0.5340553423370497,0.9323845690353744
zic008_aec7,20260923,3,4,8,35,0.5135532069215352,0.9124812983516235
zic008_aec7,20260923,3,5,8,35,0.5197393972768767,0.9010236073738953
zic008_aec7,20260923,3,6,8,35,0.4763847512026685,0.9462720462746259
zic008_aec7,20260923,3,7,8,35,0.5538508720573658,0.921643380156435
zic008_aec7,20260923,3,8,8,35,0.5001865839232504,0.9102736333261571
zic008_aec7,20260923,3,9,8,35,0.48597103835795846,0.9120516557334564
zic008_aec7,20260923,3,10,8,35,0.4800564278574379,0.9228292169576598
zic008_aec7,20260923,3,11,8,35,0.5142227669696917,0.9366526577710096
zic008_aec7,20260923,3,12,8,35,0.52660284306857,0.9317617708660325
zic008_aec7,20260923,3,13,8,35,0.49951906932191065,0.9356691507599687
zic008_aec7,20260923,3,14,8,35,0.5084749629541274,0.9275466649306093
zic008_aec7,20260923,3,15,8,35,0.5806842460210944,0.9314809263594583
zic008_aec7,20260923,3,16,8,35,0.5659154172471742,0.9181457458556858
zic008_aec7,20260923,3,17,8,35,0.5506171510469445,0.9160304402854431
zic008_aec7,20260923,3,18,8,35,0.5121874062966683,0.9051389061804244
zic008_aec7,20260923,3,19,8,35,0.5237621045657422,0.9121070631771467
zic008_aec7,20260923,3,20,8,35,0.49622504575422194,0.912477031342395
zic008_aec7,20260923,3,21,8,35,0.5563182079281676,0.9070548243831292
zic008_aec7,20260923,3,22,8,35,0.6414672035215748,0.9558932702233766
zic008_aec7,20260923,3,23,8,35,0.5831531398703764,0.8914364434979676
zic008_aec7,20260923,3,24,8,35,0.5687917188860342,0.8815417645901991
zic008_aec7,20260923,3,25,8,35,0.5786140020230159,0.9014400865349826
zic008_aec7,20260923,3,26,8,35,0.5951855652447274,0.9515031810505293
zic008_aec7,20260923,3,27,8,35,0.5876888195165122,0.907784216038234
zic008_aec7,20260923,3,28,8,35,0.5691093134962839,0.9038892234799366
zic008_aec7,20260923,3,29,8,35,0.5646831331947486,0.8929461419365542
zic008_aec7,20260923,3,30,8,35,0.6251838191410924,0.9568749510899226
zic008_aec7,20260923,3,31,8,35,0.6379759953036377,0.9409361683361721
zic008_aec7,20260923,3,32,8,35,0.6212081196963689,0.9288522155620583
zic008_aec7,20260923,3,33,8,35,0.5919744826308659,0.8832927644120859
zic008_aec7,20260923,3,34,8,35,0.5925234184212055,0.9013840404285909
zic008_aec7,20260923,3,35,8,35,0.5687918704659445,0.8863396481593956
zic008_aec7,20260923,3,36,8,35,0.5615769701982108,0.9373041753648962
zic008_aec7,20260923,3,37,8,35,0.5382380489894111,0.8541670106062664
zic008_aec7,20260923,3,38,8,35,0.5182572508451615,0.8419518838518647
zic008_aec7,20260923,3,39,8,35,0.5401673497928675,0.8945594122178647
zic008_aec7,20260923,3,40,8,35,0.6012356072241912,0.9094414623551645
zic008_aec7,20260923,3,41,8,35,0.6155219508143396,0.9119989926354284
zic008_aec7,20260923,3,42,8,35,0.6001041034762797,0.9371422017072607
zic008_aec7,20260923,3,43,8,35,0.5362038650287605,0.808617228177316
zic008_aec7,20260923,3,44,8,35,0.5594215149676305,0.8605691799640083
zic008_aec7,20260923,3,45,8,35,0.5623454994549063,0.8476872875958325
zic008_aec7,20260923,3,46,8,35,0.5963598082753856,0.9221451521132894
zic008_aec7,20260923,3,47,8,35,0.5773904208773,0.9196860168116764
zic008_aec7,20260923,3,48,8,35,0.5808584963384027,0.9194685820383498
zic008_aec7,20260923,3,49,8,35,0.5301283083729644,0.8409966024973409
zic008_aec7,20260923,3,50,8,35,0.5309657640627968,0.8861909010894488
zic008_aec7,20260923,3,51,8,35,0.5277599846862776,0.8812321332821991
zic008_aec7,20260923,3,52,8,35,0.6016552418233133,0.8955736565599864
zic008_aec7,20260923,3,53,8,35,0.6236791629076727,0.9087258680367324
zic008_aec7,20260923,3,54,8,35,0.5965135849425933,0.9262157354677366
zic008_aec7,20260923,3,55,8,35,0.5534336145227998,0.8609425654621824
zic008_aec7,20260923,4,0,8,35,0.5856291641905438,0.9637226756475435
zic008_aec7,20260923,4,1,8,35,0.6361457784215732,0.9411351810725715
zic008_aec7,20260923,4,2,8,35,0.6028550357078977,0.9391978670289999
zic008_aec7,20260923,4,3,8,35,0.5930873274979827,0.9321358850115483
zic008_aec7,20260923,4,4,8,35,0.5839233070188706,0.9345827620831472
zic008_aec7,20260923,4,5,8,35,0.5872554447448988,0.9623474849087247
zic008_aec7,20260923,4,6,8,35,0.6065584295278306,0.9527069954968153
zic008_aec7,20260923,4,7,8,35,0.5941022892560912,0.9514068452272275
zic008_aec7,20260923,4,8,8,35,0.5846990679398637,0.9496109608449338
zic008_aec7,20260923,4,9,8,35,0.6180395499413781,0.9578193328082758
zic008_aec7,20260923,4,10,8,35,0.6037567832011912,0.9443537359137297
zic008_aec7,20260923,4,11,8,35,0.6097861167719186,0.9419253904949082
zic008_aec7,20260923,4,12,8,35,0.5754457633610103,0.9417304819866604
zic008_aec7,20260923,4,13,8,35,0.5870289549324946,0.9401683844730244
zic008_aec7,20260923,4,14,8,35,0.5741822538104155,0.92920929763527
zic008_aec7,20260923,4,15,8,35,0.5854838851701162,0.9629703198038961
zic008_aec7,20260923,4,16,8,35,0.5451527630324728,0.9193225811902189
zic008_aec7,20260923,4,17,8,35,0.5307873868507768,0.9218270538796751
zic008_aec7,20260923,4,18,8,35,0.5417038274922157,0.9210990820109846
zic008_aec7,20260923,4,19,8,35,0.598805945274239,0.9420526583616711
zic008_aec7,20260923,4,20,8,35,0.5913436560793182,0.9458213395571308
zic008_aec7,20260923,4,21,8,35,0.5797563906470086,0.9486646520940067
zic008_aec7,20260923,4,22,8,35,0.5448774400958091,0.8876275213752574
zic008_aec7,20260923,4,23,8,35,0.5461527815054731,0.9122264581458637
zic008_aec7,20260923,4,24,8,35,0.5395049037266102,0.9285664114244062
zic008_aec7,20260923,4,25,8,35,0.6080583201052886,0.9611322571342756
zic008_aec7,20260923,4,26,8,35,0.5981537139279061,0.9628773297188886
zic008_aec7,20260923,4,27,8,35,0.5857617443545309,0.9607408756668273
zic008_aec7,20260923,4,28,8,35,0.5689509869751185,0.9182641412584093
zic008_aec7,20260923,4,29,8,35,0.5870807704412015,0.9090369341362358
zic008_aec7,20260923,4,30,8,35,0.5659747046909547,0.923400097050187
zic008_aec7,20260923,4,31,8,35,0.6108470942350702,0.9413215975388205
zic008_aec7,20260923,4,32,8,35,0.6001036238036126,0.9430851358526927
zic008_aec7,20260923,4,33,8,35,0.5937492926730894,0.9467270104800234
zic008_aec7,20260923,4,34,8,35,0.5688418849496972,0.9101832055289973
zic008_aec7,20260923,4,35,8,35,0.645225080416097,0.9576135900749525
zic008_aec7,20260923,4,36,8,35,0.6022977409836952,0.9133394544458927
zic008_aec7,20260923,4,37,8,35,0.5889537225265441,0.8998520898936334
zic008_aec7,20260923,4,38,8,35,0.5926700354909423,0.9164800262294179
zic008_aec7,20260923,4,39,8,35,0.6607960665097352,0.9349981950120112
zic008_aec7,20260923,4,40,8,35,0.6527919038170503,0.9354472252716837
zic008_aec7,20260923,4,41,8,35,0.6465067316499217,0.9470546999596753
zic008_aec7,20260923,4,42,8,35,0.6047247199128188,0.8713509114611645
zic008_aec7,20260923,4,43,8,35,0.6064345930434446,0.8980460238922289
zic008_aec7,20260923,4,44,8,35,0.6038703530748037,0.887676080488674
zic008_aec7,20260923,4,45,8,35,0.6506717583458586,0.9430967470785832
zic008_aec7,20260923,4,46,8,35,0.6369136942705479,0.9455698991392474
zic008_aec7,20260923,4,47,8,35,0.6446683383885602,0.9438006410715994
zic008_aec7,20260923,4,48,8,35,0.6115343351570426,0.8973170404248808
zic008_aec7,20260923,4,49,8,35,0.6118620521393603,0.9045785601745566
zic008_aec7,20260923,4,50,8,35,0.5999308025469658,0.9040431866214322
zic008_aec7,20260923,4,51,8,35,0.6397412672022388,0.938165058483487
zic008_aec7,20260923,4,52,8,35,0.6520222385904108,0.9362130188484143
zic008_aec7,20260923,4,53,8,35,0.6344547222717241,0.9404017488963569
zic008_aec7,20260923,4,54,8,35,0.6160939209437939,0.8942053887139845
zic008_aec7,20260923,4,55,8,35,0.6054066344551913,0.9100767399769997
zic008_aec7,20260923,4,56,8,35,0.5946164631695195,0.9201140649617898
zic008_aec7,20260923,4,57,8,35,0.5961413862705586,0.9448903075464052
zic008_aec7,20260923,4,58,8,35,0.5656807868314858,0.8412139385377708
zic008_aec7,20260923,4,59,8,35,0.5890266779531752,0.892918259882334
zic008_aec7,20260923,4,60,8,35,0.5730168894529383,0.8827871613637936
zic008_aec7,20260923,4,61,8,35,0.6194735806797591,0.8869318449687806
zic008_aec7,20260923,4,62,8,35,0.6241223862584093,0.9187198530742265
zic008_aec7,20260923,4,63,8,35,0.6305870039166817,0.9214158813542033
zic008_aec7,20260923,4,64,8,35,0.5888881018665719,0.8482885505097559
zic008_aec7,20260923,4,65,8,35,0.6211867750682027,0.9111874132178349
zic008_aec7,20260923,4,66,8,35,0.6342776653184348,0.9266587637623867
zic008_aec7,20260923,4,67,8,35,0.6236217882100472,0.9258279299263267
zic008_aec7,20260923,4,68,8,35,0.5764457235727387,0.8884246660958993
zic008_aec7,20260923,4,69,8,35,0.6327484029987513,0.9222662763576259
zic008_aec7,20260923,5,0,8,35,0.655448643071462,0.9707139648802318
zic008_aec7,20260923,5,1,8,35,0.6234740157651912,0.9502515681770591
zic008_aec7,20260923,5,2,8,35,0.614070506634322,0.9520419956625453
zic008_aec7,20260923,5,3,8,35,0.608689622632844,0.9447355497154253
zic008_aec7,20260923,5,4,8,35,0.6657870265385778,0.9593420053100659
zic008_aec7,20260923,5,5,8,35,0.6600303847263277,0.9607821010572996
zic008_aec7,20260923,5,6,8,35,0.6506212514828024,0.9578773446268118
zic008_aec7,20260923,5,7,8,35,0.6243841627956813,0.9282456589241753
zic008_aec7,20260923,5,8,8,35,0.6198612294358833,0.9336705079285835
zic008_aec7,20260923,5,9,8,35,0.6131426282943919,0.9373743685534696
zic008_aec7,20260923,5,10,8,35,0.6717267792583461,0.9722804226721209
zic008_aec7,20260923,5,11,8,35,0.6639901376371428,0.9725579689422083
zic008_aec7,20260923,5,12,8,35,0.6508964975823182,0.9705823392301477
zic008_aec7,20260923,5,13,8,35,0.6301114211324895,0.9426094999225928
zic008_aec7,20260923,5,14,8,35,0.6254197938552146,0.941115823584002
zic008_aec7,20260923,5,15,8,35,0.6168907637126171,0.9414327457967391
zic008_aec7,20260923,5,16,8,35,0.6396003692171347,0.9533038751444947
zic008_aec7,20260923,5,17,8,35,0.649697555650775,0.9587586784942498
zic008_aec7,20260923,5,18,8,35,0.6404597382022902,0.9580066267977312
zic008_aec7,20260923,5,19,8,35,0.6099140758714693,0.9354500019956872
zic008_aec7,20260923,5,20,8,35,0.623231967069033,0.9526435468249299
zic008_aec7,20260923,5,21,8,35,0.6156924064964965,0.9572912223845729
zic008_aec7,20260923,5,22,8,35,0.6084102510930859,0.9631383398976249
zic008_aec7,20260923,5,23,8,35,0.577839237807247,0.9132438566378145
zic008_aec7,20260923,5,24,8,35,0.5916567091480207,0.9259203346177997
zic008_aec7,20260923,5,25,8,35,0.5755914728639349,0.9303959070297722
zic008_aec7,20260923,5,26,8,35,0.6227107035329701,0.9305185130315988
zic008_aec7,20260923,5,27,8,35,0.6165860599118631,0.9398432648202915
zic008_aec7,20260923,5,28,8,35,0.6116057321205716,0.9474384901630898
zic008_aec7,20260923,5,29,8,35,0.5755363312773292,0.9052444879236088
zic008_aec7,20260923,5,30,8,35,0.632844753811327,0.9485245307341019
zic008_aec7,20260923,5,31,8,35,0.6275569483564293,0.9525717030905196
zic008_aec7,20260923,5,32,8,35,0.6196822026566022,0.9526358019376732
zic008_aec7,20260923,5,33,8,35,0.6113641992176734,0.9215380391045427
zic008_aec7,20260923,5,34,8,35,0.62725165907547,0.9443991562507384
zic008_aec7,20260923,5,35,8,35,0.6684922928749385,0.9384928697161801
zic008_aec7,20260923,5,36,8,35,0.6600693156510893,0.9450586150904244
zic008_aec7,20260923,5,37,8,35,0.6575088124569947,0.950993740718195
zic008_aec7,20260923,5,38,8,35,0.6223084412543893,0.894857417596371
zic008_aec7,20260923,5,39,8,35,0.6249469290992613,0.9120045661874074
zic008_aec7,20260923,5,40,8,35,0.6152004634422584,0.9067125021815684
zic008_aec7,20260923,5,41,8,35,0.6690302127885841,0.9184256856611281
zic008_aec7,20260923,5,42,8,35,0.667241177809091,0.9284652620709591
zic008_aec7,20260923,5,43,8,35,0.6618573526186647,0.9333325600967947
zic008_aec7,20260923,5,44,8,35,0.6249845010769155,0.8932725893459779
zic008_aec7,20260923,5,45,8,35,0.6694001171786532,0.9297960024261237
zic008_aec7,20260923,5,46,8,35,0.6758121086568507,0.9360708916453618
zic008_aec7,20260923,5,47,8,35,0.6683786083900274,0.940137719849985
zic008_aec7,20260923,5,48,8,35,0.6331346655509134,0.909377564006125
zic008_aec7,20260923,5,49,8,35,0.660280004272233,0.9396899276908924
zic008_aec7,20260923,5,50,8,35,0.6259474873419701,0.905552216713874
zic008_aec7,20260923,5,51,8,35,0.6304515903172441,0.9251550725279961
zic008_aec7,20260923,5,52,8,35,0.6216717779206792,0.9264011656531089
zic008_aec7,20260923,5,53,8,35,0.6042321461313942,0.8775049265992688
zic008_aec7,20260923,5,54,8,35,0.642385678840468,0.9071072603899452
zic008_aec7,20260923,5,55,8,35,0.6527160953455022,0.9316292297693821
zic008_aec7,20260923,6,0,8,35,0.6775376460501603,0.970435942274445
zic008_aec7,20260923,6,1,8,35,0.6714259532096992,0.9705970847396408
zic008_aec7,20260923,6,2,8,35,0.6654006889056702,0.9718845037042005
zic008_aec7,20260923,6,3,8,35,0.6418722547716582,0.934991290871727
zic008_aec7,20260923,6,4,8,35,0.6395582289758641,0.9380529863149067
zic008_aec7,20260923,6,5,8,35,0.6328809067672962,0.9430862725789406
zic008_aec7,20260923,6,6,8,35,0.677265750663239,0.9538678042531209
zic008_aec7,20260923,6,7,8,35,0.6720775772766796,0.9581504116479541
zic008_aec7,20260923,6,8,8,35,0.6680454546745135,0.9615345919248883
zic008_aec7,20260923,6,9,8,35,0.6394206423092871,0.931228630227994
zic008_aec7,20260923,6,10,8,35,0.6842763316577557,0.9620387732861995
zic008_aec7,20260923,6,11,8,35,0.6788717477844586,0.9651336572788725
zic008_aec7,20260923,6,12,8,35,0.673463745746503,0.9689631121759641
zic008_aec7,20260923,6,13,8,35,0.6461864784339987,0.9390862495353935
zic008_aec7,20260923,6,14,8,35,0.6610314832503043,0.9595248475429324
zic008_aec7,20260923,6,15,8,35,0.6428826821002565,0.940613505722551
zic008_aec7,20260923,6,16,8,35,0.6392635619093461,0.9468678560589789
zic008_aec7,20260923,6,17,8,35,0.6340751988442749,0.9544638568620578
zic008_aec7,20260923,6,18,8,35,0.6080717795016508,0.9207002119286885
zic008_aec7,20260923,6,19,8,35,0.6380008870117202,0.9376852223293889
zic008_aec7,20260923,6,20,8,35,0.648188175518114,0.9458098094334751
zic008_aec7,20260923,6,21,8,35,0.6779419052995461,0.9340451127313825
zic008_aec7,20260923,6,22,8,35,0.6780769928535444,0.9437670864394733
zic008_aec7,20260923,6,23,8,35,0.6722240104483052,0.9412973535512272
zic008_aec7,20260923,6,24,8,35,0.6417754100904686,0.8988580271714107
zic008_aec7,20260923,6,25,8,35,0.6776220936078113,0.929411100998432
zic008_aec7,20260923,6,26,8,35,0.6866237359561953,0.9407872512899614
zic008_aec7,20260923,6,27,8,35,0.6446268551844282,0.9128941016136378
zic008_aec7,20260923,7,0,8,35,0.6880470838346768,0.9525544476633665
zic008_aec7,20260923,7,1,8,35,0.684910850004492,0.9558169525724494
zic008_aec7,20260923,7,2,8,35,0.6805241455800471,0.9660852663926401
zic008_aec7,20260923,7,3,8,35,0.6560092372692304,0.9408099229240133
zic008_aec7,20260923,7,4,8,35,0.6840229982552639,0.9541227225486052
zic008_aec7,20260923,7,5,8,35,0.6914753112199798,0.9512614356215411
zic008_aec7,20260923,7,6,8,35,0.6567925849434715,0.9494583298659975
zic008_aec7,20260923,7,7,8,35,0.6878447610553289,0.9280729894539583
zic008_aec7,20260923,8,0,8,35,0.6953134198426418,0.9572225866857995
zic008_aec7,20260924,1,0,8,35,0.24091560709833382,0.5767119261325971
zic008_aec7,20260924,1,1,8,35,0.44388189117044136,0.8094251871841851
zic008_aec7,20260924,1,2,8,35,0.4857330748034329,0.8364317638060736
zic008_aec7,20260924,1,3,8,35,0.43816312042546957,0.7995113283784232
zic008_aec7,20260924,1,4,8,35,0.4455334651987019,0.8995862316389507
zic008_aec7,20260924,1,5,8,35,0.47414415537762133,0.8061618333249442
zic008_aec7,20260924,1,6,8,35,0.4660486944798131,0.8597723223875476
zic008_aec7,20260924,1,7,8,35,0.40758495201319683,0.8580998313526176
zic008_aec7,20260924,2,0,8,35,0.38931362356097104,0.7683646362641109
zic008_aec7,20260924,2,1,8,35,0.4356220796439431,0.8728578838270921
zic008_aec7,20260924,2,2,8,35,0.36562716952496205,0.7688018987237826
zic008_aec7,20260924,2,3,8,35,0.4036847788855273,0.7921229386755643
zic008_aec7,20260924,2,4,8,35,0.4253275877727986,0.8759195843754726
zic008_aec7,20260924,2,5,8,35,0.4209274824202169,0.8373077407160472
zic008_aec7,20260924,2,6,8,35,0.39790158122531866,0.8528786120827576
zic008_aec7,20260924,2,7,8,35,0.5856739244091234,0.9160709044316651
zic008_aec7,20260924,2,8,8,35,0.5298679764602569,0.8252188231989448
zic008_aec7,20260924,2,9,8,35,0.5469941628623755,0.8899443606165122
zic008_aec7,20260924,2,10,8,35,0.582727699377688,0.8948072772746642
zic008_aec7,20260924,2,11,8,35,0.5784728335599055,0.8835650349089659
zic008_aec7,20260924,2,12,8,35,0.549378487805698,0.9021183047303537
zic008_aec7,20260924,2,13,8,35,0.5689779081520201,0.899390629248237
zic008_aec7,20260924,2,14,8,35,0.5757497411712597,0.8917512609796977
zic008_aec7,20260924,2,15,8,35,0.5581222361257578,0.8557913505358891
zic008_aec7,20260924,2,16,8,35,0.5964576688278517,0.8957686625850214
zic008_aec7,20260924,2,17,8,35,0.5437065541427546,0.8477111657296883
zic008_aec7,20260924,2,18,8,35,0.5443380610530477,0.8902588812026142
zic008_aec7,20260924,2,19,8,35,0.5503047165655747,0.8982994209969805
zic008_aec7,20260924,2,20,8,35,0.5471351358628983,0.8740222567469133
zic008_aec7,20260924,2,21,8,35,0.5360397647940248,0.9040123743463381
zic008_aec7,20260924,2,22,8,35,0.5732092295651703,0.901560373988185
zic008_aec7,20260924,2,23,8,35,0.5688792781728788,0.9436963085931865
zic008_aec7,20260924,2,24,8,35,0.5345773036737287,0.9085666046210877
zic008_aec7,20260924,2,25,8,35,0.5775845219185569,0.8943493475723275
zic008_aec7,20260924,2,26,8,35,0.581901203052146,0.866355060987581
zic008_aec7,20260924,2,27,8,35,0.5541017256150127,0.9313635398161153
zic008_aec7,20260924,3,0,8,35,0.5416292737992935,0.8964827716947543
zic008_aec7,20260924,3,1,8,35,0.4601765577429929,0.826916602642282
zic008_aec7,20260924,3,2,8,35,0.4840006569824317,0.8494309715416176
zic008_aec7,20260924,3,3,8,35,0.5108688568190622,0.8662958363749197
zic008_aec7,20260924,3,4,8,35,0.5018049672010365,0.8480848453739722
zic008_aec7,20260924,3,5,8,35,0.5038721867352967,0.8751173223368783
zic008_aec7,20260924,3,6,8,35,0.5290960204771947,0.9067349026199879
zic008_aec7,20260924,3,7,8,35,0.5262455770534142,0.8885659034504806
zic008_aec7,20260924,3,8,8,35,0.5562820778113917,0.9223792984358044
zic008_aec7,20260924,3,9,8,35,0.5519108287600483,0.909412287086351
zic008_aec7,20260924,3,10,8,35,0.520264278760655,0.9046584445152945
zic008_aec7,20260924,3,11,8,35,0.4891764495589932,0.8456317726000467
zic008_aec7,20260924,3,12,8,35,0.49228593086511785,0.8853383373974012
zic008_aec7,20260924,3,13,8,35,0.48225354957892563,0.8547814858360369
zic008_aec7,20260924,3,14,8,35,0.4866900239689663,0.8934812369225915
zic008_aec7,20260924,3,15,8,35,0.5306494525886504,0.9182629593338335
zic008_aec7,20260924,3,16,8,35,0.5107511037116883,0.901872135498287
zic008_aec7,20260924,3,17,8,35,0.4857530947730199,0.8888368093816129
zic008_aec7,20260924,3,18,8,35,0.5381779485067887,0.9202763072888184
zic008_aec7,20260924,3,19,8,35,0.5374154996009486,0.9266667890539004
zic008_aec7,20260924,3,20,8,35,0.5123638397917468,0.9131998961584358
zic008_aec7,20260924,3,21,8,35,0.6113605174259964,0.9072350662866057
zic008_aec7,20260924,3,22,8,35,0.6228677820743389,0.9265026324093408
zic008_aec7,20260924,3,23,8,35,0.6500292263685373,0.9058632652265709
zic008_aec7,20260924,3,24,8,35,0.6482689313486013,0.9285538044504601
zic008_aec7,20260924,3,25,8,35,0.6028422581476036,0.9134297112111951
zic008_aec7,20260924,3,26,8,35,0.6108314251584799,0.8585458823517994
zic008_aec7,20260924,3,27,8,35,0.5843330696864911,0.8753973042829784
zic008_aec7,20260924,3,28,8,35,0.6031092477259589,0.8544685877842335
zic008_aec7,20260924,3,29,8,35,0.5880695178870313,0.9056699385631535
zic008_aec7,20260924,3,30,8,35,0.6245833528337438,0.9245001301547735
zic008_aec7,20260924,3,31,8,35,0.6190051499942807,0.9192565374094429
zic008_aec7,20260924,3,32,8,35,0.5867915030751828,0.9182529850492263
zic008_aec7,20260924,3,33,8,35,0.6362790618188356,0.9150861911399686
zic008_aec7,20260924,3,34,8,35,0.6196142508562397,0.9201515414808581
zic008_aec7,20260924,3,35,8,35,0.6103269103094422,0.9324025027405666
zic008_aec7,20260924,3,36,8,35,0.6117989191962085,0.9232059675882616
zic008_aec7,20260924,3,37,8,35,0.6319003585547318,0.9072726032943769
zic008_aec7,20260924,3,38,8,35,0.638888290460495,0.9295968719783965
zic008_aec7,20260924,3,39,8,35,0.5926802419388704,0.9186459930998148
zic008_aec7,20260924,3,40,8,35,0.6247614109065199,0.901164839112208
zic008_aec7,20260924,3,41,8,35,0.6470209764430742,0.9324703753066401
zic008_aec7,20260924,3,42,8,35,0.5897984189633841,0.897742561589248
zic008_aec7,20260924,3,43,8,35,0.6216538282353484,0.905184045178341
zic008_aec7,20260924,3,44,8,35,0.6223507153893952,0.8801331353351508
zic008_aec7,20260924,3,45,8,35,0.6226498292293499,0.9099238580827372
zic008_aec7,20260924,3,46,8,35,0.6101794901935571,0.9292212776464674
zic008_aec7,20260924,3,47,8,35,0.6079821859204616,0.9205141461915786
zic008_aec7,20260924,3,48,8,35,0.5683865030282476,0.9168152665283228
zic008_aec7,20260924,3,49,8,35,0.6150312801551221,0.9172604492009768
zic008_aec7,20260924,3,50,8,35,0.6006099336422098,0.9144683702930291
zic008_aec7,20260924,3,51,8,35,0.5971903821817143,0.9241790213767432
zic008_aec7,20260924,3,52,8,35,0.6330814866013106,0.9322486309424481
zic008_aec7,20260924,3,53,8,35,0.6114366109216656,0.9066301908170104
zic008_aec7,20260924,3,54,8,35,0.608215595919129,0.9463494470962771
zic008_aec7,20260924,3,55,8,35,0.6343773983513827,0.9178338949960434
zic008_aec7,20260924,4,0,8,35,0.5610631867660684,0.8981662643487914
zic008_aec7,20260924,4,1,8,35,0.5778991275061897,0.9141802444691403
zic008_aec7,20260924,4,2,8,35,0.6085386980125642,0.9293359870779658
zic008_aec7,20260924,4,3,8,35,0.6016742297677793,0.9203065199796023
zic008_aec7,20260924,4,4,8,35,0.5792378723366224,0.9153933015561461
zic008_aec7,20260924,4,5,8,35,0.548769545236516,0.8764398967661877
zic008_aec7,20260924,4,6,8,35,0.5378513775454359,0.8820548838703048
zic008_aec7,20260924,4,7,8,35,0.5265873133716527,0.8675534945323743
zic008_aec7,20260924,4,8,8,35,0.5330177602144837,0.8840722645352214
zic008_aec7,20260924,4,9,8,35,0.5800068143550895,0.8970933357842007
zic008_aec7,20260924,4,10,8,35,0.5703517086008559,0.8995658561077405
zic008_aec7,20260924,4,11,8,35,0.5534213339183154,0.9088394220327224
zic008_aec7,20260924,4,12,8,35,0.5844019809641033,0.9158885241610013
zic008_aec7,20260924,4,13,8,35,0.5879981172096618,0.9216860062873414
zic008_aec7,20260924,4,14,8,35,0.5747771193187611,0.915318408495226
zic008_aec7,20260924,4,15,8,35,0.5648625255243542,0.9176071073107496
zic008_aec7,20260924,4,16,8,35,0.5958553267834042,0.9281925900445694
zic008_aec7,20260924,4,17,8,35,0.5923185666168911,0.9155759292736888
zic008_aec7,20260924,4,18,8,35,0.5650144367811047,0.9129939518807741
zic008_aec7,20260924,4,19,8,35,0.6054842659937925,0.923837076017906
zic008_aec7,20260924,4,20,8,35,0.6043548429235405,0.9264187183908515
zic008_aec7,20260924,4,21,8,35,0.572101716426944,0.9138421815430919
zic008_aec7,20260924,4,22,8,35,0.6201218778127955,0.9407355298726435
zic008_aec7,20260924,4,23,8,35,0.6135422107017132,0.9403104606013577
zic008_aec7,20260924,4,24,8,35,0.5985434520978741,0.9249660265746888
zic008_aec7,20260924,4,25,8,35,0.5589234704699169,0.9042152373217838
zic008_aec7,20260924,4,26,8,35,0.5477140609168816,0.8930756504136041
zic008_aec7,20260924,4,27,8,35,0.5504103125303381,0.9097463132148568
zic008_aec7,20260924,4,28,8,35,0.5647695137121094,0.9193023607811237
zic008_aec7,20260924,4,29,8,35,0.5704205528075527,0.9236298992325782
zic008_aec7,20260924,4,30,8,35,0.5582331020667903,0.9144911783887811
zic008_aec7,20260924,4,31,8,35,0.6022683051855097,0.9366849587728694
zic008_aec7,20260924,4,32,8,35,0.5731824141077795,0.9317920369581156
zic008_aec7,20260924,4,33,8,35,0.574059227682006,0.927778679223796
zic008_aec7,20260924,4,34,8,35,0.6009421723082111,0.9448270043245718
zic008_aec7,20260924,4,35,8,35,0.6407962652809833,0.9202386178346854
zic008_aec7,20260924,4,36,8,35,0.6535775441386763,0.9077431986635842
zic008_aec7,20260924,4,37,8,35,0.6581266912850969,0.9151144076548012
zic008_aec7,20260924,4,38,8,35,0.6318720057643533,0.926765024480836
zic008_aec7,20260924,4,39,8,35,0.6627235918680241,0.929055330314288
zic008_aec7,20260924,4,40,8,35,0.6678334209817404,0.9397976917327371
zic008_aec7,20260924,4,41,8,35,0.6320243666595472,0.9227119799644989
zic008_aec7,20260924,4,42,8,35,0.6853923690337136,0.9257726047191162
zic008_aec7,20260924,4,43,8,35,0.6651366020666533,0.9205032352145149
zic008_aec7,20260924,4,44,8,35,0.6570614253595171,0.939145875091817
zic008_aec7,20260924,4,45,8,35,0.6333794172959429,0.90686804811458
zic008_aec7,20260924,4,46,8,35,0.6484719292133498,0.8952619033961705
zic008_aec7,20260924,4,47,8,35,0.6117933155002481,0.9161187781067165
zic008_aec7,20260924,4,48,8,35,0.6347540364563998,0.9078207190339125
zic008_aec7,20260924,4,49,8,35,0.637461505623025,0.9116545468555577
zic008_aec7,20260924,4,50,8,35,0.6330162699348949,0.9162629674142723
zic008_aec7,20260924,4,51,8,35,0.6588334041745347,0.9362017455074636
zic008_aec7,20260924,4,52,8,35,0.6296390722550732,0.9253438033566679
zic008_aec7,20260924,4,53,8,35,0.6377147029710705,0.9307826157116329
zic008_aec7,20260924,4,54,8,35,0.6596211760698207,0.9383823637416004
zic008_aec7,20260924,4,55,8,35,0.649829083140667,0.9233734286712653
zic008_aec7,20260924,4,56,8,35,0.656065834172599,0.9278756607416075
zic008_aec7,20260924,4,57,8,35,0.6278197910893961,0.9297311472108206
zic008_aec7,20260924,4,58,8,35,0.6695046014925028,0.9237505278039577
zic008_aec7,20260924,4,59,8,35,0.6575193312672456,0.9283309773541167
zic008_aec7,20260924,4,60,8,35,0.650829131015369,0.940315121901951
zic008_aec7,20260924,4,61,8,35,0.6692569240906111,0.9291445749551379
zic008_aec7,20260924,4,62,8,35,0.6584905566460709,0.9022885997721277
zic008_aec7,20260924,4,63,8,35,0.6491002076300632,0.9311502732990882
zic008_aec7,20260924,4,64,8,35,0.662875614824085,0.91650980394017
zic008_aec7,20260924,4,65,8,35,0.6553743509211515,0.9402666812577506
zic008_aec7,20260924,4,66,8,35,0.6193970999280195,0.9342476312563525
zic008_aec7,20260924,4,67,8,35,0.6353888464535685,0.936334482776995
zic008_aec7,20260924,4,68,8,35,0.6449334658052016,0.9366591589614695
zic008_aec7,20260924,4,69,8,35,0.6546662495060173,0.9325139674492833
zic008_aec7,20260924,5,0,8,35,0.6052226221451916,0.9084452672034304
zic008_aec7,20260924,5,1,8,35,0.6253038479194807,0.9305112866323184
zic008_aec7,20260924,5,2,8,35,0.6207934818083283,0.9175005735421724
zic008_aec7,20260924,5,3,8,35,0.6072209845709725,0.915196840520063
zic008_aec7,20260924,5,4,8,35,0.630149530996617,0.9311021310763423
zic008_aec7,20260924,5,5,8,35,0.6242243286256401,0.9377147496265812
zic008_aec7,20260924,5,6,8,35,0.6089865475727373,0.9193843112566512
zic008_aec7,20260924,5,7,8,35,0.6460547223297044,0.9408781199186804
zic008_aec7,20260924,5,8,8,35,0.6325593341771844,0.9406431273630682
zic008_aec7,20260924,5,9,8,35,0.6351016593990672,0.9303905573070922
zic008_aec7,20260924,5,10,8,35,0.5961290229922659,0.8974975822938097
zic008_aec7,20260924,5,11,8,35,0.5917881918214594,0.9018145380233621
zic008_aec7,20260924,5,12,8,35,0.5930677634294369,0.9070842550437406
zic008_aec7,20260924,5,13,8,35,0.5995809033806084,0.8993742127404751
zic008_aec7,20260924,5,14,8,35,0.6076288283353937,0.9139098750211615
zic008_aec7,20260924,5,15,8,35,0.600835982372259,0.9125987502357189
zic008_aec7,20260924,5,16,8,35,0.6336552245294823,0.92584059708749
zic008_aec7,20260924,5,17,8,35,0.6230060901472817,0.9224001955189847
zic008_aec7,20260924,5,18,8,35,0.6147479682508,0.9354780636723297
zic008_aec7,20260924,5,19,8,35,0.6389454889496072,0.9367364234386019
zic008_aec7,20260924,5,20,8,35,0.6283620367832584,0.9272514378744378
zic008_aec7,20260924,5,21,8,35,0.6201321031421118,0.9259007957752574
zic008_aec7,20260924,5,22,8,35,0.5991592895495211,0.9226891228678513
zic008_aec7,20260924,5,23,8,35,0.6409822953474803,0.940476714971725
zic008_aec7,20260924,5,24,8,35,0.6225195142807477,0.9485523322752779
zic008_aec7,20260924,5,25,8,35,0.6254609428029688,0.9321043666371189
zic008_aec7,20260924,5,26,8,35,0.6458147939631511,0.9395914380135103
zic008_aec7,20260924,5,27,8,35,0.630092486081028,0.9313187402816117
zic008_aec7,20260924,5,28,8,35,0.6312887117744448,0.9285657988686347
zic008_aec7,20260924,5,29,8,35,0.6548090949654144,0.9506427551029575
zic008_aec7,20260924,5,30,8,35,0.6183236595535505,0.9311856842216842
zic008_aec7,20260924,5,31,8,35,0.6129861586571038,0.9318284139600562
zic008_aec7,20260924,5,32,8,35,0.6049826519213652,0.9350878394760167
zic008_aec7,20260924,5,33,8,35,0.626810575926251,0.940642807346875
zic008_aec7,20260924,5,34,8,35,0.6192204508114814,0.9513788994087077
zic008_aec7,20260924,5,35,8,35,0.6649175493998349,0.9295191503078403
zic008_aec7,20260924,5,36,8,35,0.6640190585559361,0.9262066866803176
zic008_aec7,20260924,5,37,8,35,0.6532212989133601,0.9323709684679733
zic008_aec7,20260924,5,38,8,35,0.6810223135080207,0.9299177833036286
zic008_aec7,20260924,5,39,8,35,0.6635939432843491,0.9265196925979464
zic008_aec7,20260924,5,40,8,35,0.6706253440933663,0.9330137230848378
zic008_aec7,20260924,5,41,8,35,0.6907975803148195,0.9361977957792608
zic008_aec7,20260924,5,42,8,35,0.6701770157798494,0.9237437705848995
zic008_aec7,20260924,5,43,8,35,0.6756515333248053,0.9425088620653502
zic008_aec7,20260924,5,44,8,35,0.6932852212625724,0.9313911983326916
zic008_aec7,20260924,5,45,8,35,0.6706803954065609,0.9285107251140148
zic008_aec7,20260924,5,46,8,35,0.6564900450152076,0.9244553728292992
zic008_aec7,20260924,5,47,8,35,0.6617028263896957,0.9211293528723419
zic008_aec7,20260924,5,48,8,35,0.6683804943627327,0.9301685919270755
zic008_aec7,20260924,5,49,8,35,0.6646554411053377,0.9391632829125566
zic008_aec7,20260924,5,50,8,35,0.6803186839941516,0.9359916670658855
zic008_aec7,20260924,5,51,8,35,0.6604232140874282,0.9264040160167581
zic008_aec7,20260924,5,52,8,35,0.6673181924270511,0.9421033833569021
zic008_aec7,20260924,5,53,8,35,0.6855447690322656,0.9427258190776687
zic008_aec7,20260924,5,54,8,35,0.6885468837262034,0.928897393139644
zic008_aec7,20260924,5,55,8,35,0.6532329632179039,0.9452963414212949
zic008_aec7,20260924,6,0,8,35,0.6539264550682629,0.9290040085950391
zic008_aec7,20260924,6,1,8,35,0.6522490685887804,0.923087459724125
zic008_aec7,20260924,6,2,8,35,0.6336846262125264,0.9251219243847836
zic008_aec7,20260924,6,3,8,35,0.6624295493592646,0.9341420691929079
zic008_aec7,20260924,6,4,8,35,0.6544861993071075,0.9403244608005595
zic008_aec7,20260924,6,5,8,35,0.6475266678496554,0.9337375885478459
zic008_aec7,20260924,6,6,8,35,0.6592887440075161,0.9356995806944873
zic008_aec7,20260924,6,7,8,35,0.6404512572302925,0.9389229057321844
zic008_aec7,20260924,6,8,8,35,0.6446964942657819,0.9355627180005157
zic008_aec7,20260924,6,9,8,35,0.6634341576677313,0.9467098491608131
zic008_aec7,20260924,6,10,8,35,0.6414784407535157,0.9218553345597061
zic008_aec7,20260924,6,11,8,35,0.6400607722932341,0.9262197683276606
zic008_aec7,20260924,6,12,8,35,0.63682711061304,0.9255907566187729
zic008_aec7,20260924,6,13,8,35,0.6504138198582698,0.9316783088754207
zic008_aec7,20260924,6,14,8,35,0.655820788508315,0.9383433568642819
zic008_aec7,20260924,6,15,8,35,0.6570646869916807,0.9341893476904949
zic008_aec7,20260924,6,16,8,35,0.6371874054978145,0.9423650935426583
zic008_aec7,20260924,6,17,8,35,0.6361649931177477,0.9330346037518781
zic008_aec7,20260924,6,18,8,35,0.6548116242710496,0.9441983303055118
zic008_aec7,20260924,6,19,8,35,0.6616381621272104,0.9456906646443274
zic008_aec7,20260924,6,20,8,35,0.6533328356465066,0.9419673042210551
zic008_aec7,20260924,6,21,8,35,0.6840233172568928,0.940631814008492
zic008_aec7,20260924,6,22,8,35,0.6651732113012653,0.9311088693937438
zic008_aec7,20260924,6,23,8,35,0.6725839853547849,0.9346358310389327
zic008_aec7,20260924,6,24,8,35,0.6882255307309431,0.9371759513403605
zic008_aec7,20260924,6,25,8,35,0.6945222519395222,0.93803239570951
zic008_aec7,20260924,6,26,8,35,0.679512285051601,0.9363394971589074
zic008_aec7,20260924,6,27,8,35,0.6862313014248269,0.9371478126697348
zic008_aec7,20260924,7,0,8,35,0.6806947081697113,0.9337447447135047
zic008_aec7,20260924,7,1,8,35,0.6658277746814774,0.9372186324230968
zic008_aec7,20260924,7,2,8,35,0.6603405910416786,0.9335187339395533
zic008_aec7,20260924,7,3,8,35,0.675623371751966,0.9402667366159663
zic008_aec7,20260924,7,4,8,35,0.6675986099099618,0.9471524532195139
zic008_aec7,20260924,7,5,8,35,0.6744164343041653,0.9326431344700534
zic008_aec7,20260924,7,6,8,35,0.6628738208744375,0.9435905166728205
zic008_aec7,20260924,7,7,8,35,0.6880643914788728,0.9405343360333874
zic008_aec7,20260924,8,0,8,35,0.6847821918200555,0.9425710113991441
zic008_aec7,20260925,1,0,8,35,0.4601200775945778,0.8573503319507126
zic008_aec7,20260925,1,1,8,35,0.49337701881447527,0.8543363684317649
zic008_aec7,20260925,1,2,8,35,0.4442861374355771,0.817343819381354
zic008_aec7,20260925,1,3,8,35,0.47253799337487434,0.8306341634400844
zic008_aec7,20260925,1,4,8,35,0.1799117237353061,0.6158107849110593
zic008_aec7,20260925,1,5,8,35,0.44378684461766865,0.7656098301739853
zic008_aec7,20260925,1,6,8,35,0.47447040034948795,0.8658381879130259
zic008_aec7,20260925,1,7,8,35,0.3387176968153032,0.7575757155616167
zic008_aec7,20260925,2,0,8,35,0.6014208195019991,0.9153629356344949
zic008_aec7,20260925,2,1,8,35,0.5511592043738631,0.8551725392145615
zic008_aec7,20260925,2,2,8,35,0.5777544655541099,0.894687901771197
zic008_aec7,20260925,2,3,8,35,0.33406074570398925,0.828074929934478
zic008_aec7,20260925,2,4,8,35,0.5770173362228247,0.8650242020891009
zic008_aec7,20260925,2,5,8,35,0.5506287208693614,0.9182686515439787
zic008_aec7,20260925,2,6,8,35,0.49658102632087664,0.8498259553385717
zic008_aec7,20260925,2,7,8,35,0.6019805128264064,0.9127877373690854
zic008_aec7,20260925,2,8,8,35,0.5896395213377442,0.9217558912083783
zic008_aec7,20260925,2,9,8,35,0.3256263809650673,0.7501774054800752
zic008_aec7,20260925,2,10,8,35,0.5910978419568331,0.8851098855752437
zic008_aec7,20260925,2,11,8,35,0.6010533766761307,0.9390828798341037
zic008_aec7,20260925,2,12,8,35,0.5117358585505694,0.8677597278547253
zic008_aec7,20260925,2,13,8,35,0.5672445698263792,0.8995174780800501
zic008_aec7,20260925,2,14,8,35,0.3190038905448616,0.7712792127682011
zic008_aec7,20260925,2,15,8,35,0.5520342680594685,0.8496668366659322
zic008_aec7,20260925,2,16,8,35,0.5470503715518453,0.9184046859872262
zic008_aec7,20260925,2,17,8,35,0.4880383006039866,0.8180900114825098
zic008_aec7,20260925,2,18,8,35,0.375938585915918,0.8540070810204552
zic008_aec7,20260925,2,19,8,35,0.5824457092349702,0.8321841153356567
zic008_aec7,20260925,2,20,8,35,0.545200486773876,0.8658845046193633
zic008_aec7,20260925,2,21,8,35,0.5348767241688274,0.842444348983309
zic008_aec7,20260925,2,22,8,35,0.3441778502782394,0.8398691359441482
zic008_aec7,20260925,2,23,8,35,0.3868320289246993,0.8477087028571567
zic008_aec7,20260925,2,24,8,35,0.34813607052393836,0.8343177697302603
zic008_aec7,20260925,2,25,8,35,0.5944032795236164,0.8618839867385731
zic008_aec7,20260925,2,26,8,35,0.49381295112881557,0.7706085747705448
zic008_aec7,20260925,2,27,8,35,0.4889815946496135,0.8566086357062509
zic008_aec7,20260925,3,0,8,35,0.6522214235115218,0.9134714334201429
zic008_aec7,20260925,3,1,8,35,0.6471760210919031,0.9451326751565217
zic008_aec7,20260925,3,2,8,35,0.465748251212455,0.8678025769847533
zic008_aec7,20260925,3,3,8,35,0.6686865146025579,0.9159521604115494
zic008_aec7,20260925,3,4,8,35,0.6154918801183263,0.9505736108977532
zic008_aec7,20260925,3,5,8,35,0.5892738754808026,0.9058557922079736
zic008_aec7,20260925,3,6,8,35,0.6165714881063591,0.9100054422040166
zic008_aec7,20260925,3,7,8,35,0.43051103234627924,0.8562612456828903
zic008_aec7,20260925,3,8,8,35,0.6126725669174558,0.8817958903034054
zic008_aec7,20260925,3,9,8,35,0.6167547731059126,0.9187560029867757
zic008_aec7,20260925,3,10,8,35,0.5628115180620913,0.8718367252982557
zic008_aec7,20260925,3,11,8,35,0.47673854566914603,0.9200921303273699
zic008_aec7,20260925,3,12,8,35,0.6398793941659079,0.8946958249177103
zic008_aec7,20260925,3,13,8,35,0.6205602815503923,0.9135484284051776
zic008_aec7,20260925,3,14,8,35,0.5965474008577273,0.8908760287463571
zic008_aec7,20260925,3,15,8,35,0.4420702896047786,0.8954094290866551
zic008_aec7,20260925,3,16,8,35,0.4888905283146437,0.9189741818858695
zic008_aec7,20260925,3,17,8,35,0.4383652163292603,0.8915984006438198
zic008_aec7,20260925,3,18,8,35,0.6447199472675267,0.8979455990412278
zic008_aec7,20260925,3,19,8,35,0.5759989945883239,0.8459546332986435
zic008_aec7,20260925,3,20,8,35,0.5632898087460216,0.9007593521660652
zic008_aec7,20260925,3,21,8,35,0.6483715690959976,0.9416515900679275
zic008_aec7,20260925,3,22,8,35,0.46117063795826196,0.8531923964206053
zic008_aec7,20260925,3,23,8,35,0.6591264364984558,0.9203564750108171
zic008_aec7,20260925,3,24,8,35,0.6353055827820195,0.945366839656794
zic008_aec7,20260925,3,25,8,35,0.5859942612901542,0.8998845293672569
zic008_aec7,20260925,3,26,8,35,0.5131506783478097,0.8947437931039699
zic008_aec7,20260925,3,27,8,35,0.6666394157749881,0.9140090075642254
zic008_aec7,20260925,3,28,8,35,0.6312650930175083,0.9309518004060688
zic008_aec7,20260925,3,29,8,35,0.5935585385767839,0.9101957260448024
zic008_aec7,20260925,3,30,8,35,0.45765368385551736,0.876828036844967
zic008_aec7,20260925,3,31,8,35,0.5147251337322029,0.8908554315954781
zic008_aec7,20260925,3,32,8,35,0.45918727788245406,0.8830568709932614
zic008_aec7,20260925,3,33,8,35,0.6410267367871815,0.9150081490337315
zic008_aec7,20260925,3,34,8,35,0.611876236508714,0.8868495573730529
zic008_aec7,20260925,3,35,8,35,0.6135602244990865,0.9097376139084691
zic008_aec7,20260925,3,36,8,35,0.46483320951113893,0.8905063754137084
zic008_aec7,20260925,3,37,8,35,0.6364452240947388,0.8862100866789189
zic008_aec7,20260925,3,38,8,35,0.620467009836474,0.90289026408731
zic008_aec7,20260925,3,39,8,35,0.5823269221339699,0.8659755322578965
zic008_aec7,20260925,3,40,8,35,0.4332940606492363,0.8773008658176061
zic008_aec7,20260925,3,41,8,35,0.4687966924620624,0.904002698367614
zic008_aec7,20260925,3,42,8,35,0.40429242050522446,0.8739103778196032
zic008_aec7,20260925,3,43,8,35,0.6451542340295682,0.8993756123590366
zic008_aec7,20260925,3,44,8,35,0.5799666033965795,0.829883694700847
zic008_aec7,20260925,3,45,8,35,0.5644891685763784,0.8952796175821992
zic008_aec7,20260925,3,46,8,35,0.4720527579815505,0.9096590241068729
zic008_aec7,20260925,3,47,8,35,0.500571063713292,0.9058370537355951
zic008_aec7,20260925,3,48,8,35,0.4509621019729383,0.907083370142615
zic008_aec7,20260925,3,49,8,35,0.6488909229486822,0.8654780268637886
zic008_aec7,20260925,3,50,8,35,0.619071275788256,0.8397743353186612
zic008_aec7,20260925,3,51,8,35,0.5734305838847528,0.8717983918465297
zic008_aec7,20260925,3,52,8,35,0.46855579345739495,0.9285197177796429
zic008_aec7,20260925,3,53,8,35,0.4344121200507454,0.8574624888088159
zic008_aec7,20260925,3,54,8,35,0.4566306736521122,0.9037666857592813
zic008_aec7,20260925,3,55,8,35,0.6053287333851045,0.8438823677195081
zic008_aec7,20260925,4,0,8,35,0.67915952828951,0.9469092060601428
zic008_aec7,20260925,4,1,8,35,0.5390089933878999,0.8922060716123854
zic008_aec7,20260925,4,2,8,35,0.6873478592129328,0.9137764415537993
zic008_aec7,20260925,4,3,8,35,0.6561447703503215,0.9477918455621279
zic008_aec7,20260925,4,4,8,35,0.620387470671964,0.9021157066199141
zic008_aec7,20260925,4,5,8,35,0.5667451305625855,0.9241741951611522
zic008_aec7,20260925,4,6,8,35,0.6911567894495425,0.9380875130398951
zic008_aec7,20260925,4,7,8,35,0.6611020811888534,0.9448413500942842
zic008_aec7,20260925,4,8,8,35,0.6344959700849993,0.9278211862923484
zic008_aec7,20260925,4,9,8,35,0.5231513606669872,0.9263206453632247
zic008_aec7,20260925,4,10,8,35,0.56745860688603,0.9315257224706568
zic008_aec7,20260925,4,11,8,35,0.5153572248635082,0.9116101269469818
zic008_aec7,20260925,4,12,8,35,0.676676722774077,0.9305617565904534
zic008_aec7,20260925,4,13,8,35,0.6459923938721471,0.8929385889246054
zic008_aec7,20260925,4,14,8,35,0.6473110451130162,0.9347946015009964
zic008_aec7,20260925,4,15,8,35,0.5392135131594453,0.918880362891655
zic008_aec7,20260925,4,16,8,35,0.6694436933021479,0.9057556900488778
zic008_aec7,20260925,4,17,8,35,0.665066531754863,0.9195099150860103
zic008_aec7,20260925,4,18,8,35,0.6206026625621759,0.8767211058990745
zic008_aec7,20260925,4,19,8,35,0.5097737745590404,0.9012774852271878
zic008_aec7,20260925,4,20,8,35,0.5433188193481477,0.917277576535199
zic008_aec7,20260925,4,21,8,35,0.485115730573185,0.8922901007641566
zic008_aec7,20260925,4,22,8,35,0.6752182047445203,0.9141552414773785
zic008_aec7,20260925,4,23,8,35,0.6230887518319147,0.871572861232502
zic008_aec7,20260925,4,24,8,35,0.6113696272962451,0.9150836103132585
zic008_aec7,20260925,4,25,8,35,0.5489209373537602,0.9212692181821789
zic008_aec7,20260925,4,26,8,35,0.5540767710834081,0.9305919189195525
zic008_aec7,20260925,4,27,8,35,0.5180787250528545,0.9217721530303296
zic008_aec7,20260925,4,28,8,35,0.6836846979356331,0.9105216880590522
zic008_aec7,20260925,4,29,8,35,0.6488862396492306,0.8754709544337312
zic008_aec7,20260925,4,30,8,35,0.6214524343914491,0.9072857010575451
zic008_aec7,20260925,4,31,8,35,0.537911407760653,0.9354731065667349
zic008_aec7,20260925,4,32,8,35,0.4972961074280444,0.889694061110419
zic008_aec7,20260925,4,33,8,35,0.5160049193895527,0.9162810403569469
zic008_aec7,20260925,4,34,8,35,0.634167614285849,0.8816000528190203
zic008_aec7,20260925,4,35,8,35,0.5683046700728707,0.9206430189785831
zic008_aec7,20260925,4,36,8,35,0.693854452767575,0.9372582281131783
zic008_aec7,20260925,4,37,8,35,0.6619736574834809,0.9374369397074322
zic008_aec7,20260925,4,38,8,35,0.6356006241525709,0.933536317809649
zic008_aec7,20260925,4,39,8,35,0.5242738594196188,0.9030511314335165
zic008_aec7,20260925,4,40,8,35,0.5713638958748645,0.9278392862528634
zic008_aec7,20260925,4,41,8,35,0.4984644918988397,0.9085127256263079
zic008_aec7,20260925,4,42,8,35,0.679673284493536,0.933651267094584
zic008_aec7,20260925,4,43,8,35,0.6377147123681001,0.8905500644236048
zic008_aec7,20260925,4,44,8,35,0.6368672916163695,0.9298877358778093
zic008_aec7,20260925,4,45,8,35,0.5586897276173212,0.9277819948561036
zic008_aec7,20260925,4,46,8,35,0.5801639805345569,0.9272469921170906
zic008_aec7,20260925,4,47,8,35,0.5353842644817935,0.9260408211282161
zic008_aec7,20260925,4,48,8,35,0.6788612664023618,0.9146417036706589
zic008_aec7,20260925,4,49,8,35,0.6551979348678246,0.9052153115043701
zic008_aec7,20260925,4,50,8,35,0.6502059295467197,0.9224270539410044
zic008_aec7,20260925,4,51,8,35,0.5636785493112635,0.9362123561492314
zic008_aec7,20260925,4,52,8,35,0.5085482268730616,0.9049116317043191
zic008_aec7,20260925,4,53,8,35,0.5376616510097841,0.9352834860024155
zic008_aec7,20260925,4,54,8,35,0.6597460714265608,0.9072313968182518
zic008_aec7,20260925,4,55,8,35,0.5305581177791635,0.9224082332892576
zic008_aec7,20260925,4,56,8,35,0.5612393824320927,0.9041744275983008
zic008_aec7,20260925,4,57,8,35,0.5220180757108597,0.9160831227432892
zic008_aec7,20260925,4,58,8,35,0.6861680261515405,0.8900206053100341
zic008_aec7,20260925,4,59,8,35,0.6387921516032318,0.865149333539372
zic008_aec7,20260925,4,60,8,35,0.6227571534507286,0.9055884756938799
zic008_aec7,20260925,4,61,8,35,0.5341520386660603,0.9320325124392813
zic008_aec7,20260925,4,62,8,35,0.49116592586531427,0.8704016146455523
zic008_aec7,20260925,4,63,8,35,0.5151601248050184,0.9205104313841909
zic008_aec7,20260925,4,64,8,35,0.6340997451260626,0.8778981108671309
zic008_aec7,20260925,4,65,8,35,0.5596055413309438,0.9271779417010914
zic008_aec7,20260925,4,66,8,35,0.529264757897667,0.9152398175400804
zic008_aec7,20260925,4,67,8,35,0.5323222587844691,0.9152028431152143
zic008_aec7,20260925,4,68,8,35,0.6498484578076668,0.871057159326476
zic008_aec7,20260925,4,69,8,35,0.5307276200249814,0.9105007781019695
zic008_aec7,20260925,5,0,8,35,0.6086113221388747,0.9358170377869546
zic008_aec7,20260925,5,1,8,35,0.7084647637596333,0.9442826528641487
zic008_aec7,20260925,5,2,8,35,0.6919891125191868,0.9463945458820268
zic008_aec7,20260925,5,3,8,35,0.659228719927836,0.9326146284378255
zic008_aec7,20260925,5,4,8,35,0.5672880436533937,0.9211788678146797
zic008_aec7,20260925,5,5,8,35,0.6066999424385536,0.9385943373586692
zic008_aec7,20260925,5,6,8,35,0.5558705393257644,0.9163870442493145
zic008_aec7,20260925,5,7,8,35,0.6991243804235704,0.9379164397148586
zic008_aec7,20260925,5,8,8,35,0.6576870170636718,0.8990386552660945
zic008_aec7,20260925,5,9,8,35,0.6607816390784637,0.9291379688917274
zic008_aec7,20260925,5,10,8,35,0.6172858243096081,0.940361335770899
zic008_aec7,20260925,5,11,8,35,0.6100159641510566,0.9492462896613427
zic008_aec7,20260925,5,12,8,35,0.5725327022620855,0.9361459887342919
zic008_aec7,20260925,5,13,8,35,0.7034242278772417,0.9327026242038963
zic008_aec7,20260925,5,14,8,35,0.6746732055652388,0.9184859343197366
zic008_aec7,20260925,5,15,8,35,0.6752495689999279,0.9301015436356158
zic008_aec7,20260925,5,16,8,35,0.6184440165277664,0.950233407025576
zic008_aec7,20260925,5,17,8,35,0.5600252420953296,0.9150099628924786
zic008_aec7,20260925,5,18,8,35,0.5860116862841583,0.9514196436248704
zic008_aec7,20260925,5,19,8,35,0.6795872836358601,0.927350559465628
zic008_aec7,20260925,5,20,8,35,0.5924770717235935,0.9321845778910334
zic008_aec7,20260925,5,21,8,35,0.59029529436254,0.9353663606126602
zic008_aec7,20260925,5,22,8,35,0.5743598658796238,0.927406785916522
zic008_aec7,20260925,5,23,8,35,0.7074109494162473,0.9171621919240204
zic008_aec7,20260925,5,24,8,35,0.6607037278753818,0.890883015692879
zic008_aec7,20260925,5,25,8,35,0.6518527097170321,0.9169278188153985
zic008_aec7,20260925,5,26,8,35,0.587778584268421,0.934205205413855
zic008_aec7,20260925,5,27,8,35,0.5373901769540019,0.89558730428653
zic008_aec7,20260925,5,28,8,35,0.5590525881995262,0.914467706302
zic008_aec7,20260925,5,29,8,35,0.6576927473190197,0.8937734986979168
zic008_aec7,20260925,5,30,8,35,0.6098575169544665,0.9403977461926447
zic008_aec7,20260925,5,31,8,35,0.5806978067066323,0.9194126298785201
zic008_aec7,20260925,5,32,8,35,0.5754129878899348,0.9326974252316522
zic008_aec7,20260925,5,33,8,35,0.6736082081540958,0.8913367009447858
zic008_aec7,20260925,5,34,8,35,0.5792265601724228,0.9211499626512369
zic008_aec7,20260925,5,35,8,35,0.6047660180569319,0.9417655816455932
zic008_aec7,20260925,5,36,8,35,0.6176905971970261,0.9453394165973261
zic008_aec7,20260925,5,37,8,35,0.5769999787786475,0.9409859604693016
zic008_aec7,20260925,5,38,8,35,0.7057113855512305,0.932189877568331
zic008_aec7,20260925,5,39,8,35,0.6753623379162854,0.9225287913053195
zic008_aec7,20260925,5,40,8,35,0.6677200977943768,0.9343633752929439
zic008_aec7,20260925,5,41,8,35,0.6062866069095201,0.9470609451709525
zic008_aec7,20260925,5,42,8,35,0.5590653341029564,0.9104556174060191
zic008_aec7,20260925,5,43,8,35,0.5906753526507501,0.9429090979576398
zic008_aec7,20260925,5,44,8,35,0.6735620447849342,0.9144206751313839
zic008_aec7,20260925,5,45,8,35,0.6268761105480452,0.9491245719717099
zic008_aec7,20260925,5,46,8,35,0.6121097821691872,0.9346084517087195
zic008_aec7,20260925,5,47,8,35,0.5896045350729971,0.9473472880932349
zic008_aec7,20260925,5,48,8,35,0.6840687143518696,0.9171470769047885
zic008_aec7,20260925,5,49,8,35,0.6004045503625055,0.942545443607656
zic008_aec7,20260925,5,50,8,35,0.6125924022164423,0.9371987882833541
zic008_aec7,20260925,5,51,8,35,0.5683094322613054,0.9263781792536909
zic008_aec7,20260925,5,52,8,35,0.575049650856781,0.9247866557731059
zic008_aec7,20260925,5,53,8,35,0.6737823755312767,0.8918412998332008
zic008_aec7,20260925,5,54,8,35,0.5791415169804579,0.9138474644164448
zic008_aec7,20260925,5,55,8,35,0.5971425728190795,0.9215454572578469
zic008_aec7,20260925,6,0,8,35,0.6484532203464585,0.946516102329019
zic008_aec7,20260925,6,1,8,35,0.6462518546820023,0.9552311387615413
zic008_aec7,20260925,6,2,8,35,0.6093121455342076,0.9416479758550222
zic008_aec7,20260925,6,3,8,35,0.7212667553796336,0.9390221528349405
zic008_aec7,20260925,6,4,8,35,0.6927811367203746,0.922149095596794
zic008_aec7,20260925,6,5,8,35,0.685967433416071,0.9400092366043343
zic008_aec7,20260925,6,6,8,35,0.6476424781799602,0.9483606039074349
zic008_aec7,20260925,6,7,8,35,0.5996421171881755,0.9170875906086465
zic008_aec7,20260925,6,8,8,35,0.6288579906752632,0.9399970408244592
zic008_aec7,20260925,6,9,8,35,0.6885003026495347,0.9280166648211189
zic008_aec7,20260925,6,10,8,35,0.6611045353975805,0.9522429511656144
zic008_aec7,20260925,6,11,8,35,0.641558343865099,0.9421928049400123
zic008_aec7,20260925,6,12,8,35,0.6190112831261966,0.9502941473212482
zic008_aec7,20260925,6,13,8,35,0.6998548840443415,0.9251368141777234
zic008_aec7,20260925,6,14,8,35,0.641020515379155,0.9447189457214854
zic008_aec7,20260925,6,15,8,35,0.6471756821815213,0.9405004379286565
zic008_aec7,20260925,6,16,8,35,0.6117714919755315,0.9267712205282702
zic008_aec7,20260925,6,17,8,35,0.6145963154049056,0.9384872222332478
zic008_aec7,20260925,6,18,8,35,0.6882804906118761,0.9097041144824026
zic008_aec7,20260925,6,19,8,35,0.614664740311931,0.9218265982350462
zic008_aec7,20260925,6,20,8,35,0.6314068556636551,0.9261062286266649
zic008_aec7,20260925,6,21,8,35,0.6608596119633774,0.9498918556515692
zic008_aec7,20260925,6,22,8,35,0.6398633561603687,0.9352830902726601
zic008_aec7,20260925,6,23,8,35,0.6223112066136226,0.9465315046559425
zic008_aec7,20260925,6,24,8,35,0.6952298367152521,0.9210306628814857
zic008_aec7,20260925,6,25,8,35,0.6347606009018515,0.9443193681928376
zic008_aec7,20260925,6,26,8,35,0.6346166449844876,0.9446387328020064
zic008_aec7,20260925,6,27,8,35,0.6325527379215931,0.9316072411400533
zic008_aec7,20260925,7,0,8,35,0.6876604090533358,0.9529474100151227
zic008_aec7,20260925,7,1,8,35,0.6597993948675148,0.9427110589592722
zic008_aec7,20260925,7,2,8,35,0.6526232960111827,0.9494388780666576
zic008_aec7,20260925,7,3,8,35,0.7069908514845726,0.9318732612961768
zic008_aec7,20260925,7,4,8,35,0.6706531476812712,0.9431088841876416
zic008_aec7,20260925,7,5,8,35,0.6642297098643536,0.9480411190719699
zic008_aec7,20260925,7,6,8,35,0.6579748159785536,0.9276220521303642
zic008_aec7,20260925,7,7,8,35,0.6672562046102366,0.9456843902258905
zic008_aec7,20260925,8,0,8,35,0.6882073010486977,0.9449767183922334
zic008_aec7,20260926,1,0,8,35,0.4348754230290292,0.8395065468439802
zic008_aec7,20260926,1,1,8,35,0.4087167680160987,0.8372925126568377
zic008_aec7,20260926,1,2,8,35,0.2768682878489121,0.5685619460345324
zic008_aec7,20260926,1,3,8,35,0.45326979708557774,0.818470550204244
zic008_aec7,20260926,1,4,8,35,0.47019925047516553,0.8872592921421103
zic008_aec7,20260926,1,5,8,35,0.4663056442176026,0.8306721830142575
zic008_aec7,20260926,1,6,8,35,0.4761258484962673,0.8412181973139841
zic008_aec7,20260926,1,7,8,35,0.4360831100055119,0.7838798741237523
zic008_aec7,20260926,2,0,8,35,0.5235878225667662,0.8984862848443135
zic008_aec7,20260926,2,1,8,35,0.41311084088287325,0.8532921323806582
zic008_aec7,20260926,2,2,8,35,0.5682768645018602,0.9321837243774928
zic008_aec7,20260926,2,3,8,35,0.5687720818228886,0.9172242444912194
zic008_aec7,20260926,2,4,8,35,0.5567398185348469,0.8807830606533049
zic008_aec7,20260926,2,5,8,35,0.5408703316615203,0.8419824030588439
zic008_aec7,20260926,2,6,8,35,0.5330030329970806,0.8722438849343025
zic008_aec7,20260926,2,7,8,35,0.3973183044654701,0.7594007067810576
zic008_aec7,20260926,2,8,8,35,0.5457089864675674,0.9027008777431895
zic008_aec7,20260926,2,9,8,35,0.5448950380882595,0.9251523820265286
zic008_aec7,20260926,2,10,8,35,0.5339868481519686,0.8334957221121245
zic008_aec7,20260926,2,11,8,35,0.5483706630264293,0.9106575963054726
zic008_aec7,20260926,2,12,8,35,0.5063078708442557,0.8443912983019473
zic008_aec7,20260926,2,13,8,35,0.4000806607949569,0.7600120255490452
zic008_aec7,20260926,2,14,8,35,0.4300590147648388,0.846080247387044
zic008_aec7,20260926,2,15,8,35,0.42158321352217015,0.7781482837853894
zic008_aec7,20260926,2,16,8,35,0.43275232929154284,0.8781292562266446
zic008_aec7,20260926,2,17,8,35,0.4061322822842113,0.8158322740348997
zic008_aec7,20260926,2,18,8,35,0.6021354888669961,0.9173349928783007
zic008_aec7,20260926,2,19,8,35,0.5707405694530545,0.8963074425776775
zic008_aec7,20260926,2,20,8,35,0.5968894073492773,0.9222175744942537
zic008_aec7,20260926,2,21,8,35,0.5593971768781358,0.8942002029746876
zic008_aec7,20260926,2,22,8,35,0.5759964137639315,0.9149221294583427
zic008_aec7,20260926,2,23,8,35,0.5921069251204911,0.9164376677132395
zic008_aec7,20260926,2,24,8,35,0.573087178871456,0.8992952328219243
zic008_aec7,20260926,2,25,8,35,0.5689768248041018,0.9184495341447177
zic008_aec7,20260926,2,26,8,35,0.5464660199084743,0.874086381646224
zic008_aec7,20260926,2,27,8,35,0.557595621705535,0.8752139688571303
zic008_aec7,20260926,3,0,8,35,0.5211830957121126,0.903263462706532
zic008_aec7,20260926,3,1,8,35,0.626830339891361,0.9434977935253508
zic008_aec7,20260926,3,2,8,35,0.5967626149688582,0.9241249408734135
zic008_aec7,20260926,3,3,8,35,0.5924259727217929,0.9077180616960869
zic008_aec7,20260926,3,4,8,35,0.5731877918691386,0.8976974181427143
zic008_aec7,20260926,3,5,8,35,0.5667462121702647,0.8889843358517929
zic008_aec7,20260926,3,6,8,35,0.546357916621873,0.8898753948952142
zic008_aec7,20260926,3,7,8,35,0.5207484936815654,0.9290201029770291
zic008_aec7,20260926,3,8,8,35,0.5568708834546942,0.9057311745518165
zic008_aec7,20260926,3,9,8,35,0.5302378009798868,0.9061811245937897
zic008_aec7,20260926,3,10,8,35,0.5005360687256147,0.9072407086172396
zic008_aec7,20260926,3,11,8,35,0.6373147152215973,0.9546658530265888
zic008_aec7,20260926,3,12,8,35,0.6368258021680522,0.9261334276018127
zic008_aec7,20260926,3,13,8,35,0.6338738734274479,0.9306596990933241
zic008_aec7,20260926,3,14,8,35,0.6264362872577182,0.9342304463690416
zic008_aec7,20260926,3,15,8,35,0.6263137938357305,0.9415069807231081
zic008_aec7,20260926,3,16,8,35,0.6228331561826763,0.9193235808967383
zic008_aec7,20260926,3,17,8,35,0.6253231979045846,0.9092884505153448
zic008_aec7,20260926,3,18,8,35,0.6133785081536465,0.8971734261029317
zic008_aec7,20260926,3,19,8,35,0.6084596696337767,0.8851434702394881
zic008_aec7,20260926,3,20,8,35,0.591704346956657,0.8924195347756969
zic008_aec7,20260926,3,21,8,35,0.4907679009545578,0.8480585312139884
zic008_aec7,20260926,3,22,8,35,0.5252461032522779,0.8814049829808785
zic008_aec7,20260926,3,23,8,35,0.5054474839911433,0.8357914292581109
zic008_aec7,20260926,3,24,8,35,0.539858760798354,0.9191966436969087
zic008_aec7,20260926,3,25,8,35,0.5155824494331409,0.8582208302580333
zic008_aec7,20260926,3,26,8,35,0.6294938803333847,0.9310959913184147
zic008_aec7,20260926,3,27,8,35,0.605055050675349,0.9089394923293743
zic008_aec7,20260926,3,28,8,35,0.6363698119334089,0.9470093097907887
zic008_aec7,20260926,3,29,8,35,0.6128079660975289,0.9169164288393002
zic008_aec7,20260926,3,30,8,35,0.6084412762266906,0.9132896580118058
zic008_aec7,20260926,3,31,8,35,0.6067650055766974,0.9377535362145003
zic008_aec7,20260926,3,32,8,35,0.5986262892537573,0.9196695648714911
zic008_aec7,20260926,3,33,8,35,0.62553253342686,0.9370611256137368
zic008_aec7,20260926,3,34,8,35,0.5895674357828761,0.8869792705664751
zic008_aec7,20260926,3,35,8,35,0.5726028407175748,0.9045772282539872
zic008_aec7,20260926,3,36,8,35,0.5144897610703036,0.873367302696473
zic008_aec7,20260926,3,37,8,35,0.5001038204820631,0.8616954872733402
zic008_aec7,20260926,3,38,8,35,0.5555890464635411,0.8990124064293762
zic008_aec7,20260926,3,39,8,35,0.5270604906986127,0.8740802405759084
zic008_aec7,20260926,3,40,8,35,0.5379915560876337,0.8971429430529955
zic008_aec7,20260926,3,41,8,35,0.5420665616278216,0.9344512117389769
zic008_aec7,20260926,3,42,8,35,0.5144399767521192,0.9093722908921646
zic008_aec7,20260926,3,43,8,35,0.567805191118975,0.9220725731086488
zic008_aec7,20260926,3,44,8,35,0.5487069181079961,0.8636852387511581
zic008_aec7,20260926,3,45,8,35,0.5285965229021157,0.9257770756589446
zic008_aec7,20260926,3,46,8,35,0.647224353909793,0.9285521434064983
zic008_aec7,20260926,3,47,8,35,0.6537419815197127,0.9507420591843848
zic008_aec7,20260926,3,48,8,35,0.6264663612761484,0.939514846647238
zic008_aec7,20260926,3,49,8,35,0.6449058342173761,0.9452593147051019
zic008_aec7,20260926,3,50,8,35,0.6289702180310948,0.9068688181571684
zic008_aec7,20260926,3,51,8,35,0.6459105584046854,0.9484049480203808
zic008_aec7,20260926,3,52,8,35,0.6386891395183115,0.9315175862319797
zic008_aec7,20260926,3,53,8,35,0.6133987660868212,0.9213596952084939
zic008_aec7,20260926,3,54,8,35,0.6293444304746484,0.9271500209429754
zic008_aec7,20260926,3,55,8,35,0.6155985696786911,0.9197504925279661
zic008_aec7,20260926,4,0,8,35,0.6204595849575709,0.9291789416138229
zic008_aec7,20260926,4,1,8,35,0.602247928728824,0.9404825187825203
zic008_aec7,20260926,4,2,8,35,0.5856802925878962,0.912033437202209
zic008_aec7,20260926,4,3,8,35,0.5864153436301677,0.9333158879052584
zic008_aec7,20260926,4,4,8,35,0.5726410622104424,0.9127205148094565
zic008_aec7,20260926,4,5,8,35,0.6639402465825209,0.9518471268902353
zic008_aec7,20260926,4,6,8,35,0.6690207944262134,0.9333873771399405
zic008_aec7,20260926,4,7,8,35,0.6615133040097432,0.9366399429372102
zic008_aec7,20260926,4,8,8,35,0.6507053557164486,0.9345208844987645
zic008_aec7,20260926,4,9,8,35,0.6475507305859599,0.9410223450996721
zic008_aec7,20260926,4,10,8,35,0.6254282513040742,0.9371457513179726
zic008_aec7,20260926,4,11,8,35,0.6236446861645032,0.9203411851032004
zic008_aec7,20260926,4,12,8,35,0.636097276618018,0.9137320185862867
zic008_aec7,20260926,4,13,8,35,0.6249634565570439,0.9058146383784639
zic008_aec7,20260926,4,14,8,35,0.6019752958785745,0.9014144585327845
zic008_aec7,20260926,4,15,8,35,0.6065829080666462,0.929997596731932
zic008_aec7,20260926,4,16,8,35,0.6191502601201053,0.9113305479546527
zic008_aec7,20260926,4,17,8,35,0.5911592450396527,0.9177168410834805
zic008_aec7,20260926,4,18,8,35,0.5736328244644178,0.9083267161252749
zic008_aec7,20260926,4,19,8,35,0.6095966751639,0.9358674680982553
zic008_aec7,20260926,4,20,8,35,0.602299767852499,0.9439784707686233
zic008_aec7,20260926,4,21,8,35,0.5810738594053058,0.9485142085366215
zic008_aec7,20260926,4,22,8,35,0.595324290743276,0.9323091007574336
zic008_aec7,20260926,4,23,8,35,0.5858656820597316,0.9040742205342526
zic008_aec7,20260926,4,24,8,35,0.5895100366011858,0.9317160934028041
zic008_aec7,20260926,4,25,8,35,0.66807363614041,0.950307231429265
zic008_aec7,20260926,4,26,8,35,0.6768660720837409,0.9497587285372487
zic008_aec7,20260926,4,27,8,35,0.6698516818012243,0.952668540291346
zic008_aec7,20260926,4,28,8,35,0.6668160284974018,0.9224468922198062
zic008_aec7,20260926,4,29,8,35,0.6595490294253243,0.9221322927491588
zic008_aec7,20260926,4,30,8,35,0.6680324885926315,0.9450754751507224
zic008_aec7,20260926,4,31,8,35,0.6672353009211573,0.9321726722227592
zic008_aec7,20260926,4,32,8,35,0.6552996905428911,0.932227762042246
zic008_aec7,20260926,4,33,8,35,0.6487814180967997,0.9178368798944502
zic008_aec7,20260926,4,34,8,35,0.6419781436360649,0.9145461450670669
zic008_aec7,20260926,4,35,8,35,0.5723370989235783,0.9073144304062959
zic008_aec7,20260926,4,36,8,35,0.5538657335358227,0.8802875047484978
zic008_aec7,20260926,4,37,8,35,0.6273941845071875,0.9220491857135139
zic008_aec7,20260926,4,38,8,35,0.5850034627078877,0.9026590479178586
zic008_aec7,20260926,4,39,8,35,0.5896054353110527,0.9004300800157937
zic008_aec7,20260926,4,40,8,35,0.6093212266224101,0.9442667909644574
zic008_aec7,20260926,4,41,8,35,0.5946998749557857,0.9230291054115618
zic008_aec7,20260926,4,42,8,35,0.5997430970348838,0.9277770658205184
zic008_aec7,20260926,4,43,8,35,0.5809215689082307,0.8705814505729904
zic008_aec7,20260926,4,44,8,35,0.5805531690990162,0.9331935816211163
zic008_aec7,20260926,4,45,8,35,0.6542253448423305,0.9327534052766658
zic008_aec7,20260926,4,46,8,35,0.67529757676717,0.953444224810577
zic008_aec7,20260926,4,47,8,35,0.6570505720196498,0.9314139815272866
zic008_aec7,20260926,4,48,8,35,0.676463628728131,0.9537364532478646
zic008_aec7,20260926,4,49,8,35,0.6589933570722442,0.9113268749442929
zic008_aec7,20260926,4,50,8,35,0.6642544706319439,0.9416036234448523
zic008_aec7,20260926,4,51,8,35,0.6551512446465177,0.9497460547166194
zic008_aec7,20260926,4,52,8,35,0.6431477379245012,0.9201690044287121
zic008_aec7,20260926,4,53,8,35,0.6282971548835649,0.9277654473169085
zic008_aec7,20260926,4,54,8,35,0.6390419512528426,0.9191283496305097
zic008_aec7,20260926,4,55,8,35,0.5800606909118378,0.909070118661431
zic008_aec7,20260926,4,56,8,35,0.6108514991680261,0.9352775875712186
zic008_aec7,20260926,4,57,8,35,0.5968230163859217,0.9236346316349041
zic008_aec7,20260926,4,58,8,35,0.6345586996984035,0.9285521601964946
zic008_aec7,20260926,4,59,8,35,0.5936212379752954,0.904099463707586
zic008_aec7,20260926,4,60,8,35,0.5913020111196007,0.935050557163652
zic008_aec7,20260926,4,61,8,35,0.6157526797624501,0.9479674528284256
zic008_aec7,20260926,4,62,8,35,0.6083403628541316,0.9132728702354341
zic008_aec7,20260926,4,63,8,35,0.6008792540984337,0.9431941265712708
zic008_aec7,20260926,4,64,8,35,0.592728102223924,0.9247050865549482
zic008_aec7,20260926,4,65,8,35,0.680127250619771,0.9561520742508933
zic008_aec7,20260926,4,66,8,35,0.6662039592120226,0.9375929693683761
zic008_aec7,20260926,4,67,8,35,0.6825533524403947,0.9588578770206114
zic008_aec7,20260926,4,68,8,35,0.6737596399112858,0.9391979952339513
zic008_aec7,20260926,4,69,8,35,0.6632349783812815,0.9345433490535033
zic008_aec7,20260926,5,0,8,35,0.655875441295843,0.9451861516824841
zic008_aec7,20260926,5,1,8,35,0.6516670340269276,0.9249609364918845
zic008_aec7,20260926,5,2,8,35,0.6447317209342366,0.9419347307876726
zic008_aec7,20260926,5,3,8,35,0.6322864038931724,0.93240486951747
zic008_aec7,20260926,5,4,8,35,0.6432470509733608,0.9430803984064967
zic008_aec7,20260926,5,5,8,35,0.6341434902074076,0.9510215819752349
zic008_aec7,20260926,5,6,8,35,0.6227209732500493,0.9384436395885678
zic008_aec7,20260926,5,7,8,35,0.6365973375610546,0.9454531815615341
zic008_aec7,20260926,5,8,8,35,0.6294167756484965,0.9198415101749836
zic008_aec7,20260926,5,9,8,35,0.6208052126022757,0.9329517380181522
zic008_aec7,20260926,5,10,8,35,0.688565244121746,0.9521449634898559
zic008_aec7,20260926,5,11,8,35,0.6938972022192784,0.9524610010164677
zic008_aec7,20260926,5,12,8,35,0.6844514687262714,0.9439452784426902
zic008_aec7,20260926,5,13,8,35,0.6829225457387847,0.9406801051401373
zic008_aec7,20260926,5,14,8,35,0.6758562961011818,0.9348232757200652
zic008_aec7,20260926,5,15,8,35,0.6835619368325969,0.9386834881601729
zic008_aec7,20260926,5,16,8,35,0.6622705410567794,0.9355361093930045
zic008_aec7,20260926,5,17,8,35,0.6637725307540647,0.9336694814066699
zic008_aec7,20260926,5,18,8,35,0.648438627077823,0.9311493503002661
zic008_aec7,20260926,5,19,8,35,0.6512431715987588,0.9142721195313122
zic008_aec7,20260926,5,20,8,35,0.6602398161620125,0.9418264584959971
zic008_aec7,20260926,5,21,8,35,0.6423835327778422,0.9474225022741132
zic008_aec7,20260926,5,22,8,35,0.6269422246636736,0.9504480029752143
zic008_aec7,20260926,5,23,8,35,0.6504123508669983,0.9362475599693457
zic008_aec7,20260926,5,24,8,35,0.6414443519596159,0.9239354084899034
zic008_aec7,20260926,5,25,8,35,0.633533314395314,0.9430264669500378
zic008_aec7,20260926,5,26,8,35,0.6385788857723851,0.9524634590062351
zic008_aec7,20260926,5,27,8,35,0.6311848724375133,0.9431827930268125
zic008_aec7,20260926,5,28,8,35,0.6396710440773244,0.9521502735869334
zic008_aec7,20260926,5,29,8,35,0.627743943969727,0.9353650826693485
zic008_aec7,20260926,5,30,8,35,0.6965771418771723,0.9476229547629547
zic008_aec7,20260926,5,31,8,35,0.6894544098694596,0.9500311582171436
zic008_aec7,20260926,5,32,8,35,0.6982542563334276,0.9544016587525544
zic008_aec7,20260926,5,33,8,35,0.6892703294940823,0.9337610833382984
zic008_aec7,20260926,5,34,8,35,0.6825410121597247,0.9279688994483705
zic008_aec7,20260926,5,35,8,35,0.6117672158900066,0.9157760277386714
zic008_aec7,20260926,5,36,8,35,0.6597615500628421,0.9472012773387333
zic008_aec7,20260926,5,37,8,35,0.6366145429850872,0.9380012497474763
zic008_aec7,20260926,5,38,8,35,0.6698668471220939,0.9351732693825086
zic008_aec7,20260926,5,39,8,35,0.6192827658928776,0.9000913009718691
zic008_aec7,20260926,5,40,8,35,0.6368805881010308,0.9307917552325384
zic008_aec7,20260926,5,41,8,35,0.6505901896084519,0.9436580242320161
zic008_aec7,20260926,5,42,8,35,0.6366774161310489,0.9221793183000064
zic008_aec7,20260926,5,43,8,35,0.6298651389500581,0.9541568598791148
zic008_aec7,20260926,5,44,8,35,0.6382760087909004,0.9270731389729077
zic008_aec7,20260926,5,45,8,35,0.6932781379277552,0.9552755394982868
zic008_aec7,20260926,5,46,8,35,0.6893587998588121,0.9322449358542693
zic008_aec7,20260926,5,47,8,35,0.6938944071802658,0.9538083904878488
zic008_aec7,20260926,5,48,8,35,0.6836069353182718,0.9396867256263429
zic008_aec7,20260926,5,49,8,35,0.668546454139502,0.9455905232257247
zic008_aec7,20260926,5,50,8,35,0.6636039992850546,0.940660212003607
zic008_aec7,20260926,5,51,8,35,0.643251314178626,0.9310789705595581
zic008_aec7,20260926,5,52,8,35,0.6415062245023289,0.9494836881947829
zic008_aec7,20260926,5,53,8,35,0.645328550485568,0.9414867948992737
zic008_aec7,20260926,5,54,8,35,0.6369326347564772,0.9527594775801175
zic008_aec7,20260926,5,55,8,35,0.6993580421095503,0.9508023805132495
zic008_aec7,20260926,6,0,8,35,0.6866431281350731,0.9451898353894294
zic008_aec7,20260926,6,1,8,35,0.6712867929599641,0.9551016054829402
zic008_aec7,20260926,6,2,8,35,0.6657188753589055,0.9505738226931367
zic008_aec7,20260926,6,3,8,35,0.6806039384203221,0.9495397212317724
zic008_aec7,20260926,6,4,8,35,0.6730815812737595,0.936628385877087
zic008_aec7,20260926,6,5,8,35,0.6547064441115292,0.9440439346256102
zic008_aec7,20260926,6,6,8,35,0.6669930941754114,0.9472089644876818
zic008_aec7,20260926,6,7,8,35,0.6647471153512492,0.9433598053779901
zic008_aec7,20260926,6,8,8,35,0.6597096924366123,0.9559102736313372
zic008_aec7,20260926,6,9,8,35,0.6547366308756302,0.9350571200315051
zic008_aec7,20260926,6,10,8,35,0.70707861647653,0.9469736483607972
zic008_aec7,20260926,6,11,8,35,0.698175276003494,0.9529802823765533
zic008_aec7,20260926,6,12,8,35,0.7081549189336788,0.9515185869378341
zic008_aec7,20260926,6,13,8,35,0.6985613657837138,0.9369780159331764
zic008_aec7,20260926,6,14,8,35,0.677223984217928,0.938169665305075
zic008_aec7,20260926,6,15,8,35,0.6745075793455786,0.9552622645552815
zic008_aec7,20260926,6,16,8,35,0.6716096067514865,0.9496507893415735
zic008_aec7,20260926,6,17,8,35,0.6703767200718774,0.9610082107123112
zic008_aec7,20260926,6,18,8,35,0.6609299584765441,0.9411457053499843
zic008_aec7,20260926,6,19,8,35,0.6645506400386979,0.9516936200151516
zic008_aec7,20260926,6,20,8,35,0.7116207381635437,0.9521507774880179
zic008_aec7,20260926,6,21,8,35,0.6901289486000479,0.9479268736433517
zic008_aec7,20260926,6,22,8,35,0.6581760168267131,0.9378773491369408
zic008_aec7,20260926,6,23,8,35,0.668127948173964,0.9567758220992074
zic008_aec7,20260926,6,24,8,35,0.6767989535201553,0.9448479085914967
zic008_aec7,20260926,6,25,8,35,0.6683133496088879,0.9503366623488676
zic008_aec7,20260926,6,26,8,35,0.7058961030708247,0.9582476340799968
zic008_aec7,20260926,6,27,8,35,0.6735555116117901,0.9513169951515714
zic008_aec7,20260926,7,0,8,35,0.6973480319623012,0.9573085059693871
zic008_aec7,20260926,7,1,8,35,0.6944031923055747,0.9483891995857606
zic008_aec7,20260926,7,2,8,35,0.6843220546230669,0.961211398042245
zic008_aec7,20260926,7,3,8,35,0.6871463823379196,0.9475254556834352
zic008_aec7,20260926,7,4,8,35,0.6784657692548077,0.9484336584170728
zic008_aec7,20260926,7,5,8,35,0.7177587655578976,0.9527800929327969
zic008_aec7,20260926,7,6,8,35,0.6884905569548524,0.9590255680783704
zic008_aec7,20260926,7,7,8,35,0.6966631476022136,0.9568905714815351
zic008_aec7,20260926,8,0,8,35,0.7041185168631559,0.9576464055412542
zic008_aec7,20260927,1,0,8,35,0.2987181147908924,0.7784448170104731
zic008_aec7,20260927,1,1,8,35,0.1898520105298795,0.5308993215057405
zic008_aec7,20260927,1,2,8,35,0.4692282261038176,0.9041391771201616
zic008_aec7,20260927,1,3,8,35,0.4618077694875121,0.7980397210944165
zic008_aec7,20260927,1,4,8,35,0.4510861247602544,0.8622052370435644
zic008_aec7,20260927,1,5,8,35,0.4391923464330942,0.828276967465186
zic008_aec7,20260927,1,6,8,35,0.5117844814327672,0.839430368397084
zic008_aec7,20260927,1,7,8,35,0.4601577888064489,0.7765167382409897
zic008_aec7,20260927,2,0,8,35,0.32882675986156573,0.830812106075553
zic008_aec7,20260927,2,1,8,35,0.5265279623283348,0.9120588441007542
zic008_aec7,20260927,2,2,8,35,0.5326540055454889,0.8595130591628435
zic008_aec7,20260927,2,3,8,35,0.5260102727544421,0.8995317095801103
zic008_aec7,20260927,2,4,8,35,0.5358521555603325,0.8547023804760155
zic008_aec7,20260927,2,5,8,35,0.5293215958462022,0.8918703495078437
zic008_aec7,20260927,2,6,8,35,0.5019183227500513,0.812270314286102
zic008_aec7,20260927,2,7,8,35,0.3810062690479772,0.7685225690677648
zic008_aec7,20260927,2,8,8,35,0.35775079668431176,0.8265485390506315
zic008_aec7,20260927,2,9,8,35,0.3197899427695254,0.7431165612973566
zic008_aec7,20260927,2,10,8,35,0.3670357428846701,0.8130034265305293
zic008_aec7,20260927,2,11,8,35,0.3815750255920125,0.7352813707327247
zic008_aec7,20260927,2,12,8,35,0.3427147273545407,0.8307503323602914
zic008_aec7,20260927,2,13,8,35,0.5843159841075002,0.8845154976083551
zic008_aec7,20260927,2,14,8,35,0.5805688195764779,0.9296133717786784
zic008_aec7,20260927,2,15,8,35,0.570710659327447,0.8862132890206513
zic008_aec7,20260927,2,16,8,35,0.6130042523766439,0.913902735868024
zic008_aec7,20260927,2,17,8,35,0.5984417155925091,0.9027915624239699
zic008_aec7,20260927,2,18,8,35,0.5358608100614215,0.8851644968300938
zic008_aec7,20260927,2,19,8,35,0.5563003052808481,0.860526783615027
zic008_aec7,20260927,2,20,8,35,0.5935423749386793,0.8930937308748711
zic008_aec7,20260927,2,21,8,35,0.5883996299655797,0.8697874814722933
zic008_aec7,20260927,2,22,8,35,0.5551991725724966,0.9171433306899255
zic008_aec7,20260927,2,23,8,35,0.6230785961264038,0.9155857797769293
zic008_aec7,20260927,2,24,8,35,0.5920814231006312,0.8918870998926122
zic008_aec7,20260927,2,25,8,35,0.5890196318177728,0.927113007950559
zic008_aec7,20260927,2,26,8,35,0.5841593461453444,0.8312916416495293
zic008_aec7,20260927,2,27,8,35,0.5999422507124345,0.9119944133144229
zic008_aec7,20260927,3,0,8,35,0.45454644190096566,0.8835898115059774
zic008_aec7,20260927,3,1,8,35,0.45049119193155335,0.9104082699773829
zic008_aec7,20260927,3,2,8,35,0.4403461221957709,0.8819915999092152
zic008_aec7,20260927,3,3,8,35,0.4401985131634446,0.8936423046034101
zic008_aec7,20260927,3,4,8,35,0.4386542724866838,0.8746331000328419
zic008_aec7,20260927,3,5,8,35,0.4675169336618987,0.8893553334239669
zic008_aec7,20260927,3,6,8,35,0.6135764365386637,0.8918204980795146
zic008_aec7,20260927,3,7,8,35,0.6228695732177391,0.937501784348884
zic008_aec7,20260927,3,8,8,35,0.6000911885572933,0.8947345053253437
zic008_aec7,20260927,3,9,8,35,0.6254563555930265,0.9399812689161394
zic008_aec7,20260927,3,10,8,35,0.6219660571257836,0.8951462059624873
zic008_aec7,20260927,3,11,8,35,0.5821799835031566,0.9018081306161605
zic008_aec7,20260927,3,12,8,35,0.5985644730863746,0.868893479684277
zic008_aec7,20260927,3,13,8,35,0.6201497821710622,0.9136006271035697
zic008_aec7,20260927,3,14,8,35,0.6056712006029057,0.8758353190765146
zic008_aec7,20260927,3,15,8,35,0.5953111068637059,0.9067290886675288
zic008_aec7,20260927,3,16,8,35,0.6273747122948105,0.927140358646648
zic008_aec7,20260927,3,17,8,35,0.6126591477359505,0.8852402086919512
zic008_aec7,20260927,3,18,8,35,0.60820485901678,0.9205269759166722
zic008_aec7,20260927,3,19,8,35,0.6162909948291477,0.841515986709478
zic008_aec7,20260927,3,20,8,35,0.6213844112160557,0.8982996361409905
zic008_aec7,20260927,3,21,8,35,0.47233676039484174,0.8787323174137397
zic008_aec7,20260927,3,22,8,35,0.4610482275807254,0.8550372861374602
zic008_aec7,20260927,3,23,8,35,0.48503166283553506,0.8601220086611967
zic008_aec7,20260927,3,24,8,35,0.4952254912862341,0.8459777646117158
zic008_aec7,20260927,3,25,8,35,0.45602247846172844,0.8929219895091967
zic008_aec7,20260927,3,26,8,35,0.44218035274679246,0.8696439509758708
zic008_aec7,20260927,3,27,8,35,0.4683958510477157,0.8991963179817957
zic008_aec7,20260927,3,28,8,35,0.46611819705710944,0.8727630539267333
zic008_aec7,20260927,3,29,8,35,0.45447975511482697,0.8947568683971173
zic008_aec7,20260927,3,30,8,35,0.456588113748271,0.8962528027345075
zic008_aec7,20260927,3,31,8,35,0.45842406205512326,0.8409201651522268
zic008_aec7,20260927,3,32,8,35,0.4464806449544276,0.8850081935449885
zic008_aec7,20260927,3,33,8,35,0.4944332851575284,0.882522483047163
zic008_aec7,20260927,3,34,8,35,0.48366430828358414,0.9006714676216275
zic008_aec7,20260927,3,35,8,35,0.4469862017291833,0.8622000673189727
zic008_aec7,20260927,3,36,8,35,0.6193595591766551,0.9187843517075671
zic008_aec7,20260927,3,37,8,35,0.6184064263837081,0.887942022940068
zic008_aec7,20260927,3,38,8,35,0.6329893814563621,0.9357245212940095
zic008_aec7,20260927,3,39,8,35,0.6457599126475171,0.8994611417350766
zic008_aec7,20260927,3,40,8,35,0.6116810714175771,0.9256237087976976
zic008_aec7,20260927,3,41,8,35,0.6831028378714837,0.9450669835204913
zic008_aec7,20260927,3,42,8,35,0.6470531068041273,0.9469557529202327
zic008_aec7,20260927,3,43,8,35,0.6290094844238124,0.9313900749307594
zic008_aec7,20260927,3,44,8,35,0.6244990916090262,0.883029118922769
zic008_aec7,20260927,3,45,8,35,0.668662632631429,0.9438542712472727
zic008_aec7,20260927,3,46,8,35,0.5928491356054751,0.894990175211824
zic008_aec7,20260927,3,47,8,35,0.6441208125227535,0.9264718945024831
zic008_aec7,20260927,3,48,8,35,0.6288839554021023,0.9083670749429171
zic008_aec7,20260927,3,49,8,35,0.6468632422911138,0.9136381316888609
zic008_aec7,20260927,3,50,8,35,0.6303076930252254,0.907175642540054
zic008_aec7,20260927,3,51,8,35,0.6612988491015419,0.9107110100259149
zic008_aec7,20260927,3,52,8,35,0.6490274372963197,0.942886228358041
zic008_aec7,20260927,3,53,8,35,0.6340776830952201,0.9123239448668512
zic008_aec7,20260927,3,54,8,35,0.6455830461544163,0.9356111041170341
zic008_aec7,20260927,3,55,8,35,0.6642453967696728,0.931047611839783
zic008_aec7,20260927,4,0,8,35,0.5437209476011662,0.9337512705397165
zic008_aec7,20260927,4,1,8,35,0.550922268794976,0.9127607124607378
zic008_aec7,20260927,4,2,8,35,0.5551013662063674,0.9153345611240591
zic008_aec7,20260927,4,3,8,35,0.5372746290043476,0.9282430416898517
zic008_aec7,20260927,4,4,8,35,0.5384772602109852,0.924334725913027
zic008_aec7,20260927,4,5,8,35,0.5379146679859506,0.9267207561661327
zic008_aec7,20260927,4,6,8,35,0.5401399131093504,0.9250153867300066
zic008_aec7,20260927,4,7,8,35,0.5231579251000243,0.9272859840227268
zic008_aec7,20260927,4,8,8,35,0.5226967870510228,0.9162756984242223
zic008_aec7,20260927,4,9,8,35,0.5486810628933798,0.9192755934759381
zic008_aec7,20260927,4,10,8,35,0.5191591684590285,0.9108330029678331
zic008_aec7,20260927,4,11,8,35,0.5576442871392016,0.9239221717886128
zic008_aec7,20260927,4,12,8,35,0.5395239749459907,0.9302299692411528
zic008_aec7,20260927,4,13,8,35,0.5421684511409036,0.9209357160118603
zic008_aec7,20260927,4,14,8,35,0.5242678365263488,0.9155422054438441
zic008_aec7,20260927,4,15,8,35,0.6762055509166897,0.9286129881297325
zic008_aec7,20260927,4,16,8,35,0.659163815774542,0.895493063020531
zic008_aec7,20260927,4,17,8,35,0.6769929813875911,0.938158976635546
zic008_aec7,20260927,4,18,8,35,0.6820417575092966,0.9083453959846034
zic008_aec7,20260927,4,19,8,35,0.6681111952582217,0.9222296973957574
zic008_aec7,20260927,4,20,8,35,0.6748046617199589,0.9548877273373609
zic008_aec7,20260927,4,21,8,35,0.6784385336298806,0.934529897912406
zic008_aec7,20260927,4,22,8,35,0.6773535873185923,0.9472171595020319
zic008_aec7,20260927,4,23,8,35,0.6796350621325818,0.8904288422985803
zic008_aec7,20260927,4,24,8,35,0.6846562329372212,0.9335504923229205
zic008_aec7,20260927,4,25,8,35,0.6340700427107248,0.9126585684426164
zic008_aec7,20260927,4,26,8,35,0.6723184586720331,0.9282764272001138
zic008_aec7,20260927,4,27,8,35,0.6573502195009837,0.8953643718157499
zic008_aec7,20260927,4,28,8,35,0.6698404360261976,0.9221322433911979
zic008_aec7,20260927,4,29,8,35,0.653151927055981,0.8928984757409164
zic008_aec7,20260927,4,30,8,35,0.6741479429498342,0.910571161058442
zic008_aec7,20260927,4,31,8,35,0.677822473276332,0.9446922908784405
zic008_aec7,20260927,4,32,8,35,0.6560547213038834,0.8980578961132953
zic008_aec7,20260927,4,33,8,35,0.6819314533438727,0.9352405821542861
zic008_aec7,20260927,4,34,8,35,0.6850299692370762,0.9100186224145611
zic008_aec7,20260927,4,35,8,35,0.5380685345362995,0.9104142669054589
zic008_aec7,20260927,4,36,8,35,0.5335850040144917,0.9167174005954217
zic008_aec7,20260927,4,37,8,35,0.5381357395307279,0.9061405886167048
zic008_aec7,20260927,4,38,8,35,0.5436172286041786,0.9179276086811421
zic008_aec7,20260927,4,39,8,35,0.5452712747412037,0.9001763896880387
zic008_aec7,20260927,4,40,8,35,0.5624634122128562,0.9008215968598016
zic008_aec7,20260927,4,41,8,35,0.5370254725876318,0.9087836406436047
zic008_aec7,20260927,4,42,8,35,0.5605874460860792,0.8930333846480245
zic008_aec7,20260927,4,43,8,35,0.5600438535110631,0.9209974631662527
zic008_aec7,20260927,4,44,8,35,0.5585700438416212,0.9114621653318168
zic008_aec7,20260927,4,45,8,35,0.5330061815947853,0.9215433414682458
zic008_aec7,20260927,4,46,8,35,0.5506073172600738,0.9013290608112793
zic008_aec7,20260927,4,47,8,35,0.5367331795875689,0.9238213760370207
zic008_aec7,20260927,4,48,8,35,0.5463678884100925,0.9270056336059892
zic008_aec7,20260927,4,49,8,35,0.5490629603328528,0.9200602457049426
zic008_aec7,20260927,4,50,8,35,0.5506518124562428,0.9120604463838001
zic008_aec7,20260927,4,51,8,35,0.560840266169977,0.9277013196592179
zic008_aec7,20260927,4,52,8,35,0.5535958316930613,0.9201791006940798
zic008_aec7,20260927,4,53,8,35,0.5257453080885239,0.8937106297621776
zic008_aec7,20260927,4,54,8,35,0.5594701097535676,0.9256217536065097
zic008_aec7,20260927,4,55,8,35,0.6442536824030043,0.9251835544401301
zic008_aec7,20260927,4,56,8,35,0.6680038220377491,0.9330339998550772
zic008_aec7,20260927,4,57,8,35,0.6661778368291008,0.9263330415769566
zic008_aec7,20260927,4,58,8,35,0.6763176263273026,0.9258793946076904
zic008_aec7,20260927,4,59,8,35,0.667287707656887,0.924933083717142
zic008_aec7,20260927,4,60,8,35,0.6884611551807382,0.9288976738875829
zic008_aec7,20260927,4,61,8,35,0.6928076585588167,0.9352836417563175
zic008_aec7,20260927,4,62,8,35,0.6667469205961051,0.9253649637024863
zic008_aec7,20260927,4,63,8,35,0.7048524883526438,0.9536558342758228
zic008_aec7,20260927,4,64,8,35,0.6954291130428147,0.9459674026027216
zic008_aec7,20260927,4,65,8,35,0.6830352349087268,0.9315538572427123
zic008_aec7,20260927,4,66,8,35,0.6575038342161298,0.9345310103337088
zic008_aec7,20260927,4,67,8,35,0.6822145404285666,0.9367017918641843
zic008_aec7,20260927,4,68,8,35,0.6822572029777781,0.9283393053013884
zic008_aec7,20260927,4,69,8,35,0.7036868940202794,0.941329939170873
zic008_aec7,20260927,5,0,8,35,0.6017037585631385,0.9441007604332156
zic008_aec7,20260927,5,1,8,35,0.6145666524287461,0.934671096291239
zic008_aec7,20260927,5,2,8,35,0.5801136735102113,0.944220942209493
zic008_aec7,20260927,5,3,8,35,0.6212265621881137,0.9368163749862448
zic008_aec7,20260927,5,4,8,35,0.6122985185838152,0.932742446589291
zic008_aec7,20260927,5,5,8,35,0.6185233077385027,0.9305584774770719
zic008_aec7,20260927,5,6,8,35,0.6168557776978056,0.938096687886662
zic008_aec7,20260927,5,7,8,35,0.5914503929397382,0.9337297478339357
zic008_aec7,20260927,5,8,8,35,0.6300692004896414,0.9198107649235
zic008_aec7,20260927,5,9,8,35,0.6082355281332729,0.9337228693144407
zic008_aec7,20260927,5,10,8,35,0.6100967564232737,0.9292009873053803
zic008_aec7,20260927,5,11,8,35,0.6037169806732778,0.9370584154284024
zic008_aec7,20260927,5,12,8,35,0.6008145334467506,0.9367387618538343
zic008_aec7,20260927,5,13,8,35,0.5960188069577246,0.949527985162772
zic008_aec7,20260927,5,14,8,35,0.6216416785634246,0.9306925292554756
zic008_aec7,20260927,5,15,8,35,0.5944748885436568,0.9267974329808722
zic008_aec7,20260927,5,16,8,35,0.6182306479553707,0.9425891684981706
zic008_aec7,20260927,5,17,8,35,0.6150310299046198,0.9453356195953384
zic008_aec7,20260927,5,18,8,35,0.5887424852890408,0.93158323407552
zic008_aec7,20260927,5,19,8,35,0.6102361881703414,0.9395581986309564
zic008_aec7,20260927,5,20,8,35,0.6904994150374776,0.930797824478198
zic008_aec7,20260927,5,21,8,35,0.7067176816270239,0.9473073018028697
zic008_aec7,20260927,5,22,8,35,0.6962722414009551,0.9294836496885229
zic008_aec7,20260927,5,23,8,35,0.711147657814619,0.9380733715431538
zic008_aec7,20260927,5,24,8,35,0.6973922782444341,0.9027588873955623
zic008_aec7,20260927,5,25,8,35,0.7171403935520175,0.9311913561994083
zic008_aec7,20260927,5,26,8,35,0.7106721319969719,0.9547301083754037
zic008_aec7,20260927,5,27,8,35,0.6955315063572696,0.9204779591994398
zic008_aec7,20260927,5,28,8,35,0.7153223033381757,0.9485387063651869
zic008_aec7,20260927,5,29,8,35,0.7197679843196092,0.9358548233808787
zic008_aec7,20260927,5,30,8,35,0.7149935664130281,0.9436209604969622
zic008_aec7,20260927,5,31,8,35,0.6816760112269117,0.9196176114195981
zic008_aec7,20260927,5,32,8,35,0.7127338547500249,0.9379151139948823
zic008_aec7,20260927,5,33,8,35,0.7195711904722942,0.9253801452864113
zic008_aec7,20260927,5,34,8,35,0.7140511609848149,0.9407651531451731
zic008_aec7,20260927,5,35,8,35,0.5953717871742691,0.9379200641212088
zic008_aec7,20260927,5,36,8,35,0.6182106749922563,0.9144187473439714
zic008_aec7,20260927,5,37,8,35,0.5995336100679013,0.9287289358776362
zic008_aec7,20260927,5,38,8,35,0.5851458335266869,0.9280121129920914
zic008_aec7,20260927,5,39,8,35,0.6099720248402872,0.9254587335898048
zic008_aec7,20260927,5,40,8,35,0.6088289236731249,0.9256750531821479
zic008_aec7,20260927,5,41,8,35,0.616283037343781,0.9303063399678552
zic008_aec7,20260927,5,42,8,35,0.6134661100021734,0.9273112493240692
zic008_aec7,20260927,5,43,8,35,0.6142788563874465,0.9195962109169313
zic008_aec7,20260927,5,44,8,35,0.6259773585731561,0.936348265447156
zic008_aec7,20260927,5,45,8,35,0.6094094183840283,0.9440049702313348
zic008_aec7,20260927,5,46,8,35,0.6019863713410766,0.941633970668503
zic008_aec7,20260927,5,47,8,35,0.6013194974719811,0.9297810320790006
zic008_aec7,20260927,5,48,8,35,0.6160592833613395,0.9320332770345646
zic008_aec7,20260927,5,49,8,35,0.5976873424387522,0.9396793440626535
zic008_aec7,20260927,5,50,8,35,0.7031023230000705,0.9352451377419372
zic008_aec7,20260927,5,51,8,35,0.6852612709696655,0.9400133776679266
zic008_aec7,20260927,5,52,8,35,0.7108297967717625,0.9533645831299562
zic008_aec7,20260927,5,53,8,35,0.7160966061996517,0.938440721066733
zic008_aec7,20260927,5,54,8,35,0.7204720447594136,0.9486702736898449
zic008_aec7,20260927,5,55,8,35,0.7071202205430975,0.9492093725716793
zic008_aec7,20260927,6,0,8,35,0.6526442139639069,0.9413140504853689
zic008_aec7,20260927,6,1,8,35,0.6345254419620917,0.9441473928864328
zic008_aec7,20260927,6,2,8,35,0.6552086225105392,0.9429325983166121
zic008_aec7,20260927,6,3,8,35,0.6402999321915751,0.9434267849100261
zic008_aec7,20260927,6,4,8,35,0.6613305518956684,0.9331773839483904
zic008_aec7,20260927,6,5,8,35,0.6418233399738285,0.9377179705606662
zic008_aec7,20260927,6,6,8,35,0.6489759893953763,0.9416207535473722
zic008_aec7,20260927,6,7,8,35,0.6594602491459894,0.9364264281668055
zic008_aec7,20260927,6,8,8,35,0.6620376041685195,0.9445836630896253
zic008_aec7,20260927,6,9,8,35,0.6512146463591737,0.9401556586706503
zic008_aec7,20260927,6,10,8,35,0.6411111034055008,0.9584837370045212
zic008_aec7,20260927,6,11,8,35,0.6487050577497895,0.9380244956545128
zic008_aec7,20260927,6,12,8,35,0.6512317278356652,0.9477855212649057
zic008_aec7,20260927,6,13,8,35,0.6545498869204002,0.9473123100707376
zic008_aec7,20260927,6,14,8,35,0.6636470958021529,0.9528020055425979
zic008_aec7,20260927,6,15,8,35,0.7328930413552666,0.9455947751786683
zic008_aec7,20260927,6,16,8,35,0.7081890298197825,0.9350047935758421
zic008_aec7,20260927,6,17,8,35,0.7368643192741681,0.9462321350503533
zic008_aec7,20260927,6,18,8,35,0.7422816394955374,0.9350370819537006
zic008_aec7,20260927,6,19,8,35,0.7410008756797831,0.9534396724050127
zic008_aec7,20260927,6,20,8,35,0.7295623063727167,0.9452689263552635
zic008_aec7,20260927,6,21,8,35,0.6488144847828756,0.947263700553946
zic008_aec7,20260927,6,22,8,35,0.6461431068249439,0.9431805903311108
zic008_aec7,20260927,6,23,8,35,0.658983380234882,0.936797896782542
zic008_aec7,20260927,6,24,8,35,0.641710562663455,0.9360722276793189
zic008_aec7,20260927,6,25,8,35,0.6523789561775845,0.941160606150042
zic008_aec7,20260927,6,26,8,35,0.6436415234969308,0.9456555503362734
zic008_aec7,20260927,6,27,8,35,0.7238059466046288,0.9535663946652444
zic008_aec7,20260927,7,0,8,35,0.6735144193430642,0.952414034636129
zic008_aec7,20260927,7,1,8,35,0.6810094325790766,0.9469046337845186
zic008_aec7,20260927,7,2,8,35,0.6742850245325838,0.9491817343236684
zic008_aec7,20260927,7,3,8,35,0.6854179806154977,0.9340783250674497
zic008_aec7,20260927,7,4,8,35,0.6870395939756941,0.9539687076147219
zic008_aec7,20260927,7,5,8,35,0.6857354095444589,0.9549222019931884
zic008_aec7,20260927,7,6,8,35,0.7507528347060652,0.9466593029651699
zic008_aec7,20260927,7,7,8,35,0.6841962075317202,0.9483838605740709
zic008_aec7,20260927,8,0,8,35,0.7090078319871546,0.9524818938802663
zic008_aec7,20260928,1,0,8,35,0.4390815869711768,0.8103855296303035
zic008_aec7,20260928,1,1,8,35,0.49592492911483665,0.8127005909099253
zic008_aec7,20260928,1,2,8,35,0.4368398157706573,0.8794089324376969
zic008_aec7,20260928,1,3,8,35,0.43539988226631093,0.8345498726245266
zic008_aec7,20260928,1,4,8,35,0.3134940817267862,0.7690218014041912
zic008_aec7,20260928,1,5,8,35,0.38291903347178224,0.769355566774874
zic008_aec7,20260928,1,6,8,35,0.39938911870033533,0.8575955884440681
zic008_aec7,20260928,1,7,8,35,0.430332430598369,0.797134596648132
zic008_aec7,20260928,2,0,8,35,0.52941082490881,0.8404688177344786
zic008_aec7,20260928,2,1,8,35,0.5905446041575383,0.9035129507872224
zic008_aec7,20260928,2,2,8,35,0.5714769787344282,0.9152363968067789
zic008_aec7,20260928,2,3,8,35,0.49443773571855726,0.8461417390482285
zic008_aec7,20260928,2,4,8,35,0.5341514136206355,0.902347740680028
zic008_aec7,20260928,2,5,8,35,0.5445770117050397,0.919505103571145
zic008_aec7,20260928,2,6,8,35,0.5539655068677185,0.9204951592366503
zic008_aec7,20260928,2,7,8,35,0.574245717908749,0.9237876214258373
zic008_aec7,20260928,2,8,8,35,0.5748966615704121,0.9098628488897125
zic008_aec7,20260928,2,9,8,35,0.4910826955905108,0.8948833838767637
zic008_aec7,20260928,2,10,8,35,0.5349494665899504,0.8978966547104419
zic008_aec7,20260928,2,11,8,35,0.5605684447311624,0.9249211006906305
zic008_aec7,20260928,2,12,8,35,0.5574589827432626,0.8946842873865123
zic008_aec7,20260928,2,13,8,35,0.5543944266861175,0.8900495683756522
zic008_aec7,20260928,2,14,8,35,0.48299857132819823,0.8778990651787685
zic008_aec7,20260928,2,15,8,35,0.5072973194556432,0.8621506979014144
zic008_aec7,20260928,2,16,8,35,0.5286241426218242,0.9073332806228854
zic008_aec7,20260928,2,17,8,35,0.5383345633669131,0.8583548608044778
zic008_aec7,20260928,2,18,8,35,0.48044118849151424,0.835368381364202
zic008_aec7,20260928,2,19,8,35,0.5221734087851498,0.8397907501238333
zic008_aec7,20260928,2,20,8,35,0.5326744086670452,0.8871265199167576
zic008_aec7,20260928,2,21,8,35,0.5428779558533882,0.8263681570429205
zic008_aec7,20260928,2,22,8,35,0.47646009756907387,0.8264795191954273
zic008_aec7,20260928,2,23,8,35,0.49541854434902716,0.8914790874196307
zic008_aec7,20260928,2,24,8,35,0.48833492311200705,0.8253149656192963
zic008_aec7,20260928,2,25,8,35,0.5119968979074275,0.8668056300755236
zic008_aec7,20260928,2,26,8,35,0.4843113310064125,0.7952417419782287
zic008_aec7,20260928,2,27,8,35,0.5517477072911284,0.8969873042294789
zic008_aec7,20260928,3,0,8,35,0.6219599909953156,0.9007675752364952
zic008_aec7,20260928,3,1,8,35,0.6241334356477909,0.9123159870899722
zic008_aec7,20260928,3,2,8,35,0.5767001062154395,0.9051131596833785
zic008_aec7,20260928,3,3,8,35,0.6133348880749483,0.9138031580710534
zic008_aec7,20260928,3,4,8,35,0.6271200613004689,0.9115909182109203
zic008_aec7,20260928,3,5,8,35,0.6225584404822543,0.9197937654515066
zic008_aec7,20260928,3,6,8,35,0.6289275562585593,0.9286661559404923
zic008_aec7,20260928,3,7,8,35,0.5658130496173178,0.921531824556523
zic008_aec7,20260928,3,8,8,35,0.5909094447561852,0.9122123269727038
zic008_aec7,20260928,3,9,8,35,0.635471807514068,0.9248197220644372
zic008_aec7,20260928,3,10,8,35,0.5928200871461089,0.9249246187978979
zic008_aec7,20260928,3,11,8,35,0.5499340169259438,0.9115559669020533
zic008_aec7,20260928,3,12,8,35,0.611205710284144,0.9251507810506978
zic008_aec7,20260928,3,13,8,35,0.6167844639584685,0.939261588284399
zic008_aec7,20260928,3,14,8,35,0.6103075328725913,0.9249009984867638
zic008_aec7,20260928,3,15,8,35,0.5429575687654337,0.8989118735814839
zic008_aec7,20260928,3,16,8,35,0.5565237807471309,0.9195104793081065
zic008_aec7,20260928,3,17,8,35,0.5583425173924027,0.9142263898984477
zic008_aec7,20260928,3,18,8,35,0.6154278557244012,0.935650431727322
zic008_aec7,20260928,3,19,8,35,0.5846402000705885,0.8922755666928149
zic008_aec7,20260928,3,20,8,35,0.62441745018706,0.9468068816420692
zic008_aec7,20260928,3,21,8,35,0.6286748263901119,0.9315333214446806
zic008_aec7,20260928,3,22,8,35,0.5710218007375092,0.9273637891581423
zic008_aec7,20260928,3,23,8,35,0.5960358049067006,0.9063880587560789
zic008_aec7,20260928,3,24,8,35,0.640308558346117,0.9271209423756681
zic008_aec7,20260928,3,25,8,35,0.6001825672960248,0.9098986185325705
zic008_aec7,20260928,3,26,8,35,0.5444910528767495,0.9076844288608077
zic008_aec7,20260928,3,27,8,35,0.5971110825044332,0.9271973752055399
zic008_aec7,20260928,3,28,8,35,0.5947182539002175,0.929075612749898
zic008_aec7,20260928,3,29,8,35,0.6089270806638045,0.9211562184604998
zic008_aec7,20260928,3,30,8,35,0.5480882108723065,0.897234810160595
zic008_aec7,20260928,3,31,8,35,0.5682840602604438,0.9264888061865644
zic008_aec7,20260928,3,32,8,35,0.5680755451175172,0.9100594529431619
zic008_aec7,20260928,3,33,8,35,0.6188968689455127,0.9169419096992131
zic008_aec7,20260928,3,34,8,35,0.5808672385628515,0.8726354709416326
zic008_aec7,20260928,3,35,8,35,0.6161452209532513,0.9406367527924328
zic008_aec7,20260928,3,36,8,35,0.5530247775824866,0.8861619065967274
zic008_aec7,20260928,3,37,8,35,0.5745563731531501,0.8784716152220952
zic008_aec7,20260928,3,38,8,35,0.592338344648051,0.9198080150480603
zic008_aec7,20260928,3,39,8,35,0.5923588968677821,0.881991854709152
zic008_aec7,20260928,3,40,8,35,0.5290886192831774,0.8597713901360171
zic008_aec7,20260928,3,41,8,35,0.5632557718227134,0.931731997142065
zic008_aec7,20260928,3,42,8,35,0.5494846215482412,0.8791469970231338
zic008_aec7,20260928,3,43,8,35,0.5595132954482775,0.8831497392703971
zic008_aec7,20260928,3,44,8,35,0.5476581096564386,0.8455448277577892
zic008_aec7,20260928,3,45,8,35,0.594325094251653,0.9056268980073839
zic008_aec7,20260928,3,46,8,35,0.5441197619273881,0.8576936144463346
zic008_aec7,20260928,3,47,8,35,0.5571600245846927,0.8929894643743463
zic008_aec7,20260928,3,48,8,35,0.5646548289471871,0.8664474341575503
zic008_aec7,20260928,3,49,8,35,0.570297225162164,0.8942315887198048
zic008_aec7,20260928,3,50,8,35,0.5702022304355716,0.8362591539542104
zic008_aec7,20260928,3,51,8,35,0.6123359207534694,0.8973752952445283
zic008_aec7,20260928,3,52,8,35,0.5389991830078157,0.8984926361786978
zic008_aec7,20260928,3,53,8,35,0.5334826361196928,0.8239968819751252
zic008_aec7,20260928,3,54,8,35,0.562300664413645,0.884141399460392
zic008_aec7,20260928,3,55,8,35,0.571474573035154,0.8576906991250405
zic008_aec7,20260928,4,0,8,35,0.6663409435781339,0.9305311220131438
zic008_aec7,20260928,4,1,8,35,0.6287345185045589,0.9291416982562717
zic008_aec7,20260928,4,2,8,35,0.6405516623430426,0.9242290127821025
zic008_aec7,20260928,4,3,8,35,0.6595224478895705,0.9335753820381711
zic008_aec7,20260928,4,4,8,35,0.6476835447848605,0.9358737068717924
zic008_aec7,20260928,4,5,8,35,0.6143647760656351,0.9219996912786637
zic008_aec7,20260928,4,6,8,35,0.6563656568098183,0.9365824530753711
zic008_aec7,20260928,4,7,8,35,0.6385214870571577,0.9309833909729189
zic008_aec7,20260928,4,8,8,35,0.6580835064315141,0.9316779504266554
zic008_aec7,20260928,4,9,8,35,0.6156436766562802,0.9288181596156938
zic008_aec7,20260928,4,10,8,35,0.6084817810430082,0.9308171079034662
zic008_aec7,20260928,4,11,8,35,0.6285049697708008,0.9298245671153215
zic008_aec7,20260928,4,12,8,35,0.6617288910189834,0.921365956038113
zic008_aec7,20260928,4,13,8,35,0.6337619814902545,0.9239312232530332
zic008_aec7,20260928,4,14,8,35,0.6624845132057251,0.9447499412420981
zic008_aec7,20260928,4,15,8,35,0.6121282405661902,0.9333810196139462
zic008_aec7,20260928,4,16,8,35,0.637491425745825,0.9197019321852309
zic008_aec7,20260928,4,17,8,35,0.6532691569942656,0.9371666851334537
zic008_aec7,20260928,4,18,8,35,0.645691415741669,0.9214386282868208
zic008_aec7,20260928,4,19,8,35,0.5920924370810673,0.9149012477780272
zic008_aec7,20260928,4,20,8,35,0.6348991347971648,0.9449553776025446
zic008_aec7,20260928,4,21,8,35,0.6060242901968244,0.926177050620409
zic008_aec7,20260928,4,22,8,35,0.6319789063482754,0.9226130446548656
zic008_aec7,20260928,4,23,8,35,0.6077599213222639,0.8906244313089682
zic008_aec7,20260928,4,24,8,35,0.649944525855485,0.9322525924843884
zic008_aec7,20260928,4,25,8,35,0.5851635765619652,0.9138683502058274
zic008_aec7,20260928,4,26,8,35,0.5892525103959865,0.9381092697992628
zic008_aec7,20260928,4,27,8,35,0.5950412788086489,0.9144998555398778
zic008_aec7,20260928,4,28,8,35,0.6324529484592429,0.9384517595719201
zic008_aec7,20260928,4,29,8,35,0.6332715160485859,0.8942734653921272
zic008_aec7,20260928,4,30,8,35,0.6440752066901329,0.9426493843875549
zic008_aec7,20260928,4,31,8,35,0.6008787427646816,0.9339075583054264
zic008_aec7,20260928,4,32,8,35,0.5889861470407499,0.9047496232903987
zic008_aec7,20260928,4,33,8,35,0.6177216450441442,0.9435965638488674
zic008_aec7,20260928,4,34,8,35,0.625231451710858,0.9263728220992989
zic008_aec7,20260928,4,35,8,35,0.6213449800206337,0.9225096080160925
zic008_aec7,20260928,4,36,8,35,0.6297885372867046,0.9241958059842589
zic008_aec7,20260928,4,37,8,35,0.6390595774209515,0.934378799651674
zic008_aec7,20260928,4,38,8,35,0.6413338455822974,0.9202033191948074
zic008_aec7,20260928,4,39,8,35,0.594639418805843,0.9206602071673461
zic008_aec7,20260928,4,40,8,35,0.6390458177463785,0.9448637395424546
zic008_aec7,20260928,4,41,8,35,0.6082543445705689,0.9238863400688794
zic008_aec7,20260928,4,42,8,35,0.6364708311042171,0.9191342196125444
zic008_aec7,20260928,4,43,8,35,0.6079895594872872,0.8855231796564351
zic008_aec7,20260928,4,44,8,35,0.6385984243242107,0.9408839540535523
zic008_aec7,20260928,4,45,8,35,0.5949488029454426,0.9124421369932336
zic008_aec7,20260928,4,46,8,35,0.5986045819911147,0.931714170727813
zic008_aec7,20260928,4,47,8,35,0.6062348370706839,0.9150572989785747
zic008_aec7,20260928,4,48,8,35,0.6305854612539027,0.9412037806086851
zic008_aec7,20260928,4,49,8,35,0.6303113871607756,0.9066197953260218
zic008_aec7,20260928,4,50,8,35,0.64165067734749,0.9455880108944382
zic008_aec7,20260928,4,51,8,35,0.6119746505282921,0.9214883944596959
zic008_aec7,20260928,4,52,8,35,0.599319210848727,0.8964124004308275
zic008_aec7,20260928,4,53,8,35,0.6283897637164487,0.9390128517593855
zic008_aec7,20260928,4,54,8,35,0.6290160346770215,0.9206466810638033
zic008_aec7,20260928,4,55,8,35,0.5897798845657618,0.8763890730478467
zic008_aec7,20260928,4,56,8,35,0.6015456858954871,0.9168830104158725
zic008_aec7,20260928,4,57,8,35,0.6016452849713008,0.8874563428583705
zic008_aec7,20260928,4,58,8,35,0.6084588461600253,0.9141702777715028
zic008_aec7,20260928,4,59,8,35,0.6056213513125168,0.8564144139205939
zic008_aec7,20260928,4,60,8,35,0.632027402517335,0.923226579223299
zic008_aec7,20260928,4,61,8,35,0.5959100101622603,0.8908941001072064
zic008_aec7,20260928,4,62,8,35,0.5856560883585472,0.8646587178819228
zic008_aec7,20260928,4,63,8,35,0.6088433558593789,0.9131397715492792
zic008_aec7,20260928,4,64,8,35,0.6097888412680222,0.8754102442760961
zic008_aec7,20260928,4,65,8,35,0.6004105793353935,0.8997744422453774
zic008_aec7,20260928,4,66,8,35,0.5888272721513237,0.8553252892737206
zic008_aec7,20260928,4,67,8,35,0.610278123817016,0.9100524864393974
zic008_aec7,20260928,4,68,8,35,0.6285496058232214,0.8911978673950495
zic008_aec7,20260928,4,69,8,35,0.5855030805648259,0.8762777056776986
zic008_aec7,20260928,5,0,8,35,0.668369477573829,0.9296135460098917
zic008_aec7,20260928,5,1,8,35,0.6724532839619753,0.9375111865014817
zic008_aec7,20260928,5,2,8,35,0.6732490863027873,0.9337784398296749
zic008_aec7,20260928,5,3,8,35,0.6783771121027382,0.9337083689912199
zic008_aec7,20260928,5,4,8,35,0.6433970576792822,0.9359274389738258
zic008_aec7,20260928,5,5,8,35,0.658097553700412,0.9406335575902418
zic008_aec7,20260928,5,6,8,35,0.6527184722624423,0.9437186677340874
zic008_aec7,20260928,5,7,8,35,0.6722427219854984,0.9232198301641277
zic008_aec7,20260928,5,8,8,35,0.6531876577157565,0.9186190640497897
zic008_aec7,20260928,5,9,8,35,0.6780567907213308,0.943219082210818
zic008_aec7,20260928,5,10,8,35,0.6445035630826739,0.9301910039179642
zic008_aec7,20260928,5,11,8,35,0.6544287665660438,0.9376687097776467
zic008_aec7,20260928,5,12,8,35,0.6526225303011364,0.9370083510716618
zic008_aec7,20260928,5,13,8,35,0.6672350057944292,0.9462736095139029
zic008_aec7,20260928,5,14,8,35,0.6673103496657723,0.9293836691011605
zic008_aec7,20260928,5,15,8,35,0.6760380301566253,0.9469424213390539
zic008_aec7,20260928,5,16,8,35,0.6595615307677322,0.9415990922205875
zic008_aec7,20260928,5,17,8,35,0.6415987897907623,0.9233581002682186
zic008_aec7,20260928,5,18,8,35,0.6703070517627885,0.9512039260834693
zic008_aec7,20260928,5,19,8,35,0.6621057636166479,0.9316872443684169
zic008_aec7,20260928,5,20,8,35,0.6380750366296116,0.924770333073922
zic008_aec7,20260928,5,21,8,35,0.659646653238769,0.9382935703537404
zic008_aec7,20260928,5,22,8,35,0.6459067969800126,0.9188406395610133
zic008_aec7,20260928,5,23,8,35,0.6545745499250806,0.9250778848663688
zic008_aec7,20260928,5,24,8,35,0.653123203970893,0.9071364341611078
zic008_aec7,20260928,5,25,8,35,0.6656039587403046,0.9383174711942701
zic008_aec7,20260928,5,26,8,35,0.646547460340595,0.9394590702729791
zic008_aec7,20260928,5,27,8,35,0.6216524719990243,0.9055071543872785
zic008_aec7,20260928,5,28,8,35,0.6578225546835906,0.9444998399789697
zic008_aec7,20260928,5,29,8,35,0.644400864684765,0.9213697212507591
zic008_aec7,20260928,5,30,8,35,0.6234122251018397,0.935385836995583
zic008_aec7,20260928,5,31,8,35,0.6198384421558695,0.9036228566580509
zic008_aec7,20260928,5,32,8,35,0.6306437549994346,0.9348848416220065
zic008_aec7,20260928,5,33,8,35,0.6506732081297552,0.9225754871900899
zic008_aec7,20260928,5,34,8,35,0.638358124035544,0.935610473313246
zic008_aec7,20260928,5,35,8,35,0.6469004759729978,0.9151260941415011
zic008_aec7,20260928,5,36,8,35,0.6669692425359292,0.9371394644898383
zic008_aec7,20260928,5,37,8,35,0.6543315621385145,0.920921638435096
zic008_aec7,20260928,5,38,8,35,0.6449052246658586,0.9353062522339196
zic008_aec7,20260928,5,39,8,35,0.6419070613537403,0.9158571127361892
zic008_aec7,20260928,5,40,8,35,0.6550513656896692,0.9385819040516529
zic008_aec7,20260928,5,41,8,35,0.6488646816239464,0.9354957591126449
zic008_aec7,20260928,5,42,8,35,0.6226214122727782,0.906789329935821
zic008_aec7,20260928,5,43,8,35,0.6599115163060008,0.9427917703464788
zic008_aec7,20260928,5,44,8,35,0.6391064510780305,0.9202628700707887
zic008_aec7,20260928,5,45,8,35,0.63164470637718,0.9286753831970742
zic008_aec7,20260928,5,46,8,35,0.6288446511853397,0.9042149858908711
zic008_aec7,20260928,5,47,8,35,0.6399055947896768,0.9364763149655965
zic008_aec7,20260928,5,48,8,35,0.6566882287398866,0.9346303562741035
zic008_aec7,20260928,5,49,8,35,0.6435553743485076,0.9312139975008865
zic008_aec7,20260928,5,50,8,35,0.6251285067867013,0.90850311724561
zic008_aec7,20260928,5,51,8,35,0.6188655480495486,0.8722173919390137
zic008_aec7,20260928,5,52,8,35,0.6340689337052955,0.921417754753677
zic008_aec7,20260928,5,53,8,35,0.6424586945714617,0.9044689748167678
zic008_aec7,20260928,5,54,8,35,0.6232559047476303,0.8813880239001072
zic008_aec7,20260928,5,55,8,35,0.6241979553291057,0.8869438686098335
zic008_aec7,20260928,6,0,8,35,0.6777320249869855,0.931153232866347
zic008_aec7,20260928,6,1,8,35,0.683521034186479,0.9441011475703877
zic008_aec7,20260928,6,2,8,35,0.6780469667367781,0.9378334638089973
zic008_aec7,20260928,6,3,8,35,0.6808601560785374,0.9427067224710505
zic008_aec7,20260928,6,4,8,35,0.6784118618409107,0.9207463164511721
zic008_aec7,20260928,6,5,8,35,0.6895747824015677,0.9479558209528648
zic008_aec7,20260928,6,6,8,35,0.6799138846011256,0.9422482925772118
zic008_aec7,20260928,6,7,8,35,0.6617080819150913,0.9230301181584153
zic008_aec7,20260928,6,8,8,35,0.6880722238294,0.9538588379778739
zic008_aec7,20260928,6,9,8,35,0.6733209877860287,0.9362890413191165
zic008_aec7,20260928,6,10,8,35,0.6803033608164866,0.9442235924050135
zic008_aec7,20260928,6,11,8,35,0.668146720671098,0.9318034400083534
zic008_aec7,20260928,6,12,8,35,0.6821122730270304,0.947019143638323
zic008_aec7,20260928,6,13,8,35,0.6749870846894788,0.944716175604771
zic008_aec7,20260928,6,14,8,35,0.6768724889575451,0.9388272651233268
zic008_aec7,20260928,6,15,8,35,0.6743205805304655,0.9334591848763212
zic008_aec7,20260928,6,16,8,35,0.6600168301384193,0.9072340409956463
zic008_aec7,20260928,6,17,8,35,0.6754313744835279,0.9381434864327467
zic008_aec7,20260928,6,18,8,35,0.6605311989240613,0.9263931018578391
zic008_aec7,20260928,6,19,8,35,0.6646453595834036,0.9285839243208243
zic008_aec7,20260928,6,20,8,35,0.6479346791611517,0.9269927381613008
zic008_aec7,20260928,6,21,8,35,0.6723884079210529,0.9231424768376792
zic008_aec7,20260928,6,22,8,35,0.6646497530169182,0.9077344876082262
zic008_aec7,20260928,6,23,8,35,0.6802162595775668,0.9384805488940632
zic008_aec7,20260928,6,24,8,35,0.6635092967603882,0.931254340650975
zic008_aec7,20260928,6,25,8,35,0.6639908781909182,0.9267875649632275
zic008_aec7,20260928,6,26,8,35,0.6567183553429906,0.9245355047440492
zic008_aec7,20260928,6,27,8,35,0.645929241960253,0.9053877705450198
zic008_aec7,20260928,7,0,8,35,0.6949563276160671,0.9461781409347191
zic008_aec7,20260928,7,1,8,35,0.6842270951457713,0.9279029520804697
zic008_aec7,20260928,7,2,8,35,0.6965716811220242,0.9500993514453523
zic008_aec7,20260928,7,3,8,35,0.6848159603044256,0.9359305252367534
zic008_aec7,20260928,7,4,8,35,0.6921656158043803,0.9445094192210381
zic008_aec7,20260928,7,5,8,35,0.6883446288062743,0.9452566376698316
zic008_aec7,20260928,7,6,8,35,0.6810822080915655,0.929891595208614
zic008_aec7,20260928,7,7,8,35,0.6746629543647217,0.9228416056401236
zic008_aec7,20260928,8,0,8,35,0.6992921324540023,0.9420298378537856
zic008_aec7,20260929,1,0,8,35,0.3996964031022163,0.8576188034756927
zic008_aec7,20260929,1,1,8,35,0.4520043876241343,0.8213898376109686
zic008_aec7,20260929,1,2,8,35,0.4435524381301513,0.8341728734788736
zic008_aec7,20260929,1,3,8,35,0.2537495597519935,0.589239152015104
zic008_aec7,20260929,1,4,8,35,0.49113400967661264,0.8454257916649264
zic008_aec7,20260929,1,5,8,35,0.4856058318999105,0.853870587190748
zic008_aec7,20260929,1,6,8,35,0.43866638936934893,0.8268937093248958
zic008_aec7,20260929,1,7,8,35,0.45435670314564913,0.8125265144051127
zic008_aec7,20260929,2,0,8,35,0.5411339065434542,0.8942909432232649
zic008_aec7,20260929,2,1,8,35,0.5289085160812687,0.9035590177317316
zic008_aec7,20260929,2,2,8,35,0.40621945181286817,0.8279313756793664
zic008_aec7,20260929,2,3,8,35,0.5247285252006699,0.8717527974781427
zic008_aec7,20260929,2,4,8,35,0.544380650796395,0.9082950055051099
zic008_aec7,20260929,2,5,8,35,0.49756922953665345,0.8475995216671748
zic008_aec7,20260929,2,6,8,35,0.5639840063694872,0.9114211466191973
zic008_aec7,20260929,2,7,8,35,0.5679030216370161,0.8859926493925332
zic008_aec7,20260929,2,8,8,35,0.40632916198865543,0.7412171620044392
zic008_aec7,20260929,2,9,8,35,0.5875726926540745,0.9089934690146552
zic008_aec7,20260929,2,10,8,35,0.5731620211858025,0.8912685318458353
zic008_aec7,20260929,2,11,8,35,0.5586776677305798,0.9000898214394022
zic008_aec7,20260929,2,12,8,35,0.5466277306385114,0.836564489587287
zic008_aec7,20260929,2,13,8,35,0.4109808862416393,0.7726813135880586
zic008_aec7,20260929,2,14,8,35,0.5783028679778524,0.9255001915240207
zic008_aec7,20260929,2,15,8,35,0.5684402922507293,0.8780664390203001
zic008_aec7,20260929,2,16,8,35,0.5512175508559831,0.9255664073780107
zic008_aec7,20260929,2,17,8,35,0.5729125170373583,0.8974582898365052
zic008_aec7,20260929,2,18,8,35,0.43596322487787614,0.8366737009226521
zic008_aec7,20260929,2,19,8,35,0.41622544683306006,0.7432820741615681
zic008_aec7,20260929,2,20,8,35,0.4155530802489344,0.8415547280727863
zic008_aec7,20260929,2,21,8,35,0.37424732969564917,0.7896608378163035
zic008_aec7,20260929,2,22,8,35,0.5839528788587369,0.9148249813295231
zic008_aec7,20260929,2,23,8,35,0.5545326219137028,0.8560071891025531
zic008_aec7,20260929,2,24,8,35,0.5748095505299808,0.9034015091030727
zic008_aec7,20260929,2,25,8,35,0.56100731719192,0.8905373773706772
zic008_aec7,20260929,2,26,8,35,0.5740669917174315,0.8940142087097857
zic008_aec7,20260929,2,27,8,35,0.5560943057946977,0.9016453529638163
zic008_aec7,20260929,3,0,8,35,0.6014702625742486,0.9276825774259969
zic008_aec7,20260929,3,1,8,35,0.5166167751069745,0.8522158488356191
zic008_aec7,20260929,3,2,8,35,0.5939420911534226,0.9174649878581265
zic008_aec7,20260929,3,3,8,35,0.6146241771604517,0.9109576360904174
zic008_aec7,20260929,3,4,8,35,0.5829939126496367,0.901201146483851
zic008_aec7,20260929,3,5,8,35,0.6079729118362749,0.9139822225679781
zic008_aec7,20260929,3,6,8,35,0.5083025116176042,0.875233629071587
zic008_aec7,20260929,3,7,8,35,0.6021693069182807,0.9232933959099742
zic008_aec7,20260929,3,8,8,35,0.6089808860239591,0.9298044673303455
zic008_aec7,20260929,3,9,8,35,0.5835393609295801,0.9016020569398632
zic008_aec7,20260929,3,10,8,35,0.6056598864047302,0.9168940071473037
zic008_aec7,20260929,3,11,8,35,0.5023913926120641,0.8746357693777717
zic008_aec7,20260929,3,12,8,35,0.5245093505637229,0.8948332053065322
zic008_aec7,20260929,3,13,8,35,0.4770990365647386,0.8847202286677684
zic008_aec7,20260929,3,14,8,35,0.5254234115474657,0.8880961049199715
zic008_aec7,20260929,3,15,8,35,0.5989472445530027,0.9082616361787444
zic008_aec7,20260929,3,16,8,35,0.5677582081920741,0.8682429574234108
zic008_aec7,20260929,3,17,8,35,0.5860112541250106,0.9237552875599659
zic008_aec7,20260929,3,18,8,35,0.5795563120433704,0.9073116368810827
zic008_aec7,20260929,3,19,8,35,0.620322035013725,0.9368791975969475
zic008_aec7,20260929,3,20,8,35,0.5892469258256726,0.904520331484304
zic008_aec7,20260929,3,21,8,35,0.5134809156763741,0.8594806028603434
zic008_aec7,20260929,3,22,8,35,0.6457542412830615,0.9329331768433471
zic008_aec7,20260929,3,23,8,35,0.6319857994709331,0.9103355788665044
zic008_aec7,20260929,3,24,8,35,0.6281296215583243,0.9238369739750308
zic008_aec7,20260929,3,25,8,35,0.606655433226623,0.8835827131593925
zic008_aec7,20260929,3,26,8,35,0.5547266527289785,0.878305357820864
zic008_aec7,20260929,3,27,8,35,0.5125373882813264,0.8545044331022191
zic008_aec7,20260929,3,28,8,35,0.5260412548481647,0.868062988673389
zic008_aec7,20260929,3,29,8,35,0.4824976741072875,0.8274340404096686
zic008_aec7,20260929,3,30,8,35,0.6469088619905341,0.9338545962443031
zic008_aec7,20260929,3,31,8,35,0.6204434859623901,0.9152031253616726
zic008_aec7,20260929,3,32,8,35,0.6238523686044868,0.9124364860035906
zic008_aec7,20260929,3,33,8,35,0.6254083794057116,0.9231979797760426
zic008_aec7,20260929,3,34,8,35,0.6039686794538621,0.8840211504544043
zic008_aec7,20260929,3,35,8,35,0.6175685895519089,0.9004191553317106
zic008_aec7,20260929,3,36,8,35,0.5289734006204743,0.8969499771894653
zic008_aec7,20260929,3,37,8,35,0.5123775696852939,0.8260952141656831
zic008_aec7,20260929,3,38,8,35,0.513906156943816,0.8795683348181491
zic008_aec7,20260929,3,39,8,35,0.49735113260631403,0.869210175254694
zic008_aec7,20260929,3,40,8,35,0.6298066098445022,0.9390472665830536
zic008_aec7,20260929,3,41,8,35,0.6226029044808346,0.9048452695409616
zic008_aec7,20260929,3,42,8,35,0.639459353202536,0.9179767960857499
zic008_aec7,20260929,3,43,8,35,0.6253333721460997,0.9275732519224065
zic008_aec7,20260929,3,44,8,35,0.6223320761426118,0.9171491519417494
zic008_aec7,20260929,3,45,8,35,0.6175699231624477,0.9282039502036293
zic008_aec7,20260929,3,46,8,35,0.5584267645944742,0.9086137383455994
zic008_aec7,20260929,3,47,8,35,0.5216234327351517,0.885988423578962
zic008_aec7,20260929,3,48,8,35,0.5549416955305705,0.9072610736265572
zic008_aec7,20260929,3,49,8,35,0.5342402389572599,0.8832543985027546
zic008_aec7,20260929,3,50,8,35,0.4957683931701627,0.8564484649131952
zic008_aec7,20260929,3,51,8,35,0.5140068489648655,0.8918171378489917
zic008_aec7,20260929,3,52,8,35,0.6191057802477767,0.9099269320827561
zic008_aec7,20260929,3,53,8,35,0.6461188980939728,0.933469135417502
zic008_aec7,20260929,3,54,8,35,0.6127981673795411,0.916029799008272
zic008_aec7,20260929,3,55,8,35,0.6256479138097921,0.9281932994652438
zic008_aec7,20260929,4,0,8,35,0.578395722681571,0.9014958170415457
zic008_aec7,20260929,4,1,8,35,0.6463229650716549,0.9296937778098664
zic008_aec7,20260929,4,2,8,35,0.6519983280859073,0.9354585282637904
zic008_aec7,20260929,4,3,8,35,0.633481192122576,0.9269117117471166
zic008_aec7,20260929,4,4,8,35,0.6379275840901255,0.9382892046806116
zic008_aec7,20260929,4,5,8,35,0.5783559454593518,0.8976718591164381
zic008_aec7,20260929,4,6,8,35,0.5684949620351943,0.8939488578654506
zic008_aec7,20260929,4,7,8,35,0.5710188859153827,0.8977628160833844
zic008_aec7,20260929,4,8,8,35,0.5636929798350307,0.8841340585355805
zic008_aec7,20260929,4,9,8,35,0.6445875734277701,0.9260292104440524
zic008_aec7,20260929,4,10,8,35,0.6184474205822394,0.9117354203189632
zic008_aec7,20260929,4,11,8,35,0.6324059990564047,0.9158482673584128
zic008_aec7,20260929,4,12,8,35,0.6363918112322784,0.9081431508626199
zic008_aec7,20260929,4,13,8,35,0.6389323364823561,0.9366389665131495
zic008_aec7,20260929,4,14,8,35,0.634267862788469,0.9108492486202361
zic008_aec7,20260929,4,15,8,35,0.5744703377835982,0.9043977160743596
zic008_aec7,20260929,4,16,8,35,0.586033653025622,0.9036159285598513
zic008_aec7,20260929,4,17,8,35,0.5553910732012524,0.9150935180206344
zic008_aec7,20260929,4,18,8,35,0.5826565378384423,0.9093075205928178
zic008_aec7,20260929,4,19,8,35,0.6496801115951012,0.9307296918223046
zic008_aec7,20260929,4,20,8,35,0.624202550934289,0.9036398396242022
zic008_aec7,20260929,4,21,8,35,0.6420657369784722,0.9369769051032228
zic008_aec7,20260929,4,22,8,35,0.6358962329177733,0.9254409149781342
zic008_aec7,20260929,4,23,8,35,0.6545298519080766,0.9407884775473206
zic008_aec7,20260929,4,24,8,35,0.6269744674401341,0.9348707689286189
zic008_aec7,20260929,4,25,8,35,0.5979722987672355,0.9149380907030709
zic008_aec7,20260929,4,26,8,35,0.5550822767002629,0.8941675844980477
zic008_aec7,20260929,4,27,8,35,0.5770482656347466,0.9060774533463397
zic008_aec7,20260929,4,28,8,35,0.5855717748219172,0.9069479208888684
zic008_aec7,20260929,4,29,8,35,0.5755652783973474,0.9093213681421071
zic008_aec7,20260929,4,30,8,35,0.5698153140566334,0.9088666310481406
zic008_aec7,20260929,4,31,8,35,0.6197229446505056,0.9045702569346296
zic008_aec7,20260929,4,32,8,35,0.6434664392345982,0.9335970972151029
zic008_aec7,20260929,4,33,8,35,0.612946213949167,0.902992695074865
zic008_aec7,20260929,4,34,8,35,0.6366791357025395,0.92586903666111
zic008_aec7,20260929,4,35,8,35,0.6070747277691784,0.9112499500229734
zic008_aec7,20260929,4,36,8,35,0.5710267068235617,0.8704965172157069
zic008_aec7,20260929,4,37,8,35,0.5864192502238909,0.9099131487481322
zic008_aec7,20260929,4,38,8,35,0.5485415697091215,0.8669853072192933
zic008_aec7,20260929,4,39,8,35,0.680126611619413,0.9516380019480887
zic008_aec7,20260929,4,40,8,35,0.6657227909932637,0.9376526151758992
zic008_aec7,20260929,4,41,8,35,0.6669906235507993,0.936176575626264
zic008_aec7,20260929,4,42,8,35,0.6608664061164857,0.9342209725450651
zic008_aec7,20260929,4,43,8,35,0.6415856896941697,0.905311303838675
zic008_aec7,20260929,4,44,8,35,0.6477359693628132,0.9265037260953911
zic008_aec7,20260929,4,45,8,35,0.6101079919600622,0.9074506227397863
zic008_aec7,20260929,4,46,8,35,0.5852308577911398,0.9035969469179698
zic008_aec7,20260929,4,47,8,35,0.5936791776620055,0.8859912807756155
zic008_aec7,20260929,4,48,8,35,0.5808009194125422,0.9093515512485694
zic008_aec7,20260929,4,49,8,35,0.5424553517113054,0.8718478109758064
zic008_aec7,20260929,4,50,8,35,0.5585403264849452,0.8763944749510351
zic008_aec7,20260929,4,51,8,35,0.6627662438525038,0.9265433998023712
zic008_aec7,20260929,4,52,8,35,0.6686555444985182,0.9417584232624072
zic008_aec7,20260929,4,53,8,35,0.6512956881714318,0.920207896570391
zic008_aec7,20260929,4,54,8,35,0.6534278806084779,0.9291489680730527
zic008_aec7,20260929,4,55,8,35,0.612243870295097,0.9186685987769505
zic008_aec7,20260929,4,56,8,35,0.5890900691016053,0.9225867999410461
zic008_aec7,20260929,4,57,8,35,0.6063922687302389,0.9119256477716873
zic008_aec7,20260929,4,58,8,35,0.5926090404310671,0.9071494201365194
zic008_aec7,20260929,4,59,8,35,0.559539676999563,0.8999262711218895
zic008_aec7,20260929,4,60,8,35,0.5762339673431877,0.9195609496046853
zic008_aec7,20260929,4,61,8,35,0.662900253030767,0.9364761780060566
zic008_aec7,20260929,4,62,8,35,0.6790573664419806,0.9342979558270066
zic008_aec7,20260929,4,63,8,35,0.6615449427953851,0.9321651320494521
zic008_aec7,20260929,4,64,8,35,0.6578294286841746,0.9349043692176204
zic008_aec7,20260929,4,65,8,35,0.5999733081968004,0.9173068732235786
zic008_aec7,20260929,4,66,8,35,0.6060578390470723,0.9191218352412925
zic008_aec7,20260929,4,67,8,35,0.5842979058246519,0.9105305561488303
zic008_aec7,20260929,4,68,8,35,0.5696792372412753,0.9032005539456094
zic008_aec7,20260929,4,69,8,35,0.6580647037310524,0.9308587518192274
zic008_aec7,20260929,5,0,8,35,0.621342916156446,0.9212630452729892
zic008_aec7,20260929,5,1,8,35,0.6158168105731432,0.907613830201095
zic008_aec7,20260929,5,2,8,35,0.6140289781225438,0.9193185545363629
zic008_aec7,20260929,5,3,8,35,0.6077185432850734,0.9132793267898511
zic008_aec7,20260929,5,4,8,35,0.6801575775034336,0.9412100466577044
zic008_aec7,20260929,5,5,8,35,0.659892333367386,0.9322802438341813
zic008_aec7,20260929,5,6,8,35,0.6723059572350739,0.9280941176014025
zic008_aec7,20260929,5,7,8,35,0.6701226536151272,0.9321930545281806
zic008_aec7,20260929,5,8,8,35,0.6678439064608065,0.9392134685449418
zic008_aec7,20260929,5,9,8,35,0.6615442791574607,0.9298889083814147
zic008_aec7,20260929,5,10,8,35,0.633070371783149,0.9242317662822699
zic008_aec7,20260929,5,11,8,35,0.6041663383067448,0.913016596722798
zic008_aec7,20260929,5,12,8,35,0.6301496793578776,0.9158507592593228
zic008_aec7,20260929,5,13,8,35,0.6158147930091228,0.9203769437122291
zic008_aec7,20260929,5,14,8,35,0.5994411443953468,0.8974406651220382
zic008_aec7,20260929,5,15,8,35,0.6096309033430886,0.9193051900711424
zic008_aec7,20260929,5,16,8,35,0.6562977063632234,0.9224149389523002
zic008_aec7,20260929,5,17,8,35,0.6710631968896584,0.9291717430307065
zic008_aec7,20260929,5,18,8,35,0.6498299052559876,0.9264100162369817
zic008_aec7,20260929,5,19,8,35,0.6619235577976708,0.930750842087282
zic008_aec7,20260929,5,20,8,35,0.6315096167779869,0.9200476602698808
zic008_aec7,20260929,5,21,8,35,0.6079516686223375,0.9165972648349826
zic008_aec7,20260929,5,22,8,35,0.6181497523247453,0.9187379352009721
zic008_aec7,20260929,5,23,8,35,0.6247073541438134,0.9272618321703288
zic008_aec7,20260929,5,24,8,35,0.6176519723668518,0.9205739558403664
zic008_aec7,20260929,5,25,8,35,0.6124179406384026,0.9276709445760639
zic008_aec7,20260929,5,26,8,35,0.6604794081439004,0.9298369119597218
zic008_aec7,20260929,5,27,8,35,0.6775894340073788,0.9390120314142258
zic008_aec7,20260929,5,28,8,35,0.656660603485505,0.9324201473146019
zic008_aec7,20260929,5,29,8,35,0.6660543851599059,0.9409020658087003
zic008_aec7,20260929,5,30,8,35,0.6151193292698528,0.9100609772684083
zic008_aec7,20260929,5,31,8,35,0.6432931674605058,0.9231931009955495
zic008_aec7,20260929,5,32,8,35,0.5996444026520938,0.910841735852324
zic008_aec7,20260929,5,33,8,35,0.6194158176001197,0.9284901305280164
zic008_aec7,20260929,5,34,8,35,0.6526874114692904,0.9244751733621267
zic008_aec7,20260929,5,35,8,35,0.6464949837627556,0.9161043835353142
zic008_aec7,20260929,5,36,8,35,0.632114512702965,0.9254319374216963
zic008_aec7,20260929,5,37,8,35,0.6331074608879455,0.9207570403389336
zic008_aec7,20260929,5,38,8,35,0.6244448423198589,0.9148610060083
zic008_aec7,20260929,5,39,8,35,0.5954301988984442,0.9022839405674027
zic008_aec7,20260929,5,40,8,35,0.6052985221012581,0.9171030560041674
zic008_aec7,20260929,5,41,8,35,0.694023200609885,0.946938706880745
zic008_aec7,20260929,5,42,8,35,0.6930766396045797,0.945111115360191
zic008_aec7,20260929,5,43,8,35,0.6862400639461359,0.9390392745363257
zic008_aec7,20260929,5,44,8,35,0.6796299605959547,0.9385239697330869
zic008_aec7,20260929,5,45,8,35,0.6476716727152229,0.9201051005396342
zic008_aec7,20260929,5,46,8,35,0.626432066971239,0.906262534237957
zic008_aec7,20260929,5,47,8,35,0.6311708533335274,0.9247302208269166
zic008_aec7,20260929,5,48,8,35,0.6061930603363024,0.9105936851067855
zic008_aec7,20260929,5,49,8,35,0.6842470456241728,0.939005030523724
zic008_aec7,20260929,5,50,8,35,0.6349164357695303,0.9312910146785042
zic008_aec7,20260929,5,51,8,35,0.643168918020216,0.9346508149826733
zic008_aec7,20260929,5,52,8,35,0.6225406071136149,0.92950978407892
zic008_aec7,20260929,5,53,8,35,0.6144282439587256,0.9244896298329198
zic008_aec7,20260929,5,54,8,35,0.691372882842766,0.9457986577353794
zic008_aec7,20260929,5,55,8,35,0.6409748827223375,0.9316089785117379
zic008_aec7,20260929,6,0,8,35,0.6633609802745939,0.9264159371734506
zic008_aec7,20260929,6,1,8,35,0.6442788008771249,0.9266867756456993
zic008_aec7,20260929,6,2,8,35,0.6576086583477168,0.9270621011163663
zic008_aec7,20260929,6,3,8,35,0.6497951605511446,0.9247075871004348
zic008_aec7,20260929,6,4,8,35,0.6356188601131407,0.9188914644175963
zic008_aec7,20260929,6,5,8,35,0.6433239925405123,0.9351694421520433
zic008_aec7,20260929,6,6,8,35,0.6870407032266683,0.9332897204069507
zic008_aec7,20260929,6,7,8,35,0.695440735807548,0.9410956347321002
zic008_aec7,20260929,6,8,8,35,0.6828154540667021,0.9322955113218726
zic008_aec7,20260929,6,9,8,35,0.688816098513843,0.9426453285837074
zic008_aec7,20260929,6,10,8,35,0.659431551790775,0.9262151866420736
zic008_aec7,20260929,6,11,8,35,0.6498624141909458,0.9273046444080548
zic008_aec7,20260929,6,12,8,35,0.6445357500171551,0.9264607127212894
zic008_aec7,20260929,6,13,8,35,0.634609682566798,0.9274731481004074
zic008_aec7,20260929,6,14,8,35,0.6830668998170244,0.9271387473129015
zic008_aec7,20260929,6,15,8,35,0.644856325382349,0.9238420589885047
zic008_aec7,20260929,6,16,8,35,0.6704122939115532,0.9373167450890653
zic008_aec7,20260929,6,17,8,35,0.6377358373486329,0.9284182367803625
zic008_aec7,20260929,6,18,8,35,0.6515588920413732,0.9354891730836211
zic008_aec7,20260929,6,19,8,35,0.6849285134169358,0.9366123773749611
zic008_aec7,20260929,6,20,8,35,0.6585715804113116,0.9296636199176013
zic008_aec7,20260929,6,21,8,35,0.6718254230953306,0.9316819868694407
zic008_aec7,20260929,6,22,8,35,0.659062355156828,0.9279261764812224
zic008_aec7,20260929,6,23,8,35,0.6616798616745089,0.9298102695339742
zic008_aec7,20260929,6,24,8,35,0.6464429277461897,0.9313268715234184
zic008_aec7,20260929,6,25,8,35,0.7076014402311477,0.9448965938848163
zic008_aec7,20260929,6,26,8,35,0.6546889441183613,0.924299026409231
zic008_aec7,20260929,6,27,8,35,0.6698498654607733,0.937482044118916
zic008_aec7,20260929,7,0,8,35,0.6769378760526372,0.9308640814022577
zic008_aec7,20260929,7,1,8,35,0.6770208029499359,0.9372123090598896
zic008_aec7,20260929,7,2,8,35,0.6663758644192641,0.933308616499732
zic008_aec7,20260929,7,3,8,35,0.6666715245661781,0.937909626503652
zic008_aec7,20260929,7,4,8,35,0.7047316969002296,0.9377022223723697
zic008_aec7,20260929,7,5,8,35,0.6741971684266383,0.9359835554843531
zic008_aec7,20260929,7,6,8,35,0.6759000702115141,0.939680737827761
zic008_aec7,20260929,7,7,8,35,0.6825482161871055,0.9384023348512978
zic008_aec7,20260929,8,0,8,35,0.6947748845314359,0.9378764740706712
zic008_aec7,20260930,1,0,8,35,0.4163756624527635,0.8242008362611281
zic008_aec7,20260930,1,1,8,35,0.30196995270517324,0.7511204944269958
zic008_aec7,20260930,1,2,8,35,0.41388104639636836,0.8472244235736179
zic008_aec7,20260930,1,3,8,35,0.39500068818973594,0.8012526300618136
zic008_aec7,20260930,1,4,8,35,0.4329067275041558,0.7923157069730213
zic008_aec7,20260930,1,5,8,35,0.45552516034471285,0.8114903137368685
zic008_aec7,20260930,1,6,8,35,0.41811786425982145,0.7391673259549961
zic008_aec7,20260930,1,7,8,35,0.5194405536014932,0.8490471146839182
zic008_aec7,20260930,2,0,8,35,0.43089274410056677,0.7901250052286449
zic008_aec7,20260930,2,1,8,35,0.5330223479484072,0.8942032172885296
zic008_aec7,20260930,2,2,8,35,0.5244124792066711,0.8693538240784126
zic008_aec7,20260930,2,3,8,35,0.5233211095052498,0.8791863718736903
zic008_aec7,20260930,2,4,8,35,0.5489224177907098,0.8654383054194666
zic008_aec7,20260930,2,5,8,35,0.5101144752103152,0.8319384193741648
zic008_aec7,20260930,2,6,8,35,0.580380635405141,0.902669989849299
zic008_aec7,20260930,2,7,8,35,0.4591390851795983,0.8494753309477483
zic008_aec7,20260930,2,8,8,35,0.4582681679257429,0.8502264669383475
zic008_aec7,20260930,2,9,8,35,0.4103125866818675,0.8286904640505884
zic008_aec7,20260930,2,10,8,35,0.47269068704018724,0.8451576724988221
zic008_aec7,20260930,2,11,8,35,0.447001129292951,0.7944220583837076
zic008_aec7,20260930,2,12,8,35,0.47093703428185035,0.8662627253247525
zic008_aec7,20260930,2,13,8,35,0.5156623262365907,0.9166888185218213
zic008_aec7,20260930,2,14,8,35,0.5144208910495484,0.8994982702187421
zic008_aec7,20260930,2,15,8,35,0.5372944470778273,0.9156739510992529
zic008_aec7,20260930,2,16,8,35,0.5521381695994091,0.8659239869453397
zic008_aec7,20260930,2,17,8,35,0.5819921467848548,0.9432082702049672
zic008_aec7,20260930,2,18,8,35,0.49501550153991375,0.8494410515096218
zic008_aec7,20260930,2,19,8,35,0.5199848014292178,0.8323871101745555
zic008_aec7,20260930,2,20,8,35,0.5202420280114292,0.872436178649413
zic008_aec7,20260930,2,21,8,35,0.584518146790543,0.9102065059008477
zic008_aec7,20260930,2,22,8,35,0.5353165692515376,0.8802081678664009
zic008_aec7,20260930,2,23,8,35,0.49957065886274776,0.8658348918479745
zic008_aec7,20260930,2,24,8,35,0.5321733934897446,0.8993149398818719
zic008_aec7,20260930,2,25,8,35,0.5283571870784759,0.884246597204471
zic008_aec7,20260930,2,26,8,35,0.5954831683787569,0.9054529130453602
zic008_aec7,20260930,2,27,8,35,0.5463038335305709,0.8797485000762225
zic008_aec7,20260930,3,0,8,35,0.5149879937648542,0.8749373674305078
zic008_aec7,20260930,3,1,8,35,0.5317088717549586,0.8693504791710259
zic008_aec7,20260930,3,2,8,35,0.5095608783736514,0.8731300044165692
zic008_aec7,20260930,3,3,8,35,0.5400885968587171,0.8587357864938984
zic008_aec7,20260930,3,4,8,35,0.5100174135875867,0.829099379071707
zic008_aec7,20260930,3,5,8,35,0.5306393459514575,0.8942363533598883
zic008_aec7,20260930,3,6,8,35,0.5785245377776912,0.9220462671746593
zic008_aec7,20260930,3,7,8,35,0.5755430429364623,0.9229808476114225
zic008_aec7,20260930,3,8,8,35,0.5886969141537148,0.9235629348523835
zic008_aec7,20260930,3,9,8,35,0.5983623194734197,0.8884681465709848
zic008_aec7,20260930,3,10,8,35,0.6209107050399232,0.9492528442175593
zic008_aec7,20260930,3,11,8,35,0.571249362119805,0.9056555183765437
zic008_aec7,20260930,3,12,8,35,0.5817431882860304,0.8818690139148526
zic008_aec7,20260930,3,13,8,35,0.5587245616772917,0.889819465397695
zic008_aec7,20260930,3,14,8,35,0.6270177673239166,0.92660036773923
zic008_aec7,20260930,3,15,8,35,0.5856825063076065,0.9116233188114435
zic008_aec7,20260930,3,16,8,35,0.5745810939746969,0.893683308008083
zic008_aec7,20260930,3,17,8,35,0.6035398486709881,0.917482969284594
zic008_aec7,20260930,3,18,8,35,0.5845691701540079,0.9028659226924718
zic008_aec7,20260930,3,19,8,35,0.6327373714996194,0.9137288251921781
zic008_aec7,20260930,3,20,8,35,0.6041373198816604,0.917456942782069
zic008_aec7,20260930,3,21,8,35,0.5449832443999639,0.8934985683518215
zic008_aec7,20260930,3,22,8,35,0.5420577279184455,0.8929455512482019
zic008_aec7,20260930,3,23,8,35,0.541186728971541,0.8910014878729325
zic008_aec7,20260930,3,24,8,35,0.5624613778416903,0.8392022863351934
zic008_aec7,20260930,3,25,8,35,0.5353486633327319,0.9240222581666703
zic008_aec7,20260930,3,26,8,35,0.5182755875935189,0.8840678738759211
zic008_aec7,20260930,3,27,8,35,0.555622466582301,0.8758657797974941
zic008_aec7,20260930,3,28,8,35,0.5382935828994196,0.8639298307799986
zic008_aec7,20260930,3,29,8,35,0.5604600285182822,0.9146960765176643
zic008_aec7,20260930,3,30,8,35,0.5441926811375004,0.9020039114076168
zic008_aec7,20260930,3,31,8,35,0.525293473891996,0.8481680803667755
zic008_aec7,20260930,3,32,8,35,0.546207698033278,0.9073865705807822
zic008_aec7,20260930,3,33,8,35,0.544176640189622,0.8570021187912829
zic008_aec7,20260930,3,34,8,35,0.5685859214364947,0.9086156529003049
zic008_aec7,20260930,3,35,8,35,0.5561650576550354,0.878648511082427
zic008_aec7,20260930,3,36,8,35,0.5746826762395147,0.9219758155636895
zic008_aec7,20260930,3,37,8,35,0.58964176118519,0.904553189735607
zic008_aec7,20260930,3,38,8,35,0.595115244342466,0.9008842414363839
zic008_aec7,20260930,3,39,8,35,0.6230865319159617,0.9597966053446073
zic008_aec7,20260930,3,40,8,35,0.5811380140418134,0.9202491995665275
zic008_aec7,20260930,3,41,8,35,0.5902333483696844,0.9084451878521077
zic008_aec7,20260930,3,42,8,35,0.5866852264280134,0.9440887572567429
zic008_aec7,20260930,3,43,8,35,0.5946411940204321,0.911672543841617
zic008_aec7,20260930,3,44,8,35,0.6317978121792267,0.9445548538323143
zic008_aec7,20260930,3,45,8,35,0.5971309865398989,0.9290180753619769
zic008_aec7,20260930,3,46,8,35,0.566101596159104,0.8694521658043606
zic008_aec7,20260930,3,47,8,35,0.5748980787392217,0.9045620012179852
zic008_aec7,20260930,3,48,8,35,0.6043732241399745,0.9162155549081014
zic008_aec7,20260930,3,49,8,35,0.5811870401506966,0.9039040297427341
zic008_aec7,20260930,3,50,8,35,0.6390535324518084,0.9128033758832625
zic008_aec7,20260930,3,51,8,35,0.5917962982080467,0.9183618408475392
zic008_aec7,20260930,3,52,8,35,0.5795358899995696,0.9084575469002532
zic008_aec7,20260930,3,53,8,35,0.6286856247931587,0.9207574628061661
zic008_aec7,20260930,3,54,8,35,0.5952767652246787,0.9180365437830881
zic008_aec7,20260930,3,55,8,35,0.6213850911722201,0.9238935262325381
zic008_aec7,20260930,4,0,8,35,0.5864218707222424,0.8907413207809165
zic008_aec7,20260930,4,1,8,35,0.5798374046236421,0.9052393523808849
zic008_aec7,20260930,4,2,8,35,0.5831063801713071,0.8945170816035896
zic008_aec7,20260930,4,3,8,35,0.5966603260351463,0.859823331387795
zic008_aec7,20260930,4,4,8,35,0.5823806173473179,0.918740081197544
zic008_aec7,20260930,4,5,8,35,0.5751502514297498,0.9072881450623387
zic008_aec7,20260930,4,6,8,35,0.5902594683557764,0.8859915968309207
zic008_aec7,20260930,4,7,8,35,0.5806456982791781,0.886447022071905
zic008_aec7,20260930,4,8,8,35,0.5897669787592691,0.9160995210897546
zic008_aec7,20260930,4,9,8,35,0.5875654265950315,0.9077928395868635
zic008_aec7,20260930,4,10,8,35,0.5717831331711913,0.8819174188932598
zic008_aec7,20260930,4,11,8,35,0.58490258192917,0.9228772074172271
zic008_aec7,20260930,4,12,8,35,0.5779402749329983,0.867862758883393
zic008_aec7,20260930,4,13,8,35,0.5960439072917909,0.9036444177871527
zic008_aec7,20260930,4,14,8,35,0.5968876636675896,0.8918737357808015
zic008_aec7,20260930,4,15,8,35,0.613328548458311,0.9279445577873454
zic008_aec7,20260930,4,16,8,35,0.6273654544135077,0.9181332886129164
zic008_aec7,20260930,4,17,8,35,0.6210305752360842,0.9085368016888311
zic008_aec7,20260930,4,18,8,35,0.6492549951988321,0.9499897814085412
zic008_aec7,20260930,4,19,8,35,0.6177702709979416,0.930692356572086
zic008_aec7,20260930,4,20,8,35,0.6244749533639047,0.9209762653246991
zic008_aec7,20260930,4,21,8,35,0.6268981149146523,0.9537574827633999
zic008_aec7,20260930,4,22,8,35,0.6230595117581066,0.914179607282581
zic008_aec7,20260930,4,23,8,35,0.6532252264899091,0.9503210051534084
zic008_aec7,20260930,4,24,8,35,0.6285281013512594,0.929383345963852
zic008_aec7,20260930,4,25,8,35,0.6122387381021792,0.9031351395659127
zic008_aec7,20260930,4,26,8,35,0.6048525670426915,0.9200857582358279
zic008_aec7,20260930,4,27,8,35,0.6370601370006952,0.9333289160568794
zic008_aec7,20260930,4,28,8,35,0.610976653854463,0.9072219185844432
zic008_aec7,20260930,4,29,8,35,0.6569211417546011,0.9143103358446147
zic008_aec7,20260930,4,30,8,35,0.6215858007533139,0.9283619808809623
zic008_aec7,20260930,4,31,8,35,0.6168585800593981,0.9129534708797764
zic008_aec7,20260930,4,32,8,35,0.6572419478872678,0.9376790682554303
zic008_aec7,20260930,4,33,8,35,0.6351691682973782,0.9325759099987065
zic008_aec7,20260930,4,34,8,35,0.647496892660984,0.926409985269836
zic008_aec7,20260930,4,35,8,35,0.5900022209748744,0.9100081428938521
zic008_aec7,20260930,4,36,8,35,0.5904801114481772,0.899885696001413
zic008_aec7,20260930,4,37,8,35,0.6075537506794633,0.8800659961229967
zic008_aec7,20260930,4,38,8,35,0.5933832434922631,0.9420558153308157
zic008_aec7,20260930,4,39,8,35,0.5888445567484651,0.9236683262864603
zic008_aec7,20260930,4,40,8,35,0.5975450897014942,0.8845372166597155
zic008_aec7,20260930,4,41,8,35,0.5874512105867131,0.9476474180009896
zic008_aec7,20260930,4,42,8,35,0.5938844625544978,0.888438858331043
zic008_aec7,20260930,4,43,8,35,0.611886104179407,0.9302103406448488
zic008_aec7,20260930,4,44,8,35,0.5993699261322466,0.9135070615605304
zic008_aec7,20260930,4,45,8,35,0.594085803999804,0.9034564884504311
zic008_aec7,20260930,4,46,8,35,0.5909211774186247,0.9027064996442578
zic008_aec7,20260930,4,47,8,35,0.6014565430412021,0.9227801500189059
zic008_aec7,20260930,4,48,8,35,0.5996498300311405,0.8889121994127898
zic008_aec7,20260930,4,49,8,35,0.6250844931568572,0.9135289284788456
zic008_aec7,20260930,4,50,8,35,0.6122162914598596,0.9144455541306653
zic008_aec7,20260930,4,51,8,35,0.5949783850291289,0.8948211558145919
zic008_aec7,20260930,4,52,8,35,0.6198667452224903,0.9235695815443908
zic008_aec7,20260930,4,53,8,35,0.595803384579052,0.9081700571995257
zic008_aec7,20260930,4,54,8,35,0.6269787231823378,0.912687907034711
zic008_aec7,20260930,4,55,8,35,0.6150806007087415,0.931350929130293
zic008_aec7,20260930,4,56,8,35,0.6267285281823184,0.9225014541201424
zic008_aec7,20260930,4,57,8,35,0.620401955412399,0.9529053608892328
zic008_aec7,20260930,4,58,8,35,0.626083254190456,0.9149778786866377
zic008_aec7,20260930,4,59,8,35,0.6497426112715473,0.9479665462224204
zic008_aec7,20260930,4,60,8,35,0.6342534680670139,0.9433311771099927
zic008_aec7,20260930,4,61,8,35,0.616192038448659,0.9288759489459912
zic008_aec7,20260930,4,62,8,35,0.6356107584248836,0.9447991436824479
zic008_aec7,20260930,4,63,8,35,0.6326662327676594,0.9456790486141857
zic008_aec7,20260930,4,64,8,35,0.6515932900447279,0.94145416177498
zic008_aec7,20260930,4,65,8,35,0.6078986312015707,0.9159897194877783
zic008_aec7,20260930,4,66,8,35,0.6418221094572795,0.9223781059864927
zic008_aec7,20260930,4,67,8,35,0.6256265431960202,0.9315100479975905
zic008_aec7,20260930,4,68,8,35,0.6307232324595716,0.9284833940369033
zic008_aec7,20260930,4,69,8,35,0.6476227309568856,0.936662726004925
zic008_aec7,20260930,5,0,8,35,0.6178803141815175,0.9095366964495015
zic008_aec7,20260930,5,1,8,35,0.6187436138565563,0.91011098040569
zic008_aec7,20260930,5,2,8,35,0.6303841929484423,0.8972024691673256
zic008_aec7,20260930,5,3,8,35,0.6233444498360197,0.9340913728877589
zic008_aec7,20260930,5,4,8,35,0.6166451113806283,0.9162899998404053
zic008_aec7,20260930,5,5,8,35,0.6268681281728723,0.9032749798295969
zic008_aec7,20260930,5,6,8,35,0.6168149275931791,0.9501513029674438
zic008_aec7,20260930,5,7,8,35,0.6225040136256548,0.8941345428038078
zic008_aec7,20260930,5,8,8,35,0.6371781428218066,0.9299449179869325
zic008_aec7,20260930,5,9,8,35,0.624464635815654,0.9196141160097957
zic008_aec7,20260930,5,10,8,35,0.6201666979435982,0.9091341267850902
zic008_aec7,20260930,5,11,8,35,0.6125203769893294,0.9025415313429785
zic008_aec7,20260930,5,12,8,35,0.6338564380437972,0.9218998390045735
zic008_aec7,20260930,5,13,8,35,0.6220147625382861,0.8839796836593825
zic008_aec7,20260930,5,14,8,35,0.6405023653783974,0.9184373639099374
zic008_aec7,20260930,5,15,8,35,0.6352951605674421,0.9110685256012174
zic008_aec7,20260930,5,16,8,35,0.6183008536126615,0.9027057212184075
zic008_aec7,20260930,5,17,8,35,0.6379887571888041,0.9283916802336594
zic008_aec7,20260930,5,18,8,35,0.6315123942418869,0.9235060884591493
zic008_aec7,20260930,5,19,8,35,0.6472465998529237,0.9111966623135155
zic008_aec7,20260930,5,20,8,35,0.6407395773212227,0.9349304380581395
zic008_aec7,20260930,5,21,8,35,0.650678472905188,0.9292171684846338
zic008_aec7,20260930,5,22,8,35,0.6494584365223242,0.9561188055779541
zic008_aec7,20260930,5,23,8,35,0.6476158386466055,0.9181929973987888
zic008_aec7,20260930,5,24,8,35,0.6676461084444307,0.9446476508985853
zic008_aec7,20260930,5,25,8,35,0.6539298778996182,0.9437588148454336
zic008_aec7,20260930,5,26,8,35,0.6438172423118066,0.9201920090029573
zic008_aec7,20260930,5,27,8,35,0.6611716870295854,0.9537592363543421
zic008_aec7,20260930,5,28,8,35,0.6527292075183224,0.9565407775430642
zic008_aec7,20260930,5,29,8,35,0.666421998075613,0.9412678283059225
zic008_aec7,20260930,5,30,8,35,0.6323243183701674,0.9277679990475441
zic008_aec7,20260930,5,31,8,35,0.6627795418940305,0.9334594043317851
zic008_aec7,20260930,5,32,8,35,0.6443922790470257,0.9368474140664119
zic008_aec7,20260930,5,33,8,35,0.6538535695551987,0.9308391115884332
zic008_aec7,20260930,5,34,8,35,0.6667881315019966,0.9459329259954837
zic008_aec7,20260930,5,35,8,35,0.6209031902653785,0.9214395522649992
zic008_aec7,20260930,5,36,8,35,0.6338351250351285,0.9064699624144762
zic008_aec7,20260930,5,37,8,35,0.6221700668588787,0.9522213605896053
zic008_aec7,20260930,5,38,8,35,0.6298186968011753,0.8995494027150288
zic008_aec7,20260930,5,39,8,35,0.6406248369292808,0.9398124940184148
zic008_aec7,20260930,5,40,8,35,0.6333072286665397,0.9287483920855157
zic008_aec7,20260930,5,41,8,35,0.6149060137631832,0.8937167269695557
zic008_aec7,20260930,5,42,8,35,0.6345016084622925,0.948802759959679
zic008_aec7,20260930,5,43,8,35,0.6314984227070277,0.9337198656785771
zic008_aec7,20260930,5,44,8,35,0.6412893762097884,0.9235998785389851
zic008_aec7,20260930,5,45,8,35,0.6238147970347074,0.9116225189016995
zic008_aec7,20260930,5,46,8,35,0.6465699526779477,0.9306646154165495
zic008_aec7,20260930,5,47,8,35,0.6331820933378661,0.9219733742946412
zic008_aec7,20260930,5,48,8,35,0.6481638128070158,0.9184651006504422
zic008_aec7,20260930,5,49,8,35,0.6449352604573424,0.9315680332488083
zic008_aec7,20260930,5,50,8,35,0.642374441346467,0.928278033806729
zic008_aec7,20260930,5,51,8,35,0.6603522108249835,0.9534160795228687
zic008_aec7,20260930,5,52,8,35,0.6547278002366496,0.9505385285679201
zic008_aec7,20260930,5,53,8,35,0.6676012387756134,0.9499359287891153
zic008_aec7,20260930,5,54,8,35,0.6622821490382793,0.9539612448113066
zic008_aec7,20260930,5,55,8,35,0.6517789996661447,0.9402645825786647
zic008_aec7,20260930,6,0,8,35,0.6408872703536826,0.9198424590037544
zic008_aec7,20260930,6,1,8,35,0.65089812444487,0.9076143886516611
zic008_aec7,20260930,6,2,8,35,0.6444778361625317,0.9476678559271405
zic008_aec7,20260930,6,3,8,35,0.649638855991748,0.90868571254558
zic008_aec7,20260930,6,4,8,35,0.6566463769162294,0.9427981935143127
zic008_aec7,20260930,6,5,8,35,0.6505438431376238,0.9311149039666321
zic008_aec7,20260930,6,6,8,35,0.6401872024621769,0.9100343227914458
zic008_aec7,20260930,6,7,8,35,0.6579991795470956,0.9475396235274599
zic008_aec7,20260930,6,8,8,35,0.6485075358230966,0.938647850210404
zic008_aec7,20260930,6,9,8,35,0.6580175893997018,0.9229942537897372
zic008_aec7,20260930,6,10,8,35,0.6447695813188049,0.9135535063861848
zic008_aec7,20260930,6,11,8,35,0.6647155500562777,0.935411368845329
zic008_aec7,20260930,6,12,8,35,0.6534473306754878,0.9248283988100329
zic008_aec7,20260930,6,13,8,35,0.6610771987228381,0.9265532245244686
zic008_aec7,20260930,6,14,8,35,0.6620178716053506,0.9338360235930437
zic008_aec7,20260930,6,15,8,35,0.6605506924390222,0.9350115245175723
zic008_aec7,20260930,6,16,8,35,0.6766229967642039,0.9551241343917719
zic008_aec7,20260930,6,17,8,35,0.6693521491491924,0.9502227442166117
zic008_aec7,20260930,6,18,8,35,0.6775059182487323,0.94363510188816
zic008_aec7,20260930,6,19,8,35,0.6791110153747338,0.9586872398653034
zic008_aec7,20260930,6,20,8,35,0.6694773372181814,0.9431064943179516
zic008_aec7,20260930,6,21,8,35,0.6421607153646304,0.9128367763034909
zic008_aec7,20260930,6,22,8,35,0.6573230040068376,0.9466703146207684
zic008_aec7,20260930,6,23,8,35,0.6543885802517565,0.9408535823286587
zic008_aec7,20260930,6,24,8,35,0.6593302842465004,0.9344391262607499
zic008_aec7,20260930,6,25,8,35,0.657579209307306,0.9426420108201439
zic008_aec7,20260930,6,26,8,35,0.6630458128772323,0.9361223187190036
zic008_aec7,20260930,6,27,8,35,0.6771662369333716,0.9558160680100191
zic008_aec7,20260930,7,0,8,35,0.6594199769219866,0.9189159152447426
zic008_aec7,20260930,7,1,8,35,0.6730589877355658,0.9463793572536524
zic008_aec7,20260930,7,2,8,35,0.666776646800196,0.941335662266221
zic008_aec7,20260930,7,3,8,35,0.6707596275265416,0.9322202655587675
zic008_aec7,20260930,7,4,8,35,0.6740554364064274,0.9421450840566862
zic008_aec7,20260930,7,5,8,35,0.6763744595106482,0.9298078316876
zic008_aec7,20260930,7,6,8,35,0.6886924563461936,0.9547225082696831
zic008_aec7,20260930,7,7,8,35,0.6724951097838422,0.9442266006692558
zic008_aec7,20260930,8,0,8,35,0.6841651045045625,0.9425241805975836
zic008_aec7,20260931,1,0,8,35,0.41298326647048067,0.8460638838550746
zic008_aec7,20260931,1,1,8,35,0.4412377003542458,0.8827300812091564
zic008_aec7,20260931,1,2,8,35,0.374850335738399,0.8150924596445485
zic008_aec7,20260931,1,3,8,35,0.439016626733059,0.8526899056386043
zic008_aec7,20260931,1,4,8,35,0.44131038460781574,0.77011551882174
zic008_aec7,20260931,1,5,8,35,0.435898683917633,0.7858850336353892
zic008_aec7,20260931,1,6,8,35,0.431150313284507,0.840783199104733
zic008_aec7,20260931,1,7,8,35,0.4439503115211606,0.8608249156759104
zic008_aec7,20260931,2,0,8,35,0.5248253871382309,0.9101159881643286
zic008_aec7,20260931,2,1,8,35,0.5003906096757883,0.8914841686974315
zic008_aec7,20260931,2,2,8,35,0.5256016102613374,0.9127233916293025
zic008_aec7,20260931,2,3,8,35,0.5421475292839784,0.9036847347328291
zic008_aec7,20260931,2,4,8,35,0.5332134735521967,0.8924763318175494
zic008_aec7,20260931,2,5,8,35,0.5215616329144628,0.8898156077456363
zic008_aec7,20260931,2,6,8,35,0.573709023947023,0.9187968442666976
zic008_aec7,20260931,2,7,8,35,0.49542367015828287,0.8744857411723034
zic008_aec7,20260931,2,8,8,35,0.5466231177916479,0.9264394251978993
zic008_aec7,20260931,2,9,8,35,0.5477904506853143,0.8779800444413527
zic008_aec7,20260931,2,10,8,35,0.5362903634854094,0.8456389446515167
zic008_aec7,20260931,2,11,8,35,0.5461435349261246,0.887591085915237
zic008_aec7,20260931,2,12,8,35,0.5928079761440654,0.9346530854586038
zic008_aec7,20260931,2,13,8,35,0.5058954949484966,0.89234299905563
zic008_aec7,20260931,2,14,8,35,0.5223741796262651,0.7945421377970553
zic008_aec7,20260931,2,15,8,35,0.4957125901191967,0.7975483519506938
zic008_aec7,20260931,2,16,8,35,0.5040644249926196,0.8619762809598026
zic008_aec7,20260931,2,17,8,35,0.5687430017647774,0.9142622658159849
zic008_aec7,20260931,2,18,8,35,0.5421299132574909,0.8724135723812242
zic008_aec7,20260931,2,19,8,35,0.5377627291590273,0.8685946255846457
zic008_aec7,20260931,2,20,8,35,0.5288158081344051,0.8704107473123218
zic008_aec7,20260931,2,21,8,35,0.5740672195330546,0.90472050707427
zic008_aec7,20260931,2,22,8,35,0.5275217654106784,0.8139663801423559
zic008_aec7,20260931,2,23,8,35,0.5247103155713432,0.8575079182571594
zic008_aec7,20260931,2,24,8,35,0.5766435858468428,0.9043890556523915
zic008_aec7,20260931,2,25,8,35,0.5328270558703435,0.8358277458557649
zic008_aec7,20260931,2,26,8,35,0.5522149720933635,0.9228030489150475
zic008_aec7,20260931,2,27,8,35,0.5725744034889018,0.9073791406845594
zic008_aec7,20260931,3,0,8,35,0.5604315733162734,0.9088474421182144
zic008_aec7,20260931,3,1,8,35,0.5954898240102469,0.9508125345351233
zic008_aec7,20260931,3,2,8,35,0.6029451424965909,0.9316493826089343
zic008_aec7,20260931,3,3,8,35,0.5813157934378625,0.9004402808016161
zic008_aec7,20260931,3,4,8,35,0.5854123188961841,0.9247654559779198
zic008_aec7,20260931,3,5,8,35,0.6438404550790598,0.9459001871064825
zic008_aec7,20260931,3,6,8,35,0.5726926123674964,0.933250318876442
zic008_aec7,20260931,3,7,8,35,0.583543328957026,0.8917144063075503
zic008_aec7,20260931,3,8,8,35,0.5609695756940994,0.8817759909793349
zic008_aec7,20260931,3,9,8,35,0.5700893509114517,0.9149388814174736
zic008_aec7,20260931,3,10,8,35,0.6239716425857978,0.9318744446898282
zic008_aec7,20260931,3,11,8,35,0.6046220281238681,0.9224834133305627
zic008_aec7,20260931,3,12,8,35,0.5884475214788195,0.922483854646245
zic008_aec7,20260931,3,13,8,35,0.5913324592538315,0.9146419725777571
zic008_aec7,20260931,3,14,8,35,0.6226266172200552,0.9453800383072859
zic008_aec7,20260931,3,15,8,35,0.594928567582135,0.8876141116339256
zic008_aec7,20260931,3,16,8,35,0.594067707460889,0.9025009996375256
zic008_aec7,20260931,3,17,8,35,0.6202966606398053,0.9493420677869542
zic008_aec7,20260931,3,18,8,35,0.6033330315186517,0.8956872177057688
zic008_aec7,20260931,3,19,8,35,0.6191118403182039,0.9352869723011938
zic008_aec7,20260931,3,20,8,35,0.6176826467325314,0.9442939791290799
zic008_aec7,20260931,3,21,8,35,0.5624954911382355,0.9134874338665475
zic008_aec7,20260931,3,22,8,35,0.5796838643470993,0.8754415196557541
zic008_aec7,20260931,3,23,8,35,0.5442058390586031,0.8613621709502668
zic008_aec7,20260931,3,24,8,35,0.5579538287695579,0.885849826272207
zic008_aec7,20260931,3,25,8,35,0.6084670284684057,0.9286377469133243
zic008_aec7,20260931,3,26,8,35,0.5998184069071877,0.9107304488361122
zic008_aec7,20260931,3,27,8,35,0.601535138390934,0.8940256430746231
zic008_aec7,20260931,3,28,8,35,0.6036424298725916,0.9052679942141726
zic008_aec7,20260931,3,29,8,35,0.6157168482278069,0.9442729701561196
zic008_aec7,20260931,3,30,8,35,0.5812573049299241,0.8608005817584977
zic008_aec7,20260931,3,31,8,35,0.603667277550327,0.8956716468806878
zic008_aec7,20260931,3,32,8,35,0.6217648638291576,0.9304505233196065
zic008_aec7,20260931,3,33,8,35,0.5911139508086818,0.8867132760077437
zic008_aec7,20260931,3,34,8,35,0.5992878998400321,0.9312603933821059
zic008_aec7,20260931,3,35,8,35,0.6239606846343333,0.9386968546096257
zic008_aec7,20260931,3,36,8,35,0.5790627097462778,0.8920210506056618
zic008_aec7,20260931,3,37,8,35,0.5696406539087162,0.8696057012134307
zic008_aec7,20260931,3,38,8,35,0.5730119601857367,0.9063101179182036
zic008_aec7,20260931,3,39,8,35,0.5837449921381116,0.945500423415101
zic008_aec7,20260931,3,40,8,35,0.5624793313915579,0.8145108675735575
zic008_aec7,20260931,3,41,8,35,0.5824133747862081,0.8846612439223984
zic008_aec7,20260931,3,42,8,35,0.5886056061554713,0.9004436852020647
zic008_aec7,20260931,3,43,8,35,0.5668818799102073,0.8612664389113364
zic008_aec7,20260931,3,44,8,35,0.5702080840877705,0.9040493524617985
zic008_aec7,20260931,3,45,8,35,0.5941973749803928,0.9359667654524751
zic008_aec7,20260931,3,46,8,35,0.5747955956543306,0.8778178745751879
zic008_aec7,20260931,3,47,8,35,0.58233201208208,0.8891281785694731
zic008_aec7,20260931,3,48,8,35,0.6198997640757133,0.9239488887883454
zic008_aec7,20260931,3,49,8,35,0.589777745997562,0.8755651577772171
zic008_aec7,20260931,3,50,8,35,0.5997458144415538,0.9334050173115089
zic008_aec7,20260931,3,51,8,35,0.6227248119823521,0.9244597850165706
zic008_aec7,20260931,3,52,8,35,0.5706601089210513,0.8568297188521037
zic008_aec7,20260931,3,53,8,35,0.6057280298044248,0.8966129776987027
zic008_aec7,20260931,3,54,8,35,0.5993863411927862,0.9128058614940278
zic008_aec7,20260931,3,55,8,35,0.60790686255149,0.9208581481220188
zic008_aec7,20260931,4,0,8,35,0.6096334997964358,0.9389947739109733
zic008_aec7,20260931,4,1,8,35,0.6160944434606536,0.9156636462828525
zic008_aec7,20260931,4,2,8,35,0.5889295853184021,0.8997050312779689
zic008_aec7,20260931,4,3,8,35,0.6133989225157155,0.9305714310409047
zic008_aec7,20260931,4,4,8,35,0.6452775658929732,0.942892509824336
zic008_aec7,20260931,4,5,8,35,0.6404992159905696,0.9442078427879009
zic008_aec7,20260931,4,6,8,35,0.6224030722458901,0.9308225917345716
zic008_aec7,20260931,4,7,8,35,0.6267920542349377,0.9312806475104698
zic008_aec7,20260931,4,8,8,35,0.6616857904795996,0.9557886513494108
zic008_aec7,20260931,4,9,8,35,0.6260403999556234,0.9002577851223766
zic008_aec7,20260931,4,10,8,35,0.6322585103383359,0.9299041862272723
zic008_aec7,20260931,4,11,8,35,0.6629660850774991,0.9502432613590382
zic008_aec7,20260931,4,12,8,35,0.6248697180505318,0.9035013387238272
zic008_aec7,20260931,4,13,8,35,0.6426761291479225,0.9341456390177693
zic008_aec7,20260931,4,14,8,35,0.6618111288554565,0.9561243401783002
zic008_aec7,20260931,4,15,8,35,0.6190134680781497,0.9233988499883312
zic008_aec7,20260931,4,16,8,35,0.6106086084221959,0.9060898617722097
zic008_aec7,20260931,4,17,8,35,0.617301012096859,0.9331356010769224
zic008_aec7,20260931,4,18,8,35,0.634331362717762,0.9547347082266143
zic008_aec7,20260931,4,19,8,35,0.6092548673266667,0.876740995581293
zic008_aec7,20260931,4,20,8,35,0.6128853444588465,0.9148767925379094
zic008_aec7,20260931,4,21,8,35,0.6384914879441499,0.9482715194628082
zic008_aec7,20260931,4,22,8,35,0.6086143574492863,0.8982997537398342
zic008_aec7,20260931,4,23,8,35,0.6177242884434154,0.9402756583453032
zic008_aec7,20260931,4,24,8,35,0.6404925889368379,0.9440274171165036
zic008_aec7,20260931,4,25,8,35,0.6272426965789857,0.9112405615750592
zic008_aec7,20260931,4,26,8,35,0.6260214149974894,0.9236765873612883
zic008_aec7,20260931,4,27,8,35,0.6410294423090086,0.9440487830541014
zic008_aec7,20260931,4,28,8,35,0.6360130831531785,0.9074595753117728
zic008_aec7,20260931,4,29,8,35,0.646293199973269,0.9515651029796152
zic008_aec7,20260931,4,30,8,35,0.6367632286672222,0.9444317478415594
zic008_aec7,20260931,4,31,8,35,0.6198588759742097,0.9078345007025616
zic008_aec7,20260931,4,32,8,35,0.6471852155667477,0.9330902022357269
zic008_aec7,20260931,4,33,8,35,0.6370538982817245,0.9417344141986513
zic008_aec7,20260931,4,34,8,35,0.6470923209148668,0.9396758468107623
zic008_aec7,20260931,4,35,8,35,0.6225181484620324,0.9132777846500646
zic008_aec7,20260931,4,36,8,35,0.5989383680352371,0.8976990678416495
zic008_aec7,20260931,4,37,8,35,0.6077610996003758,0.9130450332078641
zic008_aec7,20260931,4,38,8,35,0.621036331576184,0.9553727101946244
zic008_aec7,20260931,4,39,8,35,0.6097845936615522,0.8489156155416305
zic008_aec7,20260931,4,40,8,35,0.6170014211439698,0.8850780938079755
zic008_aec7,20260931,4,41,8,35,0.6170666751822853,0.9308731550549308
zic008_aec7,20260931,4,42,8,35,0.5954693013118328,0.879259983343591
zic008_aec7,20260931,4,43,8,35,0.6044418359324647,0.9125615891716056
zic008_aec7,20260931,4,44,8,35,0.6212910705869366,0.9330114743401392
zic008_aec7,20260931,4,45,8,35,0.6191505783742572,0.8917598790323851
zic008_aec7,20260931,4,46,8,35,0.6338519933175351,0.914381816106336
zic008_aec7,20260931,4,47,8,35,0.6520253905393711,0.9436836260197401
zic008_aec7,20260931,4,48,8,35,0.6232280554187546,0.9073208830757956
zic008_aec7,20260931,4,49,8,35,0.6261611691708472,0.9434923001676386
zic008_aec7,20260931,4,50,8,35,0.65647145720643,0.94581506966064
zic008_aec7,20260931,4,51,8,35,0.6214588637375378,0.8738202572295773
zic008_aec7,20260931,4,52,8,35,0.631588500960511,0.9110468440000936
zic008_aec7,20260931,4,53,8,35,0.6476125462281302,0.93913352920533
zic008_aec7,20260931,4,54,8,35,0.6372392110080933,0.9120974056928929
zic008_aec7,20260931,4,55,8,35,0.6055170990310302,0.8911772827650657
zic008_aec7,20260931,4,56,8,35,0.6225247979509438,0.8977129929853811
zic008_aec7,20260931,4,57,8,35,0.6268263243343233,0.9324175592495968
zic008_aec7,20260931,4,58,8,35,0.6109829589740674,0.884163972688168
zic008_aec7,20260931,4,59,8,35,0.604258624350311,0.9244738228816692
zic008_aec7,20260931,4,60,8,35,0.6330861517406141,0.9349398443767499
zic008_aec7,20260931,4,61,8,35,0.6032286413664885,0.8786638864443068
zic008_aec7,20260931,4,62,8,35,0.6148564884215826,0.9122456984239812
zic008_aec7,20260931,4,63,8,35,0.6163447754983996,0.9241955786319461
zic008_aec7,20260931,4,64,8,35,0.6155963147323767,0.9151516687802601
zic008_aec7,20260931,4,65,8,35,0.6131334331223306,0.8846232703411183
zic008_aec7,20260931,4,66,8,35,0.6375573880957978,0.9347794572546443
zic008_aec7,20260931,4,67,8,35,0.6333167989881752,0.9329311708577166
zic008_aec7,20260931,4,68,8,35,0.645353638809882,0.921149680493161
zic008_aec7,20260931,4,69,8,35,0.6308184604605841,0.9099126081151201
zic008_aec7,20260931,5,0,8,35,0.6472254891645396,0.9461334869604707
zic008_aec7,20260931,5,1,8,35,0.6287776005653587,0.9269575463512904
zic008_aec7,20260931,5,2,8,35,0.6492512120015644,0.9418839277769322
zic008_aec7,20260931,5,3,8,35,0.6564869484046629,0.9526296730968498
zic008_aec7,20260931,5,4,8,35,0.6373638801626711,0.89179304963995
zic008_aec7,20260931,5,5,8,35,0.647962893905911,0.9032326589215735
zic008_aec7,20260931,5,6,8,35,0.6589053899065632,0.9500758519642132
zic008_aec7,20260931,5,7,8,35,0.6332558540786783,0.9044215501393453
zic008_aec7,20260931,5,8,8,35,0.6397564783951747,0.9451523017113592
zic008_aec7,20260931,5,9,8,35,0.6603527657429149,0.9475458561309709
zic008_aec7,20260931,5,10,8,35,0.6518243244413691,0.933426731713663
zic008_aec7,20260931,5,11,8,35,0.6550341448355232,0.9384328305504074
zic008_aec7,20260931,5,12,8,35,0.6791049889179704,0.9525095402701392
zic008_aec7,20260931,5,13,8,35,0.6531557689844383,0.9166284601730028
zic008_aec7,20260931,5,14,8,35,0.6658163147312832,0.9507151695440552
zic008_aec7,20260931,5,15,8,35,0.6747755385995655,0.9465094527752872
zic008_aec7,20260931,5,16,8,35,0.6534586066558975,0.9009660640454622
zic008_aec7,20260931,5,17,8,35,0.6675939490425423,0.9359116882960252
zic008_aec7,20260931,5,18,8,35,0.6735691255021307,0.9501883085261382
zic008_aec7,20260931,5,19,8,35,0.6715033307321939,0.9374466437895604
zic008_aec7,20260931,5,20,8,35,0.6342791485063995,0.9122078644058428
zic008_aec7,20260931,5,21,8,35,0.6377654575391558,0.9281369495605737
zic008_aec7,20260931,5,22,8,35,0.6614280783423772,0.9540919797969949
zic008_aec7,20260931,5,23,8,35,0.6385652467724962,0.916544365720771
zic008_aec7,20260931,5,24,8,35,0.6453485604675286,0.9416214213964575
zic008_aec7,20260931,5,25,8,35,0.663238873917741,0.9543437939230752
zic008_aec7,20260931,5,26,8,35,0.6289761138205825,0.8950152448024485
zic008_aec7,20260931,5,27,8,35,0.6489290391202992,0.9220297579037059
zic008_aec7,20260931,5,28,8,35,0.6494869549036977,0.9428699670129216
zic008_aec7,20260931,5,29,8,35,0.6534437979276805,0.9283112018827415
zic008_aec7,20260931,5,30,8,35,0.6462148125568106,0.9119586869174425
zic008_aec7,20260931,5,31,8,35,0.6623978000352699,0.9402184200739528
zic008_aec7,20260931,5,32,8,35,0.6489572762631403,0.9452304058121339
zic008_aec7,20260931,5,33,8,35,0.6604260178187784,0.9478501325425609
zic008_aec7,20260931,5,34,8,35,0.6548484913186291,0.9360354715721096
zic008_aec7,20260931,5,35,8,35,0.6405156500601925,0.8957306859345963
zic008_aec7,20260931,5,36,8,35,0.6446499170967946,0.9089368841624731
zic008_aec7,20260931,5,37,8,35,0.6483374696743194,0.9400154646735578
zic008_aec7,20260931,5,38,8,35,0.6308130982365845,0.8977826376540468
zic008_aec7,20260931,5,39,8,35,0.6252453567207468,0.9351535295693405
zic008_aec7,20260931,5,40,8,35,0.6530615569628726,0.9315617571933035
zic008_aec7,20260931,5,41,8,35,0.6286820424045266,0.8825774026801096
zic008_aec7,20260931,5,42,8,35,0.6321712923912187,0.904939324684258
zic008_aec7,20260931,5,43,8,35,0.6514018121715046,0.9294098871115932
zic008_aec7,20260931,5,44,8,35,0.636140287981973,0.9199804298987044
zic008_aec7,20260931,5,45,8,35,0.650706786249762,0.892692043317632
zic008_aec7,20260931,5,46,8,35,0.6560631914407897,0.9263215923899544
zic008_aec7,20260931,5,47,8,35,0.6702467298220448,0.9457137740671898
zic008_aec7,20260931,5,48,8,35,0.6626836583335198,0.9304163167908907
zic008_aec7,20260931,5,49,8,35,0.6546110083309207,0.9153499487710762
zic008_aec7,20260931,5,50,8,35,0.6338384961063369,0.8925691733038258
zic008_aec7,20260931,5,51,8,35,0.6427402276645022,0.927445640484029
zic008_aec7,20260931,5,52,8,35,0.6426839806755491,0.9285447346768985
zic008_aec7,20260931,5,53,8,35,0.6447666394122274,0.9132267805861479
zic008_aec7,20260931,5,54,8,35,0.6383757653580094,0.9063610306788007
zic008_aec7,20260931,5,55,8,35,0.6505914872711064,0.9201472156671459
zic008_aec7,20260931,6,0,8,35,0.6613790129553672,0.9080871079448816
zic008_aec7,20260931,6,1,8,35,0.6630781579687915,0.9361261756050107
zic008_aec7,20260931,6,2,8,35,0.6783322418724604,0.9560308787196402
zic008_aec7,20260931,6,3,8,35,0.6579492419178387,0.9258708488984781
zic008_aec7,20260931,6,4,8,35,0.6631538793596113,0.9476640014458327
zic008_aec7,20260931,6,5,8,35,0.680756700949319,0.9487152431970206
zic008_aec7,20260931,6,6,8,35,0.6554859791576495,0.903700203411899
zic008_aec7,20260931,6,7,8,35,0.6654499190956927,0.9212794986163192
zic008_aec7,20260931,6,8,8,35,0.6742478961901798,0.9471036931586976
zic008_aec7,20260931,6,9,8,35,0.6692967239352188,0.93419094058262
zic008_aec7,20260931,6,10,8,35,0.6730849582086236,0.923636886472622
zic008_aec7,20260931,6,11,8,35,0.6832809222402337,0.9444787687201446
zic008_aec7,20260931,6,12,8,35,0.6816135991030142,0.9516350247307908
zic008_aec7,20260931,6,13,8,35,0.6851934064456183,0.9443208914504492
zic008_aec7,20260931,6,14,8,35,0.678083672197527,0.9324441069930691
zic008_aec7,20260931,6,15,8,35,0.6507825783980776,0.9131867343906599
zic008_aec7,20260931,6,16,8,35,0.6676334211060859,0.9445231585953573
zic008_aec7,20260931,6,17,8,35,0.6665778327451031,0.9473352095601827
zic008_aec7,20260931,6,18,8,35,0.672806363793432,0.9355005563847065
zic008_aec7,20260931,6,19,8,35,0.6582534531186742,0.9299962175469668
zic008_aec7,20260931,6,20,8,35,0.6683914587715616,0.9384987039618473
zic008_aec7,20260931,6,21,8,35,0.6527815386635293,0.8882847861748386
zic008_aec7,20260931,6,22,8,35,0.6563710933065581,0.922492823869427
zic008_aec7,20260931,6,23,8,35,0.6707885717881666,0.9373774953005363
zic008_aec7,20260931,6,24,8,35,0.6608919228445282,0.9261356650492634
zic008_aec7,20260931,6,25,8,35,0.6564745105040036,0.8985269284502786
zic008_aec7,20260931,6,26,8,35,0.6757201495321732,0.924879125085571
zic008_aec7,20260931,6,27,8,35,0.6578321951534675,0.908481475441707
zic008_aec7,20260931,7,0,8,35,0.6726438267170894,0.918723177833717
zic008_aec7,20260931,7,1,8,35,0.6817008721890752,0.9465640448874479
zic008_aec7,20260931,7,2,8,35,0.6876660866738502,0.9516715119588313
zic008_aec7,20260931,7,3,8,35,0.6858239407294311,0.9384961892448959
zic008_aec7,20260931,7,4,8,35,0.6770547496156684,0.9294463603503557
zic008_aec7,20260931,7,5,8,35,0.6881995002446335,0.9435797027288632
zic008_aec7,20260931,7,6,8,35,0.6738781563716406,0.9350333607581047
zic008_aec7,20260931,7,7,8,35,0.6746943907742995,0.9179777735234853
zic008_aec7,20260931,8,0,8,35,0.6903235882620659,0.936385963857444
zic008_aec7,20260932,1,0,8,35,0.4487809971093727,0.8478843303599307
zic008_aec7,20260932,1,1,8,35,0.3506033293236201,0.7749787229999576
zic008_aec7,20260932,1,2,8,35,0.4856907994506997,0.871670070476486
zic008_aec7,20260932,1,3,8,35,0.4717361443755855,0.8569678269996216
zic008_aec7,20260932,1,4,8,35,0.5016567492030843,0.9090068546006216
zic008_aec7,20260932,1,5,8,35,0.19478125186317824,0.5721737676444476
zic008_aec7,20260932,1,6,8,35,0.4541392043857901,0.8891902162808436
zic008_aec7,20260932,1,7,8,35,0.448815597193949,0.7770960940621209
zic008_aec7,20260932,2,0,8,35,0.5282918620259779,0.8952396109323547
zic008_aec7,20260932,2,1,8,35,0.5638956969608194,0.9221713037848128
zic008_aec7,20260932,2,2,8,35,0.5663067465014413,0.9073954271707316
zic008_aec7,20260932,2,3,8,35,0.5911929476554908,0.9374653911261461
zic008_aec7,20260932,2,4,8,35,0.32281554716686706,0.7880473173331318
zic008_aec7,20260932,2,5,8,35,0.5505098444567806,0.9314904137299235
zic008_aec7,20260932,2,6,8,35,0.528630551050859,0.8555228511089693
zic008_aec7,20260932,2,7,8,35,0.530473747167911,0.8612643045903772
zic008_aec7,20260932,2,8,8,35,0.5369639745093832,0.8558801534123458
zic008_aec7,20260932,2,9,8,35,0.5385570764303373,0.9028469229110256
zic008_aec7,20260932,2,10,8,35,0.32323839738282034,0.8346677915584392
zic008_aec7,20260932,2,11,8,35,0.48716551535632585,0.8822972736308273
zic008_aec7,20260932,2,12,8,35,0.5004077329592593,0.8513718759748801
zic008_aec7,20260932,2,13,8,35,0.5714742458138847,0.8989444206619313
zic008_aec7,20260932,2,14,8,35,0.6158124022044134,0.9528311259468613
zic008_aec7,20260932,2,15,8,35,0.360289372218465,0.8386403122587679
zic008_aec7,20260932,2,16,8,35,0.562427071389681,0.931753046284722
zic008_aec7,20260932,2,17,8,35,0.5890383490809566,0.8718347581608487
zic008_aec7,20260932,2,18,8,35,0.6116944152694764,0.9204663203534686
zic008_aec7,20260932,2,19,8,35,0.3617818527257027,0.8721921848318864
zic008_aec7,20260932,2,20,8,35,0.56982211447657,0.8977188225137054
zic008_aec7,20260932,2,21,8,35,0.5616372846860836,0.8517599100679516
zic008_aec7,20260932,2,22,8,35,0.3865926640639417,0.8092280210587325
zic008_aec7,20260932,2,23,8,35,0.5704478982429154,0.9094919512871403
zic008_aec7,20260932,2,24,8,35,0.5883155760761023,0.8861866133861852
zic008_aec7,20260932,2,25,8,35,0.38234490248341085,0.8625478138358356
zic008_aec7,20260932,2,26,8,35,0.3614631589907591,0.841216042158247
zic008_aec7,20260932,2,27,8,35,0.5447279282533972,0.9008168253385358
zic008_aec7,20260932,3,0,8,35,0.6164642141844965,0.9293539594434855
zic008_aec7,20260932,3,1,8,35,0.6184961689176752,0.9072755159188008
zic008_aec7,20260932,3,2,8,35,0.6030763481495766,0.9398222697697401
zic008_aec7,20260932,3,3,8,35,0.4441869720450699,0.8884555467664171
zic008_aec7,20260932,3,4,8,35,0.5769553167203417,0.9244500896254756
zic008_aec7,20260932,3,5,8,35,0.5701963239527987,0.8931147502500705
zic008_aec7,20260932,3,6,8,35,0.634854593084129,0.9314835804800681
zic008_aec7,20260932,3,7,8,35,0.6512488404643441,0.9576041992806759
zic008_aec7,20260932,3,8,8,35,0.45587174787531004,0.9107040324701414
zic008_aec7,20260932,3,9,8,35,0.6365983490796865,0.9487023162432848
zic008_aec7,20260932,3,10,8,35,0.6219294354365221,0.9147784159711106
zic008_aec7,20260932,3,11,8,35,0.647203116358872,0.9466554942064841
zic008_aec7,20260932,3,12,8,35,0.4568794082044969,0.9120733846321386
zic008_aec7,20260932,3,13,8,35,0.6385452895498667,0.9256239856801843
zic008_aec7,20260932,3,14,8,35,0.6170748239911805,0.9104651634698158
zic008_aec7,20260932,3,15,8,35,0.46234833334052344,0.887822934627623
zic008_aec7,20260932,3,16,8,35,0.6270356605519376,0.9456256118976304
zic008_aec7,20260932,3,17,8,35,0.6163118116924754,0.9090566388685655
zic008_aec7,20260932,3,18,8,35,0.47962617870213814,0.9101437626183827
zic008_aec7,20260932,3,19,8,35,0.4407105380958582,0.8794478963413828
zic008_aec7,20260932,3,20,8,35,0.6116358871670826,0.9226329166174407
zic008_aec7,20260932,3,21,8,35,0.6046214694600448,0.8958729371220547
zic008_aec7,20260932,3,22,8,35,0.6043884098328984,0.9293848967119599
zic008_aec7,20260932,3,23,8,35,0.4375541120062418,0.9097332354800526
zic008_aec7,20260932,3,24,8,35,0.5625511898389791,0.9155074481516207
zic008_aec7,20260932,3,25,8,35,0.5675705038439148,0.8801934053472256
zic008_aec7,20260932,3,26,8,35,0.603244113129831,0.9143313463670428
zic008_aec7,20260932,3,27,8,35,0.4384840641513158,0.9183314460513277
zic008_aec7,20260932,3,28,8,35,0.5702459105117126,0.9131016710428422
zic008_aec7,20260932,3,29,8,35,0.5763303648114815,0.8805448452049971
zic008_aec7,20260932,3,30,8,35,0.45401285819709974,0.9063333959055302
zic008_aec7,20260932,3,31,8,35,0.5915125535405928,0.9164201587814151
zic008_aec7,20260932,3,32,8,35,0.5744150280267479,0.8926254181663686
zic008_aec7,20260932,3,33,8,35,0.45906939819311443,0.9184897851296964
zic008_aec7,20260932,3,34,8,35,0.44420873099084723,0.9023565580543311
zic008_aec7,20260932,3,35,8,35,0.5634145427847218,0.9065454209226964
zic008_aec7,20260932,3,36,8,35,0.6724744964854561,0.9362791564728167
zic008_aec7,20260932,3,37,8,35,0.47297830731768076,0.9196405434151659
zic008_aec7,20260932,3,38,8,35,0.6419480748413665,0.9219818430932999
zic008_aec7,20260932,3,39,8,35,0.6296824481637919,0.8978484097990391
zic008_aec7,20260932,3,40,8,35,0.4945092411575323,0.9190680873713595
zic008_aec7,20260932,3,41,8,35,0.6332620149497811,0.949484447345631
zic008_aec7,20260932,3,42,8,35,0.6642367178442745,0.9317111110759294
zic008_aec7,20260932,3,43,8,35,0.49749514922101035,0.9407486752003005
zic008_aec7,20260932,3,44,8,35,0.4804759417605077,0.9076765674178331
zic008_aec7,20260932,3,45,8,35,0.6289475761422775,0.9322553978172535
zic008_aec7,20260932,3,46,8,35,0.503063658874135,0.9234535044746911
zic008_aec7,20260932,3,47,8,35,0.634956677347191,0.9435898174099867
zic008_aec7,20260932,3,48,8,35,0.6554816883197462,0.9125247334409257
zic008_aec7,20260932,3,49,8,35,0.504421536259544,0.9260275711650896
zic008_aec7,20260932,3,50,8,35,0.48123223665525316,0.8963141909782617
zic008_aec7,20260932,3,51,8,35,0.6297202799303632,0.9122053554718924
zic008_aec7,20260932,3,52,8,35,0.5007197910434578,0.9244850520908221
zic008_aec7,20260932,3,53,8,35,0.4801319647677662,0.8966140270092111
zic008_aec7,20260932,3,54,8,35,0.6151016933190561,0.9226980961401157
zic008_aec7,20260932,3,55,8,35,0.48596722648879775,0.9058080530212568
zic008_aec7,20260932,4,0,8,35,0.6595114711514528,0.9311143081773591
zic008_aec7,20260932,4,1,8,35,0.6675177000869157,0.9508885325015611
zic008_aec7,20260932,4,2,8,35,0.5282951636760712,0.9417962456774602
zic008_aec7,20260932,4,3,8,35,0.6369922949990933,0.9467588769974961
zic008_aec7,20260932,4,4,8,35,0.6452180044605493,0.925094506830635
zic008_aec7,20260932,4,5,8,35,0.671835266025066,0.9410536638377539
zic008_aec7,20260932,4,6,8,35,0.5408060121707251,0.9302916036187644
zic008_aec7,20260932,4,7,8,35,0.6463708870739099,0.9302140017151719
zic008_aec7,20260932,4,8,8,35,0.6486633799039374,0.9047290967334275
zic008_aec7,20260932,4,9,8,35,0.5507260140705557,0.9280594499158294
zic008_aec7,20260932,4,10,8,35,0.6475322162299388,0.9411120888806651
zic008_aec7,20260932,4,11,8,35,0.6422057793677265,0.925722771805874
zic008_aec7,20260932,4,12,8,35,0.5515331959487617,0.934436289943382
zic008_aec7,20260932,4,13,8,35,0.531286864675784,0.922308463010397
zic008_aec7,20260932,4,14,8,35,0.6342362884784206,0.9329478314669819
zic008_aec7,20260932,4,15,8,35,0.6988106544189767,0.9565528427544344
zic008_aec7,20260932,4,16,8,35,0.536464329962083,0.9388691294170785
zic008_aec7,20260932,4,17,8,35,0.6857853670741209,0.9521153490606938
zic008_aec7,20260932,4,18,8,35,0.6754547828643088,0.9341971967223522
zic008_aec7,20260932,4,19,8,35,0.5570231644745733,0.940760651219331
zic008_aec7,20260932,4,20,8,35,0.67869287859149,0.9597411416904498
zic008_aec7,20260932,4,21,8,35,0.6775240213436812,0.9412163080520051
zic008_aec7,20260932,4,22,8,35,0.559066159373549,0.944023973764306
zic008_aec7,20260932,4,23,8,35,0.5388359938822753,0.925572018308591
zic008_aec7,20260932,4,24,8,35,0.672370371635919,0.9472623960964529
zic008_aec7,20260932,4,25,8,35,0.5499054285693196,0.938947941019319
zic008_aec7,20260932,4,26,8,35,0.6784440376452463,0.9445592510277656
zic008_aec7,20260932,4,27,8,35,0.670854043614331,0.9291656337286166
zic008_aec7,20260932,4,28,8,35,0.5609072739976584,0.9368673655417933
zic008_aec7,20260932,4,29,8,35,0.5330085619377273,0.9171486346682686
zic008_aec7,20260932,4,30,8,35,0.6672618153211055,0.9294542932989878
zic008_aec7,20260932,4,31,8,35,0.5613565895578486,0.9256776123385958
zic008_aec7,20260932,4,32,8,35,0.5466526533855984,0.911652887346613
zic008_aec7,20260932,4,33,8,35,0.6606059103979219,0.9416549970799163
zic008_aec7,20260932,4,34,8,35,0.5482891941165836,0.9239287495878099
zic008_aec7,20260932,4,35,8,35,0.6684754803540636,0.9326300830857097
zic008_aec7,20260932,4,36,8,35,0.5315530438238789,0.9353984157788265
zic008_aec7,20260932,4,37,8,35,0.641335857169829,0.9240790101147625
zic008_aec7,20260932,4,38,8,35,0.6505480208629912,0.9014232765495647
zic008_aec7,20260932,4,39,8,35,0.5375444342702503,0.9496934180243708
zic008_aec7,20260932,4,40,8,35,0.6467933082267578,0.9477939770540652
zic008_aec7,20260932,4,41,8,35,0.6207086883003935,0.9346754240582734
zic008_aec7,20260932,4,42,8,35,0.5231977026361573,0.9376803635846217
zic008_aec7,20260932,4,43,8,35,0.5264303199667134,0.9308612614102507
zic008_aec7,20260932,4,44,8,35,0.6033138760782939,0.9249334757394033
zic008_aec7,20260932,4,45,8,35,0.5493167370522407,0.9442803197903332
zic008_aec7,20260932,4,46,8,35,0.6369870435522282,0.9260350518615221
zic008_aec7,20260932,4,47,8,35,0.6213757304032611,0.9067073770976167
zic008_aec7,20260932,4,48,8,35,0.5361018364631066,0.9446848887784655
zic008_aec7,20260932,4,49,8,35,0.5384480994051328,0.9159053665583967
zic008_aec7,20260932,4,50,8,35,0.602535533594325,0.9125643022169596
zic008_aec7,20260932,4,51,8,35,0.5554435357901686,0.9361793550482602
zic008_aec7,20260932,4,52,8,35,0.5395062884786185,0.9334250746664036
zic008_aec7,20260932,4,53,8,35,0.6428090627482579,0.9288282681951843
zic008_aec7,20260932,4,54,8,35,0.5423019048942563,0.9427407822698118
zic008_aec7,20260932,4,55,8,35,0.5783244491486044,0.9464174243289666
zic008_aec7,20260932,4,56,8,35,0.685922584802167,0.9460064347679022
zic008_aec7,20260932,4,57,8,35,0.697945856736167,0.9212866623168479
zic008_aec7,20260932,4,58,8,35,0.5822353134753988,0.9507664468594125
zic008_aec7,20260932,4,59,8,35,0.5568026155369263,0.9266247062827468
zic008_aec7,20260932,4,60,8,35,0.6770126951293465,0.9194092875660668
zic008_aec7,20260932,4,61,8,35,0.5857897532627847,0.9516292379071728
zic008_aec7,20260932,4,62,8,35,0.5703975910314053,0.9339289690474767
zic008_aec7,20260932,4,63,8,35,0.6739753820127208,0.9510335030057614
zic008_aec7,20260932,4,64,8,35,0.572131667693464,0.9401966174166753
zic008_aec7,20260932,4,65,8,35,0.5577400646221711,0.9471917633331305
zic008_aec7,20260932,4,66,8,35,0.5555209343386855,0.9299236776438751
zic008_aec7,20260932,4,67,8,35,0.6726046183429096,0.9380597252680876
zic008_aec7,20260932,4,68,8,35,0.5472866355486641,0.9395747855473168
zic008_aec7,20260932,4,69,8,35,0.5696654819678899,0.9306344444158476
zic008_aec7,20260932,5,0,8,35,0.7033133833012908,0.9508189725201391
zic008_aec7,20260932,5,1,8,35,0.5966963936924975,0.9440545668270997
zic008_aec7,20260932,5,2,8,35,0.6823059013971196,0.9418788044888101
zic008_aec7,20260932,5,3,8,35,0.6884801429733665,0.9292312280586241
zic008_aec7,20260932,5,4,8,35,0.6003436623449496,0.9525282047522619
zic008_aec7,20260932,5,5,8,35,0.686502738071733,0.9564236581187006
zic008_aec7,20260932,5,6,8,35,0.6781949784322855,0.9495743139317603
zic008_aec7,20260932,5,7,8,35,0.5933219456270781,0.9518682702710952
zic008_aec7,20260932,5,8,8,35,0.5899279543417607,0.9411175857719408
zic008_aec7,20260932,5,9,8,35,0.6591843931497797,0.9478364705868068
zic008_aec7,20260932,5,10,8,35,0.608388918312722,0.9495546352935582
zic008_aec7,20260932,5,11,8,35,0.684779657154238,0.9422404242080101
zic008_aec7,20260932,5,12,8,35,0.6785887661595594,0.931868663999748
zic008_aec7,20260932,5,13,8,35,0.5970393105777608,0.9485609606985277
zic008_aec7,20260932,5,14,8,35,0.5979222038665349,0.935204586832679
zic008_aec7,20260932,5,15,8,35,0.6626866163691596,0.9390720538816372
zic008_aec7,20260932,5,16,8,35,0.6063428600757991,0.9527801882126586
zic008_aec7,20260932,5,17,8,35,0.5989298836216184,0.944010993412455
zic008_aec7,20260932,5,18,8,35,0.6801119193326848,0.9418186828903934
zic008_aec7,20260932,5,19,8,35,0.5915425629677467,0.9487442891887743
zic008_aec7,20260932,5,20,8,35,0.6082037148541014,0.9504916536413667
zic008_aec7,20260932,5,21,8,35,0.7149300501367196,0.9554615240914667
zic008_aec7,20260932,5,22,8,35,0.7116838433857307,0.9393524771879123
zic008_aec7,20260932,5,23,8,35,0.6157694032022942,0.9511896788516407
zic008_aec7,20260932,5,24,8,35,0.5962063488491327,0.9331265046730073
zic008_aec7,20260932,5,25,8,35,0.7058706144368232,0.9447395344296096
zic008_aec7,20260932,5,26,8,35,0.6233799978483706,0.953120936418553
zic008_aec7,20260932,5,27,8,35,0.6090790156080274,0.9439286979754786
zic008_aec7,20260932,5,28,8,35,0.7031527055475495,0.9590690190499056
zic008_aec7,20260932,5,29,8,35,0.6131103864149451,0.9516074917976635
zic008_aec7,20260932,5,30,8,35,0.622910673325452,0.9531832879377203
zic008_aec7,20260932,5,31,8,35,0.6084690952464413,0.9376185500361773
zic008_aec7,20260932,5,32,8,35,0.7007838724923122,0.9456624610062739
zic008_aec7,20260932,5,33,8,35,0.61160407174053,0.9437842468875897
zic008_aec7,20260932,5,34,8,35,0.6084058470082924,0.9454670226632694
zic008_aec7,20260932,5,35,8,35,0.6049453927349452,0.9536045017247398
zic008_aec7,20260932,5,36,8,35,0.6741428812700941,0.9389622765572692
zic008_aec7,20260932,5,37,8,35,0.6793361914976227,0.9224623829465516
zic008_aec7,20260932,5,38,8,35,0.5924637794207281,0.9535341126528271
zic008_aec7,20260932,5,39,8,35,0.5933763439219979,0.9277756484572492
zic008_aec7,20260932,5,40,8,35,0.662725583244432,0.929595268080208
zic008_aec7,20260932,5,41,8,35,0.5966528115041354,0.9553724972528159
zic008_aec7,20260932,5,42,8,35,0.5938770495931591,0.9397823697926767
zic008_aec7,20260932,5,43,8,35,0.6814899711417531,0.9439378754982473
zic008_aec7,20260932,5,44,8,35,0.5860828475143525,0.9528896157665617
zic008_aec7,20260932,5,45,8,35,0.5992340069155064,0.9570956275028081
zic008_aec7,20260932,5,46,8,35,0.5890382873774818,0.9371064886922569
zic008_aec7,20260932,5,47,8,35,0.6711958835021022,0.9357666775998669
zic008_aec7,20260932,5,48,8,35,0.5870022348996433,0.9423027132678755
zic008_aec7,20260932,5,49,8,35,0.5955570473355937,0.9532664132895629
zic008_aec7,20260932,5,50,8,35,0.6201330864320449,0.957946194125342
zic008_aec7,20260932,5,51,8,35,0.6201837765183648,0.9375628125799593
zic008_aec7,20260932,5,52,8,35,0.708950271034221,0.9434215704950134
zic008_aec7,20260932,5,53,8,35,0.6120859668647842,0.9523471203488131
zic008_aec7,20260932,5,54,8,35,0.6223600539618133,0.9553714972033865
zic008_aec7,20260932,5,55,8,35,0.6004819019146894,0.9480493297366684
zic008_aec7,20260932,6,0,8,35,0.6494565215747579,0.956855832270863
zic008_aec7,20260932,6,1,8,35,0.7129826873988019,0.9501930851575061
zic008_aec7,20260932,6,2,8,35,0.7177516965008017,0.9370485024058344
zic008_aec7,20260932,6,3,8,35,0.6389820334105277,0.9573993234003173
zic008_aec7,20260932,6,4,8,35,0.6384760866671332,0.9383801539433374
zic008_aec7,20260932,6,5,8,35,0.7037369297749393,0.9389705418942391
zic008_aec7,20260932,6,6,8,35,0.6389090709288767,0.9658486932161695
zic008_aec7,20260932,6,7,8,35,0.6430863400667749,0.9522750557307773
zic008_aec7,20260932,6,8,8,35,0.7090982849744311,0.9552654832962674
zic008_aec7,20260932,6,9,8,35,0.6314643814336603,0.9629346841912322
zic008_aec7,20260932,6,10,8,35,0.6464054151613261,0.9585552109674698
zic008_aec7,20260932,6,11,8,35,0.6448893480547672,0.9527083093575517
zic008_aec7,20260932,6,12,8,35,0.7067441248838752,0.9488944329622633
zic008_aec7,20260932,6,13,8,35,0.6373837440654183,0.9540470703458402
zic008_aec7,20260932,6,14,8,35,0.6338194236296272,0.9586177177119439
zic008_aec7,20260932,6,15,8,35,0.6704261007895626,0.9576219608233102
zic008_aec7,20260932,6,16,8,35,0.6502059410075707,0.9450256535662921
zic008_aec7,20260932,6,17,8,35,0.7292327472981759,0.9551465726399553
zic008_aec7,20260932,6,18,8,35,0.6569506435190027,0.9527510473943626
zic008_aec7,20260932,6,19,8,35,0.6553431332591961,0.958411995939232
zic008_aec7,20260932,6,20,8,35,0.6463695302755945,0.9521276507412144
zic008_aec7,20260932,6,21,8,35,0.6419311561366704,0.9581857735044493
zic008_aec7,20260932,6,22,8,35,0.6393255573676431,0.9400908123512538
zic008_aec7,20260932,6,23,8,35,0.6883617594005509,0.9383516094142587
zic008_aec7,20260932,6,24,8,35,0.6309503310338802,0.9516084540416075
zic008_aec7,20260932,6,25,8,35,0.6348802175214016,0.9604194998175982
zic008_aec7,20260932,6,26,8,35,0.6402946324647678,0.958254929700751
zic008_aec7,20260932,6,27,8,35,0.6477139103417892,0.9603578714526783
zic008_aec7,20260932,7,0,8,35,0.6840024560257477,0.9645611985737759
zic008_aec7,20260932,7,1,8,35,0.6788922590597002,0.9478358653255684
zic008_aec7,20260932,7,2,8,35,0.7212593154320627,0.9469597484360991
zic008_aec7,20260932,7,3,8,35,0.6692977687786953,0.9524806297024134
zic008_aec7,20260932,7,4,8,35,0.6691920643359327,0.9629802759805208
zic008_aec7,20260932,7,5,8,35,0.6729526607975819,0.9648538103208015
zic008_aec7,20260932,7,6,8,35,0.6857966212836318,0.9583953875293676
zic008_aec7,20260932,7,7,8,35,0.6728064912514748,0.9579770403591924
zic008_aec7,20260932,8,0,8,35,0.6986634954774095,0.9592902124422886
zic008_aec7,20260933,1,0,8,35,0.41011051895824635,0.8261838714621417
zic008_aec7,20260933,1,1,8,35,0.3542846474152171,0.7857177346047388
zic008_aec7,20260933,1,2,8,35,0.37227690229456417,0.7542427462720288
zic008_aec7,20260933,1,3,8,35,0.402106408968207,0.7617547862660629
zic008_aec7,20260933,1,4,8,35,0.441529946431647,0.8484731525221224
zic008_aec7,20260933,1,5,8,35,0.4055641190798693,0.7130293273127736
zic008_aec7,20260933,1,6,8,35,0.4477429455366263,0.8507982973523277
zic008_aec7,20260933,1,7,8,35,0.44336757704634544,0.8549643441064116
zic008_aec7,20260933,2,0,8,35,0.468624791568501,0.8719957567725946
zic008_aec7,20260933,2,1,8,35,0.4922117689192322,0.865262690540228
zic008_aec7,20260933,2,2,8,35,0.514539701633211,0.8554432293948689
zic008_aec7,20260933,2,3,8,35,0.5174001147115942,0.8588069847397496
zic008_aec7,20260933,2,4,8,35,0.5186477000265768,0.8130850933751279
zic008_aec7,20260933,2,5,8,35,0.5441861016573412,0.8655178815255136
zic008_aec7,20260933,2,6,8,35,0.5188605361288413,0.9117766365053787
zic008_aec7,20260933,2,7,8,35,0.4151367793944695,0.7568084702113658
zic008_aec7,20260933,2,8,8,35,0.47964049197442266,0.8346507694873665
zic008_aec7,20260933,2,9,8,35,0.47199763066563827,0.8830291736090808
zic008_aec7,20260933,2,10,8,35,0.44223663224435555,0.801797109403325
zic008_aec7,20260933,2,11,8,35,0.5058320802909645,0.8603513353242864
zic008_aec7,20260933,2,12,8,35,0.474197691441992,0.8455261568040736
zic008_aec7,20260933,2,13,8,35,0.47153658640251656,0.7964478534275289
zic008_aec7,20260933,2,14,8,35,0.5160888465595824,0.855251710365001
zic008_aec7,20260933,2,15,8,35,0.46036321715653467,0.752798480163416
zic008_aec7,20260933,2,16,8,35,0.5106649057127962,0.8405334540334427
zic008_aec7,20260933,2,17,8,35,0.46434593936635016,0.8284933493210993
zic008_aec7,20260933,2,18,8,35,0.5332932716950325,0.8532180538202259
zic008_aec7,20260933,2,19,8,35,0.4852035860850824,0.8199445450726988
zic008_aec7,20260933,2,20,8,35,0.5103258655257599,0.8454090077656552
zic008_aec7,20260933,2,21,8,35,0.5015198993273761,0.848724569083358
zic008_aec7,20260933,2,22,8,35,0.5159018798013106,0.8494550101729071
zic008_aec7,20260933,2,23,8,35,0.552880961352689,0.906749222942601
zic008_aec7,20260933,2,24,8,35,0.5331905968169713,0.9233103302038036
zic008_aec7,20260933,2,25,8,35,0.529465321963842,0.857292159745765
zic008_aec7,20260933,2,26,8,35,0.4971122230359212,0.813079627601389
zic008_aec7,20260933,2,27,8,35,0.5242969910313964,0.9066803253985343
zic008_aec7,20260933,3,0,8,35,0.5037982942537805,0.8474995203539439
zic008_aec7,20260933,3,1,8,35,0.5466733078828997,0.8849224475734727
zic008_aec7,20260933,3,2,8,35,0.5426035473884203,0.8912407640557547
zic008_aec7,20260933,3,3,8,35,0.5227856621889535,0.8656663647831774
zic008_aec7,20260933,3,4,8,35,0.5632828699161194,0.8969242224783861
zic008_aec7,20260933,3,5,8,35,0.5304049892397761,0.9020473952089704
zic008_aec7,20260933,3,6,8,35,0.547748454921857,0.8544162881998073
zic008_aec7,20260933,3,7,8,35,0.5482599951480833,0.881922245469405
zic008_aec7,20260933,3,8,8,35,0.5385404559784216,0.8290013743774034
zic008_aec7,20260933,3,9,8,35,0.5717608804683855,0.9000073948102307
zic008_aec7,20260933,3,10,8,35,0.5448292803049609,0.8923807083942561
zic008_aec7,20260933,3,11,8,35,0.5845346567899974,0.8862654292535652
zic008_aec7,20260933,3,12,8,35,0.5545130855752597,0.85693866294245
zic008_aec7,20260933,3,13,8,35,0.5851815453927468,0.8964077245671047
zic008_aec7,20260933,3,14,8,35,0.5701056754225687,0.8783763623824451
zic008_aec7,20260933,3,15,8,35,0.5711006349342044,0.8733598093815876
zic008_aec7,20260933,3,16,8,35,0.5796834925201648,0.89577435076041
zic008_aec7,20260933,3,17,8,35,0.5851187646235247,0.9224981722217901
zic008_aec7,20260933,3,18,8,35,0.5890537565166531,0.8993494179358758
zic008_aec7,20260933,3,19,8,35,0.5670094018450819,0.8632638537667595
zic008_aec7,20260933,3,20,8,35,0.5786478853104349,0.9190982379694206
zic008_aec7,20260933,3,21,8,35,0.502813995267816,0.8226206627372505
zic008_aec7,20260933,3,22,8,35,0.5113884331562578,0.8495267095293626
zic008_aec7,20260933,3,23,8,35,0.4809228153532623,0.7790666678984557
zic008_aec7,20260933,3,24,8,35,0.5551362608506977,0.8259289452307184
zic008_aec7,20260933,3,25,8,35,0.4759431735280928,0.8287296668954418
zic008_aec7,20260933,3,26,8,35,0.5387234217511139,0.8789718048819192
zic008_aec7,20260933,3,27,8,35,0.5132406522286954,0.8444024551371864
zic008_aec7,20260933,3,28,8,35,0.5545834706035507,0.8665047147332183
zic008_aec7,20260933,3,29,8,35,0.5318025858029186,0.872041068780722
zic008_aec7,20260933,3,30,8,35,0.5295741254686106,0.8488367353733016
zic008_aec7,20260933,3,31,8,35,0.5738236272181011,0.9126879737893491
zic008_aec7,20260933,3,32,8,35,0.5302483673560868,0.8898980111405596
zic008_aec7,20260933,3,33,8,35,0.558091267702722,0.8688930471096393
zic008_aec7,20260933,3,34,8,35,0.4916724955811599,0.8450718916103566
zic008_aec7,20260933,3,35,8,35,0.5726899008107336,0.8830061350269105
zic008_aec7,20260933,3,36,8,35,0.5605706736212694,0.8383551225060368
zic008_aec7,20260933,3,37,8,35,0.5110442133004707,0.8171034332591178
zic008_aec7,20260933,3,38,8,35,0.5579934497365193,0.8584003553559846
zic008_aec7,20260933,3,39,8,35,0.5316417603714084,0.8501310711462517
zic008_aec7,20260933,3,40,8,35,0.5488091139462205,0.8302580500476802
zic008_aec7,20260933,3,41,8,35,0.5836717107461245,0.9018631632398793
zic008_aec7,20260933,3,42,8,35,0.5533779788878764,0.8963282024368587
zic008_aec7,20260933,3,43,8,35,0.5477316714332632,0.8392598758082577
zic008_aec7,20260933,3,44,8,35,0.5191484928151111,0.8174394849107582
zic008_aec7,20260933,3,45,8,35,0.5677958599721562,0.8572968232698481
zic008_aec7,20260933,3,46,8,35,0.5632722733422137,0.8539929591153854
zic008_aec7,20260933,3,47,8,35,0.5928408938556753,0.9076113522876926
zic008_aec7,20260933,3,48,8,35,0.5809842471815959,0.8917795017693902
zic008_aec7,20260933,3,49,8,35,0.5623549414325733,0.8655154074242071
zic008_aec7,20260933,3,50,8,35,0.5520625500308383,0.8438553790857256
zic008_aec7,20260933,3,51,8,35,0.5723508050804482,0.8874456930212173
zic008_aec7,20260933,3,52,8,35,0.5951919283518861,0.8951596092843538
zic008_aec7,20260933,3,53,8,35,0.574552721070125,0.8959183659136976
zic008_aec7,20260933,3,54,8,35,0.593871746022327,0.9285633916824643
zic008_aec7,20260933,3,55,8,35,0.5745610338491267,0.8974437644404047
zic008_aec7,20260933,4,0,8,35,0.5526515617417622,0.8755853778643045
zic008_aec7,20260933,4,1,8,35,0.5603149252849765,0.8852061157828208
zic008_aec7,20260933,4,2,8,35,0.5399096132247203,0.8356859987864645
zic008_aec7,20260933,4,3,8,35,0.5773447887026831,0.8800070199027871
zic008_aec7,20260933,4,4,8,35,0.5455544803124796,0.8654353478863672
zic008_aec7,20260933,4,5,8,35,0.5892299688897513,0.8935387125895697
zic008_aec7,20260933,4,6,8,35,0.5662577166884307,0.8767325423959967
zic008_aec7,20260933,4,7,8,35,0.5951697743317541,0.894171838119014
zic008_aec7,20260933,4,8,8,35,0.5770348199836751,0.8982478259198597
zic008_aec7,20260933,4,9,8,35,0.5705544065758551,0.8554504486927127
zic008_aec7,20260933,4,10,8,35,0.5913023622858788,0.918089216536381
zic008_aec7,20260933,4,11,8,35,0.5776833912729505,0.9172491691573645
zic008_aec7,20260933,4,12,8,35,0.596171241559047,0.901475868274327
zic008_aec7,20260933,4,13,8,35,0.5544595402920904,0.8815544864711203
zic008_aec7,20260933,4,14,8,35,0.6078044497218683,0.9142959625882521
zic008_aec7,20260933,4,15,8,35,0.6006484477724479,0.8740671415550133
zic008_aec7,20260933,4,16,8,35,0.5656167291677235,0.8604119993924528
zic008_aec7,20260933,4,17,8,35,0.6006980897150741,0.8887833589138913
zic008_aec7,20260933,4,18,8,35,0.5834581103689647,0.8823237965222878
zic008_aec7,20260933,4,19,8,35,0.5816789396724228,0.8672719526131032
zic008_aec7,20260933,4,20,8,35,0.612516243401604,0.9132752293911848
zic008_aec7,20260933,4,21,8,35,0.5899064930401361,0.9140338575197584
zic008_aec7,20260933,4,22,8,35,0.5946411605091375,0.8744476180136997
zic008_aec7,20260933,4,23,8,35,0.5728400725387951,0.860482546442935
zic008_aec7,20260933,4,24,8,35,0.6115129927090603,0.9041091414275049
zic008_aec7,20260933,4,25,8,35,0.6011354950972431,0.8844672161304409
zic008_aec7,20260933,4,26,8,35,0.6232725915169799,0.9059466590711527
zic008_aec7,20260933,4,27,8,35,0.6176242535090037,0.9070910812310925
zic008_aec7,20260933,4,28,8,35,0.6054798927179147,0.8794852681524623
zic008_aec7,20260933,4,29,8,35,0.5987114165745454,0.8651265520306891
zic008_aec7,20260933,4,30,8,35,0.6077531984760717,0.9134370950514165
zic008_aec7,20260933,4,31,8,35,0.6273282968733932,0.9096900147364473
zic008_aec7,20260933,4,32,8,35,0.6129464911426744,0.9098217588186983
zic008_aec7,20260933,4,33,8,35,0.6227226575535123,0.932027751066478
zic008_aec7,20260933,4,34,8,35,0.60753298184675,0.9149961911047894
zic008_aec7,20260933,4,35,8,35,0.5577379161748868,0.865272737025541
zic008_aec7,20260933,4,36,8,35,0.5312625266925739,0.8253795681763629
zic008_aec7,20260933,4,37,8,35,0.5885560981510306,0.8568391608846324
zic008_aec7,20260933,4,38,8,35,0.5359654303232235,0.8554405736355452
zic008_aec7,20260933,4,39,8,35,0.5447156672579512,0.8381206942528048
zic008_aec7,20260933,4,40,8,35,0.5891139061097046,0.8821926795934866
zic008_aec7,20260933,4,41,8,35,0.5524363532500721,0.8766765516371204
zic008_aec7,20260933,4,42,8,35,0.5796057609481426,0.8510569185919211
zic008_aec7,20260933,4,43,8,35,0.5194173003104814,0.812806457149463
zic008_aec7,20260933,4,44,8,35,0.5887094763354163,0.8697831253690655
zic008_aec7,20260933,4,45,8,35,0.5716546737333899,0.8570954353939476
zic008_aec7,20260933,4,46,8,35,0.6010532703886515,0.901264790052538
zic008_aec7,20260933,4,47,8,35,0.569338571864307,0.8849533386427634
zic008_aec7,20260933,4,48,8,35,0.5848168316221166,0.8498854891861694
zic008_aec7,20260933,4,49,8,35,0.5472739777304758,0.8614530319600172
zic008_aec7,20260933,4,50,8,35,0.5988729083790907,0.8886236836957122
zic008_aec7,20260933,4,51,8,35,0.6061817136824611,0.8956940475912791
zic008_aec7,20260933,4,52,8,35,0.5587786400994265,0.8796335800506219
zic008_aec7,20260933,4,53,8,35,0.6174002514384772,0.9130619945210303
zic008_aec7,20260933,4,54,8,35,0.5960537926928402,0.8885441316858573
zic008_aec7,20260933,4,55,8,35,0.5734061275168472,0.8516759423617942
zic008_aec7,20260933,4,56,8,35,0.6084444913140008,0.8850654118383671
zic008_aec7,20260933,4,57,8,35,0.5902332459660452,0.8869412478211558
zic008_aec7,20260933,4,58,8,35,0.5842853746122528,0.8583375299914451
zic008_aec7,20260933,4,59,8,35,0.5571164840225268,0.8395661540548218
zic008_aec7,20260933,4,60,8,35,0.5914150725160523,0.8843721136695795
zic008_aec7,20260933,4,61,8,35,0.6010959588514337,0.8856495192991951
zic008_aec7,20260933,4,62,8,35,0.5780894393594341,0.854926189652482
zic008_aec7,20260933,4,63,8,35,0.6229058837242618,0.9159102673666607
zic008_aec7,20260933,4,64,8,35,0.5815946877925766,0.8704626402340099
zic008_aec7,20260933,4,65,8,35,0.6122175354967189,0.8834411043267139
zic008_aec7,20260933,4,66,8,35,0.6054673696310281,0.8808679377368983
zic008_aec7,20260933,4,67,8,35,0.6188537262708322,0.91777356371776
zic008_aec7,20260933,4,68,8,35,0.5998915964433628,0.877423058759016
zic008_aec7,20260933,4,69,8,35,0.6231842127413305,0.9026136452348382
zic008_aec7,20260933,5,0,8,35,0.5959378886980249,0.8858015294334202
zic008_aec7,20260933,5,1,8,35,0.57612199359953,0.8540720644234098
zic008_aec7,20260933,5,2,8,35,0.6192341659437464,0.8741386537213329
zic008_aec7,20260933,5,3,8,35,0.5820827770622876,0.8764146261690533
zic008_aec7,20260933,5,4,8,35,0.5810911944146465,0.859882522226579
zic008_aec7,20260933,5,5,8,35,0.5995499156420123,0.895693413470739
zic008_aec7,20260933,5,6,8,35,0.5846464121188961,0.8975406484668162
zic008_aec7,20260933,5,7,8,35,0.5973823103776623,0.8799910188575386
zic008_aec7,20260933,5,8,8,35,0.5695576017378448,0.8573188336930709
zic008_aec7,20260933,5,9,8,35,0.6048319773088009,0.8910192318164467
zic008_aec7,20260933,5,10,8,35,0.6065658262764677,0.8790128193092613
zic008_aec7,20260933,5,11,8,35,0.6254138960997359,0.9137196919028688
zic008_aec7,20260933,5,12,8,35,0.6148558249872085,0.9060919313425836
zic008_aec7,20260933,5,13,8,35,0.6147911773441532,0.8825827104928377
zic008_aec7,20260933,5,14,8,35,0.5874858192220117,0.8829176190872599
zic008_aec7,20260933,5,15,8,35,0.6265704508858995,0.9052932390502415
zic008_aec7,20260933,5,16,8,35,0.6108866359758924,0.8938346988109025
zic008_aec7,20260933,5,17,8,35,0.597704443092375,0.8986529819464059
zic008_aec7,20260933,5,18,8,35,0.6180309116884051,0.928227079613327
zic008_aec7,20260933,5,19,8,35,0.6211465448764503,0.907706241639043
zic008_aec7,20260933,5,20,8,35,0.6098089483921928,0.8779773065780669
zic008_aec7,20260933,5,21,8,35,0.633690388684443,0.8965911040043407
zic008_aec7,20260933,5,22,8,35,0.6225602648555335,0.8899760606839341
zic008_aec7,20260933,5,23,8,35,0.6177225164675153,0.8800211167168219
zic008_aec7,20260933,5,24,8,35,0.5976320739564956,0.8677924163357313
zic008_aec7,20260933,5,25,8,35,0.6269725085174993,0.9076754255871772
zic008_aec7,20260933,5,26,8,35,0.6278113943455914,0.898633576181402
zic008_aec7,20260933,5,27,8,35,0.6047192066210989,0.8861858949543581
zic008_aec7,20260933,5,28,8,35,0.628639806866482,0.9213582932174965
zic008_aec7,20260933,5,29,8,35,0.6193597204239509,0.8889236327077897
zic008_aec7,20260933,5,30,8,35,0.6372039255244151,0.8921486487438948
zic008_aec7,20260933,5,31,8,35,0.6333104480984323,0.8947002590628723
zic008_aec7,20260933,5,32,8,35,0.6403452408099737,0.9232705075241191
zic008_aec7,20260933,5,33,8,35,0.6261602112292816,0.8948140870869731
zic008_aec7,20260933,5,34,8,35,0.6407336110521616,0.9229821644004774
zic008_aec7,20260933,5,35,8,35,0.5810027524638767,0.8658726182428402
zic008_aec7,20260933,5,36,8,35,0.623118185850697,0.8872940231694435
zic008_aec7,20260933,5,37,8,35,0.5873691908876534,0.8831543238476314
zic008_aec7,20260933,5,38,8,35,0.6065356871713317,0.8544730437937986
zic008_aec7,20260933,5,39,8,35,0.5576769197519521,0.8494635776901566
zic008_aec7,20260933,5,40,8,35,0.6142978131130815,0.871076848179944
zic008_aec7,20260933,5,41,8,35,0.6052260869156063,0.8798832810933671
zic008_aec7,20260933,5,42,8,35,0.5744592199712271,0.859681055810292
zic008_aec7,20260933,5,43,8,35,0.6131079577649126,0.8980640998589579
zic008_aec7,20260933,5,44,8,35,0.6048038428559513,0.8588952891490012
zic008_aec7,20260933,5,45,8,35,0.6213125405190669,0.8825296945304404
zic008_aec7,20260933,5,46,8,35,0.5909070286026663,0.8765550110396616
zic008_aec7,20260933,5,47,8,35,0.6325875337812983,0.9002535041708816
zic008_aec7,20260933,5,48,8,35,0.6147412157876387,0.8858397357715191
zic008_aec7,20260933,5,49,8,35,0.6288171750485575,0.9062326994205291
zic008_aec7,20260933,5,50,8,35,0.6206925913749175,0.8669780839035739
zic008_aec7,20260933,5,51,8,35,0.6039680848399172,0.8680058268974499
zic008_aec7,20260933,5,52,8,35,0.6347627425944237,0.9016723192674931
zic008_aec7,20260933,5,53,8,35,0.5980611310745593,0.8689886108835699
zic008_aec7,20260933,5,54,8,35,0.6257887384290938,0.8850556926788582
zic008_aec7,20260933,5,55,8,35,0.6363925458192247,0.8931670255593246
zic008_aec7,20260933,6,0,8,35,0.608506800168718,0.8724601170005655
zic008_aec7,20260933,6,1,8,35,0.6268186214420278,0.9009409458560038
zic008_aec7,20260933,6,2,8,35,0.6152141067610316,0.8963442048521395
zic008_aec7,20260933,6,3,8,35,0.626274949195162,0.8700009516534614
zic008_aec7,20260933,6,4,8,35,0.5996130114641086,0.8761547430126216
zic008_aec7,20260933,6,5,8,35,0.634845350003153,0.8911268297768653
zic008_aec7,20260933,6,6,8,35,0.6107541700376299,0.9001222636946637
zic008_aec7,20260933,6,7,8,35,0.5972992895235292,0.8811498925500485
zic008_aec7,20260933,6,8,8,35,0.6140766943978138,0.9094174251631197
zic008_aec7,20260933,6,9,8,35,0.6135687541703662,0.8906689765640149
zic008_aec7,20260933,6,10,8,35,0.6392320445418853,0.8968188739834964
zic008_aec7,20260933,6,11,8,35,0.6258656994231719,0.8852832036315594
zic008_aec7,20260933,6,12,8,35,0.6476379906041233,0.9095741365824146
zic008_aec7,20260933,6,13,8,35,0.637070748358907,0.89905479279402
zic008_aec7,20260933,6,14,8,35,0.628283159282861,0.9214618523687891
zic008_aec7,20260933,6,15,8,35,0.6433902230729728,0.8869421456606854
zic008_aec7,20260933,6,16,8,35,0.6306681356824505,0.8917979808867619
zic008_aec7,20260933,6,17,8,35,0.6542235615807981,0.9103669296008464
zic008_aec7,20260933,6,18,8,35,0.628230594362264,0.8862741847758491
zic008_aec7,20260933,6,19,8,35,0.6341085231635932,0.9016609769538144
zic008_aec7,20260933,6,20,8,35,0.6521832824336798,0.9090294673555845
zic008_aec7,20260933,6,21,8,35,0.6323263735213723,0.877797397022222
zic008_aec7,20260933,6,22,8,35,0.6035669536968381,0.8678875389697194
zic008_aec7,20260933,6,23,8,35,0.6410445396942495,0.8938009250437184
zic008_aec7,20260933,6,24,8,35,0.6270753688742133,0.8606718334203716
zic008_aec7,20260933,6,25,8,35,0.6196356554463127,0.8901467985527727
zic008_aec7,20260933,6,26,8,35,0.6432841400453979,0.8794176780993206
zic008_aec7,20260933,6,27,8,35,0.6335699170596336,0.8855791099511929
zic008_aec7,20260933,7,0,8,35,0.631895143876381,0.8856661153583653
zic008_aec7,20260933,7,1,8,35,0.6202029438832896,0.8782007954199581
zic008_aec7,20260933,7,2,8,35,0.640149504822337,0.9035363593647249
zic008_aec7,20260933,7,3,8,35,0.6360946755067332,0.8798534443643592
zic008_aec7,20260933,7,4,8,35,0.6207854889298081,0.9022141529716668
zic008_aec7,20260933,7,5,8,35,0.6495565744567986,0.9049945693867836
zic008_aec7,20260933,7,6,8,35,0.6538811643888048,0.8972250968484585
zic008_aec7,20260933,7,7,8,35,0.640948142174976,0.8834747332050039
zic008_aec7,20260933,8,0,8,35,0.6408616203374082,0.8950222881001799
zic008_aec7,20260934,1,0,8,35,0.4340568135025314,0.8080249951636261
zic008_aec7,20260934,1,1,8,35,0.4156477709350113,0.8602636428051856
zic008_aec7,20260934,1,2,8,35,0.3943386377818675,0.8502877553426663
zic008_aec7,20260934,1,3,8,35,0.4526773120668637,0.808259361915143
zic008_aec7,20260934,1,4,8,35,0.28535556271300905,0.7703171619025801
zic008_aec7,20260934,1,5,8,35,0.4280958865014244,0.7536742632679612
zic008_aec7,20260934,1,6,8,35,0.438625266645636,0.8058001530186472
zic008_aec7,20260934,1,7,8,35,0.45282561158217366,0.8895111716305146
zic008_aec7,20260934,2,0,8,35,0.5115968829103632,0.8961013989123664
zic008_aec7,20260934,2,1,8,35,0.5121526364288407,0.8669650797987267
zic008_aec7,20260934,2,2,8,35,0.5162032713180698,0.8828980973331993
zic008_aec7,20260934,2,3,8,35,0.4450474239379694,0.8232110744636375
zic008_aec7,20260934,2,4,8,35,0.5188874307328172,0.861301377769928
zic008_aec7,20260934,2,5,8,35,0.5392510709539371,0.8980276684907347
zic008_aec7,20260934,2,6,8,35,0.550870771327667,0.8719194340547486
zic008_aec7,20260934,2,7,8,35,0.5181544486893156,0.9186292650757569
zic008_aec7,20260934,2,8,8,35,0.5708915868588772,0.9293829270820052
zic008_aec7,20260934,2,9,8,35,0.46772339358333614,0.8615636671423949
zic008_aec7,20260934,2,10,8,35,0.5352724768595004,0.8617181160619877
zic008_aec7,20260934,2,11,8,35,0.5553773066343348,0.9325395953072552
zic008_aec7,20260934,2,12,8,35,0.5275395205986294,0.9079833704528383
zic008_aec7,20260934,2,13,8,35,0.5768876386037503,0.9159105291693642
zic008_aec7,20260934,2,14,8,35,0.49358740395758355,0.872189631212365
zic008_aec7,20260934,2,15,8,35,0.5419402495108765,0.892880192221633
zic008_aec7,20260934,2,16,8,35,0.5361084397497853,0.903446898510541
zic008_aec7,20260934,2,17,8,35,0.5427973387606361,0.9181429659635065
zic008_aec7,20260934,2,18,8,35,0.4795485037685077,0.8687736817253036
zic008_aec7,20260934,2,19,8,35,0.5379912105347245,0.8821617286024354
zic008_aec7,20260934,2,20,8,35,0.5393902904188393,0.8529048164150544
zic008_aec7,20260934,2,21,8,35,0.5889393443809563,0.9119080167620163
zic008_aec7,20260934,2,22,8,35,0.461339513673343,0.8136087067651592
zic008_aec7,20260934,2,23,8,35,0.48534543874303804,0.8695615169496176
zic008_aec7,20260934,2,24,8,35,0.4745124826073439,0.8913549868138415
zic008_aec7,20260934,2,25,8,35,0.5527715891636426,0.9001607525898687
zic008_aec7,20260934,2,26,8,35,0.5472898364763471,0.8918411880154464
zic008_aec7,20260934,2,27,8,35,0.5745519425827615,0.894719743301911
zic008_aec7,20260934,3,0,8,35,0.5756555687265505,0.9285920373510825
zic008_aec7,20260934,3,1,8,35,0.5701855610153442,0.9407829678842979
zic008_aec7,20260934,3,2,8,35,0.5471642121460347,0.9055050606796287
zic008_aec7,20260934,3,3,8,35,0.5739984352258882,0.9161522243930021
zic008_aec7,20260934,3,4,8,35,0.5761836768321249,0.9320246339624283
zic008_aec7,20260934,3,5,8,35,0.5723872538576756,0.9151745255850394
zic008_aec7,20260934,3,6,8,35,0.6008312973680104,0.917429965740282
zic008_aec7,20260934,3,7,8,35,0.5325813593106987,0.8865458654263135
zic008_aec7,20260934,3,8,8,35,0.587154394254415,0.9058184274029716
zic008_aec7,20260934,3,9,8,35,0.5971845578438219,0.9274660746364268
zic008_aec7,20260934,3,10,8,35,0.5855457191951879,0.9023615628120011
zic008_aec7,20260934,3,11,8,35,0.5594785069224404,0.8935322328716715
zic008_aec7,20260934,3,12,8,35,0.5949519599745314,0.9170880761689297
zic008_aec7,20260934,3,13,8,35,0.5838369017817546,0.9030312661655966
zic008_aec7,20260934,3,14,8,35,0.5863509495168283,0.9117302481724102
zic008_aec7,20260934,3,15,8,35,0.541104284318535,0.8589652160617998
zic008_aec7,20260934,3,16,8,35,0.5593775610151871,0.8993100151033335
zic008_aec7,20260934,3,17,8,35,0.5582747738294077,0.8842756558096111
zic008_aec7,20260934,3,18,8,35,0.5991256974103022,0.9210935395443062
zic008_aec7,20260934,3,19,8,35,0.5885213242900762,0.9047199487128941
zic008_aec7,20260934,3,20,8,35,0.6011143330798634,0.9248631091222387
zic008_aec7,20260934,3,21,8,35,0.6158748750347899,0.9541778804545721
zic008_aec7,20260934,3,22,8,35,0.5479054661041892,0.9224111746550517
zic008_aec7,20260934,3,23,8,35,0.597645925188889,0.9183838057660342
zic008_aec7,20260934,3,24,8,35,0.6069197259115636,0.9532519341951672
zic008_aec7,20260934,3,25,8,35,0.5905965958723078,0.9341455063208408
zic008_aec7,20260934,3,26,8,35,0.5330335324185898,0.9269219847997381
zic008_aec7,20260934,3,27,8,35,0.5928024286360386,0.9294985595686511
zic008_aec7,20260934,3,28,8,35,0.6099134538439397,0.9178908692153726
zic008_aec7,20260934,3,29,8,35,0.6142496931729646,0.9371693230860814
zic008_aec7,20260934,3,30,8,35,0.5510249423225487,0.866244717279802
zic008_aec7,20260934,3,31,8,35,0.5326842736004355,0.9347015020605025
zic008_aec7,20260934,3,32,8,35,0.5445111841859304,0.9034274026872602
zic008_aec7,20260934,3,33,8,35,0.5939541828769398,0.9234662462706287
zic008_aec7,20260934,3,34,8,35,0.6012535853519854,0.9140461878689146
zic008_aec7,20260934,3,35,8,35,0.6044038810397504,0.9368189408933444
zic008_aec7,20260934,3,36,8,35,0.574654920357108,0.9224087207571978
zic008_aec7,20260934,3,37,8,35,0.5951027828081912,0.9137503930384518
zic008_aec7,20260934,3,38,8,35,0.6091746212095445,0.8834271574015901
zic008_aec7,20260934,3,39,8,35,0.628753464587582,0.9348319205644932
zic008_aec7,20260934,3,40,8,35,0.5685323813536076,0.8788827814334624
zic008_aec7,20260934,3,41,8,35,0.573766178451643,0.9178931653564297
zic008_aec7,20260934,3,42,8,35,0.5742723109275997,0.9337352261023961
zic008_aec7,20260934,3,43,8,35,0.6075556546466067,0.9202884017655101
zic008_aec7,20260934,3,44,8,35,0.6164284875593979,0.9199498818165149
zic008_aec7,20260934,3,45,8,35,0.6264713606136986,0.9299676568902606
zic008_aec7,20260934,3,46,8,35,0.563742641738304,0.8772877696069536
zic008_aec7,20260934,3,47,8,35,0.5792454821158902,0.8787781549792817
zic008_aec7,20260934,3,48,8,35,0.5627576917242556,0.9245684709450608
zic008_aec7,20260934,3,49,8,35,0.589658956528812,0.8862993976184517
zic008_aec7,20260934,3,50,8,35,0.6177519527308497,0.9247791438583153
zic008_aec7,20260934,3,51,8,35,0.6205801797567648,0.8811108108595085
zic008_aec7,20260934,3,52,8,35,0.5665499482371623,0.8964948630723778
zic008_aec7,20260934,3,53,8,35,0.5761231842570805,0.8926832329086469
zic008_aec7,20260934,3,54,8,35,0.5632285907811838,0.9243019400023444
zic008_aec7,20260934,3,55,8,35,0.6199858718745443,0.9322537127688999
zic008_aec7,20260934,4,0,8,35,0.6121503886840048,0.9431310013746446
zic008_aec7,20260934,4,1,8,35,0.5966765676193128,0.933341274316072
zic008_aec7,20260934,4,2,8,35,0.6202878081689713,0.9286681979517232
zic008_aec7,20260934,4,3,8,35,0.6173340958677043,0.9463592235866534
zic008_aec7,20260934,4,4,8,35,0.6132086310513372,0.9299778555873476
zic008_aec7,20260934,4,5,8,35,0.5900404975934573,0.9338578846564817
zic008_aec7,20260934,4,6,8,35,0.6306594779676435,0.9389753551528184
zic008_aec7,20260934,4,7,8,35,0.607657991603207,0.9360946227453866
zic008_aec7,20260934,4,8,8,35,0.6126305979759428,0.9482740950292032
zic008_aec7,20260934,4,9,8,35,0.5825547060278725,0.8964397215152784
zic008_aec7,20260934,4,10,8,35,0.590354941215986,0.9289992384089647
zic008_aec7,20260934,4,11,8,35,0.5960148618496233,0.914979769608129
zic008_aec7,20260934,4,12,8,35,0.6215407206709381,0.9427878744729211
zic008_aec7,20260934,4,13,8,35,0.6216191270744497,0.9304793865721103
zic008_aec7,20260934,4,14,8,35,0.615502287366125,0.9451236235540117
zic008_aec7,20260934,4,15,8,35,0.6071962070840673,0.9204903873629287
zic008_aec7,20260934,4,16,8,35,0.6332273255800348,0.9345775029593597
zic008_aec7,20260934,4,17,8,35,0.6438887818523751,0.9195091226843828
zic008_aec7,20260934,4,18,8,35,0.6289358752838828,0.9277272007873577
zic008_aec7,20260934,4,19,8,35,0.5974087620678893,0.8996797500687295
zic008_aec7,20260934,4,20,8,35,0.6086197712025745,0.9229083882873785
zic008_aec7,20260934,4,21,8,35,0.6197106144932132,0.9169028062591306
zic008_aec7,20260934,4,22,8,35,0.6383643841736822,0.9378864681202171
zic008_aec7,20260934,4,23,8,35,0.6192429320413165,0.918353921406104
zic008_aec7,20260934,4,24,8,35,0.632229487801359,0.9271860281691047
zic008_aec7,20260934,4,25,8,35,0.6123669269224056,0.902665809312577
zic008_aec7,20260934,4,26,8,35,0.5954268948491529,0.923207583473573
zic008_aec7,20260934,4,27,8,35,0.6137022655799945,0.9166413277164758
zic008_aec7,20260934,4,28,8,35,0.6316904488278806,0.9315475216716765
zic008_aec7,20260934,4,29,8,35,0.641114766884216,0.9276699171256625
zic008_aec7,20260934,4,30,8,35,0.6197566105338409,0.9198054083517413
zic008_aec7,20260934,4,31,8,35,0.5965463742736615,0.9048078239098274
zic008_aec7,20260934,4,32,8,35,0.6034330640631805,0.8946330862418806
zic008_aec7,20260934,4,33,8,35,0.6151728766746589,0.9069958827104503
zic008_aec7,20260934,4,34,8,35,0.6426718566959525,0.9265435447552216
zic008_aec7,20260934,4,35,8,35,0.6080594194558641,0.9533330110696396
zic008_aec7,20260934,4,36,8,35,0.6482197896815336,0.94897830139129
zic008_aec7,20260934,4,37,8,35,0.6504410412912823,0.94362594696708
zic008_aec7,20260934,4,38,8,35,0.6433145783793289,0.9510344049508409
zic008_aec7,20260934,4,39,8,35,0.606241541206576,0.9112840834882395
zic008_aec7,20260934,4,40,8,35,0.6045718476034689,0.9438039528634548
zic008_aec7,20260934,4,41,8,35,0.596105993231694,0.9384049984537325
zic008_aec7,20260934,4,42,8,35,0.6467040522903368,0.9469723639569037
zic008_aec7,20260934,4,43,8,35,0.636840743512895,0.9360761768811543
zic008_aec7,20260934,4,44,8,35,0.6367817433662575,0.9552387841608702
zic008_aec7,20260934,4,45,8,35,0.5993037302695474,0.9206973511473547
zic008_aec7,20260934,4,46,8,35,0.5961266383077561,0.9368729765982743
zic008_aec7,20260934,4,47,8,35,0.5875767987390379,0.9393013105613334
zic008_aec7,20260934,4,48,8,35,0.6388033288097349,0.9321148894543095
zic008_aec7,20260934,4,49,8,35,0.6252907430990217,0.935227151417675
zic008_aec7,20260934,4,50,8,35,0.6427301565344182,0.9431191787996622
zic008_aec7,20260934,4,51,8,35,0.5976324039338387,0.9157583479860163
zic008_aec7,20260934,4,52,8,35,0.6079896641476342,0.9092817831078375
zic008_aec7,20260934,4,53,8,35,0.5873276683151285,0.9423478811275834
zic008_aec7,20260934,4,54,8,35,0.6298279628303758,0.9395483483857462
zic008_aec7,20260934,4,55,8,35,0.6341565092062792,0.9129454322053011
zic008_aec7,20260934,4,56,8,35,0.632427001923643,0.9180956048739882
zic008_aec7,20260934,4,57,8,35,0.6334795926032626,0.946517324040327
zic008_aec7,20260934,4,58,8,35,0.6433614820069876,0.9184373119969309
zic008_aec7,20260934,4,59,8,35,0.6393598170278594,0.9449271203813236
zic008_aec7,20260934,4,60,8,35,0.6477136277467523,0.9188022133807912
zic008_aec7,20260934,4,61,8,35,0.6208418215541895,0.9263062400766953
zic008_aec7,20260934,4,62,8,35,0.6253651140210221,0.9299502769154983
zic008_aec7,20260934,4,63,8,35,0.6288130699008854,0.9464660069974353
zic008_aec7,20260934,4,64,8,35,0.6528857105053394,0.9521861799946482
zic008_aec7,20260934,4,65,8,35,0.6071410744413146,0.9069075610529228
zic008_aec7,20260934,4,66,8,35,0.6176783628045395,0.9206011303423273
zic008_aec7,20260934,4,67,8,35,0.6176505093271503,0.9155338131296263
zic008_aec7,20260934,4,68,8,35,0.6542588948592479,0.9187139665976157
zic008_aec7,20260934,4,69,8,35,0.6170950030257559,0.9211047349247042
zic008_aec7,20260934,5,0,8,35,0.6265243459355035,0.9495465020346835
zic008_aec7,20260934,5,1,8,35,0.655273410743244,0.9493621700122093
zic008_aec7,20260934,5,2,8,35,0.6494795751570378,0.9487633799551788
zic008_aec7,20260934,5,3,8,35,0.6376076637685982,0.9403732721539784
zic008_aec7,20260934,5,4,8,35,0.6224295354848663,0.9335181702251222
zic008_aec7,20260934,5,5,8,35,0.6267621818433464,0.9491882914598914
zic008_aec7,20260934,5,6,8,35,0.6298059987276449,0.9379245678296109
zic008_aec7,20260934,5,7,8,35,0.6532145008429088,0.9482519644057142
zic008_aec7,20260934,5,8,8,35,0.6520078538540616,0.9371465767900622
zic008_aec7,20260934,5,9,8,35,0.6436976052206989,0.9453323801936476
zic008_aec7,20260934,5,10,8,35,0.6351506081490494,0.9294862134118568
zic008_aec7,20260934,5,11,8,35,0.6199354513979074,0.9366666908827952
zic008_aec7,20260934,5,12,8,35,0.626186672741299,0.9334561900812002
zic008_aec7,20260934,5,13,8,35,0.6499425271987175,0.9480035277471887
zic008_aec7,20260934,5,14,8,35,0.6549953988417679,0.9472608441584779
zic008_aec7,20260934,5,15,8,35,0.6376651744883531,0.9387599687532638
zic008_aec7,20260934,5,16,8,35,0.6213140762799291,0.9318290986488874
zic008_aec7,20260934,5,17,8,35,0.6244869515857435,0.9192656775009821
zic008_aec7,20260934,5,18,8,35,0.6267002709765558,0.9339810187594235
zic008_aec7,20260934,5,19,8,35,0.6527613794998417,0.944268155637386
zic008_aec7,20260934,5,20,8,35,0.6445042212506429,0.929515025468333
zic008_aec7,20260934,5,21,8,35,0.6449933934007721,0.9333200929005403
zic008_aec7,20260934,5,22,8,35,0.6435329494199881,0.9339692444658266
zic008_aec7,20260934,5,23,8,35,0.6663743289983854,0.9390631529136185
zic008_aec7,20260934,5,24,8,35,0.6607110340870261,0.9431950037986944
zic008_aec7,20260934,5,25,8,35,0.6606990238568677,0.9281858123454405
zic008_aec7,20260934,5,26,8,35,0.6365138235519908,0.9262559671360986
zic008_aec7,20260934,5,27,8,35,0.6389408213355333,0.9233987755033495
zic008_aec7,20260934,5,28,8,35,0.6449350643911091,0.9328639833378418
zic008_aec7,20260934,5,29,8,35,0.6680118118997384,0.9437067816232722
zic008_aec7,20260934,5,30,8,35,0.6332137280409571,0.9263758365332752
zic008_aec7,20260934,5,31,8,35,0.6503462281165223,0.9221622207294765
zic008_aec7,20260934,5,32,8,35,0.6370906181240595,0.9397586042194982
zic008_aec7,20260934,5,33,8,35,0.6558341870178109,0.9375456997760339
zic008_aec7,20260934,5,34,8,35,0.6380381432303387,0.9223716692728556
zic008_aec7,20260934,5,35,8,35,0.6436010516798816,0.9357155503627204
zic008_aec7,20260934,5,36,8,35,0.6483009194458801,0.9533574009884958
zic008_aec7,20260934,5,37,8,35,0.6378503405153539,0.9566620875882392
zic008_aec7,20260934,5,38,8,35,0.67634186252818,0.9508596882804295
zic008_aec7,20260934,5,39,8,35,0.6670191088524221,0.9625681176322721
zic008_aec7,20260934,5,40,8,35,0.6675875333834288,0.9447583972162121
zic008_aec7,20260934,5,41,8,35,0.6411018547972168,0.9410062387758279
zic008_aec7,20260934,5,42,8,35,0.6421961656263906,0.9346094914250043
zic008_aec7,20260934,5,43,8,35,0.6355187139668331,0.9575565767634333
zic008_aec7,20260934,5,44,8,35,0.6661653865499796,0.9560356829344906
zic008_aec7,20260934,5,45,8,35,0.6368589452944061,0.9351970820240965
zic008_aec7,20260934,5,46,8,35,0.6341857696628074,0.937650292271525
zic008_aec7,20260934,5,47,8,35,0.6251138714652451,0.9472395047099781
zic008_aec7,20260934,5,48,8,35,0.6559610074416304,0.944814496160134
zic008_aec7,20260934,5,49,8,35,0.6331221354171098,0.9451414477503174
zic008_aec7,20260934,5,50,8,35,0.661475838430922,0.9248227030005839
zic008_aec7,20260934,5,51,8,35,0.6618414496076799,0.9412276521912174
zic008_aec7,20260934,5,52,8,35,0.6657006616666942,0.9348788307949591
zic008_aec7,20260934,5,53,8,35,0.6744602648262297,0.9228961918210548
zic008_aec7,20260934,5,54,8,35,0.6575295852001771,0.9376327566232847
zic008_aec7,20260934,5,55,8,35,0.6524300839082685,0.9310524211123492
zic008_aec7,20260934,6,0,8,35,0.659394601762192,0.9439264406478692
zic008_aec7,20260934,6,1,8,35,0.6534320982124209,0.9480565358071124
zic008_aec7,20260934,6,2,8,35,0.651916527721648,0.9476546260745461
zic008_aec7,20260934,6,3,8,35,0.6740452983258531,0.9546384259990774
zic008_aec7,20260934,6,4,8,35,0.6730037710556083,0.9515508987337589
zic008_aec7,20260934,6,5,8,35,0.6642585823330399,0.9457822039574086
zic008_aec7,20260934,6,6,8,35,0.6505823126650422,0.9420729881943745
zic008_aec7,20260934,6,7,8,35,0.6521489935731063,0.9393477567039212
zic008_aec7,20260934,6,8,8,35,0.6524356604184058,0.9455255355148805
zic008_aec7,20260934,6,9,8,35,0.6750912053366865,0.9538131416320518
zic008_aec7,20260934,6,10,8,35,0.6519440465916345,0.9448544523496397
zic008_aec7,20260934,6,11,8,35,0.6599670336272875,0.9376945104414408
zic008_aec7,20260934,6,12,8,35,0.6482082634451327,0.9439514482793261
zic008_aec7,20260934,6,13,8,35,0.6702337952511228,0.9483517501005045
zic008_aec7,20260934,6,14,8,35,0.6511394131352676,0.9404487736423052
zic008_aec7,20260934,6,15,8,35,0.6675655782441667,0.9388077713199032
zic008_aec7,20260934,6,16,8,35,0.6705965501666435,0.93608152903689
zic008_aec7,20260934,6,17,8,35,0.66416990764223,0.9378284357649034
zic008_aec7,20260934,6,18,8,35,0.6826081826644577,0.9440607721814431
zic008_aec7,20260934,6,19,8,35,0.664079048058257,0.935089584121935
zic008_aec7,20260934,6,20,8,35,0.662951391509637,0.9365980681579384
zic008_aec7,20260934,6,21,8,35,0.6716742766654797,0.9527881675973119
zic008_aec7,20260934,6,22,8,35,0.6653829229271823,0.9502941794228494
zic008_aec7,20260934,6,23,8,35,0.6683379337551455,0.9566807861692574
zic008_aec7,20260934,6,24,8,35,0.6894455743651092,0.9565742706453525
zic008_aec7,20260934,6,25,8,35,0.6636496894793141,0.9498275926253862
zic008_aec7,20260934,6,26,8,35,0.657274258839246,0.948112682894932
zic008_aec7,20260934,6,27,8,35,0.6846670884760742,0.9424447335800009
zic008_aec7,20260934,7,0,8,35,0.6743875586768695,0.9562970693440623
zic008_aec7,20260934,7,1,8,35,0.6777852228551986,0.9466624999719089
zic008_aec7,20260934,7,2,8,35,0.6693325867675556,0.9456467983077267
zic008_aec7,20260934,7,3,8,35,0.6853619042144896,0.9590746388220802
zic008_aec7,20260934,7,4,8,35,0.6724433576881869,0.9462349690833346
zic008_aec7,20260934,7,5,8,35,0.6728786904941512,0.9448220797552492
zic008_aec7,20260934,7,6,8,35,0.6827962503082248,0.9459435530782107
zic008_aec7,20260934,7,7,8,35,0.6873564666158989,0.962480783191883
zic008_aec7,20260934,8,0,8,35,0.6878308420332253,0.9498214176010839
zic008_h1650,20260915,1,0,2,35,0.2493884759761537,0.5690668517220849
zic008_h1650,20260915,1,1,2,35,0.5624128718915739,0.8562218915358772
zic008_h1650,20260915,2,0,2,35,0.552322988498586,0.8607160434595325
zic008_h1650,20260916,1,0,2,35,0.27363804675852466,0.4776586025127808
zic008_h1650,20260916,1,1,2,35,0.25715819583366173,0.535354548213228
zic008_h1650,20260916,2,0,2,35,0.2894189930849135,0.5207692747344184
zic008_h1650,20260917,1,0,2,35,0.5990684609426725,0.7993403417221587
zic008_h1650,20260917,1,1,2,35,0.21784132185415847,0.6113580912242986
zic008_h1650,20260917,2,0,2,35,0.552322988498586,0.8607160434595325
zic008_h1650,20260918,1,0,2,35,0.2636306148761943,0.5195394120061846
zic008_h1650,20260918,1,1,2,35,0.5838252887070683,0.8332683037773453
zic008_h1650,20260918,2,0,2,35,0.5423329070273883,0.8419693420220423
zic008_h1650,20260919,1,0,2,35,0.2272536313244375,0.6313827679716667
zic008_h1650,20260919,1,1,2,35,0.5600311465434146,0.7888536454566722
zic008_h1650,20260919,2,0,2,35,0.5423329070273883,0.8419693420220423
zic008_h1650,20260920,1,0,2,35,0.25715819583366173,0.535354548213228
zic008_h1650,20260920,1,1,2,35,0.27363804675852466,0.4776586025127808
zic008_h1650,20260920,2,0,2,35,0.2894189930849135,0.5207692747344184
zic008_h1650,20260921,1,0,2,35,0.25715819583366173,0.535354548213228
zic008_h1650,20260921,1,1,2,35,0.27363804675852466,0.4776586025127808
zic008_h1650,20260921,2,0,2,35,0.2894189930849135,0.5207692747344184
zic008_h1650,20260922,1,0,2,35,0.25715819583366173,0.535354548213228
zic008_h1650,20260922,1,1,2,35,0.27363804675852466,0.4776586025127808
zic008_h1650,20260922,2,0,2,35,0.2894189930849135,0.5207692747344184
zic008_h1650,20260923,1,0,2,35,0.27363804675852466,0.4776586025127808
zic008_h1650,20260923,1,1,2,35,0.25715819583366173,0.535354548213228
zic008_h1650,20260923,2,0,2,35,0.2894189930849135,0.5207692747344184
zic008_h1650,20260924,1,0,2,35,0.20461728308113697,0.510552110227834
zic008_h1650,20260924,1,1,2,35,0.2524299392680871,0.44044458146693954
zic008_h1650,20260924,2,0,2,35,0.2894189930849135,0.5207692747344184
zic008_h1650,20260925,1,0,2,35,0.5600311465434146,0.7888536454566722
zic008_h1650,20260925,1,1,2,35,0.2272536313244375,0.6313827679716667
zic008_h1650,20260925,2,0,2,35,0.5423329070273883,0.8419693420220423
zic008_h1650,20260926,1,0,2,35,0.2272536313244375,0.6313827679716667
zic008_h1650,20260926,1,1,2,35,0.5600311465434146,0.7888536454566722
zic008_h1650,20260926,2,0,2,35,0.5423329070273883,0.8419693420220423
zic008_h1650,20260927,1,0,2,35,0.5624128718915739,0.8562218915358772
zic008_h1650,20260927,1,1,2,35,0.2493884759761537,0.5690668517220849
zic008_h1650,20260927,2,0,2,35,0.552322988498586,0.8607160434595325
zic008_h1650,20260928,1,0,2,35,0.2272536313244375,0.6313827679716667
zic008_h1650,20260928,1,1,2,35,0.5600311465434146,0.7888536454566722
zic008_h1650,20260928,2,0,2,35,0.5423329070273883,0.8419693420220423
zic008_h1650,20260929,1,0,2,35,0.5990684609426725,0.7993403417221587
zic008_h1650,20260929,1,1,2,35,0.21784132185415847,0.6113580912242986
zic008_h1650,20260929,2,0,2,35,0.552322988498586,0.8607160434595325
zic008_h1650,20260930,1,0,2,35,0.21784132185415847,0.6113580912242986
zic008_h1650,20260930,1,1,2,35,0.5990684609426725,0.7993403417221587
zic008_h1650,20260930,2,0,2,35,0.552322988498586,0.8607160434595325
zic008_h1650,20260931,1,0,2,35,0.2272536313244375,0.6313827679716667
zic008_h1650,20260931,1,1,2,35,0.5600311465434146,0.7888536454566722
zic008_h1650,20260931,2,0,2,35,0.5423329070273883,0.8419693420220423
zic008_h1650,20260932,1,0,2,35,0.2272536313244375,0.6313827679716667
zic008_h1650,20260932,1,1,2,35,0.5600311465434146,0.7888536454566722
zic008_h1650,20260932,2,0,2,35,0.5423329070273883,0.8419693420220423
zic008_h1650,20260933,1,0,2,35,0.5990684609426725,0.7993403417221587
zic008_h1650,20260933,1,1,2,35,0.21784132185415847,0.6113580912242986
zic008_h1650,20260933,2,0,2,35,0.552322988498586,0.8607160434595325
zic008_h1650,20260934,1,0,2,35,0.5624128718915739,0.8562218915358772
zic008_h1650,20260934,1,1,2,35,0.2493884759761537,0.5690668517220849
zic008_h1650,20260934,2,0,2,35,0.552322988498586,0.8607160434595325
zic008_hek293,20260915,1,0,2,34,0.5734242974264303,0.8168820725028827
zic008_hek293,20260915,1,1,2,34,0.5345275214439134,0.8194817792445475
zic008_hek293,20260915,2,0,2,34,0.6693061516633017,0.8783232904175498
zic008_hek293,20260916,1,0,2,34,0.604281975224771,0.8797166623706365
zic008_hek293,20260916,1,1,2,34,0.4583903315514447,0.732601107986302
zic008_hek293,20260916,2,0,2,34,0.6693061516633017,0.8783232904175498
zic008_hek293,20260917,1,0,2,34,0.3550034042993046,0.5758448606018944
zic008_hek293,20260917,1,1,2,34,0.4123140746540291,0.6469651503920466
zic008_hek293,20260917,2,0,2,34,0.455428008513609,0.6540886668839281
zic008_hek293,20260918,1,0,2,34,0.45738214452003856,0.716073720228266
zic008_hek293,20260918,1,1,2,34,0.5838419547767958,0.839979643899389
zic008_hek293,20260918,2,0,2,34,0.6659503911598974,0.8900524104984248
zic008_hek293,20260919,1,0,2,34,0.5685160419821451,0.8388521993847815
zic008_hek293,20260919,1,1,2,34,0.5036930275014022,0.7575398203271979
zic008_hek293,20260919,2,0,2,34,0.6659503911598974,0.8900524104984248
zic008_hek293,20260920,1,0,2,34,0.604281975224771,0.8797166623706365
zic008_hek293,20260920,1,1,2,34,0.4583903315514447,0.732601107986302
zic008_hek293,20260920,2,0,2,34,0.6693061516633017,0.8783232904175498
zic008_hek293,20260921,1,0,2,34,0.4155678702541292,0.7091492655305345
zic008_hek293,20260921,1,1,2,34,0.3855732404706175,0.623157659723182
zic008_hek293,20260921,2,0,2,34,0.455428008513609,0.6540886668839281
zic008_hek293,20260922,1,0,2,34,0.5734242974264303,0.8168820725028827
zic008_hek293,20260922,1,1,2,34,0.5345275214439134,0.8194817792445475
zic008_hek293,20260922,2,0,2,34,0.6693061516633017,0.8783232904175498
zic008_hek293,20260923,1,0,2,34,0.4155678702541292,0.7091492655305345
zic008_hek293,20260923,1,1,2,34,0.3855732404706175,0.623157659723182
zic008_hek293,20260923,2,0,2,34,0.455428008513609,0.6540886668839281
zic008_hek293,20260924,1,0,2,34,0.5734242974264303,0.8168820725028827
zic008_hek293,20260924,1,1,2,34,0.5345275214439134,0.8194817792445475
zic008_hek293,20260924,2,0,2,34,0.6693061516633017,0.8783232904175498
zic008_hek293,20260925,1,0,2,34,0.3855732404706175,0.623157659723182
zic008_hek293,20260925,1,1,2,34,0.4155678702541292,0.7091492655305345
zic008_hek293,20260925,2,0,2,34,0.455428008513609,0.6540886668839281
zic008_hek293,20260926,1,0,2,34,0.4583903315514447,0.732601107986302
zic008_hek293,20260926,1,1,2,34,0.604281975224771,0.8797166623706365
zic008_hek293,20260926,2,0,2,34,0.6693061516633017,0.8783232904175498
zic008_hek293,20260927,1,0,2,34,0.5685160419821451,0.8388521993847815
zic008_hek293,20260927,1,1,2,34,0.5036930275014022,0.7575398203271979
zic008_hek293,20260927,2,0,2,34,0.6659503911598974,0.8900524104984248
zic008_hek293,20260928,1,0,2,34,0.3550034042993046,0.5758448606018944
zic008_hek293,20260928,1,1,2,34,0.4123140746540291,0.6469651503920466
zic008_hek293,20260928,2,0,2,34,0.455428008513609,0.6540886668839281
zic008_hek293,20260929,1,0,2,34,0.3855732404706175,0.623157659723182
zic008_hek293,20260929,1,1,2,34,0.4155678702541292,0.7091492655305345
zic008_hek293,20260929,2,0,2,34,0.455428008513609,0.6540886668839281
zic008_hek293,20260930,1,0,2,34,0.45738214452003856,0.716073720228266
zic008_hek293,20260930,1,1,2,34,0.5838419547767958,0.839979643899389
zic008_hek293,20260930,2,0,2,34,0.6659503911598974,0.8900524104984248
zic008_hek293,20260931,1,0,2,34,0.5734242974264303,0.8168820725028827
zic008_hek293,20260931,1,1,2,34,0.5345275214439134,0.8194817792445475
zic008_hek293,20260931,2,0,2,34,0.6693061516633017,0.8783232904175498
zic008_hek293,20260932,1,0,2,34,0.3855732404706175,0.623157659723182
zic008_hek293,20260932,1,1,2,34,0.4155678702541292,0.7091492655305345
zic008_hek293,20260932,2,0,2,34,0.455428008513609,0.6540886668839281
zic008_hek293,20260933,1,0,2,34,0.4583903315514447,0.732601107986302
zic008_hek293,20260933,1,1,2,34,0.604281975224771,0.8797166623706365
zic008_hek293,20260933,2,0,2,34,0.6693061516633017,0.8783232904175498
zic008_hek293,20260934,1,0,2,34,0.4123140746540291,0.6469651503920466
zic008_hek293,20260934,1,1,2,34,0.3550034042993046,0.5758448606018944
zic008_hek293,20260934,2,0,2,34,0.455428008513609,0.6540886668839281
zic008_hek293clone,20260915,1,0,1,35,0.6215955574212938,0.8742942616276504
zic008_hek293clone,20260916,1,0,1,35,0.6215955574212938,0.8742942616276504
zic008_hek293clone,20260917,1,0,1,35,0.6215955574212938,0.8742942616276504
zic008_hek293clone,20260918,1,0,1,35,0.6215955574212938,0.8742942616276504
zic008_hek293clone,20260919,1,0,1,35,0.6215955574212938,0.8742942616276504
zic008_hek293clone,20260920,1,0,1,35,0.6215955574212938,0.8742942616276504
zic008_hek293clone,20260921,1,0,1,35,0.6215955574212938,0.8742942616276504
zic008_hek293clone,20260922,1,0,1,35,0.6215955574212938,0.8742942616276504
zic008_hek293clone,20260923,1,0,1,35,0.6215955574212938,0.8742942616276504
zic008_hek293clone,20260924,1,0,1,35,0.6215955574212938,0.8742942616276504
zic008_hek293clone,20260925,1,0,1,35,0.6215955574212938,0.8742942616276504
zic008_hek293clone,20260926,1,0,1,35,0.6215955574212938,0.8742942616276504
zic008_hek293clone,20260927,1,0,1,35,0.6215955574212938,0.8742942616276504
zic008_hek293clone,20260928,1,0,1,35,0.6215955574212938,0.8742942616276504
zic008_hek293clone,20260929,1,0,1,35,0.6215955574212938,0.8742942616276504
zic008_hek293clone,20260930,1,0,1,35,0.6215955574212938,0.8742942616276504
zic008_hek293clone,20260931,1,0,1,35,0.6215955574212938,0.8742942616276504
zic008_hek293clone,20260932,1,0,1,35,0.6215955574212938,0.8742942616276504
zic008_hek293clone,20260933,1,0,1,35,0.6215955574212938,0.8742942616276504
zic008_hek293clone,20260934,1,0,1,35,0.6215955574212938,0.8742942616276504
