context,split_seed,n_acquisition_batches,subset_index,n_heldout_batches,n_controls,acquisition_batch_ids,heldout_batch_ids
zic008_a549,20260915,1,0,5,35,batch_10,batch_01|batch_06|batch_05|batch_02|batch_04
zic008_a549,20260915,1,1,5,35,batch_08,batch_01|batch_06|batch_05|batch_02|batch_04
zic008_a549,20260915,1,2,5,35,batch_07,batch_01|batch_06|batch_05|batch_02|batch_04
zic008_a549,20260915,1,3,5,35,batch_03,batch_01|batch_06|batch_05|batch_02|batch_04
zic008_a549,20260915,1,4,5,35,batch_09,batch_01|batch_06|batch_05|batch_02|batch_04
zic008_a549,20260915,2,0,5,35,batch_10|batch_08,batch_01|batch_06|batch_05|batch_02|batch_04
zic008_a549,20260915,2,1,5,35,batch_10|batch_07,batch_01|batch_06|batch_05|batch_02|batch_04
zic008_a549,20260915,2,2,5,35,batch_10|batch_03,batch_01|batch_06|batch_05|batch_02|batch_04
zic008_a549,20260915,2,3,5,35,batch_10|batch_09,batch_01|batch_06|batch_05|batch_02|batch_04
zic008_a549,20260915,2,4,5,35,batch_08|batch_07,batch_01|batch_06|batch_05|batch_02|batch_04
zic008_a549,20260915,2,5,5,35,batch_08|batch_03,batch_01|batch_06|batch_05|batch_02|batch_04
zic008_a549,20260915,2,6,5,35,batch_08|batch_09,batch_01|batch_06|batch_05|batch_02|batch_04
zic008_a549,20260915,2,7,5,35,batch_07|batch_03,batch_01|batch_06|batch_05|batch_02|batch_04
zic008_a549,20260915,2,8,5,35,batch_07|batch_09,batch_01|batch_06|batch_05|batch_02|batch_04
zic008_a549,20260915,2,9,5,35,batch_03|batch_09,batch_01|batch_06|batch_05|batch_02|batch_04
zic008_a549,20260915,3,0,5,35,batch_10|batch_08|batch_07,batch_01|batch_06|batch_05|batch_02|batch_04
zic008_a549,20260915,3,1,5,35,batch_10|batch_08|batch_03,batch_01|batch_06|batch_05|batch_02|batch_04
zic008_a549,20260915,3,2,5,35,batch_10|batch_08|batch_09,batch_01|batch_06|batch_05|batch_02|batch_04
zic008_a549,20260915,3,3,5,35,batch_10|batch_07|batch_03,batch_01|batch_06|batch_05|batch_02|batch_04
zic008_a549,20260915,3,4,5,35,batch_10|batch_07|batch_09,batch_01|batch_06|batch_05|batch_02|batch_04
zic008_a549,20260915,3,5,5,35,batch_10|batch_03|batch_09,batch_01|batch_06|batch_05|batch_02|batch_04
zic008_a549,20260915,3,6,5,35,batch_08|batch_07|batch_03,batch_01|batch_06|batch_05|batch_02|batch_04
zic008_a549,20260915,3,7,5,35,batch_08|batch_07|batch_09,batch_01|batch_06|batch_05|batch_02|batch_04
zic008_a549,20260915,3,8,5,35,batch_08|batch_03|batch_09,batch_01|batch_06|batch_05|batch_02|batch_04
zic008_a549,20260915,3,9,5,35,batch_07|batch_03|batch_09,batch_01|batch_06|batch_05|batch_02|batch_04
zic008_a549,20260915,4,0,5,35,batch_10|batch_08|batch_07|batch_03,batch_01|batch_06|batch_05|batch_02|batch_04
zic008_a549,20260915,4,1,5,35,batch_10|batch_08|batch_07|batch_09,batch_01|batch_06|batch_05|batch_02|batch_04
zic008_a549,20260915,4,2,5,35,batch_10|batch_08|batch_03|batch_09,batch_01|batch_06|batch_05|batch_02|batch_04
zic008_a549,20260915,4,3,5,35,batch_10|batch_07|batch_03|batch_09,batch_01|batch_06|batch_05|batch_02|batch_04
zic008_a549,20260915,4,4,5,35,batch_08|batch_07|batch_03|batch_09,batch_01|batch_06|batch_05|batch_02|batch_04
zic008_a549,20260915,5,0,5,35,batch_10|batch_08|batch_07|batch_03|batch_09,batch_01|batch_06|batch_05|batch_02|batch_04
zic008_a549,20260916,1,0,5,35,batch_05,batch_03|batch_07|batch_02|batch_06|batch_04
zic008_a549,20260916,1,1,5,35,batch_10,batch_03|batch_07|batch_02|batch_06|batch_04
zic008_a549,20260916,1,2,5,35,batch_09,batch_03|batch_07|batch_02|batch_06|batch_04
zic008_a549,20260916,1,3,5,35,batch_01,batch_03|batch_07|batch_02|batch_06|batch_04
zic008_a549,20260916,1,4,5,35,batch_08,batch_03|batch_07|batch_02|batch_06|batch_04
zic008_a549,20260916,2,0,5,35,batch_05|batch_10,batch_03|batch_07|batch_02|batch_06|batch_04
zic008_a549,20260916,2,1,5,35,batch_05|batch_09,batch_03|batch_07|batch_02|batch_06|batch_04
zic008_a549,20260916,2,2,5,35,batch_05|batch_01,batch_03|batch_07|batch_02|batch_06|batch_04
zic008_a549,20260916,2,3,5,35,batch_05|batch_08,batch_03|batch_07|batch_02|batch_06|batch_04
zic008_a549,20260916,2,4,5,35,batch_10|batch_09,batch_03|batch_07|batch_02|batch_06|batch_04
zic008_a549,20260916,2,5,5,35,batch_10|batch_01,batch_03|batch_07|batch_02|batch_06|batch_04
zic008_a549,20260916,2,6,5,35,batch_10|batch_08,batch_03|batch_07|batch_02|batch_06|batch_04
zic008_a549,20260916,2,7,5,35,batch_09|batch_01,batch_03|batch_07|batch_02|batch_06|batch_04
zic008_a549,20260916,2,8,5,35,batch_09|batch_08,batch_03|batch_07|batch_02|batch_06|batch_04
zic008_a549,20260916,2,9,5,35,batch_01|batch_08,batch_03|batch_07|batch_02|batch_06|batch_04
zic008_a549,20260916,3,0,5,35,batch_05|batch_10|batch_09,batch_03|batch_07|batch_02|batch_06|batch_04
zic008_a549,20260916,3,1,5,35,batch_05|batch_10|batch_01,batch_03|batch_07|batch_02|batch_06|batch_04
zic008_a549,20260916,3,2,5,35,batch_05|batch_10|batch_08,batch_03|batch_07|batch_02|batch_06|batch_04
zic008_a549,20260916,3,3,5,35,batch_05|batch_09|batch_01,batch_03|batch_07|batch_02|batch_06|batch_04
zic008_a549,20260916,3,4,5,35,batch_05|batch_09|batch_08,batch_03|batch_07|batch_02|batch_06|batch_04
zic008_a549,20260916,3,5,5,35,batch_05|batch_01|batch_08,batch_03|batch_07|batch_02|batch_06|batch_04
zic008_a549,20260916,3,6,5,35,batch_10|batch_09|batch_01,batch_03|batch_07|batch_02|batch_06|batch_04
zic008_a549,20260916,3,7,5,35,batch_10|batch_09|batch_08,batch_03|batch_07|batch_02|batch_06|batch_04
zic008_a549,20260916,3,8,5,35,batch_10|batch_01|batch_08,batch_03|batch_07|batch_02|batch_06|batch_04
zic008_a549,20260916,3,9,5,35,batch_09|batch_01|batch_08,batch_03|batch_07|batch_02|batch_06|batch_04
zic008_a549,20260916,4,0,5,35,batch_05|batch_10|batch_09|batch_01,batch_03|batch_07|batch_02|batch_06|batch_04
zic008_a549,20260916,4,1,5,35,batch_05|batch_10|batch_09|batch_08,batch_03|batch_07|batch_02|batch_06|batch_04
zic008_a549,20260916,4,2,5,35,batch_05|batch_10|batch_01|batch_08,batch_03|batch_07|batch_02|batch_06|batch_04
zic008_a549,20260916,4,3,5,35,batch_05|batch_09|batch_01|batch_08,batch_03|batch_07|batch_02|batch_06|batch_04
zic008_a549,20260916,4,4,5,35,batch_10|batch_09|batch_01|batch_08,batch_03|batch_07|batch_02|batch_06|batch_04
zic008_a549,20260916,5,0,5,35,batch_05|batch_10|batch_09|batch_01|batch_08,batch_03|batch_07|batch_02|batch_06|batch_04
zic008_a549,20260917,1,0,5,35,batch_01,batch_10|batch_03|batch_04|batch_07|batch_06
zic008_a549,20260917,1,1,5,35,batch_05,batch_10|batch_03|batch_04|batch_07|batch_06
zic008_a549,20260917,1,2,5,35,batch_09,batch_10|batch_03|batch_04|batch_07|batch_06
zic008_a549,20260917,1,3,5,35,batch_02,batch_10|batch_03|batch_04|batch_07|batch_06
zic008_a549,20260917,1,4,5,35,batch_08,batch_10|batch_03|batch_04|batch_07|batch_06
zic008_a549,20260917,2,0,5,35,batch_01|batch_05,batch_10|batch_03|batch_04|batch_07|batch_06
zic008_a549,20260917,2,1,5,35,batch_01|batch_09,batch_10|batch_03|batch_04|batch_07|batch_06
zic008_a549,20260917,2,2,5,35,batch_01|batch_02,batch_10|batch_03|batch_04|batch_07|batch_06
zic008_a549,20260917,2,3,5,35,batch_01|batch_08,batch_10|batch_03|batch_04|batch_07|batch_06
zic008_a549,20260917,2,4,5,35,batch_05|batch_09,batch_10|batch_03|batch_04|batch_07|batch_06
zic008_a549,20260917,2,5,5,35,batch_05|batch_02,batch_10|batch_03|batch_04|batch_07|batch_06
zic008_a549,20260917,2,6,5,35,batch_05|batch_08,batch_10|batch_03|batch_04|batch_07|batch_06
zic008_a549,20260917,2,7,5,35,batch_09|batch_02,batch_10|batch_03|batch_04|batch_07|batch_06
zic008_a549,20260917,2,8,5,35,batch_09|batch_08,batch_10|batch_03|batch_04|batch_07|batch_06
zic008_a549,20260917,2,9,5,35,batch_02|batch_08,batch_10|batch_03|batch_04|batch_07|batch_06
zic008_a549,20260917,3,0,5,35,batch_01|batch_05|batch_09,batch_10|batch_03|batch_04|batch_07|batch_06
zic008_a549,20260917,3,1,5,35,batch_01|batch_05|batch_02,batch_10|batch_03|batch_04|batch_07|batch_06
zic008_a549,20260917,3,2,5,35,batch_01|batch_05|batch_08,batch_10|batch_03|batch_04|batch_07|batch_06
zic008_a549,20260917,3,3,5,35,batch_01|batch_09|batch_02,batch_10|batch_03|batch_04|batch_07|batch_06
zic008_a549,20260917,3,4,5,35,batch_01|batch_09|batch_08,batch_10|batch_03|batch_04|batch_07|batch_06
zic008_a549,20260917,3,5,5,35,batch_01|batch_02|batch_08,batch_10|batch_03|batch_04|batch_07|batch_06
zic008_a549,20260917,3,6,5,35,batch_05|batch_09|batch_02,batch_10|batch_03|batch_04|batch_07|batch_06
zic008_a549,20260917,3,7,5,35,batch_05|batch_09|batch_08,batch_10|batch_03|batch_04|batch_07|batch_06
zic008_a549,20260917,3,8,5,35,batch_05|batch_02|batch_08,batch_10|batch_03|batch_04|batch_07|batch_06
zic008_a549,20260917,3,9,5,35,batch_09|batch_02|batch_08,batch_10|batch_03|batch_04|batch_07|batch_06
zic008_a549,20260917,4,0,5,35,batch_01|batch_05|batch_09|batch_02,batch_10|batch_03|batch_04|batch_07|batch_06
zic008_a549,20260917,4,1,5,35,batch_01|batch_05|batch_09|batch_08,batch_10|batch_03|batch_04|batch_07|batch_06
zic008_a549,20260917,4,2,5,35,batch_01|batch_05|batch_02|batch_08,batch_10|batch_03|batch_04|batch_07|batch_06
zic008_a549,20260917,4,3,5,35,batch_01|batch_09|batch_02|batch_08,batch_10|batch_03|batch_04|batch_07|batch_06
zic008_a549,20260917,4,4,5,35,batch_05|batch_09|batch_02|batch_08,batch_10|batch_03|batch_04|batch_07|batch_06
zic008_a549,20260917,5,0,5,35,batch_01|batch_05|batch_09|batch_02|batch_08,batch_10|batch_03|batch_04|batch_07|batch_06
zic008_a549,20260918,1,0,5,35,batch_08,batch_05|batch_06|batch_07|batch_09|batch_03
zic008_a549,20260918,1,1,5,35,batch_10,batch_05|batch_06|batch_07|batch_09|batch_03
zic008_a549,20260918,1,2,5,35,batch_02,batch_05|batch_06|batch_07|batch_09|batch_03
zic008_a549,20260918,1,3,5,35,batch_04,batch_05|batch_06|batch_07|batch_09|batch_03
zic008_a549,20260918,1,4,5,35,batch_01,batch_05|batch_06|batch_07|batch_09|batch_03
zic008_a549,20260918,2,0,5,35,batch_08|batch_10,batch_05|batch_06|batch_07|batch_09|batch_03
zic008_a549,20260918,2,1,5,35,batch_08|batch_02,batch_05|batch_06|batch_07|batch_09|batch_03
zic008_a549,20260918,2,2,5,35,batch_08|batch_04,batch_05|batch_06|batch_07|batch_09|batch_03
zic008_a549,20260918,2,3,5,35,batch_08|batch_01,batch_05|batch_06|batch_07|batch_09|batch_03
zic008_a549,20260918,2,4,5,35,batch_10|batch_02,batch_05|batch_06|batch_07|batch_09|batch_03
zic008_a549,20260918,2,5,5,35,batch_10|batch_04,batch_05|batch_06|batch_07|batch_09|batch_03
zic008_a549,20260918,2,6,5,35,batch_10|batch_01,batch_05|batch_06|batch_07|batch_09|batch_03
zic008_a549,20260918,2,7,5,35,batch_02|batch_04,batch_05|batch_06|batch_07|batch_09|batch_03
zic008_a549,20260918,2,8,5,35,batch_02|batch_01,batch_05|batch_06|batch_07|batch_09|batch_03
zic008_a549,20260918,2,9,5,35,batch_04|batch_01,batch_05|batch_06|batch_07|batch_09|batch_03
zic008_a549,20260918,3,0,5,35,batch_08|batch_10|batch_02,batch_05|batch_06|batch_07|batch_09|batch_03
zic008_a549,20260918,3,1,5,35,batch_08|batch_10|batch_04,batch_05|batch_06|batch_07|batch_09|batch_03
zic008_a549,20260918,3,2,5,35,batch_08|batch_10|batch_01,batch_05|batch_06|batch_07|batch_09|batch_03
zic008_a549,20260918,3,3,5,35,batch_08|batch_02|batch_04,batch_05|batch_06|batch_07|batch_09|batch_03
zic008_a549,20260918,3,4,5,35,batch_08|batch_02|batch_01,batch_05|batch_06|batch_07|batch_09|batch_03
zic008_a549,20260918,3,5,5,35,batch_08|batch_04|batch_01,batch_05|batch_06|batch_07|batch_09|batch_03
zic008_a549,20260918,3,6,5,35,batch_10|batch_02|batch_04,batch_05|batch_06|batch_07|batch_09|batch_03
zic008_a549,20260918,3,7,5,35,batch_10|batch_02|batch_01,batch_05|batch_06|batch_07|batch_09|batch_03
zic008_a549,20260918,3,8,5,35,batch_10|batch_04|batch_01,batch_05|batch_06|batch_07|batch_09|batch_03
zic008_a549,20260918,3,9,5,35,batch_02|batch_04|batch_01,batch_05|batch_06|batch_07|batch_09|batch_03
zic008_a549,20260918,4,0,5,35,batch_08|batch_10|batch_02|batch_04,batch_05|batch_06|batch_07|batch_09|batch_03
zic008_a549,20260918,4,1,5,35,batch_08|batch_10|batch_02|batch_01,batch_05|batch_06|batch_07|batch_09|batch_03
zic008_a549,20260918,4,2,5,35,batch_08|batch_10|batch_04|batch_01,batch_05|batch_06|batch_07|batch_09|batch_03
zic008_a549,20260918,4,3,5,35,batch_08|batch_02|batch_04|batch_01,batch_05|batch_06|batch_07|batch_09|batch_03
zic008_a549,20260918,4,4,5,35,batch_10|batch_02|batch_04|batch_01,batch_05|batch_06|batch_07|batch_09|batch_03
zic008_a549,20260918,5,0,5,35,batch_08|batch_10|batch_02|batch_04|batch_01,batch_05|batch_06|batch_07|batch_09|batch_03
zic008_a549,20260919,1,0,5,35,batch_03,batch_07|batch_02|batch_01|batch_09|batch_08
zic008_a549,20260919,1,1,5,35,batch_05,batch_07|batch_02|batch_01|batch_09|batch_08
zic008_a549,20260919,1,2,5,35,batch_10,batch_07|batch_02|batch_01|batch_09|batch_08
zic008_a549,20260919,1,3,5,35,batch_06,batch_07|batch_02|batch_01|batch_09|batch_08
zic008_a549,20260919,1,4,5,35,batch_04,batch_07|batch_02|batch_01|batch_09|batch_08
zic008_a549,20260919,2,0,5,35,batch_03|batch_05,batch_07|batch_02|batch_01|batch_09|batch_08
zic008_a549,20260919,2,1,5,35,batch_03|batch_10,batch_07|batch_02|batch_01|batch_09|batch_08
zic008_a549,20260919,2,2,5,35,batch_03|batch_06,batch_07|batch_02|batch_01|batch_09|batch_08
zic008_a549,20260919,2,3,5,35,batch_03|batch_04,batch_07|batch_02|batch_01|batch_09|batch_08
zic008_a549,20260919,2,4,5,35,batch_05|batch_10,batch_07|batch_02|batch_01|batch_09|batch_08
zic008_a549,20260919,2,5,5,35,batch_05|batch_06,batch_07|batch_02|batch_01|batch_09|batch_08
zic008_a549,20260919,2,6,5,35,batch_05|batch_04,batch_07|batch_02|batch_01|batch_09|batch_08
zic008_a549,20260919,2,7,5,35,batch_10|batch_06,batch_07|batch_02|batch_01|batch_09|batch_08
zic008_a549,20260919,2,8,5,35,batch_10|batch_04,batch_07|batch_02|batch_01|batch_09|batch_08
zic008_a549,20260919,2,9,5,35,batch_06|batch_04,batch_07|batch_02|batch_01|batch_09|batch_08
zic008_a549,20260919,3,0,5,35,batch_03|batch_05|batch_10,batch_07|batch_02|batch_01|batch_09|batch_08
zic008_a549,20260919,3,1,5,35,batch_03|batch_05|batch_06,batch_07|batch_02|batch_01|batch_09|batch_08
zic008_a549,20260919,3,2,5,35,batch_03|batch_05|batch_04,batch_07|batch_02|batch_01|batch_09|batch_08
zic008_a549,20260919,3,3,5,35,batch_03|batch_10|batch_06,batch_07|batch_02|batch_01|batch_09|batch_08
zic008_a549,20260919,3,4,5,35,batch_03|batch_10|batch_04,batch_07|batch_02|batch_01|batch_09|batch_08
zic008_a549,20260919,3,5,5,35,batch_03|batch_06|batch_04,batch_07|batch_02|batch_01|batch_09|batch_08
zic008_a549,20260919,3,6,5,35,batch_05|batch_10|batch_06,batch_07|batch_02|batch_01|batch_09|batch_08
zic008_a549,20260919,3,7,5,35,batch_05|batch_10|batch_04,batch_07|batch_02|batch_01|batch_09|batch_08
zic008_a549,20260919,3,8,5,35,batch_05|batch_06|batch_04,batch_07|batch_02|batch_01|batch_09|batch_08
zic008_a549,20260919,3,9,5,35,batch_10|batch_06|batch_04,batch_07|batch_02|batch_01|batch_09|batch_08
zic008_a549,20260919,4,0,5,35,batch_03|batch_05|batch_10|batch_06,batch_07|batch_02|batch_01|batch_09|batch_08
zic008_a549,20260919,4,1,5,35,batch_03|batch_05|batch_10|batch_04,batch_07|batch_02|batch_01|batch_09|batch_08
zic008_a549,20260919,4,2,5,35,batch_03|batch_05|batch_06|batch_04,batch_07|batch_02|batch_01|batch_09|batch_08
zic008_a549,20260919,4,3,5,35,batch_03|batch_10|batch_06|batch_04,batch_07|batch_02|batch_01|batch_09|batch_08
zic008_a549,20260919,4,4,5,35,batch_05|batch_10|batch_06|batch_04,batch_07|batch_02|batch_01|batch_09|batch_08
zic008_a549,20260919,5,0,5,35,batch_03|batch_05|batch_10|batch_06|batch_04,batch_07|batch_02|batch_01|batch_09|batch_08
zic008_a549,20260920,1,0,5,35,batch_05,batch_03|batch_01|batch_08|batch_09|batch_04
zic008_a549,20260920,1,1,5,35,batch_02,batch_03|batch_01|batch_08|batch_09|batch_04
zic008_a549,20260920,1,2,5,35,batch_07,batch_03|batch_01|batch_08|batch_09|batch_04
zic008_a549,20260920,1,3,5,35,batch_06,batch_03|batch_01|batch_08|batch_09|batch_04
zic008_a549,20260920,1,4,5,35,batch_10,batch_03|batch_01|batch_08|batch_09|batch_04
zic008_a549,20260920,2,0,5,35,batch_05|batch_02,batch_03|batch_01|batch_08|batch_09|batch_04
zic008_a549,20260920,2,1,5,35,batch_05|batch_07,batch_03|batch_01|batch_08|batch_09|batch_04
zic008_a549,20260920,2,2,5,35,batch_05|batch_06,batch_03|batch_01|batch_08|batch_09|batch_04
zic008_a549,20260920,2,3,5,35,batch_05|batch_10,batch_03|batch_01|batch_08|batch_09|batch_04
zic008_a549,20260920,2,4,5,35,batch_02|batch_07,batch_03|batch_01|batch_08|batch_09|batch_04
zic008_a549,20260920,2,5,5,35,batch_02|batch_06,batch_03|batch_01|batch_08|batch_09|batch_04
zic008_a549,20260920,2,6,5,35,batch_02|batch_10,batch_03|batch_01|batch_08|batch_09|batch_04
zic008_a549,20260920,2,7,5,35,batch_07|batch_06,batch_03|batch_01|batch_08|batch_09|batch_04
zic008_a549,20260920,2,8,5,35,batch_07|batch_10,batch_03|batch_01|batch_08|batch_09|batch_04
zic008_a549,20260920,2,9,5,35,batch_06|batch_10,batch_03|batch_01|batch_08|batch_09|batch_04
zic008_a549,20260920,3,0,5,35,batch_05|batch_02|batch_07,batch_03|batch_01|batch_08|batch_09|batch_04
zic008_a549,20260920,3,1,5,35,batch_05|batch_02|batch_06,batch_03|batch_01|batch_08|batch_09|batch_04
zic008_a549,20260920,3,2,5,35,batch_05|batch_02|batch_10,batch_03|batch_01|batch_08|batch_09|batch_04
zic008_a549,20260920,3,3,5,35,batch_05|batch_07|batch_06,batch_03|batch_01|batch_08|batch_09|batch_04
zic008_a549,20260920,3,4,5,35,batch_05|batch_07|batch_10,batch_03|batch_01|batch_08|batch_09|batch_04
zic008_a549,20260920,3,5,5,35,batch_05|batch_06|batch_10,batch_03|batch_01|batch_08|batch_09|batch_04
zic008_a549,20260920,3,6,5,35,batch_02|batch_07|batch_06,batch_03|batch_01|batch_08|batch_09|batch_04
zic008_a549,20260920,3,7,5,35,batch_02|batch_07|batch_10,batch_03|batch_01|batch_08|batch_09|batch_04
zic008_a549,20260920,3,8,5,35,batch_02|batch_06|batch_10,batch_03|batch_01|batch_08|batch_09|batch_04
zic008_a549,20260920,3,9,5,35,batch_07|batch_06|batch_10,batch_03|batch_01|batch_08|batch_09|batch_04
zic008_a549,20260920,4,0,5,35,batch_05|batch_02|batch_07|batch_06,batch_03|batch_01|batch_08|batch_09|batch_04
zic008_a549,20260920,4,1,5,35,batch_05|batch_02|batch_07|batch_10,batch_03|batch_01|batch_08|batch_09|batch_04
zic008_a549,20260920,4,2,5,35,batch_05|batch_02|batch_06|batch_10,batch_03|batch_01|batch_08|batch_09|batch_04
zic008_a549,20260920,4,3,5,35,batch_05|batch_07|batch_06|batch_10,batch_03|batch_01|batch_08|batch_09|batch_04
zic008_a549,20260920,4,4,5,35,batch_02|batch_07|batch_06|batch_10,batch_03|batch_01|batch_08|batch_09|batch_04
zic008_a549,20260920,5,0,5,35,batch_05|batch_02|batch_07|batch_06|batch_10,batch_03|batch_01|batch_08|batch_09|batch_04
zic008_a549,20260921,1,0,5,35,batch_09,batch_05|batch_02|batch_06|batch_07|batch_08
zic008_a549,20260921,1,1,5,35,batch_04,batch_05|batch_02|batch_06|batch_07|batch_08
zic008_a549,20260921,1,2,5,35,batch_10,batch_05|batch_02|batch_06|batch_07|batch_08
zic008_a549,20260921,1,3,5,35,batch_03,batch_05|batch_02|batch_06|batch_07|batch_08
zic008_a549,20260921,1,4,5,35,batch_01,batch_05|batch_02|batch_06|batch_07|batch_08
zic008_a549,20260921,2,0,5,35,batch_09|batch_04,batch_05|batch_02|batch_06|batch_07|batch_08
zic008_a549,20260921,2,1,5,35,batch_09|batch_10,batch_05|batch_02|batch_06|batch_07|batch_08
zic008_a549,20260921,2,2,5,35,batch_09|batch_03,batch_05|batch_02|batch_06|batch_07|batch_08
zic008_a549,20260921,2,3,5,35,batch_09|batch_01,batch_05|batch_02|batch_06|batch_07|batch_08
zic008_a549,20260921,2,4,5,35,batch_04|batch_10,batch_05|batch_02|batch_06|batch_07|batch_08
zic008_a549,20260921,2,5,5,35,batch_04|batch_03,batch_05|batch_02|batch_06|batch_07|batch_08
zic008_a549,20260921,2,6,5,35,batch_04|batch_01,batch_05|batch_02|batch_06|batch_07|batch_08
zic008_a549,20260921,2,7,5,35,batch_10|batch_03,batch_05|batch_02|batch_06|batch_07|batch_08
zic008_a549,20260921,2,8,5,35,batch_10|batch_01,batch_05|batch_02|batch_06|batch_07|batch_08
zic008_a549,20260921,2,9,5,35,batch_03|batch_01,batch_05|batch_02|batch_06|batch_07|batch_08
zic008_a549,20260921,3,0,5,35,batch_09|batch_04|batch_10,batch_05|batch_02|batch_06|batch_07|batch_08
zic008_a549,20260921,3,1,5,35,batch_09|batch_04|batch_03,batch_05|batch_02|batch_06|batch_07|batch_08
zic008_a549,20260921,3,2,5,35,batch_09|batch_04|batch_01,batch_05|batch_02|batch_06|batch_07|batch_08
zic008_a549,20260921,3,3,5,35,batch_09|batch_10|batch_03,batch_05|batch_02|batch_06|batch_07|batch_08
zic008_a549,20260921,3,4,5,35,batch_09|batch_10|batch_01,batch_05|batch_02|batch_06|batch_07|batch_08
zic008_a549,20260921,3,5,5,35,batch_09|batch_03|batch_01,batch_05|batch_02|batch_06|batch_07|batch_08
zic008_a549,20260921,3,6,5,35,batch_04|batch_10|batch_03,batch_05|batch_02|batch_06|batch_07|batch_08
zic008_a549,20260921,3,7,5,35,batch_04|batch_10|batch_01,batch_05|batch_02|batch_06|batch_07|batch_08
zic008_a549,20260921,3,8,5,35,batch_04|batch_03|batch_01,batch_05|batch_02|batch_06|batch_07|batch_08
zic008_a549,20260921,3,9,5,35,batch_10|batch_03|batch_01,batch_05|batch_02|batch_06|batch_07|batch_08
zic008_a549,20260921,4,0,5,35,batch_09|batch_04|batch_10|batch_03,batch_05|batch_02|batch_06|batch_07|batch_08
zic008_a549,20260921,4,1,5,35,batch_09|batch_04|batch_10|batch_01,batch_05|batch_02|batch_06|batch_07|batch_08
zic008_a549,20260921,4,2,5,35,batch_09|batch_04|batch_03|batch_01,batch_05|batch_02|batch_06|batch_07|batch_08
zic008_a549,20260921,4,3,5,35,batch_09|batch_10|batch_03|batch_01,batch_05|batch_02|batch_06|batch_07|batch_08
zic008_a549,20260921,4,4,5,35,batch_04|batch_10|batch_03|batch_01,batch_05|batch_02|batch_06|batch_07|batch_08
zic008_a549,20260921,5,0,5,35,batch_09|batch_04|batch_10|batch_03|batch_01,batch_05|batch_02|batch_06|batch_07|batch_08
zic008_a549,20260922,1,0,5,35,batch_01,batch_09|batch_03|batch_10|batch_05|batch_02
zic008_a549,20260922,1,1,5,35,batch_07,batch_09|batch_03|batch_10|batch_05|batch_02
zic008_a549,20260922,1,2,5,35,batch_04,batch_09|batch_03|batch_10|batch_05|batch_02
zic008_a549,20260922,1,3,5,35,batch_08,batch_09|batch_03|batch_10|batch_05|batch_02
zic008_a549,20260922,1,4,5,35,batch_06,batch_09|batch_03|batch_10|batch_05|batch_02
zic008_a549,20260922,2,0,5,35,batch_01|batch_07,batch_09|batch_03|batch_10|batch_05|batch_02
zic008_a549,20260922,2,1,5,35,batch_01|batch_04,batch_09|batch_03|batch_10|batch_05|batch_02
zic008_a549,20260922,2,2,5,35,batch_01|batch_08,batch_09|batch_03|batch_10|batch_05|batch_02
zic008_a549,20260922,2,3,5,35,batch_01|batch_06,batch_09|batch_03|batch_10|batch_05|batch_02
zic008_a549,20260922,2,4,5,35,batch_07|batch_04,batch_09|batch_03|batch_10|batch_05|batch_02
zic008_a549,20260922,2,5,5,35,batch_07|batch_08,batch_09|batch_03|batch_10|batch_05|batch_02
zic008_a549,20260922,2,6,5,35,batch_07|batch_06,batch_09|batch_03|batch_10|batch_05|batch_02
zic008_a549,20260922,2,7,5,35,batch_04|batch_08,batch_09|batch_03|batch_10|batch_05|batch_02
zic008_a549,20260922,2,8,5,35,batch_04|batch_06,batch_09|batch_03|batch_10|batch_05|batch_02
zic008_a549,20260922,2,9,5,35,batch_08|batch_06,batch_09|batch_03|batch_10|batch_05|batch_02
zic008_a549,20260922,3,0,5,35,batch_01|batch_07|batch_04,batch_09|batch_03|batch_10|batch_05|batch_02
zic008_a549,20260922,3,1,5,35,batch_01|batch_07|batch_08,batch_09|batch_03|batch_10|batch_05|batch_02
zic008_a549,20260922,3,2,5,35,batch_01|batch_07|batch_06,batch_09|batch_03|batch_10|batch_05|batch_02
zic008_a549,20260922,3,3,5,35,batch_01|batch_04|batch_08,batch_09|batch_03|batch_10|batch_05|batch_02
zic008_a549,20260922,3,4,5,35,batch_01|batch_04|batch_06,batch_09|batch_03|batch_10|batch_05|batch_02
zic008_a549,20260922,3,5,5,35,batch_01|batch_08|batch_06,batch_09|batch_03|batch_10|batch_05|batch_02
zic008_a549,20260922,3,6,5,35,batch_07|batch_04|batch_08,batch_09|batch_03|batch_10|batch_05|batch_02
zic008_a549,20260922,3,7,5,35,batch_07|batch_04|batch_06,batch_09|batch_03|batch_10|batch_05|batch_02
zic008_a549,20260922,3,8,5,35,batch_07|batch_08|batch_06,batch_09|batch_03|batch_10|batch_05|batch_02
zic008_a549,20260922,3,9,5,35,batch_04|batch_08|batch_06,batch_09|batch_03|batch_10|batch_05|batch_02
zic008_a549,20260922,4,0,5,35,batch_01|batch_07|batch_04|batch_08,batch_09|batch_03|batch_10|batch_05|batch_02
zic008_a549,20260922,4,1,5,35,batch_01|batch_07|batch_04|batch_06,batch_09|batch_03|batch_10|batch_05|batch_02
zic008_a549,20260922,4,2,5,35,batch_01|batch_07|batch_08|batch_06,batch_09|batch_03|batch_10|batch_05|batch_02
zic008_a549,20260922,4,3,5,35,batch_01|batch_04|batch_08|batch_06,batch_09|batch_03|batch_10|batch_05|batch_02
zic008_a549,20260922,4,4,5,35,batch_07|batch_04|batch_08|batch_06,batch_09|batch_03|batch_10|batch_05|batch_02
zic008_a549,20260922,5,0,5,35,batch_01|batch_07|batch_04|batch_08|batch_06,batch_09|batch_03|batch_10|batch_05|batch_02
zic008_a549,20260923,1,0,5,35,batch_02,batch_04|batch_06|batch_09|batch_03|batch_07
zic008_a549,20260923,1,1,5,35,batch_01,batch_04|batch_06|batch_09|batch_03|batch_07
zic008_a549,20260923,1,2,5,35,batch_08,batch_04|batch_06|batch_09|batch_03|batch_07
zic008_a549,20260923,1,3,5,35,batch_10,batch_04|batch_06|batch_09|batch_03|batch_07
zic008_a549,20260923,1,4,5,35,batch_05,batch_04|batch_06|batch_09|batch_03|batch_07
zic008_a549,20260923,2,0,5,35,batch_02|batch_01,batch_04|batch_06|batch_09|batch_03|batch_07
zic008_a549,20260923,2,1,5,35,batch_02|batch_08,batch_04|batch_06|batch_09|batch_03|batch_07
zic008_a549,20260923,2,2,5,35,batch_02|batch_10,batch_04|batch_06|batch_09|batch_03|batch_07
zic008_a549,20260923,2,3,5,35,batch_02|batch_05,batch_04|batch_06|batch_09|batch_03|batch_07
zic008_a549,20260923,2,4,5,35,batch_01|batch_08,batch_04|batch_06|batch_09|batch_03|batch_07
zic008_a549,20260923,2,5,5,35,batch_01|batch_10,batch_04|batch_06|batch_09|batch_03|batch_07
zic008_a549,20260923,2,6,5,35,batch_01|batch_05,batch_04|batch_06|batch_09|batch_03|batch_07
zic008_a549,20260923,2,7,5,35,batch_08|batch_10,batch_04|batch_06|batch_09|batch_03|batch_07
zic008_a549,20260923,2,8,5,35,batch_08|batch_05,batch_04|batch_06|batch_09|batch_03|batch_07
zic008_a549,20260923,2,9,5,35,batch_10|batch_05,batch_04|batch_06|batch_09|batch_03|batch_07
zic008_a549,20260923,3,0,5,35,batch_02|batch_01|batch_08,batch_04|batch_06|batch_09|batch_03|batch_07
zic008_a549,20260923,3,1,5,35,batch_02|batch_01|batch_10,batch_04|batch_06|batch_09|batch_03|batch_07
zic008_a549,20260923,3,2,5,35,batch_02|batch_01|batch_05,batch_04|batch_06|batch_09|batch_03|batch_07
zic008_a549,20260923,3,3,5,35,batch_02|batch_08|batch_10,batch_04|batch_06|batch_09|batch_03|batch_07
zic008_a549,20260923,3,4,5,35,batch_02|batch_08|batch_05,batch_04|batch_06|batch_09|batch_03|batch_07
zic008_a549,20260923,3,5,5,35,batch_02|batch_10|batch_05,batch_04|batch_06|batch_09|batch_03|batch_07
zic008_a549,20260923,3,6,5,35,batch_01|batch_08|batch_10,batch_04|batch_06|batch_09|batch_03|batch_07
zic008_a549,20260923,3,7,5,35,batch_01|batch_08|batch_05,batch_04|batch_06|batch_09|batch_03|batch_07
zic008_a549,20260923,3,8,5,35,batch_01|batch_10|batch_05,batch_04|batch_06|batch_09|batch_03|batch_07
zic008_a549,20260923,3,9,5,35,batch_08|batch_10|batch_05,batch_04|batch_06|batch_09|batch_03|batch_07
zic008_a549,20260923,4,0,5,35,batch_02|batch_01|batch_08|batch_10,batch_04|batch_06|batch_09|batch_03|batch_07
zic008_a549,20260923,4,1,5,35,batch_02|batch_01|batch_08|batch_05,batch_04|batch_06|batch_09|batch_03|batch_07
zic008_a549,20260923,4,2,5,35,batch_02|batch_01|batch_10|batch_05,batch_04|batch_06|batch_09|batch_03|batch_07
zic008_a549,20260923,4,3,5,35,batch_02|batch_08|batch_10|batch_05,batch_04|batch_06|batch_09|batch_03|batch_07
zic008_a549,20260923,4,4,5,35,batch_01|batch_08|batch_10|batch_05,batch_04|batch_06|batch_09|batch_03|batch_07
zic008_a549,20260923,5,0,5,35,batch_02|batch_01|batch_08|batch_10|batch_05,batch_04|batch_06|batch_09|batch_03|batch_07
zic008_a549,20260924,1,0,5,35,batch_05,batch_06|batch_03|batch_07|batch_04|batch_02
zic008_a549,20260924,1,1,5,35,batch_10,batch_06|batch_03|batch_07|batch_04|batch_02
zic008_a549,20260924,1,2,5,35,batch_01,batch_06|batch_03|batch_07|batch_04|batch_02
zic008_a549,20260924,1,3,5,35,batch_08,batch_06|batch_03|batch_07|batch_04|batch_02
zic008_a549,20260924,1,4,5,35,batch_09,batch_06|batch_03|batch_07|batch_04|batch_02
zic008_a549,20260924,2,0,5,35,batch_05|batch_10,batch_06|batch_03|batch_07|batch_04|batch_02
zic008_a549,20260924,2,1,5,35,batch_05|batch_01,batch_06|batch_03|batch_07|batch_04|batch_02
zic008_a549,20260924,2,2,5,35,batch_05|batch_08,batch_06|batch_03|batch_07|batch_04|batch_02
zic008_a549,20260924,2,3,5,35,batch_05|batch_09,batch_06|batch_03|batch_07|batch_04|batch_02
zic008_a549,20260924,2,4,5,35,batch_10|batch_01,batch_06|batch_03|batch_07|batch_04|batch_02
zic008_a549,20260924,2,5,5,35,batch_10|batch_08,batch_06|batch_03|batch_07|batch_04|batch_02
zic008_a549,20260924,2,6,5,35,batch_10|batch_09,batch_06|batch_03|batch_07|batch_04|batch_02
zic008_a549,20260924,2,7,5,35,batch_01|batch_08,batch_06|batch_03|batch_07|batch_04|batch_02
zic008_a549,20260924,2,8,5,35,batch_01|batch_09,batch_06|batch_03|batch_07|batch_04|batch_02
zic008_a549,20260924,2,9,5,35,batch_08|batch_09,batch_06|batch_03|batch_07|batch_04|batch_02
zic008_a549,20260924,3,0,5,35,batch_05|batch_10|batch_01,batch_06|batch_03|batch_07|batch_04|batch_02
zic008_a549,20260924,3,1,5,35,batch_05|batch_10|batch_08,batch_06|batch_03|batch_07|batch_04|batch_02
zic008_a549,20260924,3,2,5,35,batch_05|batch_10|batch_09,batch_06|batch_03|batch_07|batch_04|batch_02
zic008_a549,20260924,3,3,5,35,batch_05|batch_01|batch_08,batch_06|batch_03|batch_07|batch_04|batch_02
zic008_a549,20260924,3,4,5,35,batch_05|batch_01|batch_09,batch_06|batch_03|batch_07|batch_04|batch_02
zic008_a549,20260924,3,5,5,35,batch_05|batch_08|batch_09,batch_06|batch_03|batch_07|batch_04|batch_02
zic008_a549,20260924,3,6,5,35,batch_10|batch_01|batch_08,batch_06|batch_03|batch_07|batch_04|batch_02
zic008_a549,20260924,3,7,5,35,batch_10|batch_01|batch_09,batch_06|batch_03|batch_07|batch_04|batch_02
zic008_a549,20260924,3,8,5,35,batch_10|batch_08|batch_09,batch_06|batch_03|batch_07|batch_04|batch_02
zic008_a549,20260924,3,9,5,35,batch_01|batch_08|batch_09,batch_06|batch_03|batch_07|batch_04|batch_02
zic008_a549,20260924,4,0,5,35,batch_05|batch_10|batch_01|batch_08,batch_06|batch_03|batch_07|batch_04|batch_02
zic008_a549,20260924,4,1,5,35,batch_05|batch_10|batch_01|batch_09,batch_06|batch_03|batch_07|batch_04|batch_02
zic008_a549,20260924,4,2,5,35,batch_05|batch_10|batch_08|batch_09,batch_06|batch_03|batch_07|batch_04|batch_02
zic008_a549,20260924,4,3,5,35,batch_05|batch_01|batch_08|batch_09,batch_06|batch_03|batch_07|batch_04|batch_02
zic008_a549,20260924,4,4,5,35,batch_10|batch_01|batch_08|batch_09,batch_06|batch_03|batch_07|batch_04|batch_02
zic008_a549,20260924,5,0,5,35,batch_05|batch_10|batch_01|batch_08|batch_09,batch_06|batch_03|batch_07|batch_04|batch_02
zic008_a549,20260925,1,0,5,35,batch_04,batch_03|batch_06|batch_08|batch_07|batch_01
zic008_a549,20260925,1,1,5,35,batch_05,batch_03|batch_06|batch_08|batch_07|batch_01
zic008_a549,20260925,1,2,5,35,batch_10,batch_03|batch_06|batch_08|batch_07|batch_01
zic008_a549,20260925,1,3,5,35,batch_02,batch_03|batch_06|batch_08|batch_07|batch_01
zic008_a549,20260925,1,4,5,35,batch_09,batch_03|batch_06|batch_08|batch_07|batch_01
zic008_a549,20260925,2,0,5,35,batch_04|batch_05,batch_03|batch_06|batch_08|batch_07|batch_01
zic008_a549,20260925,2,1,5,35,batch_04|batch_10,batch_03|batch_06|batch_08|batch_07|batch_01
zic008_a549,20260925,2,2,5,35,batch_04|batch_02,batch_03|batch_06|batch_08|batch_07|batch_01
zic008_a549,20260925,2,3,5,35,batch_04|batch_09,batch_03|batch_06|batch_08|batch_07|batch_01
zic008_a549,20260925,2,4,5,35,batch_05|batch_10,batch_03|batch_06|batch_08|batch_07|batch_01
zic008_a549,20260925,2,5,5,35,batch_05|batch_02,batch_03|batch_06|batch_08|batch_07|batch_01
zic008_a549,20260925,2,6,5,35,batch_05|batch_09,batch_03|batch_06|batch_08|batch_07|batch_01
zic008_a549,20260925,2,7,5,35,batch_10|batch_02,batch_03|batch_06|batch_08|batch_07|batch_01
zic008_a549,20260925,2,8,5,35,batch_10|batch_09,batch_03|batch_06|batch_08|batch_07|batch_01
zic008_a549,20260925,2,9,5,35,batch_02|batch_09,batch_03|batch_06|batch_08|batch_07|batch_01
zic008_a549,20260925,3,0,5,35,batch_04|batch_05|batch_10,batch_03|batch_06|batch_08|batch_07|batch_01
zic008_a549,20260925,3,1,5,35,batch_04|batch_05|batch_02,batch_03|batch_06|batch_08|batch_07|batch_01
zic008_a549,20260925,3,2,5,35,batch_04|batch_05|batch_09,batch_03|batch_06|batch_08|batch_07|batch_01
zic008_a549,20260925,3,3,5,35,batch_04|batch_10|batch_02,batch_03|batch_06|batch_08|batch_07|batch_01
zic008_a549,20260925,3,4,5,35,batch_04|batch_10|batch_09,batch_03|batch_06|batch_08|batch_07|batch_01
zic008_a549,20260925,3,5,5,35,batch_04|batch_02|batch_09,batch_03|batch_06|batch_08|batch_07|batch_01
zic008_a549,20260925,3,6,5,35,batch_05|batch_10|batch_02,batch_03|batch_06|batch_08|batch_07|batch_01
zic008_a549,20260925,3,7,5,35,batch_05|batch_10|batch_09,batch_03|batch_06|batch_08|batch_07|batch_01
zic008_a549,20260925,3,8,5,35,batch_05|batch_02|batch_09,batch_03|batch_06|batch_08|batch_07|batch_01
zic008_a549,20260925,3,9,5,35,batch_10|batch_02|batch_09,batch_03|batch_06|batch_08|batch_07|batch_01
zic008_a549,20260925,4,0,5,35,batch_04|batch_05|batch_10|batch_02,batch_03|batch_06|batch_08|batch_07|batch_01
zic008_a549,20260925,4,1,5,35,batch_04|batch_05|batch_10|batch_09,batch_03|batch_06|batch_08|batch_07|batch_01
zic008_a549,20260925,4,2,5,35,batch_04|batch_05|batch_02|batch_09,batch_03|batch_06|batch_08|batch_07|batch_01
zic008_a549,20260925,4,3,5,35,batch_04|batch_10|batch_02|batch_09,batch_03|batch_06|batch_08|batch_07|batch_01
zic008_a549,20260925,4,4,5,35,batch_05|batch_10|batch_02|batch_09,batch_03|batch_06|batch_08|batch_07|batch_01
zic008_a549,20260925,5,0,5,35,batch_04|batch_05|batch_10|batch_02|batch_09,batch_03|batch_06|batch_08|batch_07|batch_01
zic008_a549,20260926,1,0,5,35,batch_05,batch_03|batch_06|batch_08|batch_01|batch_10
zic008_a549,20260926,1,1,5,35,batch_09,batch_03|batch_06|batch_08|batch_01|batch_10
zic008_a549,20260926,1,2,5,35,batch_02,batch_03|batch_06|batch_08|batch_01|batch_10
zic008_a549,20260926,1,3,5,35,batch_04,batch_03|batch_06|batch_08|batch_01|batch_10
zic008_a549,20260926,1,4,5,35,batch_07,batch_03|batch_06|batch_08|batch_01|batch_10
zic008_a549,20260926,2,0,5,35,batch_05|batch_09,batch_03|batch_06|batch_08|batch_01|batch_10
zic008_a549,20260926,2,1,5,35,batch_05|batch_02,batch_03|batch_06|batch_08|batch_01|batch_10
zic008_a549,20260926,2,2,5,35,batch_05|batch_04,batch_03|batch_06|batch_08|batch_01|batch_10
zic008_a549,20260926,2,3,5,35,batch_05|batch_07,batch_03|batch_06|batch_08|batch_01|batch_10
zic008_a549,20260926,2,4,5,35,batch_09|batch_02,batch_03|batch_06|batch_08|batch_01|batch_10
zic008_a549,20260926,2,5,5,35,batch_09|batch_04,batch_03|batch_06|batch_08|batch_01|batch_10
zic008_a549,20260926,2,6,5,35,batch_09|batch_07,batch_03|batch_06|batch_08|batch_01|batch_10
zic008_a549,20260926,2,7,5,35,batch_02|batch_04,batch_03|batch_06|batch_08|batch_01|batch_10
zic008_a549,20260926,2,8,5,35,batch_02|batch_07,batch_03|batch_06|batch_08|batch_01|batch_10
zic008_a549,20260926,2,9,5,35,batch_04|batch_07,batch_03|batch_06|batch_08|batch_01|batch_10
zic008_a549,20260926,3,0,5,35,batch_05|batch_09|batch_02,batch_03|batch_06|batch_08|batch_01|batch_10
zic008_a549,20260926,3,1,5,35,batch_05|batch_09|batch_04,batch_03|batch_06|batch_08|batch_01|batch_10
zic008_a549,20260926,3,2,5,35,batch_05|batch_09|batch_07,batch_03|batch_06|batch_08|batch_01|batch_10
zic008_a549,20260926,3,3,5,35,batch_05|batch_02|batch_04,batch_03|batch_06|batch_08|batch_01|batch_10
zic008_a549,20260926,3,4,5,35,batch_05|batch_02|batch_07,batch_03|batch_06|batch_08|batch_01|batch_10
zic008_a549,20260926,3,5,5,35,batch_05|batch_04|batch_07,batch_03|batch_06|batch_08|batch_01|batch_10
zic008_a549,20260926,3,6,5,35,batch_09|batch_02|batch_04,batch_03|batch_06|batch_08|batch_01|batch_10
zic008_a549,20260926,3,7,5,35,batch_09|batch_02|batch_07,batch_03|batch_06|batch_08|batch_01|batch_10
zic008_a549,20260926,3,8,5,35,batch_09|batch_04|batch_07,batch_03|batch_06|batch_08|batch_01|batch_10
zic008_a549,20260926,3,9,5,35,batch_02|batch_04|batch_07,batch_03|batch_06|batch_08|batch_01|batch_10
zic008_a549,20260926,4,0,5,35,batch_05|batch_09|batch_02|batch_04,batch_03|batch_06|batch_08|batch_01|batch_10
zic008_a549,20260926,4,1,5,35,batch_05|batch_09|batch_02|batch_07,batch_03|batch_06|batch_08|batch_01|batch_10
zic008_a549,20260926,4,2,5,35,batch_05|batch_09|batch_04|batch_07,batch_03|batch_06|batch_08|batch_01|batch_10
zic008_a549,20260926,4,3,5,35,batch_05|batch_02|batch_04|batch_07,batch_03|batch_06|batch_08|batch_01|batch_10
zic008_a549,20260926,4,4,5,35,batch_09|batch_02|batch_04|batch_07,batch_03|batch_06|batch_08|batch_01|batch_10
zic008_a549,20260926,5,0,5,35,batch_05|batch_09|batch_02|batch_04|batch_07,batch_03|batch_06|batch_08|batch_01|batch_10
zic008_a549,20260927,1,0,5,35,batch_08,batch_01|batch_05|batch_06|batch_07|batch_02
zic008_a549,20260927,1,1,5,35,batch_04,batch_01|batch_05|batch_06|batch_07|batch_02
zic008_a549,20260927,1,2,5,35,batch_09,batch_01|batch_05|batch_06|batch_07|batch_02
zic008_a549,20260927,1,3,5,35,batch_10,batch_01|batch_05|batch_06|batch_07|batch_02
zic008_a549,20260927,1,4,5,35,batch_03,batch_01|batch_05|batch_06|batch_07|batch_02
zic008_a549,20260927,2,0,5,35,batch_08|batch_04,batch_01|batch_05|batch_06|batch_07|batch_02
zic008_a549,20260927,2,1,5,35,batch_08|batch_09,batch_01|batch_05|batch_06|batch_07|batch_02
zic008_a549,20260927,2,2,5,35,batch_08|batch_10,batch_01|batch_05|batch_06|batch_07|batch_02
zic008_a549,20260927,2,3,5,35,batch_08|batch_03,batch_01|batch_05|batch_06|batch_07|batch_02
zic008_a549,20260927,2,4,5,35,batch_04|batch_09,batch_01|batch_05|batch_06|batch_07|batch_02
zic008_a549,20260927,2,5,5,35,batch_04|batch_10,batch_01|batch_05|batch_06|batch_07|batch_02
zic008_a549,20260927,2,6,5,35,batch_04|batch_03,batch_01|batch_05|batch_06|batch_07|batch_02
zic008_a549,20260927,2,7,5,35,batch_09|batch_10,batch_01|batch_05|batch_06|batch_07|batch_02
zic008_a549,20260927,2,8,5,35,batch_09|batch_03,batch_01|batch_05|batch_06|batch_07|batch_02
zic008_a549,20260927,2,9,5,35,batch_10|batch_03,batch_01|batch_05|batch_06|batch_07|batch_02
zic008_a549,20260927,3,0,5,35,batch_08|batch_04|batch_09,batch_01|batch_05|batch_06|batch_07|batch_02
zic008_a549,20260927,3,1,5,35,batch_08|batch_04|batch_10,batch_01|batch_05|batch_06|batch_07|batch_02
zic008_a549,20260927,3,2,5,35,batch_08|batch_04|batch_03,batch_01|batch_05|batch_06|batch_07|batch_02
zic008_a549,20260927,3,3,5,35,batch_08|batch_09|batch_10,batch_01|batch_05|batch_06|batch_07|batch_02
zic008_a549,20260927,3,4,5,35,batch_08|batch_09|batch_03,batch_01|batch_05|batch_06|batch_07|batch_02
zic008_a549,20260927,3,5,5,35,batch_08|batch_10|batch_03,batch_01|batch_05|batch_06|batch_07|batch_02
zic008_a549,20260927,3,6,5,35,batch_04|batch_09|batch_10,batch_01|batch_05|batch_06|batch_07|batch_02
zic008_a549,20260927,3,7,5,35,batch_04|batch_09|batch_03,batch_01|batch_05|batch_06|batch_07|batch_02
zic008_a549,20260927,3,8,5,35,batch_04|batch_10|batch_03,batch_01|batch_05|batch_06|batch_07|batch_02
zic008_a549,20260927,3,9,5,35,batch_09|batch_10|batch_03,batch_01|batch_05|batch_06|batch_07|batch_02
zic008_a549,20260927,4,0,5,35,batch_08|batch_04|batch_09|batch_10,batch_01|batch_05|batch_06|batch_07|batch_02
zic008_a549,20260927,4,1,5,35,batch_08|batch_04|batch_09|batch_03,batch_01|batch_05|batch_06|batch_07|batch_02
zic008_a549,20260927,4,2,5,35,batch_08|batch_04|batch_10|batch_03,batch_01|batch_05|batch_06|batch_07|batch_02
zic008_a549,20260927,4,3,5,35,batch_08|batch_09|batch_10|batch_03,batch_01|batch_05|batch_06|batch_07|batch_02
zic008_a549,20260927,4,4,5,35,batch_04|batch_09|batch_10|batch_03,batch_01|batch_05|batch_06|batch_07|batch_02
zic008_a549,20260927,5,0,5,35,batch_08|batch_04|batch_09|batch_10|batch_03,batch_01|batch_05|batch_06|batch_07|batch_02
zic008_a549,20260928,1,0,5,35,batch_05,batch_08|batch_02|batch_03|batch_04|batch_07
zic008_a549,20260928,1,1,5,35,batch_01,batch_08|batch_02|batch_03|batch_04|batch_07
zic008_a549,20260928,1,2,5,35,batch_09,batch_08|batch_02|batch_03|batch_04|batch_07
zic008_a549,20260928,1,3,5,35,batch_10,batch_08|batch_02|batch_03|batch_04|batch_07
zic008_a549,20260928,1,4,5,35,batch_06,batch_08|batch_02|batch_03|batch_04|batch_07
zic008_a549,20260928,2,0,5,35,batch_05|batch_01,batch_08|batch_02|batch_03|batch_04|batch_07
zic008_a549,20260928,2,1,5,35,batch_05|batch_09,batch_08|batch_02|batch_03|batch_04|batch_07
zic008_a549,20260928,2,2,5,35,batch_05|batch_10,batch_08|batch_02|batch_03|batch_04|batch_07
zic008_a549,20260928,2,3,5,35,batch_05|batch_06,batch_08|batch_02|batch_03|batch_04|batch_07
zic008_a549,20260928,2,4,5,35,batch_01|batch_09,batch_08|batch_02|batch_03|batch_04|batch_07
zic008_a549,20260928,2,5,5,35,batch_01|batch_10,batch_08|batch_02|batch_03|batch_04|batch_07
zic008_a549,20260928,2,6,5,35,batch_01|batch_06,batch_08|batch_02|batch_03|batch_04|batch_07
zic008_a549,20260928,2,7,5,35,batch_09|batch_10,batch_08|batch_02|batch_03|batch_04|batch_07
zic008_a549,20260928,2,8,5,35,batch_09|batch_06,batch_08|batch_02|batch_03|batch_04|batch_07
zic008_a549,20260928,2,9,5,35,batch_10|batch_06,batch_08|batch_02|batch_03|batch_04|batch_07
zic008_a549,20260928,3,0,5,35,batch_05|batch_01|batch_09,batch_08|batch_02|batch_03|batch_04|batch_07
zic008_a549,20260928,3,1,5,35,batch_05|batch_01|batch_10,batch_08|batch_02|batch_03|batch_04|batch_07
zic008_a549,20260928,3,2,5,35,batch_05|batch_01|batch_06,batch_08|batch_02|batch_03|batch_04|batch_07
zic008_a549,20260928,3,3,5,35,batch_05|batch_09|batch_10,batch_08|batch_02|batch_03|batch_04|batch_07
zic008_a549,20260928,3,4,5,35,batch_05|batch_09|batch_06,batch_08|batch_02|batch_03|batch_04|batch_07
zic008_a549,20260928,3,5,5,35,batch_05|batch_10|batch_06,batch_08|batch_02|batch_03|batch_04|batch_07
zic008_a549,20260928,3,6,5,35,batch_01|batch_09|batch_10,batch_08|batch_02|batch_03|batch_04|batch_07
zic008_a549,20260928,3,7,5,35,batch_01|batch_09|batch_06,batch_08|batch_02|batch_03|batch_04|batch_07
zic008_a549,20260928,3,8,5,35,batch_01|batch_10|batch_06,batch_08|batch_02|batch_03|batch_04|batch_07
zic008_a549,20260928,3,9,5,35,batch_09|batch_10|batch_06,batch_08|batch_02|batch_03|batch_04|batch_07
zic008_a549,20260928,4,0,5,35,batch_05|batch_01|batch_09|batch_10,batch_08|batch_02|batch_03|batch_04|batch_07
zic008_a549,20260928,4,1,5,35,batch_05|batch_01|batch_09|batch_06,batch_08|batch_02|batch_03|batch_04|batch_07
zic008_a549,20260928,4,2,5,35,batch_05|batch_01|batch_10|batch_06,batch_08|batch_02|batch_03|batch_04|batch_07
zic008_a549,20260928,4,3,5,35,batch_05|batch_09|batch_10|batch_06,batch_08|batch_02|batch_03|batch_04|batch_07
zic008_a549,20260928,4,4,5,35,batch_01|batch_09|batch_10|batch_06,batch_08|batch_02|batch_03|batch_04|batch_07
zic008_a549,20260928,5,0,5,35,batch_05|batch_01|batch_09|batch_10|batch_06,batch_08|batch_02|batch_03|batch_04|batch_07
zic008_a549,20260929,1,0,5,35,batch_02,batch_10|batch_06|batch_08|batch_03|batch_04
zic008_a549,20260929,1,1,5,35,batch_05,batch_10|batch_06|batch_08|batch_03|batch_04
zic008_a549,20260929,1,2,5,35,batch_01,batch_10|batch_06|batch_08|batch_03|batch_04
zic008_a549,20260929,1,3,5,35,batch_07,batch_10|batch_06|batch_08|batch_03|batch_04
zic008_a549,20260929,1,4,5,35,batch_09,batch_10|batch_06|batch_08|batch_03|batch_04
zic008_a549,20260929,2,0,5,35,batch_02|batch_05,batch_10|batch_06|batch_08|batch_03|batch_04
zic008_a549,20260929,2,1,5,35,batch_02|batch_01,batch_10|batch_06|batch_08|batch_03|batch_04
zic008_a549,20260929,2,2,5,35,batch_02|batch_07,batch_10|batch_06|batch_08|batch_03|batch_04
zic008_a549,20260929,2,3,5,35,batch_02|batch_09,batch_10|batch_06|batch_08|batch_03|batch_04
zic008_a549,20260929,2,4,5,35,batch_05|batch_01,batch_10|batch_06|batch_08|batch_03|batch_04
zic008_a549,20260929,2,5,5,35,batch_05|batch_07,batch_10|batch_06|batch_08|batch_03|batch_04
zic008_a549,20260929,2,6,5,35,batch_05|batch_09,batch_10|batch_06|batch_08|batch_03|batch_04
zic008_a549,20260929,2,7,5,35,batch_01|batch_07,batch_10|batch_06|batch_08|batch_03|batch_04
zic008_a549,20260929,2,8,5,35,batch_01|batch_09,batch_10|batch_06|batch_08|batch_03|batch_04
zic008_a549,20260929,2,9,5,35,batch_07|batch_09,batch_10|batch_06|batch_08|batch_03|batch_04
zic008_a549,20260929,3,0,5,35,batch_02|batch_05|batch_01,batch_10|batch_06|batch_08|batch_03|batch_04
zic008_a549,20260929,3,1,5,35,batch_02|batch_05|batch_07,batch_10|batch_06|batch_08|batch_03|batch_04
zic008_a549,20260929,3,2,5,35,batch_02|batch_05|batch_09,batch_10|batch_06|batch_08|batch_03|batch_04
zic008_a549,20260929,3,3,5,35,batch_02|batch_01|batch_07,batch_10|batch_06|batch_08|batch_03|batch_04
zic008_a549,20260929,3,4,5,35,batch_02|batch_01|batch_09,batch_10|batch_06|batch_08|batch_03|batch_04
zic008_a549,20260929,3,5,5,35,batch_02|batch_07|batch_09,batch_10|batch_06|batch_08|batch_03|batch_04
zic008_a549,20260929,3,6,5,35,batch_05|batch_01|batch_07,batch_10|batch_06|batch_08|batch_03|batch_04
zic008_a549,20260929,3,7,5,35,batch_05|batch_01|batch_09,batch_10|batch_06|batch_08|batch_03|batch_04
zic008_a549,20260929,3,8,5,35,batch_05|batch_07|batch_09,batch_10|batch_06|batch_08|batch_03|batch_04
zic008_a549,20260929,3,9,5,35,batch_01|batch_07|batch_09,batch_10|batch_06|batch_08|batch_03|batch_04
zic008_a549,20260929,4,0,5,35,batch_02|batch_05|batch_01|batch_07,batch_10|batch_06|batch_08|batch_03|batch_04
zic008_a549,20260929,4,1,5,35,batch_02|batch_05|batch_01|batch_09,batch_10|batch_06|batch_08|batch_03|batch_04
zic008_a549,20260929,4,2,5,35,batch_02|batch_05|batch_07|batch_09,batch_10|batch_06|batch_08|batch_03|batch_04
zic008_a549,20260929,4,3,5,35,batch_02|batch_01|batch_07|batch_09,batch_10|batch_06|batch_08|batch_03|batch_04
zic008_a549,20260929,4,4,5,35,batch_05|batch_01|batch_07|batch_09,batch_10|batch_06|batch_08|batch_03|batch_04
zic008_a549,20260929,5,0,5,35,batch_02|batch_05|batch_01|batch_07|batch_09,batch_10|batch_06|batch_08|batch_03|batch_04
zic008_a549,20260930,1,0,5,35,batch_08,batch_03|batch_01|batch_02|batch_07|batch_09
zic008_a549,20260930,1,1,5,35,batch_05,batch_03|batch_01|batch_02|batch_07|batch_09
zic008_a549,20260930,1,2,5,35,batch_04,batch_03|batch_01|batch_02|batch_07|batch_09
zic008_a549,20260930,1,3,5,35,batch_06,batch_03|batch_01|batch_02|batch_07|batch_09
zic008_a549,20260930,1,4,5,35,batch_10,batch_03|batch_01|batch_02|batch_07|batch_09
zic008_a549,20260930,2,0,5,35,batch_08|batch_05,batch_03|batch_01|batch_02|batch_07|batch_09
zic008_a549,20260930,2,1,5,35,batch_08|batch_04,batch_03|batch_01|batch_02|batch_07|batch_09
zic008_a549,20260930,2,2,5,35,batch_08|batch_06,batch_03|batch_01|batch_02|batch_07|batch_09
zic008_a549,20260930,2,3,5,35,batch_08|batch_10,batch_03|batch_01|batch_02|batch_07|batch_09
zic008_a549,20260930,2,4,5,35,batch_05|batch_04,batch_03|batch_01|batch_02|batch_07|batch_09
zic008_a549,20260930,2,5,5,35,batch_05|batch_06,batch_03|batch_01|batch_02|batch_07|batch_09
zic008_a549,20260930,2,6,5,35,batch_05|batch_10,batch_03|batch_01|batch_02|batch_07|batch_09
zic008_a549,20260930,2,7,5,35,batch_04|batch_06,batch_03|batch_01|batch_02|batch_07|batch_09
zic008_a549,20260930,2,8,5,35,batch_04|batch_10,batch_03|batch_01|batch_02|batch_07|batch_09
zic008_a549,20260930,2,9,5,35,batch_06|batch_10,batch_03|batch_01|batch_02|batch_07|batch_09
zic008_a549,20260930,3,0,5,35,batch_08|batch_05|batch_04,batch_03|batch_01|batch_02|batch_07|batch_09
zic008_a549,20260930,3,1,5,35,batch_08|batch_05|batch_06,batch_03|batch_01|batch_02|batch_07|batch_09
zic008_a549,20260930,3,2,5,35,batch_08|batch_05|batch_10,batch_03|batch_01|batch_02|batch_07|batch_09
zic008_a549,20260930,3,3,5,35,batch_08|batch_04|batch_06,batch_03|batch_01|batch_02|batch_07|batch_09
zic008_a549,20260930,3,4,5,35,batch_08|batch_04|batch_10,batch_03|batch_01|batch_02|batch_07|batch_09
zic008_a549,20260930,3,5,5,35,batch_08|batch_06|batch_10,batch_03|batch_01|batch_02|batch_07|batch_09
zic008_a549,20260930,3,6,5,35,batch_05|batch_04|batch_06,batch_03|batch_01|batch_02|batch_07|batch_09
zic008_a549,20260930,3,7,5,35,batch_05|batch_04|batch_10,batch_03|batch_01|batch_02|batch_07|batch_09
zic008_a549,20260930,3,8,5,35,batch_05|batch_06|batch_10,batch_03|batch_01|batch_02|batch_07|batch_09
zic008_a549,20260930,3,9,5,35,batch_04|batch_06|batch_10,batch_03|batch_01|batch_02|batch_07|batch_09
zic008_a549,20260930,4,0,5,35,batch_08|batch_05|batch_04|batch_06,batch_03|batch_01|batch_02|batch_07|batch_09
zic008_a549,20260930,4,1,5,35,batch_08|batch_05|batch_04|batch_10,batch_03|batch_01|batch_02|batch_07|batch_09
zic008_a549,20260930,4,2,5,35,batch_08|batch_05|batch_06|batch_10,batch_03|batch_01|batch_02|batch_07|batch_09
zic008_a549,20260930,4,3,5,35,batch_08|batch_04|batch_06|batch_10,batch_03|batch_01|batch_02|batch_07|batch_09
zic008_a549,20260930,4,4,5,35,batch_05|batch_04|batch_06|batch_10,batch_03|batch_01|batch_02|batch_07|batch_09
zic008_a549,20260930,5,0,5,35,batch_08|batch_05|batch_04|batch_06|batch_10,batch_03|batch_01|batch_02|batch_07|batch_09
zic008_a549,20260931,1,0,5,35,batch_10,batch_04|batch_02|batch_08|batch_07|batch_03
zic008_a549,20260931,1,1,5,35,batch_05,batch_04|batch_02|batch_08|batch_07|batch_03
zic008_a549,20260931,1,2,5,35,batch_09,batch_04|batch_02|batch_08|batch_07|batch_03
zic008_a549,20260931,1,3,5,35,batch_06,batch_04|batch_02|batch_08|batch_07|batch_03
zic008_a549,20260931,1,4,5,35,batch_01,batch_04|batch_02|batch_08|batch_07|batch_03
zic008_a549,20260931,2,0,5,35,batch_10|batch_05,batch_04|batch_02|batch_08|batch_07|batch_03
zic008_a549,20260931,2,1,5,35,batch_10|batch_09,batch_04|batch_02|batch_08|batch_07|batch_03
zic008_a549,20260931,2,2,5,35,batch_10|batch_06,batch_04|batch_02|batch_08|batch_07|batch_03
zic008_a549,20260931,2,3,5,35,batch_10|batch_01,batch_04|batch_02|batch_08|batch_07|batch_03
zic008_a549,20260931,2,4,5,35,batch_05|batch_09,batch_04|batch_02|batch_08|batch_07|batch_03
zic008_a549,20260931,2,5,5,35,batch_05|batch_06,batch_04|batch_02|batch_08|batch_07|batch_03
zic008_a549,20260931,2,6,5,35,batch_05|batch_01,batch_04|batch_02|batch_08|batch_07|batch_03
zic008_a549,20260931,2,7,5,35,batch_09|batch_06,batch_04|batch_02|batch_08|batch_07|batch_03
zic008_a549,20260931,2,8,5,35,batch_09|batch_01,batch_04|batch_02|batch_08|batch_07|batch_03
zic008_a549,20260931,2,9,5,35,batch_06|batch_01,batch_04|batch_02|batch_08|batch_07|batch_03
zic008_a549,20260931,3,0,5,35,batch_10|batch_05|batch_09,batch_04|batch_02|batch_08|batch_07|batch_03
zic008_a549,20260931,3,1,5,35,batch_10|batch_05|batch_06,batch_04|batch_02|batch_08|batch_07|batch_03
zic008_a549,20260931,3,2,5,35,batch_10|batch_05|batch_01,batch_04|batch_02|batch_08|batch_07|batch_03
zic008_a549,20260931,3,3,5,35,batch_10|batch_09|batch_06,batch_04|batch_02|batch_08|batch_07|batch_03
zic008_a549,20260931,3,4,5,35,batch_10|batch_09|batch_01,batch_04|batch_02|batch_08|batch_07|batch_03
zic008_a549,20260931,3,5,5,35,batch_10|batch_06|batch_01,batch_04|batch_02|batch_08|batch_07|batch_03
zic008_a549,20260931,3,6,5,35,batch_05|batch_09|batch_06,batch_04|batch_02|batch_08|batch_07|batch_03
zic008_a549,20260931,3,7,5,35,batch_05|batch_09|batch_01,batch_04|batch_02|batch_08|batch_07|batch_03
zic008_a549,20260931,3,8,5,35,batch_05|batch_06|batch_01,batch_04|batch_02|batch_08|batch_07|batch_03
zic008_a549,20260931,3,9,5,35,batch_09|batch_06|batch_01,batch_04|batch_02|batch_08|batch_07|batch_03
zic008_a549,20260931,4,0,5,35,batch_10|batch_05|batch_09|batch_06,batch_04|batch_02|batch_08|batch_07|batch_03
zic008_a549,20260931,4,1,5,35,batch_10|batch_05|batch_09|batch_01,batch_04|batch_02|batch_08|batch_07|batch_03
zic008_a549,20260931,4,2,5,35,batch_10|batch_05|batch_06|batch_01,batch_04|batch_02|batch_08|batch_07|batch_03
zic008_a549,20260931,4,3,5,35,batch_10|batch_09|batch_06|batch_01,batch_04|batch_02|batch_08|batch_07|batch_03
zic008_a549,20260931,4,4,5,35,batch_05|batch_09|batch_06|batch_01,batch_04|batch_02|batch_08|batch_07|batch_03
zic008_a549,20260931,5,0,5,35,batch_10|batch_05|batch_09|batch_06|batch_01,batch_04|batch_02|batch_08|batch_07|batch_03
zic008_a549,20260932,1,0,5,35,batch_02,batch_01|batch_09|batch_07|batch_03|batch_10
zic008_a549,20260932,1,1,5,35,batch_06,batch_01|batch_09|batch_07|batch_03|batch_10
zic008_a549,20260932,1,2,5,35,batch_08,batch_01|batch_09|batch_07|batch_03|batch_10
zic008_a549,20260932,1,3,5,35,batch_05,batch_01|batch_09|batch_07|batch_03|batch_10
zic008_a549,20260932,1,4,5,35,batch_04,batch_01|batch_09|batch_07|batch_03|batch_10
zic008_a549,20260932,2,0,5,35,batch_02|batch_06,batch_01|batch_09|batch_07|batch_03|batch_10
zic008_a549,20260932,2,1,5,35,batch_02|batch_08,batch_01|batch_09|batch_07|batch_03|batch_10
zic008_a549,20260932,2,2,5,35,batch_02|batch_05,batch_01|batch_09|batch_07|batch_03|batch_10
zic008_a549,20260932,2,3,5,35,batch_02|batch_04,batch_01|batch_09|batch_07|batch_03|batch_10
zic008_a549,20260932,2,4,5,35,batch_06|batch_08,batch_01|batch_09|batch_07|batch_03|batch_10
zic008_a549,20260932,2,5,5,35,batch_06|batch_05,batch_01|batch_09|batch_07|batch_03|batch_10
zic008_a549,20260932,2,6,5,35,batch_06|batch_04,batch_01|batch_09|batch_07|batch_03|batch_10
zic008_a549,20260932,2,7,5,35,batch_08|batch_05,batch_01|batch_09|batch_07|batch_03|batch_10
zic008_a549,20260932,2,8,5,35,batch_08|batch_04,batch_01|batch_09|batch_07|batch_03|batch_10
zic008_a549,20260932,2,9,5,35,batch_05|batch_04,batch_01|batch_09|batch_07|batch_03|batch_10
zic008_a549,20260932,3,0,5,35,batch_02|batch_06|batch_08,batch_01|batch_09|batch_07|batch_03|batch_10
zic008_a549,20260932,3,1,5,35,batch_02|batch_06|batch_05,batch_01|batch_09|batch_07|batch_03|batch_10
zic008_a549,20260932,3,2,5,35,batch_02|batch_06|batch_04,batch_01|batch_09|batch_07|batch_03|batch_10
zic008_a549,20260932,3,3,5,35,batch_02|batch_08|batch_05,batch_01|batch_09|batch_07|batch_03|batch_10
zic008_a549,20260932,3,4,5,35,batch_02|batch_08|batch_04,batch_01|batch_09|batch_07|batch_03|batch_10
zic008_a549,20260932,3,5,5,35,batch_02|batch_05|batch_04,batch_01|batch_09|batch_07|batch_03|batch_10
zic008_a549,20260932,3,6,5,35,batch_06|batch_08|batch_05,batch_01|batch_09|batch_07|batch_03|batch_10
zic008_a549,20260932,3,7,5,35,batch_06|batch_08|batch_04,batch_01|batch_09|batch_07|batch_03|batch_10
zic008_a549,20260932,3,8,5,35,batch_06|batch_05|batch_04,batch_01|batch_09|batch_07|batch_03|batch_10
zic008_a549,20260932,3,9,5,35,batch_08|batch_05|batch_04,batch_01|batch_09|batch_07|batch_03|batch_10
zic008_a549,20260932,4,0,5,35,batch_02|batch_06|batch_08|batch_05,batch_01|batch_09|batch_07|batch_03|batch_10
zic008_a549,20260932,4,1,5,35,batch_02|batch_06|batch_08|batch_04,batch_01|batch_09|batch_07|batch_03|batch_10
zic008_a549,20260932,4,2,5,35,batch_02|batch_06|batch_05|batch_04,batch_01|batch_09|batch_07|batch_03|batch_10
zic008_a549,20260932,4,3,5,35,batch_02|batch_08|batch_05|batch_04,batch_01|batch_09|batch_07|batch_03|batch_10
zic008_a549,20260932,4,4,5,35,batch_06|batch_08|batch_05|batch_04,batch_01|batch_09|batch_07|batch_03|batch_10
zic008_a549,20260932,5,0,5,35,batch_02|batch_06|batch_08|batch_05|batch_04,batch_01|batch_09|batch_07|batch_03|batch_10
zic008_a549,20260933,1,0,5,35,batch_08,batch_04|batch_10|batch_05|batch_01|batch_09
zic008_a549,20260933,1,1,5,35,batch_06,batch_04|batch_10|batch_05|batch_01|batch_09
zic008_a549,20260933,1,2,5,35,batch_03,batch_04|batch_10|batch_05|batch_01|batch_09
zic008_a549,20260933,1,3,5,35,batch_02,batch_04|batch_10|batch_05|batch_01|batch_09
zic008_a549,20260933,1,4,5,35,batch_07,batch_04|batch_10|batch_05|batch_01|batch_09
zic008_a549,20260933,2,0,5,35,batch_08|batch_06,batch_04|batch_10|batch_05|batch_01|batch_09
zic008_a549,20260933,2,1,5,35,batch_08|batch_03,batch_04|batch_10|batch_05|batch_01|batch_09
zic008_a549,20260933,2,2,5,35,batch_08|batch_02,batch_04|batch_10|batch_05|batch_01|batch_09
zic008_a549,20260933,2,3,5,35,batch_08|batch_07,batch_04|batch_10|batch_05|batch_01|batch_09
zic008_a549,20260933,2,4,5,35,batch_06|batch_03,batch_04|batch_10|batch_05|batch_01|batch_09
zic008_a549,20260933,2,5,5,35,batch_06|batch_02,batch_04|batch_10|batch_05|batch_01|batch_09
zic008_a549,20260933,2,6,5,35,batch_06|batch_07,batch_04|batch_10|batch_05|batch_01|batch_09
zic008_a549,20260933,2,7,5,35,batch_03|batch_02,batch_04|batch_10|batch_05|batch_01|batch_09
zic008_a549,20260933,2,8,5,35,batch_03|batch_07,batch_04|batch_10|batch_05|batch_01|batch_09
zic008_a549,20260933,2,9,5,35,batch_02|batch_07,batch_04|batch_10|batch_05|batch_01|batch_09
zic008_a549,20260933,3,0,5,35,batch_08|batch_06|batch_03,batch_04|batch_10|batch_05|batch_01|batch_09
zic008_a549,20260933,3,1,5,35,batch_08|batch_06|batch_02,batch_04|batch_10|batch_05|batch_01|batch_09
zic008_a549,20260933,3,2,5,35,batch_08|batch_06|batch_07,batch_04|batch_10|batch_05|batch_01|batch_09
zic008_a549,20260933,3,3,5,35,batch_08|batch_03|batch_02,batch_04|batch_10|batch_05|batch_01|batch_09
zic008_a549,20260933,3,4,5,35,batch_08|batch_03|batch_07,batch_04|batch_10|batch_05|batch_01|batch_09
zic008_a549,20260933,3,5,5,35,batch_08|batch_02|batch_07,batch_04|batch_10|batch_05|batch_01|batch_09
zic008_a549,20260933,3,6,5,35,batch_06|batch_03|batch_02,batch_04|batch_10|batch_05|batch_01|batch_09
zic008_a549,20260933,3,7,5,35,batch_06|batch_03|batch_07,batch_04|batch_10|batch_05|batch_01|batch_09
zic008_a549,20260933,3,8,5,35,batch_06|batch_02|batch_07,batch_04|batch_10|batch_05|batch_01|batch_09
zic008_a549,20260933,3,9,5,35,batch_03|batch_02|batch_07,batch_04|batch_10|batch_05|batch_01|batch_09
zic008_a549,20260933,4,0,5,35,batch_08|batch_06|batch_03|batch_02,batch_04|batch_10|batch_05|batch_01|batch_09
zic008_a549,20260933,4,1,5,35,batch_08|batch_06|batch_03|batch_07,batch_04|batch_10|batch_05|batch_01|batch_09
zic008_a549,20260933,4,2,5,35,batch_08|batch_06|batch_02|batch_07,batch_04|batch_10|batch_05|batch_01|batch_09
zic008_a549,20260933,4,3,5,35,batch_08|batch_03|batch_02|batch_07,batch_04|batch_10|batch_05|batch_01|batch_09
zic008_a549,20260933,4,4,5,35,batch_06|batch_03|batch_02|batch_07,batch_04|batch_10|batch_05|batch_01|batch_09
zic008_a549,20260933,5,0,5,35,batch_08|batch_06|batch_03|batch_02|batch_07,batch_04|batch_10|batch_05|batch_01|batch_09
zic008_a549,20260934,1,0,5,35,batch_04,batch_07|batch_06|batch_05|batch_03|batch_09
zic008_a549,20260934,1,1,5,35,batch_02,batch_07|batch_06|batch_05|batch_03|batch_09
zic008_a549,20260934,1,2,5,35,batch_10,batch_07|batch_06|batch_05|batch_03|batch_09
zic008_a549,20260934,1,3,5,35,batch_08,batch_07|batch_06|batch_05|batch_03|batch_09
zic008_a549,20260934,1,4,5,35,batch_01,batch_07|batch_06|batch_05|batch_03|batch_09
zic008_a549,20260934,2,0,5,35,batch_04|batch_02,batch_07|batch_06|batch_05|batch_03|batch_09
zic008_a549,20260934,2,1,5,35,batch_04|batch_10,batch_07|batch_06|batch_05|batch_03|batch_09
zic008_a549,20260934,2,2,5,35,batch_04|batch_08,batch_07|batch_06|batch_05|batch_03|batch_09
zic008_a549,20260934,2,3,5,35,batch_04|batch_01,batch_07|batch_06|batch_05|batch_03|batch_09
zic008_a549,20260934,2,4,5,35,batch_02|batch_10,batch_07|batch_06|batch_05|batch_03|batch_09
zic008_a549,20260934,2,5,5,35,batch_02|batch_08,batch_07|batch_06|batch_05|batch_03|batch_09
zic008_a549,20260934,2,6,5,35,batch_02|batch_01,batch_07|batch_06|batch_05|batch_03|batch_09
zic008_a549,20260934,2,7,5,35,batch_10|batch_08,batch_07|batch_06|batch_05|batch_03|batch_09
zic008_a549,20260934,2,8,5,35,batch_10|batch_01,batch_07|batch_06|batch_05|batch_03|batch_09
zic008_a549,20260934,2,9,5,35,batch_08|batch_01,batch_07|batch_06|batch_05|batch_03|batch_09
zic008_a549,20260934,3,0,5,35,batch_04|batch_02|batch_10,batch_07|batch_06|batch_05|batch_03|batch_09
zic008_a549,20260934,3,1,5,35,batch_04|batch_02|batch_08,batch_07|batch_06|batch_05|batch_03|batch_09
zic008_a549,20260934,3,2,5,35,batch_04|batch_02|batch_01,batch_07|batch_06|batch_05|batch_03|batch_09
zic008_a549,20260934,3,3,5,35,batch_04|batch_10|batch_08,batch_07|batch_06|batch_05|batch_03|batch_09
zic008_a549,20260934,3,4,5,35,batch_04|batch_10|batch_01,batch_07|batch_06|batch_05|batch_03|batch_09
zic008_a549,20260934,3,5,5,35,batch_04|batch_08|batch_01,batch_07|batch_06|batch_05|batch_03|batch_09
zic008_a549,20260934,3,6,5,35,batch_02|batch_10|batch_08,batch_07|batch_06|batch_05|batch_03|batch_09
zic008_a549,20260934,3,7,5,35,batch_02|batch_10|batch_01,batch_07|batch_06|batch_05|batch_03|batch_09
zic008_a549,20260934,3,8,5,35,batch_02|batch_08|batch_01,batch_07|batch_06|batch_05|batch_03|batch_09
zic008_a549,20260934,3,9,5,35,batch_10|batch_08|batch_01,batch_07|batch_06|batch_05|batch_03|batch_09
zic008_a549,20260934,4,0,5,35,batch_04|batch_02|batch_10|batch_08,batch_07|batch_06|batch_05|batch_03|batch_09
zic008_a549,20260934,4,1,5,35,batch_04|batch_02|batch_10|batch_01,batch_07|batch_06|batch_05|batch_03|batch_09
zic008_a549,20260934,4,2,5,35,batch_04|batch_02|batch_08|batch_01,batch_07|batch_06|batch_05|batch_03|batch_09
zic008_a549,20260934,4,3,5,35,batch_04|batch_10|batch_08|batch_01,batch_07|batch_06|batch_05|batch_03|batch_09
zic008_a549,20260934,4,4,5,35,batch_02|batch_10|batch_08|batch_01,batch_07|batch_06|batch_05|batch_03|batch_09
zic008_a549,20260934,5,0,5,35,batch_04|batch_02|batch_10|batch_08|batch_01,batch_07|batch_06|batch_05|batch_03|batch_09
zic008_aec7,20260915,1,0,8,35,batch_02,batch_16|batch_15|batch_06|batch_05|batch_14|batch_08|batch_04|batch_03
zic008_aec7,20260915,1,1,8,35,batch_01,batch_16|batch_15|batch_06|batch_05|batch_14|batch_08|batch_04|batch_03
zic008_aec7,20260915,1,2,8,35,batch_13,batch_16|batch_15|batch_06|batch_05|batch_14|batch_08|batch_04|batch_03
zic008_aec7,20260915,1,3,8,35,batch_11,batch_16|batch_15|batch_06|batch_05|batch_14|batch_08|batch_04|batch_03
zic008_aec7,20260915,1,4,8,35,batch_07,batch_16|batch_15|batch_06|batch_05|batch_14|batch_08|batch_04|batch_03
zic008_aec7,20260915,1,5,8,35,batch_10,batch_16|batch_15|batch_06|batch_05|batch_14|batch_08|batch_04|batch_03
zic008_aec7,20260915,1,6,8,35,batch_09,batch_16|batch_15|batch_06|batch_05|batch_14|batch_08|batch_04|batch_03
zic008_aec7,20260915,1,7,8,35,batch_12,batch_16|batch_15|batch_06|batch_05|batch_14|batch_08|batch_04|batch_03
zic008_aec7,20260915,2,0,8,35,batch_02|batch_01,batch_16|batch_15|batch_06|batch_05|batch_14|batch_08|batch_04|batch_03
zic008_aec7,20260915,2,1,8,35,batch_02|batch_13,batch_16|batch_15|batch_06|batch_05|batch_14|batch_08|batch_04|batch_03
zic008_aec7,20260915,2,2,8,35,batch_02|batch_11,batch_16|batch_15|batch_06|batch_05|batch_14|batch_08|batch_04|batch_03
zic008_aec7,20260915,2,3,8,35,batch_02|batch_07,batch_16|batch_15|batch_06|batch_05|batch_14|batch_08|batch_04|batch_03
zic008_aec7,20260915,2,4,8,35,batch_02|batch_10,batch_16|batch_15|batch_06|batch_05|batch_14|batch_08|batch_04|batch_03
zic008_aec7,20260915,2,5,8,35,batch_02|batch_09,batch_16|batch_15|batch_06|batch_05|batch_14|batch_08|batch_04|batch_03
zic008_aec7,20260915,2,6,8,35,batch_02|batch_12,batch_16|batch_15|batch_06|batch_05|batch_14|batch_08|batch_04|batch_03
zic008_aec7,20260915,2,7,8,35,batch_01|batch_13,batch_16|batch_15|batch_06|batch_05|batch_14|batch_08|batch_04|batch_03
zic008_aec7,20260915,2,8,8,35,batch_01|batch_11,batch_16|batch_15|batch_06|batch_05|batch_14|batch_08|batch_04|batch_03
zic008_aec7,20260915,2,9,8,35,batch_01|batch_07,batch_16|batch_15|batch_06|batch_05|batch_14|batch_08|batch_04|batch_03
zic008_aec7,20260915,2,10,8,35,batch_01|batch_10,batch_16|batch_15|batch_06|batch_05|batch_14|batch_08|batch_04|batch_03
zic008_aec7,20260915,2,11,8,35,batch_01|batch_09,batch_16|batch_15|batch_06|batch_05|batch_14|batch_08|batch_04|batch_03
zic008_aec7,20260915,2,12,8,35,batch_01|batch_12,batch_16|batch_15|batch_06|batch_05|batch_14|batch_08|batch_04|batch_03
zic008_aec7,20260915,2,13,8,35,batch_13|batch_11,batch_16|batch_15|batch_06|batch_05|batch_14|batch_08|batch_04|batch_03
zic008_aec7,20260915,2,14,8,35,batch_13|batch_07,batch_16|batch_15|batch_06|batch_05|batch_14|batch_08|batch_04|batch_03
zic008_aec7,20260915,2,15,8,35,batch_13|batch_10,batch_16|batch_15|batch_06|batch_05|batch_14|batch_08|batch_04|batch_03
zic008_aec7,20260915,2,16,8,35,batch_13|batch_09,batch_16|batch_15|batch_06|batch_05|batch_14|batch_08|batch_04|batch_03
zic008_aec7,20260915,2,17,8,35,batch_13|batch_12,batch_16|batch_15|batch_06|batch_05|batch_14|batch_08|batch_04|batch_03
zic008_aec7,20260915,2,18,8,35,batch_11|batch_07,batch_16|batch_15|batch_06|batch_05|batch_14|batch_08|batch_04|batch_03
zic008_aec7,20260915,2,19,8,35,batch_11|batch_10,batch_16|batch_15|batch_06|batch_05|batch_14|batch_08|batch_04|batch_03
zic008_aec7,20260915,2,20,8,35,batch_11|batch_09,batch_16|batch_15|batch_06|batch_05|batch_14|batch_08|batch_04|batch_03
zic008_aec7,20260915,2,21,8,35,batch_11|batch_12,batch_16|batch_15|batch_06|batch_05|batch_14|batch_08|batch_04|batch_03
zic008_aec7,20260915,2,22,8,35,batch_07|batch_10,batch_16|batch_15|batch_06|batch_05|batch_14|batch_08|batch_04|batch_03
zic008_aec7,20260915,2,23,8,35,batch_07|batch_09,batch_16|batch_15|batch_06|batch_05|batch_14|batch_08|batch_04|batch_03
zic008_aec7,20260915,2,24,8,35,batch_07|batch_12,batch_16|batch_15|batch_06|batch_05|batch_14|batch_08|batch_04|batch_03
zic008_aec7,20260915,2,25,8,35,batch_10|batch_09,batch_16|batch_15|batch_06|batch_05|batch_14|batch_08|batch_04|batch_03
zic008_aec7,20260915,2,26,8,35,batch_10|batch_12,batch_16|batch_15|batch_06|batch_05|batch_14|batch_08|batch_04|batch_03
zic008_aec7,20260915,2,27,8,35,batch_09|batch_12,batch_16|batch_15|batch_06|batch_05|batch_14|batch_08|batch_04|batch_03
zic008_aec7,20260915,3,0,8,35,batch_02|batch_01|batch_13,batch_16|batch_15|batch_06|batch_05|batch_14|batch_08|batch_04|batch_03
zic008_aec7,20260915,3,1,8,35,batch_02|batch_01|batch_11,batch_16|batch_15|batch_06|batch_05|batch_14|batch_08|batch_04|batch_03
zic008_aec7,20260915,3,2,8,35,batch_02|batch_01|batch_07,batch_16|batch_15|batch_06|batch_05|batch_14|batch_08|batch_04|batch_03
zic008_aec7,20260915,3,3,8,35,batch_02|batch_01|batch_10,batch_16|batch_15|batch_06|batch_05|batch_14|batch_08|batch_04|batch_03
zic008_aec7,20260915,3,4,8,35,batch_02|batch_01|batch_09,batch_16|batch_15|batch_06|batch_05|batch_14|batch_08|batch_04|batch_03
zic008_aec7,20260915,3,5,8,35,batch_02|batch_01|batch_12,batch_16|batch_15|batch_06|batch_05|batch_14|batch_08|batch_04|batch_03
zic008_aec7,20260915,3,6,8,35,batch_02|batch_13|batch_11,batch_16|batch_15|batch_06|batch_05|batch_14|batch_08|batch_04|batch_03
zic008_aec7,20260915,3,7,8,35,batch_02|batch_13|batch_07,batch_16|batch_15|batch_06|batch_05|batch_14|batch_08|batch_04|batch_03
zic008_aec7,20260915,3,8,8,35,batch_02|batch_13|batch_10,batch_16|batch_15|batch_06|batch_05|batch_14|batch_08|batch_04|batch_03
zic008_aec7,20260915,3,9,8,35,batch_02|batch_13|batch_09,batch_16|batch_15|batch_06|batch_05|batch_14|batch_08|batch_04|batch_03
zic008_aec7,20260915,3,10,8,35,batch_02|batch_13|batch_12,batch_16|batch_15|batch_06|batch_05|batch_14|batch_08|batch_04|batch_03
zic008_aec7,20260915,3,11,8,35,batch_02|batch_11|batch_07,batch_16|batch_15|batch_06|batch_05|batch_14|batch_08|batch_04|batch_03
zic008_aec7,20260915,3,12,8,35,batch_02|batch_11|batch_10,batch_16|batch_15|batch_06|batch_05|batch_14|batch_08|batch_04|batch_03
zic008_aec7,20260915,3,13,8,35,batch_02|batch_11|batch_09,batch_16|batch_15|batch_06|batch_05|batch_14|batch_08|batch_04|batch_03
zic008_aec7,20260915,3,14,8,35,batch_02|batch_11|batch_12,batch_16|batch_15|batch_06|batch_05|batch_14|batch_08|batch_04|batch_03
zic008_aec7,20260915,3,15,8,35,batch_02|batch_07|batch_10,batch_16|batch_15|batch_06|batch_05|batch_14|batch_08|batch_04|batch_03
zic008_aec7,20260915,3,16,8,35,batch_02|batch_07|batch_09,batch_16|batch_15|batch_06|batch_05|batch_14|batch_08|batch_04|batch_03
zic008_aec7,20260915,3,17,8,35,batch_02|batch_07|batch_12,batch_16|batch_15|batch_06|batch_05|batch_14|batch_08|batch_04|batch_03
zic008_aec7,20260915,3,18,8,35,batch_02|batch_10|batch_09,batch_16|batch_15|batch_06|batch_05|batch_14|batch_08|batch_04|batch_03
zic008_aec7,20260915,3,19,8,35,batch_02|batch_10|batch_12,batch_16|batch_15|batch_06|batch_05|batch_14|batch_08|batch_04|batch_03
zic008_aec7,20260915,3,20,8,35,batch_02|batch_09|batch_12,batch_16|batch_15|batch_06|batch_05|batch_14|batch_08|batch_04|batch_03
zic008_aec7,20260915,3,21,8,35,batch_01|batch_13|batch_11,batch_16|batch_15|batch_06|batch_05|batch_14|batch_08|batch_04|batch_03
zic008_aec7,20260915,3,22,8,35,batch_01|batch_13|batch_07,batch_16|batch_15|batch_06|batch_05|batch_14|batch_08|batch_04|batch_03
zic008_aec7,20260915,3,23,8,35,batch_01|batch_13|batch_10,batch_16|batch_15|batch_06|batch_05|batch_14|batch_08|batch_04|batch_03
zic008_aec7,20260915,3,24,8,35,batch_01|batch_13|batch_09,batch_16|batch_15|batch_06|batch_05|batch_14|batch_08|batch_04|batch_03
zic008_aec7,20260915,3,25,8,35,batch_01|batch_13|batch_12,batch_16|batch_15|batch_06|batch_05|batch_14|batch_08|batch_04|batch_03
zic008_aec7,20260915,3,26,8,35,batch_01|batch_11|batch_07,batch_16|batch_15|batch_06|batch_05|batch_14|batch_08|batch_04|batch_03
zic008_aec7,20260915,3,27,8,35,batch_01|batch_11|batch_10,batch_16|batch_15|batch_06|batch_05|batch_14|batch_08|batch_04|batch_03
zic008_aec7,20260915,3,28,8,35,batch_01|batch_11|batch_09,batch_16|batch_15|batch_06|batch_05|batch_14|batch_08|batch_04|batch_03
zic008_aec7,20260915,3,29,8,35,batch_01|batch_11|batch_12,batch_16|batch_15|batch_06|batch_05|batch_14|batch_08|batch_04|batch_03
zic008_aec7,20260915,3,30,8,35,batch_01|batch_07|batch_10,batch_16|batch_15|batch_06|batch_05|batch_14|batch_08|batch_04|batch_03
zic008_aec7,20260915,3,31,8,35,batch_01|batch_07|batch_09,batch_16|batch_15|batch_06|batch_05|batch_14|batch_08|batch_04|batch_03
zic008_aec7,20260915,3,32,8,35,batch_01|batch_07|batch_12,batch_16|batch_15|batch_06|batch_05|batch_14|batch_08|batch_04|batch_03
zic008_aec7,20260915,3,33,8,35,batch_01|batch_10|batch_09,batch_16|batch_15|batch_06|batch_05|batch_14|batch_08|batch_04|batch_03
zic008_aec7,20260915,3,34,8,35,batch_01|batch_10|batch_12,batch_16|batch_15|batch_06|batch_05|batch_14|batch_08|batch_04|batch_03
zic008_aec7,20260915,3,35,8,35,batch_01|batch_09|batch_12,batch_16|batch_15|batch_06|batch_05|batch_14|batch_08|batch_04|batch_03
zic008_aec7,20260915,3,36,8,35,batch_13|batch_11|batch_07,batch_16|batch_15|batch_06|batch_05|batch_14|batch_08|batch_04|batch_03
zic008_aec7,20260915,3,37,8,35,batch_13|batch_11|batch_10,batch_16|batch_15|batch_06|batch_05|batch_14|batch_08|batch_04|batch_03
zic008_aec7,20260915,3,38,8,35,batch_13|batch_11|batch_09,batch_16|batch_15|batch_06|batch_05|batch_14|batch_08|batch_04|batch_03
zic008_aec7,20260915,3,39,8,35,batch_13|batch_11|batch_12,batch_16|batch_15|batch_06|batch_05|batch_14|batch_08|batch_04|batch_03
zic008_aec7,20260915,3,40,8,35,batch_13|batch_07|batch_10,batch_16|batch_15|batch_06|batch_05|batch_14|batch_08|batch_04|batch_03
zic008_aec7,20260915,3,41,8,35,batch_13|batch_07|batch_09,batch_16|batch_15|batch_06|batch_05|batch_14|batch_08|batch_04|batch_03
zic008_aec7,20260915,3,42,8,35,batch_13|batch_07|batch_12,batch_16|batch_15|batch_06|batch_05|batch_14|batch_08|batch_04|batch_03
zic008_aec7,20260915,3,43,8,35,batch_13|batch_10|batch_09,batch_16|batch_15|batch_06|batch_05|batch_14|batch_08|batch_04|batch_03
zic008_aec7,20260915,3,44,8,35,batch_13|batch_10|batch_12,batch_16|batch_15|batch_06|batch_05|batch_14|batch_08|batch_04|batch_03
zic008_aec7,20260915,3,45,8,35,batch_13|batch_09|batch_12,batch_16|batch_15|batch_06|batch_05|batch_14|batch_08|batch_04|batch_03
zic008_aec7,20260915,3,46,8,35,batch_11|batch_07|batch_10,batch_16|batch_15|batch_06|batch_05|batch_14|batch_08|batch_04|batch_03
zic008_aec7,20260915,3,47,8,35,batch_11|batch_07|batch_09,batch_16|batch_15|batch_06|batch_05|batch_14|batch_08|batch_04|batch_03
zic008_aec7,20260915,3,48,8,35,batch_11|batch_07|batch_12,batch_16|batch_15|batch_06|batch_05|batch_14|batch_08|batch_04|batch_03
zic008_aec7,20260915,3,49,8,35,batch_11|batch_10|batch_09,batch_16|batch_15|batch_06|batch_05|batch_14|batch_08|batch_04|batch_03
zic008_aec7,20260915,3,50,8,35,batch_11|batch_10|batch_12,batch_16|batch_15|batch_06|batch_05|batch_14|batch_08|batch_04|batch_03
zic008_aec7,20260915,3,51,8,35,batch_11|batch_09|batch_12,batch_16|batch_15|batch_06|batch_05|batch_14|batch_08|batch_04|batch_03
zic008_aec7,20260915,3,52,8,35,batch_07|batch_10|batch_09,batch_16|batch_15|batch_06|batch_05|batch_14|batch_08|batch_04|batch_03
zic008_aec7,20260915,3,53,8,35,batch_07|batch_10|batch_12,batch_16|batch_15|batch_06|batch_05|batch_14|batch_08|batch_04|batch_03
zic008_aec7,20260915,3,54,8,35,batch_07|batch_09|batch_12,batch_16|batch_15|batch_06|batch_05|batch_14|batch_08|batch_04|batch_03
zic008_aec7,20260915,3,55,8,35,batch_10|batch_09|batch_12,batch_16|batch_15|batch_06|batch_05|batch_14|batch_08|batch_04|batch_03
zic008_aec7,20260915,4,0,8,35,batch_02|batch_01|batch_13|batch_11,batch_16|batch_15|batch_06|batch_05|batch_14|batch_08|batch_04|batch_03
zic008_aec7,20260915,4,1,8,35,batch_02|batch_01|batch_13|batch_07,batch_16|batch_15|batch_06|batch_05|batch_14|batch_08|batch_04|batch_03
zic008_aec7,20260915,4,2,8,35,batch_02|batch_01|batch_13|batch_10,batch_16|batch_15|batch_06|batch_05|batch_14|batch_08|batch_04|batch_03
zic008_aec7,20260915,4,3,8,35,batch_02|batch_01|batch_13|batch_09,batch_16|batch_15|batch_06|batch_05|batch_14|batch_08|batch_04|batch_03
zic008_aec7,20260915,4,4,8,35,batch_02|batch_01|batch_13|batch_12,batch_16|batch_15|batch_06|batch_05|batch_14|batch_08|batch_04|batch_03
zic008_aec7,20260915,4,5,8,35,batch_02|batch_01|batch_11|batch_07,batch_16|batch_15|batch_06|batch_05|batch_14|batch_08|batch_04|batch_03
zic008_aec7,20260915,4,6,8,35,batch_02|batch_01|batch_11|batch_10,batch_16|batch_15|batch_06|batch_05|batch_14|batch_08|batch_04|batch_03
zic008_aec7,20260915,4,7,8,35,batch_02|batch_01|batch_11|batch_09,batch_16|batch_15|batch_06|batch_05|batch_14|batch_08|batch_04|batch_03
zic008_aec7,20260915,4,8,8,35,batch_02|batch_01|batch_11|batch_12,batch_16|batch_15|batch_06|batch_05|batch_14|batch_08|batch_04|batch_03
zic008_aec7,20260915,4,9,8,35,batch_02|batch_01|batch_07|batch_10,batch_16|batch_15|batch_06|batch_05|batch_14|batch_08|batch_04|batch_03
zic008_aec7,20260915,4,10,8,35,batch_02|batch_01|batch_07|batch_09,batch_16|batch_15|batch_06|batch_05|batch_14|batch_08|batch_04|batch_03
zic008_aec7,20260915,4,11,8,35,batch_02|batch_01|batch_07|batch_12,batch_16|batch_15|batch_06|batch_05|batch_14|batch_08|batch_04|batch_03
zic008_aec7,20260915,4,12,8,35,batch_02|batch_01|batch_10|batch_09,batch_16|batch_15|batch_06|batch_05|batch_14|batch_08|batch_04|batch_03
zic008_aec7,20260915,4,13,8,35,batch_02|batch_01|batch_10|batch_12,batch_16|batch_15|batch_06|batch_05|batch_14|batch_08|batch_04|batch_03
zic008_aec7,20260915,4,14,8,35,batch_02|batch_01|batch_09|batch_12,batch_16|batch_15|batch_06|batch_05|batch_14|batch_08|batch_04|batch_03
zic008_aec7,20260915,4,15,8,35,batch_02|batch_13|batch_11|batch_07,batch_16|batch_15|batch_06|batch_05|batch_14|batch_08|batch_04|batch_03
zic008_aec7,20260915,4,16,8,35,batch_02|batch_13|batch_11|batch_10,batch_16|batch_15|batch_06|batch_05|batch_14|batch_08|batch_04|batch_03
zic008_aec7,20260915,4,17,8,35,batch_02|batch_13|batch_11|batch_09,batch_16|batch_15|batch_06|batch_05|batch_14|batch_08|batch_04|batch_03
zic008_aec7,20260915,4,18,8,35,batch_02|batch_13|batch_11|batch_12,batch_16|batch_15|batch_06|batch_05|batch_14|batch_08|batch_04|batch_03
zic008_aec7,20260915,4,19,8,35,batch_02|batch_13|batch_07|batch_10,batch_16|batch_15|batch_06|batch_05|batch_14|batch_08|batch_04|batch_03
zic008_aec7,20260915,4,20,8,35,batch_02|batch_13|batch_07|batch_09,batch_16|batch_15|batch_06|batch_05|batch_14|batch_08|batch_04|batch_03
zic008_aec7,20260915,4,21,8,35,batch_02|batch_13|batch_07|batch_12,batch_16|batch_15|batch_06|batch_05|batch_14|batch_08|batch_04|batch_03
zic008_aec7,20260915,4,22,8,35,batch_02|batch_13|batch_10|batch_09,batch_16|batch_15|batch_06|batch_05|batch_14|batch_08|batch_04|batch_03
zic008_aec7,20260915,4,23,8,35,batch_02|batch_13|batch_10|batch_12,batch_16|batch_15|batch_06|batch_05|batch_14|batch_08|batch_04|batch_03
zic008_aec7,20260915,4,24,8,35,batch_02|batch_13|batch_09|batch_12,batch_16|batch_15|batch_06|batch_05|batch_14|batch_08|batch_04|batch_03
zic008_aec7,20260915,4,25,8,35,batch_02|batch_11|batch_07|batch_10,batch_16|batch_15|batch_06|batch_05|batch_14|batch_08|batch_04|batch_03
zic008_aec7,20260915,4,26,8,35,batch_02|batch_11|batch_07|batch_09,batch_16|batch_15|batch_06|batch_05|batch_14|batch_08|batch_04|batch_03
zic008_aec7,20260915,4,27,8,35,batch_02|batch_11|batch_07|batch_12,batch_16|batch_15|batch_06|batch_05|batch_14|batch_08|batch_04|batch_03
zic008_aec7,20260915,4,28,8,35,batch_02|batch_11|batch_10|batch_09,batch_16|batch_15|batch_06|batch_05|batch_14|batch_08|batch_04|batch_03
zic008_aec7,20260915,4,29,8,35,batch_02|batch_11|batch_10|batch_12,batch_16|batch_15|batch_06|batch_05|batch_14|batch_08|batch_04|batch_03
zic008_aec7,20260915,4,30,8,35,batch_02|batch_11|batch_09|batch_12,batch_16|batch_15|batch_06|batch_05|batch_14|batch_08|batch_04|batch_03
zic008_aec7,20260915,4,31,8,35,batch_02|batch_07|batch_10|batch_09,batch_16|batch_15|batch_06|batch_05|batch_14|batch_08|batch_04|batch_03
zic008_aec7,20260915,4,32,8,35,batch_02|batch_07|batch_10|batch_12,batch_16|batch_15|batch_06|batch_05|batch_14|batch_08|batch_04|batch_03
zic008_aec7,20260915,4,33,8,35,batch_02|batch_07|batch_09|batch_12,batch_16|batch_15|batch_06|batch_05|batch_14|batch_08|batch_04|batch_03
zic008_aec7,20260915,4,34,8,35,batch_02|batch_10|batch_09|batch_12,batch_16|batch_15|batch_06|batch_05|batch_14|batch_08|batch_04|batch_03
zic008_aec7,20260915,4,35,8,35,batch_01|batch_13|batch_11|batch_07,batch_16|batch_15|batch_06|batch_05|batch_14|batch_08|batch_04|batch_03
zic008_aec7,20260915,4,36,8,35,batch_01|batch_13|batch_11|batch_10,batch_16|batch_15|batch_06|batch_05|batch_14|batch_08|batch_04|batch_03
zic008_aec7,20260915,4,37,8,35,batch_01|batch_13|batch_11|batch_09,batch_16|batch_15|batch_06|batch_05|batch_14|batch_08|batch_04|batch_03
zic008_aec7,20260915,4,38,8,35,batch_01|batch_13|batch_11|batch_12,batch_16|batch_15|batch_06|batch_05|batch_14|batch_08|batch_04|batch_03
zic008_aec7,20260915,4,39,8,35,batch_01|batch_13|batch_07|batch_10,batch_16|batch_15|batch_06|batch_05|batch_14|batch_08|batch_04|batch_03
zic008_aec7,20260915,4,40,8,35,batch_01|batch_13|batch_07|batch_09,batch_16|batch_15|batch_06|batch_05|batch_14|batch_08|batch_04|batch_03
zic008_aec7,20260915,4,41,8,35,batch_01|batch_13|batch_07|batch_12,batch_16|batch_15|batch_06|batch_05|batch_14|batch_08|batch_04|batch_03
zic008_aec7,20260915,4,42,8,35,batch_01|batch_13|batch_10|batch_09,batch_16|batch_15|batch_06|batch_05|batch_14|batch_08|batch_04|batch_03
zic008_aec7,20260915,4,43,8,35,batch_01|batch_13|batch_10|batch_12,batch_16|batch_15|batch_06|batch_05|batch_14|batch_08|batch_04|batch_03
zic008_aec7,20260915,4,44,8,35,batch_01|batch_13|batch_09|batch_12,batch_16|batch_15|batch_06|batch_05|batch_14|batch_08|batch_04|batch_03
zic008_aec7,20260915,4,45,8,35,batch_01|batch_11|batch_07|batch_10,batch_16|batch_15|batch_06|batch_05|batch_14|batch_08|batch_04|batch_03
zic008_aec7,20260915,4,46,8,35,batch_01|batch_11|batch_07|batch_09,batch_16|batch_15|batch_06|batch_05|batch_14|batch_08|batch_04|batch_03
zic008_aec7,20260915,4,47,8,35,batch_01|batch_11|batch_07|batch_12,batch_16|batch_15|batch_06|batch_05|batch_14|batch_08|batch_04|batch_03
zic008_aec7,20260915,4,48,8,35,batch_01|batch_11|batch_10|batch_09,batch_16|batch_15|batch_06|batch_05|batch_14|batch_08|batch_04|batch_03
zic008_aec7,20260915,4,49,8,35,batch_01|batch_11|batch_10|batch_12,batch_16|batch_15|batch_06|batch_05|batch_14|batch_08|batch_04|batch_03
zic008_aec7,20260915,4,50,8,35,batch_01|batch_11|batch_09|batch_12,batch_16|batch_15|batch_06|batch_05|batch_14|batch_08|batch_04|batch_03
zic008_aec7,20260915,4,51,8,35,batch_01|batch_07|batch_10|batch_09,batch_16|batch_15|batch_06|batch_05|batch_14|batch_08|batch_04|batch_03
zic008_aec7,20260915,4,52,8,35,batch_01|batch_07|batch_10|batch_12,batch_16|batch_15|batch_06|batch_05|batch_14|batch_08|batch_04|batch_03
zic008_aec7,20260915,4,53,8,35,batch_01|batch_07|batch_09|batch_12,batch_16|batch_15|batch_06|batch_05|batch_14|batch_08|batch_04|batch_03
zic008_aec7,20260915,4,54,8,35,batch_01|batch_10|batch_09|batch_12,batch_16|batch_15|batch_06|batch_05|batch_14|batch_08|batch_04|batch_03
zic008_aec7,20260915,4,55,8,35,batch_13|batch_11|batch_07|batch_10,batch_16|batch_15|batch_06|batch_05|batch_14|batch_08|batch_04|batch_03
zic008_aec7,20260915,4,56,8,35,batch_13|batch_11|batch_07|batch_09,batch_16|batch_15|batch_06|batch_05|batch_14|batch_08|batch_04|batch_03
zic008_aec7,20260915,4,57,8,35,batch_13|batch_11|batch_07|batch_12,batch_16|batch_15|batch_06|batch_05|batch_14|batch_08|batch_04|batch_03
zic008_aec7,20260915,4,58,8,35,batch_13|batch_11|batch_10|batch_09,batch_16|batch_15|batch_06|batch_05|batch_14|batch_08|batch_04|batch_03
zic008_aec7,20260915,4,59,8,35,batch_13|batch_11|batch_10|batch_12,batch_16|batch_15|batch_06|batch_05|batch_14|batch_08|batch_04|batch_03
zic008_aec7,20260915,4,60,8,35,batch_13|batch_11|batch_09|batch_12,batch_16|batch_15|batch_06|batch_05|batch_14|batch_08|batch_04|batch_03
zic008_aec7,20260915,4,61,8,35,batch_13|batch_07|batch_10|batch_09,batch_16|batch_15|batch_06|batch_05|batch_14|batch_08|batch_04|batch_03
zic008_aec7,20260915,4,62,8,35,batch_13|batch_07|batch_10|batch_12,batch_16|batch_15|batch_06|batch_05|batch_14|batch_08|batch_04|batch_03
zic008_aec7,20260915,4,63,8,35,batch_13|batch_07|batch_09|batch_12,batch_16|batch_15|batch_06|batch_05|batch_14|batch_08|batch_04|batch_03
zic008_aec7,20260915,4,64,8,35,batch_13|batch_10|batch_09|batch_12,batch_16|batch_15|batch_06|batch_05|batch_14|batch_08|batch_04|batch_03
zic008_aec7,20260915,4,65,8,35,batch_11|batch_07|batch_10|batch_09,batch_16|batch_15|batch_06|batch_05|batch_14|batch_08|batch_04|batch_03
zic008_aec7,20260915,4,66,8,35,batch_11|batch_07|batch_10|batch_12,batch_16|batch_15|batch_06|batch_05|batch_14|batch_08|batch_04|batch_03
zic008_aec7,20260915,4,67,8,35,batch_11|batch_07|batch_09|batch_12,batch_16|batch_15|batch_06|batch_05|batch_14|batch_08|batch_04|batch_03
zic008_aec7,20260915,4,68,8,35,batch_11|batch_10|batch_09|batch_12,batch_16|batch_15|batch_06|batch_05|batch_14|batch_08|batch_04|batch_03
zic008_aec7,20260915,4,69,8,35,batch_07|batch_10|batch_09|batch_12,batch_16|batch_15|batch_06|batch_05|batch_14|batch_08|batch_04|batch_03
zic008_aec7,20260915,5,0,8,35,batch_02|batch_01|batch_13|batch_11|batch_07,batch_16|batch_15|batch_06|batch_05|batch_14|batch_08|batch_04|batch_03
zic008_aec7,20260915,5,1,8,35,batch_02|batch_01|batch_13|batch_11|batch_10,batch_16|batch_15|batch_06|batch_05|batch_14|batch_08|batch_04|batch_03
zic008_aec7,20260915,5,2,8,35,batch_02|batch_01|batch_13|batch_11|batch_09,batch_16|batch_15|batch_06|batch_05|batch_14|batch_08|batch_04|batch_03
zic008_aec7,20260915,5,3,8,35,batch_02|batch_01|batch_13|batch_11|batch_12,batch_16|batch_15|batch_06|batch_05|batch_14|batch_08|batch_04|batch_03
zic008_aec7,20260915,5,4,8,35,batch_02|batch_01|batch_13|batch_07|batch_10,batch_16|batch_15|batch_06|batch_05|batch_14|batch_08|batch_04|batch_03
zic008_aec7,20260915,5,5,8,35,batch_02|batch_01|batch_13|batch_07|batch_09,batch_16|batch_15|batch_06|batch_05|batch_14|batch_08|batch_04|batch_03
zic008_aec7,20260915,5,6,8,35,batch_02|batch_01|batch_13|batch_07|batch_12,batch_16|batch_15|batch_06|batch_05|batch_14|batch_08|batch_04|batch_03
zic008_aec7,20260915,5,7,8,35,batch_02|batch_01|batch_13|batch_10|batch_09,batch_16|batch_15|batch_06|batch_05|batch_14|batch_08|batch_04|batch_03
zic008_aec7,20260915,5,8,8,35,batch_02|batch_01|batch_13|batch_10|batch_12,batch_16|batch_15|batch_06|batch_05|batch_14|batch_08|batch_04|batch_03
zic008_aec7,20260915,5,9,8,35,batch_02|batch_01|batch_13|batch_09|batch_12,batch_16|batch_15|batch_06|batch_05|batch_14|batch_08|batch_04|batch_03
zic008_aec7,20260915,5,10,8,35,batch_02|batch_01|batch_11|batch_07|batch_10,batch_16|batch_15|batch_06|batch_05|batch_14|batch_08|batch_04|batch_03
zic008_aec7,20260915,5,11,8,35,batch_02|batch_01|batch_11|batch_07|batch_09,batch_16|batch_15|batch_06|batch_05|batch_14|batch_08|batch_04|batch_03
zic008_aec7,20260915,5,12,8,35,batch_02|batch_01|batch_11|batch_07|batch_12,batch_16|batch_15|batch_06|batch_05|batch_14|batch_08|batch_04|batch_03
zic008_aec7,20260915,5,13,8,35,batch_02|batch_01|batch_11|batch_10|batch_09,batch_16|batch_15|batch_06|batch_05|batch_14|batch_08|batch_04|batch_03
zic008_aec7,20260915,5,14,8,35,batch_02|batch_01|batch_11|batch_10|batch_12,batch_16|batch_15|batch_06|batch_05|batch_14|batch_08|batch_04|batch_03
zic008_aec7,20260915,5,15,8,35,batch_02|batch_01|batch_11|batch_09|batch_12,batch_16|batch_15|batch_06|batch_05|batch_14|batch_08|batch_04|batch_03
zic008_aec7,20260915,5,16,8,35,batch_02|batch_01|batch_07|batch_10|batch_09,batch_16|batch_15|batch_06|batch_05|batch_14|batch_08|batch_04|batch_03
zic008_aec7,20260915,5,17,8,35,batch_02|batch_01|batch_07|batch_10|batch_12,batch_16|batch_15|batch_06|batch_05|batch_14|batch_08|batch_04|batch_03
zic008_aec7,20260915,5,18,8,35,batch_02|batch_01|batch_07|batch_09|batch_12,batch_16|batch_15|batch_06|batch_05|batch_14|batch_08|batch_04|batch_03
zic008_aec7,20260915,5,19,8,35,batch_02|batch_01|batch_10|batch_09|batch_12,batch_16|batch_15|batch_06|batch_05|batch_14|batch_08|batch_04|batch_03
zic008_aec7,20260915,5,20,8,35,batch_02|batch_13|batch_11|batch_07|batch_10,batch_16|batch_15|batch_06|batch_05|batch_14|batch_08|batch_04|batch_03
zic008_aec7,20260915,5,21,8,35,batch_02|batch_13|batch_11|batch_07|batch_09,batch_16|batch_15|batch_06|batch_05|batch_14|batch_08|batch_04|batch_03
zic008_aec7,20260915,5,22,8,35,batch_02|batch_13|batch_11|batch_07|batch_12,batch_16|batch_15|batch_06|batch_05|batch_14|batch_08|batch_04|batch_03
zic008_aec7,20260915,5,23,8,35,batch_02|batch_13|batch_11|batch_10|batch_09,batch_16|batch_15|batch_06|batch_05|batch_14|batch_08|batch_04|batch_03
zic008_aec7,20260915,5,24,8,35,batch_02|batch_13|batch_11|batch_10|batch_12,batch_16|batch_15|batch_06|batch_05|batch_14|batch_08|batch_04|batch_03
zic008_aec7,20260915,5,25,8,35,batch_02|batch_13|batch_11|batch_09|batch_12,batch_16|batch_15|batch_06|batch_05|batch_14|batch_08|batch_04|batch_03
zic008_aec7,20260915,5,26,8,35,batch_02|batch_13|batch_07|batch_10|batch_09,batch_16|batch_15|batch_06|batch_05|batch_14|batch_08|batch_04|batch_03
zic008_aec7,20260915,5,27,8,35,batch_02|batch_13|batch_07|batch_10|batch_12,batch_16|batch_15|batch_06|batch_05|batch_14|batch_08|batch_04|batch_03
zic008_aec7,20260915,5,28,8,35,batch_02|batch_13|batch_07|batch_09|batch_12,batch_16|batch_15|batch_06|batch_05|batch_14|batch_08|batch_04|batch_03
zic008_aec7,20260915,5,29,8,35,batch_02|batch_13|batch_10|batch_09|batch_12,batch_16|batch_15|batch_06|batch_05|batch_14|batch_08|batch_04|batch_03
zic008_aec7,20260915,5,30,8,35,batch_02|batch_11|batch_07|batch_10|batch_09,batch_16|batch_15|batch_06|batch_05|batch_14|batch_08|batch_04|batch_03
zic008_aec7,20260915,5,31,8,35,batch_02|batch_11|batch_07|batch_10|batch_12,batch_16|batch_15|batch_06|batch_05|batch_14|batch_08|batch_04|batch_03
zic008_aec7,20260915,5,32,8,35,batch_02|batch_11|batch_07|batch_09|batch_12,batch_16|batch_15|batch_06|batch_05|batch_14|batch_08|batch_04|batch_03
zic008_aec7,20260915,5,33,8,35,batch_02|batch_11|batch_10|batch_09|batch_12,batch_16|batch_15|batch_06|batch_05|batch_14|batch_08|batch_04|batch_03
zic008_aec7,20260915,5,34,8,35,batch_02|batch_07|batch_10|batch_09|batch_12,batch_16|batch_15|batch_06|batch_05|batch_14|batch_08|batch_04|batch_03
zic008_aec7,20260915,5,35,8,35,batch_01|batch_13|batch_11|batch_07|batch_10,batch_16|batch_15|batch_06|batch_05|batch_14|batch_08|batch_04|batch_03
zic008_aec7,20260915,5,36,8,35,batch_01|batch_13|batch_11|batch_07|batch_09,batch_16|batch_15|batch_06|batch_05|batch_14|batch_08|batch_04|batch_03
zic008_aec7,20260915,5,37,8,35,batch_01|batch_13|batch_11|batch_07|batch_12,batch_16|batch_15|batch_06|batch_05|batch_14|batch_08|batch_04|batch_03
zic008_aec7,20260915,5,38,8,35,batch_01|batch_13|batch_11|batch_10|batch_09,batch_16|batch_15|batch_06|batch_05|batch_14|batch_08|batch_04|batch_03
zic008_aec7,20260915,5,39,8,35,batch_01|batch_13|batch_11|batch_10|batch_12,batch_16|batch_15|batch_06|batch_05|batch_14|batch_08|batch_04|batch_03
zic008_aec7,20260915,5,40,8,35,batch_01|batch_13|batch_11|batch_09|batch_12,batch_16|batch_15|batch_06|batch_05|batch_14|batch_08|batch_04|batch_03
zic008_aec7,20260915,5,41,8,35,batch_01|batch_13|batch_07|batch_10|batch_09,batch_16|batch_15|batch_06|batch_05|batch_14|batch_08|batch_04|batch_03
zic008_aec7,20260915,5,42,8,35,batch_01|batch_13|batch_07|batch_10|batch_12,batch_16|batch_15|batch_06|batch_05|batch_14|batch_08|batch_04|batch_03
zic008_aec7,20260915,5,43,8,35,batch_01|batch_13|batch_07|batch_09|batch_12,batch_16|batch_15|batch_06|batch_05|batch_14|batch_08|batch_04|batch_03
zic008_aec7,20260915,5,44,8,35,batch_01|batch_13|batch_10|batch_09|batch_12,batch_16|batch_15|batch_06|batch_05|batch_14|batch_08|batch_04|batch_03
zic008_aec7,20260915,5,45,8,35,batch_01|batch_11|batch_07|batch_10|batch_09,batch_16|batch_15|batch_06|batch_05|batch_14|batch_08|batch_04|batch_03
zic008_aec7,20260915,5,46,8,35,batch_01|batch_11|batch_07|batch_10|batch_12,batch_16|batch_15|batch_06|batch_05|batch_14|batch_08|batch_04|batch_03
zic008_aec7,20260915,5,47,8,35,batch_01|batch_11|batch_07|batch_09|batch_12,batch_16|batch_15|batch_06|batch_05|batch_14|batch_08|batch_04|batch_03
zic008_aec7,20260915,5,48,8,35,batch_01|batch_11|batch_10|batch_09|batch_12,batch_16|batch_15|batch_06|batch_05|batch_14|batch_08|batch_04|batch_03
zic008_aec7,20260915,5,49,8,35,batch_01|batch_07|batch_10|batch_09|batch_12,batch_16|batch_15|batch_06|batch_05|batch_14|batch_08|batch_04|batch_03
zic008_aec7,20260915,5,50,8,35,batch_13|batch_11|batch_07|batch_10|batch_09,batch_16|batch_15|batch_06|batch_05|batch_14|batch_08|batch_04|batch_03
zic008_aec7,20260915,5,51,8,35,batch_13|batch_11|batch_07|batch_10|batch_12,batch_16|batch_15|batch_06|batch_05|batch_14|batch_08|batch_04|batch_03
zic008_aec7,20260915,5,52,8,35,batch_13|batch_11|batch_07|batch_09|batch_12,batch_16|batch_15|batch_06|batch_05|batch_14|batch_08|batch_04|batch_03
zic008_aec7,20260915,5,53,8,35,batch_13|batch_11|batch_10|batch_09|batch_12,batch_16|batch_15|batch_06|batch_05|batch_14|batch_08|batch_04|batch_03
zic008_aec7,20260915,5,54,8,35,batch_13|batch_07|batch_10|batch_09|batch_12,batch_16|batch_15|batch_06|batch_05|batch_14|batch_08|batch_04|batch_03
zic008_aec7,20260915,5,55,8,35,batch_11|batch_07|batch_10|batch_09|batch_12,batch_16|batch_15|batch_06|batch_05|batch_14|batch_08|batch_04|batch_03
zic008_aec7,20260915,6,0,8,35,batch_02|batch_01|batch_13|batch_11|batch_07|batch_10,batch_16|batch_15|batch_06|batch_05|batch_14|batch_08|batch_04|batch_03
zic008_aec7,20260915,6,1,8,35,batch_02|batch_01|batch_13|batch_11|batch_07|batch_09,batch_16|batch_15|batch_06|batch_05|batch_14|batch_08|batch_04|batch_03
zic008_aec7,20260915,6,2,8,35,batch_02|batch_01|batch_13|batch_11|batch_07|batch_12,batch_16|batch_15|batch_06|batch_05|batch_14|batch_08|batch_04|batch_03
zic008_aec7,20260915,6,3,8,35,batch_02|batch_01|batch_13|batch_11|batch_10|batch_09,batch_16|batch_15|batch_06|batch_05|batch_14|batch_08|batch_04|batch_03
zic008_aec7,20260915,6,4,8,35,batch_02|batch_01|batch_13|batch_11|batch_10|batch_12,batch_16|batch_15|batch_06|batch_05|batch_14|batch_08|batch_04|batch_03
zic008_aec7,20260915,6,5,8,35,batch_02|batch_01|batch_13|batch_11|batch_09|batch_12,batch_16|batch_15|batch_06|batch_05|batch_14|batch_08|batch_04|batch_03
zic008_aec7,20260915,6,6,8,35,batch_02|batch_01|batch_13|batch_07|batch_10|batch_09,batch_16|batch_15|batch_06|batch_05|batch_14|batch_08|batch_04|batch_03
zic008_aec7,20260915,6,7,8,35,batch_02|batch_01|batch_13|batch_07|batch_10|batch_12,batch_16|batch_15|batch_06|batch_05|batch_14|batch_08|batch_04|batch_03
zic008_aec7,20260915,6,8,8,35,batch_02|batch_01|batch_13|batch_07|batch_09|batch_12,batch_16|batch_15|batch_06|batch_05|batch_14|batch_08|batch_04|batch_03
zic008_aec7,20260915,6,9,8,35,batch_02|batch_01|batch_13|batch_10|batch_09|batch_12,batch_16|batch_15|batch_06|batch_05|batch_14|batch_08|batch_04|batch_03
zic008_aec7,20260915,6,10,8,35,batch_02|batch_01|batch_11|batch_07|batch_10|batch_09,batch_16|batch_15|batch_06|batch_05|batch_14|batch_08|batch_04|batch_03
zic008_aec7,20260915,6,11,8,35,batch_02|batch_01|batch_11|batch_07|batch_10|batch_12,batch_16|batch_15|batch_06|batch_05|batch_14|batch_08|batch_04|batch_03
zic008_aec7,20260915,6,12,8,35,batch_02|batch_01|batch_11|batch_07|batch_09|batch_12,batch_16|batch_15|batch_06|batch_05|batch_14|batch_08|batch_04|batch_03
zic008_aec7,20260915,6,13,8,35,batch_02|batch_01|batch_11|batch_10|batch_09|batch_12,batch_16|batch_15|batch_06|batch_05|batch_14|batch_08|batch_04|batch_03
zic008_aec7,20260915,6,14,8,35,batch_02|batch_01|batch_07|batch_10|batch_09|batch_12,batch_16|batch_15|batch_06|batch_05|batch_14|batch_08|batch_04|batch_03
zic008_aec7,20260915,6,15,8,35,batch_02|batch_13|batch_11|batch_07|batch_10|batch_09,batch_16|batch_15|batch_06|batch_05|batch_14|batch_08|batch_04|batch_03
zic008_aec7,20260915,6,16,8,35,batch_02|batch_13|batch_11|batch_07|batch_10|batch_12,batch_16|batch_15|batch_06|batch_05|batch_14|batch_08|batch_04|batch_03
zic008_aec7,20260915,6,17,8,35,batch_02|batch_13|batch_11|batch_07|batch_09|batch_12,batch_16|batch_15|batch_06|batch_05|batch_14|batch_08|batch_04|batch_03
zic008_aec7,20260915,6,18,8,35,batch_02|batch_13|batch_11|batch_10|batch_09|batch_12,batch_16|batch_15|batch_06|batch_05|batch_14|batch_08|batch_04|batch_03
zic008_aec7,20260915,6,19,8,35,batch_02|batch_13|batch_07|batch_10|batch_09|batch_12,batch_16|batch_15|batch_06|batch_05|batch_14|batch_08|batch_04|batch_03
zic008_aec7,20260915,6,20,8,35,batch_02|batch_11|batch_07|batch_10|batch_09|batch_12,batch_16|batch_15|batch_06|batch_05|batch_14|batch_08|batch_04|batch_03
zic008_aec7,20260915,6,21,8,35,batch_01|batch_13|batch_11|batch_07|batch_10|batch_09,batch_16|batch_15|batch_06|batch_05|batch_14|batch_08|batch_04|batch_03
zic008_aec7,20260915,6,22,8,35,batch_01|batch_13|batch_11|batch_07|batch_10|batch_12,batch_16|batch_15|batch_06|batch_05|batch_14|batch_08|batch_04|batch_03
zic008_aec7,20260915,6,23,8,35,batch_01|batch_13|batch_11|batch_07|batch_09|batch_12,batch_16|batch_15|batch_06|batch_05|batch_14|batch_08|batch_04|batch_03
zic008_aec7,20260915,6,24,8,35,batch_01|batch_13|batch_11|batch_10|batch_09|batch_12,batch_16|batch_15|batch_06|batch_05|batch_14|batch_08|batch_04|batch_03
zic008_aec7,20260915,6,25,8,35,batch_01|batch_13|batch_07|batch_10|batch_09|batch_12,batch_16|batch_15|batch_06|batch_05|batch_14|batch_08|batch_04|batch_03
zic008_aec7,20260915,6,26,8,35,batch_01|batch_11|batch_07|batch_10|batch_09|batch_12,batch_16|batch_15|batch_06|batch_05|batch_14|batch_08|batch_04|batch_03
zic008_aec7,20260915,6,27,8,35,batch_13|batch_11|batch_07|batch_10|batch_09|batch_12,batch_16|batch_15|batch_06|batch_05|batch_14|batch_08|batch_04|batch_03
zic008_aec7,20260915,7,0,8,35,batch_02|batch_01|batch_13|batch_11|batch_07|batch_10|batch_09,batch_16|batch_15|batch_06|batch_05|batch_14|batch_08|batch_04|batch_03
zic008_aec7,20260915,7,1,8,35,batch_02|batch_01|batch_13|batch_11|batch_07|batch_10|batch_12,batch_16|batch_15|batch_06|batch_05|batch_14|batch_08|batch_04|batch_03
zic008_aec7,20260915,7,2,8,35,batch_02|batch_01|batch_13|batch_11|batch_07|batch_09|batch_12,batch_16|batch_15|batch_06|batch_05|batch_14|batch_08|batch_04|batch_03
zic008_aec7,20260915,7,3,8,35,batch_02|batch_01|batch_13|batch_11|batch_10|batch_09|batch_12,batch_16|batch_15|batch_06|batch_05|batch_14|batch_08|batch_04|batch_03
zic008_aec7,20260915,7,4,8,35,batch_02|batch_01|batch_13|batch_07|batch_10|batch_09|batch_12,batch_16|batch_15|batch_06|batch_05|batch_14|batch_08|batch_04|batch_03
zic008_aec7,20260915,7,5,8,35,batch_02|batch_01|batch_11|batch_07|batch_10|batch_09|batch_12,batch_16|batch_15|batch_06|batch_05|batch_14|batch_08|batch_04|batch_03
zic008_aec7,20260915,7,6,8,35,batch_02|batch_13|batch_11|batch_07|batch_10|batch_09|batch_12,batch_16|batch_15|batch_06|batch_05|batch_14|batch_08|batch_04|batch_03
zic008_aec7,20260915,7,7,8,35,batch_01|batch_13|batch_11|batch_07|batch_10|batch_09|batch_12,batch_16|batch_15|batch_06|batch_05|batch_14|batch_08|batch_04|batch_03
zic008_aec7,20260915,8,0,8,35,batch_02|batch_01|batch_13|batch_11|batch_07|batch_10|batch_09|batch_12,batch_16|batch_15|batch_06|batch_05|batch_14|batch_08|batch_04|batch_03
zic008_aec7,20260916,1,0,8,35,batch_07,batch_16|batch_08|batch_09|batch_15|batch_10|batch_02|batch_06|batch_12
zic008_aec7,20260916,1,1,8,35,batch_05,batch_16|batch_08|batch_09|batch_15|batch_10|batch_02|batch_06|batch_12
zic008_aec7,20260916,1,2,8,35,batch_13,batch_16|batch_08|batch_09|batch_15|batch_10|batch_02|batch_06|batch_12
zic008_aec7,20260916,1,3,8,35,batch_03,batch_16|batch_08|batch_09|batch_15|batch_10|batch_02|batch_06|batch_12
zic008_aec7,20260916,1,4,8,35,batch_01,batch_16|batch_08|batch_09|batch_15|batch_10|batch_02|batch_06|batch_12
zic008_aec7,20260916,1,5,8,35,batch_14,batch_16|batch_08|batch_09|batch_15|batch_10|batch_02|batch_06|batch_12
zic008_aec7,20260916,1,6,8,35,batch_11,batch_16|batch_08|batch_09|batch_15|batch_10|batch_02|batch_06|batch_12
zic008_aec7,20260916,1,7,8,35,batch_04,batch_16|batch_08|batch_09|batch_15|batch_10|batch_02|batch_06|batch_12
zic008_aec7,20260916,2,0,8,35,batch_07|batch_05,batch_16|batch_08|batch_09|batch_15|batch_10|batch_02|batch_06|batch_12
zic008_aec7,20260916,2,1,8,35,batch_07|batch_13,batch_16|batch_08|batch_09|batch_15|batch_10|batch_02|batch_06|batch_12
zic008_aec7,20260916,2,2,8,35,batch_07|batch_03,batch_16|batch_08|batch_09|batch_15|batch_10|batch_02|batch_06|batch_12
zic008_aec7,20260916,2,3,8,35,batch_07|batch_01,batch_16|batch_08|batch_09|batch_15|batch_10|batch_02|batch_06|batch_12
zic008_aec7,20260916,2,4,8,35,batch_07|batch_14,batch_16|batch_08|batch_09|batch_15|batch_10|batch_02|batch_06|batch_12
zic008_aec7,20260916,2,5,8,35,batch_07|batch_11,batch_16|batch_08|batch_09|batch_15|batch_10|batch_02|batch_06|batch_12
zic008_aec7,20260916,2,6,8,35,batch_07|batch_04,batch_16|batch_08|batch_09|batch_15|batch_10|batch_02|batch_06|batch_12
zic008_aec7,20260916,2,7,8,35,batch_05|batch_13,batch_16|batch_08|batch_09|batch_15|batch_10|batch_02|batch_06|batch_12
zic008_aec7,20260916,2,8,8,35,batch_05|batch_03,batch_16|batch_08|batch_09|batch_15|batch_10|batch_02|batch_06|batch_12
zic008_aec7,20260916,2,9,8,35,batch_05|batch_01,batch_16|batch_08|batch_09|batch_15|batch_10|batch_02|batch_06|batch_12
zic008_aec7,20260916,2,10,8,35,batch_05|batch_14,batch_16|batch_08|batch_09|batch_15|batch_10|batch_02|batch_06|batch_12
zic008_aec7,20260916,2,11,8,35,batch_05|batch_11,batch_16|batch_08|batch_09|batch_15|batch_10|batch_02|batch_06|batch_12
zic008_aec7,20260916,2,12,8,35,batch_05|batch_04,batch_16|batch_08|batch_09|batch_15|batch_10|batch_02|batch_06|batch_12
zic008_aec7,20260916,2,13,8,35,batch_13|batch_03,batch_16|batch_08|batch_09|batch_15|batch_10|batch_02|batch_06|batch_12
zic008_aec7,20260916,2,14,8,35,batch_13|batch_01,batch_16|batch_08|batch_09|batch_15|batch_10|batch_02|batch_06|batch_12
zic008_aec7,20260916,2,15,8,35,batch_13|batch_14,batch_16|batch_08|batch_09|batch_15|batch_10|batch_02|batch_06|batch_12
zic008_aec7,20260916,2,16,8,35,batch_13|batch_11,batch_16|batch_08|batch_09|batch_15|batch_10|batch_02|batch_06|batch_12
zic008_aec7,20260916,2,17,8,35,batch_13|batch_04,batch_16|batch_08|batch_09|batch_15|batch_10|batch_02|batch_06|batch_12
zic008_aec7,20260916,2,18,8,35,batch_03|batch_01,batch_16|batch_08|batch_09|batch_15|batch_10|batch_02|batch_06|batch_12
zic008_aec7,20260916,2,19,8,35,batch_03|batch_14,batch_16|batch_08|batch_09|batch_15|batch_10|batch_02|batch_06|batch_12
zic008_aec7,20260916,2,20,8,35,batch_03|batch_11,batch_16|batch_08|batch_09|batch_15|batch_10|batch_02|batch_06|batch_12
zic008_aec7,20260916,2,21,8,35,batch_03|batch_04,batch_16|batch_08|batch_09|batch_15|batch_10|batch_02|batch_06|batch_12
zic008_aec7,20260916,2,22,8,35,batch_01|batch_14,batch_16|batch_08|batch_09|batch_15|batch_10|batch_02|batch_06|batch_12
zic008_aec7,20260916,2,23,8,35,batch_01|batch_11,batch_16|batch_08|batch_09|batch_15|batch_10|batch_02|batch_06|batch_12
zic008_aec7,20260916,2,24,8,35,batch_01|batch_04,batch_16|batch_08|batch_09|batch_15|batch_10|batch_02|batch_06|batch_12
zic008_aec7,20260916,2,25,8,35,batch_14|batch_11,batch_16|batch_08|batch_09|batch_15|batch_10|batch_02|batch_06|batch_12
zic008_aec7,20260916,2,26,8,35,batch_14|batch_04,batch_16|batch_08|batch_09|batch_15|batch_10|batch_02|batch_06|batch_12
zic008_aec7,20260916,2,27,8,35,batch_11|batch_04,batch_16|batch_08|batch_09|batch_15|batch_10|batch_02|batch_06|batch_12
zic008_aec7,20260916,3,0,8,35,batch_07|batch_05|batch_13,batch_16|batch_08|batch_09|batch_15|batch_10|batch_02|batch_06|batch_12
zic008_aec7,20260916,3,1,8,35,batch_07|batch_05|batch_03,batch_16|batch_08|batch_09|batch_15|batch_10|batch_02|batch_06|batch_12
zic008_aec7,20260916,3,2,8,35,batch_07|batch_05|batch_01,batch_16|batch_08|batch_09|batch_15|batch_10|batch_02|batch_06|batch_12
zic008_aec7,20260916,3,3,8,35,batch_07|batch_05|batch_14,batch_16|batch_08|batch_09|batch_15|batch_10|batch_02|batch_06|batch_12
zic008_aec7,20260916,3,4,8,35,batch_07|batch_05|batch_11,batch_16|batch_08|batch_09|batch_15|batch_10|batch_02|batch_06|batch_12
zic008_aec7,20260916,3,5,8,35,batch_07|batch_05|batch_04,batch_16|batch_08|batch_09|batch_15|batch_10|batch_02|batch_06|batch_12
zic008_aec7,20260916,3,6,8,35,batch_07|batch_13|batch_03,batch_16|batch_08|batch_09|batch_15|batch_10|batch_02|batch_06|batch_12
zic008_aec7,20260916,3,7,8,35,batch_07|batch_13|batch_01,batch_16|batch_08|batch_09|batch_15|batch_10|batch_02|batch_06|batch_12
zic008_aec7,20260916,3,8,8,35,batch_07|batch_13|batch_14,batch_16|batch_08|batch_09|batch_15|batch_10|batch_02|batch_06|batch_12
zic008_aec7,20260916,3,9,8,35,batch_07|batch_13|batch_11,batch_16|batch_08|batch_09|batch_15|batch_10|batch_02|batch_06|batch_12
zic008_aec7,20260916,3,10,8,35,batch_07|batch_13|batch_04,batch_16|batch_08|batch_09|batch_15|batch_10|batch_02|batch_06|batch_12
zic008_aec7,20260916,3,11,8,35,batch_07|batch_03|batch_01,batch_16|batch_08|batch_09|batch_15|batch_10|batch_02|batch_06|batch_12
zic008_aec7,20260916,3,12,8,35,batch_07|batch_03|batch_14,batch_16|batch_08|batch_09|batch_15|batch_10|batch_02|batch_06|batch_12
zic008_aec7,20260916,3,13,8,35,batch_07|batch_03|batch_11,batch_16|batch_08|batch_09|batch_15|batch_10|batch_02|batch_06|batch_12
zic008_aec7,20260916,3,14,8,35,batch_07|batch_03|batch_04,batch_16|batch_08|batch_09|batch_15|batch_10|batch_02|batch_06|batch_12
zic008_aec7,20260916,3,15,8,35,batch_07|batch_01|batch_14,batch_16|batch_08|batch_09|batch_15|batch_10|batch_02|batch_06|batch_12
zic008_aec7,20260916,3,16,8,35,batch_07|batch_01|batch_11,batch_16|batch_08|batch_09|batch_15|batch_10|batch_02|batch_06|batch_12
zic008_aec7,20260916,3,17,8,35,batch_07|batch_01|batch_04,batch_16|batch_08|batch_09|batch_15|batch_10|batch_02|batch_06|batch_12
zic008_aec7,20260916,3,18,8,35,batch_07|batch_14|batch_11,batch_16|batch_08|batch_09|batch_15|batch_10|batch_02|batch_06|batch_12
zic008_aec7,20260916,3,19,8,35,batch_07|batch_14|batch_04,batch_16|batch_08|batch_09|batch_15|batch_10|batch_02|batch_06|batch_12
zic008_aec7,20260916,3,20,8,35,batch_07|batch_11|batch_04,batch_16|batch_08|batch_09|batch_15|batch_10|batch_02|batch_06|batch_12
zic008_aec7,20260916,3,21,8,35,batch_05|batch_13|batch_03,batch_16|batch_08|batch_09|batch_15|batch_10|batch_02|batch_06|batch_12
zic008_aec7,20260916,3,22,8,35,batch_05|batch_13|batch_01,batch_16|batch_08|batch_09|batch_15|batch_10|batch_02|batch_06|batch_12
zic008_aec7,20260916,3,23,8,35,batch_05|batch_13|batch_14,batch_16|batch_08|batch_09|batch_15|batch_10|batch_02|batch_06|batch_12
zic008_aec7,20260916,3,24,8,35,batch_05|batch_13|batch_11,batch_16|batch_08|batch_09|batch_15|batch_10|batch_02|batch_06|batch_12
zic008_aec7,20260916,3,25,8,35,batch_05|batch_13|batch_04,batch_16|batch_08|batch_09|batch_15|batch_10|batch_02|batch_06|batch_12
zic008_aec7,20260916,3,26,8,35,batch_05|batch_03|batch_01,batch_16|batch_08|batch_09|batch_15|batch_10|batch_02|batch_06|batch_12
zic008_aec7,20260916,3,27,8,35,batch_05|batch_03|batch_14,batch_16|batch_08|batch_09|batch_15|batch_10|batch_02|batch_06|batch_12
zic008_aec7,20260916,3,28,8,35,batch_05|batch_03|batch_11,batch_16|batch_08|batch_09|batch_15|batch_10|batch_02|batch_06|batch_12
zic008_aec7,20260916,3,29,8,35,batch_05|batch_03|batch_04,batch_16|batch_08|batch_09|batch_15|batch_10|batch_02|batch_06|batch_12
zic008_aec7,20260916,3,30,8,35,batch_05|batch_01|batch_14,batch_16|batch_08|batch_09|batch_15|batch_10|batch_02|batch_06|batch_12
zic008_aec7,20260916,3,31,8,35,batch_05|batch_01|batch_11,batch_16|batch_08|batch_09|batch_15|batch_10|batch_02|batch_06|batch_12
zic008_aec7,20260916,3,32,8,35,batch_05|batch_01|batch_04,batch_16|batch_08|batch_09|batch_15|batch_10|batch_02|batch_06|batch_12
zic008_aec7,20260916,3,33,8,35,batch_05|batch_14|batch_11,batch_16|batch_08|batch_09|batch_15|batch_10|batch_02|batch_06|batch_12
zic008_aec7,20260916,3,34,8,35,batch_05|batch_14|batch_04,batch_16|batch_08|batch_09|batch_15|batch_10|batch_02|batch_06|batch_12
zic008_aec7,20260916,3,35,8,35,batch_05|batch_11|batch_04,batch_16|batch_08|batch_09|batch_15|batch_10|batch_02|batch_06|batch_12
zic008_aec7,20260916,3,36,8,35,batch_13|batch_03|batch_01,batch_16|batch_08|batch_09|batch_15|batch_10|batch_02|batch_06|batch_12
zic008_aec7,20260916,3,37,8,35,batch_13|batch_03|batch_14,batch_16|batch_08|batch_09|batch_15|batch_10|batch_02|batch_06|batch_12
zic008_aec7,20260916,3,38,8,35,batch_13|batch_03|batch_11,batch_16|batch_08|batch_09|batch_15|batch_10|batch_02|batch_06|batch_12
zic008_aec7,20260916,3,39,8,35,batch_13|batch_03|batch_04,batch_16|batch_08|batch_09|batch_15|batch_10|batch_02|batch_06|batch_12
zic008_aec7,20260916,3,40,8,35,batch_13|batch_01|batch_14,batch_16|batch_08|batch_09|batch_15|batch_10|batch_02|batch_06|batch_12
zic008_aec7,20260916,3,41,8,35,batch_13|batch_01|batch_11,batch_16|batch_08|batch_09|batch_15|batch_10|batch_02|batch_06|batch_12
zic008_aec7,20260916,3,42,8,35,batch_13|batch_01|batch_04,batch_16|batch_08|batch_09|batch_15|batch_10|batch_02|batch_06|batch_12
zic008_aec7,20260916,3,43,8,35,batch_13|batch_14|batch_11,batch_16|batch_08|batch_09|batch_15|batch_10|batch_02|batch_06|batch_12
zic008_aec7,20260916,3,44,8,35,batch_13|batch_14|batch_04,batch_16|batch_08|batch_09|batch_15|batch_10|batch_02|batch_06|batch_12
zic008_aec7,20260916,3,45,8,35,batch_13|batch_11|batch_04,batch_16|batch_08|batch_09|batch_15|batch_10|batch_02|batch_06|batch_12
zic008_aec7,20260916,3,46,8,35,batch_03|batch_01|batch_14,batch_16|batch_08|batch_09|batch_15|batch_10|batch_02|batch_06|batch_12
zic008_aec7,20260916,3,47,8,35,batch_03|batch_01|batch_11,batch_16|batch_08|batch_09|batch_15|batch_10|batch_02|batch_06|batch_12
zic008_aec7,20260916,3,48,8,35,batch_03|batch_01|batch_04,batch_16|batch_08|batch_09|batch_15|batch_10|batch_02|batch_06|batch_12
zic008_aec7,20260916,3,49,8,35,batch_03|batch_14|batch_11,batch_16|batch_08|batch_09|batch_15|batch_10|batch_02|batch_06|batch_12
zic008_aec7,20260916,3,50,8,35,batch_03|batch_14|batch_04,batch_16|batch_08|batch_09|batch_15|batch_10|batch_02|batch_06|batch_12
zic008_aec7,20260916,3,51,8,35,batch_03|batch_11|batch_04,batch_16|batch_08|batch_09|batch_15|batch_10|batch_02|batch_06|batch_12
zic008_aec7,20260916,3,52,8,35,batch_01|batch_14|batch_11,batch_16|batch_08|batch_09|batch_15|batch_10|batch_02|batch_06|batch_12
zic008_aec7,20260916,3,53,8,35,batch_01|batch_14|batch_04,batch_16|batch_08|batch_09|batch_15|batch_10|batch_02|batch_06|batch_12
zic008_aec7,20260916,3,54,8,35,batch_01|batch_11|batch_04,batch_16|batch_08|batch_09|batch_15|batch_10|batch_02|batch_06|batch_12
zic008_aec7,20260916,3,55,8,35,batch_14|batch_11|batch_04,batch_16|batch_08|batch_09|batch_15|batch_10|batch_02|batch_06|batch_12
zic008_aec7,20260916,4,0,8,35,batch_07|batch_05|batch_13|batch_03,batch_16|batch_08|batch_09|batch_15|batch_10|batch_02|batch_06|batch_12
zic008_aec7,20260916,4,1,8,35,batch_07|batch_05|batch_13|batch_01,batch_16|batch_08|batch_09|batch_15|batch_10|batch_02|batch_06|batch_12
zic008_aec7,20260916,4,2,8,35,batch_07|batch_05|batch_13|batch_14,batch_16|batch_08|batch_09|batch_15|batch_10|batch_02|batch_06|batch_12
zic008_aec7,20260916,4,3,8,35,batch_07|batch_05|batch_13|batch_11,batch_16|batch_08|batch_09|batch_15|batch_10|batch_02|batch_06|batch_12
zic008_aec7,20260916,4,4,8,35,batch_07|batch_05|batch_13|batch_04,batch_16|batch_08|batch_09|batch_15|batch_10|batch_02|batch_06|batch_12
zic008_aec7,20260916,4,5,8,35,batch_07|batch_05|batch_03|batch_01,batch_16|batch_08|batch_09|batch_15|batch_10|batch_02|batch_06|batch_12
zic008_aec7,20260916,4,6,8,35,batch_07|batch_05|batch_03|batch_14,batch_16|batch_08|batch_09|batch_15|batch_10|batch_02|batch_06|batch_12
zic008_aec7,20260916,4,7,8,35,batch_07|batch_05|batch_03|batch_11,batch_16|batch_08|batch_09|batch_15|batch_10|batch_02|batch_06|batch_12
zic008_aec7,20260916,4,8,8,35,batch_07|batch_05|batch_03|batch_04,batch_16|batch_08|batch_09|batch_15|batch_10|batch_02|batch_06|batch_12
zic008_aec7,20260916,4,9,8,35,batch_07|batch_05|batch_01|batch_14,batch_16|batch_08|batch_09|batch_15|batch_10|batch_02|batch_06|batch_12
zic008_aec7,20260916,4,10,8,35,batch_07|batch_05|batch_01|batch_11,batch_16|batch_08|batch_09|batch_15|batch_10|batch_02|batch_06|batch_12
zic008_aec7,20260916,4,11,8,35,batch_07|batch_05|batch_01|batch_04,batch_16|batch_08|batch_09|batch_15|batch_10|batch_02|batch_06|batch_12
zic008_aec7,20260916,4,12,8,35,batch_07|batch_05|batch_14|batch_11,batch_16|batch_08|batch_09|batch_15|batch_10|batch_02|batch_06|batch_12
zic008_aec7,20260916,4,13,8,35,batch_07|batch_05|batch_14|batch_04,batch_16|batch_08|batch_09|batch_15|batch_10|batch_02|batch_06|batch_12
zic008_aec7,20260916,4,14,8,35,batch_07|batch_05|batch_11|batch_04,batch_16|batch_08|batch_09|batch_15|batch_10|batch_02|batch_06|batch_12
zic008_aec7,20260916,4,15,8,35,batch_07|batch_13|batch_03|batch_01,batch_16|batch_08|batch_09|batch_15|batch_10|batch_02|batch_06|batch_12
zic008_aec7,20260916,4,16,8,35,batch_07|batch_13|batch_03|batch_14,batch_16|batch_08|batch_09|batch_15|batch_10|batch_02|batch_06|batch_12
zic008_aec7,20260916,4,17,8,35,batch_07|batch_13|batch_03|batch_11,batch_16|batch_08|batch_09|batch_15|batch_10|batch_02|batch_06|batch_12
zic008_aec7,20260916,4,18,8,35,batch_07|batch_13|batch_03|batch_04,batch_16|batch_08|batch_09|batch_15|batch_10|batch_02|batch_06|batch_12
zic008_aec7,20260916,4,19,8,35,batch_07|batch_13|batch_01|batch_14,batch_16|batch_08|batch_09|batch_15|batch_10|batch_02|batch_06|batch_12
zic008_aec7,20260916,4,20,8,35,batch_07|batch_13|batch_01|batch_11,batch_16|batch_08|batch_09|batch_15|batch_10|batch_02|batch_06|batch_12
zic008_aec7,20260916,4,21,8,35,batch_07|batch_13|batch_01|batch_04,batch_16|batch_08|batch_09|batch_15|batch_10|batch_02|batch_06|batch_12
zic008_aec7,20260916,4,22,8,35,batch_07|batch_13|batch_14|batch_11,batch_16|batch_08|batch_09|batch_15|batch_10|batch_02|batch_06|batch_12
zic008_aec7,20260916,4,23,8,35,batch_07|batch_13|batch_14|batch_04,batch_16|batch_08|batch_09|batch_15|batch_10|batch_02|batch_06|batch_12
zic008_aec7,20260916,4,24,8,35,batch_07|batch_13|batch_11|batch_04,batch_16|batch_08|batch_09|batch_15|batch_10|batch_02|batch_06|batch_12
zic008_aec7,20260916,4,25,8,35,batch_07|batch_03|batch_01|batch_14,batch_16|batch_08|batch_09|batch_15|batch_10|batch_02|batch_06|batch_12
zic008_aec7,20260916,4,26,8,35,batch_07|batch_03|batch_01|batch_11,batch_16|batch_08|batch_09|batch_15|batch_10|batch_02|batch_06|batch_12
zic008_aec7,20260916,4,27,8,35,batch_07|batch_03|batch_01|batch_04,batch_16|batch_08|batch_09|batch_15|batch_10|batch_02|batch_06|batch_12
zic008_aec7,20260916,4,28,8,35,batch_07|batch_03|batch_14|batch_11,batch_16|batch_08|batch_09|batch_15|batch_10|batch_02|batch_06|batch_12
zic008_aec7,20260916,4,29,8,35,batch_07|batch_03|batch_14|batch_04,batch_16|batch_08|batch_09|batch_15|batch_10|batch_02|batch_06|batch_12
zic008_aec7,20260916,4,30,8,35,batch_07|batch_03|batch_11|batch_04,batch_16|batch_08|batch_09|batch_15|batch_10|batch_02|batch_06|batch_12
zic008_aec7,20260916,4,31,8,35,batch_07|batch_01|batch_14|batch_11,batch_16|batch_08|batch_09|batch_15|batch_10|batch_02|batch_06|batch_12
zic008_aec7,20260916,4,32,8,35,batch_07|batch_01|batch_14|batch_04,batch_16|batch_08|batch_09|batch_15|batch_10|batch_02|batch_06|batch_12
zic008_aec7,20260916,4,33,8,35,batch_07|batch_01|batch_11|batch_04,batch_16|batch_08|batch_09|batch_15|batch_10|batch_02|batch_06|batch_12
zic008_aec7,20260916,4,34,8,35,batch_07|batch_14|batch_11|batch_04,batch_16|batch_08|batch_09|batch_15|batch_10|batch_02|batch_06|batch_12
zic008_aec7,20260916,4,35,8,35,batch_05|batch_13|batch_03|batch_01,batch_16|batch_08|batch_09|batch_15|batch_10|batch_02|batch_06|batch_12
zic008_aec7,20260916,4,36,8,35,batch_05|batch_13|batch_03|batch_14,batch_16|batch_08|batch_09|batch_15|batch_10|batch_02|batch_06|batch_12
zic008_aec7,20260916,4,37,8,35,batch_05|batch_13|batch_03|batch_11,batch_16|batch_08|batch_09|batch_15|batch_10|batch_02|batch_06|batch_12
zic008_aec7,20260916,4,38,8,35,batch_05|batch_13|batch_03|batch_04,batch_16|batch_08|batch_09|batch_15|batch_10|batch_02|batch_06|batch_12
zic008_aec7,20260916,4,39,8,35,batch_05|batch_13|batch_01|batch_14,batch_16|batch_08|batch_09|batch_15|batch_10|batch_02|batch_06|batch_12
zic008_aec7,20260916,4,40,8,35,batch_05|batch_13|batch_01|batch_11,batch_16|batch_08|batch_09|batch_15|batch_10|batch_02|batch_06|batch_12
zic008_aec7,20260916,4,41,8,35,batch_05|batch_13|batch_01|batch_04,batch_16|batch_08|batch_09|batch_15|batch_10|batch_02|batch_06|batch_12
zic008_aec7,20260916,4,42,8,35,batch_05|batch_13|batch_14|batch_11,batch_16|batch_08|batch_09|batch_15|batch_10|batch_02|batch_06|batch_12
zic008_aec7,20260916,4,43,8,35,batch_05|batch_13|batch_14|batch_04,batch_16|batch_08|batch_09|batch_15|batch_10|batch_02|batch_06|batch_12
zic008_aec7,20260916,4,44,8,35,batch_05|batch_13|batch_11|batch_04,batch_16|batch_08|batch_09|batch_15|batch_10|batch_02|batch_06|batch_12
zic008_aec7,20260916,4,45,8,35,batch_05|batch_03|batch_01|batch_14,batch_16|batch_08|batch_09|batch_15|batch_10|batch_02|batch_06|batch_12
zic008_aec7,20260916,4,46,8,35,batch_05|batch_03|batch_01|batch_11,batch_16|batch_08|batch_09|batch_15|batch_10|batch_02|batch_06|batch_12
zic008_aec7,20260916,4,47,8,35,batch_05|batch_03|batch_01|batch_04,batch_16|batch_08|batch_09|batch_15|batch_10|batch_02|batch_06|batch_12
zic008_aec7,20260916,4,48,8,35,batch_05|batch_03|batch_14|batch_11,batch_16|batch_08|batch_09|batch_15|batch_10|batch_02|batch_06|batch_12
zic008_aec7,20260916,4,49,8,35,batch_05|batch_03|batch_14|batch_04,batch_16|batch_08|batch_09|batch_15|batch_10|batch_02|batch_06|batch_12
zic008_aec7,20260916,4,50,8,35,batch_05|batch_03|batch_11|batch_04,batch_16|batch_08|batch_09|batch_15|batch_10|batch_02|batch_06|batch_12
zic008_aec7,20260916,4,51,8,35,batch_05|batch_01|batch_14|batch_11,batch_16|batch_08|batch_09|batch_15|batch_10|batch_02|batch_06|batch_12
zic008_aec7,20260916,4,52,8,35,batch_05|batch_01|batch_14|batch_04,batch_16|batch_08|batch_09|batch_15|batch_10|batch_02|batch_06|batch_12
zic008_aec7,20260916,4,53,8,35,batch_05|batch_01|batch_11|batch_04,batch_16|batch_08|batch_09|batch_15|batch_10|batch_02|batch_06|batch_12
zic008_aec7,20260916,4,54,8,35,batch_05|batch_14|batch_11|batch_04,batch_16|batch_08|batch_09|batch_15|batch_10|batch_02|batch_06|batch_12
zic008_aec7,20260916,4,55,8,35,batch_13|batch_03|batch_01|batch_14,batch_16|batch_08|batch_09|batch_15|batch_10|batch_02|batch_06|batch_12
zic008_aec7,20260916,4,56,8,35,batch_13|batch_03|batch_01|batch_11,batch_16|batch_08|batch_09|batch_15|batch_10|batch_02|batch_06|batch_12
zic008_aec7,20260916,4,57,8,35,batch_13|batch_03|batch_01|batch_04,batch_16|batch_08|batch_09|batch_15|batch_10|batch_02|batch_06|batch_12
zic008_aec7,20260916,4,58,8,35,batch_13|batch_03|batch_14|batch_11,batch_16|batch_08|batch_09|batch_15|batch_10|batch_02|batch_06|batch_12
zic008_aec7,20260916,4,59,8,35,batch_13|batch_03|batch_14|batch_04,batch_16|batch_08|batch_09|batch_15|batch_10|batch_02|batch_06|batch_12
zic008_aec7,20260916,4,60,8,35,batch_13|batch_03|batch_11|batch_04,batch_16|batch_08|batch_09|batch_15|batch_10|batch_02|batch_06|batch_12
zic008_aec7,20260916,4,61,8,35,batch_13|batch_01|batch_14|batch_11,batch_16|batch_08|batch_09|batch_15|batch_10|batch_02|batch_06|batch_12
zic008_aec7,20260916,4,62,8,35,batch_13|batch_01|batch_14|batch_04,batch_16|batch_08|batch_09|batch_15|batch_10|batch_02|batch_06|batch_12
zic008_aec7,20260916,4,63,8,35,batch_13|batch_01|batch_11|batch_04,batch_16|batch_08|batch_09|batch_15|batch_10|batch_02|batch_06|batch_12
zic008_aec7,20260916,4,64,8,35,batch_13|batch_14|batch_11|batch_04,batch_16|batch_08|batch_09|batch_15|batch_10|batch_02|batch_06|batch_12
zic008_aec7,20260916,4,65,8,35,batch_03|batch_01|batch_14|batch_11,batch_16|batch_08|batch_09|batch_15|batch_10|batch_02|batch_06|batch_12
zic008_aec7,20260916,4,66,8,35,batch_03|batch_01|batch_14|batch_04,batch_16|batch_08|batch_09|batch_15|batch_10|batch_02|batch_06|batch_12
zic008_aec7,20260916,4,67,8,35,batch_03|batch_01|batch_11|batch_04,batch_16|batch_08|batch_09|batch_15|batch_10|batch_02|batch_06|batch_12
zic008_aec7,20260916,4,68,8,35,batch_03|batch_14|batch_11|batch_04,batch_16|batch_08|batch_09|batch_15|batch_10|batch_02|batch_06|batch_12
zic008_aec7,20260916,4,69,8,35,batch_01|batch_14|batch_11|batch_04,batch_16|batch_08|batch_09|batch_15|batch_10|batch_02|batch_06|batch_12
zic008_aec7,20260916,5,0,8,35,batch_07|batch_05|batch_13|batch_03|batch_01,batch_16|batch_08|batch_09|batch_15|batch_10|batch_02|batch_06|batch_12
zic008_aec7,20260916,5,1,8,35,batch_07|batch_05|batch_13|batch_03|batch_14,batch_16|batch_08|batch_09|batch_15|batch_10|batch_02|batch_06|batch_12
zic008_aec7,20260916,5,2,8,35,batch_07|batch_05|batch_13|batch_03|batch_11,batch_16|batch_08|batch_09|batch_15|batch_10|batch_02|batch_06|batch_12
zic008_aec7,20260916,5,3,8,35,batch_07|batch_05|batch_13|batch_03|batch_04,batch_16|batch_08|batch_09|batch_15|batch_10|batch_02|batch_06|batch_12
zic008_aec7,20260916,5,4,8,35,batch_07|batch_05|batch_13|batch_01|batch_14,batch_16|batch_08|batch_09|batch_15|batch_10|batch_02|batch_06|batch_12
zic008_aec7,20260916,5,5,8,35,batch_07|batch_05|batch_13|batch_01|batch_11,batch_16|batch_08|batch_09|batch_15|batch_10|batch_02|batch_06|batch_12
zic008_aec7,20260916,5,6,8,35,batch_07|batch_05|batch_13|batch_01|batch_04,batch_16|batch_08|batch_09|batch_15|batch_10|batch_02|batch_06|batch_12
zic008_aec7,20260916,5,7,8,35,batch_07|batch_05|batch_13|batch_14|batch_11,batch_16|batch_08|batch_09|batch_15|batch_10|batch_02|batch_06|batch_12
zic008_aec7,20260916,5,8,8,35,batch_07|batch_05|batch_13|batch_14|batch_04,batch_16|batch_08|batch_09|batch_15|batch_10|batch_02|batch_06|batch_12
zic008_aec7,20260916,5,9,8,35,batch_07|batch_05|batch_13|batch_11|batch_04,batch_16|batch_08|batch_09|batch_15|batch_10|batch_02|batch_06|batch_12
zic008_aec7,20260916,5,10,8,35,batch_07|batch_05|batch_03|batch_01|batch_14,batch_16|batch_08|batch_09|batch_15|batch_10|batch_02|batch_06|batch_12
zic008_aec7,20260916,5,11,8,35,batch_07|batch_05|batch_03|batch_01|batch_11,batch_16|batch_08|batch_09|batch_15|batch_10|batch_02|batch_06|batch_12
zic008_aec7,20260916,5,12,8,35,batch_07|batch_05|batch_03|batch_01|batch_04,batch_16|batch_08|batch_09|batch_15|batch_10|batch_02|batch_06|batch_12
zic008_aec7,20260916,5,13,8,35,batch_07|batch_05|batch_03|batch_14|batch_11,batch_16|batch_08|batch_09|batch_15|batch_10|batch_02|batch_06|batch_12
zic008_aec7,20260916,5,14,8,35,batch_07|batch_05|batch_03|batch_14|batch_04,batch_16|batch_08|batch_09|batch_15|batch_10|batch_02|batch_06|batch_12
zic008_aec7,20260916,5,15,8,35,batch_07|batch_05|batch_03|batch_11|batch_04,batch_16|batch_08|batch_09|batch_15|batch_10|batch_02|batch_06|batch_12
zic008_aec7,20260916,5,16,8,35,batch_07|batch_05|batch_01|batch_14|batch_11,batch_16|batch_08|batch_09|batch_15|batch_10|batch_02|batch_06|batch_12
zic008_aec7,20260916,5,17,8,35,batch_07|batch_05|batch_01|batch_14|batch_04,batch_16|batch_08|batch_09|batch_15|batch_10|batch_02|batch_06|batch_12
zic008_aec7,20260916,5,18,8,35,batch_07|batch_05|batch_01|batch_11|batch_04,batch_16|batch_08|batch_09|batch_15|batch_10|batch_02|batch_06|batch_12
zic008_aec7,20260916,5,19,8,35,batch_07|batch_05|batch_14|batch_11|batch_04,batch_16|batch_08|batch_09|batch_15|batch_10|batch_02|batch_06|batch_12
zic008_aec7,20260916,5,20,8,35,batch_07|batch_13|batch_03|batch_01|batch_14,batch_16|batch_08|batch_09|batch_15|batch_10|batch_02|batch_06|batch_12
zic008_aec7,20260916,5,21,8,35,batch_07|batch_13|batch_03|batch_01|batch_11,batch_16|batch_08|batch_09|batch_15|batch_10|batch_02|batch_06|batch_12
zic008_aec7,20260916,5,22,8,35,batch_07|batch_13|batch_03|batch_01|batch_04,batch_16|batch_08|batch_09|batch_15|batch_10|batch_02|batch_06|batch_12
zic008_aec7,20260916,5,23,8,35,batch_07|batch_13|batch_03|batch_14|batch_11,batch_16|batch_08|batch_09|batch_15|batch_10|batch_02|batch_06|batch_12
zic008_aec7,20260916,5,24,8,35,batch_07|batch_13|batch_03|batch_14|batch_04,batch_16|batch_08|batch_09|batch_15|batch_10|batch_02|batch_06|batch_12
zic008_aec7,20260916,5,25,8,35,batch_07|batch_13|batch_03|batch_11|batch_04,batch_16|batch_08|batch_09|batch_15|batch_10|batch_02|batch_06|batch_12
zic008_aec7,20260916,5,26,8,35,batch_07|batch_13|batch_01|batch_14|batch_11,batch_16|batch_08|batch_09|batch_15|batch_10|batch_02|batch_06|batch_12
zic008_aec7,20260916,5,27,8,35,batch_07|batch_13|batch_01|batch_14|batch_04,batch_16|batch_08|batch_09|batch_15|batch_10|batch_02|batch_06|batch_12
zic008_aec7,20260916,5,28,8,35,batch_07|batch_13|batch_01|batch_11|batch_04,batch_16|batch_08|batch_09|batch_15|batch_10|batch_02|batch_06|batch_12
zic008_aec7,20260916,5,29,8,35,batch_07|batch_13|batch_14|batch_11|batch_04,batch_16|batch_08|batch_09|batch_15|batch_10|batch_02|batch_06|batch_12
zic008_aec7,20260916,5,30,8,35,batch_07|batch_03|batch_01|batch_14|batch_11,batch_16|batch_08|batch_09|batch_15|batch_10|batch_02|batch_06|batch_12
zic008_aec7,20260916,5,31,8,35,batch_07|batch_03|batch_01|batch_14|batch_04,batch_16|batch_08|batch_09|batch_15|batch_10|batch_02|batch_06|batch_12
zic008_aec7,20260916,5,32,8,35,batch_07|batch_03|batch_01|batch_11|batch_04,batch_16|batch_08|batch_09|batch_15|batch_10|batch_02|batch_06|batch_12
zic008_aec7,20260916,5,33,8,35,batch_07|batch_03|batch_14|batch_11|batch_04,batch_16|batch_08|batch_09|batch_15|batch_10|batch_02|batch_06|batch_12
zic008_aec7,20260916,5,34,8,35,batch_07|batch_01|batch_14|batch_11|batch_04,batch_16|batch_08|batch_09|batch_15|batch_10|batch_02|batch_06|batch_12
zic008_aec7,20260916,5,35,8,35,batch_05|batch_13|batch_03|batch_01|batch_14,batch_16|batch_08|batch_09|batch_15|batch_10|batch_02|batch_06|batch_12
zic008_aec7,20260916,5,36,8,35,batch_05|batch_13|batch_03|batch_01|batch_11,batch_16|batch_08|batch_09|batch_15|batch_10|batch_02|batch_06|batch_12
zic008_aec7,20260916,5,37,8,35,batch_05|batch_13|batch_03|batch_01|batch_04,batch_16|batch_08|batch_09|batch_15|batch_10|batch_02|batch_06|batch_12
zic008_aec7,20260916,5,38,8,35,batch_05|batch_13|batch_03|batch_14|batch_11,batch_16|batch_08|batch_09|batch_15|batch_10|batch_02|batch_06|batch_12
zic008_aec7,20260916,5,39,8,35,batch_05|batch_13|batch_03|batch_14|batch_04,batch_16|batch_08|batch_09|batch_15|batch_10|batch_02|batch_06|batch_12
zic008_aec7,20260916,5,40,8,35,batch_05|batch_13|batch_03|batch_11|batch_04,batch_16|batch_08|batch_09|batch_15|batch_10|batch_02|batch_06|batch_12
zic008_aec7,20260916,5,41,8,35,batch_05|batch_13|batch_01|batch_14|batch_11,batch_16|batch_08|batch_09|batch_15|batch_10|batch_02|batch_06|batch_12
zic008_aec7,20260916,5,42,8,35,batch_05|batch_13|batch_01|batch_14|batch_04,batch_16|batch_08|batch_09|batch_15|batch_10|batch_02|batch_06|batch_12
zic008_aec7,20260916,5,43,8,35,batch_05|batch_13|batch_01|batch_11|batch_04,batch_16|batch_08|batch_09|batch_15|batch_10|batch_02|batch_06|batch_12
zic008_aec7,20260916,5,44,8,35,batch_05|batch_13|batch_14|batch_11|batch_04,batch_16|batch_08|batch_09|batch_15|batch_10|batch_02|batch_06|batch_12
zic008_aec7,20260916,5,45,8,35,batch_05|batch_03|batch_01|batch_14|batch_11,batch_16|batch_08|batch_09|batch_15|batch_10|batch_02|batch_06|batch_12
zic008_aec7,20260916,5,46,8,35,batch_05|batch_03|batch_01|batch_14|batch_04,batch_16|batch_08|batch_09|batch_15|batch_10|batch_02|batch_06|batch_12
zic008_aec7,20260916,5,47,8,35,batch_05|batch_03|batch_01|batch_11|batch_04,batch_16|batch_08|batch_09|batch_15|batch_10|batch_02|batch_06|batch_12
zic008_aec7,20260916,5,48,8,35,batch_05|batch_03|batch_14|batch_11|batch_04,batch_16|batch_08|batch_09|batch_15|batch_10|batch_02|batch_06|batch_12
zic008_aec7,20260916,5,49,8,35,batch_05|batch_01|batch_14|batch_11|batch_04,batch_16|batch_08|batch_09|batch_15|batch_10|batch_02|batch_06|batch_12
zic008_aec7,20260916,5,50,8,35,batch_13|batch_03|batch_01|batch_14|batch_11,batch_16|batch_08|batch_09|batch_15|batch_10|batch_02|batch_06|batch_12
zic008_aec7,20260916,5,51,8,35,batch_13|batch_03|batch_01|batch_14|batch_04,batch_16|batch_08|batch_09|batch_15|batch_10|batch_02|batch_06|batch_12
zic008_aec7,20260916,5,52,8,35,batch_13|batch_03|batch_01|batch_11|batch_04,batch_16|batch_08|batch_09|batch_15|batch_10|batch_02|batch_06|batch_12
zic008_aec7,20260916,5,53,8,35,batch_13|batch_03|batch_14|batch_11|batch_04,batch_16|batch_08|batch_09|batch_15|batch_10|batch_02|batch_06|batch_12
zic008_aec7,20260916,5,54,8,35,batch_13|batch_01|batch_14|batch_11|batch_04,batch_16|batch_08|batch_09|batch_15|batch_10|batch_02|batch_06|batch_12
zic008_aec7,20260916,5,55,8,35,batch_03|batch_01|batch_14|batch_11|batch_04,batch_16|batch_08|batch_09|batch_15|batch_10|batch_02|batch_06|batch_12
zic008_aec7,20260916,6,0,8,35,batch_07|batch_05|batch_13|batch_03|batch_01|batch_14,batch_16|batch_08|batch_09|batch_15|batch_10|batch_02|batch_06|batch_12
zic008_aec7,20260916,6,1,8,35,batch_07|batch_05|batch_13|batch_03|batch_01|batch_11,batch_16|batch_08|batch_09|batch_15|batch_10|batch_02|batch_06|batch_12
zic008_aec7,20260916,6,2,8,35,batch_07|batch_05|batch_13|batch_03|batch_01|batch_04,batch_16|batch_08|batch_09|batch_15|batch_10|batch_02|batch_06|batch_12
zic008_aec7,20260916,6,3,8,35,batch_07|batch_05|batch_13|batch_03|batch_14|batch_11,batch_16|batch_08|batch_09|batch_15|batch_10|batch_02|batch_06|batch_12
zic008_aec7,20260916,6,4,8,35,batch_07|batch_05|batch_13|batch_03|batch_14|batch_04,batch_16|batch_08|batch_09|batch_15|batch_10|batch_02|batch_06|batch_12
zic008_aec7,20260916,6,5,8,35,batch_07|batch_05|batch_13|batch_03|batch_11|batch_04,batch_16|batch_08|batch_09|batch_15|batch_10|batch_02|batch_06|batch_12
zic008_aec7,20260916,6,6,8,35,batch_07|batch_05|batch_13|batch_01|batch_14|batch_11,batch_16|batch_08|batch_09|batch_15|batch_10|batch_02|batch_06|batch_12
zic008_aec7,20260916,6,7,8,35,batch_07|batch_05|batch_13|batch_01|batch_14|batch_04,batch_16|batch_08|batch_09|batch_15|batch_10|batch_02|batch_06|batch_12
zic008_aec7,20260916,6,8,8,35,batch_07|batch_05|batch_13|batch_01|batch_11|batch_04,batch_16|batch_08|batch_09|batch_15|batch_10|batch_02|batch_06|batch_12
zic008_aec7,20260916,6,9,8,35,batch_07|batch_05|batch_13|batch_14|batch_11|batch_04,batch_16|batch_08|batch_09|batch_15|batch_10|batch_02|batch_06|batch_12
zic008_aec7,20260916,6,10,8,35,batch_07|batch_05|batch_03|batch_01|batch_14|batch_11,batch_16|batch_08|batch_09|batch_15|batch_10|batch_02|batch_06|batch_12
zic008_aec7,20260916,6,11,8,35,batch_07|batch_05|batch_03|batch_01|batch_14|batch_04,batch_16|batch_08|batch_09|batch_15|batch_10|batch_02|batch_06|batch_12
zic008_aec7,20260916,6,12,8,35,batch_07|batch_05|batch_03|batch_01|batch_11|batch_04,batch_16|batch_08|batch_09|batch_15|batch_10|batch_02|batch_06|batch_12
zic008_aec7,20260916,6,13,8,35,batch_07|batch_05|batch_03|batch_14|batch_11|batch_04,batch_16|batch_08|batch_09|batch_15|batch_10|batch_02|batch_06|batch_12
zic008_aec7,20260916,6,14,8,35,batch_07|batch_05|batch_01|batch_14|batch_11|batch_04,batch_16|batch_08|batch_09|batch_15|batch_10|batch_02|batch_06|batch_12
zic008_aec7,20260916,6,15,8,35,batch_07|batch_13|batch_03|batch_01|batch_14|batch_11,batch_16|batch_08|batch_09|batch_15|batch_10|batch_02|batch_06|batch_12
zic008_aec7,20260916,6,16,8,35,batch_07|batch_13|batch_03|batch_01|batch_14|batch_04,batch_16|batch_08|batch_09|batch_15|batch_10|batch_02|batch_06|batch_12
zic008_aec7,20260916,6,17,8,35,batch_07|batch_13|batch_03|batch_01|batch_11|batch_04,batch_16|batch_08|batch_09|batch_15|batch_10|batch_02|batch_06|batch_12
zic008_aec7,20260916,6,18,8,35,batch_07|batch_13|batch_03|batch_14|batch_11|batch_04,batch_16|batch_08|batch_09|batch_15|batch_10|batch_02|batch_06|batch_12
zic008_aec7,20260916,6,19,8,35,batch_07|batch_13|batch_01|batch_14|batch_11|batch_04,batch_16|batch_08|batch_09|batch_15|batch_10|batch_02|batch_06|batch_12
zic008_aec7,20260916,6,20,8,35,batch_07|batch_03|batch_01|batch_14|batch_11|batch_04,batch_16|batch_08|batch_09|batch_15|batch_10|batch_02|batch_06|batch_12
zic008_aec7,20260916,6,21,8,35,batch_05|batch_13|batch_03|batch_01|batch_14|batch_11,batch_16|batch_08|batch_09|batch_15|batch_10|batch_02|batch_06|batch_12
zic008_aec7,20260916,6,22,8,35,batch_05|batch_13|batch_03|batch_01|batch_14|batch_04,batch_16|batch_08|batch_09|batch_15|batch_10|batch_02|batch_06|batch_12
zic008_aec7,20260916,6,23,8,35,batch_05|batch_13|batch_03|batch_01|batch_11|batch_04,batch_16|batch_08|batch_09|batch_15|batch_10|batch_02|batch_06|batch_12
zic008_aec7,20260916,6,24,8,35,batch_05|batch_13|batch_03|batch_14|batch_11|batch_04,batch_16|batch_08|batch_09|batch_15|batch_10|batch_02|batch_06|batch_12
zic008_aec7,20260916,6,25,8,35,batch_05|batch_13|batch_01|batch_14|batch_11|batch_04,batch_16|batch_08|batch_09|batch_15|batch_10|batch_02|batch_06|batch_12
zic008_aec7,20260916,6,26,8,35,batch_05|batch_03|batch_01|batch_14|batch_11|batch_04,batch_16|batch_08|batch_09|batch_15|batch_10|batch_02|batch_06|batch_12
zic008_aec7,20260916,6,27,8,35,batch_13|batch_03|batch_01|batch_14|batch_11|batch_04,batch_16|batch_08|batch_09|batch_15|batch_10|batch_02|batch_06|batch_12
zic008_aec7,20260916,7,0,8,35,batch_07|batch_05|batch_13|batch_03|batch_01|batch_14|batch_11,batch_16|batch_08|batch_09|batch_15|batch_10|batch_02|batch_06|batch_12
zic008_aec7,20260916,7,1,8,35,batch_07|batch_05|batch_13|batch_03|batch_01|batch_14|batch_04,batch_16|batch_08|batch_09|batch_15|batch_10|batch_02|batch_06|batch_12
zic008_aec7,20260916,7,2,8,35,batch_07|batch_05|batch_13|batch_03|batch_01|batch_11|batch_04,batch_16|batch_08|batch_09|batch_15|batch_10|batch_02|batch_06|batch_12
zic008_aec7,20260916,7,3,8,35,batch_07|batch_05|batch_13|batch_03|batch_14|batch_11|batch_04,batch_16|batch_08|batch_09|batch_15|batch_10|batch_02|batch_06|batch_12
zic008_aec7,20260916,7,4,8,35,batch_07|batch_05|batch_13|batch_01|batch_14|batch_11|batch_04,batch_16|batch_08|batch_09|batch_15|batch_10|batch_02|batch_06|batch_12
zic008_aec7,20260916,7,5,8,35,batch_07|batch_05|batch_03|batch_01|batch_14|batch_11|batch_04,batch_16|batch_08|batch_09|batch_15|batch_10|batch_02|batch_06|batch_12
zic008_aec7,20260916,7,6,8,35,batch_07|batch_13|batch_03|batch_01|batch_14|batch_11|batch_04,batch_16|batch_08|batch_09|batch_15|batch_10|batch_02|batch_06|batch_12
zic008_aec7,20260916,7,7,8,35,batch_05|batch_13|batch_03|batch_01|batch_14|batch_11|batch_04,batch_16|batch_08|batch_09|batch_15|batch_10|batch_02|batch_06|batch_12
zic008_aec7,20260916,8,0,8,35,batch_07|batch_05|batch_13|batch_03|batch_01|batch_14|batch_11|batch_04,batch_16|batch_08|batch_09|batch_15|batch_10|batch_02|batch_06|batch_12
zic008_aec7,20260917,1,0,8,35,batch_12,batch_03|batch_15|batch_02|batch_08|batch_07|batch_14|batch_11|batch_13
zic008_aec7,20260917,1,1,8,35,batch_05,batch_03|batch_15|batch_02|batch_08|batch_07|batch_14|batch_11|batch_13
zic008_aec7,20260917,1,2,8,35,batch_04,batch_03|batch_15|batch_02|batch_08|batch_07|batch_14|batch_11|batch_13
zic008_aec7,20260917,1,3,8,35,batch_10,batch_03|batch_15|batch_02|batch_08|batch_07|batch_14|batch_11|batch_13
zic008_aec7,20260917,1,4,8,35,batch_09,batch_03|batch_15|batch_02|batch_08|batch_07|batch_14|batch_11|batch_13
zic008_aec7,20260917,1,5,8,35,batch_01,batch_03|batch_15|batch_02|batch_08|batch_07|batch_14|batch_11|batch_13
zic008_aec7,20260917,1,6,8,35,batch_16,batch_03|batch_15|batch_02|batch_08|batch_07|batch_14|batch_11|batch_13
zic008_aec7,20260917,1,7,8,35,batch_06,batch_03|batch_15|batch_02|batch_08|batch_07|batch_14|batch_11|batch_13
zic008_aec7,20260917,2,0,8,35,batch_12|batch_05,batch_03|batch_15|batch_02|batch_08|batch_07|batch_14|batch_11|batch_13
zic008_aec7,20260917,2,1,8,35,batch_12|batch_04,batch_03|batch_15|batch_02|batch_08|batch_07|batch_14|batch_11|batch_13
zic008_aec7,20260917,2,2,8,35,batch_12|batch_10,batch_03|batch_15|batch_02|batch_08|batch_07|batch_14|batch_11|batch_13
zic008_aec7,20260917,2,3,8,35,batch_12|batch_09,batch_03|batch_15|batch_02|batch_08|batch_07|batch_14|batch_11|batch_13
zic008_aec7,20260917,2,4,8,35,batch_12|batch_01,batch_03|batch_15|batch_02|batch_08|batch_07|batch_14|batch_11|batch_13
zic008_aec7,20260917,2,5,8,35,batch_12|batch_16,batch_03|batch_15|batch_02|batch_08|batch_07|batch_14|batch_11|batch_13
zic008_aec7,20260917,2,6,8,35,batch_12|batch_06,batch_03|batch_15|batch_02|batch_08|batch_07|batch_14|batch_11|batch_13
zic008_aec7,20260917,2,7,8,35,batch_05|batch_04,batch_03|batch_15|batch_02|batch_08|batch_07|batch_14|batch_11|batch_13
zic008_aec7,20260917,2,8,8,35,batch_05|batch_10,batch_03|batch_15|batch_02|batch_08|batch_07|batch_14|batch_11|batch_13
zic008_aec7,20260917,2,9,8,35,batch_05|batch_09,batch_03|batch_15|batch_02|batch_08|batch_07|batch_14|batch_11|batch_13
zic008_aec7,20260917,2,10,8,35,batch_05|batch_01,batch_03|batch_15|batch_02|batch_08|batch_07|batch_14|batch_11|batch_13
zic008_aec7,20260917,2,11,8,35,batch_05|batch_16,batch_03|batch_15|batch_02|batch_08|batch_07|batch_14|batch_11|batch_13
zic008_aec7,20260917,2,12,8,35,batch_05|batch_06,batch_03|batch_15|batch_02|batch_08|batch_07|batch_14|batch_11|batch_13
zic008_aec7,20260917,2,13,8,35,batch_04|batch_10,batch_03|batch_15|batch_02|batch_08|batch_07|batch_14|batch_11|batch_13
zic008_aec7,20260917,2,14,8,35,batch_04|batch_09,batch_03|batch_15|batch_02|batch_08|batch_07|batch_14|batch_11|batch_13
zic008_aec7,20260917,2,15,8,35,batch_04|batch_01,batch_03|batch_15|batch_02|batch_08|batch_07|batch_14|batch_11|batch_13
zic008_aec7,20260917,2,16,8,35,batch_04|batch_16,batch_03|batch_15|batch_02|batch_08|batch_07|batch_14|batch_11|batch_13
zic008_aec7,20260917,2,17,8,35,batch_04|batch_06,batch_03|batch_15|batch_02|batch_08|batch_07|batch_14|batch_11|batch_13
zic008_aec7,20260917,2,18,8,35,batch_10|batch_09,batch_03|batch_15|batch_02|batch_08|batch_07|batch_14|batch_11|batch_13
zic008_aec7,20260917,2,19,8,35,batch_10|batch_01,batch_03|batch_15|batch_02|batch_08|batch_07|batch_14|batch_11|batch_13
zic008_aec7,20260917,2,20,8,35,batch_10|batch_16,batch_03|batch_15|batch_02|batch_08|batch_07|batch_14|batch_11|batch_13
zic008_aec7,20260917,2,21,8,35,batch_10|batch_06,batch_03|batch_15|batch_02|batch_08|batch_07|batch_14|batch_11|batch_13
zic008_aec7,20260917,2,22,8,35,batch_09|batch_01,batch_03|batch_15|batch_02|batch_08|batch_07|batch_14|batch_11|batch_13
zic008_aec7,20260917,2,23,8,35,batch_09|batch_16,batch_03|batch_15|batch_02|batch_08|batch_07|batch_14|batch_11|batch_13
zic008_aec7,20260917,2,24,8,35,batch_09|batch_06,batch_03|batch_15|batch_02|batch_08|batch_07|batch_14|batch_11|batch_13
zic008_aec7,20260917,2,25,8,35,batch_01|batch_16,batch_03|batch_15|batch_02|batch_08|batch_07|batch_14|batch_11|batch_13
zic008_aec7,20260917,2,26,8,35,batch_01|batch_06,batch_03|batch_15|batch_02|batch_08|batch_07|batch_14|batch_11|batch_13
zic008_aec7,20260917,2,27,8,35,batch_16|batch_06,batch_03|batch_15|batch_02|batch_08|batch_07|batch_14|batch_11|batch_13
zic008_aec7,20260917,3,0,8,35,batch_12|batch_05|batch_04,batch_03|batch_15|batch_02|batch_08|batch_07|batch_14|batch_11|batch_13
zic008_aec7,20260917,3,1,8,35,batch_12|batch_05|batch_10,batch_03|batch_15|batch_02|batch_08|batch_07|batch_14|batch_11|batch_13
zic008_aec7,20260917,3,2,8,35,batch_12|batch_05|batch_09,batch_03|batch_15|batch_02|batch_08|batch_07|batch_14|batch_11|batch_13
zic008_aec7,20260917,3,3,8,35,batch_12|batch_05|batch_01,batch_03|batch_15|batch_02|batch_08|batch_07|batch_14|batch_11|batch_13
zic008_aec7,20260917,3,4,8,35,batch_12|batch_05|batch_16,batch_03|batch_15|batch_02|batch_08|batch_07|batch_14|batch_11|batch_13
zic008_aec7,20260917,3,5,8,35,batch_12|batch_05|batch_06,batch_03|batch_15|batch_02|batch_08|batch_07|batch_14|batch_11|batch_13
zic008_aec7,20260917,3,6,8,35,batch_12|batch_04|batch_10,batch_03|batch_15|batch_02|batch_08|batch_07|batch_14|batch_11|batch_13
zic008_aec7,20260917,3,7,8,35,batch_12|batch_04|batch_09,batch_03|batch_15|batch_02|batch_08|batch_07|batch_14|batch_11|batch_13
zic008_aec7,20260917,3,8,8,35,batch_12|batch_04|batch_01,batch_03|batch_15|batch_02|batch_08|batch_07|batch_14|batch_11|batch_13
zic008_aec7,20260917,3,9,8,35,batch_12|batch_04|batch_16,batch_03|batch_15|batch_02|batch_08|batch_07|batch_14|batch_11|batch_13
zic008_aec7,20260917,3,10,8,35,batch_12|batch_04|batch_06,batch_03|batch_15|batch_02|batch_08|batch_07|batch_14|batch_11|batch_13
zic008_aec7,20260917,3,11,8,35,batch_12|batch_10|batch_09,batch_03|batch_15|batch_02|batch_08|batch_07|batch_14|batch_11|batch_13
zic008_aec7,20260917,3,12,8,35,batch_12|batch_10|batch_01,batch_03|batch_15|batch_02|batch_08|batch_07|batch_14|batch_11|batch_13
zic008_aec7,20260917,3,13,8,35,batch_12|batch_10|batch_16,batch_03|batch_15|batch_02|batch_08|batch_07|batch_14|batch_11|batch_13
zic008_aec7,20260917,3,14,8,35,batch_12|batch_10|batch_06,batch_03|batch_15|batch_02|batch_08|batch_07|batch_14|batch_11|batch_13
zic008_aec7,20260917,3,15,8,35,batch_12|batch_09|batch_01,batch_03|batch_15|batch_02|batch_08|batch_07|batch_14|batch_11|batch_13
zic008_aec7,20260917,3,16,8,35,batch_12|batch_09|batch_16,batch_03|batch_15|batch_02|batch_08|batch_07|batch_14|batch_11|batch_13
zic008_aec7,20260917,3,17,8,35,batch_12|batch_09|batch_06,batch_03|batch_15|batch_02|batch_08|batch_07|batch_14|batch_11|batch_13
zic008_aec7,20260917,3,18,8,35,batch_12|batch_01|batch_16,batch_03|batch_15|batch_02|batch_08|batch_07|batch_14|batch_11|batch_13
zic008_aec7,20260917,3,19,8,35,batch_12|batch_01|batch_06,batch_03|batch_15|batch_02|batch_08|batch_07|batch_14|batch_11|batch_13
zic008_aec7,20260917,3,20,8,35,batch_12|batch_16|batch_06,batch_03|batch_15|batch_02|batch_08|batch_07|batch_14|batch_11|batch_13
zic008_aec7,20260917,3,21,8,35,batch_05|batch_04|batch_10,batch_03|batch_15|batch_02|batch_08|batch_07|batch_14|batch_11|batch_13
zic008_aec7,20260917,3,22,8,35,batch_05|batch_04|batch_09,batch_03|batch_15|batch_02|batch_08|batch_07|batch_14|batch_11|batch_13
zic008_aec7,20260917,3,23,8,35,batch_05|batch_04|batch_01,batch_03|batch_15|batch_02|batch_08|batch_07|batch_14|batch_11|batch_13
zic008_aec7,20260917,3,24,8,35,batch_05|batch_04|batch_16,batch_03|batch_15|batch_02|batch_08|batch_07|batch_14|batch_11|batch_13
zic008_aec7,20260917,3,25,8,35,batch_05|batch_04|batch_06,batch_03|batch_15|batch_02|batch_08|batch_07|batch_14|batch_11|batch_13
zic008_aec7,20260917,3,26,8,35,batch_05|batch_10|batch_09,batch_03|batch_15|batch_02|batch_08|batch_07|batch_14|batch_11|batch_13
zic008_aec7,20260917,3,27,8,35,batch_05|batch_10|batch_01,batch_03|batch_15|batch_02|batch_08|batch_07|batch_14|batch_11|batch_13
zic008_aec7,20260917,3,28,8,35,batch_05|batch_10|batch_16,batch_03|batch_15|batch_02|batch_08|batch_07|batch_14|batch_11|batch_13
zic008_aec7,20260917,3,29,8,35,batch_05|batch_10|batch_06,batch_03|batch_15|batch_02|batch_08|batch_07|batch_14|batch_11|batch_13
zic008_aec7,20260917,3,30,8,35,batch_05|batch_09|batch_01,batch_03|batch_15|batch_02|batch_08|batch_07|batch_14|batch_11|batch_13
zic008_aec7,20260917,3,31,8,35,batch_05|batch_09|batch_16,batch_03|batch_15|batch_02|batch_08|batch_07|batch_14|batch_11|batch_13
zic008_aec7,20260917,3,32,8,35,batch_05|batch_09|batch_06,batch_03|batch_15|batch_02|batch_08|batch_07|batch_14|batch_11|batch_13
zic008_aec7,20260917,3,33,8,35,batch_05|batch_01|batch_16,batch_03|batch_15|batch_02|batch_08|batch_07|batch_14|batch_11|batch_13
zic008_aec7,20260917,3,34,8,35,batch_05|batch_01|batch_06,batch_03|batch_15|batch_02|batch_08|batch_07|batch_14|batch_11|batch_13
zic008_aec7,20260917,3,35,8,35,batch_05|batch_16|batch_06,batch_03|batch_15|batch_02|batch_08|batch_07|batch_14|batch_11|batch_13
zic008_aec7,20260917,3,36,8,35,batch_04|batch_10|batch_09,batch_03|batch_15|batch_02|batch_08|batch_07|batch_14|batch_11|batch_13
zic008_aec7,20260917,3,37,8,35,batch_04|batch_10|batch_01,batch_03|batch_15|batch_02|batch_08|batch_07|batch_14|batch_11|batch_13
zic008_aec7,20260917,3,38,8,35,batch_04|batch_10|batch_16,batch_03|batch_15|batch_02|batch_08|batch_07|batch_14|batch_11|batch_13
zic008_aec7,20260917,3,39,8,35,batch_04|batch_10|batch_06,batch_03|batch_15|batch_02|batch_08|batch_07|batch_14|batch_11|batch_13
zic008_aec7,20260917,3,40,8,35,batch_04|batch_09|batch_01,batch_03|batch_15|batch_02|batch_08|batch_07|batch_14|batch_11|batch_13
zic008_aec7,20260917,3,41,8,35,batch_04|batch_09|batch_16,batch_03|batch_15|batch_02|batch_08|batch_07|batch_14|batch_11|batch_13
zic008_aec7,20260917,3,42,8,35,batch_04|batch_09|batch_06,batch_03|batch_15|batch_02|batch_08|batch_07|batch_14|batch_11|batch_13
zic008_aec7,20260917,3,43,8,35,batch_04|batch_01|batch_16,batch_03|batch_15|batch_02|batch_08|batch_07|batch_14|batch_11|batch_13
zic008_aec7,20260917,3,44,8,35,batch_04|batch_01|batch_06,batch_03|batch_15|batch_02|batch_08|batch_07|batch_14|batch_11|batch_13
zic008_aec7,20260917,3,45,8,35,batch_04|batch_16|batch_06,batch_03|batch_15|batch_02|batch_08|batch_07|batch_14|batch_11|batch_13
zic008_aec7,20260917,3,46,8,35,batch_10|batch_09|batch_01,batch_03|batch_15|batch_02|batch_08|batch_07|batch_14|batch_11|batch_13
zic008_aec7,20260917,3,47,8,35,batch_10|batch_09|batch_16,batch_03|batch_15|batch_02|batch_08|batch_07|batch_14|batch_11|batch_13
zic008_aec7,20260917,3,48,8,35,batch_10|batch_09|batch_06,batch_03|batch_15|batch_02|batch_08|batch_07|batch_14|batch_11|batch_13
zic008_aec7,20260917,3,49,8,35,batch_10|batch_01|batch_16,batch_03|batch_15|batch_02|batch_08|batch_07|batch_14|batch_11|batch_13
zic008_aec7,20260917,3,50,8,35,batch_10|batch_01|batch_06,batch_03|batch_15|batch_02|batch_08|batch_07|batch_14|batch_11|batch_13
zic008_aec7,20260917,3,51,8,35,batch_10|batch_16|batch_06,batch_03|batch_15|batch_02|batch_08|batch_07|batch_14|batch_11|batch_13
zic008_aec7,20260917,3,52,8,35,batch_09|batch_01|batch_16,batch_03|batch_15|batch_02|batch_08|batch_07|batch_14|batch_11|batch_13
zic008_aec7,20260917,3,53,8,35,batch_09|batch_01|batch_06,batch_03|batch_15|batch_02|batch_08|batch_07|batch_14|batch_11|batch_13
zic008_aec7,20260917,3,54,8,35,batch_09|batch_16|batch_06,batch_03|batch_15|batch_02|batch_08|batch_07|batch_14|batch_11|batch_13
zic008_aec7,20260917,3,55,8,35,batch_01|batch_16|batch_06,batch_03|batch_15|batch_02|batch_08|batch_07|batch_14|batch_11|batch_13
zic008_aec7,20260917,4,0,8,35,batch_12|batch_05|batch_04|batch_10,batch_03|batch_15|batch_02|batch_08|batch_07|batch_14|batch_11|batch_13
zic008_aec7,20260917,4,1,8,35,batch_12|batch_05|batch_04|batch_09,batch_03|batch_15|batch_02|batch_08|batch_07|batch_14|batch_11|batch_13
zic008_aec7,20260917,4,2,8,35,batch_12|batch_05|batch_04|batch_01,batch_03|batch_15|batch_02|batch_08|batch_07|batch_14|batch_11|batch_13
zic008_aec7,20260917,4,3,8,35,batch_12|batch_05|batch_04|batch_16,batch_03|batch_15|batch_02|batch_08|batch_07|batch_14|batch_11|batch_13
zic008_aec7,20260917,4,4,8,35,batch_12|batch_05|batch_04|batch_06,batch_03|batch_15|batch_02|batch_08|batch_07|batch_14|batch_11|batch_13
zic008_aec7,20260917,4,5,8,35,batch_12|batch_05|batch_10|batch_09,batch_03|batch_15|batch_02|batch_08|batch_07|batch_14|batch_11|batch_13
zic008_aec7,20260917,4,6,8,35,batch_12|batch_05|batch_10|batch_01,batch_03|batch_15|batch_02|batch_08|batch_07|batch_14|batch_11|batch_13
zic008_aec7,20260917,4,7,8,35,batch_12|batch_05|batch_10|batch_16,batch_03|batch_15|batch_02|batch_08|batch_07|batch_14|batch_11|batch_13
zic008_aec7,20260917,4,8,8,35,batch_12|batch_05|batch_10|batch_06,batch_03|batch_15|batch_02|batch_08|batch_07|batch_14|batch_11|batch_13
zic008_aec7,20260917,4,9,8,35,batch_12|batch_05|batch_09|batch_01,batch_03|batch_15|batch_02|batch_08|batch_07|batch_14|batch_11|batch_13
zic008_aec7,20260917,4,10,8,35,batch_12|batch_05|batch_09|batch_16,batch_03|batch_15|batch_02|batch_08|batch_07|batch_14|batch_11|batch_13
zic008_aec7,20260917,4,11,8,35,batch_12|batch_05|batch_09|batch_06,batch_03|batch_15|batch_02|batch_08|batch_07|batch_14|batch_11|batch_13
zic008_aec7,20260917,4,12,8,35,batch_12|batch_05|batch_01|batch_16,batch_03|batch_15|batch_02|batch_08|batch_07|batch_14|batch_11|batch_13
zic008_aec7,20260917,4,13,8,35,batch_12|batch_05|batch_01|batch_06,batch_03|batch_15|batch_02|batch_08|batch_07|batch_14|batch_11|batch_13
zic008_aec7,20260917,4,14,8,35,batch_12|batch_05|batch_16|batch_06,batch_03|batch_15|batch_02|batch_08|batch_07|batch_14|batch_11|batch_13
zic008_aec7,20260917,4,15,8,35,batch_12|batch_04|batch_10|batch_09,batch_03|batch_15|batch_02|batch_08|batch_07|batch_14|batch_11|batch_13
zic008_aec7,20260917,4,16,8,35,batch_12|batch_04|batch_10|batch_01,batch_03|batch_15|batch_02|batch_08|batch_07|batch_14|batch_11|batch_13
zic008_aec7,20260917,4,17,8,35,batch_12|batch_04|batch_10|batch_16,batch_03|batch_15|batch_02|batch_08|batch_07|batch_14|batch_11|batch_13
zic008_aec7,20260917,4,18,8,35,batch_12|batch_04|batch_10|batch_06,batch_03|batch_15|batch_02|batch_08|batch_07|batch_14|batch_11|batch_13
zic008_aec7,20260917,4,19,8,35,batch_12|batch_04|batch_09|batch_01,batch_03|batch_15|batch_02|batch_08|batch_07|batch_14|batch_11|batch_13
zic008_aec7,20260917,4,20,8,35,batch_12|batch_04|batch_09|batch_16,batch_03|batch_15|batch_02|batch_08|batch_07|batch_14|batch_11|batch_13
zic008_aec7,20260917,4,21,8,35,batch_12|batch_04|batch_09|batch_06,batch_03|batch_15|batch_02|batch_08|batch_07|batch_14|batch_11|batch_13
zic008_aec7,20260917,4,22,8,35,batch_12|batch_04|batch_01|batch_16,batch_03|batch_15|batch_02|batch_08|batch_07|batch_14|batch_11|batch_13
zic008_aec7,20260917,4,23,8,35,batch_12|batch_04|batch_01|batch_06,batch_03|batch_15|batch_02|batch_08|batch_07|batch_14|batch_11|batch_13
zic008_aec7,20260917,4,24,8,35,batch_12|batch_04|batch_16|batch_06,batch_03|batch_15|batch_02|batch_08|batch_07|batch_14|batch_11|batch_13
zic008_aec7,20260917,4,25,8,35,batch_12|batch_10|batch_09|batch_01,batch_03|batch_15|batch_02|batch_08|batch_07|batch_14|batch_11|batch_13
zic008_aec7,20260917,4,26,8,35,batch_12|batch_10|batch_09|batch_16,batch_03|batch_15|batch_02|batch_08|batch_07|batch_14|batch_11|batch_13
zic008_aec7,20260917,4,27,8,35,batch_12|batch_10|batch_09|batch_06,batch_03|batch_15|batch_02|batch_08|batch_07|batch_14|batch_11|batch_13
zic008_aec7,20260917,4,28,8,35,batch_12|batch_10|batch_01|batch_16,batch_03|batch_15|batch_02|batch_08|batch_07|batch_14|batch_11|batch_13
zic008_aec7,20260917,4,29,8,35,batch_12|batch_10|batch_01|batch_06,batch_03|batch_15|batch_02|batch_08|batch_07|batch_14|batch_11|batch_13
zic008_aec7,20260917,4,30,8,35,batch_12|batch_10|batch_16|batch_06,batch_03|batch_15|batch_02|batch_08|batch_07|batch_14|batch_11|batch_13
zic008_aec7,20260917,4,31,8,35,batch_12|batch_09|batch_01|batch_16,batch_03|batch_15|batch_02|batch_08|batch_07|batch_14|batch_11|batch_13
zic008_aec7,20260917,4,32,8,35,batch_12|batch_09|batch_01|batch_06,batch_03|batch_15|batch_02|batch_08|batch_07|batch_14|batch_11|batch_13
zic008_aec7,20260917,4,33,8,35,batch_12|batch_09|batch_16|batch_06,batch_03|batch_15|batch_02|batch_08|batch_07|batch_14|batch_11|batch_13
zic008_aec7,20260917,4,34,8,35,batch_12|batch_01|batch_16|batch_06,batch_03|batch_15|batch_02|batch_08|batch_07|batch_14|batch_11|batch_13
zic008_aec7,20260917,4,35,8,35,batch_05|batch_04|batch_10|batch_09,batch_03|batch_15|batch_02|batch_08|batch_07|batch_14|batch_11|batch_13
zic008_aec7,20260917,4,36,8,35,batch_05|batch_04|batch_10|batch_01,batch_03|batch_15|batch_02|batch_08|batch_07|batch_14|batch_11|batch_13
zic008_aec7,20260917,4,37,8,35,batch_05|batch_04|batch_10|batch_16,batch_03|batch_15|batch_02|batch_08|batch_07|batch_14|batch_11|batch_13
zic008_aec7,20260917,4,38,8,35,batch_05|batch_04|batch_10|batch_06,batch_03|batch_15|batch_02|batch_08|batch_07|batch_14|batch_11|batch_13
zic008_aec7,20260917,4,39,8,35,batch_05|batch_04|batch_09|batch_01,batch_03|batch_15|batch_02|batch_08|batch_07|batch_14|batch_11|batch_13
zic008_aec7,20260917,4,40,8,35,batch_05|batch_04|batch_09|batch_16,batch_03|batch_15|batch_02|batch_08|batch_07|batch_14|batch_11|batch_13
zic008_aec7,20260917,4,41,8,35,batch_05|batch_04|batch_09|batch_06,batch_03|batch_15|batch_02|batch_08|batch_07|batch_14|batch_11|batch_13
zic008_aec7,20260917,4,42,8,35,batch_05|batch_04|batch_01|batch_16,batch_03|batch_15|batch_02|batch_08|batch_07|batch_14|batch_11|batch_13
zic008_aec7,20260917,4,43,8,35,batch_05|batch_04|batch_01|batch_06,batch_03|batch_15|batch_02|batch_08|batch_07|batch_14|batch_11|batch_13
zic008_aec7,20260917,4,44,8,35,batch_05|batch_04|batch_16|batch_06,batch_03|batch_15|batch_02|batch_08|batch_07|batch_14|batch_11|batch_13
zic008_aec7,20260917,4,45,8,35,batch_05|batch_10|batch_09|batch_01,batch_03|batch_15|batch_02|batch_08|batch_07|batch_14|batch_11|batch_13
zic008_aec7,20260917,4,46,8,35,batch_05|batch_10|batch_09|batch_16,batch_03|batch_15|batch_02|batch_08|batch_07|batch_14|batch_11|batch_13
zic008_aec7,20260917,4,47,8,35,batch_05|batch_10|batch_09|batch_06,batch_03|batch_15|batch_02|batch_08|batch_07|batch_14|batch_11|batch_13
zic008_aec7,20260917,4,48,8,35,batch_05|batch_10|batch_01|batch_16,batch_03|batch_15|batch_02|batch_08|batch_07|batch_14|batch_11|batch_13
zic008_aec7,20260917,4,49,8,35,batch_05|batch_10|batch_01|batch_06,batch_03|batch_15|batch_02|batch_08|batch_07|batch_14|batch_11|batch_13
zic008_aec7,20260917,4,50,8,35,batch_05|batch_10|batch_16|batch_06,batch_03|batch_15|batch_02|batch_08|batch_07|batch_14|batch_11|batch_13
zic008_aec7,20260917,4,51,8,35,batch_05|batch_09|batch_01|batch_16,batch_03|batch_15|batch_02|batch_08|batch_07|batch_14|batch_11|batch_13
zic008_aec7,20260917,4,52,8,35,batch_05|batch_09|batch_01|batch_06,batch_03|batch_15|batch_02|batch_08|batch_07|batch_14|batch_11|batch_13
zic008_aec7,20260917,4,53,8,35,batch_05|batch_09|batch_16|batch_06,batch_03|batch_15|batch_02|batch_08|batch_07|batch_14|batch_11|batch_13
zic008_aec7,20260917,4,54,8,35,batch_05|batch_01|batch_16|batch_06,batch_03|batch_15|batch_02|batch_08|batch_07|batch_14|batch_11|batch_13
zic008_aec7,20260917,4,55,8,35,batch_04|batch_10|batch_09|batch_01,batch_03|batch_15|batch_02|batch_08|batch_07|batch_14|batch_11|batch_13
zic008_aec7,20260917,4,56,8,35,batch_04|batch_10|batch_09|batch_16,batch_03|batch_15|batch_02|batch_08|batch_07|batch_14|batch_11|batch_13
zic008_aec7,20260917,4,57,8,35,batch_04|batch_10|batch_09|batch_06,batch_03|batch_15|batch_02|batch_08|batch_07|batch_14|batch_11|batch_13
zic008_aec7,20260917,4,58,8,35,batch_04|batch_10|batch_01|batch_16,batch_03|batch_15|batch_02|batch_08|batch_07|batch_14|batch_11|batch_13
zic008_aec7,20260917,4,59,8,35,batch_04|batch_10|batch_01|batch_06,batch_03|batch_15|batch_02|batch_08|batch_07|batch_14|batch_11|batch_13
zic008_aec7,20260917,4,60,8,35,batch_04|batch_10|batch_16|batch_06,batch_03|batch_15|batch_02|batch_08|batch_07|batch_14|batch_11|batch_13
zic008_aec7,20260917,4,61,8,35,batch_04|batch_09|batch_01|batch_16,batch_03|batch_15|batch_02|batch_08|batch_07|batch_14|batch_11|batch_13
zic008_aec7,20260917,4,62,8,35,batch_04|batch_09|batch_01|batch_06,batch_03|batch_15|batch_02|batch_08|batch_07|batch_14|batch_11|batch_13
zic008_aec7,20260917,4,63,8,35,batch_04|batch_09|batch_16|batch_06,batch_03|batch_15|batch_02|batch_08|batch_07|batch_14|batch_11|batch_13
zic008_aec7,20260917,4,64,8,35,batch_04|batch_01|batch_16|batch_06,batch_03|batch_15|batch_02|batch_08|batch_07|batch_14|batch_11|batch_13
zic008_aec7,20260917,4,65,8,35,batch_10|batch_09|batch_01|batch_16,batch_03|batch_15|batch_02|batch_08|batch_07|batch_14|batch_11|batch_13
zic008_aec7,20260917,4,66,8,35,batch_10|batch_09|batch_01|batch_06,batch_03|batch_15|batch_02|batch_08|batch_07|batch_14|batch_11|batch_13
zic008_aec7,20260917,4,67,8,35,batch_10|batch_09|batch_16|batch_06,batch_03|batch_15|batch_02|batch_08|batch_07|batch_14|batch_11|batch_13
zic008_aec7,20260917,4,68,8,35,batch_10|batch_01|batch_16|batch_06,batch_03|batch_15|batch_02|batch_08|batch_07|batch_14|batch_11|batch_13
zic008_aec7,20260917,4,69,8,35,batch_09|batch_01|batch_16|batch_06,batch_03|batch_15|batch_02|batch_08|batch_07|batch_14|batch_11|batch_13
zic008_aec7,20260917,5,0,8,35,batch_12|batch_05|batch_04|batch_10|batch_09,batch_03|batch_15|batch_02|batch_08|batch_07|batch_14|batch_11|batch_13
zic008_aec7,20260917,5,1,8,35,batch_12|batch_05|batch_04|batch_10|batch_01,batch_03|batch_15|batch_02|batch_08|batch_07|batch_14|batch_11|batch_13
zic008_aec7,20260917,5,2,8,35,batch_12|batch_05|batch_04|batch_10|batch_16,batch_03|batch_15|batch_02|batch_08|batch_07|batch_14|batch_11|batch_13
zic008_aec7,20260917,5,3,8,35,batch_12|batch_05|batch_04|batch_10|batch_06,batch_03|batch_15|batch_02|batch_08|batch_07|batch_14|batch_11|batch_13
zic008_aec7,20260917,5,4,8,35,batch_12|batch_05|batch_04|batch_09|batch_01,batch_03|batch_15|batch_02|batch_08|batch_07|batch_14|batch_11|batch_13
zic008_aec7,20260917,5,5,8,35,batch_12|batch_05|batch_04|batch_09|batch_16,batch_03|batch_15|batch_02|batch_08|batch_07|batch_14|batch_11|batch_13
zic008_aec7,20260917,5,6,8,35,batch_12|batch_05|batch_04|batch_09|batch_06,batch_03|batch_15|batch_02|batch_08|batch_07|batch_14|batch_11|batch_13
zic008_aec7,20260917,5,7,8,35,batch_12|batch_05|batch_04|batch_01|batch_16,batch_03|batch_15|batch_02|batch_08|batch_07|batch_14|batch_11|batch_13
zic008_aec7,20260917,5,8,8,35,batch_12|batch_05|batch_04|batch_01|batch_06,batch_03|batch_15|batch_02|batch_08|batch_07|batch_14|batch_11|batch_13
zic008_aec7,20260917,5,9,8,35,batch_12|batch_05|batch_04|batch_16|batch_06,batch_03|batch_15|batch_02|batch_08|batch_07|batch_14|batch_11|batch_13
zic008_aec7,20260917,5,10,8,35,batch_12|batch_05|batch_10|batch_09|batch_01,batch_03|batch_15|batch_02|batch_08|batch_07|batch_14|batch_11|batch_13
zic008_aec7,20260917,5,11,8,35,batch_12|batch_05|batch_10|batch_09|batch_16,batch_03|batch_15|batch_02|batch_08|batch_07|batch_14|batch_11|batch_13
zic008_aec7,20260917,5,12,8,35,batch_12|batch_05|batch_10|batch_09|batch_06,batch_03|batch_15|batch_02|batch_08|batch_07|batch_14|batch_11|batch_13
zic008_aec7,20260917,5,13,8,35,batch_12|batch_05|batch_10|batch_01|batch_16,batch_03|batch_15|batch_02|batch_08|batch_07|batch_14|batch_11|batch_13
zic008_aec7,20260917,5,14,8,35,batch_12|batch_05|batch_10|batch_01|batch_06,batch_03|batch_15|batch_02|batch_08|batch_07|batch_14|batch_11|batch_13
zic008_aec7,20260917,5,15,8,35,batch_12|batch_05|batch_10|batch_16|batch_06,batch_03|batch_15|batch_02|batch_08|batch_07|batch_14|batch_11|batch_13
zic008_aec7,20260917,5,16,8,35,batch_12|batch_05|batch_09|batch_01|batch_16,batch_03|batch_15|batch_02|batch_08|batch_07|batch_14|batch_11|batch_13
zic008_aec7,20260917,5,17,8,35,batch_12|batch_05|batch_09|batch_01|batch_06,batch_03|batch_15|batch_02|batch_08|batch_07|batch_14|batch_11|batch_13
zic008_aec7,20260917,5,18,8,35,batch_12|batch_05|batch_09|batch_16|batch_06,batch_03|batch_15|batch_02|batch_08|batch_07|batch_14|batch_11|batch_13
zic008_aec7,20260917,5,19,8,35,batch_12|batch_05|batch_01|batch_16|batch_06,batch_03|batch_15|batch_02|batch_08|batch_07|batch_14|batch_11|batch_13
zic008_aec7,20260917,5,20,8,35,batch_12|batch_04|batch_10|batch_09|batch_01,batch_03|batch_15|batch_02|batch_08|batch_07|batch_14|batch_11|batch_13
zic008_aec7,20260917,5,21,8,35,batch_12|batch_04|batch_10|batch_09|batch_16,batch_03|batch_15|batch_02|batch_08|batch_07|batch_14|batch_11|batch_13
zic008_aec7,20260917,5,22,8,35,batch_12|batch_04|batch_10|batch_09|batch_06,batch_03|batch_15|batch_02|batch_08|batch_07|batch_14|batch_11|batch_13
zic008_aec7,20260917,5,23,8,35,batch_12|batch_04|batch_10|batch_01|batch_16,batch_03|batch_15|batch_02|batch_08|batch_07|batch_14|batch_11|batch_13
zic008_aec7,20260917,5,24,8,35,batch_12|batch_04|batch_10|batch_01|batch_06,batch_03|batch_15|batch_02|batch_08|batch_07|batch_14|batch_11|batch_13
zic008_aec7,20260917,5,25,8,35,batch_12|batch_04|batch_10|batch_16|batch_06,batch_03|batch_15|batch_02|batch_08|batch_07|batch_14|batch_11|batch_13
zic008_aec7,20260917,5,26,8,35,batch_12|batch_04|batch_09|batch_01|batch_16,batch_03|batch_15|batch_02|batch_08|batch_07|batch_14|batch_11|batch_13
zic008_aec7,20260917,5,27,8,35,batch_12|batch_04|batch_09|batch_01|batch_06,batch_03|batch_15|batch_02|batch_08|batch_07|batch_14|batch_11|batch_13
zic008_aec7,20260917,5,28,8,35,batch_12|batch_04|batch_09|batch_16|batch_06,batch_03|batch_15|batch_02|batch_08|batch_07|batch_14|batch_11|batch_13
zic008_aec7,20260917,5,29,8,35,batch_12|batch_04|batch_01|batch_16|batch_06,batch_03|batch_15|batch_02|batch_08|batch_07|batch_14|batch_11|batch_13
zic008_aec7,20260917,5,30,8,35,batch_12|batch_10|batch_09|batch_01|batch_16,batch_03|batch_15|batch_02|batch_08|batch_07|batch_14|batch_11|batch_13
zic008_aec7,20260917,5,31,8,35,batch_12|batch_10|batch_09|batch_01|batch_06,batch_03|batch_15|batch_02|batch_08|batch_07|batch_14|batch_11|batch_13
zic008_aec7,20260917,5,32,8,35,batch_12|batch_10|batch_09|batch_16|batch_06,batch_03|batch_15|batch_02|batch_08|batch_07|batch_14|batch_11|batch_13
zic008_aec7,20260917,5,33,8,35,batch_12|batch_10|batch_01|batch_16|batch_06,batch_03|batch_15|batch_02|batch_08|batch_07|batch_14|batch_11|batch_13
zic008_aec7,20260917,5,34,8,35,batch_12|batch_09|batch_01|batch_16|batch_06,batch_03|batch_15|batch_02|batch_08|batch_07|batch_14|batch_11|batch_13
zic008_aec7,20260917,5,35,8,35,batch_05|batch_04|batch_10|batch_09|batch_01,batch_03|batch_15|batch_02|batch_08|batch_07|batch_14|batch_11|batch_13
zic008_aec7,20260917,5,36,8,35,batch_05|batch_04|batch_10|batch_09|batch_16,batch_03|batch_15|batch_02|batch_08|batch_07|batch_14|batch_11|batch_13
zic008_aec7,20260917,5,37,8,35,batch_05|batch_04|batch_10|batch_09|batch_06,batch_03|batch_15|batch_02|batch_08|batch_07|batch_14|batch_11|batch_13
zic008_aec7,20260917,5,38,8,35,batch_05|batch_04|batch_10|batch_01|batch_16,batch_03|batch_15|batch_02|batch_08|batch_07|batch_14|batch_11|batch_13
zic008_aec7,20260917,5,39,8,35,batch_05|batch_04|batch_10|batch_01|batch_06,batch_03|batch_15|batch_02|batch_08|batch_07|batch_14|batch_11|batch_13
zic008_aec7,20260917,5,40,8,35,batch_05|batch_04|batch_10|batch_16|batch_06,batch_03|batch_15|batch_02|batch_08|batch_07|batch_14|batch_11|batch_13
zic008_aec7,20260917,5,41,8,35,batch_05|batch_04|batch_09|batch_01|batch_16,batch_03|batch_15|batch_02|batch_08|batch_07|batch_14|batch_11|batch_13
zic008_aec7,20260917,5,42,8,35,batch_05|batch_04|batch_09|batch_01|batch_06,batch_03|batch_15|batch_02|batch_08|batch_07|batch_14|batch_11|batch_13
zic008_aec7,20260917,5,43,8,35,batch_05|batch_04|batch_09|batch_16|batch_06,batch_03|batch_15|batch_02|batch_08|batch_07|batch_14|batch_11|batch_13
zic008_aec7,20260917,5,44,8,35,batch_05|batch_04|batch_01|batch_16|batch_06,batch_03|batch_15|batch_02|batch_08|batch_07|batch_14|batch_11|batch_13
zic008_aec7,20260917,5,45,8,35,batch_05|batch_10|batch_09|batch_01|batch_16,batch_03|batch_15|batch_02|batch_08|batch_07|batch_14|batch_11|batch_13
zic008_aec7,20260917,5,46,8,35,batch_05|batch_10|batch_09|batch_01|batch_06,batch_03|batch_15|batch_02|batch_08|batch_07|batch_14|batch_11|batch_13
zic008_aec7,20260917,5,47,8,35,batch_05|batch_10|batch_09|batch_16|batch_06,batch_03|batch_15|batch_02|batch_08|batch_07|batch_14|batch_11|batch_13
zic008_aec7,20260917,5,48,8,35,batch_05|batch_10|batch_01|batch_16|batch_06,batch_03|batch_15|batch_02|batch_08|batch_07|batch_14|batch_11|batch_13
zic008_aec7,20260917,5,49,8,35,batch_05|batch_09|batch_01|batch_16|batch_06,batch_03|batch_15|batch_02|batch_08|batch_07|batch_14|batch_11|batch_13
zic008_aec7,20260917,5,50,8,35,batch_04|batch_10|batch_09|batch_01|batch_16,batch_03|batch_15|batch_02|batch_08|batch_07|batch_14|batch_11|batch_13
zic008_aec7,20260917,5,51,8,35,batch_04|batch_10|batch_09|batch_01|batch_06,batch_03|batch_15|batch_02|batch_08|batch_07|batch_14|batch_11|batch_13
zic008_aec7,20260917,5,52,8,35,batch_04|batch_10|batch_09|batch_16|batch_06,batch_03|batch_15|batch_02|batch_08|batch_07|batch_14|batch_11|batch_13
zic008_aec7,20260917,5,53,8,35,batch_04|batch_10|batch_01|batch_16|batch_06,batch_03|batch_15|batch_02|batch_08|batch_07|batch_14|batch_11|batch_13
zic008_aec7,20260917,5,54,8,35,batch_04|batch_09|batch_01|batch_16|batch_06,batch_03|batch_15|batch_02|batch_08|batch_07|batch_14|batch_11|batch_13
zic008_aec7,20260917,5,55,8,35,batch_10|batch_09|batch_01|batch_16|batch_06,batch_03|batch_15|batch_02|batch_08|batch_07|batch_14|batch_11|batch_13
zic008_aec7,20260917,6,0,8,35,batch_12|batch_05|batch_04|batch_10|batch_09|batch_01,batch_03|batch_15|batch_02|batch_08|batch_07|batch_14|batch_11|batch_13
zic008_aec7,20260917,6,1,8,35,batch_12|batch_05|batch_04|batch_10|batch_09|batch_16,batch_03|batch_15|batch_02|batch_08|batch_07|batch_14|batch_11|batch_13
zic008_aec7,20260917,6,2,8,35,batch_12|batch_05|batch_04|batch_10|batch_09|batch_06,batch_03|batch_15|batch_02|batch_08|batch_07|batch_14|batch_11|batch_13
zic008_aec7,20260917,6,3,8,35,batch_12|batch_05|batch_04|batch_10|batch_01|batch_16,batch_03|batch_15|batch_02|batch_08|batch_07|batch_14|batch_11|batch_13
zic008_aec7,20260917,6,4,8,35,batch_12|batch_05|batch_04|batch_10|batch_01|batch_06,batch_03|batch_15|batch_02|batch_08|batch_07|batch_14|batch_11|batch_13
zic008_aec7,20260917,6,5,8,35,batch_12|batch_05|batch_04|batch_10|batch_16|batch_06,batch_03|batch_15|batch_02|batch_08|batch_07|batch_14|batch_11|batch_13
zic008_aec7,20260917,6,6,8,35,batch_12|batch_05|batch_04|batch_09|batch_01|batch_16,batch_03|batch_15|batch_02|batch_08|batch_07|batch_14|batch_11|batch_13
zic008_aec7,20260917,6,7,8,35,batch_12|batch_05|batch_04|batch_09|batch_01|batch_06,batch_03|batch_15|batch_02|batch_08|batch_07|batch_14|batch_11|batch_13
zic008_aec7,20260917,6,8,8,35,batch_12|batch_05|batch_04|batch_09|batch_16|batch_06,batch_03|batch_15|batch_02|batch_08|batch_07|batch_14|batch_11|batch_13
zic008_aec7,20260917,6,9,8,35,batch_12|batch_05|batch_04|batch_01|batch_16|batch_06,batch_03|batch_15|batch_02|batch_08|batch_07|batch_14|batch_11|batch_13
zic008_aec7,20260917,6,10,8,35,batch_12|batch_05|batch_10|batch_09|batch_01|batch_16,batch_03|batch_15|batch_02|batch_08|batch_07|batch_14|batch_11|batch_13
zic008_aec7,20260917,6,11,8,35,batch_12|batch_05|batch_10|batch_09|batch_01|batch_06,batch_03|batch_15|batch_02|batch_08|batch_07|batch_14|batch_11|batch_13
zic008_aec7,20260917,6,12,8,35,batch_12|batch_05|batch_10|batch_09|batch_16|batch_06,batch_03|batch_15|batch_02|batch_08|batch_07|batch_14|batch_11|batch_13
zic008_aec7,20260917,6,13,8,35,batch_12|batch_05|batch_10|batch_01|batch_16|batch_06,batch_03|batch_15|batch_02|batch_08|batch_07|batch_14|batch_11|batch_13
zic008_aec7,20260917,6,14,8,35,batch_12|batch_05|batch_09|batch_01|batch_16|batch_06,batch_03|batch_15|batch_02|batch_08|batch_07|batch_14|batch_11|batch_13
zic008_aec7,20260917,6,15,8,35,batch_12|batch_04|batch_10|batch_09|batch_01|batch_16,batch_03|batch_15|batch_02|batch_08|batch_07|batch_14|batch_11|batch_13
zic008_aec7,20260917,6,16,8,35,batch_12|batch_04|batch_10|batch_09|batch_01|batch_06,batch_03|batch_15|batch_02|batch_08|batch_07|batch_14|batch_11|batch_13
zic008_aec7,20260917,6,17,8,35,batch_12|batch_04|batch_10|batch_09|batch_16|batch_06,batch_03|batch_15|batch_02|batch_08|batch_07|batch_14|batch_11|batch_13
zic008_aec7,20260917,6,18,8,35,batch_12|batch_04|batch_10|batch_01|batch_16|batch_06,batch_03|batch_15|batch_02|batch_08|batch_07|batch_14|batch_11|batch_13
zic008_aec7,20260917,6,19,8,35,batch_12|batch_04|batch_09|batch_01|batch_16|batch_06,batch_03|batch_15|batch_02|batch_08|batch_07|batch_14|batch_11|batch_13
zic008_aec7,20260917,6,20,8,35,batch_12|batch_10|batch_09|batch_01|batch_16|batch_06,batch_03|batch_15|batch_02|batch_08|batch_07|batch_14|batch_11|batch_13
zic008_aec7,20260917,6,21,8,35,batch_05|batch_04|batch_10|batch_09|batch_01|batch_16,batch_03|batch_15|batch_02|batch_08|batch_07|batch_14|batch_11|batch_13
zic008_aec7,20260917,6,22,8,35,batch_05|batch_04|batch_10|batch_09|batch_01|batch_06,batch_03|batch_15|batch_02|batch_08|batch_07|batch_14|batch_11|batch_13
zic008_aec7,20260917,6,23,8,35,batch_05|batch_04|batch_10|batch_09|batch_16|batch_06,batch_03|batch_15|batch_02|batch_08|batch_07|batch_14|batch_11|batch_13
zic008_aec7,20260917,6,24,8,35,batch_05|batch_04|batch_10|batch_01|batch_16|batch_06,batch_03|batch_15|batch_02|batch_08|batch_07|batch_14|batch_11|batch_13
zic008_aec7,20260917,6,25,8,35,batch_05|batch_04|batch_09|batch_01|batch_16|batch_06,batch_03|batch_15|batch_02|batch_08|batch_07|batch_14|batch_11|batch_13
zic008_aec7,20260917,6,26,8,35,batch_05|batch_10|batch_09|batch_01|batch_16|batch_06,batch_03|batch_15|batch_02|batch_08|batch_07|batch_14|batch_11|batch_13
zic008_aec7,20260917,6,27,8,35,batch_04|batch_10|batch_09|batch_01|batch_16|batch_06,batch_03|batch_15|batch_02|batch_08|batch_07|batch_14|batch_11|batch_13
zic008_aec7,20260917,7,0,8,35,batch_12|batch_05|batch_04|batch_10|batch_09|batch_01|batch_16,batch_03|batch_15|batch_02|batch_08|batch_07|batch_14|batch_11|batch_13
zic008_aec7,20260917,7,1,8,35,batch_12|batch_05|batch_04|batch_10|batch_09|batch_01|batch_06,batch_03|batch_15|batch_02|batch_08|batch_07|batch_14|batch_11|batch_13
zic008_aec7,20260917,7,2,8,35,batch_12|batch_05|batch_04|batch_10|batch_09|batch_16|batch_06,batch_03|batch_15|batch_02|batch_08|batch_07|batch_14|batch_11|batch_13
zic008_aec7,20260917,7,3,8,35,batch_12|batch_05|batch_04|batch_10|batch_01|batch_16|batch_06,batch_03|batch_15|batch_02|batch_08|batch_07|batch_14|batch_11|batch_13
zic008_aec7,20260917,7,4,8,35,batch_12|batch_05|batch_04|batch_09|batch_01|batch_16|batch_06,batch_03|batch_15|batch_02|batch_08|batch_07|batch_14|batch_11|batch_13
zic008_aec7,20260917,7,5,8,35,batch_12|batch_05|batch_10|batch_09|batch_01|batch_16|batch_06,batch_03|batch_15|batch_02|batch_08|batch_07|batch_14|batch_11|batch_13
zic008_aec7,20260917,7,6,8,35,batch_12|batch_04|batch_10|batch_09|batch_01|batch_16|batch_06,batch_03|batch_15|batch_02|batch_08|batch_07|batch_14|batch_11|batch_13
zic008_aec7,20260917,7,7,8,35,batch_05|batch_04|batch_10|batch_09|batch_01|batch_16|batch_06,batch_03|batch_15|batch_02|batch_08|batch_07|batch_14|batch_11|batch_13
zic008_aec7,20260917,8,0,8,35,batch_12|batch_05|batch_04|batch_10|batch_09|batch_01|batch_16|batch_06,batch_03|batch_15|batch_02|batch_08|batch_07|batch_14|batch_11|batch_13
zic008_aec7,20260918,1,0,8,35,batch_13,batch_10|batch_05|batch_08|batch_02|batch_11|batch_12|batch_15|batch_09
zic008_aec7,20260918,1,1,8,35,batch_03,batch_10|batch_05|batch_08|batch_02|batch_11|batch_12|batch_15|batch_09
zic008_aec7,20260918,1,2,8,35,batch_07,batch_10|batch_05|batch_08|batch_02|batch_11|batch_12|batch_15|batch_09
zic008_aec7,20260918,1,3,8,35,batch_04,batch_10|batch_05|batch_08|batch_02|batch_11|batch_12|batch_15|batch_09
zic008_aec7,20260918,1,4,8,35,batch_06,batch_10|batch_05|batch_08|batch_02|batch_11|batch_12|batch_15|batch_09
zic008_aec7,20260918,1,5,8,35,batch_16,batch_10|batch_05|batch_08|batch_02|batch_11|batch_12|batch_15|batch_09
zic008_aec7,20260918,1,6,8,35,batch_01,batch_10|batch_05|batch_08|batch_02|batch_11|batch_12|batch_15|batch_09
zic008_aec7,20260918,1,7,8,35,batch_14,batch_10|batch_05|batch_08|batch_02|batch_11|batch_12|batch_15|batch_09
zic008_aec7,20260918,2,0,8,35,batch_13|batch_03,batch_10|batch_05|batch_08|batch_02|batch_11|batch_12|batch_15|batch_09
zic008_aec7,20260918,2,1,8,35,batch_13|batch_07,batch_10|batch_05|batch_08|batch_02|batch_11|batch_12|batch_15|batch_09
zic008_aec7,20260918,2,2,8,35,batch_13|batch_04,batch_10|batch_05|batch_08|batch_02|batch_11|batch_12|batch_15|batch_09
zic008_aec7,20260918,2,3,8,35,batch_13|batch_06,batch_10|batch_05|batch_08|batch_02|batch_11|batch_12|batch_15|batch_09
zic008_aec7,20260918,2,4,8,35,batch_13|batch_16,batch_10|batch_05|batch_08|batch_02|batch_11|batch_12|batch_15|batch_09
zic008_aec7,20260918,2,5,8,35,batch_13|batch_01,batch_10|batch_05|batch_08|batch_02|batch_11|batch_12|batch_15|batch_09
zic008_aec7,20260918,2,6,8,35,batch_13|batch_14,batch_10|batch_05|batch_08|batch_02|batch_11|batch_12|batch_15|batch_09
zic008_aec7,20260918,2,7,8,35,batch_03|batch_07,batch_10|batch_05|batch_08|batch_02|batch_11|batch_12|batch_15|batch_09
zic008_aec7,20260918,2,8,8,35,batch_03|batch_04,batch_10|batch_05|batch_08|batch_02|batch_11|batch_12|batch_15|batch_09
zic008_aec7,20260918,2,9,8,35,batch_03|batch_06,batch_10|batch_05|batch_08|batch_02|batch_11|batch_12|batch_15|batch_09
zic008_aec7,20260918,2,10,8,35,batch_03|batch_16,batch_10|batch_05|batch_08|batch_02|batch_11|batch_12|batch_15|batch_09
zic008_aec7,20260918,2,11,8,35,batch_03|batch_01,batch_10|batch_05|batch_08|batch_02|batch_11|batch_12|batch_15|batch_09
zic008_aec7,20260918,2,12,8,35,batch_03|batch_14,batch_10|batch_05|batch_08|batch_02|batch_11|batch_12|batch_15|batch_09
zic008_aec7,20260918,2,13,8,35,batch_07|batch_04,batch_10|batch_05|batch_08|batch_02|batch_11|batch_12|batch_15|batch_09
zic008_aec7,20260918,2,14,8,35,batch_07|batch_06,batch_10|batch_05|batch_08|batch_02|batch_11|batch_12|batch_15|batch_09
zic008_aec7,20260918,2,15,8,35,batch_07|batch_16,batch_10|batch_05|batch_08|batch_02|batch_11|batch_12|batch_15|batch_09
zic008_aec7,20260918,2,16,8,35,batch_07|batch_01,batch_10|batch_05|batch_08|batch_02|batch_11|batch_12|batch_15|batch_09
zic008_aec7,20260918,2,17,8,35,batch_07|batch_14,batch_10|batch_05|batch_08|batch_02|batch_11|batch_12|batch_15|batch_09
zic008_aec7,20260918,2,18,8,35,batch_04|batch_06,batch_10|batch_05|batch_08|batch_02|batch_11|batch_12|batch_15|batch_09
zic008_aec7,20260918,2,19,8,35,batch_04|batch_16,batch_10|batch_05|batch_08|batch_02|batch_11|batch_12|batch_15|batch_09
zic008_aec7,20260918,2,20,8,35,batch_04|batch_01,batch_10|batch_05|batch_08|batch_02|batch_11|batch_12|batch_15|batch_09
zic008_aec7,20260918,2,21,8,35,batch_04|batch_14,batch_10|batch_05|batch_08|batch_02|batch_11|batch_12|batch_15|batch_09
zic008_aec7,20260918,2,22,8,35,batch_06|batch_16,batch_10|batch_05|batch_08|batch_02|batch_11|batch_12|batch_15|batch_09
zic008_aec7,20260918,2,23,8,35,batch_06|batch_01,batch_10|batch_05|batch_08|batch_02|batch_11|batch_12|batch_15|batch_09
zic008_aec7,20260918,2,24,8,35,batch_06|batch_14,batch_10|batch_05|batch_08|batch_02|batch_11|batch_12|batch_15|batch_09
zic008_aec7,20260918,2,25,8,35,batch_16|batch_01,batch_10|batch_05|batch_08|batch_02|batch_11|batch_12|batch_15|batch_09
zic008_aec7,20260918,2,26,8,35,batch_16|batch_14,batch_10|batch_05|batch_08|batch_02|batch_11|batch_12|batch_15|batch_09
zic008_aec7,20260918,2,27,8,35,batch_01|batch_14,batch_10|batch_05|batch_08|batch_02|batch_11|batch_12|batch_15|batch_09
zic008_aec7,20260918,3,0,8,35,batch_13|batch_03|batch_07,batch_10|batch_05|batch_08|batch_02|batch_11|batch_12|batch_15|batch_09
zic008_aec7,20260918,3,1,8,35,batch_13|batch_03|batch_04,batch_10|batch_05|batch_08|batch_02|batch_11|batch_12|batch_15|batch_09
zic008_aec7,20260918,3,2,8,35,batch_13|batch_03|batch_06,batch_10|batch_05|batch_08|batch_02|batch_11|batch_12|batch_15|batch_09
zic008_aec7,20260918,3,3,8,35,batch_13|batch_03|batch_16,batch_10|batch_05|batch_08|batch_02|batch_11|batch_12|batch_15|batch_09
zic008_aec7,20260918,3,4,8,35,batch_13|batch_03|batch_01,batch_10|batch_05|batch_08|batch_02|batch_11|batch_12|batch_15|batch_09
zic008_aec7,20260918,3,5,8,35,batch_13|batch_03|batch_14,batch_10|batch_05|batch_08|batch_02|batch_11|batch_12|batch_15|batch_09
zic008_aec7,20260918,3,6,8,35,batch_13|batch_07|batch_04,batch_10|batch_05|batch_08|batch_02|batch_11|batch_12|batch_15|batch_09
zic008_aec7,20260918,3,7,8,35,batch_13|batch_07|batch_06,batch_10|batch_05|batch_08|batch_02|batch_11|batch_12|batch_15|batch_09
zic008_aec7,20260918,3,8,8,35,batch_13|batch_07|batch_16,batch_10|batch_05|batch_08|batch_02|batch_11|batch_12|batch_15|batch_09
zic008_aec7,20260918,3,9,8,35,batch_13|batch_07|batch_01,batch_10|batch_05|batch_08|batch_02|batch_11|batch_12|batch_15|batch_09
zic008_aec7,20260918,3,10,8,35,batch_13|batch_07|batch_14,batch_10|batch_05|batch_08|batch_02|batch_11|batch_12|batch_15|batch_09
zic008_aec7,20260918,3,11,8,35,batch_13|batch_04|batch_06,batch_10|batch_05|batch_08|batch_02|batch_11|batch_12|batch_15|batch_09
zic008_aec7,20260918,3,12,8,35,batch_13|batch_04|batch_16,batch_10|batch_05|batch_08|batch_02|batch_11|batch_12|batch_15|batch_09
zic008_aec7,20260918,3,13,8,35,batch_13|batch_04|batch_01,batch_10|batch_05|batch_08|batch_02|batch_11|batch_12|batch_15|batch_09
zic008_aec7,20260918,3,14,8,35,batch_13|batch_04|batch_14,batch_10|batch_05|batch_08|batch_02|batch_11|batch_12|batch_15|batch_09
zic008_aec7,20260918,3,15,8,35,batch_13|batch_06|batch_16,batch_10|batch_05|batch_08|batch_02|batch_11|batch_12|batch_15|batch_09
zic008_aec7,20260918,3,16,8,35,batch_13|batch_06|batch_01,batch_10|batch_05|batch_08|batch_02|batch_11|batch_12|batch_15|batch_09
zic008_aec7,20260918,3,17,8,35,batch_13|batch_06|batch_14,batch_10|batch_05|batch_08|batch_02|batch_11|batch_12|batch_15|batch_09
zic008_aec7,20260918,3,18,8,35,batch_13|batch_16|batch_01,batch_10|batch_05|batch_08|batch_02|batch_11|batch_12|batch_15|batch_09
zic008_aec7,20260918,3,19,8,35,batch_13|batch_16|batch_14,batch_10|batch_05|batch_08|batch_02|batch_11|batch_12|batch_15|batch_09
zic008_aec7,20260918,3,20,8,35,batch_13|batch_01|batch_14,batch_10|batch_05|batch_08|batch_02|batch_11|batch_12|batch_15|batch_09
zic008_aec7,20260918,3,21,8,35,batch_03|batch_07|batch_04,batch_10|batch_05|batch_08|batch_02|batch_11|batch_12|batch_15|batch_09
zic008_aec7,20260918,3,22,8,35,batch_03|batch_07|batch_06,batch_10|batch_05|batch_08|batch_02|batch_11|batch_12|batch_15|batch_09
zic008_aec7,20260918,3,23,8,35,batch_03|batch_07|batch_16,batch_10|batch_05|batch_08|batch_02|batch_11|batch_12|batch_15|batch_09
zic008_aec7,20260918,3,24,8,35,batch_03|batch_07|batch_01,batch_10|batch_05|batch_08|batch_02|batch_11|batch_12|batch_15|batch_09
zic008_aec7,20260918,3,25,8,35,batch_03|batch_07|batch_14,batch_10|batch_05|batch_08|batch_02|batch_11|batch_12|batch_15|batch_09
zic008_aec7,20260918,3,26,8,35,batch_03|batch_04|batch_06,batch_10|batch_05|batch_08|batch_02|batch_11|batch_12|batch_15|batch_09
zic008_aec7,20260918,3,27,8,35,batch_03|batch_04|batch_16,batch_10|batch_05|batch_08|batch_02|batch_11|batch_12|batch_15|batch_09
zic008_aec7,20260918,3,28,8,35,batch_03|batch_04|batch_01,batch_10|batch_05|batch_08|batch_02|batch_11|batch_12|batch_15|batch_09
zic008_aec7,20260918,3,29,8,35,batch_03|batch_04|batch_14,batch_10|batch_05|batch_08|batch_02|batch_11|batch_12|batch_15|batch_09
zic008_aec7,20260918,3,30,8,35,batch_03|batch_06|batch_16,batch_10|batch_05|batch_08|batch_02|batch_11|batch_12|batch_15|batch_09
zic008_aec7,20260918,3,31,8,35,batch_03|batch_06|batch_01,batch_10|batch_05|batch_08|batch_02|batch_11|batch_12|batch_15|batch_09
zic008_aec7,20260918,3,32,8,35,batch_03|batch_06|batch_14,batch_10|batch_05|batch_08|batch_02|batch_11|batch_12|batch_15|batch_09
zic008_aec7,20260918,3,33,8,35,batch_03|batch_16|batch_01,batch_10|batch_05|batch_08|batch_02|batch_11|batch_12|batch_15|batch_09
zic008_aec7,20260918,3,34,8,35,batch_03|batch_16|batch_14,batch_10|batch_05|batch_08|batch_02|batch_11|batch_12|batch_15|batch_09
zic008_aec7,20260918,3,35,8,35,batch_03|batch_01|batch_14,batch_10|batch_05|batch_08|batch_02|batch_11|batch_12|batch_15|batch_09
zic008_aec7,20260918,3,36,8,35,batch_07|batch_04|batch_06,batch_10|batch_05|batch_08|batch_02|batch_11|batch_12|batch_15|batch_09
zic008_aec7,20260918,3,37,8,35,batch_07|batch_04|batch_16,batch_10|batch_05|batch_08|batch_02|batch_11|batch_12|batch_15|batch_09
zic008_aec7,20260918,3,38,8,35,batch_07|batch_04|batch_01,batch_10|batch_05|batch_08|batch_02|batch_11|batch_12|batch_15|batch_09
zic008_aec7,20260918,3,39,8,35,batch_07|batch_04|batch_14,batch_10|batch_05|batch_08|batch_02|batch_11|batch_12|batch_15|batch_09
zic008_aec7,20260918,3,40,8,35,batch_07|batch_06|batch_16,batch_10|batch_05|batch_08|batch_02|batch_11|batch_12|batch_15|batch_09
zic008_aec7,20260918,3,41,8,35,batch_07|batch_06|batch_01,batch_10|batch_05|batch_08|batch_02|batch_11|batch_12|batch_15|batch_09
zic008_aec7,20260918,3,42,8,35,batch_07|batch_06|batch_14,batch_10|batch_05|batch_08|batch_02|batch_11|batch_12|batch_15|batch_09
zic008_aec7,20260918,3,43,8,35,batch_07|batch_16|batch_01,batch_10|batch_05|batch_08|batch_02|batch_11|batch_12|batch_15|batch_09
zic008_aec7,20260918,3,44,8,35,batch_07|batch_16|batch_14,batch_10|batch_05|batch_08|batch_02|batch_11|batch_12|batch_15|batch_09
zic008_aec7,20260918,3,45,8,35,batch_07|batch_01|batch_14,batch_10|batch_05|batch_08|batch_02|batch_11|batch_12|batch_15|batch_09
zic008_aec7,20260918,3,46,8,35,batch_04|batch_06|batch_16,batch_10|batch_05|batch_08|batch_02|batch_11|batch_12|batch_15|batch_09
zic008_aec7,20260918,3,47,8,35,batch_04|batch_06|batch_01,batch_10|batch_05|batch_08|batch_02|batch_11|batch_12|batch_15|batch_09
zic008_aec7,20260918,3,48,8,35,batch_04|batch_06|batch_14,batch_10|batch_05|batch_08|batch_02|batch_11|batch_12|batch_15|batch_09
zic008_aec7,20260918,3,49,8,35,batch_04|batch_16|batch_01,batch_10|batch_05|batch_08|batch_02|batch_11|batch_12|batch_15|batch_09
zic008_aec7,20260918,3,50,8,35,batch_04|batch_16|batch_14,batch_10|batch_05|batch_08|batch_02|batch_11|batch_12|batch_15|batch_09
zic008_aec7,20260918,3,51,8,35,batch_04|batch_01|batch_14,batch_10|batch_05|batch_08|batch_02|batch_11|batch_12|batch_15|batch_09
zic008_aec7,20260918,3,52,8,35,batch_06|batch_16|batch_01,batch_10|batch_05|batch_08|batch_02|batch_11|batch_12|batch_15|batch_09
zic008_aec7,20260918,3,53,8,35,batch_06|batch_16|batch_14,batch_10|batch_05|batch_08|batch_02|batch_11|batch_12|batch_15|batch_09
zic008_aec7,20260918,3,54,8,35,batch_06|batch_01|batch_14,batch_10|batch_05|batch_08|batch_02|batch_11|batch_12|batch_15|batch_09
zic008_aec7,20260918,3,55,8,35,batch_16|batch_01|batch_14,batch_10|batch_05|batch_08|batch_02|batch_11|batch_12|batch_15|batch_09
zic008_aec7,20260918,4,0,8,35,batch_13|batch_03|batch_07|batch_04,batch_10|batch_05|batch_08|batch_02|batch_11|batch_12|batch_15|batch_09
zic008_aec7,20260918,4,1,8,35,batch_13|batch_03|batch_07|batch_06,batch_10|batch_05|batch_08|batch_02|batch_11|batch_12|batch_15|batch_09
zic008_aec7,20260918,4,2,8,35,batch_13|batch_03|batch_07|batch_16,batch_10|batch_05|batch_08|batch_02|batch_11|batch_12|batch_15|batch_09
zic008_aec7,20260918,4,3,8,35,batch_13|batch_03|batch_07|batch_01,batch_10|batch_05|batch_08|batch_02|batch_11|batch_12|batch_15|batch_09
zic008_aec7,20260918,4,4,8,35,batch_13|batch_03|batch_07|batch_14,batch_10|batch_05|batch_08|batch_02|batch_11|batch_12|batch_15|batch_09
zic008_aec7,20260918,4,5,8,35,batch_13|batch_03|batch_04|batch_06,batch_10|batch_05|batch_08|batch_02|batch_11|batch_12|batch_15|batch_09
zic008_aec7,20260918,4,6,8,35,batch_13|batch_03|batch_04|batch_16,batch_10|batch_05|batch_08|batch_02|batch_11|batch_12|batch_15|batch_09
zic008_aec7,20260918,4,7,8,35,batch_13|batch_03|batch_04|batch_01,batch_10|batch_05|batch_08|batch_02|batch_11|batch_12|batch_15|batch_09
zic008_aec7,20260918,4,8,8,35,batch_13|batch_03|batch_04|batch_14,batch_10|batch_05|batch_08|batch_02|batch_11|batch_12|batch_15|batch_09
zic008_aec7,20260918,4,9,8,35,batch_13|batch_03|batch_06|batch_16,batch_10|batch_05|batch_08|batch_02|batch_11|batch_12|batch_15|batch_09
zic008_aec7,20260918,4,10,8,35,batch_13|batch_03|batch_06|batch_01,batch_10|batch_05|batch_08|batch_02|batch_11|batch_12|batch_15|batch_09
zic008_aec7,20260918,4,11,8,35,batch_13|batch_03|batch_06|batch_14,batch_10|batch_05|batch_08|batch_02|batch_11|batch_12|batch_15|batch_09
zic008_aec7,20260918,4,12,8,35,batch_13|batch_03|batch_16|batch_01,batch_10|batch_05|batch_08|batch_02|batch_11|batch_12|batch_15|batch_09
zic008_aec7,20260918,4,13,8,35,batch_13|batch_03|batch_16|batch_14,batch_10|batch_05|batch_08|batch_02|batch_11|batch_12|batch_15|batch_09
zic008_aec7,20260918,4,14,8,35,batch_13|batch_03|batch_01|batch_14,batch_10|batch_05|batch_08|batch_02|batch_11|batch_12|batch_15|batch_09
zic008_aec7,20260918,4,15,8,35,batch_13|batch_07|batch_04|batch_06,batch_10|batch_05|batch_08|batch_02|batch_11|batch_12|batch_15|batch_09
zic008_aec7,20260918,4,16,8,35,batch_13|batch_07|batch_04|batch_16,batch_10|batch_05|batch_08|batch_02|batch_11|batch_12|batch_15|batch_09
zic008_aec7,20260918,4,17,8,35,batch_13|batch_07|batch_04|batch_01,batch_10|batch_05|batch_08|batch_02|batch_11|batch_12|batch_15|batch_09
zic008_aec7,20260918,4,18,8,35,batch_13|batch_07|batch_04|batch_14,batch_10|batch_05|batch_08|batch_02|batch_11|batch_12|batch_15|batch_09
zic008_aec7,20260918,4,19,8,35,batch_13|batch_07|batch_06|batch_16,batch_10|batch_05|batch_08|batch_02|batch_11|batch_12|batch_15|batch_09
zic008_aec7,20260918,4,20,8,35,batch_13|batch_07|batch_06|batch_01,batch_10|batch_05|batch_08|batch_02|batch_11|batch_12|batch_15|batch_09
zic008_aec7,20260918,4,21,8,35,batch_13|batch_07|batch_06|batch_14,batch_10|batch_05|batch_08|batch_02|batch_11|batch_12|batch_15|batch_09
zic008_aec7,20260918,4,22,8,35,batch_13|batch_07|batch_16|batch_01,batch_10|batch_05|batch_08|batch_02|batch_11|batch_12|batch_15|batch_09
zic008_aec7,20260918,4,23,8,35,batch_13|batch_07|batch_16|batch_14,batch_10|batch_05|batch_08|batch_02|batch_11|batch_12|batch_15|batch_09
zic008_aec7,20260918,4,24,8,35,batch_13|batch_07|batch_01|batch_14,batch_10|batch_05|batch_08|batch_02|batch_11|batch_12|batch_15|batch_09
zic008_aec7,20260918,4,25,8,35,batch_13|batch_04|batch_06|batch_16,batch_10|batch_05|batch_08|batch_02|batch_11|batch_12|batch_15|batch_09
zic008_aec7,20260918,4,26,8,35,batch_13|batch_04|batch_06|batch_01,batch_10|batch_05|batch_08|batch_02|batch_11|batch_12|batch_15|batch_09
zic008_aec7,20260918,4,27,8,35,batch_13|batch_04|batch_06|batch_14,batch_10|batch_05|batch_08|batch_02|batch_11|batch_12|batch_15|batch_09
zic008_aec7,20260918,4,28,8,35,batch_13|batch_04|batch_16|batch_01,batch_10|batch_05|batch_08|batch_02|batch_11|batch_12|batch_15|batch_09
zic008_aec7,20260918,4,29,8,35,batch_13|batch_04|batch_16|batch_14,batch_10|batch_05|batch_08|batch_02|batch_11|batch_12|batch_15|batch_09
zic008_aec7,20260918,4,30,8,35,batch_13|batch_04|batch_01|batch_14,batch_10|batch_05|batch_08|batch_02|batch_11|batch_12|batch_15|batch_09
zic008_aec7,20260918,4,31,8,35,batch_13|batch_06|batch_16|batch_01,batch_10|batch_05|batch_08|batch_02|batch_11|batch_12|batch_15|batch_09
zic008_aec7,20260918,4,32,8,35,batch_13|batch_06|batch_16|batch_14,batch_10|batch_05|batch_08|batch_02|batch_11|batch_12|batch_15|batch_09
zic008_aec7,20260918,4,33,8,35,batch_13|batch_06|batch_01|batch_14,batch_10|batch_05|batch_08|batch_02|batch_11|batch_12|batch_15|batch_09
zic008_aec7,20260918,4,34,8,35,batch_13|batch_16|batch_01|batch_14,batch_10|batch_05|batch_08|batch_02|batch_11|batch_12|batch_15|batch_09
zic008_aec7,20260918,4,35,8,35,batch_03|batch_07|batch_04|batch_06,batch_10|batch_05|batch_08|batch_02|batch_11|batch_12|batch_15|batch_09
zic008_aec7,20260918,4,36,8,35,batch_03|batch_07|batch_04|batch_16,batch_10|batch_05|batch_08|batch_02|batch_11|batch_12|batch_15|batch_09
zic008_aec7,20260918,4,37,8,35,batch_03|batch_07|batch_04|batch_01,batch_10|batch_05|batch_08|batch_02|batch_11|batch_12|batch_15|batch_09
zic008_aec7,20260918,4,38,8,35,batch_03|batch_07|batch_04|batch_14,batch_10|batch_05|batch_08|batch_02|batch_11|batch_12|batch_15|batch_09
zic008_aec7,20260918,4,39,8,35,batch_03|batch_07|batch_06|batch_16,batch_10|batch_05|batch_08|batch_02|batch_11|batch_12|batch_15|batch_09
zic008_aec7,20260918,4,40,8,35,batch_03|batch_07|batch_06|batch_01,batch_10|batch_05|batch_08|batch_02|batch_11|batch_12|batch_15|batch_09
zic008_aec7,20260918,4,41,8,35,batch_03|batch_07|batch_06|batch_14,batch_10|batch_05|batch_08|batch_02|batch_11|batch_12|batch_15|batch_09
zic008_aec7,20260918,4,42,8,35,batch_03|batch_07|batch_16|batch_01,batch_10|batch_05|batch_08|batch_02|batch_11|batch_12|batch_15|batch_09
zic008_aec7,20260918,4,43,8,35,batch_03|batch_07|batch_16|batch_14,batch_10|batch_05|batch_08|batch_02|batch_11|batch_12|batch_15|batch_09
zic008_aec7,20260918,4,44,8,35,batch_03|batch_07|batch_01|batch_14,batch_10|batch_05|batch_08|batch_02|batch_11|batch_12|batch_15|batch_09
zic008_aec7,20260918,4,45,8,35,batch_03|batch_04|batch_06|batch_16,batch_10|batch_05|batch_08|batch_02|batch_11|batch_12|batch_15|batch_09
zic008_aec7,20260918,4,46,8,35,batch_03|batch_04|batch_06|batch_01,batch_10|batch_05|batch_08|batch_02|batch_11|batch_12|batch_15|batch_09
zic008_aec7,20260918,4,47,8,35,batch_03|batch_04|batch_06|batch_14,batch_10|batch_05|batch_08|batch_02|batch_11|batch_12|batch_15|batch_09
zic008_aec7,20260918,4,48,8,35,batch_03|batch_04|batch_16|batch_01,batch_10|batch_05|batch_08|batch_02|batch_11|batch_12|batch_15|batch_09
zic008_aec7,20260918,4,49,8,35,batch_03|batch_04|batch_16|batch_14,batch_10|batch_05|batch_08|batch_02|batch_11|batch_12|batch_15|batch_09
zic008_aec7,20260918,4,50,8,35,batch_03|batch_04|batch_01|batch_14,batch_10|batch_05|batch_08|batch_02|batch_11|batch_12|batch_15|batch_09
zic008_aec7,20260918,4,51,8,35,batch_03|batch_06|batch_16|batch_01,batch_10|batch_05|batch_08|batch_02|batch_11|batch_12|batch_15|batch_09
zic008_aec7,20260918,4,52,8,35,batch_03|batch_06|batch_16|batch_14,batch_10|batch_05|batch_08|batch_02|batch_11|batch_12|batch_15|batch_09
zic008_aec7,20260918,4,53,8,35,batch_03|batch_06|batch_01|batch_14,batch_10|batch_05|batch_08|batch_02|batch_11|batch_12|batch_15|batch_09
zic008_aec7,20260918,4,54,8,35,batch_03|batch_16|batch_01|batch_14,batch_10|batch_05|batch_08|batch_02|batch_11|batch_12|batch_15|batch_09
zic008_aec7,20260918,4,55,8,35,batch_07|batch_04|batch_06|batch_16,batch_10|batch_05|batch_08|batch_02|batch_11|batch_12|batch_15|batch_09
zic008_aec7,20260918,4,56,8,35,batch_07|batch_04|batch_06|batch_01,batch_10|batch_05|batch_08|batch_02|batch_11|batch_12|batch_15|batch_09
zic008_aec7,20260918,4,57,8,35,batch_07|batch_04|batch_06|batch_14,batch_10|batch_05|batch_08|batch_02|batch_11|batch_12|batch_15|batch_09
zic008_aec7,20260918,4,58,8,35,batch_07|batch_04|batch_16|batch_01,batch_10|batch_05|batch_08|batch_02|batch_11|batch_12|batch_15|batch_09
zic008_aec7,20260918,4,59,8,35,batch_07|batch_04|batch_16|batch_14,batch_10|batch_05|batch_08|batch_02|batch_11|batch_12|batch_15|batch_09
zic008_aec7,20260918,4,60,8,35,batch_07|batch_04|batch_01|batch_14,batch_10|batch_05|batch_08|batch_02|batch_11|batch_12|batch_15|batch_09
zic008_aec7,20260918,4,61,8,35,batch_07|batch_06|batch_16|batch_01,batch_10|batch_05|batch_08|batch_02|batch_11|batch_12|batch_15|batch_09
zic008_aec7,20260918,4,62,8,35,batch_07|batch_06|batch_16|batch_14,batch_10|batch_05|batch_08|batch_02|batch_11|batch_12|batch_15|batch_09
zic008_aec7,20260918,4,63,8,35,batch_07|batch_06|batch_01|batch_14,batch_10|batch_05|batch_08|batch_02|batch_11|batch_12|batch_15|batch_09
zic008_aec7,20260918,4,64,8,35,batch_07|batch_16|batch_01|batch_14,batch_10|batch_05|batch_08|batch_02|batch_11|batch_12|batch_15|batch_09
zic008_aec7,20260918,4,65,8,35,batch_04|batch_06|batch_16|batch_01,batch_10|batch_05|batch_08|batch_02|batch_11|batch_12|batch_15|batch_09
zic008_aec7,20260918,4,66,8,35,batch_04|batch_06|batch_16|batch_14,batch_10|batch_05|batch_08|batch_02|batch_11|batch_12|batch_15|batch_09
zic008_aec7,20260918,4,67,8,35,batch_04|batch_06|batch_01|batch_14,batch_10|batch_05|batch_08|batch_02|batch_11|batch_12|batch_15|batch_09
zic008_aec7,20260918,4,68,8,35,batch_04|batch_16|batch_01|batch_14,batch_10|batch_05|batch_08|batch_02|batch_11|batch_12|batch_15|batch_09
zic008_aec7,20260918,4,69,8,35,batch_06|batch_16|batch_01|batch_14,batch_10|batch_05|batch_08|batch_02|batch_11|batch_12|batch_15|batch_09
zic008_aec7,20260918,5,0,8,35,batch_13|batch_03|batch_07|batch_04|batch_06,batch_10|batch_05|batch_08|batch_02|batch_11|batch_12|batch_15|batch_09
zic008_aec7,20260918,5,1,8,35,batch_13|batch_03|batch_07|batch_04|batch_16,batch_10|batch_05|batch_08|batch_02|batch_11|batch_12|batch_15|batch_09
zic008_aec7,20260918,5,2,8,35,batch_13|batch_03|batch_07|batch_04|batch_01,batch_10|batch_05|batch_08|batch_02|batch_11|batch_12|batch_15|batch_09
zic008_aec7,20260918,5,3,8,35,batch_13|batch_03|batch_07|batch_04|batch_14,batch_10|batch_05|batch_08|batch_02|batch_11|batch_12|batch_15|batch_09
zic008_aec7,20260918,5,4,8,35,batch_13|batch_03|batch_07|batch_06|batch_16,batch_10|batch_05|batch_08|batch_02|batch_11|batch_12|batch_15|batch_09
zic008_aec7,20260918,5,5,8,35,batch_13|batch_03|batch_07|batch_06|batch_01,batch_10|batch_05|batch_08|batch_02|batch_11|batch_12|batch_15|batch_09
zic008_aec7,20260918,5,6,8,35,batch_13|batch_03|batch_07|batch_06|batch_14,batch_10|batch_05|batch_08|batch_02|batch_11|batch_12|batch_15|batch_09
zic008_aec7,20260918,5,7,8,35,batch_13|batch_03|batch_07|batch_16|batch_01,batch_10|batch_05|batch_08|batch_02|batch_11|batch_12|batch_15|batch_09
zic008_aec7,20260918,5,8,8,35,batch_13|batch_03|batch_07|batch_16|batch_14,batch_10|batch_05|batch_08|batch_02|batch_11|batch_12|batch_15|batch_09
zic008_aec7,20260918,5,9,8,35,batch_13|batch_03|batch_07|batch_01|batch_14,batch_10|batch_05|batch_08|batch_02|batch_11|batch_12|batch_15|batch_09
zic008_aec7,20260918,5,10,8,35,batch_13|batch_03|batch_04|batch_06|batch_16,batch_10|batch_05|batch_08|batch_02|batch_11|batch_12|batch_15|batch_09
zic008_aec7,20260918,5,11,8,35,batch_13|batch_03|batch_04|batch_06|batch_01,batch_10|batch_05|batch_08|batch_02|batch_11|batch_12|batch_15|batch_09
zic008_aec7,20260918,5,12,8,35,batch_13|batch_03|batch_04|batch_06|batch_14,batch_10|batch_05|batch_08|batch_02|batch_11|batch_12|batch_15|batch_09
zic008_aec7,20260918,5,13,8,35,batch_13|batch_03|batch_04|batch_16|batch_01,batch_10|batch_05|batch_08|batch_02|batch_11|batch_12|batch_15|batch_09
zic008_aec7,20260918,5,14,8,35,batch_13|batch_03|batch_04|batch_16|batch_14,batch_10|batch_05|batch_08|batch_02|batch_11|batch_12|batch_15|batch_09
zic008_aec7,20260918,5,15,8,35,batch_13|batch_03|batch_04|batch_01|batch_14,batch_10|batch_05|batch_08|batch_02|batch_11|batch_12|batch_15|batch_09
zic008_aec7,20260918,5,16,8,35,batch_13|batch_03|batch_06|batch_16|batch_01,batch_10|batch_05|batch_08|batch_02|batch_11|batch_12|batch_15|batch_09
zic008_aec7,20260918,5,17,8,35,batch_13|batch_03|batch_06|batch_16|batch_14,batch_10|batch_05|batch_08|batch_02|batch_11|batch_12|batch_15|batch_09
zic008_aec7,20260918,5,18,8,35,batch_13|batch_03|batch_06|batch_01|batch_14,batch_10|batch_05|batch_08|batch_02|batch_11|batch_12|batch_15|batch_09
zic008_aec7,20260918,5,19,8,35,batch_13|batch_03|batch_16|batch_01|batch_14,batch_10|batch_05|batch_08|batch_02|batch_11|batch_12|batch_15|batch_09
zic008_aec7,20260918,5,20,8,35,batch_13|batch_07|batch_04|batch_06|batch_16,batch_10|batch_05|batch_08|batch_02|batch_11|batch_12|batch_15|batch_09
zic008_aec7,20260918,5,21,8,35,batch_13|batch_07|batch_04|batch_06|batch_01,batch_10|batch_05|batch_08|batch_02|batch_11|batch_12|batch_15|batch_09
zic008_aec7,20260918,5,22,8,35,batch_13|batch_07|batch_04|batch_06|batch_14,batch_10|batch_05|batch_08|batch_02|batch_11|batch_12|batch_15|batch_09
zic008_aec7,20260918,5,23,8,35,batch_13|batch_07|batch_04|batch_16|batch_01,batch_10|batch_05|batch_08|batch_02|batch_11|batch_12|batch_15|batch_09
zic008_aec7,20260918,5,24,8,35,batch_13|batch_07|batch_04|batch_16|batch_14,batch_10|batch_05|batch_08|batch_02|batch_11|batch_12|batch_15|batch_09
zic008_aec7,20260918,5,25,8,35,batch_13|batch_07|batch_04|batch_01|batch_14,batch_10|batch_05|batch_08|batch_02|batch_11|batch_12|batch_15|batch_09
zic008_aec7,20260918,5,26,8,35,batch_13|batch_07|batch_06|batch_16|batch_01,batch_10|batch_05|batch_08|batch_02|batch_11|batch_12|batch_15|batch_09
zic008_aec7,20260918,5,27,8,35,batch_13|batch_07|batch_06|batch_16|batch_14,batch_10|batch_05|batch_08|batch_02|batch_11|batch_12|batch_15|batch_09
zic008_aec7,20260918,5,28,8,35,batch_13|batch_07|batch_06|batch_01|batch_14,batch_10|batch_05|batch_08|batch_02|batch_11|batch_12|batch_15|batch_09
zic008_aec7,20260918,5,29,8,35,batch_13|batch_07|batch_16|batch_01|batch_14,batch_10|batch_05|batch_08|batch_02|batch_11|batch_12|batch_15|batch_09
zic008_aec7,20260918,5,30,8,35,batch_13|batch_04|batch_06|batch_16|batch_01,batch_10|batch_05|batch_08|batch_02|batch_11|batch_12|batch_15|batch_09
zic008_aec7,20260918,5,31,8,35,batch_13|batch_04|batch_06|batch_16|batch_14,batch_10|batch_05|batch_08|batch_02|batch_11|batch_12|batch_15|batch_09
zic008_aec7,20260918,5,32,8,35,batch_13|batch_04|batch_06|batch_01|batch_14,batch_10|batch_05|batch_08|batch_02|batch_11|batch_12|batch_15|batch_09
zic008_aec7,20260918,5,33,8,35,batch_13|batch_04|batch_16|batch_01|batch_14,batch_10|batch_05|batch_08|batch_02|batch_11|batch_12|batch_15|batch_09
zic008_aec7,20260918,5,34,8,35,batch_13|batch_06|batch_16|batch_01|batch_14,batch_10|batch_05|batch_08|batch_02|batch_11|batch_12|batch_15|batch_09
zic008_aec7,20260918,5,35,8,35,batch_03|batch_07|batch_04|batch_06|batch_16,batch_10|batch_05|batch_08|batch_02|batch_11|batch_12|batch_15|batch_09
zic008_aec7,20260918,5,36,8,35,batch_03|batch_07|batch_04|batch_06|batch_01,batch_10|batch_05|batch_08|batch_02|batch_11|batch_12|batch_15|batch_09
zic008_aec7,20260918,5,37,8,35,batch_03|batch_07|batch_04|batch_06|batch_14,batch_10|batch_05|batch_08|batch_02|batch_11|batch_12|batch_15|batch_09
zic008_aec7,20260918,5,38,8,35,batch_03|batch_07|batch_04|batch_16|batch_01,batch_10|batch_05|batch_08|batch_02|batch_11|batch_12|batch_15|batch_09
zic008_aec7,20260918,5,39,8,35,batch_03|batch_07|batch_04|batch_16|batch_14,batch_10|batch_05|batch_08|batch_02|batch_11|batch_12|batch_15|batch_09
zic008_aec7,20260918,5,40,8,35,batch_03|batch_07|batch_04|batch_01|batch_14,batch_10|batch_05|batch_08|batch_02|batch_11|batch_12|batch_15|batch_09
zic008_aec7,20260918,5,41,8,35,batch_03|batch_07|batch_06|batch_16|batch_01,batch_10|batch_05|batch_08|batch_02|batch_11|batch_12|batch_15|batch_09
zic008_aec7,20260918,5,42,8,35,batch_03|batch_07|batch_06|batch_16|batch_14,batch_10|batch_05|batch_08|batch_02|batch_11|batch_12|batch_15|batch_09
zic008_aec7,20260918,5,43,8,35,batch_03|batch_07|batch_06|batch_01|batch_14,batch_10|batch_05|batch_08|batch_02|batch_11|batch_12|batch_15|batch_09
zic008_aec7,20260918,5,44,8,35,batch_03|batch_07|batch_16|batch_01|batch_14,batch_10|batch_05|batch_08|batch_02|batch_11|batch_12|batch_15|batch_09
zic008_aec7,20260918,5,45,8,35,batch_03|batch_04|batch_06|batch_16|batch_01,batch_10|batch_05|batch_08|batch_02|batch_11|batch_12|batch_15|batch_09
zic008_aec7,20260918,5,46,8,35,batch_03|batch_04|batch_06|batch_16|batch_14,batch_10|batch_05|batch_08|batch_02|batch_11|batch_12|batch_15|batch_09
zic008_aec7,20260918,5,47,8,35,batch_03|batch_04|batch_06|batch_01|batch_14,batch_10|batch_05|batch_08|batch_02|batch_11|batch_12|batch_15|batch_09
zic008_aec7,20260918,5,48,8,35,batch_03|batch_04|batch_16|batch_01|batch_14,batch_10|batch_05|batch_08|batch_02|batch_11|batch_12|batch_15|batch_09
zic008_aec7,20260918,5,49,8,35,batch_03|batch_06|batch_16|batch_01|batch_14,batch_10|batch_05|batch_08|batch_02|batch_11|batch_12|batch_15|batch_09
zic008_aec7,20260918,5,50,8,35,batch_07|batch_04|batch_06|batch_16|batch_01,batch_10|batch_05|batch_08|batch_02|batch_11|batch_12|batch_15|batch_09
zic008_aec7,20260918,5,51,8,35,batch_07|batch_04|batch_06|batch_16|batch_14,batch_10|batch_05|batch_08|batch_02|batch_11|batch_12|batch_15|batch_09
zic008_aec7,20260918,5,52,8,35,batch_07|batch_04|batch_06|batch_01|batch_14,batch_10|batch_05|batch_08|batch_02|batch_11|batch_12|batch_15|batch_09
zic008_aec7,20260918,5,53,8,35,batch_07|batch_04|batch_16|batch_01|batch_14,batch_10|batch_05|batch_08|batch_02|batch_11|batch_12|batch_15|batch_09
zic008_aec7,20260918,5,54,8,35,batch_07|batch_06|batch_16|batch_01|batch_14,batch_10|batch_05|batch_08|batch_02|batch_11|batch_12|batch_15|batch_09
zic008_aec7,20260918,5,55,8,35,batch_04|batch_06|batch_16|batch_01|batch_14,batch_10|batch_05|batch_08|batch_02|batch_11|batch_12|batch_15|batch_09
zic008_aec7,20260918,6,0,8,35,batch_13|batch_03|batch_07|batch_04|batch_06|batch_16,batch_10|batch_05|batch_08|batch_02|batch_11|batch_12|batch_15|batch_09
zic008_aec7,20260918,6,1,8,35,batch_13|batch_03|batch_07|batch_04|batch_06|batch_01,batch_10|batch_05|batch_08|batch_02|batch_11|batch_12|batch_15|batch_09
zic008_aec7,20260918,6,2,8,35,batch_13|batch_03|batch_07|batch_04|batch_06|batch_14,batch_10|batch_05|batch_08|batch_02|batch_11|batch_12|batch_15|batch_09
zic008_aec7,20260918,6,3,8,35,batch_13|batch_03|batch_07|batch_04|batch_16|batch_01,batch_10|batch_05|batch_08|batch_02|batch_11|batch_12|batch_15|batch_09
zic008_aec7,20260918,6,4,8,35,batch_13|batch_03|batch_07|batch_04|batch_16|batch_14,batch_10|batch_05|batch_08|batch_02|batch_11|batch_12|batch_15|batch_09
zic008_aec7,20260918,6,5,8,35,batch_13|batch_03|batch_07|batch_04|batch_01|batch_14,batch_10|batch_05|batch_08|batch_02|batch_11|batch_12|batch_15|batch_09
zic008_aec7,20260918,6,6,8,35,batch_13|batch_03|batch_07|batch_06|batch_16|batch_01,batch_10|batch_05|batch_08|batch_02|batch_11|batch_12|batch_15|batch_09
zic008_aec7,20260918,6,7,8,35,batch_13|batch_03|batch_07|batch_06|batch_16|batch_14,batch_10|batch_05|batch_08|batch_02|batch_11|batch_12|batch_15|batch_09
zic008_aec7,20260918,6,8,8,35,batch_13|batch_03|batch_07|batch_06|batch_01|batch_14,batch_10|batch_05|batch_08|batch_02|batch_11|batch_12|batch_15|batch_09
zic008_aec7,20260918,6,9,8,35,batch_13|batch_03|batch_07|batch_16|batch_01|batch_14,batch_10|batch_05|batch_08|batch_02|batch_11|batch_12|batch_15|batch_09
zic008_aec7,20260918,6,10,8,35,batch_13|batch_03|batch_04|batch_06|batch_16|batch_01,batch_10|batch_05|batch_08|batch_02|batch_11|batch_12|batch_15|batch_09
zic008_aec7,20260918,6,11,8,35,batch_13|batch_03|batch_04|batch_06|batch_16|batch_14,batch_10|batch_05|batch_08|batch_02|batch_11|batch_12|batch_15|batch_09
zic008_aec7,20260918,6,12,8,35,batch_13|batch_03|batch_04|batch_06|batch_01|batch_14,batch_10|batch_05|batch_08|batch_02|batch_11|batch_12|batch_15|batch_09
zic008_aec7,20260918,6,13,8,35,batch_13|batch_03|batch_04|batch_16|batch_01|batch_14,batch_10|batch_05|batch_08|batch_02|batch_11|batch_12|batch_15|batch_09
zic008_aec7,20260918,6,14,8,35,batch_13|batch_03|batch_06|batch_16|batch_01|batch_14,batch_10|batch_05|batch_08|batch_02|batch_11|batch_12|batch_15|batch_09
zic008_aec7,20260918,6,15,8,35,batch_13|batch_07|batch_04|batch_06|batch_16|batch_01,batch_10|batch_05|batch_08|batch_02|batch_11|batch_12|batch_15|batch_09
zic008_aec7,20260918,6,16,8,35,batch_13|batch_07|batch_04|batch_06|batch_16|batch_14,batch_10|batch_05|batch_08|batch_02|batch_11|batch_12|batch_15|batch_09
zic008_aec7,20260918,6,17,8,35,batch_13|batch_07|batch_04|batch_06|batch_01|batch_14,batch_10|batch_05|batch_08|batch_02|batch_11|batch_12|batch_15|batch_09
zic008_aec7,20260918,6,18,8,35,batch_13|batch_07|batch_04|batch_16|batch_01|batch_14,batch_10|batch_05|batch_08|batch_02|batch_11|batch_12|batch_15|batch_09
zic008_aec7,20260918,6,19,8,35,batch_13|batch_07|batch_06|batch_16|batch_01|batch_14,batch_10|batch_05|batch_08|batch_02|batch_11|batch_12|batch_15|batch_09
zic008_aec7,20260918,6,20,8,35,batch_13|batch_04|batch_06|batch_16|batch_01|batch_14,batch_10|batch_05|batch_08|batch_02|batch_11|batch_12|batch_15|batch_09
zic008_aec7,20260918,6,21,8,35,batch_03|batch_07|batch_04|batch_06|batch_16|batch_01,batch_10|batch_05|batch_08|batch_02|batch_11|batch_12|batch_15|batch_09
zic008_aec7,20260918,6,22,8,35,batch_03|batch_07|batch_04|batch_06|batch_16|batch_14,batch_10|batch_05|batch_08|batch_02|batch_11|batch_12|batch_15|batch_09
zic008_aec7,20260918,6,23,8,35,batch_03|batch_07|batch_04|batch_06|batch_01|batch_14,batch_10|batch_05|batch_08|batch_02|batch_11|batch_12|batch_15|batch_09
zic008_aec7,20260918,6,24,8,35,batch_03|batch_07|batch_04|batch_16|batch_01|batch_14,batch_10|batch_05|batch_08|batch_02|batch_11|batch_12|batch_15|batch_09
zic008_aec7,20260918,6,25,8,35,batch_03|batch_07|batch_06|batch_16|batch_01|batch_14,batch_10|batch_05|batch_08|batch_02|batch_11|batch_12|batch_15|batch_09
zic008_aec7,20260918,6,26,8,35,batch_03|batch_04|batch_06|batch_16|batch_01|batch_14,batch_10|batch_05|batch_08|batch_02|batch_11|batch_12|batch_15|batch_09
zic008_aec7,20260918,6,27,8,35,batch_07|batch_04|batch_06|batch_16|batch_01|batch_14,batch_10|batch_05|batch_08|batch_02|batch_11|batch_12|batch_15|batch_09
zic008_aec7,20260918,7,0,8,35,batch_13|batch_03|batch_07|batch_04|batch_06|batch_16|batch_01,batch_10|batch_05|batch_08|batch_02|batch_11|batch_12|batch_15|batch_09
zic008_aec7,20260918,7,1,8,35,batch_13|batch_03|batch_07|batch_04|batch_06|batch_16|batch_14,batch_10|batch_05|batch_08|batch_02|batch_11|batch_12|batch_15|batch_09
zic008_aec7,20260918,7,2,8,35,batch_13|batch_03|batch_07|batch_04|batch_06|batch_01|batch_14,batch_10|batch_05|batch_08|batch_02|batch_11|batch_12|batch_15|batch_09
zic008_aec7,20260918,7,3,8,35,batch_13|batch_03|batch_07|batch_04|batch_16|batch_01|batch_14,batch_10|batch_05|batch_08|batch_02|batch_11|batch_12|batch_15|batch_09
zic008_aec7,20260918,7,4,8,35,batch_13|batch_03|batch_07|batch_06|batch_16|batch_01|batch_14,batch_10|batch_05|batch_08|batch_02|batch_11|batch_12|batch_15|batch_09
zic008_aec7,20260918,7,5,8,35,batch_13|batch_03|batch_04|batch_06|batch_16|batch_01|batch_14,batch_10|batch_05|batch_08|batch_02|batch_11|batch_12|batch_15|batch_09
zic008_aec7,20260918,7,6,8,35,batch_13|batch_07|batch_04|batch_06|batch_16|batch_01|batch_14,batch_10|batch_05|batch_08|batch_02|batch_11|batch_12|batch_15|batch_09
zic008_aec7,20260918,7,7,8,35,batch_03|batch_07|batch_04|batch_06|batch_16|batch_01|batch_14,batch_10|batch_05|batch_08|batch_02|batch_11|batch_12|batch_15|batch_09
zic008_aec7,20260918,8,0,8,35,batch_13|batch_03|batch_07|batch_04|batch_06|batch_16|batch_01|batch_14,batch_10|batch_05|batch_08|batch_02|batch_11|batch_12|batch_15|batch_09
zic008_aec7,20260919,1,0,8,35,batch_05,batch_04|batch_15|batch_11|batch_01|batch_06|batch_12|batch_10|batch_07
zic008_aec7,20260919,1,1,8,35,batch_14,batch_04|batch_15|batch_11|batch_01|batch_06|batch_12|batch_10|batch_07
zic008_aec7,20260919,1,2,8,35,batch_16,batch_04|batch_15|batch_11|batch_01|batch_06|batch_12|batch_10|batch_07
zic008_aec7,20260919,1,3,8,35,batch_13,batch_04|batch_15|batch_11|batch_01|batch_06|batch_12|batch_10|batch_07
zic008_aec7,20260919,1,4,8,35,batch_03,batch_04|batch_15|batch_11|batch_01|batch_06|batch_12|batch_10|batch_07
zic008_aec7,20260919,1,5,8,35,batch_09,batch_04|batch_15|batch_11|batch_01|batch_06|batch_12|batch_10|batch_07
zic008_aec7,20260919,1,6,8,35,batch_08,batch_04|batch_15|batch_11|batch_01|batch_06|batch_12|batch_10|batch_07
zic008_aec7,20260919,1,7,8,35,batch_02,batch_04|batch_15|batch_11|batch_01|batch_06|batch_12|batch_10|batch_07
zic008_aec7,20260919,2,0,8,35,batch_05|batch_14,batch_04|batch_15|batch_11|batch_01|batch_06|batch_12|batch_10|batch_07
zic008_aec7,20260919,2,1,8,35,batch_05|batch_16,batch_04|batch_15|batch_11|batch_01|batch_06|batch_12|batch_10|batch_07
zic008_aec7,20260919,2,2,8,35,batch_05|batch_13,batch_04|batch_15|batch_11|batch_01|batch_06|batch_12|batch_10|batch_07
zic008_aec7,20260919,2,3,8,35,batch_05|batch_03,batch_04|batch_15|batch_11|batch_01|batch_06|batch_12|batch_10|batch_07
zic008_aec7,20260919,2,4,8,35,batch_05|batch_09,batch_04|batch_15|batch_11|batch_01|batch_06|batch_12|batch_10|batch_07
zic008_aec7,20260919,2,5,8,35,batch_05|batch_08,batch_04|batch_15|batch_11|batch_01|batch_06|batch_12|batch_10|batch_07
zic008_aec7,20260919,2,6,8,35,batch_05|batch_02,batch_04|batch_15|batch_11|batch_01|batch_06|batch_12|batch_10|batch_07
zic008_aec7,20260919,2,7,8,35,batch_14|batch_16,batch_04|batch_15|batch_11|batch_01|batch_06|batch_12|batch_10|batch_07
zic008_aec7,20260919,2,8,8,35,batch_14|batch_13,batch_04|batch_15|batch_11|batch_01|batch_06|batch_12|batch_10|batch_07
zic008_aec7,20260919,2,9,8,35,batch_14|batch_03,batch_04|batch_15|batch_11|batch_01|batch_06|batch_12|batch_10|batch_07
zic008_aec7,20260919,2,10,8,35,batch_14|batch_09,batch_04|batch_15|batch_11|batch_01|batch_06|batch_12|batch_10|batch_07
zic008_aec7,20260919,2,11,8,35,batch_14|batch_08,batch_04|batch_15|batch_11|batch_01|batch_06|batch_12|batch_10|batch_07
zic008_aec7,20260919,2,12,8,35,batch_14|batch_02,batch_04|batch_15|batch_11|batch_01|batch_06|batch_12|batch_10|batch_07
zic008_aec7,20260919,2,13,8,35,batch_16|batch_13,batch_04|batch_15|batch_11|batch_01|batch_06|batch_12|batch_10|batch_07
zic008_aec7,20260919,2,14,8,35,batch_16|batch_03,batch_04|batch_15|batch_11|batch_01|batch_06|batch_12|batch_10|batch_07
zic008_aec7,20260919,2,15,8,35,batch_16|batch_09,batch_04|batch_15|batch_11|batch_01|batch_06|batch_12|batch_10|batch_07
zic008_aec7,20260919,2,16,8,35,batch_16|batch_08,batch_04|batch_15|batch_11|batch_01|batch_06|batch_12|batch_10|batch_07
zic008_aec7,20260919,2,17,8,35,batch_16|batch_02,batch_04|batch_15|batch_11|batch_01|batch_06|batch_12|batch_10|batch_07
zic008_aec7,20260919,2,18,8,35,batch_13|batch_03,batch_04|batch_15|batch_11|batch_01|batch_06|batch_12|batch_10|batch_07
zic008_aec7,20260919,2,19,8,35,batch_13|batch_09,batch_04|batch_15|batch_11|batch_01|batch_06|batch_12|batch_10|batch_07
zic008_aec7,20260919,2,20,8,35,batch_13|batch_08,batch_04|batch_15|batch_11|batch_01|batch_06|batch_12|batch_10|batch_07
zic008_aec7,20260919,2,21,8,35,batch_13|batch_02,batch_04|batch_15|batch_11|batch_01|batch_06|batch_12|batch_10|batch_07
zic008_aec7,20260919,2,22,8,35,batch_03|batch_09,batch_04|batch_15|batch_11|batch_01|batch_06|batch_12|batch_10|batch_07
zic008_aec7,20260919,2,23,8,35,batch_03|batch_08,batch_04|batch_15|batch_11|batch_01|batch_06|batch_12|batch_10|batch_07
zic008_aec7,20260919,2,24,8,35,batch_03|batch_02,batch_04|batch_15|batch_11|batch_01|batch_06|batch_12|batch_10|batch_07
zic008_aec7,20260919,2,25,8,35,batch_09|batch_08,batch_04|batch_15|batch_11|batch_01|batch_06|batch_12|batch_10|batch_07
zic008_aec7,20260919,2,26,8,35,batch_09|batch_02,batch_04|batch_15|batch_11|batch_01|batch_06|batch_12|batch_10|batch_07
zic008_aec7,20260919,2,27,8,35,batch_08|batch_02,batch_04|batch_15|batch_11|batch_01|batch_06|batch_12|batch_10|batch_07
zic008_aec7,20260919,3,0,8,35,batch_05|batch_14|batch_16,batch_04|batch_15|batch_11|batch_01|batch_06|batch_12|batch_10|batch_07
zic008_aec7,20260919,3,1,8,35,batch_05|batch_14|batch_13,batch_04|batch_15|batch_11|batch_01|batch_06|batch_12|batch_10|batch_07
zic008_aec7,20260919,3,2,8,35,batch_05|batch_14|batch_03,batch_04|batch_15|batch_11|batch_01|batch_06|batch_12|batch_10|batch_07
zic008_aec7,20260919,3,3,8,35,batch_05|batch_14|batch_09,batch_04|batch_15|batch_11|batch_01|batch_06|batch_12|batch_10|batch_07
zic008_aec7,20260919,3,4,8,35,batch_05|batch_14|batch_08,batch_04|batch_15|batch_11|batch_01|batch_06|batch_12|batch_10|batch_07
zic008_aec7,20260919,3,5,8,35,batch_05|batch_14|batch_02,batch_04|batch_15|batch_11|batch_01|batch_06|batch_12|batch_10|batch_07
zic008_aec7,20260919,3,6,8,35,batch_05|batch_16|batch_13,batch_04|batch_15|batch_11|batch_01|batch_06|batch_12|batch_10|batch_07
zic008_aec7,20260919,3,7,8,35,batch_05|batch_16|batch_03,batch_04|batch_15|batch_11|batch_01|batch_06|batch_12|batch_10|batch_07
zic008_aec7,20260919,3,8,8,35,batch_05|batch_16|batch_09,batch_04|batch_15|batch_11|batch_01|batch_06|batch_12|batch_10|batch_07
zic008_aec7,20260919,3,9,8,35,batch_05|batch_16|batch_08,batch_04|batch_15|batch_11|batch_01|batch_06|batch_12|batch_10|batch_07
zic008_aec7,20260919,3,10,8,35,batch_05|batch_16|batch_02,batch_04|batch_15|batch_11|batch_01|batch_06|batch_12|batch_10|batch_07
zic008_aec7,20260919,3,11,8,35,batch_05|batch_13|batch_03,batch_04|batch_15|batch_11|batch_01|batch_06|batch_12|batch_10|batch_07
zic008_aec7,20260919,3,12,8,35,batch_05|batch_13|batch_09,batch_04|batch_15|batch_11|batch_01|batch_06|batch_12|batch_10|batch_07
zic008_aec7,20260919,3,13,8,35,batch_05|batch_13|batch_08,batch_04|batch_15|batch_11|batch_01|batch_06|batch_12|batch_10|batch_07
zic008_aec7,20260919,3,14,8,35,batch_05|batch_13|batch_02,batch_04|batch_15|batch_11|batch_01|batch_06|batch_12|batch_10|batch_07
zic008_aec7,20260919,3,15,8,35,batch_05|batch_03|batch_09,batch_04|batch_15|batch_11|batch_01|batch_06|batch_12|batch_10|batch_07
zic008_aec7,20260919,3,16,8,35,batch_05|batch_03|batch_08,batch_04|batch_15|batch_11|batch_01|batch_06|batch_12|batch_10|batch_07
zic008_aec7,20260919,3,17,8,35,batch_05|batch_03|batch_02,batch_04|batch_15|batch_11|batch_01|batch_06|batch_12|batch_10|batch_07
zic008_aec7,20260919,3,18,8,35,batch_05|batch_09|batch_08,batch_04|batch_15|batch_11|batch_01|batch_06|batch_12|batch_10|batch_07
zic008_aec7,20260919,3,19,8,35,batch_05|batch_09|batch_02,batch_04|batch_15|batch_11|batch_01|batch_06|batch_12|batch_10|batch_07
zic008_aec7,20260919,3,20,8,35,batch_05|batch_08|batch_02,batch_04|batch_15|batch_11|batch_01|batch_06|batch_12|batch_10|batch_07
zic008_aec7,20260919,3,21,8,35,batch_14|batch_16|batch_13,batch_04|batch_15|batch_11|batch_01|batch_06|batch_12|batch_10|batch_07
zic008_aec7,20260919,3,22,8,35,batch_14|batch_16|batch_03,batch_04|batch_15|batch_11|batch_01|batch_06|batch_12|batch_10|batch_07
zic008_aec7,20260919,3,23,8,35,batch_14|batch_16|batch_09,batch_04|batch_15|batch_11|batch_01|batch_06|batch_12|batch_10|batch_07
zic008_aec7,20260919,3,24,8,35,batch_14|batch_16|batch_08,batch_04|batch_15|batch_11|batch_01|batch_06|batch_12|batch_10|batch_07
zic008_aec7,20260919,3,25,8,35,batch_14|batch_16|batch_02,batch_04|batch_15|batch_11|batch_01|batch_06|batch_12|batch_10|batch_07
zic008_aec7,20260919,3,26,8,35,batch_14|batch_13|batch_03,batch_04|batch_15|batch_11|batch_01|batch_06|batch_12|batch_10|batch_07
zic008_aec7,20260919,3,27,8,35,batch_14|batch_13|batch_09,batch_04|batch_15|batch_11|batch_01|batch_06|batch_12|batch_10|batch_07
zic008_aec7,20260919,3,28,8,35,batch_14|batch_13|batch_08,batch_04|batch_15|batch_11|batch_01|batch_06|batch_12|batch_10|batch_07
zic008_aec7,20260919,3,29,8,35,batch_14|batch_13|batch_02,batch_04|batch_15|batch_11|batch_01|batch_06|batch_12|batch_10|batch_07
zic008_aec7,20260919,3,30,8,35,batch_14|batch_03|batch_09,batch_04|batch_15|batch_11|batch_01|batch_06|batch_12|batch_10|batch_07
zic008_aec7,20260919,3,31,8,35,batch_14|batch_03|batch_08,batch_04|batch_15|batch_11|batch_01|batch_06|batch_12|batch_10|batch_07
zic008_aec7,20260919,3,32,8,35,batch_14|batch_03|batch_02,batch_04|batch_15|batch_11|batch_01|batch_06|batch_12|batch_10|batch_07
zic008_aec7,20260919,3,33,8,35,batch_14|batch_09|batch_08,batch_04|batch_15|batch_11|batch_01|batch_06|batch_12|batch_10|batch_07
zic008_aec7,20260919,3,34,8,35,batch_14|batch_09|batch_02,batch_04|batch_15|batch_11|batch_01|batch_06|batch_12|batch_10|batch_07
zic008_aec7,20260919,3,35,8,35,batch_14|batch_08|batch_02,batch_04|batch_15|batch_11|batch_01|batch_06|batch_12|batch_10|batch_07
zic008_aec7,20260919,3,36,8,35,batch_16|batch_13|batch_03,batch_04|batch_15|batch_11|batch_01|batch_06|batch_12|batch_10|batch_07
zic008_aec7,20260919,3,37,8,35,batch_16|batch_13|batch_09,batch_04|batch_15|batch_11|batch_01|batch_06|batch_12|batch_10|batch_07
zic008_aec7,20260919,3,38,8,35,batch_16|batch_13|batch_08,batch_04|batch_15|batch_11|batch_01|batch_06|batch_12|batch_10|batch_07
zic008_aec7,20260919,3,39,8,35,batch_16|batch_13|batch_02,batch_04|batch_15|batch_11|batch_01|batch_06|batch_12|batch_10|batch_07
zic008_aec7,20260919,3,40,8,35,batch_16|batch_03|batch_09,batch_04|batch_15|batch_11|batch_01|batch_06|batch_12|batch_10|batch_07
zic008_aec7,20260919,3,41,8,35,batch_16|batch_03|batch_08,batch_04|batch_15|batch_11|batch_01|batch_06|batch_12|batch_10|batch_07
zic008_aec7,20260919,3,42,8,35,batch_16|batch_03|batch_02,batch_04|batch_15|batch_11|batch_01|batch_06|batch_12|batch_10|batch_07
zic008_aec7,20260919,3,43,8,35,batch_16|batch_09|batch_08,batch_04|batch_15|batch_11|batch_01|batch_06|batch_12|batch_10|batch_07
zic008_aec7,20260919,3,44,8,35,batch_16|batch_09|batch_02,batch_04|batch_15|batch_11|batch_01|batch_06|batch_12|batch_10|batch_07
zic008_aec7,20260919,3,45,8,35,batch_16|batch_08|batch_02,batch_04|batch_15|batch_11|batch_01|batch_06|batch_12|batch_10|batch_07
zic008_aec7,20260919,3,46,8,35,batch_13|batch_03|batch_09,batch_04|batch_15|batch_11|batch_01|batch_06|batch_12|batch_10|batch_07
zic008_aec7,20260919,3,47,8,35,batch_13|batch_03|batch_08,batch_04|batch_15|batch_11|batch_01|batch_06|batch_12|batch_10|batch_07
zic008_aec7,20260919,3,48,8,35,batch_13|batch_03|batch_02,batch_04|batch_15|batch_11|batch_01|batch_06|batch_12|batch_10|batch_07
zic008_aec7,20260919,3,49,8,35,batch_13|batch_09|batch_08,batch_04|batch_15|batch_11|batch_01|batch_06|batch_12|batch_10|batch_07
zic008_aec7,20260919,3,50,8,35,batch_13|batch_09|batch_02,batch_04|batch_15|batch_11|batch_01|batch_06|batch_12|batch_10|batch_07
zic008_aec7,20260919,3,51,8,35,batch_13|batch_08|batch_02,batch_04|batch_15|batch_11|batch_01|batch_06|batch_12|batch_10|batch_07
zic008_aec7,20260919,3,52,8,35,batch_03|batch_09|batch_08,batch_04|batch_15|batch_11|batch_01|batch_06|batch_12|batch_10|batch_07
zic008_aec7,20260919,3,53,8,35,batch_03|batch_09|batch_02,batch_04|batch_15|batch_11|batch_01|batch_06|batch_12|batch_10|batch_07
zic008_aec7,20260919,3,54,8,35,batch_03|batch_08|batch_02,batch_04|batch_15|batch_11|batch_01|batch_06|batch_12|batch_10|batch_07
zic008_aec7,20260919,3,55,8,35,batch_09|batch_08|batch_02,batch_04|batch_15|batch_11|batch_01|batch_06|batch_12|batch_10|batch_07
zic008_aec7,20260919,4,0,8,35,batch_05|batch_14|batch_16|batch_13,batch_04|batch_15|batch_11|batch_01|batch_06|batch_12|batch_10|batch_07
zic008_aec7,20260919,4,1,8,35,batch_05|batch_14|batch_16|batch_03,batch_04|batch_15|batch_11|batch_01|batch_06|batch_12|batch_10|batch_07
zic008_aec7,20260919,4,2,8,35,batch_05|batch_14|batch_16|batch_09,batch_04|batch_15|batch_11|batch_01|batch_06|batch_12|batch_10|batch_07
zic008_aec7,20260919,4,3,8,35,batch_05|batch_14|batch_16|batch_08,batch_04|batch_15|batch_11|batch_01|batch_06|batch_12|batch_10|batch_07
zic008_aec7,20260919,4,4,8,35,batch_05|batch_14|batch_16|batch_02,batch_04|batch_15|batch_11|batch_01|batch_06|batch_12|batch_10|batch_07
zic008_aec7,20260919,4,5,8,35,batch_05|batch_14|batch_13|batch_03,batch_04|batch_15|batch_11|batch_01|batch_06|batch_12|batch_10|batch_07
zic008_aec7,20260919,4,6,8,35,batch_05|batch_14|batch_13|batch_09,batch_04|batch_15|batch_11|batch_01|batch_06|batch_12|batch_10|batch_07
zic008_aec7,20260919,4,7,8,35,batch_05|batch_14|batch_13|batch_08,batch_04|batch_15|batch_11|batch_01|batch_06|batch_12|batch_10|batch_07
zic008_aec7,20260919,4,8,8,35,batch_05|batch_14|batch_13|batch_02,batch_04|batch_15|batch_11|batch_01|batch_06|batch_12|batch_10|batch_07
zic008_aec7,20260919,4,9,8,35,batch_05|batch_14|batch_03|batch_09,batch_04|batch_15|batch_11|batch_01|batch_06|batch_12|batch_10|batch_07
zic008_aec7,20260919,4,10,8,35,batch_05|batch_14|batch_03|batch_08,batch_04|batch_15|batch_11|batch_01|batch_06|batch_12|batch_10|batch_07
zic008_aec7,20260919,4,11,8,35,batch_05|batch_14|batch_03|batch_02,batch_04|batch_15|batch_11|batch_01|batch_06|batch_12|batch_10|batch_07
zic008_aec7,20260919,4,12,8,35,batch_05|batch_14|batch_09|batch_08,batch_04|batch_15|batch_11|batch_01|batch_06|batch_12|batch_10|batch_07
zic008_aec7,20260919,4,13,8,35,batch_05|batch_14|batch_09|batch_02,batch_04|batch_15|batch_11|batch_01|batch_06|batch_12|batch_10|batch_07
zic008_aec7,20260919,4,14,8,35,batch_05|batch_14|batch_08|batch_02,batch_04|batch_15|batch_11|batch_01|batch_06|batch_12|batch_10|batch_07
zic008_aec7,20260919,4,15,8,35,batch_05|batch_16|batch_13|batch_03,batch_04|batch_15|batch_11|batch_01|batch_06|batch_12|batch_10|batch_07
zic008_aec7,20260919,4,16,8,35,batch_05|batch_16|batch_13|batch_09,batch_04|batch_15|batch_11|batch_01|batch_06|batch_12|batch_10|batch_07
zic008_aec7,20260919,4,17,8,35,batch_05|batch_16|batch_13|batch_08,batch_04|batch_15|batch_11|batch_01|batch_06|batch_12|batch_10|batch_07
zic008_aec7,20260919,4,18,8,35,batch_05|batch_16|batch_13|batch_02,batch_04|batch_15|batch_11|batch_01|batch_06|batch_12|batch_10|batch_07
zic008_aec7,20260919,4,19,8,35,batch_05|batch_16|batch_03|batch_09,batch_04|batch_15|batch_11|batch_01|batch_06|batch_12|batch_10|batch_07
zic008_aec7,20260919,4,20,8,35,batch_05|batch_16|batch_03|batch_08,batch_04|batch_15|batch_11|batch_01|batch_06|batch_12|batch_10|batch_07
zic008_aec7,20260919,4,21,8,35,batch_05|batch_16|batch_03|batch_02,batch_04|batch_15|batch_11|batch_01|batch_06|batch_12|batch_10|batch_07
zic008_aec7,20260919,4,22,8,35,batch_05|batch_16|batch_09|batch_08,batch_04|batch_15|batch_11|batch_01|batch_06|batch_12|batch_10|batch_07
zic008_aec7,20260919,4,23,8,35,batch_05|batch_16|batch_09|batch_02,batch_04|batch_15|batch_11|batch_01|batch_06|batch_12|batch_10|batch_07
zic008_aec7,20260919,4,24,8,35,batch_05|batch_16|batch_08|batch_02,batch_04|batch_15|batch_11|batch_01|batch_06|batch_12|batch_10|batch_07
zic008_aec7,20260919,4,25,8,35,batch_05|batch_13|batch_03|batch_09,batch_04|batch_15|batch_11|batch_01|batch_06|batch_12|batch_10|batch_07
zic008_aec7,20260919,4,26,8,35,batch_05|batch_13|batch_03|batch_08,batch_04|batch_15|batch_11|batch_01|batch_06|batch_12|batch_10|batch_07
zic008_aec7,20260919,4,27,8,35,batch_05|batch_13|batch_03|batch_02,batch_04|batch_15|batch_11|batch_01|batch_06|batch_12|batch_10|batch_07
zic008_aec7,20260919,4,28,8,35,batch_05|batch_13|batch_09|batch_08,batch_04|batch_15|batch_11|batch_01|batch_06|batch_12|batch_10|batch_07
zic008_aec7,20260919,4,29,8,35,batch_05|batch_13|batch_09|batch_02,batch_04|batch_15|batch_11|batch_01|batch_06|batch_12|batch_10|batch_07
zic008_aec7,20260919,4,30,8,35,batch_05|batch_13|batch_08|batch_02,batch_04|batch_15|batch_11|batch_01|batch_06|batch_12|batch_10|batch_07
zic008_aec7,20260919,4,31,8,35,batch_05|batch_03|batch_09|batch_08,batch_04|batch_15|batch_11|batch_01|batch_06|batch_12|batch_10|batch_07
zic008_aec7,20260919,4,32,8,35,batch_05|batch_03|batch_09|batch_02,batch_04|batch_15|batch_11|batch_01|batch_06|batch_12|batch_10|batch_07
zic008_aec7,20260919,4,33,8,35,batch_05|batch_03|batch_08|batch_02,batch_04|batch_15|batch_11|batch_01|batch_06|batch_12|batch_10|batch_07
zic008_aec7,20260919,4,34,8,35,batch_05|batch_09|batch_08|batch_02,batch_04|batch_15|batch_11|batch_01|batch_06|batch_12|batch_10|batch_07
zic008_aec7,20260919,4,35,8,35,batch_14|batch_16|batch_13|batch_03,batch_04|batch_15|batch_11|batch_01|batch_06|batch_12|batch_10|batch_07
zic008_aec7,20260919,4,36,8,35,batch_14|batch_16|batch_13|batch_09,batch_04|batch_15|batch_11|batch_01|batch_06|batch_12|batch_10|batch_07
zic008_aec7,20260919,4,37,8,35,batch_14|batch_16|batch_13|batch_08,batch_04|batch_15|batch_11|batch_01|batch_06|batch_12|batch_10|batch_07
zic008_aec7,20260919,4,38,8,35,batch_14|batch_16|batch_13|batch_02,batch_04|batch_15|batch_11|batch_01|batch_06|batch_12|batch_10|batch_07
zic008_aec7,20260919,4,39,8,35,batch_14|batch_16|batch_03|batch_09,batch_04|batch_15|batch_11|batch_01|batch_06|batch_12|batch_10|batch_07
zic008_aec7,20260919,4,40,8,35,batch_14|batch_16|batch_03|batch_08,batch_04|batch_15|batch_11|batch_01|batch_06|batch_12|batch_10|batch_07
zic008_aec7,20260919,4,41,8,35,batch_14|batch_16|batch_03|batch_02,batch_04|batch_15|batch_11|batch_01|batch_06|batch_12|batch_10|batch_07
zic008_aec7,20260919,4,42,8,35,batch_14|batch_16|batch_09|batch_08,batch_04|batch_15|batch_11|batch_01|batch_06|batch_12|batch_10|batch_07
zic008_aec7,20260919,4,43,8,35,batch_14|batch_16|batch_09|batch_02,batch_04|batch_15|batch_11|batch_01|batch_06|batch_12|batch_10|batch_07
zic008_aec7,20260919,4,44,8,35,batch_14|batch_16|batch_08|batch_02,batch_04|batch_15|batch_11|batch_01|batch_06|batch_12|batch_10|batch_07
zic008_aec7,20260919,4,45,8,35,batch_14|batch_13|batch_03|batch_09,batch_04|batch_15|batch_11|batch_01|batch_06|batch_12|batch_10|batch_07
zic008_aec7,20260919,4,46,8,35,batch_14|batch_13|batch_03|batch_08,batch_04|batch_15|batch_11|batch_01|batch_06|batch_12|batch_10|batch_07
zic008_aec7,20260919,4,47,8,35,batch_14|batch_13|batch_03|batch_02,batch_04|batch_15|batch_11|batch_01|batch_06|batch_12|batch_10|batch_07
zic008_aec7,20260919,4,48,8,35,batch_14|batch_13|batch_09|batch_08,batch_04|batch_15|batch_11|batch_01|batch_06|batch_12|batch_10|batch_07
zic008_aec7,20260919,4,49,8,35,batch_14|batch_13|batch_09|batch_02,batch_04|batch_15|batch_11|batch_01|batch_06|batch_12|batch_10|batch_07
zic008_aec7,20260919,4,50,8,35,batch_14|batch_13|batch_08|batch_02,batch_04|batch_15|batch_11|batch_01|batch_06|batch_12|batch_10|batch_07
zic008_aec7,20260919,4,51,8,35,batch_14|batch_03|batch_09|batch_08,batch_04|batch_15|batch_11|batch_01|batch_06|batch_12|batch_10|batch_07
zic008_aec7,20260919,4,52,8,35,batch_14|batch_03|batch_09|batch_02,batch_04|batch_15|batch_11|batch_01|batch_06|batch_12|batch_10|batch_07
zic008_aec7,20260919,4,53,8,35,batch_14|batch_03|batch_08|batch_02,batch_04|batch_15|batch_11|batch_01|batch_06|batch_12|batch_10|batch_07
zic008_aec7,20260919,4,54,8,35,batch_14|batch_09|batch_08|batch_02,batch_04|batch_15|batch_11|batch_01|batch_06|batch_12|batch_10|batch_07
zic008_aec7,20260919,4,55,8,35,batch_16|batch_13|batch_03|batch_09,batch_04|batch_15|batch_11|batch_01|batch_06|batch_12|batch_10|batch_07
zic008_aec7,20260919,4,56,8,35,batch_16|batch_13|batch_03|batch_08,batch_04|batch_15|batch_11|batch_01|batch_06|batch_12|batch_10|batch_07
zic008_aec7,20260919,4,57,8,35,batch_16|batch_13|batch_03|batch_02,batch_04|batch_15|batch_11|batch_01|batch_06|batch_12|batch_10|batch_07
zic008_aec7,20260919,4,58,8,35,batch_16|batch_13|batch_09|batch_08,batch_04|batch_15|batch_11|batch_01|batch_06|batch_12|batch_10|batch_07
zic008_aec7,20260919,4,59,8,35,batch_16|batch_13|batch_09|batch_02,batch_04|batch_15|batch_11|batch_01|batch_06|batch_12|batch_10|batch_07
zic008_aec7,20260919,4,60,8,35,batch_16|batch_13|batch_08|batch_02,batch_04|batch_15|batch_11|batch_01|batch_06|batch_12|batch_10|batch_07
zic008_aec7,20260919,4,61,8,35,batch_16|batch_03|batch_09|batch_08,batch_04|batch_15|batch_11|batch_01|batch_06|batch_12|batch_10|batch_07
zic008_aec7,20260919,4,62,8,35,batch_16|batch_03|batch_09|batch_02,batch_04|batch_15|batch_11|batch_01|batch_06|batch_12|batch_10|batch_07
zic008_aec7,20260919,4,63,8,35,batch_16|batch_03|batch_08|batch_02,batch_04|batch_15|batch_11|batch_01|batch_06|batch_12|batch_10|batch_07
zic008_aec7,20260919,4,64,8,35,batch_16|batch_09|batch_08|batch_02,batch_04|batch_15|batch_11|batch_01|batch_06|batch_12|batch_10|batch_07
zic008_aec7,20260919,4,65,8,35,batch_13|batch_03|batch_09|batch_08,batch_04|batch_15|batch_11|batch_01|batch_06|batch_12|batch_10|batch_07
zic008_aec7,20260919,4,66,8,35,batch_13|batch_03|batch_09|batch_02,batch_04|batch_15|batch_11|batch_01|batch_06|batch_12|batch_10|batch_07
zic008_aec7,20260919,4,67,8,35,batch_13|batch_03|batch_08|batch_02,batch_04|batch_15|batch_11|batch_01|batch_06|batch_12|batch_10|batch_07
zic008_aec7,20260919,4,68,8,35,batch_13|batch_09|batch_08|batch_02,batch_04|batch_15|batch_11|batch_01|batch_06|batch_12|batch_10|batch_07
zic008_aec7,20260919,4,69,8,35,batch_03|batch_09|batch_08|batch_02,batch_04|batch_15|batch_11|batch_01|batch_06|batch_12|batch_10|batch_07
zic008_aec7,20260919,5,0,8,35,batch_05|batch_14|batch_16|batch_13|batch_03,batch_04|batch_15|batch_11|batch_01|batch_06|batch_12|batch_10|batch_07
zic008_aec7,20260919,5,1,8,35,batch_05|batch_14|batch_16|batch_13|batch_09,batch_04|batch_15|batch_11|batch_01|batch_06|batch_12|batch_10|batch_07
zic008_aec7,20260919,5,2,8,35,batch_05|batch_14|batch_16|batch_13|batch_08,batch_04|batch_15|batch_11|batch_01|batch_06|batch_12|batch_10|batch_07
zic008_aec7,20260919,5,3,8,35,batch_05|batch_14|batch_16|batch_13|batch_02,batch_04|batch_15|batch_11|batch_01|batch_06|batch_12|batch_10|batch_07
zic008_aec7,20260919,5,4,8,35,batch_05|batch_14|batch_16|batch_03|batch_09,batch_04|batch_15|batch_11|batch_01|batch_06|batch_12|batch_10|batch_07
zic008_aec7,20260919,5,5,8,35,batch_05|batch_14|batch_16|batch_03|batch_08,batch_04|batch_15|batch_11|batch_01|batch_06|batch_12|batch_10|batch_07
zic008_aec7,20260919,5,6,8,35,batch_05|batch_14|batch_16|batch_03|batch_02,batch_04|batch_15|batch_11|batch_01|batch_06|batch_12|batch_10|batch_07
zic008_aec7,20260919,5,7,8,35,batch_05|batch_14|batch_16|batch_09|batch_08,batch_04|batch_15|batch_11|batch_01|batch_06|batch_12|batch_10|batch_07
zic008_aec7,20260919,5,8,8,35,batch_05|batch_14|batch_16|batch_09|batch_02,batch_04|batch_15|batch_11|batch_01|batch_06|batch_12|batch_10|batch_07
zic008_aec7,20260919,5,9,8,35,batch_05|batch_14|batch_16|batch_08|batch_02,batch_04|batch_15|batch_11|batch_01|batch_06|batch_12|batch_10|batch_07
zic008_aec7,20260919,5,10,8,35,batch_05|batch_14|batch_13|batch_03|batch_09,batch_04|batch_15|batch_11|batch_01|batch_06|batch_12|batch_10|batch_07
zic008_aec7,20260919,5,11,8,35,batch_05|batch_14|batch_13|batch_03|batch_08,batch_04|batch_15|batch_11|batch_01|batch_06|batch_12|batch_10|batch_07
zic008_aec7,20260919,5,12,8,35,batch_05|batch_14|batch_13|batch_03|batch_02,batch_04|batch_15|batch_11|batch_01|batch_06|batch_12|batch_10|batch_07
zic008_aec7,20260919,5,13,8,35,batch_05|batch_14|batch_13|batch_09|batch_08,batch_04|batch_15|batch_11|batch_01|batch_06|batch_12|batch_10|batch_07
zic008_aec7,20260919,5,14,8,35,batch_05|batch_14|batch_13|batch_09|batch_02,batch_04|batch_15|batch_11|batch_01|batch_06|batch_12|batch_10|batch_07
zic008_aec7,20260919,5,15,8,35,batch_05|batch_14|batch_13|batch_08|batch_02,batch_04|batch_15|batch_11|batch_01|batch_06|batch_12|batch_10|batch_07
zic008_aec7,20260919,5,16,8,35,batch_05|batch_14|batch_03|batch_09|batch_08,batch_04|batch_15|batch_11|batch_01|batch_06|batch_12|batch_10|batch_07
zic008_aec7,20260919,5,17,8,35,batch_05|batch_14|batch_03|batch_09|batch_02,batch_04|batch_15|batch_11|batch_01|batch_06|batch_12|batch_10|batch_07
zic008_aec7,20260919,5,18,8,35,batch_05|batch_14|batch_03|batch_08|batch_02,batch_04|batch_15|batch_11|batch_01|batch_06|batch_12|batch_10|batch_07
zic008_aec7,20260919,5,19,8,35,batch_05|batch_14|batch_09|batch_08|batch_02,batch_04|batch_15|batch_11|batch_01|batch_06|batch_12|batch_10|batch_07
zic008_aec7,20260919,5,20,8,35,batch_05|batch_16|batch_13|batch_03|batch_09,batch_04|batch_15|batch_11|batch_01|batch_06|batch_12|batch_10|batch_07
zic008_aec7,20260919,5,21,8,35,batch_05|batch_16|batch_13|batch_03|batch_08,batch_04|batch_15|batch_11|batch_01|batch_06|batch_12|batch_10|batch_07
zic008_aec7,20260919,5,22,8,35,batch_05|batch_16|batch_13|batch_03|batch_02,batch_04|batch_15|batch_11|batch_01|batch_06|batch_12|batch_10|batch_07
zic008_aec7,20260919,5,23,8,35,batch_05|batch_16|batch_13|batch_09|batch_08,batch_04|batch_15|batch_11|batch_01|batch_06|batch_12|batch_10|batch_07
zic008_aec7,20260919,5,24,8,35,batch_05|batch_16|batch_13|batch_09|batch_02,batch_04|batch_15|batch_11|batch_01|batch_06|batch_12|batch_10|batch_07
zic008_aec7,20260919,5,25,8,35,batch_05|batch_16|batch_13|batch_08|batch_02,batch_04|batch_15|batch_11|batch_01|batch_06|batch_12|batch_10|batch_07
zic008_aec7,20260919,5,26,8,35,batch_05|batch_16|batch_03|batch_09|batch_08,batch_04|batch_15|batch_11|batch_01|batch_06|batch_12|batch_10|batch_07
zic008_aec7,20260919,5,27,8,35,batch_05|batch_16|batch_03|batch_09|batch_02,batch_04|batch_15|batch_11|batch_01|batch_06|batch_12|batch_10|batch_07
zic008_aec7,20260919,5,28,8,35,batch_05|batch_16|batch_03|batch_08|batch_02,batch_04|batch_15|batch_11|batch_01|batch_06|batch_12|batch_10|batch_07
zic008_aec7,20260919,5,29,8,35,batch_05|batch_16|batch_09|batch_08|batch_02,batch_04|batch_15|batch_11|batch_01|batch_06|batch_12|batch_10|batch_07
zic008_aec7,20260919,5,30,8,35,batch_05|batch_13|batch_03|batch_09|batch_08,batch_04|batch_15|batch_11|batch_01|batch_06|batch_12|batch_10|batch_07
zic008_aec7,20260919,5,31,8,35,batch_05|batch_13|batch_03|batch_09|batch_02,batch_04|batch_15|batch_11|batch_01|batch_06|batch_12|batch_10|batch_07
zic008_aec7,20260919,5,32,8,35,batch_05|batch_13|batch_03|batch_08|batch_02,batch_04|batch_15|batch_11|batch_01|batch_06|batch_12|batch_10|batch_07
zic008_aec7,20260919,5,33,8,35,batch_05|batch_13|batch_09|batch_08|batch_02,batch_04|batch_15|batch_11|batch_01|batch_06|batch_12|batch_10|batch_07
zic008_aec7,20260919,5,34,8,35,batch_05|batch_03|batch_09|batch_08|batch_02,batch_04|batch_15|batch_11|batch_01|batch_06|batch_12|batch_10|batch_07
zic008_aec7,20260919,5,35,8,35,batch_14|batch_16|batch_13|batch_03|batch_09,batch_04|batch_15|batch_11|batch_01|batch_06|batch_12|batch_10|batch_07
zic008_aec7,20260919,5,36,8,35,batch_14|batch_16|batch_13|batch_03|batch_08,batch_04|batch_15|batch_11|batch_01|batch_06|batch_12|batch_10|batch_07
zic008_aec7,20260919,5,37,8,35,batch_14|batch_16|batch_13|batch_03|batch_02,batch_04|batch_15|batch_11|batch_01|batch_06|batch_12|batch_10|batch_07
zic008_aec7,20260919,5,38,8,35,batch_14|batch_16|batch_13|batch_09|batch_08,batch_04|batch_15|batch_11|batch_01|batch_06|batch_12|batch_10|batch_07
zic008_aec7,20260919,5,39,8,35,batch_14|batch_16|batch_13|batch_09|batch_02,batch_04|batch_15|batch_11|batch_01|batch_06|batch_12|batch_10|batch_07
zic008_aec7,20260919,5,40,8,35,batch_14|batch_16|batch_13|batch_08|batch_02,batch_04|batch_15|batch_11|batch_01|batch_06|batch_12|batch_10|batch_07
zic008_aec7,20260919,5,41,8,35,batch_14|batch_16|batch_03|batch_09|batch_08,batch_04|batch_15|batch_11|batch_01|batch_06|batch_12|batch_10|batch_07
zic008_aec7,20260919,5,42,8,35,batch_14|batch_16|batch_03|batch_09|batch_02,batch_04|batch_15|batch_11|batch_01|batch_06|batch_12|batch_10|batch_07
zic008_aec7,20260919,5,43,8,35,batch_14|batch_16|batch_03|batch_08|batch_02,batch_04|batch_15|batch_11|batch_01|batch_06|batch_12|batch_10|batch_07
zic008_aec7,20260919,5,44,8,35,batch_14|batch_16|batch_09|batch_08|batch_02,batch_04|batch_15|batch_11|batch_01|batch_06|batch_12|batch_10|batch_07
zic008_aec7,20260919,5,45,8,35,batch_14|batch_13|batch_03|batch_09|batch_08,batch_04|batch_15|batch_11|batch_01|batch_06|batch_12|batch_10|batch_07
zic008_aec7,20260919,5,46,8,35,batch_14|batch_13|batch_03|batch_09|batch_02,batch_04|batch_15|batch_11|batch_01|batch_06|batch_12|batch_10|batch_07
zic008_aec7,20260919,5,47,8,35,batch_14|batch_13|batch_03|batch_08|batch_02,batch_04|batch_15|batch_11|batch_01|batch_06|batch_12|batch_10|batch_07
zic008_aec7,20260919,5,48,8,35,batch_14|batch_13|batch_09|batch_08|batch_02,batch_04|batch_15|batch_11|batch_01|batch_06|batch_12|batch_10|batch_07
zic008_aec7,20260919,5,49,8,35,batch_14|batch_03|batch_09|batch_08|batch_02,batch_04|batch_15|batch_11|batch_01|batch_06|batch_12|batch_10|batch_07
zic008_aec7,20260919,5,50,8,35,batch_16|batch_13|batch_03|batch_09|batch_08,batch_04|batch_15|batch_11|batch_01|batch_06|batch_12|batch_10|batch_07
zic008_aec7,20260919,5,51,8,35,batch_16|batch_13|batch_03|batch_09|batch_02,batch_04|batch_15|batch_11|batch_01|batch_06|batch_12|batch_10|batch_07
zic008_aec7,20260919,5,52,8,35,batch_16|batch_13|batch_03|batch_08|batch_02,batch_04|batch_15|batch_11|batch_01|batch_06|batch_12|batch_10|batch_07
zic008_aec7,20260919,5,53,8,35,batch_16|batch_13|batch_09|batch_08|batch_02,batch_04|batch_15|batch_11|batch_01|batch_06|batch_12|batch_10|batch_07
zic008_aec7,20260919,5,54,8,35,batch_16|batch_03|batch_09|batch_08|batch_02,batch_04|batch_15|batch_11|batch_01|batch_06|batch_12|batch_10|batch_07
zic008_aec7,20260919,5,55,8,35,batch_13|batch_03|batch_09|batch_08|batch_02,batch_04|batch_15|batch_11|batch_01|batch_06|batch_12|batch_10|batch_07
zic008_aec7,20260919,6,0,8,35,batch_05|batch_14|batch_16|batch_13|batch_03|batch_09,batch_04|batch_15|batch_11|batch_01|batch_06|batch_12|batch_10|batch_07
zic008_aec7,20260919,6,1,8,35,batch_05|batch_14|batch_16|batch_13|batch_03|batch_08,batch_04|batch_15|batch_11|batch_01|batch_06|batch_12|batch_10|batch_07
zic008_aec7,20260919,6,2,8,35,batch_05|batch_14|batch_16|batch_13|batch_03|batch_02,batch_04|batch_15|batch_11|batch_01|batch_06|batch_12|batch_10|batch_07
zic008_aec7,20260919,6,3,8,35,batch_05|batch_14|batch_16|batch_13|batch_09|batch_08,batch_04|batch_15|batch_11|batch_01|batch_06|batch_12|batch_10|batch_07
zic008_aec7,20260919,6,4,8,35,batch_05|batch_14|batch_16|batch_13|batch_09|batch_02,batch_04|batch_15|batch_11|batch_01|batch_06|batch_12|batch_10|batch_07
zic008_aec7,20260919,6,5,8,35,batch_05|batch_14|batch_16|batch_13|batch_08|batch_02,batch_04|batch_15|batch_11|batch_01|batch_06|batch_12|batch_10|batch_07
zic008_aec7,20260919,6,6,8,35,batch_05|batch_14|batch_16|batch_03|batch_09|batch_08,batch_04|batch_15|batch_11|batch_01|batch_06|batch_12|batch_10|batch_07
zic008_aec7,20260919,6,7,8,35,batch_05|batch_14|batch_16|batch_03|batch_09|batch_02,batch_04|batch_15|batch_11|batch_01|batch_06|batch_12|batch_10|batch_07
zic008_aec7,20260919,6,8,8,35,batch_05|batch_14|batch_16|batch_03|batch_08|batch_02,batch_04|batch_15|batch_11|batch_01|batch_06|batch_12|batch_10|batch_07
zic008_aec7,20260919,6,9,8,35,batch_05|batch_14|batch_16|batch_09|batch_08|batch_02,batch_04|batch_15|batch_11|batch_01|batch_06|batch_12|batch_10|batch_07
zic008_aec7,20260919,6,10,8,35,batch_05|batch_14|batch_13|batch_03|batch_09|batch_08,batch_04|batch_15|batch_11|batch_01|batch_06|batch_12|batch_10|batch_07
zic008_aec7,20260919,6,11,8,35,batch_05|batch_14|batch_13|batch_03|batch_09|batch_02,batch_04|batch_15|batch_11|batch_01|batch_06|batch_12|batch_10|batch_07
zic008_aec7,20260919,6,12,8,35,batch_05|batch_14|batch_13|batch_03|batch_08|batch_02,batch_04|batch_15|batch_11|batch_01|batch_06|batch_12|batch_10|batch_07
zic008_aec7,20260919,6,13,8,35,batch_05|batch_14|batch_13|batch_09|batch_08|batch_02,batch_04|batch_15|batch_11|batch_01|batch_06|batch_12|batch_10|batch_07
zic008_aec7,20260919,6,14,8,35,batch_05|batch_14|batch_03|batch_09|batch_08|batch_02,batch_04|batch_15|batch_11|batch_01|batch_06|batch_12|batch_10|batch_07
zic008_aec7,20260919,6,15,8,35,batch_05|batch_16|batch_13|batch_03|batch_09|batch_08,batch_04|batch_15|batch_11|batch_01|batch_06|batch_12|batch_10|batch_07
zic008_aec7,20260919,6,16,8,35,batch_05|batch_16|batch_13|batch_03|batch_09|batch_02,batch_04|batch_15|batch_11|batch_01|batch_06|batch_12|batch_10|batch_07
zic008_aec7,20260919,6,17,8,35,batch_05|batch_16|batch_13|batch_03|batch_08|batch_02,batch_04|batch_15|batch_11|batch_01|batch_06|batch_12|batch_10|batch_07
zic008_aec7,20260919,6,18,8,35,batch_05|batch_16|batch_13|batch_09|batch_08|batch_02,batch_04|batch_15|batch_11|batch_01|batch_06|batch_12|batch_10|batch_07
zic008_aec7,20260919,6,19,8,35,batch_05|batch_16|batch_03|batch_09|batch_08|batch_02,batch_04|batch_15|batch_11|batch_01|batch_06|batch_12|batch_10|batch_07
zic008_aec7,20260919,6,20,8,35,batch_05|batch_13|batch_03|batch_09|batch_08|batch_02,batch_04|batch_15|batch_11|batch_01|batch_06|batch_12|batch_10|batch_07
zic008_aec7,20260919,6,21,8,35,batch_14|batch_16|batch_13|batch_03|batch_09|batch_08,batch_04|batch_15|batch_11|batch_01|batch_06|batch_12|batch_10|batch_07
zic008_aec7,20260919,6,22,8,35,batch_14|batch_16|batch_13|batch_03|batch_09|batch_02,batch_04|batch_15|batch_11|batch_01|batch_06|batch_12|batch_10|batch_07
zic008_aec7,20260919,6,23,8,35,batch_14|batch_16|batch_13|batch_03|batch_08|batch_02,batch_04|batch_15|batch_11|batch_01|batch_06|batch_12|batch_10|batch_07
zic008_aec7,20260919,6,24,8,35,batch_14|batch_16|batch_13|batch_09|batch_08|batch_02,batch_04|batch_15|batch_11|batch_01|batch_06|batch_12|batch_10|batch_07
zic008_aec7,20260919,6,25,8,35,batch_14|batch_16|batch_03|batch_09|batch_08|batch_02,batch_04|batch_15|batch_11|batch_01|batch_06|batch_12|batch_10|batch_07
zic008_aec7,20260919,6,26,8,35,batch_14|batch_13|batch_03|batch_09|batch_08|batch_02,batch_04|batch_15|batch_11|batch_01|batch_06|batch_12|batch_10|batch_07
zic008_aec7,20260919,6,27,8,35,batch_16|batch_13|batch_03|batch_09|batch_08|batch_02,batch_04|batch_15|batch_11|batch_01|batch_06|batch_12|batch_10|batch_07
zic008_aec7,20260919,7,0,8,35,batch_05|batch_14|batch_16|batch_13|batch_03|batch_09|batch_08,batch_04|batch_15|batch_11|batch_01|batch_06|batch_12|batch_10|batch_07
zic008_aec7,20260919,7,1,8,35,batch_05|batch_14|batch_16|batch_13|batch_03|batch_09|batch_02,batch_04|batch_15|batch_11|batch_01|batch_06|batch_12|batch_10|batch_07
zic008_aec7,20260919,7,2,8,35,batch_05|batch_14|batch_16|batch_13|batch_03|batch_08|batch_02,batch_04|batch_15|batch_11|batch_01|batch_06|batch_12|batch_10|batch_07
zic008_aec7,20260919,7,3,8,35,batch_05|batch_14|batch_16|batch_13|batch_09|batch_08|batch_02,batch_04|batch_15|batch_11|batch_01|batch_06|batch_12|batch_10|batch_07
zic008_aec7,20260919,7,4,8,35,batch_05|batch_14|batch_16|batch_03|batch_09|batch_08|batch_02,batch_04|batch_15|batch_11|batch_01|batch_06|batch_12|batch_10|batch_07
zic008_aec7,20260919,7,5,8,35,batch_05|batch_14|batch_13|batch_03|batch_09|batch_08|batch_02,batch_04|batch_15|batch_11|batch_01|batch_06|batch_12|batch_10|batch_07
zic008_aec7,20260919,7,6,8,35,batch_05|batch_16|batch_13|batch_03|batch_09|batch_08|batch_02,batch_04|batch_15|batch_11|batch_01|batch_06|batch_12|batch_10|batch_07
zic008_aec7,20260919,7,7,8,35,batch_14|batch_16|batch_13|batch_03|batch_09|batch_08|batch_02,batch_04|batch_15|batch_11|batch_01|batch_06|batch_12|batch_10|batch_07
zic008_aec7,20260919,8,0,8,35,batch_05|batch_14|batch_16|batch_13|batch_03|batch_09|batch_08|batch_02,batch_04|batch_15|batch_11|batch_01|batch_06|batch_12|batch_10|batch_07
zic008_aec7,20260920,1,0,8,35,batch_13,batch_05|batch_06|batch_14|batch_12|batch_02|batch_04|batch_11|batch_09
zic008_aec7,20260920,1,1,8,35,batch_07,batch_05|batch_06|batch_14|batch_12|batch_02|batch_04|batch_11|batch_09
zic008_aec7,20260920,1,2,8,35,batch_10,batch_05|batch_06|batch_14|batch_12|batch_02|batch_04|batch_11|batch_09
zic008_aec7,20260920,1,3,8,35,batch_03,batch_05|batch_06|batch_14|batch_12|batch_02|batch_04|batch_11|batch_09
zic008_aec7,20260920,1,4,8,35,batch_15,batch_05|batch_06|batch_14|batch_12|batch_02|batch_04|batch_11|batch_09
zic008_aec7,20260920,1,5,8,35,batch_08,batch_05|batch_06|batch_14|batch_12|batch_02|batch_04|batch_11|batch_09
zic008_aec7,20260920,1,6,8,35,batch_01,batch_05|batch_06|batch_14|batch_12|batch_02|batch_04|batch_11|batch_09
zic008_aec7,20260920,1,7,8,35,batch_16,batch_05|batch_06|batch_14|batch_12|batch_02|batch_04|batch_11|batch_09
zic008_aec7,20260920,2,0,8,35,batch_13|batch_07,batch_05|batch_06|batch_14|batch_12|batch_02|batch_04|batch_11|batch_09
zic008_aec7,20260920,2,1,8,35,batch_13|batch_10,batch_05|batch_06|batch_14|batch_12|batch_02|batch_04|batch_11|batch_09
zic008_aec7,20260920,2,2,8,35,batch_13|batch_03,batch_05|batch_06|batch_14|batch_12|batch_02|batch_04|batch_11|batch_09
zic008_aec7,20260920,2,3,8,35,batch_13|batch_15,batch_05|batch_06|batch_14|batch_12|batch_02|batch_04|batch_11|batch_09
zic008_aec7,20260920,2,4,8,35,batch_13|batch_08,batch_05|batch_06|batch_14|batch_12|batch_02|batch_04|batch_11|batch_09
zic008_aec7,20260920,2,5,8,35,batch_13|batch_01,batch_05|batch_06|batch_14|batch_12|batch_02|batch_04|batch_11|batch_09
zic008_aec7,20260920,2,6,8,35,batch_13|batch_16,batch_05|batch_06|batch_14|batch_12|batch_02|batch_04|batch_11|batch_09
zic008_aec7,20260920,2,7,8,35,batch_07|batch_10,batch_05|batch_06|batch_14|batch_12|batch_02|batch_04|batch_11|batch_09
zic008_aec7,20260920,2,8,8,35,batch_07|batch_03,batch_05|batch_06|batch_14|batch_12|batch_02|batch_04|batch_11|batch_09
zic008_aec7,20260920,2,9,8,35,batch_07|batch_15,batch_05|batch_06|batch_14|batch_12|batch_02|batch_04|batch_11|batch_09
zic008_aec7,20260920,2,10,8,35,batch_07|batch_08,batch_05|batch_06|batch_14|batch_12|batch_02|batch_04|batch_11|batch_09
zic008_aec7,20260920,2,11,8,35,batch_07|batch_01,batch_05|batch_06|batch_14|batch_12|batch_02|batch_04|batch_11|batch_09
zic008_aec7,20260920,2,12,8,35,batch_07|batch_16,batch_05|batch_06|batch_14|batch_12|batch_02|batch_04|batch_11|batch_09
zic008_aec7,20260920,2,13,8,35,batch_10|batch_03,batch_05|batch_06|batch_14|batch_12|batch_02|batch_04|batch_11|batch_09
zic008_aec7,20260920,2,14,8,35,batch_10|batch_15,batch_05|batch_06|batch_14|batch_12|batch_02|batch_04|batch_11|batch_09
zic008_aec7,20260920,2,15,8,35,batch_10|batch_08,batch_05|batch_06|batch_14|batch_12|batch_02|batch_04|batch_11|batch_09
zic008_aec7,20260920,2,16,8,35,batch_10|batch_01,batch_05|batch_06|batch_14|batch_12|batch_02|batch_04|batch_11|batch_09
zic008_aec7,20260920,2,17,8,35,batch_10|batch_16,batch_05|batch_06|batch_14|batch_12|batch_02|batch_04|batch_11|batch_09
zic008_aec7,20260920,2,18,8,35,batch_03|batch_15,batch_05|batch_06|batch_14|batch_12|batch_02|batch_04|batch_11|batch_09
zic008_aec7,20260920,2,19,8,35,batch_03|batch_08,batch_05|batch_06|batch_14|batch_12|batch_02|batch_04|batch_11|batch_09
zic008_aec7,20260920,2,20,8,35,batch_03|batch_01,batch_05|batch_06|batch_14|batch_12|batch_02|batch_04|batch_11|batch_09
zic008_aec7,20260920,2,21,8,35,batch_03|batch_16,batch_05|batch_06|batch_14|batch_12|batch_02|batch_04|batch_11|batch_09
zic008_aec7,20260920,2,22,8,35,batch_15|batch_08,batch_05|batch_06|batch_14|batch_12|batch_02|batch_04|batch_11|batch_09
zic008_aec7,20260920,2,23,8,35,batch_15|batch_01,batch_05|batch_06|batch_14|batch_12|batch_02|batch_04|batch_11|batch_09
zic008_aec7,20260920,2,24,8,35,batch_15|batch_16,batch_05|batch_06|batch_14|batch_12|batch_02|batch_04|batch_11|batch_09
zic008_aec7,20260920,2,25,8,35,batch_08|batch_01,batch_05|batch_06|batch_14|batch_12|batch_02|batch_04|batch_11|batch_09
zic008_aec7,20260920,2,26,8,35,batch_08|batch_16,batch_05|batch_06|batch_14|batch_12|batch_02|batch_04|batch_11|batch_09
zic008_aec7,20260920,2,27,8,35,batch_01|batch_16,batch_05|batch_06|batch_14|batch_12|batch_02|batch_04|batch_11|batch_09
zic008_aec7,20260920,3,0,8,35,batch_13|batch_07|batch_10,batch_05|batch_06|batch_14|batch_12|batch_02|batch_04|batch_11|batch_09
zic008_aec7,20260920,3,1,8,35,batch_13|batch_07|batch_03,batch_05|batch_06|batch_14|batch_12|batch_02|batch_04|batch_11|batch_09
zic008_aec7,20260920,3,2,8,35,batch_13|batch_07|batch_15,batch_05|batch_06|batch_14|batch_12|batch_02|batch_04|batch_11|batch_09
zic008_aec7,20260920,3,3,8,35,batch_13|batch_07|batch_08,batch_05|batch_06|batch_14|batch_12|batch_02|batch_04|batch_11|batch_09
zic008_aec7,20260920,3,4,8,35,batch_13|batch_07|batch_01,batch_05|batch_06|batch_14|batch_12|batch_02|batch_04|batch_11|batch_09
zic008_aec7,20260920,3,5,8,35,batch_13|batch_07|batch_16,batch_05|batch_06|batch_14|batch_12|batch_02|batch_04|batch_11|batch_09
zic008_aec7,20260920,3,6,8,35,batch_13|batch_10|batch_03,batch_05|batch_06|batch_14|batch_12|batch_02|batch_04|batch_11|batch_09
zic008_aec7,20260920,3,7,8,35,batch_13|batch_10|batch_15,batch_05|batch_06|batch_14|batch_12|batch_02|batch_04|batch_11|batch_09
zic008_aec7,20260920,3,8,8,35,batch_13|batch_10|batch_08,batch_05|batch_06|batch_14|batch_12|batch_02|batch_04|batch_11|batch_09
zic008_aec7,20260920,3,9,8,35,batch_13|batch_10|batch_01,batch_05|batch_06|batch_14|batch_12|batch_02|batch_04|batch_11|batch_09
zic008_aec7,20260920,3,10,8,35,batch_13|batch_10|batch_16,batch_05|batch_06|batch_14|batch_12|batch_02|batch_04|batch_11|batch_09
zic008_aec7,20260920,3,11,8,35,batch_13|batch_03|batch_15,batch_05|batch_06|batch_14|batch_12|batch_02|batch_04|batch_11|batch_09
zic008_aec7,20260920,3,12,8,35,batch_13|batch_03|batch_08,batch_05|batch_06|batch_14|batch_12|batch_02|batch_04|batch_11|batch_09
zic008_aec7,20260920,3,13,8,35,batch_13|batch_03|batch_01,batch_05|batch_06|batch_14|batch_12|batch_02|batch_04|batch_11|batch_09
zic008_aec7,20260920,3,14,8,35,batch_13|batch_03|batch_16,batch_05|batch_06|batch_14|batch_12|batch_02|batch_04|batch_11|batch_09
zic008_aec7,20260920,3,15,8,35,batch_13|batch_15|batch_08,batch_05|batch_06|batch_14|batch_12|batch_02|batch_04|batch_11|batch_09
zic008_aec7,20260920,3,16,8,35,batch_13|batch_15|batch_01,batch_05|batch_06|batch_14|batch_12|batch_02|batch_04|batch_11|batch_09
zic008_aec7,20260920,3,17,8,35,batch_13|batch_15|batch_16,batch_05|batch_06|batch_14|batch_12|batch_02|batch_04|batch_11|batch_09
zic008_aec7,20260920,3,18,8,35,batch_13|batch_08|batch_01,batch_05|batch_06|batch_14|batch_12|batch_02|batch_04|batch_11|batch_09
zic008_aec7,20260920,3,19,8,35,batch_13|batch_08|batch_16,batch_05|batch_06|batch_14|batch_12|batch_02|batch_04|batch_11|batch_09
zic008_aec7,20260920,3,20,8,35,batch_13|batch_01|batch_16,batch_05|batch_06|batch_14|batch_12|batch_02|batch_04|batch_11|batch_09
zic008_aec7,20260920,3,21,8,35,batch_07|batch_10|batch_03,batch_05|batch_06|batch_14|batch_12|batch_02|batch_04|batch_11|batch_09
zic008_aec7,20260920,3,22,8,35,batch_07|batch_10|batch_15,batch_05|batch_06|batch_14|batch_12|batch_02|batch_04|batch_11|batch_09
zic008_aec7,20260920,3,23,8,35,batch_07|batch_10|batch_08,batch_05|batch_06|batch_14|batch_12|batch_02|batch_04|batch_11|batch_09
zic008_aec7,20260920,3,24,8,35,batch_07|batch_10|batch_01,batch_05|batch_06|batch_14|batch_12|batch_02|batch_04|batch_11|batch_09
zic008_aec7,20260920,3,25,8,35,batch_07|batch_10|batch_16,batch_05|batch_06|batch_14|batch_12|batch_02|batch_04|batch_11|batch_09
zic008_aec7,20260920,3,26,8,35,batch_07|batch_03|batch_15,batch_05|batch_06|batch_14|batch_12|batch_02|batch_04|batch_11|batch_09
zic008_aec7,20260920,3,27,8,35,batch_07|batch_03|batch_08,batch_05|batch_06|batch_14|batch_12|batch_02|batch_04|batch_11|batch_09
zic008_aec7,20260920,3,28,8,35,batch_07|batch_03|batch_01,batch_05|batch_06|batch_14|batch_12|batch_02|batch_04|batch_11|batch_09
zic008_aec7,20260920,3,29,8,35,batch_07|batch_03|batch_16,batch_05|batch_06|batch_14|batch_12|batch_02|batch_04|batch_11|batch_09
zic008_aec7,20260920,3,30,8,35,batch_07|batch_15|batch_08,batch_05|batch_06|batch_14|batch_12|batch_02|batch_04|batch_11|batch_09
zic008_aec7,20260920,3,31,8,35,batch_07|batch_15|batch_01,batch_05|batch_06|batch_14|batch_12|batch_02|batch_04|batch_11|batch_09
zic008_aec7,20260920,3,32,8,35,batch_07|batch_15|batch_16,batch_05|batch_06|batch_14|batch_12|batch_02|batch_04|batch_11|batch_09
zic008_aec7,20260920,3,33,8,35,batch_07|batch_08|batch_01,batch_05|batch_06|batch_14|batch_12|batch_02|batch_04|batch_11|batch_09
zic008_aec7,20260920,3,34,8,35,batch_07|batch_08|batch_16,batch_05|batch_06|batch_14|batch_12|batch_02|batch_04|batch_11|batch_09
zic008_aec7,20260920,3,35,8,35,batch_07|batch_01|batch_16,batch_05|batch_06|batch_14|batch_12|batch_02|batch_04|batch_11|batch_09
zic008_aec7,20260920,3,36,8,35,batch_10|batch_03|batch_15,batch_05|batch_06|batch_14|batch_12|batch_02|batch_04|batch_11|batch_09
zic008_aec7,20260920,3,37,8,35,batch_10|batch_03|batch_08,batch_05|batch_06|batch_14|batch_12|batch_02|batch_04|batch_11|batch_09
zic008_aec7,20260920,3,38,8,35,batch_10|batch_03|batch_01,batch_05|batch_06|batch_14|batch_12|batch_02|batch_04|batch_11|batch_09
zic008_aec7,20260920,3,39,8,35,batch_10|batch_03|batch_16,batch_05|batch_06|batch_14|batch_12|batch_02|batch_04|batch_11|batch_09
zic008_aec7,20260920,3,40,8,35,batch_10|batch_15|batch_08,batch_05|batch_06|batch_14|batch_12|batch_02|batch_04|batch_11|batch_09
zic008_aec7,20260920,3,41,8,35,batch_10|batch_15|batch_01,batch_05|batch_06|batch_14|batch_12|batch_02|batch_04|batch_11|batch_09
zic008_aec7,20260920,3,42,8,35,batch_10|batch_15|batch_16,batch_05|batch_06|batch_14|batch_12|batch_02|batch_04|batch_11|batch_09
zic008_aec7,20260920,3,43,8,35,batch_10|batch_08|batch_01,batch_05|batch_06|batch_14|batch_12|batch_02|batch_04|batch_11|batch_09
zic008_aec7,20260920,3,44,8,35,batch_10|batch_08|batch_16,batch_05|batch_06|batch_14|batch_12|batch_02|batch_04|batch_11|batch_09
zic008_aec7,20260920,3,45,8,35,batch_10|batch_01|batch_16,batch_05|batch_06|batch_14|batch_12|batch_02|batch_04|batch_11|batch_09
zic008_aec7,20260920,3,46,8,35,batch_03|batch_15|batch_08,batch_05|batch_06|batch_14|batch_12|batch_02|batch_04|batch_11|batch_09
zic008_aec7,20260920,3,47,8,35,batch_03|batch_15|batch_01,batch_05|batch_06|batch_14|batch_12|batch_02|batch_04|batch_11|batch_09
zic008_aec7,20260920,3,48,8,35,batch_03|batch_15|batch_16,batch_05|batch_06|batch_14|batch_12|batch_02|batch_04|batch_11|batch_09
zic008_aec7,20260920,3,49,8,35,batch_03|batch_08|batch_01,batch_05|batch_06|batch_14|batch_12|batch_02|batch_04|batch_11|batch_09
zic008_aec7,20260920,3,50,8,35,batch_03|batch_08|batch_16,batch_05|batch_06|batch_14|batch_12|batch_02|batch_04|batch_11|batch_09
zic008_aec7,20260920,3,51,8,35,batch_03|batch_01|batch_16,batch_05|batch_06|batch_14|batch_12|batch_02|batch_04|batch_11|batch_09
zic008_aec7,20260920,3,52,8,35,batch_15|batch_08|batch_01,batch_05|batch_06|batch_14|batch_12|batch_02|batch_04|batch_11|batch_09
zic008_aec7,20260920,3,53,8,35,batch_15|batch_08|batch_16,batch_05|batch_06|batch_14|batch_12|batch_02|batch_04|batch_11|batch_09
zic008_aec7,20260920,3,54,8,35,batch_15|batch_01|batch_16,batch_05|batch_06|batch_14|batch_12|batch_02|batch_04|batch_11|batch_09
zic008_aec7,20260920,3,55,8,35,batch_08|batch_01|batch_16,batch_05|batch_06|batch_14|batch_12|batch_02|batch_04|batch_11|batch_09
zic008_aec7,20260920,4,0,8,35,batch_13|batch_07|batch_10|batch_03,batch_05|batch_06|batch_14|batch_12|batch_02|batch_04|batch_11|batch_09
zic008_aec7,20260920,4,1,8,35,batch_13|batch_07|batch_10|batch_15,batch_05|batch_06|batch_14|batch_12|batch_02|batch_04|batch_11|batch_09
zic008_aec7,20260920,4,2,8,35,batch_13|batch_07|batch_10|batch_08,batch_05|batch_06|batch_14|batch_12|batch_02|batch_04|batch_11|batch_09
zic008_aec7,20260920,4,3,8,35,batch_13|batch_07|batch_10|batch_01,batch_05|batch_06|batch_14|batch_12|batch_02|batch_04|batch_11|batch_09
zic008_aec7,20260920,4,4,8,35,batch_13|batch_07|batch_10|batch_16,batch_05|batch_06|batch_14|batch_12|batch_02|batch_04|batch_11|batch_09
zic008_aec7,20260920,4,5,8,35,batch_13|batch_07|batch_03|batch_15,batch_05|batch_06|batch_14|batch_12|batch_02|batch_04|batch_11|batch_09
zic008_aec7,20260920,4,6,8,35,batch_13|batch_07|batch_03|batch_08,batch_05|batch_06|batch_14|batch_12|batch_02|batch_04|batch_11|batch_09
zic008_aec7,20260920,4,7,8,35,batch_13|batch_07|batch_03|batch_01,batch_05|batch_06|batch_14|batch_12|batch_02|batch_04|batch_11|batch_09
zic008_aec7,20260920,4,8,8,35,batch_13|batch_07|batch_03|batch_16,batch_05|batch_06|batch_14|batch_12|batch_02|batch_04|batch_11|batch_09
zic008_aec7,20260920,4,9,8,35,batch_13|batch_07|batch_15|batch_08,batch_05|batch_06|batch_14|batch_12|batch_02|batch_04|batch_11|batch_09
zic008_aec7,20260920,4,10,8,35,batch_13|batch_07|batch_15|batch_01,batch_05|batch_06|batch_14|batch_12|batch_02|batch_04|batch_11|batch_09
zic008_aec7,20260920,4,11,8,35,batch_13|batch_07|batch_15|batch_16,batch_05|batch_06|batch_14|batch_12|batch_02|batch_04|batch_11|batch_09
zic008_aec7,20260920,4,12,8,35,batch_13|batch_07|batch_08|batch_01,batch_05|batch_06|batch_14|batch_12|batch_02|batch_04|batch_11|batch_09
zic008_aec7,20260920,4,13,8,35,batch_13|batch_07|batch_08|batch_16,batch_05|batch_06|batch_14|batch_12|batch_02|batch_04|batch_11|batch_09
zic008_aec7,20260920,4,14,8,35,batch_13|batch_07|batch_01|batch_16,batch_05|batch_06|batch_14|batch_12|batch_02|batch_04|batch_11|batch_09
zic008_aec7,20260920,4,15,8,35,batch_13|batch_10|batch_03|batch_15,batch_05|batch_06|batch_14|batch_12|batch_02|batch_04|batch_11|batch_09
zic008_aec7,20260920,4,16,8,35,batch_13|batch_10|batch_03|batch_08,batch_05|batch_06|batch_14|batch_12|batch_02|batch_04|batch_11|batch_09
zic008_aec7,20260920,4,17,8,35,batch_13|batch_10|batch_03|batch_01,batch_05|batch_06|batch_14|batch_12|batch_02|batch_04|batch_11|batch_09
zic008_aec7,20260920,4,18,8,35,batch_13|batch_10|batch_03|batch_16,batch_05|batch_06|batch_14|batch_12|batch_02|batch_04|batch_11|batch_09
zic008_aec7,20260920,4,19,8,35,batch_13|batch_10|batch_15|batch_08,batch_05|batch_06|batch_14|batch_12|batch_02|batch_04|batch_11|batch_09
zic008_aec7,20260920,4,20,8,35,batch_13|batch_10|batch_15|batch_01,batch_05|batch_06|batch_14|batch_12|batch_02|batch_04|batch_11|batch_09
zic008_aec7,20260920,4,21,8,35,batch_13|batch_10|batch_15|batch_16,batch_05|batch_06|batch_14|batch_12|batch_02|batch_04|batch_11|batch_09
zic008_aec7,20260920,4,22,8,35,batch_13|batch_10|batch_08|batch_01,batch_05|batch_06|batch_14|batch_12|batch_02|batch_04|batch_11|batch_09
zic008_aec7,20260920,4,23,8,35,batch_13|batch_10|batch_08|batch_16,batch_05|batch_06|batch_14|batch_12|batch_02|batch_04|batch_11|batch_09
zic008_aec7,20260920,4,24,8,35,batch_13|batch_10|batch_01|batch_16,batch_05|batch_06|batch_14|batch_12|batch_02|batch_04|batch_11|batch_09
zic008_aec7,20260920,4,25,8,35,batch_13|batch_03|batch_15|batch_08,batch_05|batch_06|batch_14|batch_12|batch_02|batch_04|batch_11|batch_09
zic008_aec7,20260920,4,26,8,35,batch_13|batch_03|batch_15|batch_01,batch_05|batch_06|batch_14|batch_12|batch_02|batch_04|batch_11|batch_09
zic008_aec7,20260920,4,27,8,35,batch_13|batch_03|batch_15|batch_16,batch_05|batch_06|batch_14|batch_12|batch_02|batch_04|batch_11|batch_09
zic008_aec7,20260920,4,28,8,35,batch_13|batch_03|batch_08|batch_01,batch_05|batch_06|batch_14|batch_12|batch_02|batch_04|batch_11|batch_09
zic008_aec7,20260920,4,29,8,35,batch_13|batch_03|batch_08|batch_16,batch_05|batch_06|batch_14|batch_12|batch_02|batch_04|batch_11|batch_09
zic008_aec7,20260920,4,30,8,35,batch_13|batch_03|batch_01|batch_16,batch_05|batch_06|batch_14|batch_12|batch_02|batch_04|batch_11|batch_09
zic008_aec7,20260920,4,31,8,35,batch_13|batch_15|batch_08|batch_01,batch_05|batch_06|batch_14|batch_12|batch_02|batch_04|batch_11|batch_09
zic008_aec7,20260920,4,32,8,35,batch_13|batch_15|batch_08|batch_16,batch_05|batch_06|batch_14|batch_12|batch_02|batch_04|batch_11|batch_09
zic008_aec7,20260920,4,33,8,35,batch_13|batch_15|batch_01|batch_16,batch_05|batch_06|batch_14|batch_12|batch_02|batch_04|batch_11|batch_09
zic008_aec7,20260920,4,34,8,35,batch_13|batch_08|batch_01|batch_16,batch_05|batch_06|batch_14|batch_12|batch_02|batch_04|batch_11|batch_09
zic008_aec7,20260920,4,35,8,35,batch_07|batch_10|batch_03|batch_15,batch_05|batch_06|batch_14|batch_12|batch_02|batch_04|batch_11|batch_09
zic008_aec7,20260920,4,36,8,35,batch_07|batch_10|batch_03|batch_08,batch_05|batch_06|batch_14|batch_12|batch_02|batch_04|batch_11|batch_09
zic008_aec7,20260920,4,37,8,35,batch_07|batch_10|batch_03|batch_01,batch_05|batch_06|batch_14|batch_12|batch_02|batch_04|batch_11|batch_09
zic008_aec7,20260920,4,38,8,35,batch_07|batch_10|batch_03|batch_16,batch_05|batch_06|batch_14|batch_12|batch_02|batch_04|batch_11|batch_09
zic008_aec7,20260920,4,39,8,35,batch_07|batch_10|batch_15|batch_08,batch_05|batch_06|batch_14|batch_12|batch_02|batch_04|batch_11|batch_09
zic008_aec7,20260920,4,40,8,35,batch_07|batch_10|batch_15|batch_01,batch_05|batch_06|batch_14|batch_12|batch_02|batch_04|batch_11|batch_09
zic008_aec7,20260920,4,41,8,35,batch_07|batch_10|batch_15|batch_16,batch_05|batch_06|batch_14|batch_12|batch_02|batch_04|batch_11|batch_09
zic008_aec7,20260920,4,42,8,35,batch_07|batch_10|batch_08|batch_01,batch_05|batch_06|batch_14|batch_12|batch_02|batch_04|batch_11|batch_09
zic008_aec7,20260920,4,43,8,35,batch_07|batch_10|batch_08|batch_16,batch_05|batch_06|batch_14|batch_12|batch_02|batch_04|batch_11|batch_09
zic008_aec7,20260920,4,44,8,35,batch_07|batch_10|batch_01|batch_16,batch_05|batch_06|batch_14|batch_12|batch_02|batch_04|batch_11|batch_09
zic008_aec7,20260920,4,45,8,35,batch_07|batch_03|batch_15|batch_08,batch_05|batch_06|batch_14|batch_12|batch_02|batch_04|batch_11|batch_09
zic008_aec7,20260920,4,46,8,35,batch_07|batch_03|batch_15|batch_01,batch_05|batch_06|batch_14|batch_12|batch_02|batch_04|batch_11|batch_09
zic008_aec7,20260920,4,47,8,35,batch_07|batch_03|batch_15|batch_16,batch_05|batch_06|batch_14|batch_12|batch_02|batch_04|batch_11|batch_09
zic008_aec7,20260920,4,48,8,35,batch_07|batch_03|batch_08|batch_01,batch_05|batch_06|batch_14|batch_12|batch_02|batch_04|batch_11|batch_09
zic008_aec7,20260920,4,49,8,35,batch_07|batch_03|batch_08|batch_16,batch_05|batch_06|batch_14|batch_12|batch_02|batch_04|batch_11|batch_09
zic008_aec7,20260920,4,50,8,35,batch_07|batch_03|batch_01|batch_16,batch_05|batch_06|batch_14|batch_12|batch_02|batch_04|batch_11|batch_09
zic008_aec7,20260920,4,51,8,35,batch_07|batch_15|batch_08|batch_01,batch_05|batch_06|batch_14|batch_12|batch_02|batch_04|batch_11|batch_09
zic008_aec7,20260920,4,52,8,35,batch_07|batch_15|batch_08|batch_16,batch_05|batch_06|batch_14|batch_12|batch_02|batch_04|batch_11|batch_09
zic008_aec7,20260920,4,53,8,35,batch_07|batch_15|batch_01|batch_16,batch_05|batch_06|batch_14|batch_12|batch_02|batch_04|batch_11|batch_09
zic008_aec7,20260920,4,54,8,35,batch_07|batch_08|batch_01|batch_16,batch_05|batch_06|batch_14|batch_12|batch_02|batch_04|batch_11|batch_09
zic008_aec7,20260920,4,55,8,35,batch_10|batch_03|batch_15|batch_08,batch_05|batch_06|batch_14|batch_12|batch_02|batch_04|batch_11|batch_09
zic008_aec7,20260920,4,56,8,35,batch_10|batch_03|batch_15|batch_01,batch_05|batch_06|batch_14|batch_12|batch_02|batch_04|batch_11|batch_09
zic008_aec7,20260920,4,57,8,35,batch_10|batch_03|batch_15|batch_16,batch_05|batch_06|batch_14|batch_12|batch_02|batch_04|batch_11|batch_09
zic008_aec7,20260920,4,58,8,35,batch_10|batch_03|batch_08|batch_01,batch_05|batch_06|batch_14|batch_12|batch_02|batch_04|batch_11|batch_09
zic008_aec7,20260920,4,59,8,35,batch_10|batch_03|batch_08|batch_16,batch_05|batch_06|batch_14|batch_12|batch_02|batch_04|batch_11|batch_09
zic008_aec7,20260920,4,60,8,35,batch_10|batch_03|batch_01|batch_16,batch_05|batch_06|batch_14|batch_12|batch_02|batch_04|batch_11|batch_09
zic008_aec7,20260920,4,61,8,35,batch_10|batch_15|batch_08|batch_01,batch_05|batch_06|batch_14|batch_12|batch_02|batch_04|batch_11|batch_09
zic008_aec7,20260920,4,62,8,35,batch_10|batch_15|batch_08|batch_16,batch_05|batch_06|batch_14|batch_12|batch_02|batch_04|batch_11|batch_09
zic008_aec7,20260920,4,63,8,35,batch_10|batch_15|batch_01|batch_16,batch_05|batch_06|batch_14|batch_12|batch_02|batch_04|batch_11|batch_09
zic008_aec7,20260920,4,64,8,35,batch_10|batch_08|batch_01|batch_16,batch_05|batch_06|batch_14|batch_12|batch_02|batch_04|batch_11|batch_09
zic008_aec7,20260920,4,65,8,35,batch_03|batch_15|batch_08|batch_01,batch_05|batch_06|batch_14|batch_12|batch_02|batch_04|batch_11|batch_09
zic008_aec7,20260920,4,66,8,35,batch_03|batch_15|batch_08|batch_16,batch_05|batch_06|batch_14|batch_12|batch_02|batch_04|batch_11|batch_09
zic008_aec7,20260920,4,67,8,35,batch_03|batch_15|batch_01|batch_16,batch_05|batch_06|batch_14|batch_12|batch_02|batch_04|batch_11|batch_09
zic008_aec7,20260920,4,68,8,35,batch_03|batch_08|batch_01|batch_16,batch_05|batch_06|batch_14|batch_12|batch_02|batch_04|batch_11|batch_09
zic008_aec7,20260920,4,69,8,35,batch_15|batch_08|batch_01|batch_16,batch_05|batch_06|batch_14|batch_12|batch_02|batch_04|batch_11|batch_09
zic008_aec7,20260920,5,0,8,35,batch_13|batch_07|batch_10|batch_03|batch_15,batch_05|batch_06|batch_14|batch_12|batch_02|batch_04|batch_11|batch_09
zic008_aec7,20260920,5,1,8,35,batch_13|batch_07|batch_10|batch_03|batch_08,batch_05|batch_06|batch_14|batch_12|batch_02|batch_04|batch_11|batch_09
zic008_aec7,20260920,5,2,8,35,batch_13|batch_07|batch_10|batch_03|batch_01,batch_05|batch_06|batch_14|batch_12|batch_02|batch_04|batch_11|batch_09
zic008_aec7,20260920,5,3,8,35,batch_13|batch_07|batch_10|batch_03|batch_16,batch_05|batch_06|batch_14|batch_12|batch_02|batch_04|batch_11|batch_09
zic008_aec7,20260920,5,4,8,35,batch_13|batch_07|batch_10|batch_15|batch_08,batch_05|batch_06|batch_14|batch_12|batch_02|batch_04|batch_11|batch_09
zic008_aec7,20260920,5,5,8,35,batch_13|batch_07|batch_10|batch_15|batch_01,batch_05|batch_06|batch_14|batch_12|batch_02|batch_04|batch_11|batch_09
zic008_aec7,20260920,5,6,8,35,batch_13|batch_07|batch_10|batch_15|batch_16,batch_05|batch_06|batch_14|batch_12|batch_02|batch_04|batch_11|batch_09
zic008_aec7,20260920,5,7,8,35,batch_13|batch_07|batch_10|batch_08|batch_01,batch_05|batch_06|batch_14|batch_12|batch_02|batch_04|batch_11|batch_09
zic008_aec7,20260920,5,8,8,35,batch_13|batch_07|batch_10|batch_08|batch_16,batch_05|batch_06|batch_14|batch_12|batch_02|batch_04|batch_11|batch_09
zic008_aec7,20260920,5,9,8,35,batch_13|batch_07|batch_10|batch_01|batch_16,batch_05|batch_06|batch_14|batch_12|batch_02|batch_04|batch_11|batch_09
zic008_aec7,20260920,5,10,8,35,batch_13|batch_07|batch_03|batch_15|batch_08,batch_05|batch_06|batch_14|batch_12|batch_02|batch_04|batch_11|batch_09
zic008_aec7,20260920,5,11,8,35,batch_13|batch_07|batch_03|batch_15|batch_01,batch_05|batch_06|batch_14|batch_12|batch_02|batch_04|batch_11|batch_09
zic008_aec7,20260920,5,12,8,35,batch_13|batch_07|batch_03|batch_15|batch_16,batch_05|batch_06|batch_14|batch_12|batch_02|batch_04|batch_11|batch_09
zic008_aec7,20260920,5,13,8,35,batch_13|batch_07|batch_03|batch_08|batch_01,batch_05|batch_06|batch_14|batch_12|batch_02|batch_04|batch_11|batch_09
zic008_aec7,20260920,5,14,8,35,batch_13|batch_07|batch_03|batch_08|batch_16,batch_05|batch_06|batch_14|batch_12|batch_02|batch_04|batch_11|batch_09
zic008_aec7,20260920,5,15,8,35,batch_13|batch_07|batch_03|batch_01|batch_16,batch_05|batch_06|batch_14|batch_12|batch_02|batch_04|batch_11|batch_09
zic008_aec7,20260920,5,16,8,35,batch_13|batch_07|batch_15|batch_08|batch_01,batch_05|batch_06|batch_14|batch_12|batch_02|batch_04|batch_11|batch_09
zic008_aec7,20260920,5,17,8,35,batch_13|batch_07|batch_15|batch_08|batch_16,batch_05|batch_06|batch_14|batch_12|batch_02|batch_04|batch_11|batch_09
zic008_aec7,20260920,5,18,8,35,batch_13|batch_07|batch_15|batch_01|batch_16,batch_05|batch_06|batch_14|batch_12|batch_02|batch_04|batch_11|batch_09
zic008_aec7,20260920,5,19,8,35,batch_13|batch_07|batch_08|batch_01|batch_16,batch_05|batch_06|batch_14|batch_12|batch_02|batch_04|batch_11|batch_09
zic008_aec7,20260920,5,20,8,35,batch_13|batch_10|batch_03|batch_15|batch_08,batch_05|batch_06|batch_14|batch_12|batch_02|batch_04|batch_11|batch_09
zic008_aec7,20260920,5,21,8,35,batch_13|batch_10|batch_03|batch_15|batch_01,batch_05|batch_06|batch_14|batch_12|batch_02|batch_04|batch_11|batch_09
zic008_aec7,20260920,5,22,8,35,batch_13|batch_10|batch_03|batch_15|batch_16,batch_05|batch_06|batch_14|batch_12|batch_02|batch_04|batch_11|batch_09
zic008_aec7,20260920,5,23,8,35,batch_13|batch_10|batch_03|batch_08|batch_01,batch_05|batch_06|batch_14|batch_12|batch_02|batch_04|batch_11|batch_09
zic008_aec7,20260920,5,24,8,35,batch_13|batch_10|batch_03|batch_08|batch_16,batch_05|batch_06|batch_14|batch_12|batch_02|batch_04|batch_11|batch_09
zic008_aec7,20260920,5,25,8,35,batch_13|batch_10|batch_03|batch_01|batch_16,batch_05|batch_06|batch_14|batch_12|batch_02|batch_04|batch_11|batch_09
zic008_aec7,20260920,5,26,8,35,batch_13|batch_10|batch_15|batch_08|batch_01,batch_05|batch_06|batch_14|batch_12|batch_02|batch_04|batch_11|batch_09
zic008_aec7,20260920,5,27,8,35,batch_13|batch_10|batch_15|batch_08|batch_16,batch_05|batch_06|batch_14|batch_12|batch_02|batch_04|batch_11|batch_09
zic008_aec7,20260920,5,28,8,35,batch_13|batch_10|batch_15|batch_01|batch_16,batch_05|batch_06|batch_14|batch_12|batch_02|batch_04|batch_11|batch_09
zic008_aec7,20260920,5,29,8,35,batch_13|batch_10|batch_08|batch_01|batch_16,batch_05|batch_06|batch_14|batch_12|batch_02|batch_04|batch_11|batch_09
zic008_aec7,20260920,5,30,8,35,batch_13|batch_03|batch_15|batch_08|batch_01,batch_05|batch_06|batch_14|batch_12|batch_02|batch_04|batch_11|batch_09
zic008_aec7,20260920,5,31,8,35,batch_13|batch_03|batch_15|batch_08|batch_16,batch_05|batch_06|batch_14|batch_12|batch_02|batch_04|batch_11|batch_09
zic008_aec7,20260920,5,32,8,35,batch_13|batch_03|batch_15|batch_01|batch_16,batch_05|batch_06|batch_14|batch_12|batch_02|batch_04|batch_11|batch_09
zic008_aec7,20260920,5,33,8,35,batch_13|batch_03|batch_08|batch_01|batch_16,batch_05|batch_06|batch_14|batch_12|batch_02|batch_04|batch_11|batch_09
zic008_aec7,20260920,5,34,8,35,batch_13|batch_15|batch_08|batch_01|batch_16,batch_05|batch_06|batch_14|batch_12|batch_02|batch_04|batch_11|batch_09
zic008_aec7,20260920,5,35,8,35,batch_07|batch_10|batch_03|batch_15|batch_08,batch_05|batch_06|batch_14|batch_12|batch_02|batch_04|batch_11|batch_09
zic008_aec7,20260920,5,36,8,35,batch_07|batch_10|batch_03|batch_15|batch_01,batch_05|batch_06|batch_14|batch_12|batch_02|batch_04|batch_11|batch_09
zic008_aec7,20260920,5,37,8,35,batch_07|batch_10|batch_03|batch_15|batch_16,batch_05|batch_06|batch_14|batch_12|batch_02|batch_04|batch_11|batch_09
zic008_aec7,20260920,5,38,8,35,batch_07|batch_10|batch_03|batch_08|batch_01,batch_05|batch_06|batch_14|batch_12|batch_02|batch_04|batch_11|batch_09
zic008_aec7,20260920,5,39,8,35,batch_07|batch_10|batch_03|batch_08|batch_16,batch_05|batch_06|batch_14|batch_12|batch_02|batch_04|batch_11|batch_09
zic008_aec7,20260920,5,40,8,35,batch_07|batch_10|batch_03|batch_01|batch_16,batch_05|batch_06|batch_14|batch_12|batch_02|batch_04|batch_11|batch_09
zic008_aec7,20260920,5,41,8,35,batch_07|batch_10|batch_15|batch_08|batch_01,batch_05|batch_06|batch_14|batch_12|batch_02|batch_04|batch_11|batch_09
zic008_aec7,20260920,5,42,8,35,batch_07|batch_10|batch_15|batch_08|batch_16,batch_05|batch_06|batch_14|batch_12|batch_02|batch_04|batch_11|batch_09
zic008_aec7,20260920,5,43,8,35,batch_07|batch_10|batch_15|batch_01|batch_16,batch_05|batch_06|batch_14|batch_12|batch_02|batch_04|batch_11|batch_09
zic008_aec7,20260920,5,44,8,35,batch_07|batch_10|batch_08|batch_01|batch_16,batch_05|batch_06|batch_14|batch_12|batch_02|batch_04|batch_11|batch_09
zic008_aec7,20260920,5,45,8,35,batch_07|batch_03|batch_15|batch_08|batch_01,batch_05|batch_06|batch_14|batch_12|batch_02|batch_04|batch_11|batch_09
zic008_aec7,20260920,5,46,8,35,batch_07|batch_03|batch_15|batch_08|batch_16,batch_05|batch_06|batch_14|batch_12|batch_02|batch_04|batch_11|batch_09
zic008_aec7,20260920,5,47,8,35,batch_07|batch_03|batch_15|batch_01|batch_16,batch_05|batch_06|batch_14|batch_12|batch_02|batch_04|batch_11|batch_09
zic008_aec7,20260920,5,48,8,35,batch_07|batch_03|batch_08|batch_01|batch_16,batch_05|batch_06|batch_14|batch_12|batch_02|batch_04|batch_11|batch_09
zic008_aec7,20260920,5,49,8,35,batch_07|batch_15|batch_08|batch_01|batch_16,batch_05|batch_06|batch_14|batch_12|batch_02|batch_04|batch_11|batch_09
zic008_aec7,20260920,5,50,8,35,batch_10|batch_03|batch_15|batch_08|batch_01,batch_05|batch_06|batch_14|batch_12|batch_02|batch_04|batch_11|batch_09
zic008_aec7,20260920,5,51,8,35,batch_10|batch_03|batch_15|batch_08|batch_16,batch_05|batch_06|batch_14|batch_12|batch_02|batch_04|batch_11|batch_09
zic008_aec7,20260920,5,52,8,35,batch_10|batch_03|batch_15|batch_01|batch_16,batch_05|batch_06|batch_14|batch_12|batch_02|batch_04|batch_11|batch_09
zic008_aec7,20260920,5,53,8,35,batch_10|batch_03|batch_08|batch_01|batch_16,batch_05|batch_06|batch_14|batch_12|batch_02|batch_04|batch_11|batch_09
zic008_aec7,20260920,5,54,8,35,batch_10|batch_15|batch_08|batch_01|batch_16,batch_05|batch_06|batch_14|batch_12|batch_02|batch_04|batch_11|batch_09
zic008_aec7,20260920,5,55,8,35,batch_03|batch_15|batch_08|batch_01|batch_16,batch_05|batch_06|batch_14|batch_12|batch_02|batch_04|batch_11|batch_09
zic008_aec7,20260920,6,0,8,35,batch_13|batch_07|batch_10|batch_03|batch_15|batch_08,batch_05|batch_06|batch_14|batch_12|batch_02|batch_04|batch_11|batch_09
zic008_aec7,20260920,6,1,8,35,batch_13|batch_07|batch_10|batch_03|batch_15|batch_01,batch_05|batch_06|batch_14|batch_12|batch_02|batch_04|batch_11|batch_09
zic008_aec7,20260920,6,2,8,35,batch_13|batch_07|batch_10|batch_03|batch_15|batch_16,batch_05|batch_06|batch_14|batch_12|batch_02|batch_04|batch_11|batch_09
zic008_aec7,20260920,6,3,8,35,batch_13|batch_07|batch_10|batch_03|batch_08|batch_01,batch_05|batch_06|batch_14|batch_12|batch_02|batch_04|batch_11|batch_09
zic008_aec7,20260920,6,4,8,35,batch_13|batch_07|batch_10|batch_03|batch_08|batch_16,batch_05|batch_06|batch_14|batch_12|batch_02|batch_04|batch_11|batch_09
zic008_aec7,20260920,6,5,8,35,batch_13|batch_07|batch_10|batch_03|batch_01|batch_16,batch_05|batch_06|batch_14|batch_12|batch_02|batch_04|batch_11|batch_09
zic008_aec7,20260920,6,6,8,35,batch_13|batch_07|batch_10|batch_15|batch_08|batch_01,batch_05|batch_06|batch_14|batch_12|batch_02|batch_04|batch_11|batch_09
zic008_aec7,20260920,6,7,8,35,batch_13|batch_07|batch_10|batch_15|batch_08|batch_16,batch_05|batch_06|batch_14|batch_12|batch_02|batch_04|batch_11|batch_09
zic008_aec7,20260920,6,8,8,35,batch_13|batch_07|batch_10|batch_15|batch_01|batch_16,batch_05|batch_06|batch_14|batch_12|batch_02|batch_04|batch_11|batch_09
zic008_aec7,20260920,6,9,8,35,batch_13|batch_07|batch_10|batch_08|batch_01|batch_16,batch_05|batch_06|batch_14|batch_12|batch_02|batch_04|batch_11|batch_09
zic008_aec7,20260920,6,10,8,35,batch_13|batch_07|batch_03|batch_15|batch_08|batch_01,batch_05|batch_06|batch_14|batch_12|batch_02|batch_04|batch_11|batch_09
zic008_aec7,20260920,6,11,8,35,batch_13|batch_07|batch_03|batch_15|batch_08|batch_16,batch_05|batch_06|batch_14|batch_12|batch_02|batch_04|batch_11|batch_09
zic008_aec7,20260920,6,12,8,35,batch_13|batch_07|batch_03|batch_15|batch_01|batch_16,batch_05|batch_06|batch_14|batch_12|batch_02|batch_04|batch_11|batch_09
zic008_aec7,20260920,6,13,8,35,batch_13|batch_07|batch_03|batch_08|batch_01|batch_16,batch_05|batch_06|batch_14|batch_12|batch_02|batch_04|batch_11|batch_09
zic008_aec7,20260920,6,14,8,35,batch_13|batch_07|batch_15|batch_08|batch_01|batch_16,batch_05|batch_06|batch_14|batch_12|batch_02|batch_04|batch_11|batch_09
zic008_aec7,20260920,6,15,8,35,batch_13|batch_10|batch_03|batch_15|batch_08|batch_01,batch_05|batch_06|batch_14|batch_12|batch_02|batch_04|batch_11|batch_09
zic008_aec7,20260920,6,16,8,35,batch_13|batch_10|batch_03|batch_15|batch_08|batch_16,batch_05|batch_06|batch_14|batch_12|batch_02|batch_04|batch_11|batch_09
zic008_aec7,20260920,6,17,8,35,batch_13|batch_10|batch_03|batch_15|batch_01|batch_16,batch_05|batch_06|batch_14|batch_12|batch_02|batch_04|batch_11|batch_09
zic008_aec7,20260920,6,18,8,35,batch_13|batch_10|batch_03|batch_08|batch_01|batch_16,batch_05|batch_06|batch_14|batch_12|batch_02|batch_04|batch_11|batch_09
zic008_aec7,20260920,6,19,8,35,batch_13|batch_10|batch_15|batch_08|batch_01|batch_16,batch_05|batch_06|batch_14|batch_12|batch_02|batch_04|batch_11|batch_09
zic008_aec7,20260920,6,20,8,35,batch_13|batch_03|batch_15|batch_08|batch_01|batch_16,batch_05|batch_06|batch_14|batch_12|batch_02|batch_04|batch_11|batch_09
zic008_aec7,20260920,6,21,8,35,batch_07|batch_10|batch_03|batch_15|batch_08|batch_01,batch_05|batch_06|batch_14|batch_12|batch_02|batch_04|batch_11|batch_09
zic008_aec7,20260920,6,22,8,35,batch_07|batch_10|batch_03|batch_15|batch_08|batch_16,batch_05|batch_06|batch_14|batch_12|batch_02|batch_04|batch_11|batch_09
zic008_aec7,20260920,6,23,8,35,batch_07|batch_10|batch_03|batch_15|batch_01|batch_16,batch_05|batch_06|batch_14|batch_12|batch_02|batch_04|batch_11|batch_09
zic008_aec7,20260920,6,24,8,35,batch_07|batch_10|batch_03|batch_08|batch_01|batch_16,batch_05|batch_06|batch_14|batch_12|batch_02|batch_04|batch_11|batch_09
zic008_aec7,20260920,6,25,8,35,batch_07|batch_10|batch_15|batch_08|batch_01|batch_16,batch_05|batch_06|batch_14|batch_12|batch_02|batch_04|batch_11|batch_09
zic008_aec7,20260920,6,26,8,35,batch_07|batch_03|batch_15|batch_08|batch_01|batch_16,batch_05|batch_06|batch_14|batch_12|batch_02|batch_04|batch_11|batch_09
zic008_aec7,20260920,6,27,8,35,batch_10|batch_03|batch_15|batch_08|batch_01|batch_16,batch_05|batch_06|batch_14|batch_12|batch_02|batch_04|batch_11|batch_09
zic008_aec7,20260920,7,0,8,35,batch_13|batch_07|batch_10|batch_03|batch_15|batch_08|batch_01,batch_05|batch_06|batch_14|batch_12|batch_02|batch_04|batch_11|batch_09
zic008_aec7,20260920,7,1,8,35,batch_13|batch_07|batch_10|batch_03|batch_15|batch_08|batch_16,batch_05|batch_06|batch_14|batch_12|batch_02|batch_04|batch_11|batch_09
zic008_aec7,20260920,7,2,8,35,batch_13|batch_07|batch_10|batch_03|batch_15|batch_01|batch_16,batch_05|batch_06|batch_14|batch_12|batch_02|batch_04|batch_11|batch_09
zic008_aec7,20260920,7,3,8,35,batch_13|batch_07|batch_10|batch_03|batch_08|batch_01|batch_16,batch_05|batch_06|batch_14|batch_12|batch_02|batch_04|batch_11|batch_09
zic008_aec7,20260920,7,4,8,35,batch_13|batch_07|batch_10|batch_15|batch_08|batch_01|batch_16,batch_05|batch_06|batch_14|batch_12|batch_02|batch_04|batch_11|batch_09
zic008_aec7,20260920,7,5,8,35,batch_13|batch_07|batch_03|batch_15|batch_08|batch_01|batch_16,batch_05|batch_06|batch_14|batch_12|batch_02|batch_04|batch_11|batch_09
zic008_aec7,20260920,7,6,8,35,batch_13|batch_10|batch_03|batch_15|batch_08|batch_01|batch_16,batch_05|batch_06|batch_14|batch_12|batch_02|batch_04|batch_11|batch_09
zic008_aec7,20260920,7,7,8,35,batch_07|batch_10|batch_03|batch_15|batch_08|batch_01|batch_16,batch_05|batch_06|batch_14|batch_12|batch_02|batch_04|batch_11|batch_09
zic008_aec7,20260920,8,0,8,35,batch_13|batch_07|batch_10|batch_03|batch_15|batch_08|batch_01|batch_16,batch_05|batch_06|batch_14|batch_12|batch_02|batch_04|batch_11|batch_09
zic008_aec7,20260921,1,0,8,35,batch_03,batch_02|batch_15|batch_09|batch_05|batch_14|batch_16|batch_12|batch_08
zic008_aec7,20260921,1,1,8,35,batch_01,batch_02|batch_15|batch_09|batch_05|batch_14|batch_16|batch_12|batch_08
zic008_aec7,20260921,1,2,8,35,batch_06,batch_02|batch_15|batch_09|batch_05|batch_14|batch_16|batch_12|batch_08
zic008_aec7,20260921,1,3,8,35,batch_13,batch_02|batch_15|batch_09|batch_05|batch_14|batch_16|batch_12|batch_08
zic008_aec7,20260921,1,4,8,35,batch_10,batch_02|batch_15|batch_09|batch_05|batch_14|batch_16|batch_12|batch_08
zic008_aec7,20260921,1,5,8,35,batch_07,batch_02|batch_15|batch_09|batch_05|batch_14|batch_16|batch_12|batch_08
zic008_aec7,20260921,1,6,8,35,batch_04,batch_02|batch_15|batch_09|batch_05|batch_14|batch_16|batch_12|batch_08
zic008_aec7,20260921,1,7,8,35,batch_11,batch_02|batch_15|batch_09|batch_05|batch_14|batch_16|batch_12|batch_08
zic008_aec7,20260921,2,0,8,35,batch_03|batch_01,batch_02|batch_15|batch_09|batch_05|batch_14|batch_16|batch_12|batch_08
zic008_aec7,20260921,2,1,8,35,batch_03|batch_06,batch_02|batch_15|batch_09|batch_05|batch_14|batch_16|batch_12|batch_08
zic008_aec7,20260921,2,2,8,35,batch_03|batch_13,batch_02|batch_15|batch_09|batch_05|batch_14|batch_16|batch_12|batch_08
zic008_aec7,20260921,2,3,8,35,batch_03|batch_10,batch_02|batch_15|batch_09|batch_05|batch_14|batch_16|batch_12|batch_08
zic008_aec7,20260921,2,4,8,35,batch_03|batch_07,batch_02|batch_15|batch_09|batch_05|batch_14|batch_16|batch_12|batch_08
zic008_aec7,20260921,2,5,8,35,batch_03|batch_04,batch_02|batch_15|batch_09|batch_05|batch_14|batch_16|batch_12|batch_08
zic008_aec7,20260921,2,6,8,35,batch_03|batch_11,batch_02|batch_15|batch_09|batch_05|batch_14|batch_16|batch_12|batch_08
zic008_aec7,20260921,2,7,8,35,batch_01|batch_06,batch_02|batch_15|batch_09|batch_05|batch_14|batch_16|batch_12|batch_08
zic008_aec7,20260921,2,8,8,35,batch_01|batch_13,batch_02|batch_15|batch_09|batch_05|batch_14|batch_16|batch_12|batch_08
zic008_aec7,20260921,2,9,8,35,batch_01|batch_10,batch_02|batch_15|batch_09|batch_05|batch_14|batch_16|batch_12|batch_08
zic008_aec7,20260921,2,10,8,35,batch_01|batch_07,batch_02|batch_15|batch_09|batch_05|batch_14|batch_16|batch_12|batch_08
zic008_aec7,20260921,2,11,8,35,batch_01|batch_04,batch_02|batch_15|batch_09|batch_05|batch_14|batch_16|batch_12|batch_08
zic008_aec7,20260921,2,12,8,35,batch_01|batch_11,batch_02|batch_15|batch_09|batch_05|batch_14|batch_16|batch_12|batch_08
zic008_aec7,20260921,2,13,8,35,batch_06|batch_13,batch_02|batch_15|batch_09|batch_05|batch_14|batch_16|batch_12|batch_08
zic008_aec7,20260921,2,14,8,35,batch_06|batch_10,batch_02|batch_15|batch_09|batch_05|batch_14|batch_16|batch_12|batch_08
zic008_aec7,20260921,2,15,8,35,batch_06|batch_07,batch_02|batch_15|batch_09|batch_05|batch_14|batch_16|batch_12|batch_08
zic008_aec7,20260921,2,16,8,35,batch_06|batch_04,batch_02|batch_15|batch_09|batch_05|batch_14|batch_16|batch_12|batch_08
zic008_aec7,20260921,2,17,8,35,batch_06|batch_11,batch_02|batch_15|batch_09|batch_05|batch_14|batch_16|batch_12|batch_08
zic008_aec7,20260921,2,18,8,35,batch_13|batch_10,batch_02|batch_15|batch_09|batch_05|batch_14|batch_16|batch_12|batch_08
zic008_aec7,20260921,2,19,8,35,batch_13|batch_07,batch_02|batch_15|batch_09|batch_05|batch_14|batch_16|batch_12|batch_08
zic008_aec7,20260921,2,20,8,35,batch_13|batch_04,batch_02|batch_15|batch_09|batch_05|batch_14|batch_16|batch_12|batch_08
zic008_aec7,20260921,2,21,8,35,batch_13|batch_11,batch_02|batch_15|batch_09|batch_05|batch_14|batch_16|batch_12|batch_08
zic008_aec7,20260921,2,22,8,35,batch_10|batch_07,batch_02|batch_15|batch_09|batch_05|batch_14|batch_16|batch_12|batch_08
zic008_aec7,20260921,2,23,8,35,batch_10|batch_04,batch_02|batch_15|batch_09|batch_05|batch_14|batch_16|batch_12|batch_08
zic008_aec7,20260921,2,24,8,35,batch_10|batch_11,batch_02|batch_15|batch_09|batch_05|batch_14|batch_16|batch_12|batch_08
zic008_aec7,20260921,2,25,8,35,batch_07|batch_04,batch_02|batch_15|batch_09|batch_05|batch_14|batch_16|batch_12|batch_08
zic008_aec7,20260921,2,26,8,35,batch_07|batch_11,batch_02|batch_15|batch_09|batch_05|batch_14|batch_16|batch_12|batch_08
zic008_aec7,20260921,2,27,8,35,batch_04|batch_11,batch_02|batch_15|batch_09|batch_05|batch_14|batch_16|batch_12|batch_08
zic008_aec7,20260921,3,0,8,35,batch_03|batch_01|batch_06,batch_02|batch_15|batch_09|batch_05|batch_14|batch_16|batch_12|batch_08
zic008_aec7,20260921,3,1,8,35,batch_03|batch_01|batch_13,batch_02|batch_15|batch_09|batch_05|batch_14|batch_16|batch_12|batch_08
zic008_aec7,20260921,3,2,8,35,batch_03|batch_01|batch_10,batch_02|batch_15|batch_09|batch_05|batch_14|batch_16|batch_12|batch_08
zic008_aec7,20260921,3,3,8,35,batch_03|batch_01|batch_07,batch_02|batch_15|batch_09|batch_05|batch_14|batch_16|batch_12|batch_08
zic008_aec7,20260921,3,4,8,35,batch_03|batch_01|batch_04,batch_02|batch_15|batch_09|batch_05|batch_14|batch_16|batch_12|batch_08
zic008_aec7,20260921,3,5,8,35,batch_03|batch_01|batch_11,batch_02|batch_15|batch_09|batch_05|batch_14|batch_16|batch_12|batch_08
zic008_aec7,20260921,3,6,8,35,batch_03|batch_06|batch_13,batch_02|batch_15|batch_09|batch_05|batch_14|batch_16|batch_12|batch_08
zic008_aec7,20260921,3,7,8,35,batch_03|batch_06|batch_10,batch_02|batch_15|batch_09|batch_05|batch_14|batch_16|batch_12|batch_08
zic008_aec7,20260921,3,8,8,35,batch_03|batch_06|batch_07,batch_02|batch_15|batch_09|batch_05|batch_14|batch_16|batch_12|batch_08
zic008_aec7,20260921,3,9,8,35,batch_03|batch_06|batch_04,batch_02|batch_15|batch_09|batch_05|batch_14|batch_16|batch_12|batch_08
zic008_aec7,20260921,3,10,8,35,batch_03|batch_06|batch_11,batch_02|batch_15|batch_09|batch_05|batch_14|batch_16|batch_12|batch_08
zic008_aec7,20260921,3,11,8,35,batch_03|batch_13|batch_10,batch_02|batch_15|batch_09|batch_05|batch_14|batch_16|batch_12|batch_08
zic008_aec7,20260921,3,12,8,35,batch_03|batch_13|batch_07,batch_02|batch_15|batch_09|batch_05|batch_14|batch_16|batch_12|batch_08
zic008_aec7,20260921,3,13,8,35,batch_03|batch_13|batch_04,batch_02|batch_15|batch_09|batch_05|batch_14|batch_16|batch_12|batch_08
zic008_aec7,20260921,3,14,8,35,batch_03|batch_13|batch_11,batch_02|batch_15|batch_09|batch_05|batch_14|batch_16|batch_12|batch_08
zic008_aec7,20260921,3,15,8,35,batch_03|batch_10|batch_07,batch_02|batch_15|batch_09|batch_05|batch_14|batch_16|batch_12|batch_08
zic008_aec7,20260921,3,16,8,35,batch_03|batch_10|batch_04,batch_02|batch_15|batch_09|batch_05|batch_14|batch_16|batch_12|batch_08
zic008_aec7,20260921,3,17,8,35,batch_03|batch_10|batch_11,batch_02|batch_15|batch_09|batch_05|batch_14|batch_16|batch_12|batch_08
zic008_aec7,20260921,3,18,8,35,batch_03|batch_07|batch_04,batch_02|batch_15|batch_09|batch_05|batch_14|batch_16|batch_12|batch_08
zic008_aec7,20260921,3,19,8,35,batch_03|batch_07|batch_11,batch_02|batch_15|batch_09|batch_05|batch_14|batch_16|batch_12|batch_08
zic008_aec7,20260921,3,20,8,35,batch_03|batch_04|batch_11,batch_02|batch_15|batch_09|batch_05|batch_14|batch_16|batch_12|batch_08
zic008_aec7,20260921,3,21,8,35,batch_01|batch_06|batch_13,batch_02|batch_15|batch_09|batch_05|batch_14|batch_16|batch_12|batch_08
zic008_aec7,20260921,3,22,8,35,batch_01|batch_06|batch_10,batch_02|batch_15|batch_09|batch_05|batch_14|batch_16|batch_12|batch_08
zic008_aec7,20260921,3,23,8,35,batch_01|batch_06|batch_07,batch_02|batch_15|batch_09|batch_05|batch_14|batch_16|batch_12|batch_08
zic008_aec7,20260921,3,24,8,35,batch_01|batch_06|batch_04,batch_02|batch_15|batch_09|batch_05|batch_14|batch_16|batch_12|batch_08
zic008_aec7,20260921,3,25,8,35,batch_01|batch_06|batch_11,batch_02|batch_15|batch_09|batch_05|batch_14|batch_16|batch_12|batch_08
zic008_aec7,20260921,3,26,8,35,batch_01|batch_13|batch_10,batch_02|batch_15|batch_09|batch_05|batch_14|batch_16|batch_12|batch_08
zic008_aec7,20260921,3,27,8,35,batch_01|batch_13|batch_07,batch_02|batch_15|batch_09|batch_05|batch_14|batch_16|batch_12|batch_08
zic008_aec7,20260921,3,28,8,35,batch_01|batch_13|batch_04,batch_02|batch_15|batch_09|batch_05|batch_14|batch_16|batch_12|batch_08
zic008_aec7,20260921,3,29,8,35,batch_01|batch_13|batch_11,batch_02|batch_15|batch_09|batch_05|batch_14|batch_16|batch_12|batch_08
zic008_aec7,20260921,3,30,8,35,batch_01|batch_10|batch_07,batch_02|batch_15|batch_09|batch_05|batch_14|batch_16|batch_12|batch_08
zic008_aec7,20260921,3,31,8,35,batch_01|batch_10|batch_04,batch_02|batch_15|batch_09|batch_05|batch_14|batch_16|batch_12|batch_08
zic008_aec7,20260921,3,32,8,35,batch_01|batch_10|batch_11,batch_02|batch_15|batch_09|batch_05|batch_14|batch_16|batch_12|batch_08
zic008_aec7,20260921,3,33,8,35,batch_01|batch_07|batch_04,batch_02|batch_15|batch_09|batch_05|batch_14|batch_16|batch_12|batch_08
zic008_aec7,20260921,3,34,8,35,batch_01|batch_07|batch_11,batch_02|batch_15|batch_09|batch_05|batch_14|batch_16|batch_12|batch_08
zic008_aec7,20260921,3,35,8,35,batch_01|batch_04|batch_11,batch_02|batch_15|batch_09|batch_05|batch_14|batch_16|batch_12|batch_08
zic008_aec7,20260921,3,36,8,35,batch_06|batch_13|batch_10,batch_02|batch_15|batch_09|batch_05|batch_14|batch_16|batch_12|batch_08
zic008_aec7,20260921,3,37,8,35,batch_06|batch_13|batch_07,batch_02|batch_15|batch_09|batch_05|batch_14|batch_16|batch_12|batch_08
zic008_aec7,20260921,3,38,8,35,batch_06|batch_13|batch_04,batch_02|batch_15|batch_09|batch_05|batch_14|batch_16|batch_12|batch_08
zic008_aec7,20260921,3,39,8,35,batch_06|batch_13|batch_11,batch_02|batch_15|batch_09|batch_05|batch_14|batch_16|batch_12|batch_08
zic008_aec7,20260921,3,40,8,35,batch_06|batch_10|batch_07,batch_02|batch_15|batch_09|batch_05|batch_14|batch_16|batch_12|batch_08
zic008_aec7,20260921,3,41,8,35,batch_06|batch_10|batch_04,batch_02|batch_15|batch_09|batch_05|batch_14|batch_16|batch_12|batch_08
zic008_aec7,20260921,3,42,8,35,batch_06|batch_10|batch_11,batch_02|batch_15|batch_09|batch_05|batch_14|batch_16|batch_12|batch_08
zic008_aec7,20260921,3,43,8,35,batch_06|batch_07|batch_04,batch_02|batch_15|batch_09|batch_05|batch_14|batch_16|batch_12|batch_08
zic008_aec7,20260921,3,44,8,35,batch_06|batch_07|batch_11,batch_02|batch_15|batch_09|batch_05|batch_14|batch_16|batch_12|batch_08
zic008_aec7,20260921,3,45,8,35,batch_06|batch_04|batch_11,batch_02|batch_15|batch_09|batch_05|batch_14|batch_16|batch_12|batch_08
zic008_aec7,20260921,3,46,8,35,batch_13|batch_10|batch_07,batch_02|batch_15|batch_09|batch_05|batch_14|batch_16|batch_12|batch_08
zic008_aec7,20260921,3,47,8,35,batch_13|batch_10|batch_04,batch_02|batch_15|batch_09|batch_05|batch_14|batch_16|batch_12|batch_08
zic008_aec7,20260921,3,48,8,35,batch_13|batch_10|batch_11,batch_02|batch_15|batch_09|batch_05|batch_14|batch_16|batch_12|batch_08
zic008_aec7,20260921,3,49,8,35,batch_13|batch_07|batch_04,batch_02|batch_15|batch_09|batch_05|batch_14|batch_16|batch_12|batch_08
zic008_aec7,20260921,3,50,8,35,batch_13|batch_07|batch_11,batch_02|batch_15|batch_09|batch_05|batch_14|batch_16|batch_12|batch_08
zic008_aec7,20260921,3,51,8,35,batch_13|batch_04|batch_11,batch_02|batch_15|batch_09|batch_05|batch_14|batch_16|batch_12|batch_08
zic008_aec7,20260921,3,52,8,35,batch_10|batch_07|batch_04,batch_02|batch_15|batch_09|batch_05|batch_14|batch_16|batch_12|batch_08
zic008_aec7,20260921,3,53,8,35,batch_10|batch_07|batch_11,batch_02|batch_15|batch_09|batch_05|batch_14|batch_16|batch_12|batch_08
zic008_aec7,20260921,3,54,8,35,batch_10|batch_04|batch_11,batch_02|batch_15|batch_09|batch_05|batch_14|batch_16|batch_12|batch_08
zic008_aec7,20260921,3,55,8,35,batch_07|batch_04|batch_11,batch_02|batch_15|batch_09|batch_05|batch_14|batch_16|batch_12|batch_08
zic008_aec7,20260921,4,0,8,35,batch_03|batch_01|batch_06|batch_13,batch_02|batch_15|batch_09|batch_05|batch_14|batch_16|batch_12|batch_08
zic008_aec7,20260921,4,1,8,35,batch_03|batch_01|batch_06|batch_10,batch_02|batch_15|batch_09|batch_05|batch_14|batch_16|batch_12|batch_08
zic008_aec7,20260921,4,2,8,35,batch_03|batch_01|batch_06|batch_07,batch_02|batch_15|batch_09|batch_05|batch_14|batch_16|batch_12|batch_08
zic008_aec7,20260921,4,3,8,35,batch_03|batch_01|batch_06|batch_04,batch_02|batch_15|batch_09|batch_05|batch_14|batch_16|batch_12|batch_08
zic008_aec7,20260921,4,4,8,35,batch_03|batch_01|batch_06|batch_11,batch_02|batch_15|batch_09|batch_05|batch_14|batch_16|batch_12|batch_08
zic008_aec7,20260921,4,5,8,35,batch_03|batch_01|batch_13|batch_10,batch_02|batch_15|batch_09|batch_05|batch_14|batch_16|batch_12|batch_08
zic008_aec7,20260921,4,6,8,35,batch_03|batch_01|batch_13|batch_07,batch_02|batch_15|batch_09|batch_05|batch_14|batch_16|batch_12|batch_08
zic008_aec7,20260921,4,7,8,35,batch_03|batch_01|batch_13|batch_04,batch_02|batch_15|batch_09|batch_05|batch_14|batch_16|batch_12|batch_08
zic008_aec7,20260921,4,8,8,35,batch_03|batch_01|batch_13|batch_11,batch_02|batch_15|batch_09|batch_05|batch_14|batch_16|batch_12|batch_08
zic008_aec7,20260921,4,9,8,35,batch_03|batch_01|batch_10|batch_07,batch_02|batch_15|batch_09|batch_05|batch_14|batch_16|batch_12|batch_08
zic008_aec7,20260921,4,10,8,35,batch_03|batch_01|batch_10|batch_04,batch_02|batch_15|batch_09|batch_05|batch_14|batch_16|batch_12|batch_08
zic008_aec7,20260921,4,11,8,35,batch_03|batch_01|batch_10|batch_11,batch_02|batch_15|batch_09|batch_05|batch_14|batch_16|batch_12|batch_08
zic008_aec7,20260921,4,12,8,35,batch_03|batch_01|batch_07|batch_04,batch_02|batch_15|batch_09|batch_05|batch_14|batch_16|batch_12|batch_08
zic008_aec7,20260921,4,13,8,35,batch_03|batch_01|batch_07|batch_11,batch_02|batch_15|batch_09|batch_05|batch_14|batch_16|batch_12|batch_08
zic008_aec7,20260921,4,14,8,35,batch_03|batch_01|batch_04|batch_11,batch_02|batch_15|batch_09|batch_05|batch_14|batch_16|batch_12|batch_08
zic008_aec7,20260921,4,15,8,35,batch_03|batch_06|batch_13|batch_10,batch_02|batch_15|batch_09|batch_05|batch_14|batch_16|batch_12|batch_08
zic008_aec7,20260921,4,16,8,35,batch_03|batch_06|batch_13|batch_07,batch_02|batch_15|batch_09|batch_05|batch_14|batch_16|batch_12|batch_08
zic008_aec7,20260921,4,17,8,35,batch_03|batch_06|batch_13|batch_04,batch_02|batch_15|batch_09|batch_05|batch_14|batch_16|batch_12|batch_08
zic008_aec7,20260921,4,18,8,35,batch_03|batch_06|batch_13|batch_11,batch_02|batch_15|batch_09|batch_05|batch_14|batch_16|batch_12|batch_08
zic008_aec7,20260921,4,19,8,35,batch_03|batch_06|batch_10|batch_07,batch_02|batch_15|batch_09|batch_05|batch_14|batch_16|batch_12|batch_08
zic008_aec7,20260921,4,20,8,35,batch_03|batch_06|batch_10|batch_04,batch_02|batch_15|batch_09|batch_05|batch_14|batch_16|batch_12|batch_08
zic008_aec7,20260921,4,21,8,35,batch_03|batch_06|batch_10|batch_11,batch_02|batch_15|batch_09|batch_05|batch_14|batch_16|batch_12|batch_08
zic008_aec7,20260921,4,22,8,35,batch_03|batch_06|batch_07|batch_04,batch_02|batch_15|batch_09|batch_05|batch_14|batch_16|batch_12|batch_08
zic008_aec7,20260921,4,23,8,35,batch_03|batch_06|batch_07|batch_11,batch_02|batch_15|batch_09|batch_05|batch_14|batch_16|batch_12|batch_08
zic008_aec7,20260921,4,24,8,35,batch_03|batch_06|batch_04|batch_11,batch_02|batch_15|batch_09|batch_05|batch_14|batch_16|batch_12|batch_08
zic008_aec7,20260921,4,25,8,35,batch_03|batch_13|batch_10|batch_07,batch_02|batch_15|batch_09|batch_05|batch_14|batch_16|batch_12|batch_08
zic008_aec7,20260921,4,26,8,35,batch_03|batch_13|batch_10|batch_04,batch_02|batch_15|batch_09|batch_05|batch_14|batch_16|batch_12|batch_08
zic008_aec7,20260921,4,27,8,35,batch_03|batch_13|batch_10|batch_11,batch_02|batch_15|batch_09|batch_05|batch_14|batch_16|batch_12|batch_08
zic008_aec7,20260921,4,28,8,35,batch_03|batch_13|batch_07|batch_04,batch_02|batch_15|batch_09|batch_05|batch_14|batch_16|batch_12|batch_08
zic008_aec7,20260921,4,29,8,35,batch_03|batch_13|batch_07|batch_11,batch_02|batch_15|batch_09|batch_05|batch_14|batch_16|batch_12|batch_08
zic008_aec7,20260921,4,30,8,35,batch_03|batch_13|batch_04|batch_11,batch_02|batch_15|batch_09|batch_05|batch_14|batch_16|batch_12|batch_08
zic008_aec7,20260921,4,31,8,35,batch_03|batch_10|batch_07|batch_04,batch_02|batch_15|batch_09|batch_05|batch_14|batch_16|batch_12|batch_08
zic008_aec7,20260921,4,32,8,35,batch_03|batch_10|batch_07|batch_11,batch_02|batch_15|batch_09|batch_05|batch_14|batch_16|batch_12|batch_08
zic008_aec7,20260921,4,33,8,35,batch_03|batch_10|batch_04|batch_11,batch_02|batch_15|batch_09|batch_05|batch_14|batch_16|batch_12|batch_08
zic008_aec7,20260921,4,34,8,35,batch_03|batch_07|batch_04|batch_11,batch_02|batch_15|batch_09|batch_05|batch_14|batch_16|batch_12|batch_08
zic008_aec7,20260921,4,35,8,35,batch_01|batch_06|batch_13|batch_10,batch_02|batch_15|batch_09|batch_05|batch_14|batch_16|batch_12|batch_08
zic008_aec7,20260921,4,36,8,35,batch_01|batch_06|batch_13|batch_07,batch_02|batch_15|batch_09|batch_05|batch_14|batch_16|batch_12|batch_08
zic008_aec7,20260921,4,37,8,35,batch_01|batch_06|batch_13|batch_04,batch_02|batch_15|batch_09|batch_05|batch_14|batch_16|batch_12|batch_08
zic008_aec7,20260921,4,38,8,35,batch_01|batch_06|batch_13|batch_11,batch_02|batch_15|batch_09|batch_05|batch_14|batch_16|batch_12|batch_08
zic008_aec7,20260921,4,39,8,35,batch_01|batch_06|batch_10|batch_07,batch_02|batch_15|batch_09|batch_05|batch_14|batch_16|batch_12|batch_08
zic008_aec7,20260921,4,40,8,35,batch_01|batch_06|batch_10|batch_04,batch_02|batch_15|batch_09|batch_05|batch_14|batch_16|batch_12|batch_08
zic008_aec7,20260921,4,41,8,35,batch_01|batch_06|batch_10|batch_11,batch_02|batch_15|batch_09|batch_05|batch_14|batch_16|batch_12|batch_08
zic008_aec7,20260921,4,42,8,35,batch_01|batch_06|batch_07|batch_04,batch_02|batch_15|batch_09|batch_05|batch_14|batch_16|batch_12|batch_08
zic008_aec7,20260921,4,43,8,35,batch_01|batch_06|batch_07|batch_11,batch_02|batch_15|batch_09|batch_05|batch_14|batch_16|batch_12|batch_08
zic008_aec7,20260921,4,44,8,35,batch_01|batch_06|batch_04|batch_11,batch_02|batch_15|batch_09|batch_05|batch_14|batch_16|batch_12|batch_08
zic008_aec7,20260921,4,45,8,35,batch_01|batch_13|batch_10|batch_07,batch_02|batch_15|batch_09|batch_05|batch_14|batch_16|batch_12|batch_08
zic008_aec7,20260921,4,46,8,35,batch_01|batch_13|batch_10|batch_04,batch_02|batch_15|batch_09|batch_05|batch_14|batch_16|batch_12|batch_08
zic008_aec7,20260921,4,47,8,35,batch_01|batch_13|batch_10|batch_11,batch_02|batch_15|batch_09|batch_05|batch_14|batch_16|batch_12|batch_08
zic008_aec7,20260921,4,48,8,35,batch_01|batch_13|batch_07|batch_04,batch_02|batch_15|batch_09|batch_05|batch_14|batch_16|batch_12|batch_08
zic008_aec7,20260921,4,49,8,35,batch_01|batch_13|batch_07|batch_11,batch_02|batch_15|batch_09|batch_05|batch_14|batch_16|batch_12|batch_08
zic008_aec7,20260921,4,50,8,35,batch_01|batch_13|batch_04|batch_11,batch_02|batch_15|batch_09|batch_05|batch_14|batch_16|batch_12|batch_08
zic008_aec7,20260921,4,51,8,35,batch_01|batch_10|batch_07|batch_04,batch_02|batch_15|batch_09|batch_05|batch_14|batch_16|batch_12|batch_08
zic008_aec7,20260921,4,52,8,35,batch_01|batch_10|batch_07|batch_11,batch_02|batch_15|batch_09|batch_05|batch_14|batch_16|batch_12|batch_08
zic008_aec7,20260921,4,53,8,35,batch_01|batch_10|batch_04|batch_11,batch_02|batch_15|batch_09|batch_05|batch_14|batch_16|batch_12|batch_08
zic008_aec7,20260921,4,54,8,35,batch_01|batch_07|batch_04|batch_11,batch_02|batch_15|batch_09|batch_05|batch_14|batch_16|batch_12|batch_08
zic008_aec7,20260921,4,55,8,35,batch_06|batch_13|batch_10|batch_07,batch_02|batch_15|batch_09|batch_05|batch_14|batch_16|batch_12|batch_08
zic008_aec7,20260921,4,56,8,35,batch_06|batch_13|batch_10|batch_04,batch_02|batch_15|batch_09|batch_05|batch_14|batch_16|batch_12|batch_08
zic008_aec7,20260921,4,57,8,35,batch_06|batch_13|batch_10|batch_11,batch_02|batch_15|batch_09|batch_05|batch_14|batch_16|batch_12|batch_08
zic008_aec7,20260921,4,58,8,35,batch_06|batch_13|batch_07|batch_04,batch_02|batch_15|batch_09|batch_05|batch_14|batch_16|batch_12|batch_08
zic008_aec7,20260921,4,59,8,35,batch_06|batch_13|batch_07|batch_11,batch_02|batch_15|batch_09|batch_05|batch_14|batch_16|batch_12|batch_08
zic008_aec7,20260921,4,60,8,35,batch_06|batch_13|batch_04|batch_11,batch_02|batch_15|batch_09|batch_05|batch_14|batch_16|batch_12|batch_08
zic008_aec7,20260921,4,61,8,35,batch_06|batch_10|batch_07|batch_04,batch_02|batch_15|batch_09|batch_05|batch_14|batch_16|batch_12|batch_08
zic008_aec7,20260921,4,62,8,35,batch_06|batch_10|batch_07|batch_11,batch_02|batch_15|batch_09|batch_05|batch_14|batch_16|batch_12|batch_08
zic008_aec7,20260921,4,63,8,35,batch_06|batch_10|batch_04|batch_11,batch_02|batch_15|batch_09|batch_05|batch_14|batch_16|batch_12|batch_08
zic008_aec7,20260921,4,64,8,35,batch_06|batch_07|batch_04|batch_11,batch_02|batch_15|batch_09|batch_05|batch_14|batch_16|batch_12|batch_08
zic008_aec7,20260921,4,65,8,35,batch_13|batch_10|batch_07|batch_04,batch_02|batch_15|batch_09|batch_05|batch_14|batch_16|batch_12|batch_08
zic008_aec7,20260921,4,66,8,35,batch_13|batch_10|batch_07|batch_11,batch_02|batch_15|batch_09|batch_05|batch_14|batch_16|batch_12|batch_08
zic008_aec7,20260921,4,67,8,35,batch_13|batch_10|batch_04|batch_11,batch_02|batch_15|batch_09|batch_05|batch_14|batch_16|batch_12|batch_08
zic008_aec7,20260921,4,68,8,35,batch_13|batch_07|batch_04|batch_11,batch_02|batch_15|batch_09|batch_05|batch_14|batch_16|batch_12|batch_08
zic008_aec7,20260921,4,69,8,35,batch_10|batch_07|batch_04|batch_11,batch_02|batch_15|batch_09|batch_05|batch_14|batch_16|batch_12|batch_08
zic008_aec7,20260921,5,0,8,35,batch_03|batch_01|batch_06|batch_13|batch_10,batch_02|batch_15|batch_09|batch_05|batch_14|batch_16|batch_12|batch_08
zic008_aec7,20260921,5,1,8,35,batch_03|batch_01|batch_06|batch_13|batch_07,batch_02|batch_15|batch_09|batch_05|batch_14|batch_16|batch_12|batch_08
zic008_aec7,20260921,5,2,8,35,batch_03|batch_01|batch_06|batch_13|batch_04,batch_02|batch_15|batch_09|batch_05|batch_14|batch_16|batch_12|batch_08
zic008_aec7,20260921,5,3,8,35,batch_03|batch_01|batch_06|batch_13|batch_11,batch_02|batch_15|batch_09|batch_05|batch_14|batch_16|batch_12|batch_08
zic008_aec7,20260921,5,4,8,35,batch_03|batch_01|batch_06|batch_10|batch_07,batch_02|batch_15|batch_09|batch_05|batch_14|batch_16|batch_12|batch_08
zic008_aec7,20260921,5,5,8,35,batch_03|batch_01|batch_06|batch_10|batch_04,batch_02|batch_15|batch_09|batch_05|batch_14|batch_16|batch_12|batch_08
zic008_aec7,20260921,5,6,8,35,batch_03|batch_01|batch_06|batch_10|batch_11,batch_02|batch_15|batch_09|batch_05|batch_14|batch_16|batch_12|batch_08
zic008_aec7,20260921,5,7,8,35,batch_03|batch_01|batch_06|batch_07|batch_04,batch_02|batch_15|batch_09|batch_05|batch_14|batch_16|batch_12|batch_08
zic008_aec7,20260921,5,8,8,35,batch_03|batch_01|batch_06|batch_07|batch_11,batch_02|batch_15|batch_09|batch_05|batch_14|batch_16|batch_12|batch_08
zic008_aec7,20260921,5,9,8,35,batch_03|batch_01|batch_06|batch_04|batch_11,batch_02|batch_15|batch_09|batch_05|batch_14|batch_16|batch_12|batch_08
zic008_aec7,20260921,5,10,8,35,batch_03|batch_01|batch_13|batch_10|batch_07,batch_02|batch_15|batch_09|batch_05|batch_14|batch_16|batch_12|batch_08
zic008_aec7,20260921,5,11,8,35,batch_03|batch_01|batch_13|batch_10|batch_04,batch_02|batch_15|batch_09|batch_05|batch_14|batch_16|batch_12|batch_08
zic008_aec7,20260921,5,12,8,35,batch_03|batch_01|batch_13|batch_10|batch_11,batch_02|batch_15|batch_09|batch_05|batch_14|batch_16|batch_12|batch_08
zic008_aec7,20260921,5,13,8,35,batch_03|batch_01|batch_13|batch_07|batch_04,batch_02|batch_15|batch_09|batch_05|batch_14|batch_16|batch_12|batch_08
zic008_aec7,20260921,5,14,8,35,batch_03|batch_01|batch_13|batch_07|batch_11,batch_02|batch_15|batch_09|batch_05|batch_14|batch_16|batch_12|batch_08
zic008_aec7,20260921,5,15,8,35,batch_03|batch_01|batch_13|batch_04|batch_11,batch_02|batch_15|batch_09|batch_05|batch_14|batch_16|batch_12|batch_08
zic008_aec7,20260921,5,16,8,35,batch_03|batch_01|batch_10|batch_07|batch_04,batch_02|batch_15|batch_09|batch_05|batch_14|batch_16|batch_12|batch_08
zic008_aec7,20260921,5,17,8,35,batch_03|batch_01|batch_10|batch_07|batch_11,batch_02|batch_15|batch_09|batch_05|batch_14|batch_16|batch_12|batch_08
zic008_aec7,20260921,5,18,8,35,batch_03|batch_01|batch_10|batch_04|batch_11,batch_02|batch_15|batch_09|batch_05|batch_14|batch_16|batch_12|batch_08
zic008_aec7,20260921,5,19,8,35,batch_03|batch_01|batch_07|batch_04|batch_11,batch_02|batch_15|batch_09|batch_05|batch_14|batch_16|batch_12|batch_08
zic008_aec7,20260921,5,20,8,35,batch_03|batch_06|batch_13|batch_10|batch_07,batch_02|batch_15|batch_09|batch_05|batch_14|batch_16|batch_12|batch_08
zic008_aec7,20260921,5,21,8,35,batch_03|batch_06|batch_13|batch_10|batch_04,batch_02|batch_15|batch_09|batch_05|batch_14|batch_16|batch_12|batch_08
zic008_aec7,20260921,5,22,8,35,batch_03|batch_06|batch_13|batch_10|batch_11,batch_02|batch_15|batch_09|batch_05|batch_14|batch_16|batch_12|batch_08
zic008_aec7,20260921,5,23,8,35,batch_03|batch_06|batch_13|batch_07|batch_04,batch_02|batch_15|batch_09|batch_05|batch_14|batch_16|batch_12|batch_08
zic008_aec7,20260921,5,24,8,35,batch_03|batch_06|batch_13|batch_07|batch_11,batch_02|batch_15|batch_09|batch_05|batch_14|batch_16|batch_12|batch_08
zic008_aec7,20260921,5,25,8,35,batch_03|batch_06|batch_13|batch_04|batch_11,batch_02|batch_15|batch_09|batch_05|batch_14|batch_16|batch_12|batch_08
zic008_aec7,20260921,5,26,8,35,batch_03|batch_06|batch_10|batch_07|batch_04,batch_02|batch_15|batch_09|batch_05|batch_14|batch_16|batch_12|batch_08
zic008_aec7,20260921,5,27,8,35,batch_03|batch_06|batch_10|batch_07|batch_11,batch_02|batch_15|batch_09|batch_05|batch_14|batch_16|batch_12|batch_08
zic008_aec7,20260921,5,28,8,35,batch_03|batch_06|batch_10|batch_04|batch_11,batch_02|batch_15|batch_09|batch_05|batch_14|batch_16|batch_12|batch_08
zic008_aec7,20260921,5,29,8,35,batch_03|batch_06|batch_07|batch_04|batch_11,batch_02|batch_15|batch_09|batch_05|batch_14|batch_16|batch_12|batch_08
zic008_aec7,20260921,5,30,8,35,batch_03|batch_13|batch_10|batch_07|batch_04,batch_02|batch_15|batch_09|batch_05|batch_14|batch_16|batch_12|batch_08
zic008_aec7,20260921,5,31,8,35,batch_03|batch_13|batch_10|batch_07|batch_11,batch_02|batch_15|batch_09|batch_05|batch_14|batch_16|batch_12|batch_08
zic008_aec7,20260921,5,32,8,35,batch_03|batch_13|batch_10|batch_04|batch_11,batch_02|batch_15|batch_09|batch_05|batch_14|batch_16|batch_12|batch_08
zic008_aec7,20260921,5,33,8,35,batch_03|batch_13|batch_07|batch_04|batch_11,batch_02|batch_15|batch_09|batch_05|batch_14|batch_16|batch_12|batch_08
zic008_aec7,20260921,5,34,8,35,batch_03|batch_10|batch_07|batch_04|batch_11,batch_02|batch_15|batch_09|batch_05|batch_14|batch_16|batch_12|batch_08
zic008_aec7,20260921,5,35,8,35,batch_01|batch_06|batch_13|batch_10|batch_07,batch_02|batch_15|batch_09|batch_05|batch_14|batch_16|batch_12|batch_08
zic008_aec7,20260921,5,36,8,35,batch_01|batch_06|batch_13|batch_10|batch_04,batch_02|batch_15|batch_09|batch_05|batch_14|batch_16|batch_12|batch_08
zic008_aec7,20260921,5,37,8,35,batch_01|batch_06|batch_13|batch_10|batch_11,batch_02|batch_15|batch_09|batch_05|batch_14|batch_16|batch_12|batch_08
zic008_aec7,20260921,5,38,8,35,batch_01|batch_06|batch_13|batch_07|batch_04,batch_02|batch_15|batch_09|batch_05|batch_14|batch_16|batch_12|batch_08
zic008_aec7,20260921,5,39,8,35,batch_01|batch_06|batch_13|batch_07|batch_11,batch_02|batch_15|batch_09|batch_05|batch_14|batch_16|batch_12|batch_08
zic008_aec7,20260921,5,40,8,35,batch_01|batch_06|batch_13|batch_04|batch_11,batch_02|batch_15|batch_09|batch_05|batch_14|batch_16|batch_12|batch_08
zic008_aec7,20260921,5,41,8,35,batch_01|batch_06|batch_10|batch_07|batch_04,batch_02|batch_15|batch_09|batch_05|batch_14|batch_16|batch_12|batch_08
zic008_aec7,20260921,5,42,8,35,batch_01|batch_06|batch_10|batch_07|batch_11,batch_02|batch_15|batch_09|batch_05|batch_14|batch_16|batch_12|batch_08
zic008_aec7,20260921,5,43,8,35,batch_01|batch_06|batch_10|batch_04|batch_11,batch_02|batch_15|batch_09|batch_05|batch_14|batch_16|batch_12|batch_08
zic008_aec7,20260921,5,44,8,35,batch_01|batch_06|batch_07|batch_04|batch_11,batch_02|batch_15|batch_09|batch_05|batch_14|batch_16|batch_12|batch_08
zic008_aec7,20260921,5,45,8,35,batch_01|batch_13|batch_10|batch_07|batch_04,batch_02|batch_15|batch_09|batch_05|batch_14|batch_16|batch_12|batch_08
zic008_aec7,20260921,5,46,8,35,batch_01|batch_13|batch_10|batch_07|batch_11,batch_02|batch_15|batch_09|batch_05|batch_14|batch_16|batch_12|batch_08
zic008_aec7,20260921,5,47,8,35,batch_01|batch_13|batch_10|batch_04|batch_11,batch_02|batch_15|batch_09|batch_05|batch_14|batch_16|batch_12|batch_08
zic008_aec7,20260921,5,48,8,35,batch_01|batch_13|batch_07|batch_04|batch_11,batch_02|batch_15|batch_09|batch_05|batch_14|batch_16|batch_12|batch_08
zic008_aec7,20260921,5,49,8,35,batch_01|batch_10|batch_07|batch_04|batch_11,batch_02|batch_15|batch_09|batch_05|batch_14|batch_16|batch_12|batch_08
zic008_aec7,20260921,5,50,8,35,batch_06|batch_13|batch_10|batch_07|batch_04,batch_02|batch_15|batch_09|batch_05|batch_14|batch_16|batch_12|batch_08
zic008_aec7,20260921,5,51,8,35,batch_06|batch_13|batch_10|batch_07|batch_11,batch_02|batch_15|batch_09|batch_05|batch_14|batch_16|batch_12|batch_08
zic008_aec7,20260921,5,52,8,35,batch_06|batch_13|batch_10|batch_04|batch_11,batch_02|batch_15|batch_09|batch_05|batch_14|batch_16|batch_12|batch_08
zic008_aec7,20260921,5,53,8,35,batch_06|batch_13|batch_07|batch_04|batch_11,batch_02|batch_15|batch_09|batch_05|batch_14|batch_16|batch_12|batch_08
zic008_aec7,20260921,5,54,8,35,batch_06|batch_10|batch_07|batch_04|batch_11,batch_02|batch_15|batch_09|batch_05|batch_14|batch_16|batch_12|batch_08
zic008_aec7,20260921,5,55,8,35,batch_13|batch_10|batch_07|batch_04|batch_11,batch_02|batch_15|batch_09|batch_05|batch_14|batch_16|batch_12|batch_08
zic008_aec7,20260921,6,0,8,35,batch_03|batch_01|batch_06|batch_13|batch_10|batch_07,batch_02|batch_15|batch_09|batch_05|batch_14|batch_16|batch_12|batch_08
zic008_aec7,20260921,6,1,8,35,batch_03|batch_01|batch_06|batch_13|batch_10|batch_04,batch_02|batch_15|batch_09|batch_05|batch_14|batch_16|batch_12|batch_08
zic008_aec7,20260921,6,2,8,35,batch_03|batch_01|batch_06|batch_13|batch_10|batch_11,batch_02|batch_15|batch_09|batch_05|batch_14|batch_16|batch_12|batch_08
zic008_aec7,20260921,6,3,8,35,batch_03|batch_01|batch_06|batch_13|batch_07|batch_04,batch_02|batch_15|batch_09|batch_05|batch_14|batch_16|batch_12|batch_08
zic008_aec7,20260921,6,4,8,35,batch_03|batch_01|batch_06|batch_13|batch_07|batch_11,batch_02|batch_15|batch_09|batch_05|batch_14|batch_16|batch_12|batch_08
zic008_aec7,20260921,6,5,8,35,batch_03|batch_01|batch_06|batch_13|batch_04|batch_11,batch_02|batch_15|batch_09|batch_05|batch_14|batch_16|batch_12|batch_08
zic008_aec7,20260921,6,6,8,35,batch_03|batch_01|batch_06|batch_10|batch_07|batch_04,batch_02|batch_15|batch_09|batch_05|batch_14|batch_16|batch_12|batch_08
zic008_aec7,20260921,6,7,8,35,batch_03|batch_01|batch_06|batch_10|batch_07|batch_11,batch_02|batch_15|batch_09|batch_05|batch_14|batch_16|batch_12|batch_08
zic008_aec7,20260921,6,8,8,35,batch_03|batch_01|batch_06|batch_10|batch_04|batch_11,batch_02|batch_15|batch_09|batch_05|batch_14|batch_16|batch_12|batch_08
zic008_aec7,20260921,6,9,8,35,batch_03|batch_01|batch_06|batch_07|batch_04|batch_11,batch_02|batch_15|batch_09|batch_05|batch_14|batch_16|batch_12|batch_08
zic008_aec7,20260921,6,10,8,35,batch_03|batch_01|batch_13|batch_10|batch_07|batch_04,batch_02|batch_15|batch_09|batch_05|batch_14|batch_16|batch_12|batch_08
zic008_aec7,20260921,6,11,8,35,batch_03|batch_01|batch_13|batch_10|batch_07|batch_11,batch_02|batch_15|batch_09|batch_05|batch_14|batch_16|batch_12|batch_08
zic008_aec7,20260921,6,12,8,35,batch_03|batch_01|batch_13|batch_10|batch_04|batch_11,batch_02|batch_15|batch_09|batch_05|batch_14|batch_16|batch_12|batch_08
zic008_aec7,20260921,6,13,8,35,batch_03|batch_01|batch_13|batch_07|batch_04|batch_11,batch_02|batch_15|batch_09|batch_05|batch_14|batch_16|batch_12|batch_08
zic008_aec7,20260921,6,14,8,35,batch_03|batch_01|batch_10|batch_07|batch_04|batch_11,batch_02|batch_15|batch_09|batch_05|batch_14|batch_16|batch_12|batch_08
zic008_aec7,20260921,6,15,8,35,batch_03|batch_06|batch_13|batch_10|batch_07|batch_04,batch_02|batch_15|batch_09|batch_05|batch_14|batch_16|batch_12|batch_08
zic008_aec7,20260921,6,16,8,35,batch_03|batch_06|batch_13|batch_10|batch_07|batch_11,batch_02|batch_15|batch_09|batch_05|batch_14|batch_16|batch_12|batch_08
zic008_aec7,20260921,6,17,8,35,batch_03|batch_06|batch_13|batch_10|batch_04|batch_11,batch_02|batch_15|batch_09|batch_05|batch_14|batch_16|batch_12|batch_08
zic008_aec7,20260921,6,18,8,35,batch_03|batch_06|batch_13|batch_07|batch_04|batch_11,batch_02|batch_15|batch_09|batch_05|batch_14|batch_16|batch_12|batch_08
zic008_aec7,20260921,6,19,8,35,batch_03|batch_06|batch_10|batch_07|batch_04|batch_11,batch_02|batch_15|batch_09|batch_05|batch_14|batch_16|batch_12|batch_08
zic008_aec7,20260921,6,20,8,35,batch_03|batch_13|batch_10|batch_07|batch_04|batch_11,batch_02|batch_15|batch_09|batch_05|batch_14|batch_16|batch_12|batch_08
zic008_aec7,20260921,6,21,8,35,batch_01|batch_06|batch_13|batch_10|batch_07|batch_04,batch_02|batch_15|batch_09|batch_05|batch_14|batch_16|batch_12|batch_08
zic008_aec7,20260921,6,22,8,35,batch_01|batch_06|batch_13|batch_10|batch_07|batch_11,batch_02|batch_15|batch_09|batch_05|batch_14|batch_16|batch_12|batch_08
zic008_aec7,20260921,6,23,8,35,batch_01|batch_06|batch_13|batch_10|batch_04|batch_11,batch_02|batch_15|batch_09|batch_05|batch_14|batch_16|batch_12|batch_08
zic008_aec7,20260921,6,24,8,35,batch_01|batch_06|batch_13|batch_07|batch_04|batch_11,batch_02|batch_15|batch_09|batch_05|batch_14|batch_16|batch_12|batch_08
zic008_aec7,20260921,6,25,8,35,batch_01|batch_06|batch_10|batch_07|batch_04|batch_11,batch_02|batch_15|batch_09|batch_05|batch_14|batch_16|batch_12|batch_08
zic008_aec7,20260921,6,26,8,35,batch_01|batch_13|batch_10|batch_07|batch_04|batch_11,batch_02|batch_15|batch_09|batch_05|batch_14|batch_16|batch_12|batch_08
zic008_aec7,20260921,6,27,8,35,batch_06|batch_13|batch_10|batch_07|batch_04|batch_11,batch_02|batch_15|batch_09|batch_05|batch_14|batch_16|batch_12|batch_08
zic008_aec7,20260921,7,0,8,35,batch_03|batch_01|batch_06|batch_13|batch_10|batch_07|batch_04,batch_02|batch_15|batch_09|batch_05|batch_14|batch_16|batch_12|batch_08
zic008_aec7,20260921,7,1,8,35,batch_03|batch_01|batch_06|batch_13|batch_10|batch_07|batch_11,batch_02|batch_15|batch_09|batch_05|batch_14|batch_16|batch_12|batch_08
zic008_aec7,20260921,7,2,8,35,batch_03|batch_01|batch_06|batch_13|batch_10|batch_04|batch_11,batch_02|batch_15|batch_09|batch_05|batch_14|batch_16|batch_12|batch_08
zic008_aec7,20260921,7,3,8,35,batch_03|batch_01|batch_06|batch_13|batch_07|batch_04|batch_11,batch_02|batch_15|batch_09|batch_05|batch_14|batch_16|batch_12|batch_08
zic008_aec7,20260921,7,4,8,35,batch_03|batch_01|batch_06|batch_10|batch_07|batch_04|batch_11,batch_02|batch_15|batch_09|batch_05|batch_14|batch_16|batch_12|batch_08
zic008_aec7,20260921,7,5,8,35,batch_03|batch_01|batch_13|batch_10|batch_07|batch_04|batch_11,batch_02|batch_15|batch_09|batch_05|batch_14|batch_16|batch_12|batch_08
zic008_aec7,20260921,7,6,8,35,batch_03|batch_06|batch_13|batch_10|batch_07|batch_04|batch_11,batch_02|batch_15|batch_09|batch_05|batch_14|batch_16|batch_12|batch_08
zic008_aec7,20260921,7,7,8,35,batch_01|batch_06|batch_13|batch_10|batch_07|batch_04|batch_11,batch_02|batch_15|batch_09|batch_05|batch_14|batch_16|batch_12|batch_08
zic008_aec7,20260921,8,0,8,35,batch_03|batch_01|batch_06|batch_13|batch_10|batch_07|batch_04|batch_11,batch_02|batch_15|batch_09|batch_05|batch_14|batch_16|batch_12|batch_08
zic008_aec7,20260922,1,0,8,35,batch_04,batch_11|batch_13|batch_09|batch_16|batch_15|batch_08|batch_01|batch_10
zic008_aec7,20260922,1,1,8,35,batch_14,batch_11|batch_13|batch_09|batch_16|batch_15|batch_08|batch_01|batch_10
zic008_aec7,20260922,1,2,8,35,batch_12,batch_11|batch_13|batch_09|batch_16|batch_15|batch_08|batch_01|batch_10
zic008_aec7,20260922,1,3,8,35,batch_05,batch_11|batch_13|batch_09|batch_16|batch_15|batch_08|batch_01|batch_10
zic008_aec7,20260922,1,4,8,35,batch_03,batch_11|batch_13|batch_09|batch_16|batch_15|batch_08|batch_01|batch_10
zic008_aec7,20260922,1,5,8,35,batch_06,batch_11|batch_13|batch_09|batch_16|batch_15|batch_08|batch_01|batch_10
zic008_aec7,20260922,1,6,8,35,batch_02,batch_11|batch_13|batch_09|batch_16|batch_15|batch_08|batch_01|batch_10
zic008_aec7,20260922,1,7,8,35,batch_07,batch_11|batch_13|batch_09|batch_16|batch_15|batch_08|batch_01|batch_10
zic008_aec7,20260922,2,0,8,35,batch_04|batch_14,batch_11|batch_13|batch_09|batch_16|batch_15|batch_08|batch_01|batch_10
zic008_aec7,20260922,2,1,8,35,batch_04|batch_12,batch_11|batch_13|batch_09|batch_16|batch_15|batch_08|batch_01|batch_10
zic008_aec7,20260922,2,2,8,35,batch_04|batch_05,batch_11|batch_13|batch_09|batch_16|batch_15|batch_08|batch_01|batch_10
zic008_aec7,20260922,2,3,8,35,batch_04|batch_03,batch_11|batch_13|batch_09|batch_16|batch_15|batch_08|batch_01|batch_10
zic008_aec7,20260922,2,4,8,35,batch_04|batch_06,batch_11|batch_13|batch_09|batch_16|batch_15|batch_08|batch_01|batch_10
zic008_aec7,20260922,2,5,8,35,batch_04|batch_02,batch_11|batch_13|batch_09|batch_16|batch_15|batch_08|batch_01|batch_10
zic008_aec7,20260922,2,6,8,35,batch_04|batch_07,batch_11|batch_13|batch_09|batch_16|batch_15|batch_08|batch_01|batch_10
zic008_aec7,20260922,2,7,8,35,batch_14|batch_12,batch_11|batch_13|batch_09|batch_16|batch_15|batch_08|batch_01|batch_10
zic008_aec7,20260922,2,8,8,35,batch_14|batch_05,batch_11|batch_13|batch_09|batch_16|batch_15|batch_08|batch_01|batch_10
zic008_aec7,20260922,2,9,8,35,batch_14|batch_03,batch_11|batch_13|batch_09|batch_16|batch_15|batch_08|batch_01|batch_10
zic008_aec7,20260922,2,10,8,35,batch_14|batch_06,batch_11|batch_13|batch_09|batch_16|batch_15|batch_08|batch_01|batch_10
zic008_aec7,20260922,2,11,8,35,batch_14|batch_02,batch_11|batch_13|batch_09|batch_16|batch_15|batch_08|batch_01|batch_10
zic008_aec7,20260922,2,12,8,35,batch_14|batch_07,batch_11|batch_13|batch_09|batch_16|batch_15|batch_08|batch_01|batch_10
zic008_aec7,20260922,2,13,8,35,batch_12|batch_05,batch_11|batch_13|batch_09|batch_16|batch_15|batch_08|batch_01|batch_10
zic008_aec7,20260922,2,14,8,35,batch_12|batch_03,batch_11|batch_13|batch_09|batch_16|batch_15|batch_08|batch_01|batch_10
zic008_aec7,20260922,2,15,8,35,batch_12|batch_06,batch_11|batch_13|batch_09|batch_16|batch_15|batch_08|batch_01|batch_10
zic008_aec7,20260922,2,16,8,35,batch_12|batch_02,batch_11|batch_13|batch_09|batch_16|batch_15|batch_08|batch_01|batch_10
zic008_aec7,20260922,2,17,8,35,batch_12|batch_07,batch_11|batch_13|batch_09|batch_16|batch_15|batch_08|batch_01|batch_10
zic008_aec7,20260922,2,18,8,35,batch_05|batch_03,batch_11|batch_13|batch_09|batch_16|batch_15|batch_08|batch_01|batch_10
zic008_aec7,20260922,2,19,8,35,batch_05|batch_06,batch_11|batch_13|batch_09|batch_16|batch_15|batch_08|batch_01|batch_10
zic008_aec7,20260922,2,20,8,35,batch_05|batch_02,batch_11|batch_13|batch_09|batch_16|batch_15|batch_08|batch_01|batch_10
zic008_aec7,20260922,2,21,8,35,batch_05|batch_07,batch_11|batch_13|batch_09|batch_16|batch_15|batch_08|batch_01|batch_10
zic008_aec7,20260922,2,22,8,35,batch_03|batch_06,batch_11|batch_13|batch_09|batch_16|batch_15|batch_08|batch_01|batch_10
zic008_aec7,20260922,2,23,8,35,batch_03|batch_02,batch_11|batch_13|batch_09|batch_16|batch_15|batch_08|batch_01|batch_10
zic008_aec7,20260922,2,24,8,35,batch_03|batch_07,batch_11|batch_13|batch_09|batch_16|batch_15|batch_08|batch_01|batch_10
zic008_aec7,20260922,2,25,8,35,batch_06|batch_02,batch_11|batch_13|batch_09|batch_16|batch_15|batch_08|batch_01|batch_10
zic008_aec7,20260922,2,26,8,35,batch_06|batch_07,batch_11|batch_13|batch_09|batch_16|batch_15|batch_08|batch_01|batch_10
zic008_aec7,20260922,2,27,8,35,batch_02|batch_07,batch_11|batch_13|batch_09|batch_16|batch_15|batch_08|batch_01|batch_10
zic008_aec7,20260922,3,0,8,35,batch_04|batch_14|batch_12,batch_11|batch_13|batch_09|batch_16|batch_15|batch_08|batch_01|batch_10
zic008_aec7,20260922,3,1,8,35,batch_04|batch_14|batch_05,batch_11|batch_13|batch_09|batch_16|batch_15|batch_08|batch_01|batch_10
zic008_aec7,20260922,3,2,8,35,batch_04|batch_14|batch_03,batch_11|batch_13|batch_09|batch_16|batch_15|batch_08|batch_01|batch_10
zic008_aec7,20260922,3,3,8,35,batch_04|batch_14|batch_06,batch_11|batch_13|batch_09|batch_16|batch_15|batch_08|batch_01|batch_10
zic008_aec7,20260922,3,4,8,35,batch_04|batch_14|batch_02,batch_11|batch_13|batch_09|batch_16|batch_15|batch_08|batch_01|batch_10
zic008_aec7,20260922,3,5,8,35,batch_04|batch_14|batch_07,batch_11|batch_13|batch_09|batch_16|batch_15|batch_08|batch_01|batch_10
zic008_aec7,20260922,3,6,8,35,batch_04|batch_12|batch_05,batch_11|batch_13|batch_09|batch_16|batch_15|batch_08|batch_01|batch_10
zic008_aec7,20260922,3,7,8,35,batch_04|batch_12|batch_03,batch_11|batch_13|batch_09|batch_16|batch_15|batch_08|batch_01|batch_10
zic008_aec7,20260922,3,8,8,35,batch_04|batch_12|batch_06,batch_11|batch_13|batch_09|batch_16|batch_15|batch_08|batch_01|batch_10
zic008_aec7,20260922,3,9,8,35,batch_04|batch_12|batch_02,batch_11|batch_13|batch_09|batch_16|batch_15|batch_08|batch_01|batch_10
zic008_aec7,20260922,3,10,8,35,batch_04|batch_12|batch_07,batch_11|batch_13|batch_09|batch_16|batch_15|batch_08|batch_01|batch_10
zic008_aec7,20260922,3,11,8,35,batch_04|batch_05|batch_03,batch_11|batch_13|batch_09|batch_16|batch_15|batch_08|batch_01|batch_10
zic008_aec7,20260922,3,12,8,35,batch_04|batch_05|batch_06,batch_11|batch_13|batch_09|batch_16|batch_15|batch_08|batch_01|batch_10
zic008_aec7,20260922,3,13,8,35,batch_04|batch_05|batch_02,batch_11|batch_13|batch_09|batch_16|batch_15|batch_08|batch_01|batch_10
zic008_aec7,20260922,3,14,8,35,batch_04|batch_05|batch_07,batch_11|batch_13|batch_09|batch_16|batch_15|batch_08|batch_01|batch_10
zic008_aec7,20260922,3,15,8,35,batch_04|batch_03|batch_06,batch_11|batch_13|batch_09|batch_16|batch_15|batch_08|batch_01|batch_10
zic008_aec7,20260922,3,16,8,35,batch_04|batch_03|batch_02,batch_11|batch_13|batch_09|batch_16|batch_15|batch_08|batch_01|batch_10
zic008_aec7,20260922,3,17,8,35,batch_04|batch_03|batch_07,batch_11|batch_13|batch_09|batch_16|batch_15|batch_08|batch_01|batch_10
zic008_aec7,20260922,3,18,8,35,batch_04|batch_06|batch_02,batch_11|batch_13|batch_09|batch_16|batch_15|batch_08|batch_01|batch_10
zic008_aec7,20260922,3,19,8,35,batch_04|batch_06|batch_07,batch_11|batch_13|batch_09|batch_16|batch_15|batch_08|batch_01|batch_10
zic008_aec7,20260922,3,20,8,35,batch_04|batch_02|batch_07,batch_11|batch_13|batch_09|batch_16|batch_15|batch_08|batch_01|batch_10
zic008_aec7,20260922,3,21,8,35,batch_14|batch_12|batch_05,batch_11|batch_13|batch_09|batch_16|batch_15|batch_08|batch_01|batch_10
zic008_aec7,20260922,3,22,8,35,batch_14|batch_12|batch_03,batch_11|batch_13|batch_09|batch_16|batch_15|batch_08|batch_01|batch_10
zic008_aec7,20260922,3,23,8,35,batch_14|batch_12|batch_06,batch_11|batch_13|batch_09|batch_16|batch_15|batch_08|batch_01|batch_10
zic008_aec7,20260922,3,24,8,35,batch_14|batch_12|batch_02,batch_11|batch_13|batch_09|batch_16|batch_15|batch_08|batch_01|batch_10
zic008_aec7,20260922,3,25,8,35,batch_14|batch_12|batch_07,batch_11|batch_13|batch_09|batch_16|batch_15|batch_08|batch_01|batch_10
zic008_aec7,20260922,3,26,8,35,batch_14|batch_05|batch_03,batch_11|batch_13|batch_09|batch_16|batch_15|batch_08|batch_01|batch_10
zic008_aec7,20260922,3,27,8,35,batch_14|batch_05|batch_06,batch_11|batch_13|batch_09|batch_16|batch_15|batch_08|batch_01|batch_10
zic008_aec7,20260922,3,28,8,35,batch_14|batch_05|batch_02,batch_11|batch_13|batch_09|batch_16|batch_15|batch_08|batch_01|batch_10
zic008_aec7,20260922,3,29,8,35,batch_14|batch_05|batch_07,batch_11|batch_13|batch_09|batch_16|batch_15|batch_08|batch_01|batch_10
zic008_aec7,20260922,3,30,8,35,batch_14|batch_03|batch_06,batch_11|batch_13|batch_09|batch_16|batch_15|batch_08|batch_01|batch_10
zic008_aec7,20260922,3,31,8,35,batch_14|batch_03|batch_02,batch_11|batch_13|batch_09|batch_16|batch_15|batch_08|batch_01|batch_10
zic008_aec7,20260922,3,32,8,35,batch_14|batch_03|batch_07,batch_11|batch_13|batch_09|batch_16|batch_15|batch_08|batch_01|batch_10
zic008_aec7,20260922,3,33,8,35,batch_14|batch_06|batch_02,batch_11|batch_13|batch_09|batch_16|batch_15|batch_08|batch_01|batch_10
zic008_aec7,20260922,3,34,8,35,batch_14|batch_06|batch_07,batch_11|batch_13|batch_09|batch_16|batch_15|batch_08|batch_01|batch_10
zic008_aec7,20260922,3,35,8,35,batch_14|batch_02|batch_07,batch_11|batch_13|batch_09|batch_16|batch_15|batch_08|batch_01|batch_10
zic008_aec7,20260922,3,36,8,35,batch_12|batch_05|batch_03,batch_11|batch_13|batch_09|batch_16|batch_15|batch_08|batch_01|batch_10
zic008_aec7,20260922,3,37,8,35,batch_12|batch_05|batch_06,batch_11|batch_13|batch_09|batch_16|batch_15|batch_08|batch_01|batch_10
zic008_aec7,20260922,3,38,8,35,batch_12|batch_05|batch_02,batch_11|batch_13|batch_09|batch_16|batch_15|batch_08|batch_01|batch_10
zic008_aec7,20260922,3,39,8,35,batch_12|batch_05|batch_07,batch_11|batch_13|batch_09|batch_16|batch_15|batch_08|batch_01|batch_10
zic008_aec7,20260922,3,40,8,35,batch_12|batch_03|batch_06,batch_11|batch_13|batch_09|batch_16|batch_15|batch_08|batch_01|batch_10
zic008_aec7,20260922,3,41,8,35,batch_12|batch_03|batch_02,batch_11|batch_13|batch_09|batch_16|batch_15|batch_08|batch_01|batch_10
zic008_aec7,20260922,3,42,8,35,batch_12|batch_03|batch_07,batch_11|batch_13|batch_09|batch_16|batch_15|batch_08|batch_01|batch_10
zic008_aec7,20260922,3,43,8,35,batch_12|batch_06|batch_02,batch_11|batch_13|batch_09|batch_16|batch_15|batch_08|batch_01|batch_10
zic008_aec7,20260922,3,44,8,35,batch_12|batch_06|batch_07,batch_11|batch_13|batch_09|batch_16|batch_15|batch_08|batch_01|batch_10
zic008_aec7,20260922,3,45,8,35,batch_12|batch_02|batch_07,batch_11|batch_13|batch_09|batch_16|batch_15|batch_08|batch_01|batch_10
zic008_aec7,20260922,3,46,8,35,batch_05|batch_03|batch_06,batch_11|batch_13|batch_09|batch_16|batch_15|batch_08|batch_01|batch_10
zic008_aec7,20260922,3,47,8,35,batch_05|batch_03|batch_02,batch_11|batch_13|batch_09|batch_16|batch_15|batch_08|batch_01|batch_10
zic008_aec7,20260922,3,48,8,35,batch_05|batch_03|batch_07,batch_11|batch_13|batch_09|batch_16|batch_15|batch_08|batch_01|batch_10
zic008_aec7,20260922,3,49,8,35,batch_05|batch_06|batch_02,batch_11|batch_13|batch_09|batch_16|batch_15|batch_08|batch_01|batch_10
zic008_aec7,20260922,3,50,8,35,batch_05|batch_06|batch_07,batch_11|batch_13|batch_09|batch_16|batch_15|batch_08|batch_01|batch_10
zic008_aec7,20260922,3,51,8,35,batch_05|batch_02|batch_07,batch_11|batch_13|batch_09|batch_16|batch_15|batch_08|batch_01|batch_10
zic008_aec7,20260922,3,52,8,35,batch_03|batch_06|batch_02,batch_11|batch_13|batch_09|batch_16|batch_15|batch_08|batch_01|batch_10
zic008_aec7,20260922,3,53,8,35,batch_03|batch_06|batch_07,batch_11|batch_13|batch_09|batch_16|batch_15|batch_08|batch_01|batch_10
zic008_aec7,20260922,3,54,8,35,batch_03|batch_02|batch_07,batch_11|batch_13|batch_09|batch_16|batch_15|batch_08|batch_01|batch_10
zic008_aec7,20260922,3,55,8,35,batch_06|batch_02|batch_07,batch_11|batch_13|batch_09|batch_16|batch_15|batch_08|batch_01|batch_10
zic008_aec7,20260922,4,0,8,35,batch_04|batch_14|batch_12|batch_05,batch_11|batch_13|batch_09|batch_16|batch_15|batch_08|batch_01|batch_10
zic008_aec7,20260922,4,1,8,35,batch_04|batch_14|batch_12|batch_03,batch_11|batch_13|batch_09|batch_16|batch_15|batch_08|batch_01|batch_10
zic008_aec7,20260922,4,2,8,35,batch_04|batch_14|batch_12|batch_06,batch_11|batch_13|batch_09|batch_16|batch_15|batch_08|batch_01|batch_10
zic008_aec7,20260922,4,3,8,35,batch_04|batch_14|batch_12|batch_02,batch_11|batch_13|batch_09|batch_16|batch_15|batch_08|batch_01|batch_10
zic008_aec7,20260922,4,4,8,35,batch_04|batch_14|batch_12|batch_07,batch_11|batch_13|batch_09|batch_16|batch_15|batch_08|batch_01|batch_10
zic008_aec7,20260922,4,5,8,35,batch_04|batch_14|batch_05|batch_03,batch_11|batch_13|batch_09|batch_16|batch_15|batch_08|batch_01|batch_10
zic008_aec7,20260922,4,6,8,35,batch_04|batch_14|batch_05|batch_06,batch_11|batch_13|batch_09|batch_16|batch_15|batch_08|batch_01|batch_10
zic008_aec7,20260922,4,7,8,35,batch_04|batch_14|batch_05|batch_02,batch_11|batch_13|batch_09|batch_16|batch_15|batch_08|batch_01|batch_10
zic008_aec7,20260922,4,8,8,35,batch_04|batch_14|batch_05|batch_07,batch_11|batch_13|batch_09|batch_16|batch_15|batch_08|batch_01|batch_10
zic008_aec7,20260922,4,9,8,35,batch_04|batch_14|batch_03|batch_06,batch_11|batch_13|batch_09|batch_16|batch_15|batch_08|batch_01|batch_10
zic008_aec7,20260922,4,10,8,35,batch_04|batch_14|batch_03|batch_02,batch_11|batch_13|batch_09|batch_16|batch_15|batch_08|batch_01|batch_10
zic008_aec7,20260922,4,11,8,35,batch_04|batch_14|batch_03|batch_07,batch_11|batch_13|batch_09|batch_16|batch_15|batch_08|batch_01|batch_10
zic008_aec7,20260922,4,12,8,35,batch_04|batch_14|batch_06|batch_02,batch_11|batch_13|batch_09|batch_16|batch_15|batch_08|batch_01|batch_10
zic008_aec7,20260922,4,13,8,35,batch_04|batch_14|batch_06|batch_07,batch_11|batch_13|batch_09|batch_16|batch_15|batch_08|batch_01|batch_10
zic008_aec7,20260922,4,14,8,35,batch_04|batch_14|batch_02|batch_07,batch_11|batch_13|batch_09|batch_16|batch_15|batch_08|batch_01|batch_10
zic008_aec7,20260922,4,15,8,35,batch_04|batch_12|batch_05|batch_03,batch_11|batch_13|batch_09|batch_16|batch_15|batch_08|batch_01|batch_10
zic008_aec7,20260922,4,16,8,35,batch_04|batch_12|batch_05|batch_06,batch_11|batch_13|batch_09|batch_16|batch_15|batch_08|batch_01|batch_10
zic008_aec7,20260922,4,17,8,35,batch_04|batch_12|batch_05|batch_02,batch_11|batch_13|batch_09|batch_16|batch_15|batch_08|batch_01|batch_10
zic008_aec7,20260922,4,18,8,35,batch_04|batch_12|batch_05|batch_07,batch_11|batch_13|batch_09|batch_16|batch_15|batch_08|batch_01|batch_10
zic008_aec7,20260922,4,19,8,35,batch_04|batch_12|batch_03|batch_06,batch_11|batch_13|batch_09|batch_16|batch_15|batch_08|batch_01|batch_10
zic008_aec7,20260922,4,20,8,35,batch_04|batch_12|batch_03|batch_02,batch_11|batch_13|batch_09|batch_16|batch_15|batch_08|batch_01|batch_10
zic008_aec7,20260922,4,21,8,35,batch_04|batch_12|batch_03|batch_07,batch_11|batch_13|batch_09|batch_16|batch_15|batch_08|batch_01|batch_10
zic008_aec7,20260922,4,22,8,35,batch_04|batch_12|batch_06|batch_02,batch_11|batch_13|batch_09|batch_16|batch_15|batch_08|batch_01|batch_10
zic008_aec7,20260922,4,23,8,35,batch_04|batch_12|batch_06|batch_07,batch_11|batch_13|batch_09|batch_16|batch_15|batch_08|batch_01|batch_10
zic008_aec7,20260922,4,24,8,35,batch_04|batch_12|batch_02|batch_07,batch_11|batch_13|batch_09|batch_16|batch_15|batch_08|batch_01|batch_10
zic008_aec7,20260922,4,25,8,35,batch_04|batch_05|batch_03|batch_06,batch_11|batch_13|batch_09|batch_16|batch_15|batch_08|batch_01|batch_10
zic008_aec7,20260922,4,26,8,35,batch_04|batch_05|batch_03|batch_02,batch_11|batch_13|batch_09|batch_16|batch_15|batch_08|batch_01|batch_10
zic008_aec7,20260922,4,27,8,35,batch_04|batch_05|batch_03|batch_07,batch_11|batch_13|batch_09|batch_16|batch_15|batch_08|batch_01|batch_10
zic008_aec7,20260922,4,28,8,35,batch_04|batch_05|batch_06|batch_02,batch_11|batch_13|batch_09|batch_16|batch_15|batch_08|batch_01|batch_10
zic008_aec7,20260922,4,29,8,35,batch_04|batch_05|batch_06|batch_07,batch_11|batch_13|batch_09|batch_16|batch_15|batch_08|batch_01|batch_10
zic008_aec7,20260922,4,30,8,35,batch_04|batch_05|batch_02|batch_07,batch_11|batch_13|batch_09|batch_16|batch_15|batch_08|batch_01|batch_10
zic008_aec7,20260922,4,31,8,35,batch_04|batch_03|batch_06|batch_02,batch_11|batch_13|batch_09|batch_16|batch_15|batch_08|batch_01|batch_10
zic008_aec7,20260922,4,32,8,35,batch_04|batch_03|batch_06|batch_07,batch_11|batch_13|batch_09|batch_16|batch_15|batch_08|batch_01|batch_10
zic008_aec7,20260922,4,33,8,35,batch_04|batch_03|batch_02|batch_07,batch_11|batch_13|batch_09|batch_16|batch_15|batch_08|batch_01|batch_10
zic008_aec7,20260922,4,34,8,35,batch_04|batch_06|batch_02|batch_07,batch_11|batch_13|batch_09|batch_16|batch_15|batch_08|batch_01|batch_10
zic008_aec7,20260922,4,35,8,35,batch_14|batch_12|batch_05|batch_03,batch_11|batch_13|batch_09|batch_16|batch_15|batch_08|batch_01|batch_10
zic008_aec7,20260922,4,36,8,35,batch_14|batch_12|batch_05|batch_06,batch_11|batch_13|batch_09|batch_16|batch_15|batch_08|batch_01|batch_10
zic008_aec7,20260922,4,37,8,35,batch_14|batch_12|batch_05|batch_02,batch_11|batch_13|batch_09|batch_16|batch_15|batch_08|batch_01|batch_10
zic008_aec7,20260922,4,38,8,35,batch_14|batch_12|batch_05|batch_07,batch_11|batch_13|batch_09|batch_16|batch_15|batch_08|batch_01|batch_10
zic008_aec7,20260922,4,39,8,35,batch_14|batch_12|batch_03|batch_06,batch_11|batch_13|batch_09|batch_16|batch_15|batch_08|batch_01|batch_10
zic008_aec7,20260922,4,40,8,35,batch_14|batch_12|batch_03|batch_02,batch_11|batch_13|batch_09|batch_16|batch_15|batch_08|batch_01|batch_10
zic008_aec7,20260922,4,41,8,35,batch_14|batch_12|batch_03|batch_07,batch_11|batch_13|batch_09|batch_16|batch_15|batch_08|batch_01|batch_10
zic008_aec7,20260922,4,42,8,35,batch_14|batch_12|batch_06|batch_02,batch_11|batch_13|batch_09|batch_16|batch_15|batch_08|batch_01|batch_10
zic008_aec7,20260922,4,43,8,35,batch_14|batch_12|batch_06|batch_07,batch_11|batch_13|batch_09|batch_16|batch_15|batch_08|batch_01|batch_10
zic008_aec7,20260922,4,44,8,35,batch_14|batch_12|batch_02|batch_07,batch_11|batch_13|batch_09|batch_16|batch_15|batch_08|batch_01|batch_10
zic008_aec7,20260922,4,45,8,35,batch_14|batch_05|batch_03|batch_06,batch_11|batch_13|batch_09|batch_16|batch_15|batch_08|batch_01|batch_10
zic008_aec7,20260922,4,46,8,35,batch_14|batch_05|batch_03|batch_02,batch_11|batch_13|batch_09|batch_16|batch_15|batch_08|batch_01|batch_10
zic008_aec7,20260922,4,47,8,35,batch_14|batch_05|batch_03|batch_07,batch_11|batch_13|batch_09|batch_16|batch_15|batch_08|batch_01|batch_10
zic008_aec7,20260922,4,48,8,35,batch_14|batch_05|batch_06|batch_02,batch_11|batch_13|batch_09|batch_16|batch_15|batch_08|batch_01|batch_10
zic008_aec7,20260922,4,49,8,35,batch_14|batch_05|batch_06|batch_07,batch_11|batch_13|batch_09|batch_16|batch_15|batch_08|batch_01|batch_10
zic008_aec7,20260922,4,50,8,35,batch_14|batch_05|batch_02|batch_07,batch_11|batch_13|batch_09|batch_16|batch_15|batch_08|batch_01|batch_10
zic008_aec7,20260922,4,51,8,35,batch_14|batch_03|batch_06|batch_02,batch_11|batch_13|batch_09|batch_16|batch_15|batch_08|batch_01|batch_10
zic008_aec7,20260922,4,52,8,35,batch_14|batch_03|batch_06|batch_07,batch_11|batch_13|batch_09|batch_16|batch_15|batch_08|batch_01|batch_10
zic008_aec7,20260922,4,53,8,35,batch_14|batch_03|batch_02|batch_07,batch_11|batch_13|batch_09|batch_16|batch_15|batch_08|batch_01|batch_10
zic008_aec7,20260922,4,54,8,35,batch_14|batch_06|batch_02|batch_07,batch_11|batch_13|batch_09|batch_16|batch_15|batch_08|batch_01|batch_10
zic008_aec7,20260922,4,55,8,35,batch_12|batch_05|batch_03|batch_06,batch_11|batch_13|batch_09|batch_16|batch_15|batch_08|batch_01|batch_10
zic008_aec7,20260922,4,56,8,35,batch_12|batch_05|batch_03|batch_02,batch_11|batch_13|batch_09|batch_16|batch_15|batch_08|batch_01|batch_10
zic008_aec7,20260922,4,57,8,35,batch_12|batch_05|batch_03|batch_07,batch_11|batch_13|batch_09|batch_16|batch_15|batch_08|batch_01|batch_10
zic008_aec7,20260922,4,58,8,35,batch_12|batch_05|batch_06|batch_02,batch_11|batch_13|batch_09|batch_16|batch_15|batch_08|batch_01|batch_10
zic008_aec7,20260922,4,59,8,35,batch_12|batch_05|batch_06|batch_07,batch_11|batch_13|batch_09|batch_16|batch_15|batch_08|batch_01|batch_10
zic008_aec7,20260922,4,60,8,35,batch_12|batch_05|batch_02|batch_07,batch_11|batch_13|batch_09|batch_16|batch_15|batch_08|batch_01|batch_10
zic008_aec7,20260922,4,61,8,35,batch_12|batch_03|batch_06|batch_02,batch_11|batch_13|batch_09|batch_16|batch_15|batch_08|batch_01|batch_10
zic008_aec7,20260922,4,62,8,35,batch_12|batch_03|batch_06|batch_07,batch_11|batch_13|batch_09|batch_16|batch_15|batch_08|batch_01|batch_10
zic008_aec7,20260922,4,63,8,35,batch_12|batch_03|batch_02|batch_07,batch_11|batch_13|batch_09|batch_16|batch_15|batch_08|batch_01|batch_10
zic008_aec7,20260922,4,64,8,35,batch_12|batch_06|batch_02|batch_07,batch_11|batch_13|batch_09|batch_16|batch_15|batch_08|batch_01|batch_10
zic008_aec7,20260922,4,65,8,35,batch_05|batch_03|batch_06|batch_02,batch_11|batch_13|batch_09|batch_16|batch_15|batch_08|batch_01|batch_10
zic008_aec7,20260922,4,66,8,35,batch_05|batch_03|batch_06|batch_07,batch_11|batch_13|batch_09|batch_16|batch_15|batch_08|batch_01|batch_10
zic008_aec7,20260922,4,67,8,35,batch_05|batch_03|batch_02|batch_07,batch_11|batch_13|batch_09|batch_16|batch_15|batch_08|batch_01|batch_10
zic008_aec7,20260922,4,68,8,35,batch_05|batch_06|batch_02|batch_07,batch_11|batch_13|batch_09|batch_16|batch_15|batch_08|batch_01|batch_10
zic008_aec7,20260922,4,69,8,35,batch_03|batch_06|batch_02|batch_07,batch_11|batch_13|batch_09|batch_16|batch_15|batch_08|batch_01|batch_10
zic008_aec7,20260922,5,0,8,35,batch_04|batch_14|batch_12|batch_05|batch_03,batch_11|batch_13|batch_09|batch_16|batch_15|batch_08|batch_01|batch_10
zic008_aec7,20260922,5,1,8,35,batch_04|batch_14|batch_12|batch_05|batch_06,batch_11|batch_13|batch_09|batch_16|batch_15|batch_08|batch_01|batch_10
zic008_aec7,20260922,5,2,8,35,batch_04|batch_14|batch_12|batch_05|batch_02,batch_11|batch_13|batch_09|batch_16|batch_15|batch_08|batch_01|batch_10
zic008_aec7,20260922,5,3,8,35,batch_04|batch_14|batch_12|batch_05|batch_07,batch_11|batch_13|batch_09|batch_16|batch_15|batch_08|batch_01|batch_10
zic008_aec7,20260922,5,4,8,35,batch_04|batch_14|batch_12|batch_03|batch_06,batch_11|batch_13|batch_09|batch_16|batch_15|batch_08|batch_01|batch_10
zic008_aec7,20260922,5,5,8,35,batch_04|batch_14|batch_12|batch_03|batch_02,batch_11|batch_13|batch_09|batch_16|batch_15|batch_08|batch_01|batch_10
zic008_aec7,20260922,5,6,8,35,batch_04|batch_14|batch_12|batch_03|batch_07,batch_11|batch_13|batch_09|batch_16|batch_15|batch_08|batch_01|batch_10
zic008_aec7,20260922,5,7,8,35,batch_04|batch_14|batch_12|batch_06|batch_02,batch_11|batch_13|batch_09|batch_16|batch_15|batch_08|batch_01|batch_10
zic008_aec7,20260922,5,8,8,35,batch_04|batch_14|batch_12|batch_06|batch_07,batch_11|batch_13|batch_09|batch_16|batch_15|batch_08|batch_01|batch_10
zic008_aec7,20260922,5,9,8,35,batch_04|batch_14|batch_12|batch_02|batch_07,batch_11|batch_13|batch_09|batch_16|batch_15|batch_08|batch_01|batch_10
zic008_aec7,20260922,5,10,8,35,batch_04|batch_14|batch_05|batch_03|batch_06,batch_11|batch_13|batch_09|batch_16|batch_15|batch_08|batch_01|batch_10
zic008_aec7,20260922,5,11,8,35,batch_04|batch_14|batch_05|batch_03|batch_02,batch_11|batch_13|batch_09|batch_16|batch_15|batch_08|batch_01|batch_10
zic008_aec7,20260922,5,12,8,35,batch_04|batch_14|batch_05|batch_03|batch_07,batch_11|batch_13|batch_09|batch_16|batch_15|batch_08|batch_01|batch_10
zic008_aec7,20260922,5,13,8,35,batch_04|batch_14|batch_05|batch_06|batch_02,batch_11|batch_13|batch_09|batch_16|batch_15|batch_08|batch_01|batch_10
zic008_aec7,20260922,5,14,8,35,batch_04|batch_14|batch_05|batch_06|batch_07,batch_11|batch_13|batch_09|batch_16|batch_15|batch_08|batch_01|batch_10
zic008_aec7,20260922,5,15,8,35,batch_04|batch_14|batch_05|batch_02|batch_07,batch_11|batch_13|batch_09|batch_16|batch_15|batch_08|batch_01|batch_10
zic008_aec7,20260922,5,16,8,35,batch_04|batch_14|batch_03|batch_06|batch_02,batch_11|batch_13|batch_09|batch_16|batch_15|batch_08|batch_01|batch_10
zic008_aec7,20260922,5,17,8,35,batch_04|batch_14|batch_03|batch_06|batch_07,batch_11|batch_13|batch_09|batch_16|batch_15|batch_08|batch_01|batch_10
zic008_aec7,20260922,5,18,8,35,batch_04|batch_14|batch_03|batch_02|batch_07,batch_11|batch_13|batch_09|batch_16|batch_15|batch_08|batch_01|batch_10
zic008_aec7,20260922,5,19,8,35,batch_04|batch_14|batch_06|batch_02|batch_07,batch_11|batch_13|batch_09|batch_16|batch_15|batch_08|batch_01|batch_10
zic008_aec7,20260922,5,20,8,35,batch_04|batch_12|batch_05|batch_03|batch_06,batch_11|batch_13|batch_09|batch_16|batch_15|batch_08|batch_01|batch_10
zic008_aec7,20260922,5,21,8,35,batch_04|batch_12|batch_05|batch_03|batch_02,batch_11|batch_13|batch_09|batch_16|batch_15|batch_08|batch_01|batch_10
zic008_aec7,20260922,5,22,8,35,batch_04|batch_12|batch_05|batch_03|batch_07,batch_11|batch_13|batch_09|batch_16|batch_15|batch_08|batch_01|batch_10
zic008_aec7,20260922,5,23,8,35,batch_04|batch_12|batch_05|batch_06|batch_02,batch_11|batch_13|batch_09|batch_16|batch_15|batch_08|batch_01|batch_10
zic008_aec7,20260922,5,24,8,35,batch_04|batch_12|batch_05|batch_06|batch_07,batch_11|batch_13|batch_09|batch_16|batch_15|batch_08|batch_01|batch_10
zic008_aec7,20260922,5,25,8,35,batch_04|batch_12|batch_05|batch_02|batch_07,batch_11|batch_13|batch_09|batch_16|batch_15|batch_08|batch_01|batch_10
zic008_aec7,20260922,5,26,8,35,batch_04|batch_12|batch_03|batch_06|batch_02,batch_11|batch_13|batch_09|batch_16|batch_15|batch_08|batch_01|batch_10
zic008_aec7,20260922,5,27,8,35,batch_04|batch_12|batch_03|batch_06|batch_07,batch_11|batch_13|batch_09|batch_16|batch_15|batch_08|batch_01|batch_10
zic008_aec7,20260922,5,28,8,35,batch_04|batch_12|batch_03|batch_02|batch_07,batch_11|batch_13|batch_09|batch_16|batch_15|batch_08|batch_01|batch_10
zic008_aec7,20260922,5,29,8,35,batch_04|batch_12|batch_06|batch_02|batch_07,batch_11|batch_13|batch_09|batch_16|batch_15|batch_08|batch_01|batch_10
zic008_aec7,20260922,5,30,8,35,batch_04|batch_05|batch_03|batch_06|batch_02,batch_11|batch_13|batch_09|batch_16|batch_15|batch_08|batch_01|batch_10
zic008_aec7,20260922,5,31,8,35,batch_04|batch_05|batch_03|batch_06|batch_07,batch_11|batch_13|batch_09|batch_16|batch_15|batch_08|batch_01|batch_10
zic008_aec7,20260922,5,32,8,35,batch_04|batch_05|batch_03|batch_02|batch_07,batch_11|batch_13|batch_09|batch_16|batch_15|batch_08|batch_01|batch_10
zic008_aec7,20260922,5,33,8,35,batch_04|batch_05|batch_06|batch_02|batch_07,batch_11|batch_13|batch_09|batch_16|batch_15|batch_08|batch_01|batch_10
zic008_aec7,20260922,5,34,8,35,batch_04|batch_03|batch_06|batch_02|batch_07,batch_11|batch_13|batch_09|batch_16|batch_15|batch_08|batch_01|batch_10
zic008_aec7,20260922,5,35,8,35,batch_14|batch_12|batch_05|batch_03|batch_06,batch_11|batch_13|batch_09|batch_16|batch_15|batch_08|batch_01|batch_10
zic008_aec7,20260922,5,36,8,35,batch_14|batch_12|batch_05|batch_03|batch_02,batch_11|batch_13|batch_09|batch_16|batch_15|batch_08|batch_01|batch_10
zic008_aec7,20260922,5,37,8,35,batch_14|batch_12|batch_05|batch_03|batch_07,batch_11|batch_13|batch_09|batch_16|batch_15|batch_08|batch_01|batch_10
zic008_aec7,20260922,5,38,8,35,batch_14|batch_12|batch_05|batch_06|batch_02,batch_11|batch_13|batch_09|batch_16|batch_15|batch_08|batch_01|batch_10
zic008_aec7,20260922,5,39,8,35,batch_14|batch_12|batch_05|batch_06|batch_07,batch_11|batch_13|batch_09|batch_16|batch_15|batch_08|batch_01|batch_10
zic008_aec7,20260922,5,40,8,35,batch_14|batch_12|batch_05|batch_02|batch_07,batch_11|batch_13|batch_09|batch_16|batch_15|batch_08|batch_01|batch_10
zic008_aec7,20260922,5,41,8,35,batch_14|batch_12|batch_03|batch_06|batch_02,batch_11|batch_13|batch_09|batch_16|batch_15|batch_08|batch_01|batch_10
zic008_aec7,20260922,5,42,8,35,batch_14|batch_12|batch_03|batch_06|batch_07,batch_11|batch_13|batch_09|batch_16|batch_15|batch_08|batch_01|batch_10
zic008_aec7,20260922,5,43,8,35,batch_14|batch_12|batch_03|batch_02|batch_07,batch_11|batch_13|batch_09|batch_16|batch_15|batch_08|batch_01|batch_10
zic008_aec7,20260922,5,44,8,35,batch_14|batch_12|batch_06|batch_02|batch_07,batch_11|batch_13|batch_09|batch_16|batch_15|batch_08|batch_01|batch_10
zic008_aec7,20260922,5,45,8,35,batch_14|batch_05|batch_03|batch_06|batch_02,batch_11|batch_13|batch_09|batch_16|batch_15|batch_08|batch_01|batch_10
zic008_aec7,20260922,5,46,8,35,batch_14|batch_05|batch_03|batch_06|batch_07,batch_11|batch_13|batch_09|batch_16|batch_15|batch_08|batch_01|batch_10
zic008_aec7,20260922,5,47,8,35,batch_14|batch_05|batch_03|batch_02|batch_07,batch_11|batch_13|batch_09|batch_16|batch_15|batch_08|batch_01|batch_10
zic008_aec7,20260922,5,48,8,35,batch_14|batch_05|batch_06|batch_02|batch_07,batch_11|batch_13|batch_09|batch_16|batch_15|batch_08|batch_01|batch_10
zic008_aec7,20260922,5,49,8,35,batch_14|batch_03|batch_06|batch_02|batch_07,batch_11|batch_13|batch_09|batch_16|batch_15|batch_08|batch_01|batch_10
zic008_aec7,20260922,5,50,8,35,batch_12|batch_05|batch_03|batch_06|batch_02,batch_11|batch_13|batch_09|batch_16|batch_15|batch_08|batch_01|batch_10
zic008_aec7,20260922,5,51,8,35,batch_12|batch_05|batch_03|batch_06|batch_07,batch_11|batch_13|batch_09|batch_16|batch_15|batch_08|batch_01|batch_10
zic008_aec7,20260922,5,52,8,35,batch_12|batch_05|batch_03|batch_02|batch_07,batch_11|batch_13|batch_09|batch_16|batch_15|batch_08|batch_01|batch_10
zic008_aec7,20260922,5,53,8,35,batch_12|batch_05|batch_06|batch_02|batch_07,batch_11|batch_13|batch_09|batch_16|batch_15|batch_08|batch_01|batch_10
zic008_aec7,20260922,5,54,8,35,batch_12|batch_03|batch_06|batch_02|batch_07,batch_11|batch_13|batch_09|batch_16|batch_15|batch_08|batch_01|batch_10
zic008_aec7,20260922,5,55,8,35,batch_05|batch_03|batch_06|batch_02|batch_07,batch_11|batch_13|batch_09|batch_16|batch_15|batch_08|batch_01|batch_10
zic008_aec7,20260922,6,0,8,35,batch_04|batch_14|batch_12|batch_05|batch_03|batch_06,batch_11|batch_13|batch_09|batch_16|batch_15|batch_08|batch_01|batch_10
zic008_aec7,20260922,6,1,8,35,batch_04|batch_14|batch_12|batch_05|batch_03|batch_02,batch_11|batch_13|batch_09|batch_16|batch_15|batch_08|batch_01|batch_10
zic008_aec7,20260922,6,2,8,35,batch_04|batch_14|batch_12|batch_05|batch_03|batch_07,batch_11|batch_13|batch_09|batch_16|batch_15|batch_08|batch_01|batch_10
zic008_aec7,20260922,6,3,8,35,batch_04|batch_14|batch_12|batch_05|batch_06|batch_02,batch_11|batch_13|batch_09|batch_16|batch_15|batch_08|batch_01|batch_10
zic008_aec7,20260922,6,4,8,35,batch_04|batch_14|batch_12|batch_05|batch_06|batch_07,batch_11|batch_13|batch_09|batch_16|batch_15|batch_08|batch_01|batch_10
zic008_aec7,20260922,6,5,8,35,batch_04|batch_14|batch_12|batch_05|batch_02|batch_07,batch_11|batch_13|batch_09|batch_16|batch_15|batch_08|batch_01|batch_10
zic008_aec7,20260922,6,6,8,35,batch_04|batch_14|batch_12|batch_03|batch_06|batch_02,batch_11|batch_13|batch_09|batch_16|batch_15|batch_08|batch_01|batch_10
zic008_aec7,20260922,6,7,8,35,batch_04|batch_14|batch_12|batch_03|batch_06|batch_07,batch_11|batch_13|batch_09|batch_16|batch_15|batch_08|batch_01|batch_10
zic008_aec7,20260922,6,8,8,35,batch_04|batch_14|batch_12|batch_03|batch_02|batch_07,batch_11|batch_13|batch_09|batch_16|batch_15|batch_08|batch_01|batch_10
zic008_aec7,20260922,6,9,8,35,batch_04|batch_14|batch_12|batch_06|batch_02|batch_07,batch_11|batch_13|batch_09|batch_16|batch_15|batch_08|batch_01|batch_10
zic008_aec7,20260922,6,10,8,35,batch_04|batch_14|batch_05|batch_03|batch_06|batch_02,batch_11|batch_13|batch_09|batch_16|batch_15|batch_08|batch_01|batch_10
zic008_aec7,20260922,6,11,8,35,batch_04|batch_14|batch_05|batch_03|batch_06|batch_07,batch_11|batch_13|batch_09|batch_16|batch_15|batch_08|batch_01|batch_10
zic008_aec7,20260922,6,12,8,35,batch_04|batch_14|batch_05|batch_03|batch_02|batch_07,batch_11|batch_13|batch_09|batch_16|batch_15|batch_08|batch_01|batch_10
zic008_aec7,20260922,6,13,8,35,batch_04|batch_14|batch_05|batch_06|batch_02|batch_07,batch_11|batch_13|batch_09|batch_16|batch_15|batch_08|batch_01|batch_10
zic008_aec7,20260922,6,14,8,35,batch_04|batch_14|batch_03|batch_06|batch_02|batch_07,batch_11|batch_13|batch_09|batch_16|batch_15|batch_08|batch_01|batch_10
zic008_aec7,20260922,6,15,8,35,batch_04|batch_12|batch_05|batch_03|batch_06|batch_02,batch_11|batch_13|batch_09|batch_16|batch_15|batch_08|batch_01|batch_10
zic008_aec7,20260922,6,16,8,35,batch_04|batch_12|batch_05|batch_03|batch_06|batch_07,batch_11|batch_13|batch_09|batch_16|batch_15|batch_08|batch_01|batch_10
zic008_aec7,20260922,6,17,8,35,batch_04|batch_12|batch_05|batch_03|batch_02|batch_07,batch_11|batch_13|batch_09|batch_16|batch_15|batch_08|batch_01|batch_10
zic008_aec7,20260922,6,18,8,35,batch_04|batch_12|batch_05|batch_06|batch_02|batch_07,batch_11|batch_13|batch_09|batch_16|batch_15|batch_08|batch_01|batch_10
zic008_aec7,20260922,6,19,8,35,batch_04|batch_12|batch_03|batch_06|batch_02|batch_07,batch_11|batch_13|batch_09|batch_16|batch_15|batch_08|batch_01|batch_10
zic008_aec7,20260922,6,20,8,35,batch_04|batch_05|batch_03|batch_06|batch_02|batch_07,batch_11|batch_13|batch_09|batch_16|batch_15|batch_08|batch_01|batch_10
zic008_aec7,20260922,6,21,8,35,batch_14|batch_12|batch_05|batch_03|batch_06|batch_02,batch_11|batch_13|batch_09|batch_16|batch_15|batch_08|batch_01|batch_10
zic008_aec7,20260922,6,22,8,35,batch_14|batch_12|batch_05|batch_03|batch_06|batch_07,batch_11|batch_13|batch_09|batch_16|batch_15|batch_08|batch_01|batch_10
zic008_aec7,20260922,6,23,8,35,batch_14|batch_12|batch_05|batch_03|batch_02|batch_07,batch_11|batch_13|batch_09|batch_16|batch_15|batch_08|batch_01|batch_10
zic008_aec7,20260922,6,24,8,35,batch_14|batch_12|batch_05|batch_06|batch_02|batch_07,batch_11|batch_13|batch_09|batch_16|batch_15|batch_08|batch_01|batch_10
zic008_aec7,20260922,6,25,8,35,batch_14|batch_12|batch_03|batch_06|batch_02|batch_07,batch_11|batch_13|batch_09|batch_16|batch_15|batch_08|batch_01|batch_10
zic008_aec7,20260922,6,26,8,35,batch_14|batch_05|batch_03|batch_06|batch_02|batch_07,batch_11|batch_13|batch_09|batch_16|batch_15|batch_08|batch_01|batch_10
zic008_aec7,20260922,6,27,8,35,batch_12|batch_05|batch_03|batch_06|batch_02|batch_07,batch_11|batch_13|batch_09|batch_16|batch_15|batch_08|batch_01|batch_10
zic008_aec7,20260922,7,0,8,35,batch_04|batch_14|batch_12|batch_05|batch_03|batch_06|batch_02,batch_11|batch_13|batch_09|batch_16|batch_15|batch_08|batch_01|batch_10
zic008_aec7,20260922,7,1,8,35,batch_04|batch_14|batch_12|batch_05|batch_03|batch_06|batch_07,batch_11|batch_13|batch_09|batch_16|batch_15|batch_08|batch_01|batch_10
zic008_aec7,20260922,7,2,8,35,batch_04|batch_14|batch_12|batch_05|batch_03|batch_02|batch_07,batch_11|batch_13|batch_09|batch_16|batch_15|batch_08|batch_01|batch_10
zic008_aec7,20260922,7,3,8,35,batch_04|batch_14|batch_12|batch_05|batch_06|batch_02|batch_07,batch_11|batch_13|batch_09|batch_16|batch_15|batch_08|batch_01|batch_10
zic008_aec7,20260922,7,4,8,35,batch_04|batch_14|batch_12|batch_03|batch_06|batch_02|batch_07,batch_11|batch_13|batch_09|batch_16|batch_15|batch_08|batch_01|batch_10
zic008_aec7,20260922,7,5,8,35,batch_04|batch_14|batch_05|batch_03|batch_06|batch_02|batch_07,batch_11|batch_13|batch_09|batch_16|batch_15|batch_08|batch_01|batch_10
zic008_aec7,20260922,7,6,8,35,batch_04|batch_12|batch_05|batch_03|batch_06|batch_02|batch_07,batch_11|batch_13|batch_09|batch_16|batch_15|batch_08|batch_01|batch_10
zic008_aec7,20260922,7,7,8,35,batch_14|batch_12|batch_05|batch_03|batch_06|batch_02|batch_07,batch_11|batch_13|batch_09|batch_16|batch_15|batch_08|batch_01|batch_10
zic008_aec7,20260922,8,0,8,35,batch_04|batch_14|batch_12|batch_05|batch_03|batch_06|batch_02|batch_07,batch_11|batch_13|batch_09|batch_16|batch_15|batch_08|batch_01|batch_10
zic008_aec7,20260923,1,0,8,35,batch_15,batch_13|batch_02|batch_12|batch_05|batch_14|batch_10|batch_04|batch_16
zic008_aec7,20260923,1,1,8,35,batch_03,batch_13|batch_02|batch_12|batch_05|batch_14|batch_10|batch_04|batch_16
zic008_aec7,20260923,1,2,8,35,batch_08,batch_13|batch_02|batch_12|batch_05|batch_14|batch_10|batch_04|batch_16
zic008_aec7,20260923,1,3,8,35,batch_09,batch_13|batch_02|batch_12|batch_05|batch_14|batch_10|batch_04|batch_16
zic008_aec7,20260923,1,4,8,35,batch_11,batch_13|batch_02|batch_12|batch_05|batch_14|batch_10|batch_04|batch_16
zic008_aec7,20260923,1,5,8,35,batch_07,batch_13|batch_02|batch_12|batch_05|batch_14|batch_10|batch_04|batch_16
zic008_aec7,20260923,1,6,8,35,batch_06,batch_13|batch_02|batch_12|batch_05|batch_14|batch_10|batch_04|batch_16
zic008_aec7,20260923,1,7,8,35,batch_01,batch_13|batch_02|batch_12|batch_05|batch_14|batch_10|batch_04|batch_16
zic008_aec7,20260923,2,0,8,35,batch_15|batch_03,batch_13|batch_02|batch_12|batch_05|batch_14|batch_10|batch_04|batch_16
zic008_aec7,20260923,2,1,8,35,batch_15|batch_08,batch_13|batch_02|batch_12|batch_05|batch_14|batch_10|batch_04|batch_16
zic008_aec7,20260923,2,2,8,35,batch_15|batch_09,batch_13|batch_02|batch_12|batch_05|batch_14|batch_10|batch_04|batch_16
zic008_aec7,20260923,2,3,8,35,batch_15|batch_11,batch_13|batch_02|batch_12|batch_05|batch_14|batch_10|batch_04|batch_16
zic008_aec7,20260923,2,4,8,35,batch_15|batch_07,batch_13|batch_02|batch_12|batch_05|batch_14|batch_10|batch_04|batch_16
zic008_aec7,20260923,2,5,8,35,batch_15|batch_06,batch_13|batch_02|batch_12|batch_05|batch_14|batch_10|batch_04|batch_16
zic008_aec7,20260923,2,6,8,35,batch_15|batch_01,batch_13|batch_02|batch_12|batch_05|batch_14|batch_10|batch_04|batch_16
zic008_aec7,20260923,2,7,8,35,batch_03|batch_08,batch_13|batch_02|batch_12|batch_05|batch_14|batch_10|batch_04|batch_16
zic008_aec7,20260923,2,8,8,35,batch_03|batch_09,batch_13|batch_02|batch_12|batch_05|batch_14|batch_10|batch_04|batch_16
zic008_aec7,20260923,2,9,8,35,batch_03|batch_11,batch_13|batch_02|batch_12|batch_05|batch_14|batch_10|batch_04|batch_16
zic008_aec7,20260923,2,10,8,35,batch_03|batch_07,batch_13|batch_02|batch_12|batch_05|batch_14|batch_10|batch_04|batch_16
zic008_aec7,20260923,2,11,8,35,batch_03|batch_06,batch_13|batch_02|batch_12|batch_05|batch_14|batch_10|batch_04|batch_16
zic008_aec7,20260923,2,12,8,35,batch_03|batch_01,batch_13|batch_02|batch_12|batch_05|batch_14|batch_10|batch_04|batch_16
zic008_aec7,20260923,2,13,8,35,batch_08|batch_09,batch_13|batch_02|batch_12|batch_05|batch_14|batch_10|batch_04|batch_16
zic008_aec7,20260923,2,14,8,35,batch_08|batch_11,batch_13|batch_02|batch_12|batch_05|batch_14|batch_10|batch_04|batch_16
zic008_aec7,20260923,2,15,8,35,batch_08|batch_07,batch_13|batch_02|batch_12|batch_05|batch_14|batch_10|batch_04|batch_16
zic008_aec7,20260923,2,16,8,35,batch_08|batch_06,batch_13|batch_02|batch_12|batch_05|batch_14|batch_10|batch_04|batch_16
zic008_aec7,20260923,2,17,8,35,batch_08|batch_01,batch_13|batch_02|batch_12|batch_05|batch_14|batch_10|batch_04|batch_16
zic008_aec7,20260923,2,18,8,35,batch_09|batch_11,batch_13|batch_02|batch_12|batch_05|batch_14|batch_10|batch_04|batch_16
zic008_aec7,20260923,2,19,8,35,batch_09|batch_07,batch_13|batch_02|batch_12|batch_05|batch_14|batch_10|batch_04|batch_16
zic008_aec7,20260923,2,20,8,35,batch_09|batch_06,batch_13|batch_02|batch_12|batch_05|batch_14|batch_10|batch_04|batch_16
zic008_aec7,20260923,2,21,8,35,batch_09|batch_01,batch_13|batch_02|batch_12|batch_05|batch_14|batch_10|batch_04|batch_16
zic008_aec7,20260923,2,22,8,35,batch_11|batch_07,batch_13|batch_02|batch_12|batch_05|batch_14|batch_10|batch_04|batch_16
zic008_aec7,20260923,2,23,8,35,batch_11|batch_06,batch_13|batch_02|batch_12|batch_05|batch_14|batch_10|batch_04|batch_16
zic008_aec7,20260923,2,24,8,35,batch_11|batch_01,batch_13|batch_02|batch_12|batch_05|batch_14|batch_10|batch_04|batch_16
zic008_aec7,20260923,2,25,8,35,batch_07|batch_06,batch_13|batch_02|batch_12|batch_05|batch_14|batch_10|batch_04|batch_16
zic008_aec7,20260923,2,26,8,35,batch_07|batch_01,batch_13|batch_02|batch_12|batch_05|batch_14|batch_10|batch_04|batch_16
zic008_aec7,20260923,2,27,8,35,batch_06|batch_01,batch_13|batch_02|batch_12|batch_05|batch_14|batch_10|batch_04|batch_16
zic008_aec7,20260923,3,0,8,35,batch_15|batch_03|batch_08,batch_13|batch_02|batch_12|batch_05|batch_14|batch_10|batch_04|batch_16
zic008_aec7,20260923,3,1,8,35,batch_15|batch_03|batch_09,batch_13|batch_02|batch_12|batch_05|batch_14|batch_10|batch_04|batch_16
zic008_aec7,20260923,3,2,8,35,batch_15|batch_03|batch_11,batch_13|batch_02|batch_12|batch_05|batch_14|batch_10|batch_04|batch_16
zic008_aec7,20260923,3,3,8,35,batch_15|batch_03|batch_07,batch_13|batch_02|batch_12|batch_05|batch_14|batch_10|batch_04|batch_16
zic008_aec7,20260923,3,4,8,35,batch_15|batch_03|batch_06,batch_13|batch_02|batch_12|batch_05|batch_14|batch_10|batch_04|batch_16
zic008_aec7,20260923,3,5,8,35,batch_15|batch_03|batch_01,batch_13|batch_02|batch_12|batch_05|batch_14|batch_10|batch_04|batch_16
zic008_aec7,20260923,3,6,8,35,batch_15|batch_08|batch_09,batch_13|batch_02|batch_12|batch_05|batch_14|batch_10|batch_04|batch_16
zic008_aec7,20260923,3,7,8,35,batch_15|batch_08|batch_11,batch_13|batch_02|batch_12|batch_05|batch_14|batch_10|batch_04|batch_16
zic008_aec7,20260923,3,8,8,35,batch_15|batch_08|batch_07,batch_13|batch_02|batch_12|batch_05|batch_14|batch_10|batch_04|batch_16
zic008_aec7,20260923,3,9,8,35,batch_15|batch_08|batch_06,batch_13|batch_02|batch_12|batch_05|batch_14|batch_10|batch_04|batch_16
zic008_aec7,20260923,3,10,8,35,batch_15|batch_08|batch_01,batch_13|batch_02|batch_12|batch_05|batch_14|batch_10|batch_04|batch_16
zic008_aec7,20260923,3,11,8,35,batch_15|batch_09|batch_11,batch_13|batch_02|batch_12|batch_05|batch_14|batch_10|batch_04|batch_16
zic008_aec7,20260923,3,12,8,35,batch_15|batch_09|batch_07,batch_13|batch_02|batch_12|batch_05|batch_14|batch_10|batch_04|batch_16
zic008_aec7,20260923,3,13,8,35,batch_15|batch_09|batch_06,batch_13|batch_02|batch_12|batch_05|batch_14|batch_10|batch_04|batch_16
zic008_aec7,20260923,3,14,8,35,batch_15|batch_09|batch_01,batch_13|batch_02|batch_12|batch_05|batch_14|batch_10|batch_04|batch_16
zic008_aec7,20260923,3,15,8,35,batch_15|batch_11|batch_07,batch_13|batch_02|batch_12|batch_05|batch_14|batch_10|batch_04|batch_16
zic008_aec7,20260923,3,16,8,35,batch_15|batch_11|batch_06,batch_13|batch_02|batch_12|batch_05|batch_14|batch_10|batch_04|batch_16
zic008_aec7,20260923,3,17,8,35,batch_15|batch_11|batch_01,batch_13|batch_02|batch_12|batch_05|batch_14|batch_10|batch_04|batch_16
zic008_aec7,20260923,3,18,8,35,batch_15|batch_07|batch_06,batch_13|batch_02|batch_12|batch_05|batch_14|batch_10|batch_04|batch_16
zic008_aec7,20260923,3,19,8,35,batch_15|batch_07|batch_01,batch_13|batch_02|batch_12|batch_05|batch_14|batch_10|batch_04|batch_16
zic008_aec7,20260923,3,20,8,35,batch_15|batch_06|batch_01,batch_13|batch_02|batch_12|batch_05|batch_14|batch_10|batch_04|batch_16
zic008_aec7,20260923,3,21,8,35,batch_03|batch_08|batch_09,batch_13|batch_02|batch_12|batch_05|batch_14|batch_10|batch_04|batch_16
zic008_aec7,20260923,3,22,8,35,batch_03|batch_08|batch_11,batch_13|batch_02|batch_12|batch_05|batch_14|batch_10|batch_04|batch_16
zic008_aec7,20260923,3,23,8,35,batch_03|batch_08|batch_07,batch_13|batch_02|batch_12|batch_05|batch_14|batch_10|batch_04|batch_16
zic008_aec7,20260923,3,24,8,35,batch_03|batch_08|batch_06,batch_13|batch_02|batch_12|batch_05|batch_14|batch_10|batch_04|batch_16
zic008_aec7,20260923,3,25,8,35,batch_03|batch_08|batch_01,batch_13|batch_02|batch_12|batch_05|batch_14|batch_10|batch_04|batch_16
zic008_aec7,20260923,3,26,8,35,batch_03|batch_09|batch_11,batch_13|batch_02|batch_12|batch_05|batch_14|batch_10|batch_04|batch_16
zic008_aec7,20260923,3,27,8,35,batch_03|batch_09|batch_07,batch_13|batch_02|batch_12|batch_05|batch_14|batch_10|batch_04|batch_16
zic008_aec7,20260923,3,28,8,35,batch_03|batch_09|batch_06,batch_13|batch_02|batch_12|batch_05|batch_14|batch_10|batch_04|batch_16
zic008_aec7,20260923,3,29,8,35,batch_03|batch_09|batch_01,batch_13|batch_02|batch_12|batch_05|batch_14|batch_10|batch_04|batch_16
zic008_aec7,20260923,3,30,8,35,batch_03|batch_11|batch_07,batch_13|batch_02|batch_12|batch_05|batch_14|batch_10|batch_04|batch_16
zic008_aec7,20260923,3,31,8,35,batch_03|batch_11|batch_06,batch_13|batch_02|batch_12|batch_05|batch_14|batch_10|batch_04|batch_16
zic008_aec7,20260923,3,32,8,35,batch_03|batch_11|batch_01,batch_13|batch_02|batch_12|batch_05|batch_14|batch_10|batch_04|batch_16
zic008_aec7,20260923,3,33,8,35,batch_03|batch_07|batch_06,batch_13|batch_02|batch_12|batch_05|batch_14|batch_10|batch_04|batch_16
zic008_aec7,20260923,3,34,8,35,batch_03|batch_07|batch_01,batch_13|batch_02|batch_12|batch_05|batch_14|batch_10|batch_04|batch_16
zic008_aec7,20260923,3,35,8,35,batch_03|batch_06|batch_01,batch_13|batch_02|batch_12|batch_05|batch_14|batch_10|batch_04|batch_16
zic008_aec7,20260923,3,36,8,35,batch_08|batch_09|batch_11,batch_13|batch_02|batch_12|batch_05|batch_14|batch_10|batch_04|batch_16
zic008_aec7,20260923,3,37,8,35,batch_08|batch_09|batch_07,batch_13|batch_02|batch_12|batch_05|batch_14|batch_10|batch_04|batch_16
zic008_aec7,20260923,3,38,8,35,batch_08|batch_09|batch_06,batch_13|batch_02|batch_12|batch_05|batch_14|batch_10|batch_04|batch_16
zic008_aec7,20260923,3,39,8,35,batch_08|batch_09|batch_01,batch_13|batch_02|batch_12|batch_05|batch_14|batch_10|batch_04|batch_16
zic008_aec7,20260923,3,40,8,35,batch_08|batch_11|batch_07,batch_13|batch_02|batch_12|batch_05|batch_14|batch_10|batch_04|batch_16
zic008_aec7,20260923,3,41,8,35,batch_08|batch_11|batch_06,batch_13|batch_02|batch_12|batch_05|batch_14|batch_10|batch_04|batch_16
zic008_aec7,20260923,3,42,8,35,batch_08|batch_11|batch_01,batch_13|batch_02|batch_12|batch_05|batch_14|batch_10|batch_04|batch_16
zic008_aec7,20260923,3,43,8,35,batch_08|batch_07|batch_06,batch_13|batch_02|batch_12|batch_05|batch_14|batch_10|batch_04|batch_16
zic008_aec7,20260923,3,44,8,35,batch_08|batch_07|batch_01,batch_13|batch_02|batch_12|batch_05|batch_14|batch_10|batch_04|batch_16
zic008_aec7,20260923,3,45,8,35,batch_08|batch_06|batch_01,batch_13|batch_02|batch_12|batch_05|batch_14|batch_10|batch_04|batch_16
zic008_aec7,20260923,3,46,8,35,batch_09|batch_11|batch_07,batch_13|batch_02|batch_12|batch_05|batch_14|batch_10|batch_04|batch_16
zic008_aec7,20260923,3,47,8,35,batch_09|batch_11|batch_06,batch_13|batch_02|batch_12|batch_05|batch_14|batch_10|batch_04|batch_16
zic008_aec7,20260923,3,48,8,35,batch_09|batch_11|batch_01,batch_13|batch_02|batch_12|batch_05|batch_14|batch_10|batch_04|batch_16
zic008_aec7,20260923,3,49,8,35,batch_09|batch_07|batch_06,batch_13|batch_02|batch_12|batch_05|batch_14|batch_10|batch_04|batch_16
zic008_aec7,20260923,3,50,8,35,batch_09|batch_07|batch_01,batch_13|batch_02|batch_12|batch_05|batch_14|batch_10|batch_04|batch_16
zic008_aec7,20260923,3,51,8,35,batch_09|batch_06|batch_01,batch_13|batch_02|batch_12|batch_05|batch_14|batch_10|batch_04|batch_16
zic008_aec7,20260923,3,52,8,35,batch_11|batch_07|batch_06,batch_13|batch_02|batch_12|batch_05|batch_14|batch_10|batch_04|batch_16
zic008_aec7,20260923,3,53,8,35,batch_11|batch_07|batch_01,batch_13|batch_02|batch_12|batch_05|batch_14|batch_10|batch_04|batch_16
zic008_aec7,20260923,3,54,8,35,batch_11|batch_06|batch_01,batch_13|batch_02|batch_12|batch_05|batch_14|batch_10|batch_04|batch_16
zic008_aec7,20260923,3,55,8,35,batch_07|batch_06|batch_01,batch_13|batch_02|batch_12|batch_05|batch_14|batch_10|batch_04|batch_16
zic008_aec7,20260923,4,0,8,35,batch_15|batch_03|batch_08|batch_09,batch_13|batch_02|batch_12|batch_05|batch_14|batch_10|batch_04|batch_16
zic008_aec7,20260923,4,1,8,35,batch_15|batch_03|batch_08|batch_11,batch_13|batch_02|batch_12|batch_05|batch_14|batch_10|batch_04|batch_16
zic008_aec7,20260923,4,2,8,35,batch_15|batch_03|batch_08|batch_07,batch_13|batch_02|batch_12|batch_05|batch_14|batch_10|batch_04|batch_16
zic008_aec7,20260923,4,3,8,35,batch_15|batch_03|batch_08|batch_06,batch_13|batch_02|batch_12|batch_05|batch_14|batch_10|batch_04|batch_16
zic008_aec7,20260923,4,4,8,35,batch_15|batch_03|batch_08|batch_01,batch_13|batch_02|batch_12|batch_05|batch_14|batch_10|batch_04|batch_16
zic008_aec7,20260923,4,5,8,35,batch_15|batch_03|batch_09|batch_11,batch_13|batch_02|batch_12|batch_05|batch_14|batch_10|batch_04|batch_16
zic008_aec7,20260923,4,6,8,35,batch_15|batch_03|batch_09|batch_07,batch_13|batch_02|batch_12|batch_05|batch_14|batch_10|batch_04|batch_16
zic008_aec7,20260923,4,7,8,35,batch_15|batch_03|batch_09|batch_06,batch_13|batch_02|batch_12|batch_05|batch_14|batch_10|batch_04|batch_16
zic008_aec7,20260923,4,8,8,35,batch_15|batch_03|batch_09|batch_01,batch_13|batch_02|batch_12|batch_05|batch_14|batch_10|batch_04|batch_16
zic008_aec7,20260923,4,9,8,35,batch_15|batch_03|batch_11|batch_07,batch_13|batch_02|batch_12|batch_05|batch_14|batch_10|batch_04|batch_16
zic008_aec7,20260923,4,10,8,35,batch_15|batch_03|batch_11|batch_06,batch_13|batch_02|batch_12|batch_05|batch_14|batch_10|batch_04|batch_16
zic008_aec7,20260923,4,11,8,35,batch_15|batch_03|batch_11|batch_01,batch_13|batch_02|batch_12|batch_05|batch_14|batch_10|batch_04|batch_16
zic008_aec7,20260923,4,12,8,35,batch_15|batch_03|batch_07|batch_06,batch_13|batch_02|batch_12|batch_05|batch_14|batch_10|batch_04|batch_16
zic008_aec7,20260923,4,13,8,35,batch_15|batch_03|batch_07|batch_01,batch_13|batch_02|batch_12|batch_05|batch_14|batch_10|batch_04|batch_16
zic008_aec7,20260923,4,14,8,35,batch_15|batch_03|batch_06|batch_01,batch_13|batch_02|batch_12|batch_05|batch_14|batch_10|batch_04|batch_16
zic008_aec7,20260923,4,15,8,35,batch_15|batch_08|batch_09|batch_11,batch_13|batch_02|batch_12|batch_05|batch_14|batch_10|batch_04|batch_16
zic008_aec7,20260923,4,16,8,35,batch_15|batch_08|batch_09|batch_07,batch_13|batch_02|batch_12|batch_05|batch_14|batch_10|batch_04|batch_16
zic008_aec7,20260923,4,17,8,35,batch_15|batch_08|batch_09|batch_06,batch_13|batch_02|batch_12|batch_05|batch_14|batch_10|batch_04|batch_16
zic008_aec7,20260923,4,18,8,35,batch_15|batch_08|batch_09|batch_01,batch_13|batch_02|batch_12|batch_05|batch_14|batch_10|batch_04|batch_16
zic008_aec7,20260923,4,19,8,35,batch_15|batch_08|batch_11|batch_07,batch_13|batch_02|batch_12|batch_05|batch_14|batch_10|batch_04|batch_16
zic008_aec7,20260923,4,20,8,35,batch_15|batch_08|batch_11|batch_06,batch_13|batch_02|batch_12|batch_05|batch_14|batch_10|batch_04|batch_16
zic008_aec7,20260923,4,21,8,35,batch_15|batch_08|batch_11|batch_01,batch_13|batch_02|batch_12|batch_05|batch_14|batch_10|batch_04|batch_16
zic008_aec7,20260923,4,22,8,35,batch_15|batch_08|batch_07|batch_06,batch_13|batch_02|batch_12|batch_05|batch_14|batch_10|batch_04|batch_16
zic008_aec7,20260923,4,23,8,35,batch_15|batch_08|batch_07|batch_01,batch_13|batch_02|batch_12|batch_05|batch_14|batch_10|batch_04|batch_16
zic008_aec7,20260923,4,24,8,35,batch_15|batch_08|batch_06|batch_01,batch_13|batch_02|batch_12|batch_05|batch_14|batch_10|batch_04|batch_16
zic008_aec7,20260923,4,25,8,35,batch_15|batch_09|batch_11|batch_07,batch_13|batch_02|batch_12|batch_05|batch_14|batch_10|batch_04|batch_16
zic008_aec7,20260923,4,26,8,35,batch_15|batch_09|batch_11|batch_06,batch_13|batch_02|batch_12|batch_05|batch_14|batch_10|batch_04|batch_16
zic008_aec7,20260923,4,27,8,35,batch_15|batch_09|batch_11|batch_01,batch_13|batch_02|batch_12|batch_05|batch_14|batch_10|batch_04|batch_16
zic008_aec7,20260923,4,28,8,35,batch_15|batch_09|batch_07|batch_06,batch_13|batch_02|batch_12|batch_05|batch_14|batch_10|batch_04|batch_16
zic008_aec7,20260923,4,29,8,35,batch_15|batch_09|batch_07|batch_01,batch_13|batch_02|batch_12|batch_05|batch_14|batch_10|batch_04|batch_16
zic008_aec7,20260923,4,30,8,35,batch_15|batch_09|batch_06|batch_01,batch_13|batch_02|batch_12|batch_05|batch_14|batch_10|batch_04|batch_16
zic008_aec7,20260923,4,31,8,35,batch_15|batch_11|batch_07|batch_06,batch_13|batch_02|batch_12|batch_05|batch_14|batch_10|batch_04|batch_16
zic008_aec7,20260923,4,32,8,35,batch_15|batch_11|batch_07|batch_01,batch_13|batch_02|batch_12|batch_05|batch_14|batch_10|batch_04|batch_16
zic008_aec7,20260923,4,33,8,35,batch_15|batch_11|batch_06|batch_01,batch_13|batch_02|batch_12|batch_05|batch_14|batch_10|batch_04|batch_16
zic008_aec7,20260923,4,34,8,35,batch_15|batch_07|batch_06|batch_01,batch_13|batch_02|batch_12|batch_05|batch_14|batch_10|batch_04|batch_16
zic008_aec7,20260923,4,35,8,35,batch_03|batch_08|batch_09|batch_11,batch_13|batch_02|batch_12|batch_05|batch_14|batch_10|batch_04|batch_16
zic008_aec7,20260923,4,36,8,35,batch_03|batch_08|batch_09|batch_07,batch_13|batch_02|batch_12|batch_05|batch_14|batch_10|batch_04|batch_16
zic008_aec7,20260923,4,37,8,35,batch_03|batch_08|batch_09|batch_06,batch_13|batch_02|batch_12|batch_05|batch_14|batch_10|batch_04|batch_16
zic008_aec7,20260923,4,38,8,35,batch_03|batch_08|batch_09|batch_01,batch_13|batch_02|batch_12|batch_05|batch_14|batch_10|batch_04|batch_16
zic008_aec7,20260923,4,39,8,35,batch_03|batch_08|batch_11|batch_07,batch_13|batch_02|batch_12|batch_05|batch_14|batch_10|batch_04|batch_16
zic008_aec7,20260923,4,40,8,35,batch_03|batch_08|batch_11|batch_06,batch_13|batch_02|batch_12|batch_05|batch_14|batch_10|batch_04|batch_16
zic008_aec7,20260923,4,41,8,35,batch_03|batch_08|batch_11|batch_01,batch_13|batch_02|batch_12|batch_05|batch_14|batch_10|batch_04|batch_16
zic008_aec7,20260923,4,42,8,35,batch_03|batch_08|batch_07|batch_06,batch_13|batch_02|batch_12|batch_05|batch_14|batch_10|batch_04|batch_16
zic008_aec7,20260923,4,43,8,35,batch_03|batch_08|batch_07|batch_01,batch_13|batch_02|batch_12|batch_05|batch_14|batch_10|batch_04|batch_16
zic008_aec7,20260923,4,44,8,35,batch_03|batch_08|batch_06|batch_01,batch_13|batch_02|batch_12|batch_05|batch_14|batch_10|batch_04|batch_16
zic008_aec7,20260923,4,45,8,35,batch_03|batch_09|batch_11|batch_07,batch_13|batch_02|batch_12|batch_05|batch_14|batch_10|batch_04|batch_16
zic008_aec7,20260923,4,46,8,35,batch_03|batch_09|batch_11|batch_06,batch_13|batch_02|batch_12|batch_05|batch_14|batch_10|batch_04|batch_16
zic008_aec7,20260923,4,47,8,35,batch_03|batch_09|batch_11|batch_01,batch_13|batch_02|batch_12|batch_05|batch_14|batch_10|batch_04|batch_16
zic008_aec7,20260923,4,48,8,35,batch_03|batch_09|batch_07|batch_06,batch_13|batch_02|batch_12|batch_05|batch_14|batch_10|batch_04|batch_16
zic008_aec7,20260923,4,49,8,35,batch_03|batch_09|batch_07|batch_01,batch_13|batch_02|batch_12|batch_05|batch_14|batch_10|batch_04|batch_16
zic008_aec7,20260923,4,50,8,35,batch_03|batch_09|batch_06|batch_01,batch_13|batch_02|batch_12|batch_05|batch_14|batch_10|batch_04|batch_16
zic008_aec7,20260923,4,51,8,35,batch_03|batch_11|batch_07|batch_06,batch_13|batch_02|batch_12|batch_05|batch_14|batch_10|batch_04|batch_16
zic008_aec7,20260923,4,52,8,35,batch_03|batch_11|batch_07|batch_01,batch_13|batch_02|batch_12|batch_05|batch_14|batch_10|batch_04|batch_16
zic008_aec7,20260923,4,53,8,35,batch_03|batch_11|batch_06|batch_01,batch_13|batch_02|batch_12|batch_05|batch_14|batch_10|batch_04|batch_16
zic008_aec7,20260923,4,54,8,35,batch_03|batch_07|batch_06|batch_01,batch_13|batch_02|batch_12|batch_05|batch_14|batch_10|batch_04|batch_16
zic008_aec7,20260923,4,55,8,35,batch_08|batch_09|batch_11|batch_07,batch_13|batch_02|batch_12|batch_05|batch_14|batch_10|batch_04|batch_16
zic008_aec7,20260923,4,56,8,35,batch_08|batch_09|batch_11|batch_06,batch_13|batch_02|batch_12|batch_05|batch_14|batch_10|batch_04|batch_16
zic008_aec7,20260923,4,57,8,35,batch_08|batch_09|batch_11|batch_01,batch_13|batch_02|batch_12|batch_05|batch_14|batch_10|batch_04|batch_16
zic008_aec7,20260923,4,58,8,35,batch_08|batch_09|batch_07|batch_06,batch_13|batch_02|batch_12|batch_05|batch_14|batch_10|batch_04|batch_16
zic008_aec7,20260923,4,59,8,35,batch_08|batch_09|batch_07|batch_01,batch_13|batch_02|batch_12|batch_05|batch_14|batch_10|batch_04|batch_16
zic008_aec7,20260923,4,60,8,35,batch_08|batch_09|batch_06|batch_01,batch_13|batch_02|batch_12|batch_05|batch_14|batch_10|batch_04|batch_16
zic008_aec7,20260923,4,61,8,35,batch_08|batch_11|batch_07|batch_06,batch_13|batch_02|batch_12|batch_05|batch_14|batch_10|batch_04|batch_16
zic008_aec7,20260923,4,62,8,35,batch_08|batch_11|batch_07|batch_01,batch_13|batch_02|batch_12|batch_05|batch_14|batch_10|batch_04|batch_16
zic008_aec7,20260923,4,63,8,35,batch_08|batch_11|batch_06|batch_01,batch_13|batch_02|batch_12|batch_05|batch_14|batch_10|batch_04|batch_16
zic008_aec7,20260923,4,64,8,35,batch_08|batch_07|batch_06|batch_01,batch_13|batch_02|batch_12|batch_05|batch_14|batch_10|batch_04|batch_16
zic008_aec7,20260923,4,65,8,35,batch_09|batch_11|batch_07|batch_06,batch_13|batch_02|batch_12|batch_05|batch_14|batch_10|batch_04|batch_16
zic008_aec7,20260923,4,66,8,35,batch_09|batch_11|batch_07|batch_01,batch_13|batch_02|batch_12|batch_05|batch_14|batch_10|batch_04|batch_16
zic008_aec7,20260923,4,67,8,35,batch_09|batch_11|batch_06|batch_01,batch_13|batch_02|batch_12|batch_05|batch_14|batch_10|batch_04|batch_16
zic008_aec7,20260923,4,68,8,35,batch_09|batch_07|batch_06|batch_01,batch_13|batch_02|batch_12|batch_05|batch_14|batch_10|batch_04|batch_16
zic008_aec7,20260923,4,69,8,35,batch_11|batch_07|batch_06|batch_01,batch_13|batch_02|batch_12|batch_05|batch_14|batch_10|batch_04|batch_16
zic008_aec7,20260923,5,0,8,35,batch_15|batch_03|batch_08|batch_09|batch_11,batch_13|batch_02|batch_12|batch_05|batch_14|batch_10|batch_04|batch_16
zic008_aec7,20260923,5,1,8,35,batch_15|batch_03|batch_08|batch_09|batch_07,batch_13|batch_02|batch_12|batch_05|batch_14|batch_10|batch_04|batch_16
zic008_aec7,20260923,5,2,8,35,batch_15|batch_03|batch_08|batch_09|batch_06,batch_13|batch_02|batch_12|batch_05|batch_14|batch_10|batch_04|batch_16
zic008_aec7,20260923,5,3,8,35,batch_15|batch_03|batch_08|batch_09|batch_01,batch_13|batch_02|batch_12|batch_05|batch_14|batch_10|batch_04|batch_16
zic008_aec7,20260923,5,4,8,35,batch_15|batch_03|batch_08|batch_11|batch_07,batch_13|batch_02|batch_12|batch_05|batch_14|batch_10|batch_04|batch_16
zic008_aec7,20260923,5,5,8,35,batch_15|batch_03|batch_08|batch_11|batch_06,batch_13|batch_02|batch_12|batch_05|batch_14|batch_10|batch_04|batch_16
zic008_aec7,20260923,5,6,8,35,batch_15|batch_03|batch_08|batch_11|batch_01,batch_13|batch_02|batch_12|batch_05|batch_14|batch_10|batch_04|batch_16
zic008_aec7,20260923,5,7,8,35,batch_15|batch_03|batch_08|batch_07|batch_06,batch_13|batch_02|batch_12|batch_05|batch_14|batch_10|batch_04|batch_16
zic008_aec7,20260923,5,8,8,35,batch_15|batch_03|batch_08|batch_07|batch_01,batch_13|batch_02|batch_12|batch_05|batch_14|batch_10|batch_04|batch_16
zic008_aec7,20260923,5,9,8,35,batch_15|batch_03|batch_08|batch_06|batch_01,batch_13|batch_02|batch_12|batch_05|batch_14|batch_10|batch_04|batch_16
zic008_aec7,20260923,5,10,8,35,batch_15|batch_03|batch_09|batch_11|batch_07,batch_13|batch_02|batch_12|batch_05|batch_14|batch_10|batch_04|batch_16
zic008_aec7,20260923,5,11,8,35,batch_15|batch_03|batch_09|batch_11|batch_06,batch_13|batch_02|batch_12|batch_05|batch_14|batch_10|batch_04|batch_16
zic008_aec7,20260923,5,12,8,35,batch_15|batch_03|batch_09|batch_11|batch_01,batch_13|batch_02|batch_12|batch_05|batch_14|batch_10|batch_04|batch_16
zic008_aec7,20260923,5,13,8,35,batch_15|batch_03|batch_09|batch_07|batch_06,batch_13|batch_02|batch_12|batch_05|batch_14|batch_10|batch_04|batch_16
zic008_aec7,20260923,5,14,8,35,batch_15|batch_03|batch_09|batch_07|batch_01,batch_13|batch_02|batch_12|batch_05|batch_14|batch_10|batch_04|batch_16
zic008_aec7,20260923,5,15,8,35,batch_15|batch_03|batch_09|batch_06|batch_01,batch_13|batch_02|batch_12|batch_05|batch_14|batch_10|batch_04|batch_16
zic008_aec7,20260923,5,16,8,35,batch_15|batch_03|batch_11|batch_07|batch_06,batch_13|batch_02|batch_12|batch_05|batch_14|batch_10|batch_04|batch_16
zic008_aec7,20260923,5,17,8,35,batch_15|batch_03|batch_11|batch_07|batch_01,batch_13|batch_02|batch_12|batch_05|batch_14|batch_10|batch_04|batch_16
zic008_aec7,20260923,5,18,8,35,batch_15|batch_03|batch_11|batch_06|batch_01,batch_13|batch_02|batch_12|batch_05|batch_14|batch_10|batch_04|batch_16
zic008_aec7,20260923,5,19,8,35,batch_15|batch_03|batch_07|batch_06|batch_01,batch_13|batch_02|batch_12|batch_05|batch_14|batch_10|batch_04|batch_16
zic008_aec7,20260923,5,20,8,35,batch_15|batch_08|batch_09|batch_11|batch_07,batch_13|batch_02|batch_12|batch_05|batch_14|batch_10|batch_04|batch_16
zic008_aec7,20260923,5,21,8,35,batch_15|batch_08|batch_09|batch_11|batch_06,batch_13|batch_02|batch_12|batch_05|batch_14|batch_10|batch_04|batch_16
zic008_aec7,20260923,5,22,8,35,batch_15|batch_08|batch_09|batch_11|batch_01,batch_13|batch_02|batch_12|batch_05|batch_14|batch_10|batch_04|batch_16
zic008_aec7,20260923,5,23,8,35,batch_15|batch_08|batch_09|batch_07|batch_06,batch_13|batch_02|batch_12|batch_05|batch_14|batch_10|batch_04|batch_16
zic008_aec7,20260923,5,24,8,35,batch_15|batch_08|batch_09|batch_07|batch_01,batch_13|batch_02|batch_12|batch_05|batch_14|batch_10|batch_04|batch_16
zic008_aec7,20260923,5,25,8,35,batch_15|batch_08|batch_09|batch_06|batch_01,batch_13|batch_02|batch_12|batch_05|batch_14|batch_10|batch_04|batch_16
zic008_aec7,20260923,5,26,8,35,batch_15|batch_08|batch_11|batch_07|batch_06,batch_13|batch_02|batch_12|batch_05|batch_14|batch_10|batch_04|batch_16
zic008_aec7,20260923,5,27,8,35,batch_15|batch_08|batch_11|batch_07|batch_01,batch_13|batch_02|batch_12|batch_05|batch_14|batch_10|batch_04|batch_16
zic008_aec7,20260923,5,28,8,35,batch_15|batch_08|batch_11|batch_06|batch_01,batch_13|batch_02|batch_12|batch_05|batch_14|batch_10|batch_04|batch_16
zic008_aec7,20260923,5,29,8,35,batch_15|batch_08|batch_07|batch_06|batch_01,batch_13|batch_02|batch_12|batch_05|batch_14|batch_10|batch_04|batch_16
zic008_aec7,20260923,5,30,8,35,batch_15|batch_09|batch_11|batch_07|batch_06,batch_13|batch_02|batch_12|batch_05|batch_14|batch_10|batch_04|batch_16
zic008_aec7,20260923,5,31,8,35,batch_15|batch_09|batch_11|batch_07|batch_01,batch_13|batch_02|batch_12|batch_05|batch_14|batch_10|batch_04|batch_16
zic008_aec7,20260923,5,32,8,35,batch_15|batch_09|batch_11|batch_06|batch_01,batch_13|batch_02|batch_12|batch_05|batch_14|batch_10|batch_04|batch_16
zic008_aec7,20260923,5,33,8,35,batch_15|batch_09|batch_07|batch_06|batch_01,batch_13|batch_02|batch_12|batch_05|batch_14|batch_10|batch_04|batch_16
zic008_aec7,20260923,5,34,8,35,batch_15|batch_11|batch_07|batch_06|batch_01,batch_13|batch_02|batch_12|batch_05|batch_14|batch_10|batch_04|batch_16
zic008_aec7,20260923,5,35,8,35,batch_03|batch_08|batch_09|batch_11|batch_07,batch_13|batch_02|batch_12|batch_05|batch_14|batch_10|batch_04|batch_16
zic008_aec7,20260923,5,36,8,35,batch_03|batch_08|batch_09|batch_11|batch_06,batch_13|batch_02|batch_12|batch_05|batch_14|batch_10|batch_04|batch_16
zic008_aec7,20260923,5,37,8,35,batch_03|batch_08|batch_09|batch_11|batch_01,batch_13|batch_02|batch_12|batch_05|batch_14|batch_10|batch_04|batch_16
zic008_aec7,20260923,5,38,8,35,batch_03|batch_08|batch_09|batch_07|batch_06,batch_13|batch_02|batch_12|batch_05|batch_14|batch_10|batch_04|batch_16
zic008_aec7,20260923,5,39,8,35,batch_03|batch_08|batch_09|batch_07|batch_01,batch_13|batch_02|batch_12|batch_05|batch_14|batch_10|batch_04|batch_16
zic008_aec7,20260923,5,40,8,35,batch_03|batch_08|batch_09|batch_06|batch_01,batch_13|batch_02|batch_12|batch_05|batch_14|batch_10|batch_04|batch_16
zic008_aec7,20260923,5,41,8,35,batch_03|batch_08|batch_11|batch_07|batch_06,batch_13|batch_02|batch_12|batch_05|batch_14|batch_10|batch_04|batch_16
zic008_aec7,20260923,5,42,8,35,batch_03|batch_08|batch_11|batch_07|batch_01,batch_13|batch_02|batch_12|batch_05|batch_14|batch_10|batch_04|batch_16
zic008_aec7,20260923,5,43,8,35,batch_03|batch_08|batch_11|batch_06|batch_01,batch_13|batch_02|batch_12|batch_05|batch_14|batch_10|batch_04|batch_16
zic008_aec7,20260923,5,44,8,35,batch_03|batch_08|batch_07|batch_06|batch_01,batch_13|batch_02|batch_12|batch_05|batch_14|batch_10|batch_04|batch_16
zic008_aec7,20260923,5,45,8,35,batch_03|batch_09|batch_11|batch_07|batch_06,batch_13|batch_02|batch_12|batch_05|batch_14|batch_10|batch_04|batch_16
zic008_aec7,20260923,5,46,8,35,batch_03|batch_09|batch_11|batch_07|batch_01,batch_13|batch_02|batch_12|batch_05|batch_14|batch_10|batch_04|batch_16
zic008_aec7,20260923,5,47,8,35,batch_03|batch_09|batch_11|batch_06|batch_01,batch_13|batch_02|batch_12|batch_05|batch_14|batch_10|batch_04|batch_16
zic008_aec7,20260923,5,48,8,35,batch_03|batch_09|batch_07|batch_06|batch_01,batch_13|batch_02|batch_12|batch_05|batch_14|batch_10|batch_04|batch_16
zic008_aec7,20260923,5,49,8,35,batch_03|batch_11|batch_07|batch_06|batch_01,batch_13|batch_02|batch_12|batch_05|batch_14|batch_10|batch_04|batch_16
zic008_aec7,20260923,5,50,8,35,batch_08|batch_09|batch_11|batch_07|batch_06,batch_13|batch_02|batch_12|batch_05|batch_14|batch_10|batch_04|batch_16
zic008_aec7,20260923,5,51,8,35,batch_08|batch_09|batch_11|batch_07|batch_01,batch_13|batch_02|batch_12|batch_05|batch_14|batch_10|batch_04|batch_16
zic008_aec7,20260923,5,52,8,35,batch_08|batch_09|batch_11|batch_06|batch_01,batch_13|batch_02|batch_12|batch_05|batch_14|batch_10|batch_04|batch_16
zic008_aec7,20260923,5,53,8,35,batch_08|batch_09|batch_07|batch_06|batch_01,batch_13|batch_02|batch_12|batch_05|batch_14|batch_10|batch_04|batch_16
zic008_aec7,20260923,5,54,8,35,batch_08|batch_11|batch_07|batch_06|batch_01,batch_13|batch_02|batch_12|batch_05|batch_14|batch_10|batch_04|batch_16
zic008_aec7,20260923,5,55,8,35,batch_09|batch_11|batch_07|batch_06|batch_01,batch_13|batch_02|batch_12|batch_05|batch_14|batch_10|batch_04|batch_16
zic008_aec7,20260923,6,0,8,35,batch_15|batch_03|batch_08|batch_09|batch_11|batch_07,batch_13|batch_02|batch_12|batch_05|batch_14|batch_10|batch_04|batch_16
zic008_aec7,20260923,6,1,8,35,batch_15|batch_03|batch_08|batch_09|batch_11|batch_06,batch_13|batch_02|batch_12|batch_05|batch_14|batch_10|batch_04|batch_16
zic008_aec7,20260923,6,2,8,35,batch_15|batch_03|batch_08|batch_09|batch_11|batch_01,batch_13|batch_02|batch_12|batch_05|batch_14|batch_10|batch_04|batch_16
zic008_aec7,20260923,6,3,8,35,batch_15|batch_03|batch_08|batch_09|batch_07|batch_06,batch_13|batch_02|batch_12|batch_05|batch_14|batch_10|batch_04|batch_16
zic008_aec7,20260923,6,4,8,35,batch_15|batch_03|batch_08|batch_09|batch_07|batch_01,batch_13|batch_02|batch_12|batch_05|batch_14|batch_10|batch_04|batch_16
zic008_aec7,20260923,6,5,8,35,batch_15|batch_03|batch_08|batch_09|batch_06|batch_01,batch_13|batch_02|batch_12|batch_05|batch_14|batch_10|batch_04|batch_16
zic008_aec7,20260923,6,6,8,35,batch_15|batch_03|batch_08|batch_11|batch_07|batch_06,batch_13|batch_02|batch_12|batch_05|batch_14|batch_10|batch_04|batch_16
zic008_aec7,20260923,6,7,8,35,batch_15|batch_03|batch_08|batch_11|batch_07|batch_01,batch_13|batch_02|batch_12|batch_05|batch_14|batch_10|batch_04|batch_16
zic008_aec7,20260923,6,8,8,35,batch_15|batch_03|batch_08|batch_11|batch_06|batch_01,batch_13|batch_02|batch_12|batch_05|batch_14|batch_10|batch_04|batch_16
zic008_aec7,20260923,6,9,8,35,batch_15|batch_03|batch_08|batch_07|batch_06|batch_01,batch_13|batch_02|batch_12|batch_05|batch_14|batch_10|batch_04|batch_16
zic008_aec7,20260923,6,10,8,35,batch_15|batch_03|batch_09|batch_11|batch_07|batch_06,batch_13|batch_02|batch_12|batch_05|batch_14|batch_10|batch_04|batch_16
zic008_aec7,20260923,6,11,8,35,batch_15|batch_03|batch_09|batch_11|batch_07|batch_01,batch_13|batch_02|batch_12|batch_05|batch_14|batch_10|batch_04|batch_16
zic008_aec7,20260923,6,12,8,35,batch_15|batch_03|batch_09|batch_11|batch_06|batch_01,batch_13|batch_02|batch_12|batch_05|batch_14|batch_10|batch_04|batch_16
zic008_aec7,20260923,6,13,8,35,batch_15|batch_03|batch_09|batch_07|batch_06|batch_01,batch_13|batch_02|batch_12|batch_05|batch_14|batch_10|batch_04|batch_16
zic008_aec7,20260923,6,14,8,35,batch_15|batch_03|batch_11|batch_07|batch_06|batch_01,batch_13|batch_02|batch_12|batch_05|batch_14|batch_10|batch_04|batch_16
zic008_aec7,20260923,6,15,8,35,batch_15|batch_08|batch_09|batch_11|batch_07|batch_06,batch_13|batch_02|batch_12|batch_05|batch_14|batch_10|batch_04|batch_16
zic008_aec7,20260923,6,16,8,35,batch_15|batch_08|batch_09|batch_11|batch_07|batch_01,batch_13|batch_02|batch_12|batch_05|batch_14|batch_10|batch_04|batch_16
zic008_aec7,20260923,6,17,8,35,batch_15|batch_08|batch_09|batch_11|batch_06|batch_01,batch_13|batch_02|batch_12|batch_05|batch_14|batch_10|batch_04|batch_16
zic008_aec7,20260923,6,18,8,35,batch_15|batch_08|batch_09|batch_07|batch_06|batch_01,batch_13|batch_02|batch_12|batch_05|batch_14|batch_10|batch_04|batch_16
zic008_aec7,20260923,6,19,8,35,batch_15|batch_08|batch_11|batch_07|batch_06|batch_01,batch_13|batch_02|batch_12|batch_05|batch_14|batch_10|batch_04|batch_16
zic008_aec7,20260923,6,20,8,35,batch_15|batch_09|batch_11|batch_07|batch_06|batch_01,batch_13|batch_02|batch_12|batch_05|batch_14|batch_10|batch_04|batch_16
zic008_aec7,20260923,6,21,8,35,batch_03|batch_08|batch_09|batch_11|batch_07|batch_06,batch_13|batch_02|batch_12|batch_05|batch_14|batch_10|batch_04|batch_16
zic008_aec7,20260923,6,22,8,35,batch_03|batch_08|batch_09|batch_11|batch_07|batch_01,batch_13|batch_02|batch_12|batch_05|batch_14|batch_10|batch_04|batch_16
zic008_aec7,20260923,6,23,8,35,batch_03|batch_08|batch_09|batch_11|batch_06|batch_01,batch_13|batch_02|batch_12|batch_05|batch_14|batch_10|batch_04|batch_16
zic008_aec7,20260923,6,24,8,35,batch_03|batch_08|batch_09|batch_07|batch_06|batch_01,batch_13|batch_02|batch_12|batch_05|batch_14|batch_10|batch_04|batch_16
zic008_aec7,20260923,6,25,8,35,batch_03|batch_08|batch_11|batch_07|batch_06|batch_01,batch_13|batch_02|batch_12|batch_05|batch_14|batch_10|batch_04|batch_16
zic008_aec7,20260923,6,26,8,35,batch_03|batch_09|batch_11|batch_07|batch_06|batch_01,batch_13|batch_02|batch_12|batch_05|batch_14|batch_10|batch_04|batch_16
zic008_aec7,20260923,6,27,8,35,batch_08|batch_09|batch_11|batch_07|batch_06|batch_01,batch_13|batch_02|batch_12|batch_05|batch_14|batch_10|batch_04|batch_16
zic008_aec7,20260923,7,0,8,35,batch_15|batch_03|batch_08|batch_09|batch_11|batch_07|batch_06,batch_13|batch_02|batch_12|batch_05|batch_14|batch_10|batch_04|batch_16
zic008_aec7,20260923,7,1,8,35,batch_15|batch_03|batch_08|batch_09|batch_11|batch_07|batch_01,batch_13|batch_02|batch_12|batch_05|batch_14|batch_10|batch_04|batch_16
zic008_aec7,20260923,7,2,8,35,batch_15|batch_03|batch_08|batch_09|batch_11|batch_06|batch_01,batch_13|batch_02|batch_12|batch_05|batch_14|batch_10|batch_04|batch_16
zic008_aec7,20260923,7,3,8,35,batch_15|batch_03|batch_08|batch_09|batch_07|batch_06|batch_01,batch_13|batch_02|batch_12|batch_05|batch_14|batch_10|batch_04|batch_16
zic008_aec7,20260923,7,4,8,35,batch_15|batch_03|batch_08|batch_11|batch_07|batch_06|batch_01,batch_13|batch_02|batch_12|batch_05|batch_14|batch_10|batch_04|batch_16
zic008_aec7,20260923,7,5,8,35,batch_15|batch_03|batch_09|batch_11|batch_07|batch_06|batch_01,batch_13|batch_02|batch_12|batch_05|batch_14|batch_10|batch_04|batch_16
zic008_aec7,20260923,7,6,8,35,batch_15|batch_08|batch_09|batch_11|batch_07|batch_06|batch_01,batch_13|batch_02|batch_12|batch_05|batch_14|batch_10|batch_04|batch_16
zic008_aec7,20260923,7,7,8,35,batch_03|batch_08|batch_09|batch_11|batch_07|batch_06|batch_01,batch_13|batch_02|batch_12|batch_05|batch_14|batch_10|batch_04|batch_16
zic008_aec7,20260923,8,0,8,35,batch_15|batch_03|batch_08|batch_09|batch_11|batch_07|batch_06|batch_01,batch_13|batch_02|batch_12|batch_05|batch_14|batch_10|batch_04|batch_16
zic008_aec7,20260924,1,0,8,35,batch_15,batch_06|batch_16|batch_09|batch_01|batch_02|batch_14|batch_04|batch_03
zic008_aec7,20260924,1,1,8,35,batch_12,batch_06|batch_16|batch_09|batch_01|batch_02|batch_14|batch_04|batch_03
zic008_aec7,20260924,1,2,8,35,batch_07,batch_06|batch_16|batch_09|batch_01|batch_02|batch_14|batch_04|batch_03
zic008_aec7,20260924,1,3,8,35,batch_11,batch_06|batch_16|batch_09|batch_01|batch_02|batch_14|batch_04|batch_03
zic008_aec7,20260924,1,4,8,35,batch_05,batch_06|batch_16|batch_09|batch_01|batch_02|batch_14|batch_04|batch_03
zic008_aec7,20260924,1,5,8,35,batch_10,batch_06|batch_16|batch_09|batch_01|batch_02|batch_14|batch_04|batch_03
zic008_aec7,20260924,1,6,8,35,batch_13,batch_06|batch_16|batch_09|batch_01|batch_02|batch_14|batch_04|batch_03
zic008_aec7,20260924,1,7,8,35,batch_08,batch_06|batch_16|batch_09|batch_01|batch_02|batch_14|batch_04|batch_03
zic008_aec7,20260924,2,0,8,35,batch_15|batch_12,batch_06|batch_16|batch_09|batch_01|batch_02|batch_14|batch_04|batch_03
zic008_aec7,20260924,2,1,8,35,batch_15|batch_07,batch_06|batch_16|batch_09|batch_01|batch_02|batch_14|batch_04|batch_03
zic008_aec7,20260924,2,2,8,35,batch_15|batch_11,batch_06|batch_16|batch_09|batch_01|batch_02|batch_14|batch_04|batch_03
zic008_aec7,20260924,2,3,8,35,batch_15|batch_05,batch_06|batch_16|batch_09|batch_01|batch_02|batch_14|batch_04|batch_03
zic008_aec7,20260924,2,4,8,35,batch_15|batch_10,batch_06|batch_16|batch_09|batch_01|batch_02|batch_14|batch_04|batch_03
zic008_aec7,20260924,2,5,8,35,batch_15|batch_13,batch_06|batch_16|batch_09|batch_01|batch_02|batch_14|batch_04|batch_03
zic008_aec7,20260924,2,6,8,35,batch_15|batch_08,batch_06|batch_16|batch_09|batch_01|batch_02|batch_14|batch_04|batch_03
zic008_aec7,20260924,2,7,8,35,batch_12|batch_07,batch_06|batch_16|batch_09|batch_01|batch_02|batch_14|batch_04|batch_03
zic008_aec7,20260924,2,8,8,35,batch_12|batch_11,batch_06|batch_16|batch_09|batch_01|batch_02|batch_14|batch_04|batch_03
zic008_aec7,20260924,2,9,8,35,batch_12|batch_05,batch_06|batch_16|batch_09|batch_01|batch_02|batch_14|batch_04|batch_03
zic008_aec7,20260924,2,10,8,35,batch_12|batch_10,batch_06|batch_16|batch_09|batch_01|batch_02|batch_14|batch_04|batch_03
zic008_aec7,20260924,2,11,8,35,batch_12|batch_13,batch_06|batch_16|batch_09|batch_01|batch_02|batch_14|batch_04|batch_03
zic008_aec7,20260924,2,12,8,35,batch_12|batch_08,batch_06|batch_16|batch_09|batch_01|batch_02|batch_14|batch_04|batch_03
zic008_aec7,20260924,2,13,8,35,batch_07|batch_11,batch_06|batch_16|batch_09|batch_01|batch_02|batch_14|batch_04|batch_03
zic008_aec7,20260924,2,14,8,35,batch_07|batch_05,batch_06|batch_16|batch_09|batch_01|batch_02|batch_14|batch_04|batch_03
zic008_aec7,20260924,2,15,8,35,batch_07|batch_10,batch_06|batch_16|batch_09|batch_01|batch_02|batch_14|batch_04|batch_03
zic008_aec7,20260924,2,16,8,35,batch_07|batch_13,batch_06|batch_16|batch_09|batch_01|batch_02|batch_14|batch_04|batch_03
zic008_aec7,20260924,2,17,8,35,batch_07|batch_08,batch_06|batch_16|batch_09|batch_01|batch_02|batch_14|batch_04|batch_03
zic008_aec7,20260924,2,18,8,35,batch_11|batch_05,batch_06|batch_16|batch_09|batch_01|batch_02|batch_14|batch_04|batch_03
zic008_aec7,20260924,2,19,8,35,batch_11|batch_10,batch_06|batch_16|batch_09|batch_01|batch_02|batch_14|batch_04|batch_03
zic008_aec7,20260924,2,20,8,35,batch_11|batch_13,batch_06|batch_16|batch_09|batch_01|batch_02|batch_14|batch_04|batch_03
zic008_aec7,20260924,2,21,8,35,batch_11|batch_08,batch_06|batch_16|batch_09|batch_01|batch_02|batch_14|batch_04|batch_03
zic008_aec7,20260924,2,22,8,35,batch_05|batch_10,batch_06|batch_16|batch_09|batch_01|batch_02|batch_14|batch_04|batch_03
zic008_aec7,20260924,2,23,8,35,batch_05|batch_13,batch_06|batch_16|batch_09|batch_01|batch_02|batch_14|batch_04|batch_03
zic008_aec7,20260924,2,24,8,35,batch_05|batch_08,batch_06|batch_16|batch_09|batch_01|batch_02|batch_14|batch_04|batch_03
zic008_aec7,20260924,2,25,8,35,batch_10|batch_13,batch_06|batch_16|batch_09|batch_01|batch_02|batch_14|batch_04|batch_03
zic008_aec7,20260924,2,26,8,35,batch_10|batch_08,batch_06|batch_16|batch_09|batch_01|batch_02|batch_14|batch_04|batch_03
zic008_aec7,20260924,2,27,8,35,batch_13|batch_08,batch_06|batch_16|batch_09|batch_01|batch_02|batch_14|batch_04|batch_03
zic008_aec7,20260924,3,0,8,35,batch_15|batch_12|batch_07,batch_06|batch_16|batch_09|batch_01|batch_02|batch_14|batch_04|batch_03
zic008_aec7,20260924,3,1,8,35,batch_15|batch_12|batch_11,batch_06|batch_16|batch_09|batch_01|batch_02|batch_14|batch_04|batch_03
zic008_aec7,20260924,3,2,8,35,batch_15|batch_12|batch_05,batch_06|batch_16|batch_09|batch_01|batch_02|batch_14|batch_04|batch_03
zic008_aec7,20260924,3,3,8,35,batch_15|batch_12|batch_10,batch_06|batch_16|batch_09|batch_01|batch_02|batch_14|batch_04|batch_03
zic008_aec7,20260924,3,4,8,35,batch_15|batch_12|batch_13,batch_06|batch_16|batch_09|batch_01|batch_02|batch_14|batch_04|batch_03
zic008_aec7,20260924,3,5,8,35,batch_15|batch_12|batch_08,batch_06|batch_16|batch_09|batch_01|batch_02|batch_14|batch_04|batch_03
zic008_aec7,20260924,3,6,8,35,batch_15|batch_07|batch_11,batch_06|batch_16|batch_09|batch_01|batch_02|batch_14|batch_04|batch_03
zic008_aec7,20260924,3,7,8,35,batch_15|batch_07|batch_05,batch_06|batch_16|batch_09|batch_01|batch_02|batch_14|batch_04|batch_03
zic008_aec7,20260924,3,8,8,35,batch_15|batch_07|batch_10,batch_06|batch_16|batch_09|batch_01|batch_02|batch_14|batch_04|batch_03
zic008_aec7,20260924,3,9,8,35,batch_15|batch_07|batch_13,batch_06|batch_16|batch_09|batch_01|batch_02|batch_14|batch_04|batch_03
zic008_aec7,20260924,3,10,8,35,batch_15|batch_07|batch_08,batch_06|batch_16|batch_09|batch_01|batch_02|batch_14|batch_04|batch_03
zic008_aec7,20260924,3,11,8,35,batch_15|batch_11|batch_05,batch_06|batch_16|batch_09|batch_01|batch_02|batch_14|batch_04|batch_03
zic008_aec7,20260924,3,12,8,35,batch_15|batch_11|batch_10,batch_06|batch_16|batch_09|batch_01|batch_02|batch_14|batch_04|batch_03
zic008_aec7,20260924,3,13,8,35,batch_15|batch_11|batch_13,batch_06|batch_16|batch_09|batch_01|batch_02|batch_14|batch_04|batch_03
zic008_aec7,20260924,3,14,8,35,batch_15|batch_11|batch_08,batch_06|batch_16|batch_09|batch_01|batch_02|batch_14|batch_04|batch_03
zic008_aec7,20260924,3,15,8,35,batch_15|batch_05|batch_10,batch_06|batch_16|batch_09|batch_01|batch_02|batch_14|batch_04|batch_03
zic008_aec7,20260924,3,16,8,35,batch_15|batch_05|batch_13,batch_06|batch_16|batch_09|batch_01|batch_02|batch_14|batch_04|batch_03
zic008_aec7,20260924,3,17,8,35,batch_15|batch_05|batch_08,batch_06|batch_16|batch_09|batch_01|batch_02|batch_14|batch_04|batch_03
zic008_aec7,20260924,3,18,8,35,batch_15|batch_10|batch_13,batch_06|batch_16|batch_09|batch_01|batch_02|batch_14|batch_04|batch_03
zic008_aec7,20260924,3,19,8,35,batch_15|batch_10|batch_08,batch_06|batch_16|batch_09|batch_01|batch_02|batch_14|batch_04|batch_03
zic008_aec7,20260924,3,20,8,35,batch_15|batch_13|batch_08,batch_06|batch_16|batch_09|batch_01|batch_02|batch_14|batch_04|batch_03
zic008_aec7,20260924,3,21,8,35,batch_12|batch_07|batch_11,batch_06|batch_16|batch_09|batch_01|batch_02|batch_14|batch_04|batch_03
zic008_aec7,20260924,3,22,8,35,batch_12|batch_07|batch_05,batch_06|batch_16|batch_09|batch_01|batch_02|batch_14|batch_04|batch_03
zic008_aec7,20260924,3,23,8,35,batch_12|batch_07|batch_10,batch_06|batch_16|batch_09|batch_01|batch_02|batch_14|batch_04|batch_03
zic008_aec7,20260924,3,24,8,35,batch_12|batch_07|batch_13,batch_06|batch_16|batch_09|batch_01|batch_02|batch_14|batch_04|batch_03
zic008_aec7,20260924,3,25,8,35,batch_12|batch_07|batch_08,batch_06|batch_16|batch_09|batch_01|batch_02|batch_14|batch_04|batch_03
zic008_aec7,20260924,3,26,8,35,batch_12|batch_11|batch_05,batch_06|batch_16|batch_09|batch_01|batch_02|batch_14|batch_04|batch_03
zic008_aec7,20260924,3,27,8,35,batch_12|batch_11|batch_10,batch_06|batch_16|batch_09|batch_01|batch_02|batch_14|batch_04|batch_03
zic008_aec7,20260924,3,28,8,35,batch_12|batch_11|batch_13,batch_06|batch_16|batch_09|batch_01|batch_02|batch_14|batch_04|batch_03
zic008_aec7,20260924,3,29,8,35,batch_12|batch_11|batch_08,batch_06|batch_16|batch_09|batch_01|batch_02|batch_14|batch_04|batch_03
zic008_aec7,20260924,3,30,8,35,batch_12|batch_05|batch_10,batch_06|batch_16|batch_09|batch_01|batch_02|batch_14|batch_04|batch_03
zic008_aec7,20260924,3,31,8,35,batch_12|batch_05|batch_13,batch_06|batch_16|batch_09|batch_01|batch_02|batch_14|batch_04|batch_03
zic008_aec7,20260924,3,32,8,35,batch_12|batch_05|batch_08,batch_06|batch_16|batch_09|batch_01|batch_02|batch_14|batch_04|batch_03
zic008_aec7,20260924,3,33,8,35,batch_12|batch_10|batch_13,batch_06|batch_16|batch_09|batch_01|batch_02|batch_14|batch_04|batch_03
zic008_aec7,20260924,3,34,8,35,batch_12|batch_10|batch_08,batch_06|batch_16|batch_09|batch_01|batch_02|batch_14|batch_04|batch_03
zic008_aec7,20260924,3,35,8,35,batch_12|batch_13|batch_08,batch_06|batch_16|batch_09|batch_01|batch_02|batch_14|batch_04|batch_03
zic008_aec7,20260924,3,36,8,35,batch_07|batch_11|batch_05,batch_06|batch_16|batch_09|batch_01|batch_02|batch_14|batch_04|batch_03
zic008_aec7,20260924,3,37,8,35,batch_07|batch_11|batch_10,batch_06|batch_16|batch_09|batch_01|batch_02|batch_14|batch_04|batch_03
zic008_aec7,20260924,3,38,8,35,batch_07|batch_11|batch_13,batch_06|batch_16|batch_09|batch_01|batch_02|batch_14|batch_04|batch_03
zic008_aec7,20260924,3,39,8,35,batch_07|batch_11|batch_08,batch_06|batch_16|batch_09|batch_01|batch_02|batch_14|batch_04|batch_03
zic008_aec7,20260924,3,40,8,35,batch_07|batch_05|batch_10,batch_06|batch_16|batch_09|batch_01|batch_02|batch_14|batch_04|batch_03
zic008_aec7,20260924,3,41,8,35,batch_07|batch_05|batch_13,batch_06|batch_16|batch_09|batch_01|batch_02|batch_14|batch_04|batch_03
zic008_aec7,20260924,3,42,8,35,batch_07|batch_05|batch_08,batch_06|batch_16|batch_09|batch_01|batch_02|batch_14|batch_04|batch_03
zic008_aec7,20260924,3,43,8,35,batch_07|batch_10|batch_13,batch_06|batch_16|batch_09|batch_01|batch_02|batch_14|batch_04|batch_03
zic008_aec7,20260924,3,44,8,35,batch_07|batch_10|batch_08,batch_06|batch_16|batch_09|batch_01|batch_02|batch_14|batch_04|batch_03
zic008_aec7,20260924,3,45,8,35,batch_07|batch_13|batch_08,batch_06|batch_16|batch_09|batch_01|batch_02|batch_14|batch_04|batch_03
zic008_aec7,20260924,3,46,8,35,batch_11|batch_05|batch_10,batch_06|batch_16|batch_09|batch_01|batch_02|batch_14|batch_04|batch_03
zic008_aec7,20260924,3,47,8,35,batch_11|batch_05|batch_13,batch_06|batch_16|batch_09|batch_01|batch_02|batch_14|batch_04|batch_03
zic008_aec7,20260924,3,48,8,35,batch_11|batch_05|batch_08,batch_06|batch_16|batch_09|batch_01|batch_02|batch_14|batch_04|batch_03
zic008_aec7,20260924,3,49,8,35,batch_11|batch_10|batch_13,batch_06|batch_16|batch_09|batch_01|batch_02|batch_14|batch_04|batch_03
zic008_aec7,20260924,3,50,8,35,batch_11|batch_10|batch_08,batch_06|batch_16|batch_09|batch_01|batch_02|batch_14|batch_04|batch_03
zic008_aec7,20260924,3,51,8,35,batch_11|batch_13|batch_08,batch_06|batch_16|batch_09|batch_01|batch_02|batch_14|batch_04|batch_03
zic008_aec7,20260924,3,52,8,35,batch_05|batch_10|batch_13,batch_06|batch_16|batch_09|batch_01|batch_02|batch_14|batch_04|batch_03
zic008_aec7,20260924,3,53,8,35,batch_05|batch_10|batch_08,batch_06|batch_16|batch_09|batch_01|batch_02|batch_14|batch_04|batch_03
zic008_aec7,20260924,3,54,8,35,batch_05|batch_13|batch_08,batch_06|batch_16|batch_09|batch_01|batch_02|batch_14|batch_04|batch_03
zic008_aec7,20260924,3,55,8,35,batch_10|batch_13|batch_08,batch_06|batch_16|batch_09|batch_01|batch_02|batch_14|batch_04|batch_03
zic008_aec7,20260924,4,0,8,35,batch_15|batch_12|batch_07|batch_11,batch_06|batch_16|batch_09|batch_01|batch_02|batch_14|batch_04|batch_03
zic008_aec7,20260924,4,1,8,35,batch_15|batch_12|batch_07|batch_05,batch_06|batch_16|batch_09|batch_01|batch_02|batch_14|batch_04|batch_03
zic008_aec7,20260924,4,2,8,35,batch_15|batch_12|batch_07|batch_10,batch_06|batch_16|batch_09|batch_01|batch_02|batch_14|batch_04|batch_03
zic008_aec7,20260924,4,3,8,35,batch_15|batch_12|batch_07|batch_13,batch_06|batch_16|batch_09|batch_01|batch_02|batch_14|batch_04|batch_03
zic008_aec7,20260924,4,4,8,35,batch_15|batch_12|batch_07|batch_08,batch_06|batch_16|batch_09|batch_01|batch_02|batch_14|batch_04|batch_03
zic008_aec7,20260924,4,5,8,35,batch_15|batch_12|batch_11|batch_05,batch_06|batch_16|batch_09|batch_01|batch_02|batch_14|batch_04|batch_03
zic008_aec7,20260924,4,6,8,35,batch_15|batch_12|batch_11|batch_10,batch_06|batch_16|batch_09|batch_01|batch_02|batch_14|batch_04|batch_03
zic008_aec7,20260924,4,7,8,35,batch_15|batch_12|batch_11|batch_13,batch_06|batch_16|batch_09|batch_01|batch_02|batch_14|batch_04|batch_03
zic008_aec7,20260924,4,8,8,35,batch_15|batch_12|batch_11|batch_08,batch_06|batch_16|batch_09|batch_01|batch_02|batch_14|batch_04|batch_03
zic008_aec7,20260924,4,9,8,35,batch_15|batch_12|batch_05|batch_10,batch_06|batch_16|batch_09|batch_01|batch_02|batch_14|batch_04|batch_03
zic008_aec7,20260924,4,10,8,35,batch_15|batch_12|batch_05|batch_13,batch_06|batch_16|batch_09|batch_01|batch_02|batch_14|batch_04|batch_03
zic008_aec7,20260924,4,11,8,35,batch_15|batch_12|batch_05|batch_08,batch_06|batch_16|batch_09|batch_01|batch_02|batch_14|batch_04|batch_03
zic008_aec7,20260924,4,12,8,35,batch_15|batch_12|batch_10|batch_13,batch_06|batch_16|batch_09|batch_01|batch_02|batch_14|batch_04|batch_03
zic008_aec7,20260924,4,13,8,35,batch_15|batch_12|batch_10|batch_08,batch_06|batch_16|batch_09|batch_01|batch_02|batch_14|batch_04|batch_03
zic008_aec7,20260924,4,14,8,35,batch_15|batch_12|batch_13|batch_08,batch_06|batch_16|batch_09|batch_01|batch_02|batch_14|batch_04|batch_03
zic008_aec7,20260924,4,15,8,35,batch_15|batch_07|batch_11|batch_05,batch_06|batch_16|batch_09|batch_01|batch_02|batch_14|batch_04|batch_03
zic008_aec7,20260924,4,16,8,35,batch_15|batch_07|batch_11|batch_10,batch_06|batch_16|batch_09|batch_01|batch_02|batch_14|batch_04|batch_03
zic008_aec7,20260924,4,17,8,35,batch_15|batch_07|batch_11|batch_13,batch_06|batch_16|batch_09|batch_01|batch_02|batch_14|batch_04|batch_03
zic008_aec7,20260924,4,18,8,35,batch_15|batch_07|batch_11|batch_08,batch_06|batch_16|batch_09|batch_01|batch_02|batch_14|batch_04|batch_03
zic008_aec7,20260924,4,19,8,35,batch_15|batch_07|batch_05|batch_10,batch_06|batch_16|batch_09|batch_01|batch_02|batch_14|batch_04|batch_03
zic008_aec7,20260924,4,20,8,35,batch_15|batch_07|batch_05|batch_13,batch_06|batch_16|batch_09|batch_01|batch_02|batch_14|batch_04|batch_03
zic008_aec7,20260924,4,21,8,35,batch_15|batch_07|batch_05|batch_08,batch_06|batch_16|batch_09|batch_01|batch_02|batch_14|batch_04|batch_03
zic008_aec7,20260924,4,22,8,35,batch_15|batch_07|batch_10|batch_13,batch_06|batch_16|batch_09|batch_01|batch_02|batch_14|batch_04|batch_03
zic008_aec7,20260924,4,23,8,35,batch_15|batch_07|batch_10|batch_08,batch_06|batch_16|batch_09|batch_01|batch_02|batch_14|batch_04|batch_03
zic008_aec7,20260924,4,24,8,35,batch_15|batch_07|batch_13|batch_08,batch_06|batch_16|batch_09|batch_01|batch_02|batch_14|batch_04|batch_03
zic008_aec7,20260924,4,25,8,35,batch_15|batch_11|batch_05|batch_10,batch_06|batch_16|batch_09|batch_01|batch_02|batch_14|batch_04|batch_03
zic008_aec7,20260924,4,26,8,35,batch_15|batch_11|batch_05|batch_13,batch_06|batch_16|batch_09|batch_01|batch_02|batch_14|batch_04|batch_03
zic008_aec7,20260924,4,27,8,35,batch_15|batch_11|batch_05|batch_08,batch_06|batch_16|batch_09|batch_01|batch_02|batch_14|batch_04|batch_03
zic008_aec7,20260924,4,28,8,35,batch_15|batch_11|batch_10|batch_13,batch_06|batch_16|batch_09|batch_01|batch_02|batch_14|batch_04|batch_03
zic008_aec7,20260924,4,29,8,35,batch_15|batch_11|batch_10|batch_08,batch_06|batch_16|batch_09|batch_01|batch_02|batch_14|batch_04|batch_03
zic008_aec7,20260924,4,30,8,35,batch_15|batch_11|batch_13|batch_08,batch_06|batch_16|batch_09|batch_01|batch_02|batch_14|batch_04|batch_03
zic008_aec7,20260924,4,31,8,35,batch_15|batch_05|batch_10|batch_13,batch_06|batch_16|batch_09|batch_01|batch_02|batch_14|batch_04|batch_03
zic008_aec7,20260924,4,32,8,35,batch_15|batch_05|batch_10|batch_08,batch_06|batch_16|batch_09|batch_01|batch_02|batch_14|batch_04|batch_03
zic008_aec7,20260924,4,33,8,35,batch_15|batch_05|batch_13|batch_08,batch_06|batch_16|batch_09|batch_01|batch_02|batch_14|batch_04|batch_03
zic008_aec7,20260924,4,34,8,35,batch_15|batch_10|batch_13|batch_08,batch_06|batch_16|batch_09|batch_01|batch_02|batch_14|batch_04|batch_03
zic008_aec7,20260924,4,35,8,35,batch_12|batch_07|batch_11|batch_05,batch_06|batch_16|batch_09|batch_01|batch_02|batch_14|batch_04|batch_03
zic008_aec7,20260924,4,36,8,35,batch_12|batch_07|batch_11|batch_10,batch_06|batch_16|batch_09|batch_01|batch_02|batch_14|batch_04|batch_03
zic008_aec7,20260924,4,37,8,35,batch_12|batch_07|batch_11|batch_13,batch_06|batch_16|batch_09|batch_01|batch_02|batch_14|batch_04|batch_03
zic008_aec7,20260924,4,38,8,35,batch_12|batch_07|batch_11|batch_08,batch_06|batch_16|batch_09|batch_01|batch_02|batch_14|batch_04|batch_03
zic008_aec7,20260924,4,39,8,35,batch_12|batch_07|batch_05|batch_10,batch_06|batch_16|batch_09|batch_01|batch_02|batch_14|batch_04|batch_03
zic008_aec7,20260924,4,40,8,35,batch_12|batch_07|batch_05|batch_13,batch_06|batch_16|batch_09|batch_01|batch_02|batch_14|batch_04|batch_03
zic008_aec7,20260924,4,41,8,35,batch_12|batch_07|batch_05|batch_08,batch_06|batch_16|batch_09|batch_01|batch_02|batch_14|batch_04|batch_03
zic008_aec7,20260924,4,42,8,35,batch_12|batch_07|batch_10|batch_13,batch_06|batch_16|batch_09|batch_01|batch_02|batch_14|batch_04|batch_03
zic008_aec7,20260924,4,43,8,35,batch_12|batch_07|batch_10|batch_08,batch_06|batch_16|batch_09|batch_01|batch_02|batch_14|batch_04|batch_03
zic008_aec7,20260924,4,44,8,35,batch_12|batch_07|batch_13|batch_08,batch_06|batch_16|batch_09|batch_01|batch_02|batch_14|batch_04|batch_03
zic008_aec7,20260924,4,45,8,35,batch_12|batch_11|batch_05|batch_10,batch_06|batch_16|batch_09|batch_01|batch_02|batch_14|batch_04|batch_03
zic008_aec7,20260924,4,46,8,35,batch_12|batch_11|batch_05|batch_13,batch_06|batch_16|batch_09|batch_01|batch_02|batch_14|batch_04|batch_03
zic008_aec7,20260924,4,47,8,35,batch_12|batch_11|batch_05|batch_08,batch_06|batch_16|batch_09|batch_01|batch_02|batch_14|batch_04|batch_03
zic008_aec7,20260924,4,48,8,35,batch_12|batch_11|batch_10|batch_13,batch_06|batch_16|batch_09|batch_01|batch_02|batch_14|batch_04|batch_03
zic008_aec7,20260924,4,49,8,35,batch_12|batch_11|batch_10|batch_08,batch_06|batch_16|batch_09|batch_01|batch_02|batch_14|batch_04|batch_03
zic008_aec7,20260924,4,50,8,35,batch_12|batch_11|batch_13|batch_08,batch_06|batch_16|batch_09|batch_01|batch_02|batch_14|batch_04|batch_03
zic008_aec7,20260924,4,51,8,35,batch_12|batch_05|batch_10|batch_13,batch_06|batch_16|batch_09|batch_01|batch_02|batch_14|batch_04|batch_03
zic008_aec7,20260924,4,52,8,35,batch_12|batch_05|batch_10|batch_08,batch_06|batch_16|batch_09|batch_01|batch_02|batch_14|batch_04|batch_03
zic008_aec7,20260924,4,53,8,35,batch_12|batch_05|batch_13|batch_08,batch_06|batch_16|batch_09|batch_01|batch_02|batch_14|batch_04|batch_03
zic008_aec7,20260924,4,54,8,35,batch_12|batch_10|batch_13|batch_08,batch_06|batch_16|batch_09|batch_01|batch_02|batch_14|batch_04|batch_03
zic008_aec7,20260924,4,55,8,35,batch_07|batch_11|batch_05|batch_10,batch_06|batch_16|batch_09|batch_01|batch_02|batch_14|batch_04|batch_03
zic008_aec7,20260924,4,56,8,35,batch_07|batch_11|batch_05|batch_13,batch_06|batch_16|batch_09|batch_01|batch_02|batch_14|batch_04|batch_03
zic008_aec7,20260924,4,57,8,35,batch_07|batch_11|batch_05|batch_08,batch_06|batch_16|batch_09|batch_01|batch_02|batch_14|batch_04|batch_03
zic008_aec7,20260924,4,58,8,35,batch_07|batch_11|batch_10|batch_13,batch_06|batch_16|batch_09|batch_01|batch_02|batch_14|batch_04|batch_03
zic008_aec7,20260924,4,59,8,35,batch_07|batch_11|batch_10|batch_08,batch_06|batch_16|batch_09|batch_01|batch_02|batch_14|batch_04|batch_03
zic008_aec7,20260924,4,60,8,35,batch_07|batch_11|batch_13|batch_08,batch_06|batch_16|batch_09|batch_01|batch_02|batch_14|batch_04|batch_03
zic008_aec7,20260924,4,61,8,35,batch_07|batch_05|batch_10|batch_13,batch_06|batch_16|batch_09|batch_01|batch_02|batch_14|batch_04|batch_03
zic008_aec7,20260924,4,62,8,35,batch_07|batch_05|batch_10|batch_08,batch_06|batch_16|batch_09|batch_01|batch_02|batch_14|batch_04|batch_03
zic008_aec7,20260924,4,63,8,35,batch_07|batch_05|batch_13|batch_08,batch_06|batch_16|batch_09|batch_01|batch_02|batch_14|batch_04|batch_03
zic008_aec7,20260924,4,64,8,35,batch_07|batch_10|batch_13|batch_08,batch_06|batch_16|batch_09|batch_01|batch_02|batch_14|batch_04|batch_03
zic008_aec7,20260924,4,65,8,35,batch_11|batch_05|batch_10|batch_13,batch_06|batch_16|batch_09|batch_01|batch_02|batch_14|batch_04|batch_03
zic008_aec7,20260924,4,66,8,35,batch_11|batch_05|batch_10|batch_08,batch_06|batch_16|batch_09|batch_01|batch_02|batch_14|batch_04|batch_03
zic008_aec7,20260924,4,67,8,35,batch_11|batch_05|batch_13|batch_08,batch_06|batch_16|batch_09|batch_01|batch_02|batch_14|batch_04|batch_03
zic008_aec7,20260924,4,68,8,35,batch_11|batch_10|batch_13|batch_08,batch_06|batch_16|batch_09|batch_01|batch_02|batch_14|batch_04|batch_03
zic008_aec7,20260924,4,69,8,35,batch_05|batch_10|batch_13|batch_08,batch_06|batch_16|batch_09|batch_01|batch_02|batch_14|batch_04|batch_03
zic008_aec7,20260924,5,0,8,35,batch_15|batch_12|batch_07|batch_11|batch_05,batch_06|batch_16|batch_09|batch_01|batch_02|batch_14|batch_04|batch_03
zic008_aec7,20260924,5,1,8,35,batch_15|batch_12|batch_07|batch_11|batch_10,batch_06|batch_16|batch_09|batch_01|batch_02|batch_14|batch_04|batch_03
zic008_aec7,20260924,5,2,8,35,batch_15|batch_12|batch_07|batch_11|batch_13,batch_06|batch_16|batch_09|batch_01|batch_02|batch_14|batch_04|batch_03
zic008_aec7,20260924,5,3,8,35,batch_15|batch_12|batch_07|batch_11|batch_08,batch_06|batch_16|batch_09|batch_01|batch_02|batch_14|batch_04|batch_03
zic008_aec7,20260924,5,4,8,35,batch_15|batch_12|batch_07|batch_05|batch_10,batch_06|batch_16|batch_09|batch_01|batch_02|batch_14|batch_04|batch_03
zic008_aec7,20260924,5,5,8,35,batch_15|batch_12|batch_07|batch_05|batch_13,batch_06|batch_16|batch_09|batch_01|batch_02|batch_14|batch_04|batch_03
zic008_aec7,20260924,5,6,8,35,batch_15|batch_12|batch_07|batch_05|batch_08,batch_06|batch_16|batch_09|batch_01|batch_02|batch_14|batch_04|batch_03
zic008_aec7,20260924,5,7,8,35,batch_15|batch_12|batch_07|batch_10|batch_13,batch_06|batch_16|batch_09|batch_01|batch_02|batch_14|batch_04|batch_03
zic008_aec7,20260924,5,8,8,35,batch_15|batch_12|batch_07|batch_10|batch_08,batch_06|batch_16|batch_09|batch_01|batch_02|batch_14|batch_04|batch_03
zic008_aec7,20260924,5,9,8,35,batch_15|batch_12|batch_07|batch_13|batch_08,batch_06|batch_16|batch_09|batch_01|batch_02|batch_14|batch_04|batch_03
zic008_aec7,20260924,5,10,8,35,batch_15|batch_12|batch_11|batch_05|batch_10,batch_06|batch_16|batch_09|batch_01|batch_02|batch_14|batch_04|batch_03
zic008_aec7,20260924,5,11,8,35,batch_15|batch_12|batch_11|batch_05|batch_13,batch_06|batch_16|batch_09|batch_01|batch_02|batch_14|batch_04|batch_03
zic008_aec7,20260924,5,12,8,35,batch_15|batch_12|batch_11|batch_05|batch_08,batch_06|batch_16|batch_09|batch_01|batch_02|batch_14|batch_04|batch_03
zic008_aec7,20260924,5,13,8,35,batch_15|batch_12|batch_11|batch_10|batch_13,batch_06|batch_16|batch_09|batch_01|batch_02|batch_14|batch_04|batch_03
zic008_aec7,20260924,5,14,8,35,batch_15|batch_12|batch_11|batch_10|batch_08,batch_06|batch_16|batch_09|batch_01|batch_02|batch_14|batch_04|batch_03
zic008_aec7,20260924,5,15,8,35,batch_15|batch_12|batch_11|batch_13|batch_08,batch_06|batch_16|batch_09|batch_01|batch_02|batch_14|batch_04|batch_03
zic008_aec7,20260924,5,16,8,35,batch_15|batch_12|batch_05|batch_10|batch_13,batch_06|batch_16|batch_09|batch_01|batch_02|batch_14|batch_04|batch_03
zic008_aec7,20260924,5,17,8,35,batch_15|batch_12|batch_05|batch_10|batch_08,batch_06|batch_16|batch_09|batch_01|batch_02|batch_14|batch_04|batch_03
zic008_aec7,20260924,5,18,8,35,batch_15|batch_12|batch_05|batch_13|batch_08,batch_06|batch_16|batch_09|batch_01|batch_02|batch_14|batch_04|batch_03
zic008_aec7,20260924,5,19,8,35,batch_15|batch_12|batch_10|batch_13|batch_08,batch_06|batch_16|batch_09|batch_01|batch_02|batch_14|batch_04|batch_03
zic008_aec7,20260924,5,20,8,35,batch_15|batch_07|batch_11|batch_05|batch_10,batch_06|batch_16|batch_09|batch_01|batch_02|batch_14|batch_04|batch_03
zic008_aec7,20260924,5,21,8,35,batch_15|batch_07|batch_11|batch_05|batch_13,batch_06|batch_16|batch_09|batch_01|batch_02|batch_14|batch_04|batch_03
zic008_aec7,20260924,5,22,8,35,batch_15|batch_07|batch_11|batch_05|batch_08,batch_06|batch_16|batch_09|batch_01|batch_02|batch_14|batch_04|batch_03
zic008_aec7,20260924,5,23,8,35,batch_15|batch_07|batch_11|batch_10|batch_13,batch_06|batch_16|batch_09|batch_01|batch_02|batch_14|batch_04|batch_03
zic008_aec7,20260924,5,24,8,35,batch_15|batch_07|batch_11|batch_10|batch_08,batch_06|batch_16|batch_09|batch_01|batch_02|batch_14|batch_04|batch_03
zic008_aec7,20260924,5,25,8,35,batch_15|batch_07|batch_11|batch_13|batch_08,batch_06|batch_16|batch_09|batch_01|batch_02|batch_14|batch_04|batch_03
zic008_aec7,20260924,5,26,8,35,batch_15|batch_07|batch_05|batch_10|batch_13,batch_06|batch_16|batch_09|batch_01|batch_02|batch_14|batch_04|batch_03
zic008_aec7,20260924,5,27,8,35,batch_15|batch_07|batch_05|batch_10|batch_08,batch_06|batch_16|batch_09|batch_01|batch_02|batch_14|batch_04|batch_03
zic008_aec7,20260924,5,28,8,35,batch_15|batch_07|batch_05|batch_13|batch_08,batch_06|batch_16|batch_09|batch_01|batch_02|batch_14|batch_04|batch_03
zic008_aec7,20260924,5,29,8,35,batch_15|batch_07|batch_10|batch_13|batch_08,batch_06|batch_16|batch_09|batch_01|batch_02|batch_14|batch_04|batch_03
zic008_aec7,20260924,5,30,8,35,batch_15|batch_11|batch_05|batch_10|batch_13,batch_06|batch_16|batch_09|batch_01|batch_02|batch_14|batch_04|batch_03
zic008_aec7,20260924,5,31,8,35,batch_15|batch_11|batch_05|batch_10|batch_08,batch_06|batch_16|batch_09|batch_01|batch_02|batch_14|batch_04|batch_03
zic008_aec7,20260924,5,32,8,35,batch_15|batch_11|batch_05|batch_13|batch_08,batch_06|batch_16|batch_09|batch_01|batch_02|batch_14|batch_04|batch_03
zic008_aec7,20260924,5,33,8,35,batch_15|batch_11|batch_10|batch_13|batch_08,batch_06|batch_16|batch_09|batch_01|batch_02|batch_14|batch_04|batch_03
zic008_aec7,20260924,5,34,8,35,batch_15|batch_05|batch_10|batch_13|batch_08,batch_06|batch_16|batch_09|batch_01|batch_02|batch_14|batch_04|batch_03
zic008_aec7,20260924,5,35,8,35,batch_12|batch_07|batch_11|batch_05|batch_10,batch_06|batch_16|batch_09|batch_01|batch_02|batch_14|batch_04|batch_03
zic008_aec7,20260924,5,36,8,35,batch_12|batch_07|batch_11|batch_05|batch_13,batch_06|batch_16|batch_09|batch_01|batch_02|batch_14|batch_04|batch_03
zic008_aec7,20260924,5,37,8,35,batch_12|batch_07|batch_11|batch_05|batch_08,batch_06|batch_16|batch_09|batch_01|batch_02|batch_14|batch_04|batch_03
zic008_aec7,20260924,5,38,8,35,batch_12|batch_07|batch_11|batch_10|batch_13,batch_06|batch_16|batch_09|batch_01|batch_02|batch_14|batch_04|batch_03
zic008_aec7,20260924,5,39,8,35,batch_12|batch_07|batch_11|batch_10|batch_08,batch_06|batch_16|batch_09|batch_01|batch_02|batch_14|batch_04|batch_03
zic008_aec7,20260924,5,40,8,35,batch_12|batch_07|batch_11|batch_13|batch_08,batch_06|batch_16|batch_09|batch_01|batch_02|batch_14|batch_04|batch_03
zic008_aec7,20260924,5,41,8,35,batch_12|batch_07|batch_05|batch_10|batch_13,batch_06|batch_16|batch_09|batch_01|batch_02|batch_14|batch_04|batch_03
zic008_aec7,20260924,5,42,8,35,batch_12|batch_07|batch_05|batch_10|batch_08,batch_06|batch_16|batch_09|batch_01|batch_02|batch_14|batch_04|batch_03
zic008_aec7,20260924,5,43,8,35,batch_12|batch_07|batch_05|batch_13|batch_08,batch_06|batch_16|batch_09|batch_01|batch_02|batch_14|batch_04|batch_03
zic008_aec7,20260924,5,44,8,35,batch_12|batch_07|batch_10|batch_13|batch_08,batch_06|batch_16|batch_09|batch_01|batch_02|batch_14|batch_04|batch_03
zic008_aec7,20260924,5,45,8,35,batch_12|batch_11|batch_05|batch_10|batch_13,batch_06|batch_16|batch_09|batch_01|batch_02|batch_14|batch_04|batch_03
zic008_aec7,20260924,5,46,8,35,batch_12|batch_11|batch_05|batch_10|batch_08,batch_06|batch_16|batch_09|batch_01|batch_02|batch_14|batch_04|batch_03
zic008_aec7,20260924,5,47,8,35,batch_12|batch_11|batch_05|batch_13|batch_08,batch_06|batch_16|batch_09|batch_01|batch_02|batch_14|batch_04|batch_03
zic008_aec7,20260924,5,48,8,35,batch_12|batch_11|batch_10|batch_13|batch_08,batch_06|batch_16|batch_09|batch_01|batch_02|batch_14|batch_04|batch_03
zic008_aec7,20260924,5,49,8,35,batch_12|batch_05|batch_10|batch_13|batch_08,batch_06|batch_16|batch_09|batch_01|batch_02|batch_14|batch_04|batch_03
zic008_aec7,20260924,5,50,8,35,batch_07|batch_11|batch_05|batch_10|batch_13,batch_06|batch_16|batch_09|batch_01|batch_02|batch_14|batch_04|batch_03
zic008_aec7,20260924,5,51,8,35,batch_07|batch_11|batch_05|batch_10|batch_08,batch_06|batch_16|batch_09|batch_01|batch_02|batch_14|batch_04|batch_03
zic008_aec7,20260924,5,52,8,35,batch_07|batch_11|batch_05|batch_13|batch_08,batch_06|batch_16|batch_09|batch_01|batch_02|batch_14|batch_04|batch_03
zic008_aec7,20260924,5,53,8,35,batch_07|batch_11|batch_10|batch_13|batch_08,batch_06|batch_16|batch_09|batch_01|batch_02|batch_14|batch_04|batch_03
zic008_aec7,20260924,5,54,8,35,batch_07|batch_05|batch_10|batch_13|batch_08,batch_06|batch_16|batch_09|batch_01|batch_02|batch_14|batch_04|batch_03
zic008_aec7,20260924,5,55,8,35,batch_11|batch_05|batch_10|batch_13|batch_08,batch_06|batch_16|batch_09|batch_01|batch_02|batch_14|batch_04|batch_03
zic008_aec7,20260924,6,0,8,35,batch_15|batch_12|batch_07|batch_11|batch_05|batch_10,batch_06|batch_16|batch_09|batch_01|batch_02|batch_14|batch_04|batch_03
zic008_aec7,20260924,6,1,8,35,batch_15|batch_12|batch_07|batch_11|batch_05|batch_13,batch_06|batch_16|batch_09|batch_01|batch_02|batch_14|batch_04|batch_03
zic008_aec7,20260924,6,2,8,35,batch_15|batch_12|batch_07|batch_11|batch_05|batch_08,batch_06|batch_16|batch_09|batch_01|batch_02|batch_14|batch_04|batch_03
zic008_aec7,20260924,6,3,8,35,batch_15|batch_12|batch_07|batch_11|batch_10|batch_13,batch_06|batch_16|batch_09|batch_01|batch_02|batch_14|batch_04|batch_03
zic008_aec7,20260924,6,4,8,35,batch_15|batch_12|batch_07|batch_11|batch_10|batch_08,batch_06|batch_16|batch_09|batch_01|batch_02|batch_14|batch_04|batch_03
zic008_aec7,20260924,6,5,8,35,batch_15|batch_12|batch_07|batch_11|batch_13|batch_08,batch_06|batch_16|batch_09|batch_01|batch_02|batch_14|batch_04|batch_03
zic008_aec7,20260924,6,6,8,35,batch_15|batch_12|batch_07|batch_05|batch_10|batch_13,batch_06|batch_16|batch_09|batch_01|batch_02|batch_14|batch_04|batch_03
zic008_aec7,20260924,6,7,8,35,batch_15|batch_12|batch_07|batch_05|batch_10|batch_08,batch_06|batch_16|batch_09|batch_01|batch_02|batch_14|batch_04|batch_03
zic008_aec7,20260924,6,8,8,35,batch_15|batch_12|batch_07|batch_05|batch_13|batch_08,batch_06|batch_16|batch_09|batch_01|batch_02|batch_14|batch_04|batch_03
zic008_aec7,20260924,6,9,8,35,batch_15|batch_12|batch_07|batch_10|batch_13|batch_08,batch_06|batch_16|batch_09|batch_01|batch_02|batch_14|batch_04|batch_03
zic008_aec7,20260924,6,10,8,35,batch_15|batch_12|batch_11|batch_05|batch_10|batch_13,batch_06|batch_16|batch_09|batch_01|batch_02|batch_14|batch_04|batch_03
zic008_aec7,20260924,6,11,8,35,batch_15|batch_12|batch_11|batch_05|batch_10|batch_08,batch_06|batch_16|batch_09|batch_01|batch_02|batch_14|batch_04|batch_03
zic008_aec7,20260924,6,12,8,35,batch_15|batch_12|batch_11|batch_05|batch_13|batch_08,batch_06|batch_16|batch_09|batch_01|batch_02|batch_14|batch_04|batch_03
zic008_aec7,20260924,6,13,8,35,batch_15|batch_12|batch_11|batch_10|batch_13|batch_08,batch_06|batch_16|batch_09|batch_01|batch_02|batch_14|batch_04|batch_03
zic008_aec7,20260924,6,14,8,35,batch_15|batch_12|batch_05|batch_10|batch_13|batch_08,batch_06|batch_16|batch_09|batch_01|batch_02|batch_14|batch_04|batch_03
zic008_aec7,20260924,6,15,8,35,batch_15|batch_07|batch_11|batch_05|batch_10|batch_13,batch_06|batch_16|batch_09|batch_01|batch_02|batch_14|batch_04|batch_03
zic008_aec7,20260924,6,16,8,35,batch_15|batch_07|batch_11|batch_05|batch_10|batch_08,batch_06|batch_16|batch_09|batch_01|batch_02|batch_14|batch_04|batch_03
zic008_aec7,20260924,6,17,8,35,batch_15|batch_07|batch_11|batch_05|batch_13|batch_08,batch_06|batch_16|batch_09|batch_01|batch_02|batch_14|batch_04|batch_03
zic008_aec7,20260924,6,18,8,35,batch_15|batch_07|batch_11|batch_10|batch_13|batch_08,batch_06|batch_16|batch_09|batch_01|batch_02|batch_14|batch_04|batch_03
zic008_aec7,20260924,6,19,8,35,batch_15|batch_07|batch_05|batch_10|batch_13|batch_08,batch_06|batch_16|batch_09|batch_01|batch_02|batch_14|batch_04|batch_03
zic008_aec7,20260924,6,20,8,35,batch_15|batch_11|batch_05|batch_10|batch_13|batch_08,batch_06|batch_16|batch_09|batch_01|batch_02|batch_14|batch_04|batch_03
zic008_aec7,20260924,6,21,8,35,batch_12|batch_07|batch_11|batch_05|batch_10|batch_13,batch_06|batch_16|batch_09|batch_01|batch_02|batch_14|batch_04|batch_03
zic008_aec7,20260924,6,22,8,35,batch_12|batch_07|batch_11|batch_05|batch_10|batch_08,batch_06|batch_16|batch_09|batch_01|batch_02|batch_14|batch_04|batch_03
zic008_aec7,20260924,6,23,8,35,batch_12|batch_07|batch_11|batch_05|batch_13|batch_08,batch_06|batch_16|batch_09|batch_01|batch_02|batch_14|batch_04|batch_03
zic008_aec7,20260924,6,24,8,35,batch_12|batch_07|batch_11|batch_10|batch_13|batch_08,batch_06|batch_16|batch_09|batch_01|batch_02|batch_14|batch_04|batch_03
zic008_aec7,20260924,6,25,8,35,batch_12|batch_07|batch_05|batch_10|batch_13|batch_08,batch_06|batch_16|batch_09|batch_01|batch_02|batch_14|batch_04|batch_03
zic008_aec7,20260924,6,26,8,35,batch_12|batch_11|batch_05|batch_10|batch_13|batch_08,batch_06|batch_16|batch_09|batch_01|batch_02|batch_14|batch_04|batch_03
zic008_aec7,20260924,6,27,8,35,batch_07|batch_11|batch_05|batch_10|batch_13|batch_08,batch_06|batch_16|batch_09|batch_01|batch_02|batch_14|batch_04|batch_03
zic008_aec7,20260924,7,0,8,35,batch_15|batch_12|batch_07|batch_11|batch_05|batch_10|batch_13,batch_06|batch_16|batch_09|batch_01|batch_02|batch_14|batch_04|batch_03
zic008_aec7,20260924,7,1,8,35,batch_15|batch_12|batch_07|batch_11|batch_05|batch_10|batch_08,batch_06|batch_16|batch_09|batch_01|batch_02|batch_14|batch_04|batch_03
zic008_aec7,20260924,7,2,8,35,batch_15|batch_12|batch_07|batch_11|batch_05|batch_13|batch_08,batch_06|batch_16|batch_09|batch_01|batch_02|batch_14|batch_04|batch_03
zic008_aec7,20260924,7,3,8,35,batch_15|batch_12|batch_07|batch_11|batch_10|batch_13|batch_08,batch_06|batch_16|batch_09|batch_01|batch_02|batch_14|batch_04|batch_03
zic008_aec7,20260924,7,4,8,35,batch_15|batch_12|batch_07|batch_05|batch_10|batch_13|batch_08,batch_06|batch_16|batch_09|batch_01|batch_02|batch_14|batch_04|batch_03
zic008_aec7,20260924,7,5,8,35,batch_15|batch_12|batch_11|batch_05|batch_10|batch_13|batch_08,batch_06|batch_16|batch_09|batch_01|batch_02|batch_14|batch_04|batch_03
zic008_aec7,20260924,7,6,8,35,batch_15|batch_07|batch_11|batch_05|batch_10|batch_13|batch_08,batch_06|batch_16|batch_09|batch_01|batch_02|batch_14|batch_04|batch_03
zic008_aec7,20260924,7,7,8,35,batch_12|batch_07|batch_11|batch_05|batch_10|batch_13|batch_08,batch_06|batch_16|batch_09|batch_01|batch_02|batch_14|batch_04|batch_03
zic008_aec7,20260924,8,0,8,35,batch_15|batch_12|batch_07|batch_11|batch_05|batch_10|batch_13|batch_08,batch_06|batch_16|batch_09|batch_01|batch_02|batch_14|batch_04|batch_03
zic008_aec7,20260925,1,0,8,35,batch_13,batch_05|batch_01|batch_02|batch_04|batch_11|batch_07|batch_03|batch_15
zic008_aec7,20260925,1,1,8,35,batch_12,batch_05|batch_01|batch_02|batch_04|batch_11|batch_07|batch_03|batch_15
zic008_aec7,20260925,1,2,8,35,batch_14,batch_05|batch_01|batch_02|batch_04|batch_11|batch_07|batch_03|batch_15
zic008_aec7,20260925,1,3,8,35,batch_06,batch_05|batch_01|batch_02|batch_04|batch_11|batch_07|batch_03|batch_15
zic008_aec7,20260925,1,4,8,35,batch_16,batch_05|batch_01|batch_02|batch_04|batch_11|batch_07|batch_03|batch_15
zic008_aec7,20260925,1,5,8,35,batch_10,batch_05|batch_01|batch_02|batch_04|batch_11|batch_07|batch_03|batch_15
zic008_aec7,20260925,1,6,8,35,batch_08,batch_05|batch_01|batch_02|batch_04|batch_11|batch_07|batch_03|batch_15
zic008_aec7,20260925,1,7,8,35,batch_09,batch_05|batch_01|batch_02|batch_04|batch_11|batch_07|batch_03|batch_15
zic008_aec7,20260925,2,0,8,35,batch_13|batch_12,batch_05|batch_01|batch_02|batch_04|batch_11|batch_07|batch_03|batch_15
zic008_aec7,20260925,2,1,8,35,batch_13|batch_14,batch_05|batch_01|batch_02|batch_04|batch_11|batch_07|batch_03|batch_15
zic008_aec7,20260925,2,2,8,35,batch_13|batch_06,batch_05|batch_01|batch_02|batch_04|batch_11|batch_07|batch_03|batch_15
zic008_aec7,20260925,2,3,8,35,batch_13|batch_16,batch_05|batch_01|batch_02|batch_04|batch_11|batch_07|batch_03|batch_15
zic008_aec7,20260925,2,4,8,35,batch_13|batch_10,batch_05|batch_01|batch_02|batch_04|batch_11|batch_07|batch_03|batch_15
zic008_aec7,20260925,2,5,8,35,batch_13|batch_08,batch_05|batch_01|batch_02|batch_04|batch_11|batch_07|batch_03|batch_15
zic008_aec7,20260925,2,6,8,35,batch_13|batch_09,batch_05|batch_01|batch_02|batch_04|batch_11|batch_07|batch_03|batch_15
zic008_aec7,20260925,2,7,8,35,batch_12|batch_14,batch_05|batch_01|batch_02|batch_04|batch_11|batch_07|batch_03|batch_15
zic008_aec7,20260925,2,8,8,35,batch_12|batch_06,batch_05|batch_01|batch_02|batch_04|batch_11|batch_07|batch_03|batch_15
zic008_aec7,20260925,2,9,8,35,batch_12|batch_16,batch_05|batch_01|batch_02|batch_04|batch_11|batch_07|batch_03|batch_15
zic008_aec7,20260925,2,10,8,35,batch_12|batch_10,batch_05|batch_01|batch_02|batch_04|batch_11|batch_07|batch_03|batch_15
zic008_aec7,20260925,2,11,8,35,batch_12|batch_08,batch_05|batch_01|batch_02|batch_04|batch_11|batch_07|batch_03|batch_15
zic008_aec7,20260925,2,12,8,35,batch_12|batch_09,batch_05|batch_01|batch_02|batch_04|batch_11|batch_07|batch_03|batch_15
zic008_aec7,20260925,2,13,8,35,batch_14|batch_06,batch_05|batch_01|batch_02|batch_04|batch_11|batch_07|batch_03|batch_15
zic008_aec7,20260925,2,14,8,35,batch_14|batch_16,batch_05|batch_01|batch_02|batch_04|batch_11|batch_07|batch_03|batch_15
zic008_aec7,20260925,2,15,8,35,batch_14|batch_10,batch_05|batch_01|batch_02|batch_04|batch_11|batch_07|batch_03|batch_15
zic008_aec7,20260925,2,16,8,35,batch_14|batch_08,batch_05|batch_01|batch_02|batch_04|batch_11|batch_07|batch_03|batch_15
zic008_aec7,20260925,2,17,8,35,batch_14|batch_09,batch_05|batch_01|batch_02|batch_04|batch_11|batch_07|batch_03|batch_15
zic008_aec7,20260925,2,18,8,35,batch_06|batch_16,batch_05|batch_01|batch_02|batch_04|batch_11|batch_07|batch_03|batch_15
zic008_aec7,20260925,2,19,8,35,batch_06|batch_10,batch_05|batch_01|batch_02|batch_04|batch_11|batch_07|batch_03|batch_15
zic008_aec7,20260925,2,20,8,35,batch_06|batch_08,batch_05|batch_01|batch_02|batch_04|batch_11|batch_07|batch_03|batch_15
zic008_aec7,20260925,2,21,8,35,batch_06|batch_09,batch_05|batch_01|batch_02|batch_04|batch_11|batch_07|batch_03|batch_15
zic008_aec7,20260925,2,22,8,35,batch_16|batch_10,batch_05|batch_01|batch_02|batch_04|batch_11|batch_07|batch_03|batch_15
zic008_aec7,20260925,2,23,8,35,batch_16|batch_08,batch_05|batch_01|batch_02|batch_04|batch_11|batch_07|batch_03|batch_15
zic008_aec7,20260925,2,24,8,35,batch_16|batch_09,batch_05|batch_01|batch_02|batch_04|batch_11|batch_07|batch_03|batch_15
zic008_aec7,20260925,2,25,8,35,batch_10|batch_08,batch_05|batch_01|batch_02|batch_04|batch_11|batch_07|batch_03|batch_15
zic008_aec7,20260925,2,26,8,35,batch_10|batch_09,batch_05|batch_01|batch_02|batch_04|batch_11|batch_07|batch_03|batch_15
zic008_aec7,20260925,2,27,8,35,batch_08|batch_09,batch_05|batch_01|batch_02|batch_04|batch_11|batch_07|batch_03|batch_15
zic008_aec7,20260925,3,0,8,35,batch_13|batch_12|batch_14,batch_05|batch_01|batch_02|batch_04|batch_11|batch_07|batch_03|batch_15
zic008_aec7,20260925,3,1,8,35,batch_13|batch_12|batch_06,batch_05|batch_01|batch_02|batch_04|batch_11|batch_07|batch_03|batch_15
zic008_aec7,20260925,3,2,8,35,batch_13|batch_12|batch_16,batch_05|batch_01|batch_02|batch_04|batch_11|batch_07|batch_03|batch_15
zic008_aec7,20260925,3,3,8,35,batch_13|batch_12|batch_10,batch_05|batch_01|batch_02|batch_04|batch_11|batch_07|batch_03|batch_15
zic008_aec7,20260925,3,4,8,35,batch_13|batch_12|batch_08,batch_05|batch_01|batch_02|batch_04|batch_11|batch_07|batch_03|batch_15
zic008_aec7,20260925,3,5,8,35,batch_13|batch_12|batch_09,batch_05|batch_01|batch_02|batch_04|batch_11|batch_07|batch_03|batch_15
zic008_aec7,20260925,3,6,8,35,batch_13|batch_14|batch_06,batch_05|batch_01|batch_02|batch_04|batch_11|batch_07|batch_03|batch_15
zic008_aec7,20260925,3,7,8,35,batch_13|batch_14|batch_16,batch_05|batch_01|batch_02|batch_04|batch_11|batch_07|batch_03|batch_15
zic008_aec7,20260925,3,8,8,35,batch_13|batch_14|batch_10,batch_05|batch_01|batch_02|batch_04|batch_11|batch_07|batch_03|batch_15
zic008_aec7,20260925,3,9,8,35,batch_13|batch_14|batch_08,batch_05|batch_01|batch_02|batch_04|batch_11|batch_07|batch_03|batch_15
zic008_aec7,20260925,3,10,8,35,batch_13|batch_14|batch_09,batch_05|batch_01|batch_02|batch_04|batch_11|batch_07|batch_03|batch_15
zic008_aec7,20260925,3,11,8,35,batch_13|batch_06|batch_16,batch_05|batch_01|batch_02|batch_04|batch_11|batch_07|batch_03|batch_15
zic008_aec7,20260925,3,12,8,35,batch_13|batch_06|batch_10,batch_05|batch_01|batch_02|batch_04|batch_11|batch_07|batch_03|batch_15
zic008_aec7,20260925,3,13,8,35,batch_13|batch_06|batch_08,batch_05|batch_01|batch_02|batch_04|batch_11|batch_07|batch_03|batch_15
zic008_aec7,20260925,3,14,8,35,batch_13|batch_06|batch_09,batch_05|batch_01|batch_02|batch_04|batch_11|batch_07|batch_03|batch_15
zic008_aec7,20260925,3,15,8,35,batch_13|batch_16|batch_10,batch_05|batch_01|batch_02|batch_04|batch_11|batch_07|batch_03|batch_15
zic008_aec7,20260925,3,16,8,35,batch_13|batch_16|batch_08,batch_05|batch_01|batch_02|batch_04|batch_11|batch_07|batch_03|batch_15
zic008_aec7,20260925,3,17,8,35,batch_13|batch_16|batch_09,batch_05|batch_01|batch_02|batch_04|batch_11|batch_07|batch_03|batch_15
zic008_aec7,20260925,3,18,8,35,batch_13|batch_10|batch_08,batch_05|batch_01|batch_02|batch_04|batch_11|batch_07|batch_03|batch_15
zic008_aec7,20260925,3,19,8,35,batch_13|batch_10|batch_09,batch_05|batch_01|batch_02|batch_04|batch_11|batch_07|batch_03|batch_15
zic008_aec7,20260925,3,20,8,35,batch_13|batch_08|batch_09,batch_05|batch_01|batch_02|batch_04|batch_11|batch_07|batch_03|batch_15
zic008_aec7,20260925,3,21,8,35,batch_12|batch_14|batch_06,batch_05|batch_01|batch_02|batch_04|batch_11|batch_07|batch_03|batch_15
zic008_aec7,20260925,3,22,8,35,batch_12|batch_14|batch_16,batch_05|batch_01|batch_02|batch_04|batch_11|batch_07|batch_03|batch_15
zic008_aec7,20260925,3,23,8,35,batch_12|batch_14|batch_10,batch_05|batch_01|batch_02|batch_04|batch_11|batch_07|batch_03|batch_15
zic008_aec7,20260925,3,24,8,35,batch_12|batch_14|batch_08,batch_05|batch_01|batch_02|batch_04|batch_11|batch_07|batch_03|batch_15
zic008_aec7,20260925,3,25,8,35,batch_12|batch_14|batch_09,batch_05|batch_01|batch_02|batch_04|batch_11|batch_07|batch_03|batch_15
zic008_aec7,20260925,3,26,8,35,batch_12|batch_06|batch_16,batch_05|batch_01|batch_02|batch_04|batch_11|batch_07|batch_03|batch_15
zic008_aec7,20260925,3,27,8,35,batch_12|batch_06|batch_10,batch_05|batch_01|batch_02|batch_04|batch_11|batch_07|batch_03|batch_15
zic008_aec7,20260925,3,28,8,35,batch_12|batch_06|batch_08,batch_05|batch_01|batch_02|batch_04|batch_11|batch_07|batch_03|batch_15
zic008_aec7,20260925,3,29,8,35,batch_12|batch_06|batch_09,batch_05|batch_01|batch_02|batch_04|batch_11|batch_07|batch_03|batch_15
zic008_aec7,20260925,3,30,8,35,batch_12|batch_16|batch_10,batch_05|batch_01|batch_02|batch_04|batch_11|batch_07|batch_03|batch_15
zic008_aec7,20260925,3,31,8,35,batch_12|batch_16|batch_08,batch_05|batch_01|batch_02|batch_04|batch_11|batch_07|batch_03|batch_15
zic008_aec7,20260925,3,32,8,35,batch_12|batch_16|batch_09,batch_05|batch_01|batch_02|batch_04|batch_11|batch_07|batch_03|batch_15
zic008_aec7,20260925,3,33,8,35,batch_12|batch_10|batch_08,batch_05|batch_01|batch_02|batch_04|batch_11|batch_07|batch_03|batch_15
zic008_aec7,20260925,3,34,8,35,batch_12|batch_10|batch_09,batch_05|batch_01|batch_02|batch_04|batch_11|batch_07|batch_03|batch_15
zic008_aec7,20260925,3,35,8,35,batch_12|batch_08|batch_09,batch_05|batch_01|batch_02|batch_04|batch_11|batch_07|batch_03|batch_15
zic008_aec7,20260925,3,36,8,35,batch_14|batch_06|batch_16,batch_05|batch_01|batch_02|batch_04|batch_11|batch_07|batch_03|batch_15
zic008_aec7,20260925,3,37,8,35,batch_14|batch_06|batch_10,batch_05|batch_01|batch_02|batch_04|batch_11|batch_07|batch_03|batch_15
zic008_aec7,20260925,3,38,8,35,batch_14|batch_06|batch_08,batch_05|batch_01|batch_02|batch_04|batch_11|batch_07|batch_03|batch_15
zic008_aec7,20260925,3,39,8,35,batch_14|batch_06|batch_09,batch_05|batch_01|batch_02|batch_04|batch_11|batch_07|batch_03|batch_15
zic008_aec7,20260925,3,40,8,35,batch_14|batch_16|batch_10,batch_05|batch_01|batch_02|batch_04|batch_11|batch_07|batch_03|batch_15
zic008_aec7,20260925,3,41,8,35,batch_14|batch_16|batch_08,batch_05|batch_01|batch_02|batch_04|batch_11|batch_07|batch_03|batch_15
zic008_aec7,20260925,3,42,8,35,batch_14|batch_16|batch_09,batch_05|batch_01|batch_02|batch_04|batch_11|batch_07|batch_03|batch_15
zic008_aec7,20260925,3,43,8,35,batch_14|batch_10|batch_08,batch_05|batch_01|batch_02|batch_04|batch_11|batch_07|batch_03|batch_15
zic008_aec7,20260925,3,44,8,35,batch_14|batch_10|batch_09,batch_05|batch_01|batch_02|batch_04|batch_11|batch_07|batch_03|batch_15
zic008_aec7,20260925,3,45,8,35,batch_14|batch_08|batch_09,batch_05|batch_01|batch_02|batch_04|batch_11|batch_07|batch_03|batch_15
zic008_aec7,20260925,3,46,8,35,batch_06|batch_16|batch_10,batch_05|batch_01|batch_02|batch_04|batch_11|batch_07|batch_03|batch_15
zic008_aec7,20260925,3,47,8,35,batch_06|batch_16|batch_08,batch_05|batch_01|batch_02|batch_04|batch_11|batch_07|batch_03|batch_15
zic008_aec7,20260925,3,48,8,35,batch_06|batch_16|batch_09,batch_05|batch_01|batch_02|batch_04|batch_11|batch_07|batch_03|batch_15
zic008_aec7,20260925,3,49,8,35,batch_06|batch_10|batch_08,batch_05|batch_01|batch_02|batch_04|batch_11|batch_07|batch_03|batch_15
zic008_aec7,20260925,3,50,8,35,batch_06|batch_10|batch_09,batch_05|batch_01|batch_02|batch_04|batch_11|batch_07|batch_03|batch_15
zic008_aec7,20260925,3,51,8,35,batch_06|batch_08|batch_09,batch_05|batch_01|batch_02|batch_04|batch_11|batch_07|batch_03|batch_15
zic008_aec7,20260925,3,52,8,35,batch_16|batch_10|batch_08,batch_05|batch_01|batch_02|batch_04|batch_11|batch_07|batch_03|batch_15
zic008_aec7,20260925,3,53,8,35,batch_16|batch_10|batch_09,batch_05|batch_01|batch_02|batch_04|batch_11|batch_07|batch_03|batch_15
zic008_aec7,20260925,3,54,8,35,batch_16|batch_08|batch_09,batch_05|batch_01|batch_02|batch_04|batch_11|batch_07|batch_03|batch_15
zic008_aec7,20260925,3,55,8,35,batch_10|batch_08|batch_09,batch_05|batch_01|batch_02|batch_04|batch_11|batch_07|batch_03|batch_15
zic008_aec7,20260925,4,0,8,35,batch_13|batch_12|batch_14|batch_06,batch_05|batch_01|batch_02|batch_04|batch_11|batch_07|batch_03|batch_15
zic008_aec7,20260925,4,1,8,35,batch_13|batch_12|batch_14|batch_16,batch_05|batch_01|batch_02|batch_04|batch_11|batch_07|batch_03|batch_15
zic008_aec7,20260925,4,2,8,35,batch_13|batch_12|batch_14|batch_10,batch_05|batch_01|batch_02|batch_04|batch_11|batch_07|batch_03|batch_15
zic008_aec7,20260925,4,3,8,35,batch_13|batch_12|batch_14|batch_08,batch_05|batch_01|batch_02|batch_04|batch_11|batch_07|batch_03|batch_15
zic008_aec7,20260925,4,4,8,35,batch_13|batch_12|batch_14|batch_09,batch_05|batch_01|batch_02|batch_04|batch_11|batch_07|batch_03|batch_15
zic008_aec7,20260925,4,5,8,35,batch_13|batch_12|batch_06|batch_16,batch_05|batch_01|batch_02|batch_04|batch_11|batch_07|batch_03|batch_15
zic008_aec7,20260925,4,6,8,35,batch_13|batch_12|batch_06|batch_10,batch_05|batch_01|batch_02|batch_04|batch_11|batch_07|batch_03|batch_15
zic008_aec7,20260925,4,7,8,35,batch_13|batch_12|batch_06|batch_08,batch_05|batch_01|batch_02|batch_04|batch_11|batch_07|batch_03|batch_15
zic008_aec7,20260925,4,8,8,35,batch_13|batch_12|batch_06|batch_09,batch_05|batch_01|batch_02|batch_04|batch_11|batch_07|batch_03|batch_15
zic008_aec7,20260925,4,9,8,35,batch_13|batch_12|batch_16|batch_10,batch_05|batch_01|batch_02|batch_04|batch_11|batch_07|batch_03|batch_15
zic008_aec7,20260925,4,10,8,35,batch_13|batch_12|batch_16|batch_08,batch_05|batch_01|batch_02|batch_04|batch_11|batch_07|batch_03|batch_15
zic008_aec7,20260925,4,11,8,35,batch_13|batch_12|batch_16|batch_09,batch_05|batch_01|batch_02|batch_04|batch_11|batch_07|batch_03|batch_15
zic008_aec7,20260925,4,12,8,35,batch_13|batch_12|batch_10|batch_08,batch_05|batch_01|batch_02|batch_04|batch_11|batch_07|batch_03|batch_15
zic008_aec7,20260925,4,13,8,35,batch_13|batch_12|batch_10|batch_09,batch_05|batch_01|batch_02|batch_04|batch_11|batch_07|batch_03|batch_15
zic008_aec7,20260925,4,14,8,35,batch_13|batch_12|batch_08|batch_09,batch_05|batch_01|batch_02|batch_04|batch_11|batch_07|batch_03|batch_15
zic008_aec7,20260925,4,15,8,35,batch_13|batch_14|batch_06|batch_16,batch_05|batch_01|batch_02|batch_04|batch_11|batch_07|batch_03|batch_15
zic008_aec7,20260925,4,16,8,35,batch_13|batch_14|batch_06|batch_10,batch_05|batch_01|batch_02|batch_04|batch_11|batch_07|batch_03|batch_15
zic008_aec7,20260925,4,17,8,35,batch_13|batch_14|batch_06|batch_08,batch_05|batch_01|batch_02|batch_04|batch_11|batch_07|batch_03|batch_15
zic008_aec7,20260925,4,18,8,35,batch_13|batch_14|batch_06|batch_09,batch_05|batch_01|batch_02|batch_04|batch_11|batch_07|batch_03|batch_15
zic008_aec7,20260925,4,19,8,35,batch_13|batch_14|batch_16|batch_10,batch_05|batch_01|batch_02|batch_04|batch_11|batch_07|batch_03|batch_15
zic008_aec7,20260925,4,20,8,35,batch_13|batch_14|batch_16|batch_08,batch_05|batch_01|batch_02|batch_04|batch_11|batch_07|batch_03|batch_15
zic008_aec7,20260925,4,21,8,35,batch_13|batch_14|batch_16|batch_09,batch_05|batch_01|batch_02|batch_04|batch_11|batch_07|batch_03|batch_15
zic008_aec7,20260925,4,22,8,35,batch_13|batch_14|batch_10|batch_08,batch_05|batch_01|batch_02|batch_04|batch_11|batch_07|batch_03|batch_15
zic008_aec7,20260925,4,23,8,35,batch_13|batch_14|batch_10|batch_09,batch_05|batch_01|batch_02|batch_04|batch_11|batch_07|batch_03|batch_15
zic008_aec7,20260925,4,24,8,35,batch_13|batch_14|batch_08|batch_09,batch_05|batch_01|batch_02|batch_04|batch_11|batch_07|batch_03|batch_15
zic008_aec7,20260925,4,25,8,35,batch_13|batch_06|batch_16|batch_10,batch_05|batch_01|batch_02|batch_04|batch_11|batch_07|batch_03|batch_15
zic008_aec7,20260925,4,26,8,35,batch_13|batch_06|batch_16|batch_08,batch_05|batch_01|batch_02|batch_04|batch_11|batch_07|batch_03|batch_15
zic008_aec7,20260925,4,27,8,35,batch_13|batch_06|batch_16|batch_09,batch_05|batch_01|batch_02|batch_04|batch_11|batch_07|batch_03|batch_15
zic008_aec7,20260925,4,28,8,35,batch_13|batch_06|batch_10|batch_08,batch_05|batch_01|batch_02|batch_04|batch_11|batch_07|batch_03|batch_15
zic008_aec7,20260925,4,29,8,35,batch_13|batch_06|batch_10|batch_09,batch_05|batch_01|batch_02|batch_04|batch_11|batch_07|batch_03|batch_15
zic008_aec7,20260925,4,30,8,35,batch_13|batch_06|batch_08|batch_09,batch_05|batch_01|batch_02|batch_04|batch_11|batch_07|batch_03|batch_15
zic008_aec7,20260925,4,31,8,35,batch_13|batch_16|batch_10|batch_08,batch_05|batch_01|batch_02|batch_04|batch_11|batch_07|batch_03|batch_15
zic008_aec7,20260925,4,32,8,35,batch_13|batch_16|batch_10|batch_09,batch_05|batch_01|batch_02|batch_04|batch_11|batch_07|batch_03|batch_15
zic008_aec7,20260925,4,33,8,35,batch_13|batch_16|batch_08|batch_09,batch_05|batch_01|batch_02|batch_04|batch_11|batch_07|batch_03|batch_15
zic008_aec7,20260925,4,34,8,35,batch_13|batch_10|batch_08|batch_09,batch_05|batch_01|batch_02|batch_04|batch_11|batch_07|batch_03|batch_15
zic008_aec7,20260925,4,35,8,35,batch_12|batch_14|batch_06|batch_16,batch_05|batch_01|batch_02|batch_04|batch_11|batch_07|batch_03|batch_15
zic008_aec7,20260925,4,36,8,35,batch_12|batch_14|batch_06|batch_10,batch_05|batch_01|batch_02|batch_04|batch_11|batch_07|batch_03|batch_15
zic008_aec7,20260925,4,37,8,35,batch_12|batch_14|batch_06|batch_08,batch_05|batch_01|batch_02|batch_04|batch_11|batch_07|batch_03|batch_15
zic008_aec7,20260925,4,38,8,35,batch_12|batch_14|batch_06|batch_09,batch_05|batch_01|batch_02|batch_04|batch_11|batch_07|batch_03|batch_15
zic008_aec7,20260925,4,39,8,35,batch_12|batch_14|batch_16|batch_10,batch_05|batch_01|batch_02|batch_04|batch_11|batch_07|batch_03|batch_15
zic008_aec7,20260925,4,40,8,35,batch_12|batch_14|batch_16|batch_08,batch_05|batch_01|batch_02|batch_04|batch_11|batch_07|batch_03|batch_15
zic008_aec7,20260925,4,41,8,35,batch_12|batch_14|batch_16|batch_09,batch_05|batch_01|batch_02|batch_04|batch_11|batch_07|batch_03|batch_15
zic008_aec7,20260925,4,42,8,35,batch_12|batch_14|batch_10|batch_08,batch_05|batch_01|batch_02|batch_04|batch_11|batch_07|batch_03|batch_15
zic008_aec7,20260925,4,43,8,35,batch_12|batch_14|batch_10|batch_09,batch_05|batch_01|batch_02|batch_04|batch_11|batch_07|batch_03|batch_15
zic008_aec7,20260925,4,44,8,35,batch_12|batch_14|batch_08|batch_09,batch_05|batch_01|batch_02|batch_04|batch_11|batch_07|batch_03|batch_15
zic008_aec7,20260925,4,45,8,35,batch_12|batch_06|batch_16|batch_10,batch_05|batch_01|batch_02|batch_04|batch_11|batch_07|batch_03|batch_15
zic008_aec7,20260925,4,46,8,35,batch_12|batch_06|batch_16|batch_08,batch_05|batch_01|batch_02|batch_04|batch_11|batch_07|batch_03|batch_15
zic008_aec7,20260925,4,47,8,35,batch_12|batch_06|batch_16|batch_09,batch_05|batch_01|batch_02|batch_04|batch_11|batch_07|batch_03|batch_15
zic008_aec7,20260925,4,48,8,35,batch_12|batch_06|batch_10|batch_08,batch_05|batch_01|batch_02|batch_04|batch_11|batch_07|batch_03|batch_15
zic008_aec7,20260925,4,49,8,35,batch_12|batch_06|batch_10|batch_09,batch_05|batch_01|batch_02|batch_04|batch_11|batch_07|batch_03|batch_15
zic008_aec7,20260925,4,50,8,35,batch_12|batch_06|batch_08|batch_09,batch_05|batch_01|batch_02|batch_04|batch_11|batch_07|batch_03|batch_15
zic008_aec7,20260925,4,51,8,35,batch_12|batch_16|batch_10|batch_08,batch_05|batch_01|batch_02|batch_04|batch_11|batch_07|batch_03|batch_15
zic008_aec7,20260925,4,52,8,35,batch_12|batch_16|batch_10|batch_09,batch_05|batch_01|batch_02|batch_04|batch_11|batch_07|batch_03|batch_15
zic008_aec7,20260925,4,53,8,35,batch_12|batch_16|batch_08|batch_09,batch_05|batch_01|batch_02|batch_04|batch_11|batch_07|batch_03|batch_15
zic008_aec7,20260925,4,54,8,35,batch_12|batch_10|batch_08|batch_09,batch_05|batch_01|batch_02|batch_04|batch_11|batch_07|batch_03|batch_15
zic008_aec7,20260925,4,55,8,35,batch_14|batch_06|batch_16|batch_10,batch_05|batch_01|batch_02|batch_04|batch_11|batch_07|batch_03|batch_15
zic008_aec7,20260925,4,56,8,35,batch_14|batch_06|batch_16|batch_08,batch_05|batch_01|batch_02|batch_04|batch_11|batch_07|batch_03|batch_15
zic008_aec7,20260925,4,57,8,35,batch_14|batch_06|batch_16|batch_09,batch_05|batch_01|batch_02|batch_04|batch_11|batch_07|batch_03|batch_15
zic008_aec7,20260925,4,58,8,35,batch_14|batch_06|batch_10|batch_08,batch_05|batch_01|batch_02|batch_04|batch_11|batch_07|batch_03|batch_15
zic008_aec7,20260925,4,59,8,35,batch_14|batch_06|batch_10|batch_09,batch_05|batch_01|batch_02|batch_04|batch_11|batch_07|batch_03|batch_15
zic008_aec7,20260925,4,60,8,35,batch_14|batch_06|batch_08|batch_09,batch_05|batch_01|batch_02|batch_04|batch_11|batch_07|batch_03|batch_15
zic008_aec7,20260925,4,61,8,35,batch_14|batch_16|batch_10|batch_08,batch_05|batch_01|batch_02|batch_04|batch_11|batch_07|batch_03|batch_15
zic008_aec7,20260925,4,62,8,35,batch_14|batch_16|batch_10|batch_09,batch_05|batch_01|batch_02|batch_04|batch_11|batch_07|batch_03|batch_15
zic008_aec7,20260925,4,63,8,35,batch_14|batch_16|batch_08|batch_09,batch_05|batch_01|batch_02|batch_04|batch_11|batch_07|batch_03|batch_15
zic008_aec7,20260925,4,64,8,35,batch_14|batch_10|batch_08|batch_09,batch_05|batch_01|batch_02|batch_04|batch_11|batch_07|batch_03|batch_15
zic008_aec7,20260925,4,65,8,35,batch_06|batch_16|batch_10|batch_08,batch_05|batch_01|batch_02|batch_04|batch_11|batch_07|batch_03|batch_15
zic008_aec7,20260925,4,66,8,35,batch_06|batch_16|batch_10|batch_09,batch_05|batch_01|batch_02|batch_04|batch_11|batch_07|batch_03|batch_15
zic008_aec7,20260925,4,67,8,35,batch_06|batch_16|batch_08|batch_09,batch_05|batch_01|batch_02|batch_04|batch_11|batch_07|batch_03|batch_15
zic008_aec7,20260925,4,68,8,35,batch_06|batch_10|batch_08|batch_09,batch_05|batch_01|batch_02|batch_04|batch_11|batch_07|batch_03|batch_15
zic008_aec7,20260925,4,69,8,35,batch_16|batch_10|batch_08|batch_09,batch_05|batch_01|batch_02|batch_04|batch_11|batch_07|batch_03|batch_15
zic008_aec7,20260925,5,0,8,35,batch_13|batch_12|batch_14|batch_06|batch_16,batch_05|batch_01|batch_02|batch_04|batch_11|batch_07|batch_03|batch_15
zic008_aec7,20260925,5,1,8,35,batch_13|batch_12|batch_14|batch_06|batch_10,batch_05|batch_01|batch_02|batch_04|batch_11|batch_07|batch_03|batch_15
zic008_aec7,20260925,5,2,8,35,batch_13|batch_12|batch_14|batch_06|batch_08,batch_05|batch_01|batch_02|batch_04|batch_11|batch_07|batch_03|batch_15
zic008_aec7,20260925,5,3,8,35,batch_13|batch_12|batch_14|batch_06|batch_09,batch_05|batch_01|batch_02|batch_04|batch_11|batch_07|batch_03|batch_15
zic008_aec7,20260925,5,4,8,35,batch_13|batch_12|batch_14|batch_16|batch_10,batch_05|batch_01|batch_02|batch_04|batch_11|batch_07|batch_03|batch_15
zic008_aec7,20260925,5,5,8,35,batch_13|batch_12|batch_14|batch_16|batch_08,batch_05|batch_01|batch_02|batch_04|batch_11|batch_07|batch_03|batch_15
zic008_aec7,20260925,5,6,8,35,batch_13|batch_12|batch_14|batch_16|batch_09,batch_05|batch_01|batch_02|batch_04|batch_11|batch_07|batch_03|batch_15
zic008_aec7,20260925,5,7,8,35,batch_13|batch_12|batch_14|batch_10|batch_08,batch_05|batch_01|batch_02|batch_04|batch_11|batch_07|batch_03|batch_15
zic008_aec7,20260925,5,8,8,35,batch_13|batch_12|batch_14|batch_10|batch_09,batch_05|batch_01|batch_02|batch_04|batch_11|batch_07|batch_03|batch_15
zic008_aec7,20260925,5,9,8,35,batch_13|batch_12|batch_14|batch_08|batch_09,batch_05|batch_01|batch_02|batch_04|batch_11|batch_07|batch_03|batch_15
zic008_aec7,20260925,5,10,8,35,batch_13|batch_12|batch_06|batch_16|batch_10,batch_05|batch_01|batch_02|batch_04|batch_11|batch_07|batch_03|batch_15
zic008_aec7,20260925,5,11,8,35,batch_13|batch_12|batch_06|batch_16|batch_08,batch_05|batch_01|batch_02|batch_04|batch_11|batch_07|batch_03|batch_15
zic008_aec7,20260925,5,12,8,35,batch_13|batch_12|batch_06|batch_16|batch_09,batch_05|batch_01|batch_02|batch_04|batch_11|batch_07|batch_03|batch_15
zic008_aec7,20260925,5,13,8,35,batch_13|batch_12|batch_06|batch_10|batch_08,batch_05|batch_01|batch_02|batch_04|batch_11|batch_07|batch_03|batch_15
zic008_aec7,20260925,5,14,8,35,batch_13|batch_12|batch_06|batch_10|batch_09,batch_05|batch_01|batch_02|batch_04|batch_11|batch_07|batch_03|batch_15
zic008_aec7,20260925,5,15,8,35,batch_13|batch_12|batch_06|batch_08|batch_09,batch_05|batch_01|batch_02|batch_04|batch_11|batch_07|batch_03|batch_15
zic008_aec7,20260925,5,16,8,35,batch_13|batch_12|batch_16|batch_10|batch_08,batch_05|batch_01|batch_02|batch_04|batch_11|batch_07|batch_03|batch_15
zic008_aec7,20260925,5,17,8,35,batch_13|batch_12|batch_16|batch_10|batch_09,batch_05|batch_01|batch_02|batch_04|batch_11|batch_07|batch_03|batch_15
zic008_aec7,20260925,5,18,8,35,batch_13|batch_12|batch_16|batch_08|batch_09,batch_05|batch_01|batch_02|batch_04|batch_11|batch_07|batch_03|batch_15
zic008_aec7,20260925,5,19,8,35,batch_13|batch_12|batch_10|batch_08|batch_09,batch_05|batch_01|batch_02|batch_04|batch_11|batch_07|batch_03|batch_15
zic008_aec7,20260925,5,20,8,35,batch_13|batch_14|batch_06|batch_16|batch_10,batch_05|batch_01|batch_02|batch_04|batch_11|batch_07|batch_03|batch_15
zic008_aec7,20260925,5,21,8,35,batch_13|batch_14|batch_06|batch_16|batch_08,batch_05|batch_01|batch_02|batch_04|batch_11|batch_07|batch_03|batch_15
zic008_aec7,20260925,5,22,8,35,batch_13|batch_14|batch_06|batch_16|batch_09,batch_05|batch_01|batch_02|batch_04|batch_11|batch_07|batch_03|batch_15
zic008_aec7,20260925,5,23,8,35,batch_13|batch_14|batch_06|batch_10|batch_08,batch_05|batch_01|batch_02|batch_04|batch_11|batch_07|batch_03|batch_15
zic008_aec7,20260925,5,24,8,35,batch_13|batch_14|batch_06|batch_10|batch_09,batch_05|batch_01|batch_02|batch_04|batch_11|batch_07|batch_03|batch_15
zic008_aec7,20260925,5,25,8,35,batch_13|batch_14|batch_06|batch_08|batch_09,batch_05|batch_01|batch_02|batch_04|batch_11|batch_07|batch_03|batch_15
zic008_aec7,20260925,5,26,8,35,batch_13|batch_14|batch_16|batch_10|batch_08,batch_05|batch_01|batch_02|batch_04|batch_11|batch_07|batch_03|batch_15
zic008_aec7,20260925,5,27,8,35,batch_13|batch_14|batch_16|batch_10|batch_09,batch_05|batch_01|batch_02|batch_04|batch_11|batch_07|batch_03|batch_15
zic008_aec7,20260925,5,28,8,35,batch_13|batch_14|batch_16|batch_08|batch_09,batch_05|batch_01|batch_02|batch_04|batch_11|batch_07|batch_03|batch_15
zic008_aec7,20260925,5,29,8,35,batch_13|batch_14|batch_10|batch_08|batch_09,batch_05|batch_01|batch_02|batch_04|batch_11|batch_07|batch_03|batch_15
zic008_aec7,20260925,5,30,8,35,batch_13|batch_06|batch_16|batch_10|batch_08,batch_05|batch_01|batch_02|batch_04|batch_11|batch_07|batch_03|batch_15
zic008_aec7,20260925,5,31,8,35,batch_13|batch_06|batch_16|batch_10|batch_09,batch_05|batch_01|batch_02|batch_04|batch_11|batch_07|batch_03|batch_15
zic008_aec7,20260925,5,32,8,35,batch_13|batch_06|batch_16|batch_08|batch_09,batch_05|batch_01|batch_02|batch_04|batch_11|batch_07|batch_03|batch_15
zic008_aec7,20260925,5,33,8,35,batch_13|batch_06|batch_10|batch_08|batch_09,batch_05|batch_01|batch_02|batch_04|batch_11|batch_07|batch_03|batch_15
zic008_aec7,20260925,5,34,8,35,batch_13|batch_16|batch_10|batch_08|batch_09,batch_05|batch_01|batch_02|batch_04|batch_11|batch_07|batch_03|batch_15
zic008_aec7,20260925,5,35,8,35,batch_12|batch_14|batch_06|batch_16|batch_10,batch_05|batch_01|batch_02|batch_04|batch_11|batch_07|batch_03|batch_15
zic008_aec7,20260925,5,36,8,35,batch_12|batch_14|batch_06|batch_16|batch_08,batch_05|batch_01|batch_02|batch_04|batch_11|batch_07|batch_03|batch_15
zic008_aec7,20260925,5,37,8,35,batch_12|batch_14|batch_06|batch_16|batch_09,batch_05|batch_01|batch_02|batch_04|batch_11|batch_07|batch_03|batch_15
zic008_aec7,20260925,5,38,8,35,batch_12|batch_14|batch_06|batch_10|batch_08,batch_05|batch_01|batch_02|batch_04|batch_11|batch_07|batch_03|batch_15
zic008_aec7,20260925,5,39,8,35,batch_12|batch_14|batch_06|batch_10|batch_09,batch_05|batch_01|batch_02|batch_04|batch_11|batch_07|batch_03|batch_15
zic008_aec7,20260925,5,40,8,35,batch_12|batch_14|batch_06|batch_08|batch_09,batch_05|batch_01|batch_02|batch_04|batch_11|batch_07|batch_03|batch_15
zic008_aec7,20260925,5,41,8,35,batch_12|batch_14|batch_16|batch_10|batch_08,batch_05|batch_01|batch_02|batch_04|batch_11|batch_07|batch_03|batch_15
zic008_aec7,20260925,5,42,8,35,batch_12|batch_14|batch_16|batch_10|batch_09,batch_05|batch_01|batch_02|batch_04|batch_11|batch_07|batch_03|batch_15
zic008_aec7,20260925,5,43,8,35,batch_12|batch_14|batch_16|batch_08|batch_09,batch_05|batch_01|batch_02|batch_04|batch_11|batch_07|batch_03|batch_15
zic008_aec7,20260925,5,44,8,35,batch_12|batch_14|batch_10|batch_08|batch_09,batch_05|batch_01|batch_02|batch_04|batch_11|batch_07|batch_03|batch_15
zic008_aec7,20260925,5,45,8,35,batch_12|batch_06|batch_16|batch_10|batch_08,batch_05|batch_01|batch_02|batch_04|batch_11|batch_07|batch_03|batch_15
zic008_aec7,20260925,5,46,8,35,batch_12|batch_06|batch_16|batch_10|batch_09,batch_05|batch_01|batch_02|batch_04|batch_11|batch_07|batch_03|batch_15
zic008_aec7,20260925,5,47,8,35,batch_12|batch_06|batch_16|batch_08|batch_09,batch_05|batch_01|batch_02|batch_04|batch_11|batch_07|batch_03|batch_15
zic008_aec7,20260925,5,48,8,35,batch_12|batch_06|batch_10|batch_08|batch_09,batch_05|batch_01|batch_02|batch_04|batch_11|batch_07|batch_03|batch_15
zic008_aec7,20260925,5,49,8,35,batch_12|batch_16|batch_10|batch_08|batch_09,batch_05|batch_01|batch_02|batch_04|batch_11|batch_07|batch_03|batch_15
zic008_aec7,20260925,5,50,8,35,batch_14|batch_06|batch_16|batch_10|batch_08,batch_05|batch_01|batch_02|batch_04|batch_11|batch_07|batch_03|batch_15
zic008_aec7,20260925,5,51,8,35,batch_14|batch_06|batch_16|batch_10|batch_09,batch_05|batch_01|batch_02|batch_04|batch_11|batch_07|batch_03|batch_15
zic008_aec7,20260925,5,52,8,35,batch_14|batch_06|batch_16|batch_08|batch_09,batch_05|batch_01|batch_02|batch_04|batch_11|batch_07|batch_03|batch_15
zic008_aec7,20260925,5,53,8,35,batch_14|batch_06|batch_10|batch_08|batch_09,batch_05|batch_01|batch_02|batch_04|batch_11|batch_07|batch_03|batch_15
zic008_aec7,20260925,5,54,8,35,batch_14|batch_16|batch_10|batch_08|batch_09,batch_05|batch_01|batch_02|batch_04|batch_11|batch_07|batch_03|batch_15
zic008_aec7,20260925,5,55,8,35,batch_06|batch_16|batch_10|batch_08|batch_09,batch_05|batch_01|batch_02|batch_04|batch_11|batch_07|batch_03|batch_15
zic008_aec7,20260925,6,0,8,35,batch_13|batch_12|batch_14|batch_06|batch_16|batch_10,batch_05|batch_01|batch_02|batch_04|batch_11|batch_07|batch_03|batch_15
zic008_aec7,20260925,6,1,8,35,batch_13|batch_12|batch_14|batch_06|batch_16|batch_08,batch_05|batch_01|batch_02|batch_04|batch_11|batch_07|batch_03|batch_15
zic008_aec7,20260925,6,2,8,35,batch_13|batch_12|batch_14|batch_06|batch_16|batch_09,batch_05|batch_01|batch_02|batch_04|batch_11|batch_07|batch_03|batch_15
zic008_aec7,20260925,6,3,8,35,batch_13|batch_12|batch_14|batch_06|batch_10|batch_08,batch_05|batch_01|batch_02|batch_04|batch_11|batch_07|batch_03|batch_15
zic008_aec7,20260925,6,4,8,35,batch_13|batch_12|batch_14|batch_06|batch_10|batch_09,batch_05|batch_01|batch_02|batch_04|batch_11|batch_07|batch_03|batch_15
zic008_aec7,20260925,6,5,8,35,batch_13|batch_12|batch_14|batch_06|batch_08|batch_09,batch_05|batch_01|batch_02|batch_04|batch_11|batch_07|batch_03|batch_15
zic008_aec7,20260925,6,6,8,35,batch_13|batch_12|batch_14|batch_16|batch_10|batch_08,batch_05|batch_01|batch_02|batch_04|batch_11|batch_07|batch_03|batch_15
zic008_aec7,20260925,6,7,8,35,batch_13|batch_12|batch_14|batch_16|batch_10|batch_09,batch_05|batch_01|batch_02|batch_04|batch_11|batch_07|batch_03|batch_15
zic008_aec7,20260925,6,8,8,35,batch_13|batch_12|batch_14|batch_16|batch_08|batch_09,batch_05|batch_01|batch_02|batch_04|batch_11|batch_07|batch_03|batch_15
zic008_aec7,20260925,6,9,8,35,batch_13|batch_12|batch_14|batch_10|batch_08|batch_09,batch_05|batch_01|batch_02|batch_04|batch_11|batch_07|batch_03|batch_15
zic008_aec7,20260925,6,10,8,35,batch_13|batch_12|batch_06|batch_16|batch_10|batch_08,batch_05|batch_01|batch_02|batch_04|batch_11|batch_07|batch_03|batch_15
zic008_aec7,20260925,6,11,8,35,batch_13|batch_12|batch_06|batch_16|batch_10|batch_09,batch_05|batch_01|batch_02|batch_04|batch_11|batch_07|batch_03|batch_15
zic008_aec7,20260925,6,12,8,35,batch_13|batch_12|batch_06|batch_16|batch_08|batch_09,batch_05|batch_01|batch_02|batch_04|batch_11|batch_07|batch_03|batch_15
zic008_aec7,20260925,6,13,8,35,batch_13|batch_12|batch_06|batch_10|batch_08|batch_09,batch_05|batch_01|batch_02|batch_04|batch_11|batch_07|batch_03|batch_15
zic008_aec7,20260925,6,14,8,35,batch_13|batch_12|batch_16|batch_10|batch_08|batch_09,batch_05|batch_01|batch_02|batch_04|batch_11|batch_07|batch_03|batch_15
zic008_aec7,20260925,6,15,8,35,batch_13|batch_14|batch_06|batch_16|batch_10|batch_08,batch_05|batch_01|batch_02|batch_04|batch_11|batch_07|batch_03|batch_15
zic008_aec7,20260925,6,16,8,35,batch_13|batch_14|batch_06|batch_16|batch_10|batch_09,batch_05|batch_01|batch_02|batch_04|batch_11|batch_07|batch_03|batch_15
zic008_aec7,20260925,6,17,8,35,batch_13|batch_14|batch_06|batch_16|batch_08|batch_09,batch_05|batch_01|batch_02|batch_04|batch_11|batch_07|batch_03|batch_15
zic008_aec7,20260925,6,18,8,35,batch_13|batch_14|batch_06|batch_10|batch_08|batch_09,batch_05|batch_01|batch_02|batch_04|batch_11|batch_07|batch_03|batch_15
zic008_aec7,20260925,6,19,8,35,batch_13|batch_14|batch_16|batch_10|batch_08|batch_09,batch_05|batch_01|batch_02|batch_04|batch_11|batch_07|batch_03|batch_15
zic008_aec7,20260925,6,20,8,35,batch_13|batch_06|batch_16|batch_10|batch_08|batch_09,batch_05|batch_01|batch_02|batch_04|batch_11|batch_07|batch_03|batch_15
zic008_aec7,20260925,6,21,8,35,batch_12|batch_14|batch_06|batch_16|batch_10|batch_08,batch_05|batch_01|batch_02|batch_04|batch_11|batch_07|batch_03|batch_15
zic008_aec7,20260925,6,22,8,35,batch_12|batch_14|batch_06|batch_16|batch_10|batch_09,batch_05|batch_01|batch_02|batch_04|batch_11|batch_07|batch_03|batch_15
zic008_aec7,20260925,6,23,8,35,batch_12|batch_14|batch_06|batch_16|batch_08|batch_09,batch_05|batch_01|batch_02|batch_04|batch_11|batch_07|batch_03|batch_15
zic008_aec7,20260925,6,24,8,35,batch_12|batch_14|batch_06|batch_10|batch_08|batch_09,batch_05|batch_01|batch_02|batch_04|batch_11|batch_07|batch_03|batch_15
zic008_aec7,20260925,6,25,8,35,batch_12|batch_14|batch_16|batch_10|batch_08|batch_09,batch_05|batch_01|batch_02|batch_04|batch_11|batch_07|batch_03|batch_15
zic008_aec7,20260925,6,26,8,35,batch_12|batch_06|batch_16|batch_10|batch_08|batch_09,batch_05|batch_01|batch_02|batch_04|batch_11|batch_07|batch_03|batch_15
zic008_aec7,20260925,6,27,8,35,batch_14|batch_06|batch_16|batch_10|batch_08|batch_09,batch_05|batch_01|batch_02|batch_04|batch_11|batch_07|batch_03|batch_15
zic008_aec7,20260925,7,0,8,35,batch_13|batch_12|batch_14|batch_06|batch_16|batch_10|batch_08,batch_05|batch_01|batch_02|batch_04|batch_11|batch_07|batch_03|batch_15
zic008_aec7,20260925,7,1,8,35,batch_13|batch_12|batch_14|batch_06|batch_16|batch_10|batch_09,batch_05|batch_01|batch_02|batch_04|batch_11|batch_07|batch_03|batch_15
zic008_aec7,20260925,7,2,8,35,batch_13|batch_12|batch_14|batch_06|batch_16|batch_08|batch_09,batch_05|batch_01|batch_02|batch_04|batch_11|batch_07|batch_03|batch_15
zic008_aec7,20260925,7,3,8,35,batch_13|batch_12|batch_14|batch_06|batch_10|batch_08|batch_09,batch_05|batch_01|batch_02|batch_04|batch_11|batch_07|batch_03|batch_15
zic008_aec7,20260925,7,4,8,35,batch_13|batch_12|batch_14|batch_16|batch_10|batch_08|batch_09,batch_05|batch_01|batch_02|batch_04|batch_11|batch_07|batch_03|batch_15
zic008_aec7,20260925,7,5,8,35,batch_13|batch_12|batch_06|batch_16|batch_10|batch_08|batch_09,batch_05|batch_01|batch_02|batch_04|batch_11|batch_07|batch_03|batch_15
zic008_aec7,20260925,7,6,8,35,batch_13|batch_14|batch_06|batch_16|batch_10|batch_08|batch_09,batch_05|batch_01|batch_02|batch_04|batch_11|batch_07|batch_03|batch_15
zic008_aec7,20260925,7,7,8,35,batch_12|batch_14|batch_06|batch_16|batch_10|batch_08|batch_09,batch_05|batch_01|batch_02|batch_04|batch_11|batch_07|batch_03|batch_15
zic008_aec7,20260925,8,0,8,35,batch_13|batch_12|batch_14|batch_06|batch_16|batch_10|batch_08|batch_09,batch_05|batch_01|batch_02|batch_04|batch_11|batch_07|batch_03|batch_15
zic008_aec7,20260926,1,0,8,35,batch_06,batch_08|batch_14|batch_10|batch_11|batch_09|batch_16|batch_05|batch_02
zic008_aec7,20260926,1,1,8,35,batch_03,batch_08|batch_14|batch_10|batch_11|batch_09|batch_16|batch_05|batch_02
zic008_aec7,20260926,1,2,8,35,batch_15,batch_08|batch_14|batch_10|batch_11|batch_09|batch_16|batch_05|batch_02
zic008_aec7,20260926,1,3,8,35,batch_12,batch_08|batch_14|batch_10|batch_11|batch_09|batch_16|batch_05|batch_02
zic008_aec7,20260926,1,4,8,35,batch_13,batch_08|batch_14|batch_10|batch_11|batch_09|batch_16|batch_05|batch_02
zic008_aec7,20260926,1,5,8,35,batch_04,batch_08|batch_14|batch_10|batch_11|batch_09|batch_16|batch_05|batch_02
zic008_aec7,20260926,1,6,8,35,batch_07,batch_08|batch_14|batch_10|batch_11|batch_09|batch_16|batch_05|batch_02
zic008_aec7,20260926,1,7,8,35,batch_01,batch_08|batch_14|batch_10|batch_11|batch_09|batch_16|batch_05|batch_02
zic008_aec7,20260926,2,0,8,35,batch_06|batch_03,batch_08|batch_14|batch_10|batch_11|batch_09|batch_16|batch_05|batch_02
zic008_aec7,20260926,2,1,8,35,batch_06|batch_15,batch_08|batch_14|batch_10|batch_11|batch_09|batch_16|batch_05|batch_02
zic008_aec7,20260926,2,2,8,35,batch_06|batch_12,batch_08|batch_14|batch_10|batch_11|batch_09|batch_16|batch_05|batch_02
zic008_aec7,20260926,2,3,8,35,batch_06|batch_13,batch_08|batch_14|batch_10|batch_11|batch_09|batch_16|batch_05|batch_02
zic008_aec7,20260926,2,4,8,35,batch_06|batch_04,batch_08|batch_14|batch_10|batch_11|batch_09|batch_16|batch_05|batch_02
zic008_aec7,20260926,2,5,8,35,batch_06|batch_07,batch_08|batch_14|batch_10|batch_11|batch_09|batch_16|batch_05|batch_02
zic008_aec7,20260926,2,6,8,35,batch_06|batch_01,batch_08|batch_14|batch_10|batch_11|batch_09|batch_16|batch_05|batch_02
zic008_aec7,20260926,2,7,8,35,batch_03|batch_15,batch_08|batch_14|batch_10|batch_11|batch_09|batch_16|batch_05|batch_02
zic008_aec7,20260926,2,8,8,35,batch_03|batch_12,batch_08|batch_14|batch_10|batch_11|batch_09|batch_16|batch_05|batch_02
zic008_aec7,20260926,2,9,8,35,batch_03|batch_13,batch_08|batch_14|batch_10|batch_11|batch_09|batch_16|batch_05|batch_02
zic008_aec7,20260926,2,10,8,35,batch_03|batch_04,batch_08|batch_14|batch_10|batch_11|batch_09|batch_16|batch_05|batch_02
zic008_aec7,20260926,2,11,8,35,batch_03|batch_07,batch_08|batch_14|batch_10|batch_11|batch_09|batch_16|batch_05|batch_02
zic008_aec7,20260926,2,12,8,35,batch_03|batch_01,batch_08|batch_14|batch_10|batch_11|batch_09|batch_16|batch_05|batch_02
zic008_aec7,20260926,2,13,8,35,batch_15|batch_12,batch_08|batch_14|batch_10|batch_11|batch_09|batch_16|batch_05|batch_02
zic008_aec7,20260926,2,14,8,35,batch_15|batch_13,batch_08|batch_14|batch_10|batch_11|batch_09|batch_16|batch_05|batch_02
zic008_aec7,20260926,2,15,8,35,batch_15|batch_04,batch_08|batch_14|batch_10|batch_11|batch_09|batch_16|batch_05|batch_02
zic008_aec7,20260926,2,16,8,35,batch_15|batch_07,batch_08|batch_14|batch_10|batch_11|batch_09|batch_16|batch_05|batch_02
zic008_aec7,20260926,2,17,8,35,batch_15|batch_01,batch_08|batch_14|batch_10|batch_11|batch_09|batch_16|batch_05|batch_02
zic008_aec7,20260926,2,18,8,35,batch_12|batch_13,batch_08|batch_14|batch_10|batch_11|batch_09|batch_16|batch_05|batch_02
zic008_aec7,20260926,2,19,8,35,batch_12|batch_04,batch_08|batch_14|batch_10|batch_11|batch_09|batch_16|batch_05|batch_02
zic008_aec7,20260926,2,20,8,35,batch_12|batch_07,batch_08|batch_14|batch_10|batch_11|batch_09|batch_16|batch_05|batch_02
zic008_aec7,20260926,2,21,8,35,batch_12|batch_01,batch_08|batch_14|batch_10|batch_11|batch_09|batch_16|batch_05|batch_02
zic008_aec7,20260926,2,22,8,35,batch_13|batch_04,batch_08|batch_14|batch_10|batch_11|batch_09|batch_16|batch_05|batch_02
zic008_aec7,20260926,2,23,8,35,batch_13|batch_07,batch_08|batch_14|batch_10|batch_11|batch_09|batch_16|batch_05|batch_02
zic008_aec7,20260926,2,24,8,35,batch_13|batch_01,batch_08|batch_14|batch_10|batch_11|batch_09|batch_16|batch_05|batch_02
zic008_aec7,20260926,2,25,8,35,batch_04|batch_07,batch_08|batch_14|batch_10|batch_11|batch_09|batch_16|batch_05|batch_02
zic008_aec7,20260926,2,26,8,35,batch_04|batch_01,batch_08|batch_14|batch_10|batch_11|batch_09|batch_16|batch_05|batch_02
zic008_aec7,20260926,2,27,8,35,batch_07|batch_01,batch_08|batch_14|batch_10|batch_11|batch_09|batch_16|batch_05|batch_02
zic008_aec7,20260926,3,0,8,35,batch_06|batch_03|batch_15,batch_08|batch_14|batch_10|batch_11|batch_09|batch_16|batch_05|batch_02
zic008_aec7,20260926,3,1,8,35,batch_06|batch_03|batch_12,batch_08|batch_14|batch_10|batch_11|batch_09|batch_16|batch_05|batch_02
zic008_aec7,20260926,3,2,8,35,batch_06|batch_03|batch_13,batch_08|batch_14|batch_10|batch_11|batch_09|batch_16|batch_05|batch_02
zic008_aec7,20260926,3,3,8,35,batch_06|batch_03|batch_04,batch_08|batch_14|batch_10|batch_11|batch_09|batch_16|batch_05|batch_02
zic008_aec7,20260926,3,4,8,35,batch_06|batch_03|batch_07,batch_08|batch_14|batch_10|batch_11|batch_09|batch_16|batch_05|batch_02
zic008_aec7,20260926,3,5,8,35,batch_06|batch_03|batch_01,batch_08|batch_14|batch_10|batch_11|batch_09|batch_16|batch_05|batch_02
zic008_aec7,20260926,3,6,8,35,batch_06|batch_15|batch_12,batch_08|batch_14|batch_10|batch_11|batch_09|batch_16|batch_05|batch_02
zic008_aec7,20260926,3,7,8,35,batch_06|batch_15|batch_13,batch_08|batch_14|batch_10|batch_11|batch_09|batch_16|batch_05|batch_02
zic008_aec7,20260926,3,8,8,35,batch_06|batch_15|batch_04,batch_08|batch_14|batch_10|batch_11|batch_09|batch_16|batch_05|batch_02
zic008_aec7,20260926,3,9,8,35,batch_06|batch_15|batch_07,batch_08|batch_14|batch_10|batch_11|batch_09|batch_16|batch_05|batch_02
zic008_aec7,20260926,3,10,8,35,batch_06|batch_15|batch_01,batch_08|batch_14|batch_10|batch_11|batch_09|batch_16|batch_05|batch_02
zic008_aec7,20260926,3,11,8,35,batch_06|batch_12|batch_13,batch_08|batch_14|batch_10|batch_11|batch_09|batch_16|batch_05|batch_02
zic008_aec7,20260926,3,12,8,35,batch_06|batch_12|batch_04,batch_08|batch_14|batch_10|batch_11|batch_09|batch_16|batch_05|batch_02
zic008_aec7,20260926,3,13,8,35,batch_06|batch_12|batch_07,batch_08|batch_14|batch_10|batch_11|batch_09|batch_16|batch_05|batch_02
zic008_aec7,20260926,3,14,8,35,batch_06|batch_12|batch_01,batch_08|batch_14|batch_10|batch_11|batch_09|batch_16|batch_05|batch_02
zic008_aec7,20260926,3,15,8,35,batch_06|batch_13|batch_04,batch_08|batch_14|batch_10|batch_11|batch_09|batch_16|batch_05|batch_02
zic008_aec7,20260926,3,16,8,35,batch_06|batch_13|batch_07,batch_08|batch_14|batch_10|batch_11|batch_09|batch_16|batch_05|batch_02
zic008_aec7,20260926,3,17,8,35,batch_06|batch_13|batch_01,batch_08|batch_14|batch_10|batch_11|batch_09|batch_16|batch_05|batch_02
zic008_aec7,20260926,3,18,8,35,batch_06|batch_04|batch_07,batch_08|batch_14|batch_10|batch_11|batch_09|batch_16|batch_05|batch_02
zic008_aec7,20260926,3,19,8,35,batch_06|batch_04|batch_01,batch_08|batch_14|batch_10|batch_11|batch_09|batch_16|batch_05|batch_02
zic008_aec7,20260926,3,20,8,35,batch_06|batch_07|batch_01,batch_08|batch_14|batch_10|batch_11|batch_09|batch_16|batch_05|batch_02
zic008_aec7,20260926,3,21,8,35,batch_03|batch_15|batch_12,batch_08|batch_14|batch_10|batch_11|batch_09|batch_16|batch_05|batch_02
zic008_aec7,20260926,3,22,8,35,batch_03|batch_15|batch_13,batch_08|batch_14|batch_10|batch_11|batch_09|batch_16|batch_05|batch_02
zic008_aec7,20260926,3,23,8,35,batch_03|batch_15|batch_04,batch_08|batch_14|batch_10|batch_11|batch_09|batch_16|batch_05|batch_02
zic008_aec7,20260926,3,24,8,35,batch_03|batch_15|batch_07,batch_08|batch_14|batch_10|batch_11|batch_09|batch_16|batch_05|batch_02
zic008_aec7,20260926,3,25,8,35,batch_03|batch_15|batch_01,batch_08|batch_14|batch_10|batch_11|batch_09|batch_16|batch_05|batch_02
zic008_aec7,20260926,3,26,8,35,batch_03|batch_12|batch_13,batch_08|batch_14|batch_10|batch_11|batch_09|batch_16|batch_05|batch_02
zic008_aec7,20260926,3,27,8,35,batch_03|batch_12|batch_04,batch_08|batch_14|batch_10|batch_11|batch_09|batch_16|batch_05|batch_02
zic008_aec7,20260926,3,28,8,35,batch_03|batch_12|batch_07,batch_08|batch_14|batch_10|batch_11|batch_09|batch_16|batch_05|batch_02
zic008_aec7,20260926,3,29,8,35,batch_03|batch_12|batch_01,batch_08|batch_14|batch_10|batch_11|batch_09|batch_16|batch_05|batch_02
zic008_aec7,20260926,3,30,8,35,batch_03|batch_13|batch_04,batch_08|batch_14|batch_10|batch_11|batch_09|batch_16|batch_05|batch_02
zic008_aec7,20260926,3,31,8,35,batch_03|batch_13|batch_07,batch_08|batch_14|batch_10|batch_11|batch_09|batch_16|batch_05|batch_02
zic008_aec7,20260926,3,32,8,35,batch_03|batch_13|batch_01,batch_08|batch_14|batch_10|batch_11|batch_09|batch_16|batch_05|batch_02
zic008_aec7,20260926,3,33,8,35,batch_03|batch_04|batch_07,batch_08|batch_14|batch_10|batch_11|batch_09|batch_16|batch_05|batch_02
zic008_aec7,20260926,3,34,8,35,batch_03|batch_04|batch_01,batch_08|batch_14|batch_10|batch_11|batch_09|batch_16|batch_05|batch_02
zic008_aec7,20260926,3,35,8,35,batch_03|batch_07|batch_01,batch_08|batch_14|batch_10|batch_11|batch_09|batch_16|batch_05|batch_02
zic008_aec7,20260926,3,36,8,35,batch_15|batch_12|batch_13,batch_08|batch_14|batch_10|batch_11|batch_09|batch_16|batch_05|batch_02
zic008_aec7,20260926,3,37,8,35,batch_15|batch_12|batch_04,batch_08|batch_14|batch_10|batch_11|batch_09|batch_16|batch_05|batch_02
zic008_aec7,20260926,3,38,8,35,batch_15|batch_12|batch_07,batch_08|batch_14|batch_10|batch_11|batch_09|batch_16|batch_05|batch_02
zic008_aec7,20260926,3,39,8,35,batch_15|batch_12|batch_01,batch_08|batch_14|batch_10|batch_11|batch_09|batch_16|batch_05|batch_02
zic008_aec7,20260926,3,40,8,35,batch_15|batch_13|batch_04,batch_08|batch_14|batch_10|batch_11|batch_09|batch_16|batch_05|batch_02
zic008_aec7,20260926,3,41,8,35,batch_15|batch_13|batch_07,batch_08|batch_14|batch_10|batch_11|batch_09|batch_16|batch_05|batch_02
zic008_aec7,20260926,3,42,8,35,batch_15|batch_13|batch_01,batch_08|batch_14|batch_10|batch_11|batch_09|batch_16|batch_05|batch_02
zic008_aec7,20260926,3,43,8,35,batch_15|batch_04|batch_07,batch_08|batch_14|batch_10|batch_11|batch_09|batch_16|batch_05|batch_02
zic008_aec7,20260926,3,44,8,35,batch_15|batch_04|batch_01,batch_08|batch_14|batch_10|batch_11|batch_09|batch_16|batch_05|batch_02
zic008_aec7,20260926,3,45,8,35,batch_15|batch_07|batch_01,batch_08|batch_14|batch_10|batch_11|batch_09|batch_16|batch_05|batch_02
zic008_aec7,20260926,3,46,8,35,batch_12|batch_13|batch_04,batch_08|batch_14|batch_10|batch_11|batch_09|batch_16|batch_05|batch_02
zic008_aec7,20260926,3,47,8,35,batch_12|batch_13|batch_07,batch_08|batch_14|batch_10|batch_11|batch_09|batch_16|batch_05|batch_02
zic008_aec7,20260926,3,48,8,35,batch_12|batch_13|batch_01,batch_08|batch_14|batch_10|batch_11|batch_09|batch_16|batch_05|batch_02
zic008_aec7,20260926,3,49,8,35,batch_12|batch_04|batch_07,batch_08|batch_14|batch_10|batch_11|batch_09|batch_16|batch_05|batch_02
zic008_aec7,20260926,3,50,8,35,batch_12|batch_04|batch_01,batch_08|batch_14|batch_10|batch_11|batch_09|batch_16|batch_05|batch_02
zic008_aec7,20260926,3,51,8,35,batch_12|batch_07|batch_01,batch_08|batch_14|batch_10|batch_11|batch_09|batch_16|batch_05|batch_02
zic008_aec7,20260926,3,52,8,35,batch_13|batch_04|batch_07,batch_08|batch_14|batch_10|batch_11|batch_09|batch_16|batch_05|batch_02
zic008_aec7,20260926,3,53,8,35,batch_13|batch_04|batch_01,batch_08|batch_14|batch_10|batch_11|batch_09|batch_16|batch_05|batch_02
zic008_aec7,20260926,3,54,8,35,batch_13|batch_07|batch_01,batch_08|batch_14|batch_10|batch_11|batch_09|batch_16|batch_05|batch_02
zic008_aec7,20260926,3,55,8,35,batch_04|batch_07|batch_01,batch_08|batch_14|batch_10|batch_11|batch_09|batch_16|batch_05|batch_02
zic008_aec7,20260926,4,0,8,35,batch_06|batch_03|batch_15|batch_12,batch_08|batch_14|batch_10|batch_11|batch_09|batch_16|batch_05|batch_02
zic008_aec7,20260926,4,1,8,35,batch_06|batch_03|batch_15|batch_13,batch_08|batch_14|batch_10|batch_11|batch_09|batch_16|batch_05|batch_02
zic008_aec7,20260926,4,2,8,35,batch_06|batch_03|batch_15|batch_04,batch_08|batch_14|batch_10|batch_11|batch_09|batch_16|batch_05|batch_02
zic008_aec7,20260926,4,3,8,35,batch_06|batch_03|batch_15|batch_07,batch_08|batch_14|batch_10|batch_11|batch_09|batch_16|batch_05|batch_02
zic008_aec7,20260926,4,4,8,35,batch_06|batch_03|batch_15|batch_01,batch_08|batch_14|batch_10|batch_11|batch_09|batch_16|batch_05|batch_02
zic008_aec7,20260926,4,5,8,35,batch_06|batch_03|batch_12|batch_13,batch_08|batch_14|batch_10|batch_11|batch_09|batch_16|batch_05|batch_02
zic008_aec7,20260926,4,6,8,35,batch_06|batch_03|batch_12|batch_04,batch_08|batch_14|batch_10|batch_11|batch_09|batch_16|batch_05|batch_02
zic008_aec7,20260926,4,7,8,35,batch_06|batch_03|batch_12|batch_07,batch_08|batch_14|batch_10|batch_11|batch_09|batch_16|batch_05|batch_02
zic008_aec7,20260926,4,8,8,35,batch_06|batch_03|batch_12|batch_01,batch_08|batch_14|batch_10|batch_11|batch_09|batch_16|batch_05|batch_02
zic008_aec7,20260926,4,9,8,35,batch_06|batch_03|batch_13|batch_04,batch_08|batch_14|batch_10|batch_11|batch_09|batch_16|batch_05|batch_02
zic008_aec7,20260926,4,10,8,35,batch_06|batch_03|batch_13|batch_07,batch_08|batch_14|batch_10|batch_11|batch_09|batch_16|batch_05|batch_02
zic008_aec7,20260926,4,11,8,35,batch_06|batch_03|batch_13|batch_01,batch_08|batch_14|batch_10|batch_11|batch_09|batch_16|batch_05|batch_02
zic008_aec7,20260926,4,12,8,35,batch_06|batch_03|batch_04|batch_07,batch_08|batch_14|batch_10|batch_11|batch_09|batch_16|batch_05|batch_02
zic008_aec7,20260926,4,13,8,35,batch_06|batch_03|batch_04|batch_01,batch_08|batch_14|batch_10|batch_11|batch_09|batch_16|batch_05|batch_02
zic008_aec7,20260926,4,14,8,35,batch_06|batch_03|batch_07|batch_01,batch_08|batch_14|batch_10|batch_11|batch_09|batch_16|batch_05|batch_02
zic008_aec7,20260926,4,15,8,35,batch_06|batch_15|batch_12|batch_13,batch_08|batch_14|batch_10|batch_11|batch_09|batch_16|batch_05|batch_02
zic008_aec7,20260926,4,16,8,35,batch_06|batch_15|batch_12|batch_04,batch_08|batch_14|batch_10|batch_11|batch_09|batch_16|batch_05|batch_02
zic008_aec7,20260926,4,17,8,35,batch_06|batch_15|batch_12|batch_07,batch_08|batch_14|batch_10|batch_11|batch_09|batch_16|batch_05|batch_02
zic008_aec7,20260926,4,18,8,35,batch_06|batch_15|batch_12|batch_01,batch_08|batch_14|batch_10|batch_11|batch_09|batch_16|batch_05|batch_02
zic008_aec7,20260926,4,19,8,35,batch_06|batch_15|batch_13|batch_04,batch_08|batch_14|batch_10|batch_11|batch_09|batch_16|batch_05|batch_02
zic008_aec7,20260926,4,20,8,35,batch_06|batch_15|batch_13|batch_07,batch_08|batch_14|batch_10|batch_11|batch_09|batch_16|batch_05|batch_02
zic008_aec7,20260926,4,21,8,35,batch_06|batch_15|batch_13|batch_01,batch_08|batch_14|batch_10|batch_11|batch_09|batch_16|batch_05|batch_02
zic008_aec7,20260926,4,22,8,35,batch_06|batch_15|batch_04|batch_07,batch_08|batch_14|batch_10|batch_11|batch_09|batch_16|batch_05|batch_02
zic008_aec7,20260926,4,23,8,35,batch_06|batch_15|batch_04|batch_01,batch_08|batch_14|batch_10|batch_11|batch_09|batch_16|batch_05|batch_02
zic008_aec7,20260926,4,24,8,35,batch_06|batch_15|batch_07|batch_01,batch_08|batch_14|batch_10|batch_11|batch_09|batch_16|batch_05|batch_02
zic008_aec7,20260926,4,25,8,35,batch_06|batch_12|batch_13|batch_04,batch_08|batch_14|batch_10|batch_11|batch_09|batch_16|batch_05|batch_02
zic008_aec7,20260926,4,26,8,35,batch_06|batch_12|batch_13|batch_07,batch_08|batch_14|batch_10|batch_11|batch_09|batch_16|batch_05|batch_02
zic008_aec7,20260926,4,27,8,35,batch_06|batch_12|batch_13|batch_01,batch_08|batch_14|batch_10|batch_11|batch_09|batch_16|batch_05|batch_02
zic008_aec7,20260926,4,28,8,35,batch_06|batch_12|batch_04|batch_07,batch_08|batch_14|batch_10|batch_11|batch_09|batch_16|batch_05|batch_02
zic008_aec7,20260926,4,29,8,35,batch_06|batch_12|batch_04|batch_01,batch_08|batch_14|batch_10|batch_11|batch_09|batch_16|batch_05|batch_02
zic008_aec7,20260926,4,30,8,35,batch_06|batch_12|batch_07|batch_01,batch_08|batch_14|batch_10|batch_11|batch_09|batch_16|batch_05|batch_02
zic008_aec7,20260926,4,31,8,35,batch_06|batch_13|batch_04|batch_07,batch_08|batch_14|batch_10|batch_11|batch_09|batch_16|batch_05|batch_02
zic008_aec7,20260926,4,32,8,35,batch_06|batch_13|batch_04|batch_01,batch_08|batch_14|batch_10|batch_11|batch_09|batch_16|batch_05|batch_02
zic008_aec7,20260926,4,33,8,35,batch_06|batch_13|batch_07|batch_01,batch_08|batch_14|batch_10|batch_11|batch_09|batch_16|batch_05|batch_02
zic008_aec7,20260926,4,34,8,35,batch_06|batch_04|batch_07|batch_01,batch_08|batch_14|batch_10|batch_11|batch_09|batch_16|batch_05|batch_02
zic008_aec7,20260926,4,35,8,35,batch_03|batch_15|batch_12|batch_13,batch_08|batch_14|batch_10|batch_11|batch_09|batch_16|batch_05|batch_02
zic008_aec7,20260926,4,36,8,35,batch_03|batch_15|batch_12|batch_04,batch_08|batch_14|batch_10|batch_11|batch_09|batch_16|batch_05|batch_02
zic008_aec7,20260926,4,37,8,35,batch_03|batch_15|batch_12|batch_07,batch_08|batch_14|batch_10|batch_11|batch_09|batch_16|batch_05|batch_02
zic008_aec7,20260926,4,38,8,35,batch_03|batch_15|batch_12|batch_01,batch_08|batch_14|batch_10|batch_11|batch_09|batch_16|batch_05|batch_02
zic008_aec7,20260926,4,39,8,35,batch_03|batch_15|batch_13|batch_04,batch_08|batch_14|batch_10|batch_11|batch_09|batch_16|batch_05|batch_02
zic008_aec7,20260926,4,40,8,35,batch_03|batch_15|batch_13|batch_07,batch_08|batch_14|batch_10|batch_11|batch_09|batch_16|batch_05|batch_02
zic008_aec7,20260926,4,41,8,35,batch_03|batch_15|batch_13|batch_01,batch_08|batch_14|batch_10|batch_11|batch_09|batch_16|batch_05|batch_02
zic008_aec7,20260926,4,42,8,35,batch_03|batch_15|batch_04|batch_07,batch_08|batch_14|batch_10|batch_11|batch_09|batch_16|batch_05|batch_02
zic008_aec7,20260926,4,43,8,35,batch_03|batch_15|batch_04|batch_01,batch_08|batch_14|batch_10|batch_11|batch_09|batch_16|batch_05|batch_02
zic008_aec7,20260926,4,44,8,35,batch_03|batch_15|batch_07|batch_01,batch_08|batch_14|batch_10|batch_11|batch_09|batch_16|batch_05|batch_02
zic008_aec7,20260926,4,45,8,35,batch_03|batch_12|batch_13|batch_04,batch_08|batch_14|batch_10|batch_11|batch_09|batch_16|batch_05|batch_02
zic008_aec7,20260926,4,46,8,35,batch_03|batch_12|batch_13|batch_07,batch_08|batch_14|batch_10|batch_11|batch_09|batch_16|batch_05|batch_02
zic008_aec7,20260926,4,47,8,35,batch_03|batch_12|batch_13|batch_01,batch_08|batch_14|batch_10|batch_11|batch_09|batch_16|batch_05|batch_02
zic008_aec7,20260926,4,48,8,35,batch_03|batch_12|batch_04|batch_07,batch_08|batch_14|batch_10|batch_11|batch_09|batch_16|batch_05|batch_02
zic008_aec7,20260926,4,49,8,35,batch_03|batch_12|batch_04|batch_01,batch_08|batch_14|batch_10|batch_11|batch_09|batch_16|batch_05|batch_02
zic008_aec7,20260926,4,50,8,35,batch_03|batch_12|batch_07|batch_01,batch_08|batch_14|batch_10|batch_11|batch_09|batch_16|batch_05|batch_02
zic008_aec7,20260926,4,51,8,35,batch_03|batch_13|batch_04|batch_07,batch_08|batch_14|batch_10|batch_11|batch_09|batch_16|batch_05|batch_02
zic008_aec7,20260926,4,52,8,35,batch_03|batch_13|batch_04|batch_01,batch_08|batch_14|batch_10|batch_11|batch_09|batch_16|batch_05|batch_02
zic008_aec7,20260926,4,53,8,35,batch_03|batch_13|batch_07|batch_01,batch_08|batch_14|batch_10|batch_11|batch_09|batch_16|batch_05|batch_02
zic008_aec7,20260926,4,54,8,35,batch_03|batch_04|batch_07|batch_01,batch_08|batch_14|batch_10|batch_11|batch_09|batch_16|batch_05|batch_02
zic008_aec7,20260926,4,55,8,35,batch_15|batch_12|batch_13|batch_04,batch_08|batch_14|batch_10|batch_11|batch_09|batch_16|batch_05|batch_02
zic008_aec7,20260926,4,56,8,35,batch_15|batch_12|batch_13|batch_07,batch_08|batch_14|batch_10|batch_11|batch_09|batch_16|batch_05|batch_02
zic008_aec7,20260926,4,57,8,35,batch_15|batch_12|batch_13|batch_01,batch_08|batch_14|batch_10|batch_11|batch_09|batch_16|batch_05|batch_02
zic008_aec7,20260926,4,58,8,35,batch_15|batch_12|batch_04|batch_07,batch_08|batch_14|batch_10|batch_11|batch_09|batch_16|batch_05|batch_02
zic008_aec7,20260926,4,59,8,35,batch_15|batch_12|batch_04|batch_01,batch_08|batch_14|batch_10|batch_11|batch_09|batch_16|batch_05|batch_02
zic008_aec7,20260926,4,60,8,35,batch_15|batch_12|batch_07|batch_01,batch_08|batch_14|batch_10|batch_11|batch_09|batch_16|batch_05|batch_02
zic008_aec7,20260926,4,61,8,35,batch_15|batch_13|batch_04|batch_07,batch_08|batch_14|batch_10|batch_11|batch_09|batch_16|batch_05|batch_02
zic008_aec7,20260926,4,62,8,35,batch_15|batch_13|batch_04|batch_01,batch_08|batch_14|batch_10|batch_11|batch_09|batch_16|batch_05|batch_02
zic008_aec7,20260926,4,63,8,35,batch_15|batch_13|batch_07|batch_01,batch_08|batch_14|batch_10|batch_11|batch_09|batch_16|batch_05|batch_02
zic008_aec7,20260926,4,64,8,35,batch_15|batch_04|batch_07|batch_01,batch_08|batch_14|batch_10|batch_11|batch_09|batch_16|batch_05|batch_02
zic008_aec7,20260926,4,65,8,35,batch_12|batch_13|batch_04|batch_07,batch_08|batch_14|batch_10|batch_11|batch_09|batch_16|batch_05|batch_02
zic008_aec7,20260926,4,66,8,35,batch_12|batch_13|batch_04|batch_01,batch_08|batch_14|batch_10|batch_11|batch_09|batch_16|batch_05|batch_02
zic008_aec7,20260926,4,67,8,35,batch_12|batch_13|batch_07|batch_01,batch_08|batch_14|batch_10|batch_11|batch_09|batch_16|batch_05|batch_02
zic008_aec7,20260926,4,68,8,35,batch_12|batch_04|batch_07|batch_01,batch_08|batch_14|batch_10|batch_11|batch_09|batch_16|batch_05|batch_02
zic008_aec7,20260926,4,69,8,35,batch_13|batch_04|batch_07|batch_01,batch_08|batch_14|batch_10|batch_11|batch_09|batch_16|batch_05|batch_02
zic008_aec7,20260926,5,0,8,35,batch_06|batch_03|batch_15|batch_12|batch_13,batch_08|batch_14|batch_10|batch_11|batch_09|batch_16|batch_05|batch_02
zic008_aec7,20260926,5,1,8,35,batch_06|batch_03|batch_15|batch_12|batch_04,batch_08|batch_14|batch_10|batch_11|batch_09|batch_16|batch_05|batch_02
zic008_aec7,20260926,5,2,8,35,batch_06|batch_03|batch_15|batch_12|batch_07,batch_08|batch_14|batch_10|batch_11|batch_09|batch_16|batch_05|batch_02
zic008_aec7,20260926,5,3,8,35,batch_06|batch_03|batch_15|batch_12|batch_01,batch_08|batch_14|batch_10|batch_11|batch_09|batch_16|batch_05|batch_02
zic008_aec7,20260926,5,4,8,35,batch_06|batch_03|batch_15|batch_13|batch_04,batch_08|batch_14|batch_10|batch_11|batch_09|batch_16|batch_05|batch_02
zic008_aec7,20260926,5,5,8,35,batch_06|batch_03|batch_15|batch_13|batch_07,batch_08|batch_14|batch_10|batch_11|batch_09|batch_16|batch_05|batch_02
zic008_aec7,20260926,5,6,8,35,batch_06|batch_03|batch_15|batch_13|batch_01,batch_08|batch_14|batch_10|batch_11|batch_09|batch_16|batch_05|batch_02
zic008_aec7,20260926,5,7,8,35,batch_06|batch_03|batch_15|batch_04|batch_07,batch_08|batch_14|batch_10|batch_11|batch_09|batch_16|batch_05|batch_02
zic008_aec7,20260926,5,8,8,35,batch_06|batch_03|batch_15|batch_04|batch_01,batch_08|batch_14|batch_10|batch_11|batch_09|batch_16|batch_05|batch_02
zic008_aec7,20260926,5,9,8,35,batch_06|batch_03|batch_15|batch_07|batch_01,batch_08|batch_14|batch_10|batch_11|batch_09|batch_16|batch_05|batch_02
zic008_aec7,20260926,5,10,8,35,batch_06|batch_03|batch_12|batch_13|batch_04,batch_08|batch_14|batch_10|batch_11|batch_09|batch_16|batch_05|batch_02
zic008_aec7,20260926,5,11,8,35,batch_06|batch_03|batch_12|batch_13|batch_07,batch_08|batch_14|batch_10|batch_11|batch_09|batch_16|batch_05|batch_02
zic008_aec7,20260926,5,12,8,35,batch_06|batch_03|batch_12|batch_13|batch_01,batch_08|batch_14|batch_10|batch_11|batch_09|batch_16|batch_05|batch_02
zic008_aec7,20260926,5,13,8,35,batch_06|batch_03|batch_12|batch_04|batch_07,batch_08|batch_14|batch_10|batch_11|batch_09|batch_16|batch_05|batch_02
zic008_aec7,20260926,5,14,8,35,batch_06|batch_03|batch_12|batch_04|batch_01,batch_08|batch_14|batch_10|batch_11|batch_09|batch_16|batch_05|batch_02
zic008_aec7,20260926,5,15,8,35,batch_06|batch_03|batch_12|batch_07|batch_01,batch_08|batch_14|batch_10|batch_11|batch_09|batch_16|batch_05|batch_02
zic008_aec7,20260926,5,16,8,35,batch_06|batch_03|batch_13|batch_04|batch_07,batch_08|batch_14|batch_10|batch_11|batch_09|batch_16|batch_05|batch_02
zic008_aec7,20260926,5,17,8,35,batch_06|batch_03|batch_13|batch_04|batch_01,batch_08|batch_14|batch_10|batch_11|batch_09|batch_16|batch_05|batch_02
zic008_aec7,20260926,5,18,8,35,batch_06|batch_03|batch_13|batch_07|batch_01,batch_08|batch_14|batch_10|batch_11|batch_09|batch_16|batch_05|batch_02
zic008_aec7,20260926,5,19,8,35,batch_06|batch_03|batch_04|batch_07|batch_01,batch_08|batch_14|batch_10|batch_11|batch_09|batch_16|batch_05|batch_02
zic008_aec7,20260926,5,20,8,35,batch_06|batch_15|batch_12|batch_13|batch_04,batch_08|batch_14|batch_10|batch_11|batch_09|batch_16|batch_05|batch_02
zic008_aec7,20260926,5,21,8,35,batch_06|batch_15|batch_12|batch_13|batch_07,batch_08|batch_14|batch_10|batch_11|batch_09|batch_16|batch_05|batch_02
zic008_aec7,20260926,5,22,8,35,batch_06|batch_15|batch_12|batch_13|batch_01,batch_08|batch_14|batch_10|batch_11|batch_09|batch_16|batch_05|batch_02
zic008_aec7,20260926,5,23,8,35,batch_06|batch_15|batch_12|batch_04|batch_07,batch_08|batch_14|batch_10|batch_11|batch_09|batch_16|batch_05|batch_02
zic008_aec7,20260926,5,24,8,35,batch_06|batch_15|batch_12|batch_04|batch_01,batch_08|batch_14|batch_10|batch_11|batch_09|batch_16|batch_05|batch_02
zic008_aec7,20260926,5,25,8,35,batch_06|batch_15|batch_12|batch_07|batch_01,batch_08|batch_14|batch_10|batch_11|batch_09|batch_16|batch_05|batch_02
zic008_aec7,20260926,5,26,8,35,batch_06|batch_15|batch_13|batch_04|batch_07,batch_08|batch_14|batch_10|batch_11|batch_09|batch_16|batch_05|batch_02
zic008_aec7,20260926,5,27,8,35,batch_06|batch_15|batch_13|batch_04|batch_01,batch_08|batch_14|batch_10|batch_11|batch_09|batch_16|batch_05|batch_02
zic008_aec7,20260926,5,28,8,35,batch_06|batch_15|batch_13|batch_07|batch_01,batch_08|batch_14|batch_10|batch_11|batch_09|batch_16|batch_05|batch_02
zic008_aec7,20260926,5,29,8,35,batch_06|batch_15|batch_04|batch_07|batch_01,batch_08|batch_14|batch_10|batch_11|batch_09|batch_16|batch_05|batch_02
zic008_aec7,20260926,5,30,8,35,batch_06|batch_12|batch_13|batch_04|batch_07,batch_08|batch_14|batch_10|batch_11|batch_09|batch_16|batch_05|batch_02
zic008_aec7,20260926,5,31,8,35,batch_06|batch_12|batch_13|batch_04|batch_01,batch_08|batch_14|batch_10|batch_11|batch_09|batch_16|batch_05|batch_02
zic008_aec7,20260926,5,32,8,35,batch_06|batch_12|batch_13|batch_07|batch_01,batch_08|batch_14|batch_10|batch_11|batch_09|batch_16|batch_05|batch_02
zic008_aec7,20260926,5,33,8,35,batch_06|batch_12|batch_04|batch_07|batch_01,batch_08|batch_14|batch_10|batch_11|batch_09|batch_16|batch_05|batch_02
zic008_aec7,20260926,5,34,8,35,batch_06|batch_13|batch_04|batch_07|batch_01,batch_08|batch_14|batch_10|batch_11|batch_09|batch_16|batch_05|batch_02
zic008_aec7,20260926,5,35,8,35,batch_03|batch_15|batch_12|batch_13|batch_04,batch_08|batch_14|batch_10|batch_11|batch_09|batch_16|batch_05|batch_02
zic008_aec7,20260926,5,36,8,35,batch_03|batch_15|batch_12|batch_13|batch_07,batch_08|batch_14|batch_10|batch_11|batch_09|batch_16|batch_05|batch_02
zic008_aec7,20260926,5,37,8,35,batch_03|batch_15|batch_12|batch_13|batch_01,batch_08|batch_14|batch_10|batch_11|batch_09|batch_16|batch_05|batch_02
zic008_aec7,20260926,5,38,8,35,batch_03|batch_15|batch_12|batch_04|batch_07,batch_08|batch_14|batch_10|batch_11|batch_09|batch_16|batch_05|batch_02
zic008_aec7,20260926,5,39,8,35,batch_03|batch_15|batch_12|batch_04|batch_01,batch_08|batch_14|batch_10|batch_11|batch_09|batch_16|batch_05|batch_02
zic008_aec7,20260926,5,40,8,35,batch_03|batch_15|batch_12|batch_07|batch_01,batch_08|batch_14|batch_10|batch_11|batch_09|batch_16|batch_05|batch_02
zic008_aec7,20260926,5,41,8,35,batch_03|batch_15|batch_13|batch_04|batch_07,batch_08|batch_14|batch_10|batch_11|batch_09|batch_16|batch_05|batch_02
zic008_aec7,20260926,5,42,8,35,batch_03|batch_15|batch_13|batch_04|batch_01,batch_08|batch_14|batch_10|batch_11|batch_09|batch_16|batch_05|batch_02
zic008_aec7,20260926,5,43,8,35,batch_03|batch_15|batch_13|batch_07|batch_01,batch_08|batch_14|batch_10|batch_11|batch_09|batch_16|batch_05|batch_02
zic008_aec7,20260926,5,44,8,35,batch_03|batch_15|batch_04|batch_07|batch_01,batch_08|batch_14|batch_10|batch_11|batch_09|batch_16|batch_05|batch_02
zic008_aec7,20260926,5,45,8,35,batch_03|batch_12|batch_13|batch_04|batch_07,batch_08|batch_14|batch_10|batch_11|batch_09|batch_16|batch_05|batch_02
zic008_aec7,20260926,5,46,8,35,batch_03|batch_12|batch_13|batch_04|batch_01,batch_08|batch_14|batch_10|batch_11|batch_09|batch_16|batch_05|batch_02
zic008_aec7,20260926,5,47,8,35,batch_03|batch_12|batch_13|batch_07|batch_01,batch_08|batch_14|batch_10|batch_11|batch_09|batch_16|batch_05|batch_02
zic008_aec7,20260926,5,48,8,35,batch_03|batch_12|batch_04|batch_07|batch_01,batch_08|batch_14|batch_10|batch_11|batch_09|batch_16|batch_05|batch_02
zic008_aec7,20260926,5,49,8,35,batch_03|batch_13|batch_04|batch_07|batch_01,batch_08|batch_14|batch_10|batch_11|batch_09|batch_16|batch_05|batch_02
zic008_aec7,20260926,5,50,8,35,batch_15|batch_12|batch_13|batch_04|batch_07,batch_08|batch_14|batch_10|batch_11|batch_09|batch_16|batch_05|batch_02
zic008_aec7,20260926,5,51,8,35,batch_15|batch_12|batch_13|batch_04|batch_01,batch_08|batch_14|batch_10|batch_11|batch_09|batch_16|batch_05|batch_02
zic008_aec7,20260926,5,52,8,35,batch_15|batch_12|batch_13|batch_07|batch_01,batch_08|batch_14|batch_10|batch_11|batch_09|batch_16|batch_05|batch_02
zic008_aec7,20260926,5,53,8,35,batch_15|batch_12|batch_04|batch_07|batch_01,batch_08|batch_14|batch_10|batch_11|batch_09|batch_16|batch_05|batch_02
zic008_aec7,20260926,5,54,8,35,batch_15|batch_13|batch_04|batch_07|batch_01,batch_08|batch_14|batch_10|batch_11|batch_09|batch_16|batch_05|batch_02
zic008_aec7,20260926,5,55,8,35,batch_12|batch_13|batch_04|batch_07|batch_01,batch_08|batch_14|batch_10|batch_11|batch_09|batch_16|batch_05|batch_02
zic008_aec7,20260926,6,0,8,35,batch_06|batch_03|batch_15|batch_12|batch_13|batch_04,batch_08|batch_14|batch_10|batch_11|batch_09|batch_16|batch_05|batch_02
zic008_aec7,20260926,6,1,8,35,batch_06|batch_03|batch_15|batch_12|batch_13|batch_07,batch_08|batch_14|batch_10|batch_11|batch_09|batch_16|batch_05|batch_02
zic008_aec7,20260926,6,2,8,35,batch_06|batch_03|batch_15|batch_12|batch_13|batch_01,batch_08|batch_14|batch_10|batch_11|batch_09|batch_16|batch_05|batch_02
zic008_aec7,20260926,6,3,8,35,batch_06|batch_03|batch_15|batch_12|batch_04|batch_07,batch_08|batch_14|batch_10|batch_11|batch_09|batch_16|batch_05|batch_02
zic008_aec7,20260926,6,4,8,35,batch_06|batch_03|batch_15|batch_12|batch_04|batch_01,batch_08|batch_14|batch_10|batch_11|batch_09|batch_16|batch_05|batch_02
zic008_aec7,20260926,6,5,8,35,batch_06|batch_03|batch_15|batch_12|batch_07|batch_01,batch_08|batch_14|batch_10|batch_11|batch_09|batch_16|batch_05|batch_02
zic008_aec7,20260926,6,6,8,35,batch_06|batch_03|batch_15|batch_13|batch_04|batch_07,batch_08|batch_14|batch_10|batch_11|batch_09|batch_16|batch_05|batch_02
zic008_aec7,20260926,6,7,8,35,batch_06|batch_03|batch_15|batch_13|batch_04|batch_01,batch_08|batch_14|batch_10|batch_11|batch_09|batch_16|batch_05|batch_02
zic008_aec7,20260926,6,8,8,35,batch_06|batch_03|batch_15|batch_13|batch_07|batch_01,batch_08|batch_14|batch_10|batch_11|batch_09|batch_16|batch_05|batch_02
zic008_aec7,20260926,6,9,8,35,batch_06|batch_03|batch_15|batch_04|batch_07|batch_01,batch_08|batch_14|batch_10|batch_11|batch_09|batch_16|batch_05|batch_02
zic008_aec7,20260926,6,10,8,35,batch_06|batch_03|batch_12|batch_13|batch_04|batch_07,batch_08|batch_14|batch_10|batch_11|batch_09|batch_16|batch_05|batch_02
zic008_aec7,20260926,6,11,8,35,batch_06|batch_03|batch_12|batch_13|batch_04|batch_01,batch_08|batch_14|batch_10|batch_11|batch_09|batch_16|batch_05|batch_02
zic008_aec7,20260926,6,12,8,35,batch_06|batch_03|batch_12|batch_13|batch_07|batch_01,batch_08|batch_14|batch_10|batch_11|batch_09|batch_16|batch_05|batch_02
zic008_aec7,20260926,6,13,8,35,batch_06|batch_03|batch_12|batch_04|batch_07|batch_01,batch_08|batch_14|batch_10|batch_11|batch_09|batch_16|batch_05|batch_02
zic008_aec7,20260926,6,14,8,35,batch_06|batch_03|batch_13|batch_04|batch_07|batch_01,batch_08|batch_14|batch_10|batch_11|batch_09|batch_16|batch_05|batch_02
zic008_aec7,20260926,6,15,8,35,batch_06|batch_15|batch_12|batch_13|batch_04|batch_07,batch_08|batch_14|batch_10|batch_11|batch_09|batch_16|batch_05|batch_02
zic008_aec7,20260926,6,16,8,35,batch_06|batch_15|batch_12|batch_13|batch_04|batch_01,batch_08|batch_14|batch_10|batch_11|batch_09|batch_16|batch_05|batch_02
zic008_aec7,20260926,6,17,8,35,batch_06|batch_15|batch_12|batch_13|batch_07|batch_01,batch_08|batch_14|batch_10|batch_11|batch_09|batch_16|batch_05|batch_02
zic008_aec7,20260926,6,18,8,35,batch_06|batch_15|batch_12|batch_04|batch_07|batch_01,batch_08|batch_14|batch_10|batch_11|batch_09|batch_16|batch_05|batch_02
zic008_aec7,20260926,6,19,8,35,batch_06|batch_15|batch_13|batch_04|batch_07|batch_01,batch_08|batch_14|batch_10|batch_11|batch_09|batch_16|batch_05|batch_02
zic008_aec7,20260926,6,20,8,35,batch_06|batch_12|batch_13|batch_04|batch_07|batch_01,batch_08|batch_14|batch_10|batch_11|batch_09|batch_16|batch_05|batch_02
zic008_aec7,20260926,6,21,8,35,batch_03|batch_15|batch_12|batch_13|batch_04|batch_07,batch_08|batch_14|batch_10|batch_11|batch_09|batch_16|batch_05|batch_02
zic008_aec7,20260926,6,22,8,35,batch_03|batch_15|batch_12|batch_13|batch_04|batch_01,batch_08|batch_14|batch_10|batch_11|batch_09|batch_16|batch_05|batch_02
zic008_aec7,20260926,6,23,8,35,batch_03|batch_15|batch_12|batch_13|batch_07|batch_01,batch_08|batch_14|batch_10|batch_11|batch_09|batch_16|batch_05|batch_02
zic008_aec7,20260926,6,24,8,35,batch_03|batch_15|batch_12|batch_04|batch_07|batch_01,batch_08|batch_14|batch_10|batch_11|batch_09|batch_16|batch_05|batch_02
zic008_aec7,20260926,6,25,8,35,batch_03|batch_15|batch_13|batch_04|batch_07|batch_01,batch_08|batch_14|batch_10|batch_11|batch_09|batch_16|batch_05|batch_02
zic008_aec7,20260926,6,26,8,35,batch_03|batch_12|batch_13|batch_04|batch_07|batch_01,batch_08|batch_14|batch_10|batch_11|batch_09|batch_16|batch_05|batch_02
zic008_aec7,20260926,6,27,8,35,batch_15|batch_12|batch_13|batch_04|batch_07|batch_01,batch_08|batch_14|batch_10|batch_11|batch_09|batch_16|batch_05|batch_02
zic008_aec7,20260926,7,0,8,35,batch_06|batch_03|batch_15|batch_12|batch_13|batch_04|batch_07,batch_08|batch_14|batch_10|batch_11|batch_09|batch_16|batch_05|batch_02
zic008_aec7,20260926,7,1,8,35,batch_06|batch_03|batch_15|batch_12|batch_13|batch_04|batch_01,batch_08|batch_14|batch_10|batch_11|batch_09|batch_16|batch_05|batch_02
zic008_aec7,20260926,7,2,8,35,batch_06|batch_03|batch_15|batch_12|batch_13|batch_07|batch_01,batch_08|batch_14|batch_10|batch_11|batch_09|batch_16|batch_05|batch_02
zic008_aec7,20260926,7,3,8,35,batch_06|batch_03|batch_15|batch_12|batch_04|batch_07|batch_01,batch_08|batch_14|batch_10|batch_11|batch_09|batch_16|batch_05|batch_02
zic008_aec7,20260926,7,4,8,35,batch_06|batch_03|batch_15|batch_13|batch_04|batch_07|batch_01,batch_08|batch_14|batch_10|batch_11|batch_09|batch_16|batch_05|batch_02
zic008_aec7,20260926,7,5,8,35,batch_06|batch_03|batch_12|batch_13|batch_04|batch_07|batch_01,batch_08|batch_14|batch_10|batch_11|batch_09|batch_16|batch_05|batch_02
zic008_aec7,20260926,7,6,8,35,batch_06|batch_15|batch_12|batch_13|batch_04|batch_07|batch_01,batch_08|batch_14|batch_10|batch_11|batch_09|batch_16|batch_05|batch_02
zic008_aec7,20260926,7,7,8,35,batch_03|batch_15|batch_12|batch_13|batch_04|batch_07|batch_01,batch_08|batch_14|batch_10|batch_11|batch_09|batch_16|batch_05|batch_02
zic008_aec7,20260926,8,0,8,35,batch_06|batch_03|batch_15|batch_12|batch_13|batch_04|batch_07|batch_01,batch_08|batch_14|batch_10|batch_11|batch_09|batch_16|batch_05|batch_02
zic008_aec7,20260927,1,0,8,35,batch_09,batch_14|batch_13|batch_12|batch_02|batch_04|batch_08|batch_15|batch_07
zic008_aec7,20260927,1,1,8,35,batch_16,batch_14|batch_13|batch_12|batch_02|batch_04|batch_08|batch_15|batch_07
zic008_aec7,20260927,1,2,8,35,batch_05,batch_14|batch_13|batch_12|batch_02|batch_04|batch_08|batch_15|batch_07
zic008_aec7,20260927,1,3,8,35,batch_01,batch_14|batch_13|batch_12|batch_02|batch_04|batch_08|batch_15|batch_07
zic008_aec7,20260927,1,4,8,35,batch_03,batch_14|batch_13|batch_12|batch_02|batch_04|batch_08|batch_15|batch_07
zic008_aec7,20260927,1,5,8,35,batch_06,batch_14|batch_13|batch_12|batch_02|batch_04|batch_08|batch_15|batch_07
zic008_aec7,20260927,1,6,8,35,batch_11,batch_14|batch_13|batch_12|batch_02|batch_04|batch_08|batch_15|batch_07
zic008_aec7,20260927,1,7,8,35,batch_10,batch_14|batch_13|batch_12|batch_02|batch_04|batch_08|batch_15|batch_07
zic008_aec7,20260927,2,0,8,35,batch_09|batch_16,batch_14|batch_13|batch_12|batch_02|batch_04|batch_08|batch_15|batch_07
zic008_aec7,20260927,2,1,8,35,batch_09|batch_05,batch_14|batch_13|batch_12|batch_02|batch_04|batch_08|batch_15|batch_07
zic008_aec7,20260927,2,2,8,35,batch_09|batch_01,batch_14|batch_13|batch_12|batch_02|batch_04|batch_08|batch_15|batch_07
zic008_aec7,20260927,2,3,8,35,batch_09|batch_03,batch_14|batch_13|batch_12|batch_02|batch_04|batch_08|batch_15|batch_07
zic008_aec7,20260927,2,4,8,35,batch_09|batch_06,batch_14|batch_13|batch_12|batch_02|batch_04|batch_08|batch_15|batch_07
zic008_aec7,20260927,2,5,8,35,batch_09|batch_11,batch_14|batch_13|batch_12|batch_02|batch_04|batch_08|batch_15|batch_07
zic008_aec7,20260927,2,6,8,35,batch_09|batch_10,batch_14|batch_13|batch_12|batch_02|batch_04|batch_08|batch_15|batch_07
zic008_aec7,20260927,2,7,8,35,batch_16|batch_05,batch_14|batch_13|batch_12|batch_02|batch_04|batch_08|batch_15|batch_07
zic008_aec7,20260927,2,8,8,35,batch_16|batch_01,batch_14|batch_13|batch_12|batch_02|batch_04|batch_08|batch_15|batch_07
zic008_aec7,20260927,2,9,8,35,batch_16|batch_03,batch_14|batch_13|batch_12|batch_02|batch_04|batch_08|batch_15|batch_07
zic008_aec7,20260927,2,10,8,35,batch_16|batch_06,batch_14|batch_13|batch_12|batch_02|batch_04|batch_08|batch_15|batch_07
zic008_aec7,20260927,2,11,8,35,batch_16|batch_11,batch_14|batch_13|batch_12|batch_02|batch_04|batch_08|batch_15|batch_07
zic008_aec7,20260927,2,12,8,35,batch_16|batch_10,batch_14|batch_13|batch_12|batch_02|batch_04|batch_08|batch_15|batch_07
zic008_aec7,20260927,2,13,8,35,batch_05|batch_01,batch_14|batch_13|batch_12|batch_02|batch_04|batch_08|batch_15|batch_07
zic008_aec7,20260927,2,14,8,35,batch_05|batch_03,batch_14|batch_13|batch_12|batch_02|batch_04|batch_08|batch_15|batch_07
zic008_aec7,20260927,2,15,8,35,batch_05|batch_06,batch_14|batch_13|batch_12|batch_02|batch_04|batch_08|batch_15|batch_07
zic008_aec7,20260927,2,16,8,35,batch_05|batch_11,batch_14|batch_13|batch_12|batch_02|batch_04|batch_08|batch_15|batch_07
zic008_aec7,20260927,2,17,8,35,batch_05|batch_10,batch_14|batch_13|batch_12|batch_02|batch_04|batch_08|batch_15|batch_07
zic008_aec7,20260927,2,18,8,35,batch_01|batch_03,batch_14|batch_13|batch_12|batch_02|batch_04|batch_08|batch_15|batch_07
zic008_aec7,20260927,2,19,8,35,batch_01|batch_06,batch_14|batch_13|batch_12|batch_02|batch_04|batch_08|batch_15|batch_07
zic008_aec7,20260927,2,20,8,35,batch_01|batch_11,batch_14|batch_13|batch_12|batch_02|batch_04|batch_08|batch_15|batch_07
zic008_aec7,20260927,2,21,8,35,batch_01|batch_10,batch_14|batch_13|batch_12|batch_02|batch_04|batch_08|batch_15|batch_07
zic008_aec7,20260927,2,22,8,35,batch_03|batch_06,batch_14|batch_13|batch_12|batch_02|batch_04|batch_08|batch_15|batch_07
zic008_aec7,20260927,2,23,8,35,batch_03|batch_11,batch_14|batch_13|batch_12|batch_02|batch_04|batch_08|batch_15|batch_07
zic008_aec7,20260927,2,24,8,35,batch_03|batch_10,batch_14|batch_13|batch_12|batch_02|batch_04|batch_08|batch_15|batch_07
zic008_aec7,20260927,2,25,8,35,batch_06|batch_11,batch_14|batch_13|batch_12|batch_02|batch_04|batch_08|batch_15|batch_07
zic008_aec7,20260927,2,26,8,35,batch_06|batch_10,batch_14|batch_13|batch_12|batch_02|batch_04|batch_08|batch_15|batch_07
zic008_aec7,20260927,2,27,8,35,batch_11|batch_10,batch_14|batch_13|batch_12|batch_02|batch_04|batch_08|batch_15|batch_07
zic008_aec7,20260927,3,0,8,35,batch_09|batch_16|batch_05,batch_14|batch_13|batch_12|batch_02|batch_04|batch_08|batch_15|batch_07
zic008_aec7,20260927,3,1,8,35,batch_09|batch_16|batch_01,batch_14|batch_13|batch_12|batch_02|batch_04|batch_08|batch_15|batch_07
zic008_aec7,20260927,3,2,8,35,batch_09|batch_16|batch_03,batch_14|batch_13|batch_12|batch_02|batch_04|batch_08|batch_15|batch_07
zic008_aec7,20260927,3,3,8,35,batch_09|batch_16|batch_06,batch_14|batch_13|batch_12|batch_02|batch_04|batch_08|batch_15|batch_07
zic008_aec7,20260927,3,4,8,35,batch_09|batch_16|batch_11,batch_14|batch_13|batch_12|batch_02|batch_04|batch_08|batch_15|batch_07
zic008_aec7,20260927,3,5,8,35,batch_09|batch_16|batch_10,batch_14|batch_13|batch_12|batch_02|batch_04|batch_08|batch_15|batch_07
zic008_aec7,20260927,3,6,8,35,batch_09|batch_05|batch_01,batch_14|batch_13|batch_12|batch_02|batch_04|batch_08|batch_15|batch_07
zic008_aec7,20260927,3,7,8,35,batch_09|batch_05|batch_03,batch_14|batch_13|batch_12|batch_02|batch_04|batch_08|batch_15|batch_07
zic008_aec7,20260927,3,8,8,35,batch_09|batch_05|batch_06,batch_14|batch_13|batch_12|batch_02|batch_04|batch_08|batch_15|batch_07
zic008_aec7,20260927,3,9,8,35,batch_09|batch_05|batch_11,batch_14|batch_13|batch_12|batch_02|batch_04|batch_08|batch_15|batch_07
zic008_aec7,20260927,3,10,8,35,batch_09|batch_05|batch_10,batch_14|batch_13|batch_12|batch_02|batch_04|batch_08|batch_15|batch_07
zic008_aec7,20260927,3,11,8,35,batch_09|batch_01|batch_03,batch_14|batch_13|batch_12|batch_02|batch_04|batch_08|batch_15|batch_07
zic008_aec7,20260927,3,12,8,35,batch_09|batch_01|batch_06,batch_14|batch_13|batch_12|batch_02|batch_04|batch_08|batch_15|batch_07
zic008_aec7,20260927,3,13,8,35,batch_09|batch_01|batch_11,batch_14|batch_13|batch_12|batch_02|batch_04|batch_08|batch_15|batch_07
zic008_aec7,20260927,3,14,8,35,batch_09|batch_01|batch_10,batch_14|batch_13|batch_12|batch_02|batch_04|batch_08|batch_15|batch_07
zic008_aec7,20260927,3,15,8,35,batch_09|batch_03|batch_06,batch_14|batch_13|batch_12|batch_02|batch_04|batch_08|batch_15|batch_07
zic008_aec7,20260927,3,16,8,35,batch_09|batch_03|batch_11,batch_14|batch_13|batch_12|batch_02|batch_04|batch_08|batch_15|batch_07
zic008_aec7,20260927,3,17,8,35,batch_09|batch_03|batch_10,batch_14|batch_13|batch_12|batch_02|batch_04|batch_08|batch_15|batch_07
zic008_aec7,20260927,3,18,8,35,batch_09|batch_06|batch_11,batch_14|batch_13|batch_12|batch_02|batch_04|batch_08|batch_15|batch_07
zic008_aec7,20260927,3,19,8,35,batch_09|batch_06|batch_10,batch_14|batch_13|batch_12|batch_02|batch_04|batch_08|batch_15|batch_07
zic008_aec7,20260927,3,20,8,35,batch_09|batch_11|batch_10,batch_14|batch_13|batch_12|batch_02|batch_04|batch_08|batch_15|batch_07
zic008_aec7,20260927,3,21,8,35,batch_16|batch_05|batch_01,batch_14|batch_13|batch_12|batch_02|batch_04|batch_08|batch_15|batch_07
zic008_aec7,20260927,3,22,8,35,batch_16|batch_05|batch_03,batch_14|batch_13|batch_12|batch_02|batch_04|batch_08|batch_15|batch_07
zic008_aec7,20260927,3,23,8,35,batch_16|batch_05|batch_06,batch_14|batch_13|batch_12|batch_02|batch_04|batch_08|batch_15|batch_07
zic008_aec7,20260927,3,24,8,35,batch_16|batch_05|batch_11,batch_14|batch_13|batch_12|batch_02|batch_04|batch_08|batch_15|batch_07
zic008_aec7,20260927,3,25,8,35,batch_16|batch_05|batch_10,batch_14|batch_13|batch_12|batch_02|batch_04|batch_08|batch_15|batch_07
zic008_aec7,20260927,3,26,8,35,batch_16|batch_01|batch_03,batch_14|batch_13|batch_12|batch_02|batch_04|batch_08|batch_15|batch_07
zic008_aec7,20260927,3,27,8,35,batch_16|batch_01|batch_06,batch_14|batch_13|batch_12|batch_02|batch_04|batch_08|batch_15|batch_07
zic008_aec7,20260927,3,28,8,35,batch_16|batch_01|batch_11,batch_14|batch_13|batch_12|batch_02|batch_04|batch_08|batch_15|batch_07
zic008_aec7,20260927,3,29,8,35,batch_16|batch_01|batch_10,batch_14|batch_13|batch_12|batch_02|batch_04|batch_08|batch_15|batch_07
zic008_aec7,20260927,3,30,8,35,batch_16|batch_03|batch_06,batch_14|batch_13|batch_12|batch_02|batch_04|batch_08|batch_15|batch_07
zic008_aec7,20260927,3,31,8,35,batch_16|batch_03|batch_11,batch_14|batch_13|batch_12|batch_02|batch_04|batch_08|batch_15|batch_07
zic008_aec7,20260927,3,32,8,35,batch_16|batch_03|batch_10,batch_14|batch_13|batch_12|batch_02|batch_04|batch_08|batch_15|batch_07
zic008_aec7,20260927,3,33,8,35,batch_16|batch_06|batch_11,batch_14|batch_13|batch_12|batch_02|batch_04|batch_08|batch_15|batch_07
zic008_aec7,20260927,3,34,8,35,batch_16|batch_06|batch_10,batch_14|batch_13|batch_12|batch_02|batch_04|batch_08|batch_15|batch_07
zic008_aec7,20260927,3,35,8,35,batch_16|batch_11|batch_10,batch_14|batch_13|batch_12|batch_02|batch_04|batch_08|batch_15|batch_07
zic008_aec7,20260927,3,36,8,35,batch_05|batch_01|batch_03,batch_14|batch_13|batch_12|batch_02|batch_04|batch_08|batch_15|batch_07
zic008_aec7,20260927,3,37,8,35,batch_05|batch_01|batch_06,batch_14|batch_13|batch_12|batch_02|batch_04|batch_08|batch_15|batch_07
zic008_aec7,20260927,3,38,8,35,batch_05|batch_01|batch_11,batch_14|batch_13|batch_12|batch_02|batch_04|batch_08|batch_15|batch_07
zic008_aec7,20260927,3,39,8,35,batch_05|batch_01|batch_10,batch_14|batch_13|batch_12|batch_02|batch_04|batch_08|batch_15|batch_07
zic008_aec7,20260927,3,40,8,35,batch_05|batch_03|batch_06,batch_14|batch_13|batch_12|batch_02|batch_04|batch_08|batch_15|batch_07
zic008_aec7,20260927,3,41,8,35,batch_05|batch_03|batch_11,batch_14|batch_13|batch_12|batch_02|batch_04|batch_08|batch_15|batch_07
zic008_aec7,20260927,3,42,8,35,batch_05|batch_03|batch_10,batch_14|batch_13|batch_12|batch_02|batch_04|batch_08|batch_15|batch_07
zic008_aec7,20260927,3,43,8,35,batch_05|batch_06|batch_11,batch_14|batch_13|batch_12|batch_02|batch_04|batch_08|batch_15|batch_07
zic008_aec7,20260927,3,44,8,35,batch_05|batch_06|batch_10,batch_14|batch_13|batch_12|batch_02|batch_04|batch_08|batch_15|batch_07
zic008_aec7,20260927,3,45,8,35,batch_05|batch_11|batch_10,batch_14|batch_13|batch_12|batch_02|batch_04|batch_08|batch_15|batch_07
zic008_aec7,20260927,3,46,8,35,batch_01|batch_03|batch_06,batch_14|batch_13|batch_12|batch_02|batch_04|batch_08|batch_15|batch_07
zic008_aec7,20260927,3,47,8,35,batch_01|batch_03|batch_11,batch_14|batch_13|batch_12|batch_02|batch_04|batch_08|batch_15|batch_07
zic008_aec7,20260927,3,48,8,35,batch_01|batch_03|batch_10,batch_14|batch_13|batch_12|batch_02|batch_04|batch_08|batch_15|batch_07
zic008_aec7,20260927,3,49,8,35,batch_01|batch_06|batch_11,batch_14|batch_13|batch_12|batch_02|batch_04|batch_08|batch_15|batch_07
zic008_aec7,20260927,3,50,8,35,batch_01|batch_06|batch_10,batch_14|batch_13|batch_12|batch_02|batch_04|batch_08|batch_15|batch_07
zic008_aec7,20260927,3,51,8,35,batch_01|batch_11|batch_10,batch_14|batch_13|batch_12|batch_02|batch_04|batch_08|batch_15|batch_07
zic008_aec7,20260927,3,52,8,35,batch_03|batch_06|batch_11,batch_14|batch_13|batch_12|batch_02|batch_04|batch_08|batch_15|batch_07
zic008_aec7,20260927,3,53,8,35,batch_03|batch_06|batch_10,batch_14|batch_13|batch_12|batch_02|batch_04|batch_08|batch_15|batch_07
zic008_aec7,20260927,3,54,8,35,batch_03|batch_11|batch_10,batch_14|batch_13|batch_12|batch_02|batch_04|batch_08|batch_15|batch_07
zic008_aec7,20260927,3,55,8,35,batch_06|batch_11|batch_10,batch_14|batch_13|batch_12|batch_02|batch_04|batch_08|batch_15|batch_07
zic008_aec7,20260927,4,0,8,35,batch_09|batch_16|batch_05|batch_01,batch_14|batch_13|batch_12|batch_02|batch_04|batch_08|batch_15|batch_07
zic008_aec7,20260927,4,1,8,35,batch_09|batch_16|batch_05|batch_03,batch_14|batch_13|batch_12|batch_02|batch_04|batch_08|batch_15|batch_07
zic008_aec7,20260927,4,2,8,35,batch_09|batch_16|batch_05|batch_06,batch_14|batch_13|batch_12|batch_02|batch_04|batch_08|batch_15|batch_07
zic008_aec7,20260927,4,3,8,35,batch_09|batch_16|batch_05|batch_11,batch_14|batch_13|batch_12|batch_02|batch_04|batch_08|batch_15|batch_07
zic008_aec7,20260927,4,4,8,35,batch_09|batch_16|batch_05|batch_10,batch_14|batch_13|batch_12|batch_02|batch_04|batch_08|batch_15|batch_07
zic008_aec7,20260927,4,5,8,35,batch_09|batch_16|batch_01|batch_03,batch_14|batch_13|batch_12|batch_02|batch_04|batch_08|batch_15|batch_07
zic008_aec7,20260927,4,6,8,35,batch_09|batch_16|batch_01|batch_06,batch_14|batch_13|batch_12|batch_02|batch_04|batch_08|batch_15|batch_07
zic008_aec7,20260927,4,7,8,35,batch_09|batch_16|batch_01|batch_11,batch_14|batch_13|batch_12|batch_02|batch_04|batch_08|batch_15|batch_07
zic008_aec7,20260927,4,8,8,35,batch_09|batch_16|batch_01|batch_10,batch_14|batch_13|batch_12|batch_02|batch_04|batch_08|batch_15|batch_07
zic008_aec7,20260927,4,9,8,35,batch_09|batch_16|batch_03|batch_06,batch_14|batch_13|batch_12|batch_02|batch_04|batch_08|batch_15|batch_07
zic008_aec7,20260927,4,10,8,35,batch_09|batch_16|batch_03|batch_11,batch_14|batch_13|batch_12|batch_02|batch_04|batch_08|batch_15|batch_07
zic008_aec7,20260927,4,11,8,35,batch_09|batch_16|batch_03|batch_10,batch_14|batch_13|batch_12|batch_02|batch_04|batch_08|batch_15|batch_07
zic008_aec7,20260927,4,12,8,35,batch_09|batch_16|batch_06|batch_11,batch_14|batch_13|batch_12|batch_02|batch_04|batch_08|batch_15|batch_07
zic008_aec7,20260927,4,13,8,35,batch_09|batch_16|batch_06|batch_10,batch_14|batch_13|batch_12|batch_02|batch_04|batch_08|batch_15|batch_07
zic008_aec7,20260927,4,14,8,35,batch_09|batch_16|batch_11|batch_10,batch_14|batch_13|batch_12|batch_02|batch_04|batch_08|batch_15|batch_07
zic008_aec7,20260927,4,15,8,35,batch_09|batch_05|batch_01|batch_03,batch_14|batch_13|batch_12|batch_02|batch_04|batch_08|batch_15|batch_07
zic008_aec7,20260927,4,16,8,35,batch_09|batch_05|batch_01|batch_06,batch_14|batch_13|batch_12|batch_02|batch_04|batch_08|batch_15|batch_07
zic008_aec7,20260927,4,17,8,35,batch_09|batch_05|batch_01|batch_11,batch_14|batch_13|batch_12|batch_02|batch_04|batch_08|batch_15|batch_07
zic008_aec7,20260927,4,18,8,35,batch_09|batch_05|batch_01|batch_10,batch_14|batch_13|batch_12|batch_02|batch_04|batch_08|batch_15|batch_07
zic008_aec7,20260927,4,19,8,35,batch_09|batch_05|batch_03|batch_06,batch_14|batch_13|batch_12|batch_02|batch_04|batch_08|batch_15|batch_07
zic008_aec7,20260927,4,20,8,35,batch_09|batch_05|batch_03|batch_11,batch_14|batch_13|batch_12|batch_02|batch_04|batch_08|batch_15|batch_07
zic008_aec7,20260927,4,21,8,35,batch_09|batch_05|batch_03|batch_10,batch_14|batch_13|batch_12|batch_02|batch_04|batch_08|batch_15|batch_07
zic008_aec7,20260927,4,22,8,35,batch_09|batch_05|batch_06|batch_11,batch_14|batch_13|batch_12|batch_02|batch_04|batch_08|batch_15|batch_07
zic008_aec7,20260927,4,23,8,35,batch_09|batch_05|batch_06|batch_10,batch_14|batch_13|batch_12|batch_02|batch_04|batch_08|batch_15|batch_07
zic008_aec7,20260927,4,24,8,35,batch_09|batch_05|batch_11|batch_10,batch_14|batch_13|batch_12|batch_02|batch_04|batch_08|batch_15|batch_07
zic008_aec7,20260927,4,25,8,35,batch_09|batch_01|batch_03|batch_06,batch_14|batch_13|batch_12|batch_02|batch_04|batch_08|batch_15|batch_07
zic008_aec7,20260927,4,26,8,35,batch_09|batch_01|batch_03|batch_11,batch_14|batch_13|batch_12|batch_02|batch_04|batch_08|batch_15|batch_07
zic008_aec7,20260927,4,27,8,35,batch_09|batch_01|batch_03|batch_10,batch_14|batch_13|batch_12|batch_02|batch_04|batch_08|batch_15|batch_07
zic008_aec7,20260927,4,28,8,35,batch_09|batch_01|batch_06|batch_11,batch_14|batch_13|batch_12|batch_02|batch_04|batch_08|batch_15|batch_07
zic008_aec7,20260927,4,29,8,35,batch_09|batch_01|batch_06|batch_10,batch_14|batch_13|batch_12|batch_02|batch_04|batch_08|batch_15|batch_07
zic008_aec7,20260927,4,30,8,35,batch_09|batch_01|batch_11|batch_10,batch_14|batch_13|batch_12|batch_02|batch_04|batch_08|batch_15|batch_07
zic008_aec7,20260927,4,31,8,35,batch_09|batch_03|batch_06|batch_11,batch_14|batch_13|batch_12|batch_02|batch_04|batch_08|batch_15|batch_07
zic008_aec7,20260927,4,32,8,35,batch_09|batch_03|batch_06|batch_10,batch_14|batch_13|batch_12|batch_02|batch_04|batch_08|batch_15|batch_07
zic008_aec7,20260927,4,33,8,35,batch_09|batch_03|batch_11|batch_10,batch_14|batch_13|batch_12|batch_02|batch_04|batch_08|batch_15|batch_07
zic008_aec7,20260927,4,34,8,35,batch_09|batch_06|batch_11|batch_10,batch_14|batch_13|batch_12|batch_02|batch_04|batch_08|batch_15|batch_07
zic008_aec7,20260927,4,35,8,35,batch_16|batch_05|batch_01|batch_03,batch_14|batch_13|batch_12|batch_02|batch_04|batch_08|batch_15|batch_07
zic008_aec7,20260927,4,36,8,35,batch_16|batch_05|batch_01|batch_06,batch_14|batch_13|batch_12|batch_02|batch_04|batch_08|batch_15|batch_07
zic008_aec7,20260927,4,37,8,35,batch_16|batch_05|batch_01|batch_11,batch_14|batch_13|batch_12|batch_02|batch_04|batch_08|batch_15|batch_07
zic008_aec7,20260927,4,38,8,35,batch_16|batch_05|batch_01|batch_10,batch_14|batch_13|batch_12|batch_02|batch_04|batch_08|batch_15|batch_07
zic008_aec7,20260927,4,39,8,35,batch_16|batch_05|batch_03|batch_06,batch_14|batch_13|batch_12|batch_02|batch_04|batch_08|batch_15|batch_07
zic008_aec7,20260927,4,40,8,35,batch_16|batch_05|batch_03|batch_11,batch_14|batch_13|batch_12|batch_02|batch_04|batch_08|batch_15|batch_07
zic008_aec7,20260927,4,41,8,35,batch_16|batch_05|batch_03|batch_10,batch_14|batch_13|batch_12|batch_02|batch_04|batch_08|batch_15|batch_07
zic008_aec7,20260927,4,42,8,35,batch_16|batch_05|batch_06|batch_11,batch_14|batch_13|batch_12|batch_02|batch_04|batch_08|batch_15|batch_07
zic008_aec7,20260927,4,43,8,35,batch_16|batch_05|batch_06|batch_10,batch_14|batch_13|batch_12|batch_02|batch_04|batch_08|batch_15|batch_07
zic008_aec7,20260927,4,44,8,35,batch_16|batch_05|batch_11|batch_10,batch_14|batch_13|batch_12|batch_02|batch_04|batch_08|batch_15|batch_07
zic008_aec7,20260927,4,45,8,35,batch_16|batch_01|batch_03|batch_06,batch_14|batch_13|batch_12|batch_02|batch_04|batch_08|batch_15|batch_07
zic008_aec7,20260927,4,46,8,35,batch_16|batch_01|batch_03|batch_11,batch_14|batch_13|batch_12|batch_02|batch_04|batch_08|batch_15|batch_07
zic008_aec7,20260927,4,47,8,35,batch_16|batch_01|batch_03|batch_10,batch_14|batch_13|batch_12|batch_02|batch_04|batch_08|batch_15|batch_07
zic008_aec7,20260927,4,48,8,35,batch_16|batch_01|batch_06|batch_11,batch_14|batch_13|batch_12|batch_02|batch_04|batch_08|batch_15|batch_07
zic008_aec7,20260927,4,49,8,35,batch_16|batch_01|batch_06|batch_10,batch_14|batch_13|batch_12|batch_02|batch_04|batch_08|batch_15|batch_07
zic008_aec7,20260927,4,50,8,35,batch_16|batch_01|batch_11|batch_10,batch_14|batch_13|batch_12|batch_02|batch_04|batch_08|batch_15|batch_07
zic008_aec7,20260927,4,51,8,35,batch_16|batch_03|batch_06|batch_11,batch_14|batch_13|batch_12|batch_02|batch_04|batch_08|batch_15|batch_07
zic008_aec7,20260927,4,52,8,35,batch_16|batch_03|batch_06|batch_10,batch_14|batch_13|batch_12|batch_02|batch_04|batch_08|batch_15|batch_07
zic008_aec7,20260927,4,53,8,35,batch_16|batch_03|batch_11|batch_10,batch_14|batch_13|batch_12|batch_02|batch_04|batch_08|batch_15|batch_07
zic008_aec7,20260927,4,54,8,35,batch_16|batch_06|batch_11|batch_10,batch_14|batch_13|batch_12|batch_02|batch_04|batch_08|batch_15|batch_07
zic008_aec7,20260927,4,55,8,35,batch_05|batch_01|batch_03|batch_06,batch_14|batch_13|batch_12|batch_02|batch_04|batch_08|batch_15|batch_07
zic008_aec7,20260927,4,56,8,35,batch_05|batch_01|batch_03|batch_11,batch_14|batch_13|batch_12|batch_02|batch_04|batch_08|batch_15|batch_07
zic008_aec7,20260927,4,57,8,35,batch_05|batch_01|batch_03|batch_10,batch_14|batch_13|batch_12|batch_02|batch_04|batch_08|batch_15|batch_07
zic008_aec7,20260927,4,58,8,35,batch_05|batch_01|batch_06|batch_11,batch_14|batch_13|batch_12|batch_02|batch_04|batch_08|batch_15|batch_07
zic008_aec7,20260927,4,59,8,35,batch_05|batch_01|batch_06|batch_10,batch_14|batch_13|batch_12|batch_02|batch_04|batch_08|batch_15|batch_07
zic008_aec7,20260927,4,60,8,35,batch_05|batch_01|batch_11|batch_10,batch_14|batch_13|batch_12|batch_02|batch_04|batch_08|batch_15|batch_07
zic008_aec7,20260927,4,61,8,35,batch_05|batch_03|batch_06|batch_11,batch_14|batch_13|batch_12|batch_02|batch_04|batch_08|batch_15|batch_07
zic008_aec7,20260927,4,62,8,35,batch_05|batch_03|batch_06|batch_10,batch_14|batch_13|batch_12|batch_02|batch_04|batch_08|batch_15|batch_07
zic008_aec7,20260927,4,63,8,35,batch_05|batch_03|batch_11|batch_10,batch_14|batch_13|batch_12|batch_02|batch_04|batch_08|batch_15|batch_07
zic008_aec7,20260927,4,64,8,35,batch_05|batch_06|batch_11|batch_10,batch_14|batch_13|batch_12|batch_02|batch_04|batch_08|batch_15|batch_07
zic008_aec7,20260927,4,65,8,35,batch_01|batch_03|batch_06|batch_11,batch_14|batch_13|batch_12|batch_02|batch_04|batch_08|batch_15|batch_07
zic008_aec7,20260927,4,66,8,35,batch_01|batch_03|batch_06|batch_10,batch_14|batch_13|batch_12|batch_02|batch_04|batch_08|batch_15|batch_07
zic008_aec7,20260927,4,67,8,35,batch_01|batch_03|batch_11|batch_10,batch_14|batch_13|batch_12|batch_02|batch_04|batch_08|batch_15|batch_07
zic008_aec7,20260927,4,68,8,35,batch_01|batch_06|batch_11|batch_10,batch_14|batch_13|batch_12|batch_02|batch_04|batch_08|batch_15|batch_07
zic008_aec7,20260927,4,69,8,35,batch_03|batch_06|batch_11|batch_10,batch_14|batch_13|batch_12|batch_02|batch_04|batch_08|batch_15|batch_07
zic008_aec7,20260927,5,0,8,35,batch_09|batch_16|batch_05|batch_01|batch_03,batch_14|batch_13|batch_12|batch_02|batch_04|batch_08|batch_15|batch_07
zic008_aec7,20260927,5,1,8,35,batch_09|batch_16|batch_05|batch_01|batch_06,batch_14|batch_13|batch_12|batch_02|batch_04|batch_08|batch_15|batch_07
zic008_aec7,20260927,5,2,8,35,batch_09|batch_16|batch_05|batch_01|batch_11,batch_14|batch_13|batch_12|batch_02|batch_04|batch_08|batch_15|batch_07
zic008_aec7,20260927,5,3,8,35,batch_09|batch_16|batch_05|batch_01|batch_10,batch_14|batch_13|batch_12|batch_02|batch_04|batch_08|batch_15|batch_07
zic008_aec7,20260927,5,4,8,35,batch_09|batch_16|batch_05|batch_03|batch_06,batch_14|batch_13|batch_12|batch_02|batch_04|batch_08|batch_15|batch_07
zic008_aec7,20260927,5,5,8,35,batch_09|batch_16|batch_05|batch_03|batch_11,batch_14|batch_13|batch_12|batch_02|batch_04|batch_08|batch_15|batch_07
zic008_aec7,20260927,5,6,8,35,batch_09|batch_16|batch_05|batch_03|batch_10,batch_14|batch_13|batch_12|batch_02|batch_04|batch_08|batch_15|batch_07
zic008_aec7,20260927,5,7,8,35,batch_09|batch_16|batch_05|batch_06|batch_11,batch_14|batch_13|batch_12|batch_02|batch_04|batch_08|batch_15|batch_07
zic008_aec7,20260927,5,8,8,35,batch_09|batch_16|batch_05|batch_06|batch_10,batch_14|batch_13|batch_12|batch_02|batch_04|batch_08|batch_15|batch_07
zic008_aec7,20260927,5,9,8,35,batch_09|batch_16|batch_05|batch_11|batch_10,batch_14|batch_13|batch_12|batch_02|batch_04|batch_08|batch_15|batch_07
zic008_aec7,20260927,5,10,8,35,batch_09|batch_16|batch_01|batch_03|batch_06,batch_14|batch_13|batch_12|batch_02|batch_04|batch_08|batch_15|batch_07
zic008_aec7,20260927,5,11,8,35,batch_09|batch_16|batch_01|batch_03|batch_11,batch_14|batch_13|batch_12|batch_02|batch_04|batch_08|batch_15|batch_07
zic008_aec7,20260927,5,12,8,35,batch_09|batch_16|batch_01|batch_03|batch_10,batch_14|batch_13|batch_12|batch_02|batch_04|batch_08|batch_15|batch_07
zic008_aec7,20260927,5,13,8,35,batch_09|batch_16|batch_01|batch_06|batch_11,batch_14|batch_13|batch_12|batch_02|batch_04|batch_08|batch_15|batch_07
zic008_aec7,20260927,5,14,8,35,batch_09|batch_16|batch_01|batch_06|batch_10,batch_14|batch_13|batch_12|batch_02|batch_04|batch_08|batch_15|batch_07
zic008_aec7,20260927,5,15,8,35,batch_09|batch_16|batch_01|batch_11|batch_10,batch_14|batch_13|batch_12|batch_02|batch_04|batch_08|batch_15|batch_07
zic008_aec7,20260927,5,16,8,35,batch_09|batch_16|batch_03|batch_06|batch_11,batch_14|batch_13|batch_12|batch_02|batch_04|batch_08|batch_15|batch_07
zic008_aec7,20260927,5,17,8,35,batch_09|batch_16|batch_03|batch_06|batch_10,batch_14|batch_13|batch_12|batch_02|batch_04|batch_08|batch_15|batch_07
zic008_aec7,20260927,5,18,8,35,batch_09|batch_16|batch_03|batch_11|batch_10,batch_14|batch_13|batch_12|batch_02|batch_04|batch_08|batch_15|batch_07
zic008_aec7,20260927,5,19,8,35,batch_09|batch_16|batch_06|batch_11|batch_10,batch_14|batch_13|batch_12|batch_02|batch_04|batch_08|batch_15|batch_07
zic008_aec7,20260927,5,20,8,35,batch_09|batch_05|batch_01|batch_03|batch_06,batch_14|batch_13|batch_12|batch_02|batch_04|batch_08|batch_15|batch_07
zic008_aec7,20260927,5,21,8,35,batch_09|batch_05|batch_01|batch_03|batch_11,batch_14|batch_13|batch_12|batch_02|batch_04|batch_08|batch_15|batch_07
zic008_aec7,20260927,5,22,8,35,batch_09|batch_05|batch_01|batch_03|batch_10,batch_14|batch_13|batch_12|batch_02|batch_04|batch_08|batch_15|batch_07
zic008_aec7,20260927,5,23,8,35,batch_09|batch_05|batch_01|batch_06|batch_11,batch_14|batch_13|batch_12|batch_02|batch_04|batch_08|batch_15|batch_07
zic008_aec7,20260927,5,24,8,35,batch_09|batch_05|batch_01|batch_06|batch_10,batch_14|batch_13|batch_12|batch_02|batch_04|batch_08|batch_15|batch_07
zic008_aec7,20260927,5,25,8,35,batch_09|batch_05|batch_01|batch_11|batch_10,batch_14|batch_13|batch_12|batch_02|batch_04|batch_08|batch_15|batch_07
zic008_aec7,20260927,5,26,8,35,batch_09|batch_05|batch_03|batch_06|batch_11,batch_14|batch_13|batch_12|batch_02|batch_04|batch_08|batch_15|batch_07
zic008_aec7,20260927,5,27,8,35,batch_09|batch_05|batch_03|batch_06|batch_10,batch_14|batch_13|batch_12|batch_02|batch_04|batch_08|batch_15|batch_07
zic008_aec7,20260927,5,28,8,35,batch_09|batch_05|batch_03|batch_11|batch_10,batch_14|batch_13|batch_12|batch_02|batch_04|batch_08|batch_15|batch_07
zic008_aec7,20260927,5,29,8,35,batch_09|batch_05|batch_06|batch_11|batch_10,batch_14|batch_13|batch_12|batch_02|batch_04|batch_08|batch_15|batch_07
zic008_aec7,20260927,5,30,8,35,batch_09|batch_01|batch_03|batch_06|batch_11,batch_14|batch_13|batch_12|batch_02|batch_04|batch_08|batch_15|batch_07
zic008_aec7,20260927,5,31,8,35,batch_09|batch_01|batch_03|batch_06|batch_10,batch_14|batch_13|batch_12|batch_02|batch_04|batch_08|batch_15|batch_07
zic008_aec7,20260927,5,32,8,35,batch_09|batch_01|batch_03|batch_11|batch_10,batch_14|batch_13|batch_12|batch_02|batch_04|batch_08|batch_15|batch_07
zic008_aec7,20260927,5,33,8,35,batch_09|batch_01|batch_06|batch_11|batch_10,batch_14|batch_13|batch_12|batch_02|batch_04|batch_08|batch_15|batch_07
zic008_aec7,20260927,5,34,8,35,batch_09|batch_03|batch_06|batch_11|batch_10,batch_14|batch_13|batch_12|batch_02|batch_04|batch_08|batch_15|batch_07
zic008_aec7,20260927,5,35,8,35,batch_16|batch_05|batch_01|batch_03|batch_06,batch_14|batch_13|batch_12|batch_02|batch_04|batch_08|batch_15|batch_07
zic008_aec7,20260927,5,36,8,35,batch_16|batch_05|batch_01|batch_03|batch_11,batch_14|batch_13|batch_12|batch_02|batch_04|batch_08|batch_15|batch_07
zic008_aec7,20260927,5,37,8,35,batch_16|batch_05|batch_01|batch_03|batch_10,batch_14|batch_13|batch_12|batch_02|batch_04|batch_08|batch_15|batch_07
zic008_aec7,20260927,5,38,8,35,batch_16|batch_05|batch_01|batch_06|batch_11,batch_14|batch_13|batch_12|batch_02|batch_04|batch_08|batch_15|batch_07
zic008_aec7,20260927,5,39,8,35,batch_16|batch_05|batch_01|batch_06|batch_10,batch_14|batch_13|batch_12|batch_02|batch_04|batch_08|batch_15|batch_07
zic008_aec7,20260927,5,40,8,35,batch_16|batch_05|batch_01|batch_11|batch_10,batch_14|batch_13|batch_12|batch_02|batch_04|batch_08|batch_15|batch_07
zic008_aec7,20260927,5,41,8,35,batch_16|batch_05|batch_03|batch_06|batch_11,batch_14|batch_13|batch_12|batch_02|batch_04|batch_08|batch_15|batch_07
zic008_aec7,20260927,5,42,8,35,batch_16|batch_05|batch_03|batch_06|batch_10,batch_14|batch_13|batch_12|batch_02|batch_04|batch_08|batch_15|batch_07
zic008_aec7,20260927,5,43,8,35,batch_16|batch_05|batch_03|batch_11|batch_10,batch_14|batch_13|batch_12|batch_02|batch_04|batch_08|batch_15|batch_07
zic008_aec7,20260927,5,44,8,35,batch_16|batch_05|batch_06|batch_11|batch_10,batch_14|batch_13|batch_12|batch_02|batch_04|batch_08|batch_15|batch_07
zic008_aec7,20260927,5,45,8,35,batch_16|batch_01|batch_03|batch_06|batch_11,batch_14|batch_13|batch_12|batch_02|batch_04|batch_08|batch_15|batch_07
zic008_aec7,20260927,5,46,8,35,batch_16|batch_01|batch_03|batch_06|batch_10,batch_14|batch_13|batch_12|batch_02|batch_04|batch_08|batch_15|batch_07
zic008_aec7,20260927,5,47,8,35,batch_16|batch_01|batch_03|batch_11|batch_10,batch_14|batch_13|batch_12|batch_02|batch_04|batch_08|batch_15|batch_07
zic008_aec7,20260927,5,48,8,35,batch_16|batch_01|batch_06|batch_11|batch_10,batch_14|batch_13|batch_12|batch_02|batch_04|batch_08|batch_15|batch_07
zic008_aec7,20260927,5,49,8,35,batch_16|batch_03|batch_06|batch_11|batch_10,batch_14|batch_13|batch_12|batch_02|batch_04|batch_08|batch_15|batch_07
zic008_aec7,20260927,5,50,8,35,batch_05|batch_01|batch_03|batch_06|batch_11,batch_14|batch_13|batch_12|batch_02|batch_04|batch_08|batch_15|batch_07
zic008_aec7,20260927,5,51,8,35,batch_05|batch_01|batch_03|batch_06|batch_10,batch_14|batch_13|batch_12|batch_02|batch_04|batch_08|batch_15|batch_07
zic008_aec7,20260927,5,52,8,35,batch_05|batch_01|batch_03|batch_11|batch_10,batch_14|batch_13|batch_12|batch_02|batch_04|batch_08|batch_15|batch_07
zic008_aec7,20260927,5,53,8,35,batch_05|batch_01|batch_06|batch_11|batch_10,batch_14|batch_13|batch_12|batch_02|batch_04|batch_08|batch_15|batch_07
zic008_aec7,20260927,5,54,8,35,batch_05|batch_03|batch_06|batch_11|batch_10,batch_14|batch_13|batch_12|batch_02|batch_04|batch_08|batch_15|batch_07
zic008_aec7,20260927,5,55,8,35,batch_01|batch_03|batch_06|batch_11|batch_10,batch_14|batch_13|batch_12|batch_02|batch_04|batch_08|batch_15|batch_07
zic008_aec7,20260927,6,0,8,35,batch_09|batch_16|batch_05|batch_01|batch_03|batch_06,batch_14|batch_13|batch_12|batch_02|batch_04|batch_08|batch_15|batch_07
zic008_aec7,20260927,6,1,8,35,batch_09|batch_16|batch_05|batch_01|batch_03|batch_11,batch_14|batch_13|batch_12|batch_02|batch_04|batch_08|batch_15|batch_07
zic008_aec7,20260927,6,2,8,35,batch_09|batch_16|batch_05|batch_01|batch_03|batch_10,batch_14|batch_13|batch_12|batch_02|batch_04|batch_08|batch_15|batch_07
zic008_aec7,20260927,6,3,8,35,batch_09|batch_16|batch_05|batch_01|batch_06|batch_11,batch_14|batch_13|batch_12|batch_02|batch_04|batch_08|batch_15|batch_07
zic008_aec7,20260927,6,4,8,35,batch_09|batch_16|batch_05|batch_01|batch_06|batch_10,batch_14|batch_13|batch_12|batch_02|batch_04|batch_08|batch_15|batch_07
zic008_aec7,20260927,6,5,8,35,batch_09|batch_16|batch_05|batch_01|batch_11|batch_10,batch_14|batch_13|batch_12|batch_02|batch_04|batch_08|batch_15|batch_07
zic008_aec7,20260927,6,6,8,35,batch_09|batch_16|batch_05|batch_03|batch_06|batch_11,batch_14|batch_13|batch_12|batch_02|batch_04|batch_08|batch_15|batch_07
zic008_aec7,20260927,6,7,8,35,batch_09|batch_16|batch_05|batch_03|batch_06|batch_10,batch_14|batch_13|batch_12|batch_02|batch_04|batch_08|batch_15|batch_07
zic008_aec7,20260927,6,8,8,35,batch_09|batch_16|batch_05|batch_03|batch_11|batch_10,batch_14|batch_13|batch_12|batch_02|batch_04|batch_08|batch_15|batch_07
zic008_aec7,20260927,6,9,8,35,batch_09|batch_16|batch_05|batch_06|batch_11|batch_10,batch_14|batch_13|batch_12|batch_02|batch_04|batch_08|batch_15|batch_07
zic008_aec7,20260927,6,10,8,35,batch_09|batch_16|batch_01|batch_03|batch_06|batch_11,batch_14|batch_13|batch_12|batch_02|batch_04|batch_08|batch_15|batch_07
zic008_aec7,20260927,6,11,8,35,batch_09|batch_16|batch_01|batch_03|batch_06|batch_10,batch_14|batch_13|batch_12|batch_02|batch_04|batch_08|batch_15|batch_07
zic008_aec7,20260927,6,12,8,35,batch_09|batch_16|batch_01|batch_03|batch_11|batch_10,batch_14|batch_13|batch_12|batch_02|batch_04|batch_08|batch_15|batch_07
zic008_aec7,20260927,6,13,8,35,batch_09|batch_16|batch_01|batch_06|batch_11|batch_10,batch_14|batch_13|batch_12|batch_02|batch_04|batch_08|batch_15|batch_07
zic008_aec7,20260927,6,14,8,35,batch_09|batch_16|batch_03|batch_06|batch_11|batch_10,batch_14|batch_13|batch_12|batch_02|batch_04|batch_08|batch_15|batch_07
zic008_aec7,20260927,6,15,8,35,batch_09|batch_05|batch_01|batch_03|batch_06|batch_11,batch_14|batch_13|batch_12|batch_02|batch_04|batch_08|batch_15|batch_07
zic008_aec7,20260927,6,16,8,35,batch_09|batch_05|batch_01|batch_03|batch_06|batch_10,batch_14|batch_13|batch_12|batch_02|batch_04|batch_08|batch_15|batch_07
zic008_aec7,20260927,6,17,8,35,batch_09|batch_05|batch_01|batch_03|batch_11|batch_10,batch_14|batch_13|batch_12|batch_02|batch_04|batch_08|batch_15|batch_07
zic008_aec7,20260927,6,18,8,35,batch_09|batch_05|batch_01|batch_06|batch_11|batch_10,batch_14|batch_13|batch_12|batch_02|batch_04|batch_08|batch_15|batch_07
zic008_aec7,20260927,6,19,8,35,batch_09|batch_05|batch_03|batch_06|batch_11|batch_10,batch_14|batch_13|batch_12|batch_02|batch_04|batch_08|batch_15|batch_07
zic008_aec7,20260927,6,20,8,35,batch_09|batch_01|batch_03|batch_06|batch_11|batch_10,batch_14|batch_13|batch_12|batch_02|batch_04|batch_08|batch_15|batch_07
zic008_aec7,20260927,6,21,8,35,batch_16|batch_05|batch_01|batch_03|batch_06|batch_11,batch_14|batch_13|batch_12|batch_02|batch_04|batch_08|batch_15|batch_07
zic008_aec7,20260927,6,22,8,35,batch_16|batch_05|batch_01|batch_03|batch_06|batch_10,batch_14|batch_13|batch_12|batch_02|batch_04|batch_08|batch_15|batch_07
zic008_aec7,20260927,6,23,8,35,batch_16|batch_05|batch_01|batch_03|batch_11|batch_10,batch_14|batch_13|batch_12|batch_02|batch_04|batch_08|batch_15|batch_07
zic008_aec7,20260927,6,24,8,35,batch_16|batch_05|batch_01|batch_06|batch_11|batch_10,batch_14|batch_13|batch_12|batch_02|batch_04|batch_08|batch_15|batch_07
zic008_aec7,20260927,6,25,8,35,batch_16|batch_05|batch_03|batch_06|batch_11|batch_10,batch_14|batch_13|batch_12|batch_02|batch_04|batch_08|batch_15|batch_07
zic008_aec7,20260927,6,26,8,35,batch_16|batch_01|batch_03|batch_06|batch_11|batch_10,batch_14|batch_13|batch_12|batch_02|batch_04|batch_08|batch_15|batch_07
zic008_aec7,20260927,6,27,8,35,batch_05|batch_01|batch_03|batch_06|batch_11|batch_10,batch_14|batch_13|batch_12|batch_02|batch_04|batch_08|batch_15|batch_07
zic008_aec7,20260927,7,0,8,35,batch_09|batch_16|batch_05|batch_01|batch_03|batch_06|batch_11,batch_14|batch_13|batch_12|batch_02|batch_04|batch_08|batch_15|batch_07
zic008_aec7,20260927,7,1,8,35,batch_09|batch_16|batch_05|batch_01|batch_03|batch_06|batch_10,batch_14|batch_13|batch_12|batch_02|batch_04|batch_08|batch_15|batch_07
zic008_aec7,20260927,7,2,8,35,batch_09|batch_16|batch_05|batch_01|batch_03|batch_11|batch_10,batch_14|batch_13|batch_12|batch_02|batch_04|batch_08|batch_15|batch_07
zic008_aec7,20260927,7,3,8,35,batch_09|batch_16|batch_05|batch_01|batch_06|batch_11|batch_10,batch_14|batch_13|batch_12|batch_02|batch_04|batch_08|batch_15|batch_07
zic008_aec7,20260927,7,4,8,35,batch_09|batch_16|batch_05|batch_03|batch_06|batch_11|batch_10,batch_14|batch_13|batch_12|batch_02|batch_04|batch_08|batch_15|batch_07
zic008_aec7,20260927,7,5,8,35,batch_09|batch_16|batch_01|batch_03|batch_06|batch_11|batch_10,batch_14|batch_13|batch_12|batch_02|batch_04|batch_08|batch_15|batch_07
zic008_aec7,20260927,7,6,8,35,batch_09|batch_05|batch_01|batch_03|batch_06|batch_11|batch_10,batch_14|batch_13|batch_12|batch_02|batch_04|batch_08|batch_15|batch_07
zic008_aec7,20260927,7,7,8,35,batch_16|batch_05|batch_01|batch_03|batch_06|batch_11|batch_10,batch_14|batch_13|batch_12|batch_02|batch_04|batch_08|batch_15|batch_07
zic008_aec7,20260927,8,0,8,35,batch_09|batch_16|batch_05|batch_01|batch_03|batch_06|batch_11|batch_10,batch_14|batch_13|batch_12|batch_02|batch_04|batch_08|batch_15|batch_07
zic008_aec7,20260928,1,0,8,35,batch_12,batch_13|batch_01|batch_16|batch_08|batch_10|batch_15|batch_04|batch_14
zic008_aec7,20260928,1,1,8,35,batch_11,batch_13|batch_01|batch_16|batch_08|batch_10|batch_15|batch_04|batch_14
zic008_aec7,20260928,1,2,8,35,batch_05,batch_13|batch_01|batch_16|batch_08|batch_10|batch_15|batch_04|batch_14
zic008_aec7,20260928,1,3,8,35,batch_02,batch_13|batch_01|batch_16|batch_08|batch_10|batch_15|batch_04|batch_14
zic008_aec7,20260928,1,4,8,35,batch_09,batch_13|batch_01|batch_16|batch_08|batch_10|batch_15|batch_04|batch_14
zic008_aec7,20260928,1,5,8,35,batch_06,batch_13|batch_01|batch_16|batch_08|batch_10|batch_15|batch_04|batch_14
zic008_aec7,20260928,1,6,8,35,batch_03,batch_13|batch_01|batch_16|batch_08|batch_10|batch_15|batch_04|batch_14
zic008_aec7,20260928,1,7,8,35,batch_07,batch_13|batch_01|batch_16|batch_08|batch_10|batch_15|batch_04|batch_14
zic008_aec7,20260928,2,0,8,35,batch_12|batch_11,batch_13|batch_01|batch_16|batch_08|batch_10|batch_15|batch_04|batch_14
zic008_aec7,20260928,2,1,8,35,batch_12|batch_05,batch_13|batch_01|batch_16|batch_08|batch_10|batch_15|batch_04|batch_14
zic008_aec7,20260928,2,2,8,35,batch_12|batch_02,batch_13|batch_01|batch_16|batch_08|batch_10|batch_15|batch_04|batch_14
zic008_aec7,20260928,2,3,8,35,batch_12|batch_09,batch_13|batch_01|batch_16|batch_08|batch_10|batch_15|batch_04|batch_14
zic008_aec7,20260928,2,4,8,35,batch_12|batch_06,batch_13|batch_01|batch_16|batch_08|batch_10|batch_15|batch_04|batch_14
zic008_aec7,20260928,2,5,8,35,batch_12|batch_03,batch_13|batch_01|batch_16|batch_08|batch_10|batch_15|batch_04|batch_14
zic008_aec7,20260928,2,6,8,35,batch_12|batch_07,batch_13|batch_01|batch_16|batch_08|batch_10|batch_15|batch_04|batch_14
zic008_aec7,20260928,2,7,8,35,batch_11|batch_05,batch_13|batch_01|batch_16|batch_08|batch_10|batch_15|batch_04|batch_14
zic008_aec7,20260928,2,8,8,35,batch_11|batch_02,batch_13|batch_01|batch_16|batch_08|batch_10|batch_15|batch_04|batch_14
zic008_aec7,20260928,2,9,8,35,batch_11|batch_09,batch_13|batch_01|batch_16|batch_08|batch_10|batch_15|batch_04|batch_14
zic008_aec7,20260928,2,10,8,35,batch_11|batch_06,batch_13|batch_01|batch_16|batch_08|batch_10|batch_15|batch_04|batch_14
zic008_aec7,20260928,2,11,8,35,batch_11|batch_03,batch_13|batch_01|batch_16|batch_08|batch_10|batch_15|batch_04|batch_14
zic008_aec7,20260928,2,12,8,35,batch_11|batch_07,batch_13|batch_01|batch_16|batch_08|batch_10|batch_15|batch_04|batch_14
zic008_aec7,20260928,2,13,8,35,batch_05|batch_02,batch_13|batch_01|batch_16|batch_08|batch_10|batch_15|batch_04|batch_14
zic008_aec7,20260928,2,14,8,35,batch_05|batch_09,batch_13|batch_01|batch_16|batch_08|batch_10|batch_15|batch_04|batch_14
zic008_aec7,20260928,2,15,8,35,batch_05|batch_06,batch_13|batch_01|batch_16|batch_08|batch_10|batch_15|batch_04|batch_14
zic008_aec7,20260928,2,16,8,35,batch_05|batch_03,batch_13|batch_01|batch_16|batch_08|batch_10|batch_15|batch_04|batch_14
zic008_aec7,20260928,2,17,8,35,batch_05|batch_07,batch_13|batch_01|batch_16|batch_08|batch_10|batch_15|batch_04|batch_14
zic008_aec7,20260928,2,18,8,35,batch_02|batch_09,batch_13|batch_01|batch_16|batch_08|batch_10|batch_15|batch_04|batch_14
zic008_aec7,20260928,2,19,8,35,batch_02|batch_06,batch_13|batch_01|batch_16|batch_08|batch_10|batch_15|batch_04|batch_14
zic008_aec7,20260928,2,20,8,35,batch_02|batch_03,batch_13|batch_01|batch_16|batch_08|batch_10|batch_15|batch_04|batch_14
zic008_aec7,20260928,2,21,8,35,batch_02|batch_07,batch_13|batch_01|batch_16|batch_08|batch_10|batch_15|batch_04|batch_14
zic008_aec7,20260928,2,22,8,35,batch_09|batch_06,batch_13|batch_01|batch_16|batch_08|batch_10|batch_15|batch_04|batch_14
zic008_aec7,20260928,2,23,8,35,batch_09|batch_03,batch_13|batch_01|batch_16|batch_08|batch_10|batch_15|batch_04|batch_14
zic008_aec7,20260928,2,24,8,35,batch_09|batch_07,batch_13|batch_01|batch_16|batch_08|batch_10|batch_15|batch_04|batch_14
zic008_aec7,20260928,2,25,8,35,batch_06|batch_03,batch_13|batch_01|batch_16|batch_08|batch_10|batch_15|batch_04|batch_14
zic008_aec7,20260928,2,26,8,35,batch_06|batch_07,batch_13|batch_01|batch_16|batch_08|batch_10|batch_15|batch_04|batch_14
zic008_aec7,20260928,2,27,8,35,batch_03|batch_07,batch_13|batch_01|batch_16|batch_08|batch_10|batch_15|batch_04|batch_14
zic008_aec7,20260928,3,0,8,35,batch_12|batch_11|batch_05,batch_13|batch_01|batch_16|batch_08|batch_10|batch_15|batch_04|batch_14
zic008_aec7,20260928,3,1,8,35,batch_12|batch_11|batch_02,batch_13|batch_01|batch_16|batch_08|batch_10|batch_15|batch_04|batch_14
zic008_aec7,20260928,3,2,8,35,batch_12|batch_11|batch_09,batch_13|batch_01|batch_16|batch_08|batch_10|batch_15|batch_04|batch_14
zic008_aec7,20260928,3,3,8,35,batch_12|batch_11|batch_06,batch_13|batch_01|batch_16|batch_08|batch_10|batch_15|batch_04|batch_14
zic008_aec7,20260928,3,4,8,35,batch_12|batch_11|batch_03,batch_13|batch_01|batch_16|batch_08|batch_10|batch_15|batch_04|batch_14
zic008_aec7,20260928,3,5,8,35,batch_12|batch_11|batch_07,batch_13|batch_01|batch_16|batch_08|batch_10|batch_15|batch_04|batch_14
zic008_aec7,20260928,3,6,8,35,batch_12|batch_05|batch_02,batch_13|batch_01|batch_16|batch_08|batch_10|batch_15|batch_04|batch_14
zic008_aec7,20260928,3,7,8,35,batch_12|batch_05|batch_09,batch_13|batch_01|batch_16|batch_08|batch_10|batch_15|batch_04|batch_14
zic008_aec7,20260928,3,8,8,35,batch_12|batch_05|batch_06,batch_13|batch_01|batch_16|batch_08|batch_10|batch_15|batch_04|batch_14
zic008_aec7,20260928,3,9,8,35,batch_12|batch_05|batch_03,batch_13|batch_01|batch_16|batch_08|batch_10|batch_15|batch_04|batch_14
zic008_aec7,20260928,3,10,8,35,batch_12|batch_05|batch_07,batch_13|batch_01|batch_16|batch_08|batch_10|batch_15|batch_04|batch_14
zic008_aec7,20260928,3,11,8,35,batch_12|batch_02|batch_09,batch_13|batch_01|batch_16|batch_08|batch_10|batch_15|batch_04|batch_14
zic008_aec7,20260928,3,12,8,35,batch_12|batch_02|batch_06,batch_13|batch_01|batch_16|batch_08|batch_10|batch_15|batch_04|batch_14
zic008_aec7,20260928,3,13,8,35,batch_12|batch_02|batch_03,batch_13|batch_01|batch_16|batch_08|batch_10|batch_15|batch_04|batch_14
zic008_aec7,20260928,3,14,8,35,batch_12|batch_02|batch_07,batch_13|batch_01|batch_16|batch_08|batch_10|batch_15|batch_04|batch_14
zic008_aec7,20260928,3,15,8,35,batch_12|batch_09|batch_06,batch_13|batch_01|batch_16|batch_08|batch_10|batch_15|batch_04|batch_14
zic008_aec7,20260928,3,16,8,35,batch_12|batch_09|batch_03,batch_13|batch_01|batch_16|batch_08|batch_10|batch_15|batch_04|batch_14
zic008_aec7,20260928,3,17,8,35,batch_12|batch_09|batch_07,batch_13|batch_01|batch_16|batch_08|batch_10|batch_15|batch_04|batch_14
zic008_aec7,20260928,3,18,8,35,batch_12|batch_06|batch_03,batch_13|batch_01|batch_16|batch_08|batch_10|batch_15|batch_04|batch_14
zic008_aec7,20260928,3,19,8,35,batch_12|batch_06|batch_07,batch_13|batch_01|batch_16|batch_08|batch_10|batch_15|batch_04|batch_14
zic008_aec7,20260928,3,20,8,35,batch_12|batch_03|batch_07,batch_13|batch_01|batch_16|batch_08|batch_10|batch_15|batch_04|batch_14
zic008_aec7,20260928,3,21,8,35,batch_11|batch_05|batch_02,batch_13|batch_01|batch_16|batch_08|batch_10|batch_15|batch_04|batch_14
zic008_aec7,20260928,3,22,8,35,batch_11|batch_05|batch_09,batch_13|batch_01|batch_16|batch_08|batch_10|batch_15|batch_04|batch_14
zic008_aec7,20260928,3,23,8,35,batch_11|batch_05|batch_06,batch_13|batch_01|batch_16|batch_08|batch_10|batch_15|batch_04|batch_14
zic008_aec7,20260928,3,24,8,35,batch_11|batch_05|batch_03,batch_13|batch_01|batch_16|batch_08|batch_10|batch_15|batch_04|batch_14
zic008_aec7,20260928,3,25,8,35,batch_11|batch_05|batch_07,batch_13|batch_01|batch_16|batch_08|batch_10|batch_15|batch_04|batch_14
zic008_aec7,20260928,3,26,8,35,batch_11|batch_02|batch_09,batch_13|batch_01|batch_16|batch_08|batch_10|batch_15|batch_04|batch_14
zic008_aec7,20260928,3,27,8,35,batch_11|batch_02|batch_06,batch_13|batch_01|batch_16|batch_08|batch_10|batch_15|batch_04|batch_14
zic008_aec7,20260928,3,28,8,35,batch_11|batch_02|batch_03,batch_13|batch_01|batch_16|batch_08|batch_10|batch_15|batch_04|batch_14
zic008_aec7,20260928,3,29,8,35,batch_11|batch_02|batch_07,batch_13|batch_01|batch_16|batch_08|batch_10|batch_15|batch_04|batch_14
zic008_aec7,20260928,3,30,8,35,batch_11|batch_09|batch_06,batch_13|batch_01|batch_16|batch_08|batch_10|batch_15|batch_04|batch_14
zic008_aec7,20260928,3,31,8,35,batch_11|batch_09|batch_03,batch_13|batch_01|batch_16|batch_08|batch_10|batch_15|batch_04|batch_14
zic008_aec7,20260928,3,32,8,35,batch_11|batch_09|batch_07,batch_13|batch_01|batch_16|batch_08|batch_10|batch_15|batch_04|batch_14
zic008_aec7,20260928,3,33,8,35,batch_11|batch_06|batch_03,batch_13|batch_01|batch_16|batch_08|batch_10|batch_15|batch_04|batch_14
zic008_aec7,20260928,3,34,8,35,batch_11|batch_06|batch_07,batch_13|batch_01|batch_16|batch_08|batch_10|batch_15|batch_04|batch_14
zic008_aec7,20260928,3,35,8,35,batch_11|batch_03|batch_07,batch_13|batch_01|batch_16|batch_08|batch_10|batch_15|batch_04|batch_14
zic008_aec7,20260928,3,36,8,35,batch_05|batch_02|batch_09,batch_13|batch_01|batch_16|batch_08|batch_10|batch_15|batch_04|batch_14
zic008_aec7,20260928,3,37,8,35,batch_05|batch_02|batch_06,batch_13|batch_01|batch_16|batch_08|batch_10|batch_15|batch_04|batch_14
zic008_aec7,20260928,3,38,8,35,batch_05|batch_02|batch_03,batch_13|batch_01|batch_16|batch_08|batch_10|batch_15|batch_04|batch_14
zic008_aec7,20260928,3,39,8,35,batch_05|batch_02|batch_07,batch_13|batch_01|batch_16|batch_08|batch_10|batch_15|batch_04|batch_14
zic008_aec7,20260928,3,40,8,35,batch_05|batch_09|batch_06,batch_13|batch_01|batch_16|batch_08|batch_10|batch_15|batch_04|batch_14
zic008_aec7,20260928,3,41,8,35,batch_05|batch_09|batch_03,batch_13|batch_01|batch_16|batch_08|batch_10|batch_15|batch_04|batch_14
zic008_aec7,20260928,3,42,8,35,batch_05|batch_09|batch_07,batch_13|batch_01|batch_16|batch_08|batch_10|batch_15|batch_04|batch_14
zic008_aec7,20260928,3,43,8,35,batch_05|batch_06|batch_03,batch_13|batch_01|batch_16|batch_08|batch_10|batch_15|batch_04|batch_14
zic008_aec7,20260928,3,44,8,35,batch_05|batch_06|batch_07,batch_13|batch_01|batch_16|batch_08|batch_10|batch_15|batch_04|batch_14
zic008_aec7,20260928,3,45,8,35,batch_05|batch_03|batch_07,batch_13|batch_01|batch_16|batch_08|batch_10|batch_15|batch_04|batch_14
zic008_aec7,20260928,3,46,8,35,batch_02|batch_09|batch_06,batch_13|batch_01|batch_16|batch_08|batch_10|batch_15|batch_04|batch_14
zic008_aec7,20260928,3,47,8,35,batch_02|batch_09|batch_03,batch_13|batch_01|batch_16|batch_08|batch_10|batch_15|batch_04|batch_14
zic008_aec7,20260928,3,48,8,35,batch_02|batch_09|batch_07,batch_13|batch_01|batch_16|batch_08|batch_10|batch_15|batch_04|batch_14
zic008_aec7,20260928,3,49,8,35,batch_02|batch_06|batch_03,batch_13|batch_01|batch_16|batch_08|batch_10|batch_15|batch_04|batch_14
zic008_aec7,20260928,3,50,8,35,batch_02|batch_06|batch_07,batch_13|batch_01|batch_16|batch_08|batch_10|batch_15|batch_04|batch_14
zic008_aec7,20260928,3,51,8,35,batch_02|batch_03|batch_07,batch_13|batch_01|batch_16|batch_08|batch_10|batch_15|batch_04|batch_14
zic008_aec7,20260928,3,52,8,35,batch_09|batch_06|batch_03,batch_13|batch_01|batch_16|batch_08|batch_10|batch_15|batch_04|batch_14
zic008_aec7,20260928,3,53,8,35,batch_09|batch_06|batch_07,batch_13|batch_01|batch_16|batch_08|batch_10|batch_15|batch_04|batch_14
zic008_aec7,20260928,3,54,8,35,batch_09|batch_03|batch_07,batch_13|batch_01|batch_16|batch_08|batch_10|batch_15|batch_04|batch_14
zic008_aec7,20260928,3,55,8,35,batch_06|batch_03|batch_07,batch_13|batch_01|batch_16|batch_08|batch_10|batch_15|batch_04|batch_14
zic008_aec7,20260928,4,0,8,35,batch_12|batch_11|batch_05|batch_02,batch_13|batch_01|batch_16|batch_08|batch_10|batch_15|batch_04|batch_14
zic008_aec7,20260928,4,1,8,35,batch_12|batch_11|batch_05|batch_09,batch_13|batch_01|batch_16|batch_08|batch_10|batch_15|batch_04|batch_14
zic008_aec7,20260928,4,2,8,35,batch_12|batch_11|batch_05|batch_06,batch_13|batch_01|batch_16|batch_08|batch_10|batch_15|batch_04|batch_14
zic008_aec7,20260928,4,3,8,35,batch_12|batch_11|batch_05|batch_03,batch_13|batch_01|batch_16|batch_08|batch_10|batch_15|batch_04|batch_14
zic008_aec7,20260928,4,4,8,35,batch_12|batch_11|batch_05|batch_07,batch_13|batch_01|batch_16|batch_08|batch_10|batch_15|batch_04|batch_14
zic008_aec7,20260928,4,5,8,35,batch_12|batch_11|batch_02|batch_09,batch_13|batch_01|batch_16|batch_08|batch_10|batch_15|batch_04|batch_14
zic008_aec7,20260928,4,6,8,35,batch_12|batch_11|batch_02|batch_06,batch_13|batch_01|batch_16|batch_08|batch_10|batch_15|batch_04|batch_14
zic008_aec7,20260928,4,7,8,35,batch_12|batch_11|batch_02|batch_03,batch_13|batch_01|batch_16|batch_08|batch_10|batch_15|batch_04|batch_14
zic008_aec7,20260928,4,8,8,35,batch_12|batch_11|batch_02|batch_07,batch_13|batch_01|batch_16|batch_08|batch_10|batch_15|batch_04|batch_14
zic008_aec7,20260928,4,9,8,35,batch_12|batch_11|batch_09|batch_06,batch_13|batch_01|batch_16|batch_08|batch_10|batch_15|batch_04|batch_14
zic008_aec7,20260928,4,10,8,35,batch_12|batch_11|batch_09|batch_03,batch_13|batch_01|batch_16|batch_08|batch_10|batch_15|batch_04|batch_14
zic008_aec7,20260928,4,11,8,35,batch_12|batch_11|batch_09|batch_07,batch_13|batch_01|batch_16|batch_08|batch_10|batch_15|batch_04|batch_14
zic008_aec7,20260928,4,12,8,35,batch_12|batch_11|batch_06|batch_03,batch_13|batch_01|batch_16|batch_08|batch_10|batch_15|batch_04|batch_14
zic008_aec7,20260928,4,13,8,35,batch_12|batch_11|batch_06|batch_07,batch_13|batch_01|batch_16|batch_08|batch_10|batch_15|batch_04|batch_14
zic008_aec7,20260928,4,14,8,35,batch_12|batch_11|batch_03|batch_07,batch_13|batch_01|batch_16|batch_08|batch_10|batch_15|batch_04|batch_14
zic008_aec7,20260928,4,15,8,35,batch_12|batch_05|batch_02|batch_09,batch_13|batch_01|batch_16|batch_08|batch_10|batch_15|batch_04|batch_14
zic008_aec7,20260928,4,16,8,35,batch_12|batch_05|batch_02|batch_06,batch_13|batch_01|batch_16|batch_08|batch_10|batch_15|batch_04|batch_14
zic008_aec7,20260928,4,17,8,35,batch_12|batch_05|batch_02|batch_03,batch_13|batch_01|batch_16|batch_08|batch_10|batch_15|batch_04|batch_14
zic008_aec7,20260928,4,18,8,35,batch_12|batch_05|batch_02|batch_07,batch_13|batch_01|batch_16|batch_08|batch_10|batch_15|batch_04|batch_14
zic008_aec7,20260928,4,19,8,35,batch_12|batch_05|batch_09|batch_06,batch_13|batch_01|batch_16|batch_08|batch_10|batch_15|batch_04|batch_14
zic008_aec7,20260928,4,20,8,35,batch_12|batch_05|batch_09|batch_03,batch_13|batch_01|batch_16|batch_08|batch_10|batch_15|batch_04|batch_14
zic008_aec7,20260928,4,21,8,35,batch_12|batch_05|batch_09|batch_07,batch_13|batch_01|batch_16|batch_08|batch_10|batch_15|batch_04|batch_14
zic008_aec7,20260928,4,22,8,35,batch_12|batch_05|batch_06|batch_03,batch_13|batch_01|batch_16|batch_08|batch_10|batch_15|batch_04|batch_14
zic008_aec7,20260928,4,23,8,35,batch_12|batch_05|batch_06|batch_07,batch_13|batch_01|batch_16|batch_08|batch_10|batch_15|batch_04|batch_14
zic008_aec7,20260928,4,24,8,35,batch_12|batch_05|batch_03|batch_07,batch_13|batch_01|batch_16|batch_08|batch_10|batch_15|batch_04|batch_14
zic008_aec7,20260928,4,25,8,35,batch_12|batch_02|batch_09|batch_06,batch_13|batch_01|batch_16|batch_08|batch_10|batch_15|batch_04|batch_14
zic008_aec7,20260928,4,26,8,35,batch_12|batch_02|batch_09|batch_03,batch_13|batch_01|batch_16|batch_08|batch_10|batch_15|batch_04|batch_14
zic008_aec7,20260928,4,27,8,35,batch_12|batch_02|batch_09|batch_07,batch_13|batch_01|batch_16|batch_08|batch_10|batch_15|batch_04|batch_14
zic008_aec7,20260928,4,28,8,35,batch_12|batch_02|batch_06|batch_03,batch_13|batch_01|batch_16|batch_08|batch_10|batch_15|batch_04|batch_14
zic008_aec7,20260928,4,29,8,35,batch_12|batch_02|batch_06|batch_07,batch_13|batch_01|batch_16|batch_08|batch_10|batch_15|batch_04|batch_14
zic008_aec7,20260928,4,30,8,35,batch_12|batch_02|batch_03|batch_07,batch_13|batch_01|batch_16|batch_08|batch_10|batch_15|batch_04|batch_14
zic008_aec7,20260928,4,31,8,35,batch_12|batch_09|batch_06|batch_03,batch_13|batch_01|batch_16|batch_08|batch_10|batch_15|batch_04|batch_14
zic008_aec7,20260928,4,32,8,35,batch_12|batch_09|batch_06|batch_07,batch_13|batch_01|batch_16|batch_08|batch_10|batch_15|batch_04|batch_14
zic008_aec7,20260928,4,33,8,35,batch_12|batch_09|batch_03|batch_07,batch_13|batch_01|batch_16|batch_08|batch_10|batch_15|batch_04|batch_14
zic008_aec7,20260928,4,34,8,35,batch_12|batch_06|batch_03|batch_07,batch_13|batch_01|batch_16|batch_08|batch_10|batch_15|batch_04|batch_14
zic008_aec7,20260928,4,35,8,35,batch_11|batch_05|batch_02|batch_09,batch_13|batch_01|batch_16|batch_08|batch_10|batch_15|batch_04|batch_14
zic008_aec7,20260928,4,36,8,35,batch_11|batch_05|batch_02|batch_06,batch_13|batch_01|batch_16|batch_08|batch_10|batch_15|batch_04|batch_14
zic008_aec7,20260928,4,37,8,35,batch_11|batch_05|batch_02|batch_03,batch_13|batch_01|batch_16|batch_08|batch_10|batch_15|batch_04|batch_14
zic008_aec7,20260928,4,38,8,35,batch_11|batch_05|batch_02|batch_07,batch_13|batch_01|batch_16|batch_08|batch_10|batch_15|batch_04|batch_14
zic008_aec7,20260928,4,39,8,35,batch_11|batch_05|batch_09|batch_06,batch_13|batch_01|batch_16|batch_08|batch_10|batch_15|batch_04|batch_14
zic008_aec7,20260928,4,40,8,35,batch_11|batch_05|batch_09|batch_03,batch_13|batch_01|batch_16|batch_08|batch_10|batch_15|batch_04|batch_14
zic008_aec7,20260928,4,41,8,35,batch_11|batch_05|batch_09|batch_07,batch_13|batch_01|batch_16|batch_08|batch_10|batch_15|batch_04|batch_14
zic008_aec7,20260928,4,42,8,35,batch_11|batch_05|batch_06|batch_03,batch_13|batch_01|batch_16|batch_08|batch_10|batch_15|batch_04|batch_14
zic008_aec7,20260928,4,43,8,35,batch_11|batch_05|batch_06|batch_07,batch_13|batch_01|batch_16|batch_08|batch_10|batch_15|batch_04|batch_14
zic008_aec7,20260928,4,44,8,35,batch_11|batch_05|batch_03|batch_07,batch_13|batch_01|batch_16|batch_08|batch_10|batch_15|batch_04|batch_14
zic008_aec7,20260928,4,45,8,35,batch_11|batch_02|batch_09|batch_06,batch_13|batch_01|batch_16|batch_08|batch_10|batch_15|batch_04|batch_14
zic008_aec7,20260928,4,46,8,35,batch_11|batch_02|batch_09|batch_03,batch_13|batch_01|batch_16|batch_08|batch_10|batch_15|batch_04|batch_14
zic008_aec7,20260928,4,47,8,35,batch_11|batch_02|batch_09|batch_07,batch_13|batch_01|batch_16|batch_08|batch_10|batch_15|batch_04|batch_14
zic008_aec7,20260928,4,48,8,35,batch_11|batch_02|batch_06|batch_03,batch_13|batch_01|batch_16|batch_08|batch_10|batch_15|batch_04|batch_14
zic008_aec7,20260928,4,49,8,35,batch_11|batch_02|batch_06|batch_07,batch_13|batch_01|batch_16|batch_08|batch_10|batch_15|batch_04|batch_14
zic008_aec7,20260928,4,50,8,35,batch_11|batch_02|batch_03|batch_07,batch_13|batch_01|batch_16|batch_08|batch_10|batch_15|batch_04|batch_14
zic008_aec7,20260928,4,51,8,35,batch_11|batch_09|batch_06|batch_03,batch_13|batch_01|batch_16|batch_08|batch_10|batch_15|batch_04|batch_14
zic008_aec7,20260928,4,52,8,35,batch_11|batch_09|batch_06|batch_07,batch_13|batch_01|batch_16|batch_08|batch_10|batch_15|batch_04|batch_14
zic008_aec7,20260928,4,53,8,35,batch_11|batch_09|batch_03|batch_07,batch_13|batch_01|batch_16|batch_08|batch_10|batch_15|batch_04|batch_14
zic008_aec7,20260928,4,54,8,35,batch_11|batch_06|batch_03|batch_07,batch_13|batch_01|batch_16|batch_08|batch_10|batch_15|batch_04|batch_14
zic008_aec7,20260928,4,55,8,35,batch_05|batch_02|batch_09|batch_06,batch_13|batch_01|batch_16|batch_08|batch_10|batch_15|batch_04|batch_14
zic008_aec7,20260928,4,56,8,35,batch_05|batch_02|batch_09|batch_03,batch_13|batch_01|batch_16|batch_08|batch_10|batch_15|batch_04|batch_14
zic008_aec7,20260928,4,57,8,35,batch_05|batch_02|batch_09|batch_07,batch_13|batch_01|batch_16|batch_08|batch_10|batch_15|batch_04|batch_14
zic008_aec7,20260928,4,58,8,35,batch_05|batch_02|batch_06|batch_03,batch_13|batch_01|batch_16|batch_08|batch_10|batch_15|batch_04|batch_14
zic008_aec7,20260928,4,59,8,35,batch_05|batch_02|batch_06|batch_07,batch_13|batch_01|batch_16|batch_08|batch_10|batch_15|batch_04|batch_14
zic008_aec7,20260928,4,60,8,35,batch_05|batch_02|batch_03|batch_07,batch_13|batch_01|batch_16|batch_08|batch_10|batch_15|batch_04|batch_14
zic008_aec7,20260928,4,61,8,35,batch_05|batch_09|batch_06|batch_03,batch_13|batch_01|batch_16|batch_08|batch_10|batch_15|batch_04|batch_14
zic008_aec7,20260928,4,62,8,35,batch_05|batch_09|batch_06|batch_07,batch_13|batch_01|batch_16|batch_08|batch_10|batch_15|batch_04|batch_14
zic008_aec7,20260928,4,63,8,35,batch_05|batch_09|batch_03|batch_07,batch_13|batch_01|batch_16|batch_08|batch_10|batch_15|batch_04|batch_14
zic008_aec7,20260928,4,64,8,35,batch_05|batch_06|batch_03|batch_07,batch_13|batch_01|batch_16|batch_08|batch_10|batch_15|batch_04|batch_14
zic008_aec7,20260928,4,65,8,35,batch_02|batch_09|batch_06|batch_03,batch_13|batch_01|batch_16|batch_08|batch_10|batch_15|batch_04|batch_14
zic008_aec7,20260928,4,66,8,35,batch_02|batch_09|batch_06|batch_07,batch_13|batch_01|batch_16|batch_08|batch_10|batch_15|batch_04|batch_14
zic008_aec7,20260928,4,67,8,35,batch_02|batch_09|batch_03|batch_07,batch_13|batch_01|batch_16|batch_08|batch_10|batch_15|batch_04|batch_14
zic008_aec7,20260928,4,68,8,35,batch_02|batch_06|batch_03|batch_07,batch_13|batch_01|batch_16|batch_08|batch_10|batch_15|batch_04|batch_14
zic008_aec7,20260928,4,69,8,35,batch_09|batch_06|batch_03|batch_07,batch_13|batch_01|batch_16|batch_08|batch_10|batch_15|batch_04|batch_14
zic008_aec7,20260928,5,0,8,35,batch_12|batch_11|batch_05|batch_02|batch_09,batch_13|batch_01|batch_16|batch_08|batch_10|batch_15|batch_04|batch_14
zic008_aec7,20260928,5,1,8,35,batch_12|batch_11|batch_05|batch_02|batch_06,batch_13|batch_01|batch_16|batch_08|batch_10|batch_15|batch_04|batch_14
zic008_aec7,20260928,5,2,8,35,batch_12|batch_11|batch_05|batch_02|batch_03,batch_13|batch_01|batch_16|batch_08|batch_10|batch_15|batch_04|batch_14
zic008_aec7,20260928,5,3,8,35,batch_12|batch_11|batch_05|batch_02|batch_07,batch_13|batch_01|batch_16|batch_08|batch_10|batch_15|batch_04|batch_14
zic008_aec7,20260928,5,4,8,35,batch_12|batch_11|batch_05|batch_09|batch_06,batch_13|batch_01|batch_16|batch_08|batch_10|batch_15|batch_04|batch_14
zic008_aec7,20260928,5,5,8,35,batch_12|batch_11|batch_05|batch_09|batch_03,batch_13|batch_01|batch_16|batch_08|batch_10|batch_15|batch_04|batch_14
zic008_aec7,20260928,5,6,8,35,batch_12|batch_11|batch_05|batch_09|batch_07,batch_13|batch_01|batch_16|batch_08|batch_10|batch_15|batch_04|batch_14
zic008_aec7,20260928,5,7,8,35,batch_12|batch_11|batch_05|batch_06|batch_03,batch_13|batch_01|batch_16|batch_08|batch_10|batch_15|batch_04|batch_14
zic008_aec7,20260928,5,8,8,35,batch_12|batch_11|batch_05|batch_06|batch_07,batch_13|batch_01|batch_16|batch_08|batch_10|batch_15|batch_04|batch_14
zic008_aec7,20260928,5,9,8,35,batch_12|batch_11|batch_05|batch_03|batch_07,batch_13|batch_01|batch_16|batch_08|batch_10|batch_15|batch_04|batch_14
zic008_aec7,20260928,5,10,8,35,batch_12|batch_11|batch_02|batch_09|batch_06,batch_13|batch_01|batch_16|batch_08|batch_10|batch_15|batch_04|batch_14
zic008_aec7,20260928,5,11,8,35,batch_12|batch_11|batch_02|batch_09|batch_03,batch_13|batch_01|batch_16|batch_08|batch_10|batch_15|batch_04|batch_14
zic008_aec7,20260928,5,12,8,35,batch_12|batch_11|batch_02|batch_09|batch_07,batch_13|batch_01|batch_16|batch_08|batch_10|batch_15|batch_04|batch_14
zic008_aec7,20260928,5,13,8,35,batch_12|batch_11|batch_02|batch_06|batch_03,batch_13|batch_01|batch_16|batch_08|batch_10|batch_15|batch_04|batch_14
zic008_aec7,20260928,5,14,8,35,batch_12|batch_11|batch_02|batch_06|batch_07,batch_13|batch_01|batch_16|batch_08|batch_10|batch_15|batch_04|batch_14
zic008_aec7,20260928,5,15,8,35,batch_12|batch_11|batch_02|batch_03|batch_07,batch_13|batch_01|batch_16|batch_08|batch_10|batch_15|batch_04|batch_14
zic008_aec7,20260928,5,16,8,35,batch_12|batch_11|batch_09|batch_06|batch_03,batch_13|batch_01|batch_16|batch_08|batch_10|batch_15|batch_04|batch_14
zic008_aec7,20260928,5,17,8,35,batch_12|batch_11|batch_09|batch_06|batch_07,batch_13|batch_01|batch_16|batch_08|batch_10|batch_15|batch_04|batch_14
zic008_aec7,20260928,5,18,8,35,batch_12|batch_11|batch_09|batch_03|batch_07,batch_13|batch_01|batch_16|batch_08|batch_10|batch_15|batch_04|batch_14
zic008_aec7,20260928,5,19,8,35,batch_12|batch_11|batch_06|batch_03|batch_07,batch_13|batch_01|batch_16|batch_08|batch_10|batch_15|batch_04|batch_14
zic008_aec7,20260928,5,20,8,35,batch_12|batch_05|batch_02|batch_09|batch_06,batch_13|batch_01|batch_16|batch_08|batch_10|batch_15|batch_04|batch_14
zic008_aec7,20260928,5,21,8,35,batch_12|batch_05|batch_02|batch_09|batch_03,batch_13|batch_01|batch_16|batch_08|batch_10|batch_15|batch_04|batch_14
zic008_aec7,20260928,5,22,8,35,batch_12|batch_05|batch_02|batch_09|batch_07,batch_13|batch_01|batch_16|batch_08|batch_10|batch_15|batch_04|batch_14
zic008_aec7,20260928,5,23,8,35,batch_12|batch_05|batch_02|batch_06|batch_03,batch_13|batch_01|batch_16|batch_08|batch_10|batch_15|batch_04|batch_14
zic008_aec7,20260928,5,24,8,35,batch_12|batch_05|batch_02|batch_06|batch_07,batch_13|batch_01|batch_16|batch_08|batch_10|batch_15|batch_04|batch_14
zic008_aec7,20260928,5,25,8,35,batch_12|batch_05|batch_02|batch_03|batch_07,batch_13|batch_01|batch_16|batch_08|batch_10|batch_15|batch_04|batch_14
zic008_aec7,20260928,5,26,8,35,batch_12|batch_05|batch_09|batch_06|batch_03,batch_13|batch_01|batch_16|batch_08|batch_10|batch_15|batch_04|batch_14
zic008_aec7,20260928,5,27,8,35,batch_12|batch_05|batch_09|batch_06|batch_07,batch_13|batch_01|batch_16|batch_08|batch_10|batch_15|batch_04|batch_14
zic008_aec7,20260928,5,28,8,35,batch_12|batch_05|batch_09|batch_03|batch_07,batch_13|batch_01|batch_16|batch_08|batch_10|batch_15|batch_04|batch_14
zic008_aec7,20260928,5,29,8,35,batch_12|batch_05|batch_06|batch_03|batch_07,batch_13|batch_01|batch_16|batch_08|batch_10|batch_15|batch_04|batch_14
zic008_aec7,20260928,5,30,8,35,batch_12|batch_02|batch_09|batch_06|batch_03,batch_13|batch_01|batch_16|batch_08|batch_10|batch_15|batch_04|batch_14
zic008_aec7,20260928,5,31,8,35,batch_12|batch_02|batch_09|batch_06|batch_07,batch_13|batch_01|batch_16|batch_08|batch_10|batch_15|batch_04|batch_14
zic008_aec7,20260928,5,32,8,35,batch_12|batch_02|batch_09|batch_03|batch_07,batch_13|batch_01|batch_16|batch_08|batch_10|batch_15|batch_04|batch_14
zic008_aec7,20260928,5,33,8,35,batch_12|batch_02|batch_06|batch_03|batch_07,batch_13|batch_01|batch_16|batch_08|batch_10|batch_15|batch_04|batch_14
zic008_aec7,20260928,5,34,8,35,batch_12|batch_09|batch_06|batch_03|batch_07,batch_13|batch_01|batch_16|batch_08|batch_10|batch_15|batch_04|batch_14
zic008_aec7,20260928,5,35,8,35,batch_11|batch_05|batch_02|batch_09|batch_06,batch_13|batch_01|batch_16|batch_08|batch_10|batch_15|batch_04|batch_14
zic008_aec7,20260928,5,36,8,35,batch_11|batch_05|batch_02|batch_09|batch_03,batch_13|batch_01|batch_16|batch_08|batch_10|batch_15|batch_04|batch_14
zic008_aec7,20260928,5,37,8,35,batch_11|batch_05|batch_02|batch_09|batch_07,batch_13|batch_01|batch_16|batch_08|batch_10|batch_15|batch_04|batch_14
zic008_aec7,20260928,5,38,8,35,batch_11|batch_05|batch_02|batch_06|batch_03,batch_13|batch_01|batch_16|batch_08|batch_10|batch_15|batch_04|batch_14
zic008_aec7,20260928,5,39,8,35,batch_11|batch_05|batch_02|batch_06|batch_07,batch_13|batch_01|batch_16|batch_08|batch_10|batch_15|batch_04|batch_14
zic008_aec7,20260928,5,40,8,35,batch_11|batch_05|batch_02|batch_03|batch_07,batch_13|batch_01|batch_16|batch_08|batch_10|batch_15|batch_04|batch_14
zic008_aec7,20260928,5,41,8,35,batch_11|batch_05|batch_09|batch_06|batch_03,batch_13|batch_01|batch_16|batch_08|batch_10|batch_15|batch_04|batch_14
zic008_aec7,20260928,5,42,8,35,batch_11|batch_05|batch_09|batch_06|batch_07,batch_13|batch_01|batch_16|batch_08|batch_10|batch_15|batch_04|batch_14
zic008_aec7,20260928,5,43,8,35,batch_11|batch_05|batch_09|batch_03|batch_07,batch_13|batch_01|batch_16|batch_08|batch_10|batch_15|batch_04|batch_14
zic008_aec7,20260928,5,44,8,35,batch_11|batch_05|batch_06|batch_03|batch_07,batch_13|batch_01|batch_16|batch_08|batch_10|batch_15|batch_04|batch_14
zic008_aec7,20260928,5,45,8,35,batch_11|batch_02|batch_09|batch_06|batch_03,batch_13|batch_01|batch_16|batch_08|batch_10|batch_15|batch_04|batch_14
zic008_aec7,20260928,5,46,8,35,batch_11|batch_02|batch_09|batch_06|batch_07,batch_13|batch_01|batch_16|batch_08|batch_10|batch_15|batch_04|batch_14
zic008_aec7,20260928,5,47,8,35,batch_11|batch_02|batch_09|batch_03|batch_07,batch_13|batch_01|batch_16|batch_08|batch_10|batch_15|batch_04|batch_14
zic008_aec7,20260928,5,48,8,35,batch_11|batch_02|batch_06|batch_03|batch_07,batch_13|batch_01|batch_16|batch_08|batch_10|batch_15|batch_04|batch_14
zic008_aec7,20260928,5,49,8,35,batch_11|batch_09|batch_06|batch_03|batch_07,batch_13|batch_01|batch_16|batch_08|batch_10|batch_15|batch_04|batch_14
zic008_aec7,20260928,5,50,8,35,batch_05|batch_02|batch_09|batch_06|batch_03,batch_13|batch_01|batch_16|batch_08|batch_10|batch_15|batch_04|batch_14
zic008_aec7,20260928,5,51,8,35,batch_05|batch_02|batch_09|batch_06|batch_07,batch_13|batch_01|batch_16|batch_08|batch_10|batch_15|batch_04|batch_14
zic008_aec7,20260928,5,52,8,35,batch_05|batch_02|batch_09|batch_03|batch_07,batch_13|batch_01|batch_16|batch_08|batch_10|batch_15|batch_04|batch_14
zic008_aec7,20260928,5,53,8,35,batch_05|batch_02|batch_06|batch_03|batch_07,batch_13|batch_01|batch_16|batch_08|batch_10|batch_15|batch_04|batch_14
zic008_aec7,20260928,5,54,8,35,batch_05|batch_09|batch_06|batch_03|batch_07,batch_13|batch_01|batch_16|batch_08|batch_10|batch_15|batch_04|batch_14
zic008_aec7,20260928,5,55,8,35,batch_02|batch_09|batch_06|batch_03|batch_07,batch_13|batch_01|batch_16|batch_08|batch_10|batch_15|batch_04|batch_14
zic008_aec7,20260928,6,0,8,35,batch_12|batch_11|batch_05|batch_02|batch_09|batch_06,batch_13|batch_01|batch_16|batch_08|batch_10|batch_15|batch_04|batch_14
zic008_aec7,20260928,6,1,8,35,batch_12|batch_11|batch_05|batch_02|batch_09|batch_03,batch_13|batch_01|batch_16|batch_08|batch_10|batch_15|batch_04|batch_14
zic008_aec7,20260928,6,2,8,35,batch_12|batch_11|batch_05|batch_02|batch_09|batch_07,batch_13|batch_01|batch_16|batch_08|batch_10|batch_15|batch_04|batch_14
zic008_aec7,20260928,6,3,8,35,batch_12|batch_11|batch_05|batch_02|batch_06|batch_03,batch_13|batch_01|batch_16|batch_08|batch_10|batch_15|batch_04|batch_14
zic008_aec7,20260928,6,4,8,35,batch_12|batch_11|batch_05|batch_02|batch_06|batch_07,batch_13|batch_01|batch_16|batch_08|batch_10|batch_15|batch_04|batch_14
zic008_aec7,20260928,6,5,8,35,batch_12|batch_11|batch_05|batch_02|batch_03|batch_07,batch_13|batch_01|batch_16|batch_08|batch_10|batch_15|batch_04|batch_14
zic008_aec7,20260928,6,6,8,35,batch_12|batch_11|batch_05|batch_09|batch_06|batch_03,batch_13|batch_01|batch_16|batch_08|batch_10|batch_15|batch_04|batch_14
zic008_aec7,20260928,6,7,8,35,batch_12|batch_11|batch_05|batch_09|batch_06|batch_07,batch_13|batch_01|batch_16|batch_08|batch_10|batch_15|batch_04|batch_14
zic008_aec7,20260928,6,8,8,35,batch_12|batch_11|batch_05|batch_09|batch_03|batch_07,batch_13|batch_01|batch_16|batch_08|batch_10|batch_15|batch_04|batch_14
zic008_aec7,20260928,6,9,8,35,batch_12|batch_11|batch_05|batch_06|batch_03|batch_07,batch_13|batch_01|batch_16|batch_08|batch_10|batch_15|batch_04|batch_14
zic008_aec7,20260928,6,10,8,35,batch_12|batch_11|batch_02|batch_09|batch_06|batch_03,batch_13|batch_01|batch_16|batch_08|batch_10|batch_15|batch_04|batch_14
zic008_aec7,20260928,6,11,8,35,batch_12|batch_11|batch_02|batch_09|batch_06|batch_07,batch_13|batch_01|batch_16|batch_08|batch_10|batch_15|batch_04|batch_14
zic008_aec7,20260928,6,12,8,35,batch_12|batch_11|batch_02|batch_09|batch_03|batch_07,batch_13|batch_01|batch_16|batch_08|batch_10|batch_15|batch_04|batch_14
zic008_aec7,20260928,6,13,8,35,batch_12|batch_11|batch_02|batch_06|batch_03|batch_07,batch_13|batch_01|batch_16|batch_08|batch_10|batch_15|batch_04|batch_14
zic008_aec7,20260928,6,14,8,35,batch_12|batch_11|batch_09|batch_06|batch_03|batch_07,batch_13|batch_01|batch_16|batch_08|batch_10|batch_15|batch_04|batch_14
zic008_aec7,20260928,6,15,8,35,batch_12|batch_05|batch_02|batch_09|batch_06|batch_03,batch_13|batch_01|batch_16|batch_08|batch_10|batch_15|batch_04|batch_14
zic008_aec7,20260928,6,16,8,35,batch_12|batch_05|batch_02|batch_09|batch_06|batch_07,batch_13|batch_01|batch_16|batch_08|batch_10|batch_15|batch_04|batch_14
zic008_aec7,20260928,6,17,8,35,batch_12|batch_05|batch_02|batch_09|batch_03|batch_07,batch_13|batch_01|batch_16|batch_08|batch_10|batch_15|batch_04|batch_14
zic008_aec7,20260928,6,18,8,35,batch_12|batch_05|batch_02|batch_06|batch_03|batch_07,batch_13|batch_01|batch_16|batch_08|batch_10|batch_15|batch_04|batch_14
zic008_aec7,20260928,6,19,8,35,batch_12|batch_05|batch_09|batch_06|batch_03|batch_07,batch_13|batch_01|batch_16|batch_08|batch_10|batch_15|batch_04|batch_14
zic008_aec7,20260928,6,20,8,35,batch_12|batch_02|batch_09|batch_06|batch_03|batch_07,batch_13|batch_01|batch_16|batch_08|batch_10|batch_15|batch_04|batch_14
zic008_aec7,20260928,6,21,8,35,batch_11|batch_05|batch_02|batch_09|batch_06|batch_03,batch_13|batch_01|batch_16|batch_08|batch_10|batch_15|batch_04|batch_14
zic008_aec7,20260928,6,22,8,35,batch_11|batch_05|batch_02|batch_09|batch_06|batch_07,batch_13|batch_01|batch_16|batch_08|batch_10|batch_15|batch_04|batch_14
zic008_aec7,20260928,6,23,8,35,batch_11|batch_05|batch_02|batch_09|batch_03|batch_07,batch_13|batch_01|batch_16|batch_08|batch_10|batch_15|batch_04|batch_14
zic008_aec7,20260928,6,24,8,35,batch_11|batch_05|batch_02|batch_06|batch_03|batch_07,batch_13|batch_01|batch_16|batch_08|batch_10|batch_15|batch_04|batch_14
zic008_aec7,20260928,6,25,8,35,batch_11|batch_05|batch_09|batch_06|batch_03|batch_07,batch_13|batch_01|batch_16|batch_08|batch_10|batch_15|batch_04|batch_14
zic008_aec7,20260928,6,26,8,35,batch_11|batch_02|batch_09|batch_06|batch_03|batch_07,batch_13|batch_01|batch_16|batch_08|batch_10|batch_15|batch_04|batch_14
zic008_aec7,20260928,6,27,8,35,batch_05|batch_02|batch_09|batch_06|batch_03|batch_07,batch_13|batch_01|batch_16|batch_08|batch_10|batch_15|batch_04|batch_14
zic008_aec7,20260928,7,0,8,35,batch_12|batch_11|batch_05|batch_02|batch_09|batch_06|batch_03,batch_13|batch_01|batch_16|batch_08|batch_10|batch_15|batch_04|batch_14
zic008_aec7,20260928,7,1,8,35,batch_12|batch_11|batch_05|batch_02|batch_09|batch_06|batch_07,batch_13|batch_01|batch_16|batch_08|batch_10|batch_15|batch_04|batch_14
zic008_aec7,20260928,7,2,8,35,batch_12|batch_11|batch_05|batch_02|batch_09|batch_03|batch_07,batch_13|batch_01|batch_16|batch_08|batch_10|batch_15|batch_04|batch_14
zic008_aec7,20260928,7,3,8,35,batch_12|batch_11|batch_05|batch_02|batch_06|batch_03|batch_07,batch_13|batch_01|batch_16|batch_08|batch_10|batch_15|batch_04|batch_14
zic008_aec7,20260928,7,4,8,35,batch_12|batch_11|batch_05|batch_09|batch_06|batch_03|batch_07,batch_13|batch_01|batch_16|batch_08|batch_10|batch_15|batch_04|batch_14
zic008_aec7,20260928,7,5,8,35,batch_12|batch_11|batch_02|batch_09|batch_06|batch_03|batch_07,batch_13|batch_01|batch_16|batch_08|batch_10|batch_15|batch_04|batch_14
zic008_aec7,20260928,7,6,8,35,batch_12|batch_05|batch_02|batch_09|batch_06|batch_03|batch_07,batch_13|batch_01|batch_16|batch_08|batch_10|batch_15|batch_04|batch_14
zic008_aec7,20260928,7,7,8,35,batch_11|batch_05|batch_02|batch_09|batch_06|batch_03|batch_07,batch_13|batch_01|batch_16|batch_08|batch_10|batch_15|batch_04|batch_14
zic008_aec7,20260928,8,0,8,35,batch_12|batch_11|batch_05|batch_02|batch_09|batch_06|batch_03|batch_07,batch_13|batch_01|batch_16|batch_08|batch_10|batch_15|batch_04|batch_14
zic008_aec7,20260929,1,0,8,35,batch_08,batch_03|batch_10|batch_01|batch_16|batch_09|batch_13|batch_02|batch_05
zic008_aec7,20260929,1,1,8,35,batch_12,batch_03|batch_10|batch_01|batch_16|batch_09|batch_13|batch_02|batch_05
zic008_aec7,20260929,1,2,8,35,batch_14,batch_03|batch_10|batch_01|batch_16|batch_09|batch_13|batch_02|batch_05
zic008_aec7,20260929,1,3,8,35,batch_15,batch_03|batch_10|batch_01|batch_16|batch_09|batch_13|batch_02|batch_05
zic008_aec7,20260929,1,4,8,35,batch_07,batch_03|batch_10|batch_01|batch_16|batch_09|batch_13|batch_02|batch_05
zic008_aec7,20260929,1,5,8,35,batch_04,batch_03|batch_10|batch_01|batch_16|batch_09|batch_13|batch_02|batch_05
zic008_aec7,20260929,1,6,8,35,batch_06,batch_03|batch_10|batch_01|batch_16|batch_09|batch_13|batch_02|batch_05
zic008_aec7,20260929,1,7,8,35,batch_11,batch_03|batch_10|batch_01|batch_16|batch_09|batch_13|batch_02|batch_05
zic008_aec7,20260929,2,0,8,35,batch_08|batch_12,batch_03|batch_10|batch_01|batch_16|batch_09|batch_13|batch_02|batch_05
zic008_aec7,20260929,2,1,8,35,batch_08|batch_14,batch_03|batch_10|batch_01|batch_16|batch_09|batch_13|batch_02|batch_05
zic008_aec7,20260929,2,2,8,35,batch_08|batch_15,batch_03|batch_10|batch_01|batch_16|batch_09|batch_13|batch_02|batch_05
zic008_aec7,20260929,2,3,8,35,batch_08|batch_07,batch_03|batch_10|batch_01|batch_16|batch_09|batch_13|batch_02|batch_05
zic008_aec7,20260929,2,4,8,35,batch_08|batch_04,batch_03|batch_10|batch_01|batch_16|batch_09|batch_13|batch_02|batch_05
zic008_aec7,20260929,2,5,8,35,batch_08|batch_06,batch_03|batch_10|batch_01|batch_16|batch_09|batch_13|batch_02|batch_05
zic008_aec7,20260929,2,6,8,35,batch_08|batch_11,batch_03|batch_10|batch_01|batch_16|batch_09|batch_13|batch_02|batch_05
zic008_aec7,20260929,2,7,8,35,batch_12|batch_14,batch_03|batch_10|batch_01|batch_16|batch_09|batch_13|batch_02|batch_05
zic008_aec7,20260929,2,8,8,35,batch_12|batch_15,batch_03|batch_10|batch_01|batch_16|batch_09|batch_13|batch_02|batch_05
zic008_aec7,20260929,2,9,8,35,batch_12|batch_07,batch_03|batch_10|batch_01|batch_16|batch_09|batch_13|batch_02|batch_05
zic008_aec7,20260929,2,10,8,35,batch_12|batch_04,batch_03|batch_10|batch_01|batch_16|batch_09|batch_13|batch_02|batch_05
zic008_aec7,20260929,2,11,8,35,batch_12|batch_06,batch_03|batch_10|batch_01|batch_16|batch_09|batch_13|batch_02|batch_05
zic008_aec7,20260929,2,12,8,35,batch_12|batch_11,batch_03|batch_10|batch_01|batch_16|batch_09|batch_13|batch_02|batch_05
zic008_aec7,20260929,2,13,8,35,batch_14|batch_15,batch_03|batch_10|batch_01|batch_16|batch_09|batch_13|batch_02|batch_05
zic008_aec7,20260929,2,14,8,35,batch_14|batch_07,batch_03|batch_10|batch_01|batch_16|batch_09|batch_13|batch_02|batch_05
zic008_aec7,20260929,2,15,8,35,batch_14|batch_04,batch_03|batch_10|batch_01|batch_16|batch_09|batch_13|batch_02|batch_05
zic008_aec7,20260929,2,16,8,35,batch_14|batch_06,batch_03|batch_10|batch_01|batch_16|batch_09|batch_13|batch_02|batch_05
zic008_aec7,20260929,2,17,8,35,batch_14|batch_11,batch_03|batch_10|batch_01|batch_16|batch_09|batch_13|batch_02|batch_05
zic008_aec7,20260929,2,18,8,35,batch_15|batch_07,batch_03|batch_10|batch_01|batch_16|batch_09|batch_13|batch_02|batch_05
zic008_aec7,20260929,2,19,8,35,batch_15|batch_04,batch_03|batch_10|batch_01|batch_16|batch_09|batch_13|batch_02|batch_05
zic008_aec7,20260929,2,20,8,35,batch_15|batch_06,batch_03|batch_10|batch_01|batch_16|batch_09|batch_13|batch_02|batch_05
zic008_aec7,20260929,2,21,8,35,batch_15|batch_11,batch_03|batch_10|batch_01|batch_16|batch_09|batch_13|batch_02|batch_05
zic008_aec7,20260929,2,22,8,35,batch_07|batch_04,batch_03|batch_10|batch_01|batch_16|batch_09|batch_13|batch_02|batch_05
zic008_aec7,20260929,2,23,8,35,batch_07|batch_06,batch_03|batch_10|batch_01|batch_16|batch_09|batch_13|batch_02|batch_05
zic008_aec7,20260929,2,24,8,35,batch_07|batch_11,batch_03|batch_10|batch_01|batch_16|batch_09|batch_13|batch_02|batch_05
zic008_aec7,20260929,2,25,8,35,batch_04|batch_06,batch_03|batch_10|batch_01|batch_16|batch_09|batch_13|batch_02|batch_05
zic008_aec7,20260929,2,26,8,35,batch_04|batch_11,batch_03|batch_10|batch_01|batch_16|batch_09|batch_13|batch_02|batch_05
zic008_aec7,20260929,2,27,8,35,batch_06|batch_11,batch_03|batch_10|batch_01|batch_16|batch_09|batch_13|batch_02|batch_05
zic008_aec7,20260929,3,0,8,35,batch_08|batch_12|batch_14,batch_03|batch_10|batch_01|batch_16|batch_09|batch_13|batch_02|batch_05
zic008_aec7,20260929,3,1,8,35,batch_08|batch_12|batch_15,batch_03|batch_10|batch_01|batch_16|batch_09|batch_13|batch_02|batch_05
zic008_aec7,20260929,3,2,8,35,batch_08|batch_12|batch_07,batch_03|batch_10|batch_01|batch_16|batch_09|batch_13|batch_02|batch_05
zic008_aec7,20260929,3,3,8,35,batch_08|batch_12|batch_04,batch_03|batch_10|batch_01|batch_16|batch_09|batch_13|batch_02|batch_05
zic008_aec7,20260929,3,4,8,35,batch_08|batch_12|batch_06,batch_03|batch_10|batch_01|batch_16|batch_09|batch_13|batch_02|batch_05
zic008_aec7,20260929,3,5,8,35,batch_08|batch_12|batch_11,batch_03|batch_10|batch_01|batch_16|batch_09|batch_13|batch_02|batch_05
zic008_aec7,20260929,3,6,8,35,batch_08|batch_14|batch_15,batch_03|batch_10|batch_01|batch_16|batch_09|batch_13|batch_02|batch_05
zic008_aec7,20260929,3,7,8,35,batch_08|batch_14|batch_07,batch_03|batch_10|batch_01|batch_16|batch_09|batch_13|batch_02|batch_05
zic008_aec7,20260929,3,8,8,35,batch_08|batch_14|batch_04,batch_03|batch_10|batch_01|batch_16|batch_09|batch_13|batch_02|batch_05
zic008_aec7,20260929,3,9,8,35,batch_08|batch_14|batch_06,batch_03|batch_10|batch_01|batch_16|batch_09|batch_13|batch_02|batch_05
zic008_aec7,20260929,3,10,8,35,batch_08|batch_14|batch_11,batch_03|batch_10|batch_01|batch_16|batch_09|batch_13|batch_02|batch_05
zic008_aec7,20260929,3,11,8,35,batch_08|batch_15|batch_07,batch_03|batch_10|batch_01|batch_16|batch_09|batch_13|batch_02|batch_05
zic008_aec7,20260929,3,12,8,35,batch_08|batch_15|batch_04,batch_03|batch_10|batch_01|batch_16|batch_09|batch_13|batch_02|batch_05
zic008_aec7,20260929,3,13,8,35,batch_08|batch_15|batch_06,batch_03|batch_10|batch_01|batch_16|batch_09|batch_13|batch_02|batch_05
zic008_aec7,20260929,3,14,8,35,batch_08|batch_15|batch_11,batch_03|batch_10|batch_01|batch_16|batch_09|batch_13|batch_02|batch_05
zic008_aec7,20260929,3,15,8,35,batch_08|batch_07|batch_04,batch_03|batch_10|batch_01|batch_16|batch_09|batch_13|batch_02|batch_05
zic008_aec7,20260929,3,16,8,35,batch_08|batch_07|batch_06,batch_03|batch_10|batch_01|batch_16|batch_09|batch_13|batch_02|batch_05
zic008_aec7,20260929,3,17,8,35,batch_08|batch_07|batch_11,batch_03|batch_10|batch_01|batch_16|batch_09|batch_13|batch_02|batch_05
zic008_aec7,20260929,3,18,8,35,batch_08|batch_04|batch_06,batch_03|batch_10|batch_01|batch_16|batch_09|batch_13|batch_02|batch_05
zic008_aec7,20260929,3,19,8,35,batch_08|batch_04|batch_11,batch_03|batch_10|batch_01|batch_16|batch_09|batch_13|batch_02|batch_05
zic008_aec7,20260929,3,20,8,35,batch_08|batch_06|batch_11,batch_03|batch_10|batch_01|batch_16|batch_09|batch_13|batch_02|batch_05
zic008_aec7,20260929,3,21,8,35,batch_12|batch_14|batch_15,batch_03|batch_10|batch_01|batch_16|batch_09|batch_13|batch_02|batch_05
zic008_aec7,20260929,3,22,8,35,batch_12|batch_14|batch_07,batch_03|batch_10|batch_01|batch_16|batch_09|batch_13|batch_02|batch_05
zic008_aec7,20260929,3,23,8,35,batch_12|batch_14|batch_04,batch_03|batch_10|batch_01|batch_16|batch_09|batch_13|batch_02|batch_05
zic008_aec7,20260929,3,24,8,35,batch_12|batch_14|batch_06,batch_03|batch_10|batch_01|batch_16|batch_09|batch_13|batch_02|batch_05
zic008_aec7,20260929,3,25,8,35,batch_12|batch_14|batch_11,batch_03|batch_10|batch_01|batch_16|batch_09|batch_13|batch_02|batch_05
zic008_aec7,20260929,3,26,8,35,batch_12|batch_15|batch_07,batch_03|batch_10|batch_01|batch_16|batch_09|batch_13|batch_02|batch_05
zic008_aec7,20260929,3,27,8,35,batch_12|batch_15|batch_04,batch_03|batch_10|batch_01|batch_16|batch_09|batch_13|batch_02|batch_05
zic008_aec7,20260929,3,28,8,35,batch_12|batch_15|batch_06,batch_03|batch_10|batch_01|batch_16|batch_09|batch_13|batch_02|batch_05
zic008_aec7,20260929,3,29,8,35,batch_12|batch_15|batch_11,batch_03|batch_10|batch_01|batch_16|batch_09|batch_13|batch_02|batch_05
zic008_aec7,20260929,3,30,8,35,batch_12|batch_07|batch_04,batch_03|batch_10|batch_01|batch_16|batch_09|batch_13|batch_02|batch_05
zic008_aec7,20260929,3,31,8,35,batch_12|batch_07|batch_06,batch_03|batch_10|batch_01|batch_16|batch_09|batch_13|batch_02|batch_05
zic008_aec7,20260929,3,32,8,35,batch_12|batch_07|batch_11,batch_03|batch_10|batch_01|batch_16|batch_09|batch_13|batch_02|batch_05
zic008_aec7,20260929,3,33,8,35,batch_12|batch_04|batch_06,batch_03|batch_10|batch_01|batch_16|batch_09|batch_13|batch_02|batch_05
zic008_aec7,20260929,3,34,8,35,batch_12|batch_04|batch_11,batch_03|batch_10|batch_01|batch_16|batch_09|batch_13|batch_02|batch_05
zic008_aec7,20260929,3,35,8,35,batch_12|batch_06|batch_11,batch_03|batch_10|batch_01|batch_16|batch_09|batch_13|batch_02|batch_05
zic008_aec7,20260929,3,36,8,35,batch_14|batch_15|batch_07,batch_03|batch_10|batch_01|batch_16|batch_09|batch_13|batch_02|batch_05
zic008_aec7,20260929,3,37,8,35,batch_14|batch_15|batch_04,batch_03|batch_10|batch_01|batch_16|batch_09|batch_13|batch_02|batch_05
zic008_aec7,20260929,3,38,8,35,batch_14|batch_15|batch_06,batch_03|batch_10|batch_01|batch_16|batch_09|batch_13|batch_02|batch_05
zic008_aec7,20260929,3,39,8,35,batch_14|batch_15|batch_11,batch_03|batch_10|batch_01|batch_16|batch_09|batch_13|batch_02|batch_05
zic008_aec7,20260929,3,40,8,35,batch_14|batch_07|batch_04,batch_03|batch_10|batch_01|batch_16|batch_09|batch_13|batch_02|batch_05
zic008_aec7,20260929,3,41,8,35,batch_14|batch_07|batch_06,batch_03|batch_10|batch_01|batch_16|batch_09|batch_13|batch_02|batch_05
zic008_aec7,20260929,3,42,8,35,batch_14|batch_07|batch_11,batch_03|batch_10|batch_01|batch_16|batch_09|batch_13|batch_02|batch_05
zic008_aec7,20260929,3,43,8,35,batch_14|batch_04|batch_06,batch_03|batch_10|batch_01|batch_16|batch_09|batch_13|batch_02|batch_05
zic008_aec7,20260929,3,44,8,35,batch_14|batch_04|batch_11,batch_03|batch_10|batch_01|batch_16|batch_09|batch_13|batch_02|batch_05
zic008_aec7,20260929,3,45,8,35,batch_14|batch_06|batch_11,batch_03|batch_10|batch_01|batch_16|batch_09|batch_13|batch_02|batch_05
zic008_aec7,20260929,3,46,8,35,batch_15|batch_07|batch_04,batch_03|batch_10|batch_01|batch_16|batch_09|batch_13|batch_02|batch_05
zic008_aec7,20260929,3,47,8,35,batch_15|batch_07|batch_06,batch_03|batch_10|batch_01|batch_16|batch_09|batch_13|batch_02|batch_05
zic008_aec7,20260929,3,48,8,35,batch_15|batch_07|batch_11,batch_03|batch_10|batch_01|batch_16|batch_09|batch_13|batch_02|batch_05
zic008_aec7,20260929,3,49,8,35,batch_15|batch_04|batch_06,batch_03|batch_10|batch_01|batch_16|batch_09|batch_13|batch_02|batch_05
zic008_aec7,20260929,3,50,8,35,batch_15|batch_04|batch_11,batch_03|batch_10|batch_01|batch_16|batch_09|batch_13|batch_02|batch_05
zic008_aec7,20260929,3,51,8,35,batch_15|batch_06|batch_11,batch_03|batch_10|batch_01|batch_16|batch_09|batch_13|batch_02|batch_05
zic008_aec7,20260929,3,52,8,35,batch_07|batch_04|batch_06,batch_03|batch_10|batch_01|batch_16|batch_09|batch_13|batch_02|batch_05
zic008_aec7,20260929,3,53,8,35,batch_07|batch_04|batch_11,batch_03|batch_10|batch_01|batch_16|batch_09|batch_13|batch_02|batch_05
zic008_aec7,20260929,3,54,8,35,batch_07|batch_06|batch_11,batch_03|batch_10|batch_01|batch_16|batch_09|batch_13|batch_02|batch_05
zic008_aec7,20260929,3,55,8,35,batch_04|batch_06|batch_11,batch_03|batch_10|batch_01|batch_16|batch_09|batch_13|batch_02|batch_05
zic008_aec7,20260929,4,0,8,35,batch_08|batch_12|batch_14|batch_15,batch_03|batch_10|batch_01|batch_16|batch_09|batch_13|batch_02|batch_05
zic008_aec7,20260929,4,1,8,35,batch_08|batch_12|batch_14|batch_07,batch_03|batch_10|batch_01|batch_16|batch_09|batch_13|batch_02|batch_05
zic008_aec7,20260929,4,2,8,35,batch_08|batch_12|batch_14|batch_04,batch_03|batch_10|batch_01|batch_16|batch_09|batch_13|batch_02|batch_05
zic008_aec7,20260929,4,3,8,35,batch_08|batch_12|batch_14|batch_06,batch_03|batch_10|batch_01|batch_16|batch_09|batch_13|batch_02|batch_05
zic008_aec7,20260929,4,4,8,35,batch_08|batch_12|batch_14|batch_11,batch_03|batch_10|batch_01|batch_16|batch_09|batch_13|batch_02|batch_05
zic008_aec7,20260929,4,5,8,35,batch_08|batch_12|batch_15|batch_07,batch_03|batch_10|batch_01|batch_16|batch_09|batch_13|batch_02|batch_05
zic008_aec7,20260929,4,6,8,35,batch_08|batch_12|batch_15|batch_04,batch_03|batch_10|batch_01|batch_16|batch_09|batch_13|batch_02|batch_05
zic008_aec7,20260929,4,7,8,35,batch_08|batch_12|batch_15|batch_06,batch_03|batch_10|batch_01|batch_16|batch_09|batch_13|batch_02|batch_05
zic008_aec7,20260929,4,8,8,35,batch_08|batch_12|batch_15|batch_11,batch_03|batch_10|batch_01|batch_16|batch_09|batch_13|batch_02|batch_05
zic008_aec7,20260929,4,9,8,35,batch_08|batch_12|batch_07|batch_04,batch_03|batch_10|batch_01|batch_16|batch_09|batch_13|batch_02|batch_05
zic008_aec7,20260929,4,10,8,35,batch_08|batch_12|batch_07|batch_06,batch_03|batch_10|batch_01|batch_16|batch_09|batch_13|batch_02|batch_05
zic008_aec7,20260929,4,11,8,35,batch_08|batch_12|batch_07|batch_11,batch_03|batch_10|batch_01|batch_16|batch_09|batch_13|batch_02|batch_05
zic008_aec7,20260929,4,12,8,35,batch_08|batch_12|batch_04|batch_06,batch_03|batch_10|batch_01|batch_16|batch_09|batch_13|batch_02|batch_05
zic008_aec7,20260929,4,13,8,35,batch_08|batch_12|batch_04|batch_11,batch_03|batch_10|batch_01|batch_16|batch_09|batch_13|batch_02|batch_05
zic008_aec7,20260929,4,14,8,35,batch_08|batch_12|batch_06|batch_11,batch_03|batch_10|batch_01|batch_16|batch_09|batch_13|batch_02|batch_05
zic008_aec7,20260929,4,15,8,35,batch_08|batch_14|batch_15|batch_07,batch_03|batch_10|batch_01|batch_16|batch_09|batch_13|batch_02|batch_05
zic008_aec7,20260929,4,16,8,35,batch_08|batch_14|batch_15|batch_04,batch_03|batch_10|batch_01|batch_16|batch_09|batch_13|batch_02|batch_05
zic008_aec7,20260929,4,17,8,35,batch_08|batch_14|batch_15|batch_06,batch_03|batch_10|batch_01|batch_16|batch_09|batch_13|batch_02|batch_05
zic008_aec7,20260929,4,18,8,35,batch_08|batch_14|batch_15|batch_11,batch_03|batch_10|batch_01|batch_16|batch_09|batch_13|batch_02|batch_05
zic008_aec7,20260929,4,19,8,35,batch_08|batch_14|batch_07|batch_04,batch_03|batch_10|batch_01|batch_16|batch_09|batch_13|batch_02|batch_05
zic008_aec7,20260929,4,20,8,35,batch_08|batch_14|batch_07|batch_06,batch_03|batch_10|batch_01|batch_16|batch_09|batch_13|batch_02|batch_05
zic008_aec7,20260929,4,21,8,35,batch_08|batch_14|batch_07|batch_11,batch_03|batch_10|batch_01|batch_16|batch_09|batch_13|batch_02|batch_05
zic008_aec7,20260929,4,22,8,35,batch_08|batch_14|batch_04|batch_06,batch_03|batch_10|batch_01|batch_16|batch_09|batch_13|batch_02|batch_05
zic008_aec7,20260929,4,23,8,35,batch_08|batch_14|batch_04|batch_11,batch_03|batch_10|batch_01|batch_16|batch_09|batch_13|batch_02|batch_05
zic008_aec7,20260929,4,24,8,35,batch_08|batch_14|batch_06|batch_11,batch_03|batch_10|batch_01|batch_16|batch_09|batch_13|batch_02|batch_05
zic008_aec7,20260929,4,25,8,35,batch_08|batch_15|batch_07|batch_04,batch_03|batch_10|batch_01|batch_16|batch_09|batch_13|batch_02|batch_05
zic008_aec7,20260929,4,26,8,35,batch_08|batch_15|batch_07|batch_06,batch_03|batch_10|batch_01|batch_16|batch_09|batch_13|batch_02|batch_05
zic008_aec7,20260929,4,27,8,35,batch_08|batch_15|batch_07|batch_11,batch_03|batch_10|batch_01|batch_16|batch_09|batch_13|batch_02|batch_05
zic008_aec7,20260929,4,28,8,35,batch_08|batch_15|batch_04|batch_06,batch_03|batch_10|batch_01|batch_16|batch_09|batch_13|batch_02|batch_05
zic008_aec7,20260929,4,29,8,35,batch_08|batch_15|batch_04|batch_11,batch_03|batch_10|batch_01|batch_16|batch_09|batch_13|batch_02|batch_05
zic008_aec7,20260929,4,30,8,35,batch_08|batch_15|batch_06|batch_11,batch_03|batch_10|batch_01|batch_16|batch_09|batch_13|batch_02|batch_05
zic008_aec7,20260929,4,31,8,35,batch_08|batch_07|batch_04|batch_06,batch_03|batch_10|batch_01|batch_16|batch_09|batch_13|batch_02|batch_05
zic008_aec7,20260929,4,32,8,35,batch_08|batch_07|batch_04|batch_11,batch_03|batch_10|batch_01|batch_16|batch_09|batch_13|batch_02|batch_05
zic008_aec7,20260929,4,33,8,35,batch_08|batch_07|batch_06|batch_11,batch_03|batch_10|batch_01|batch_16|batch_09|batch_13|batch_02|batch_05
zic008_aec7,20260929,4,34,8,35,batch_08|batch_04|batch_06|batch_11,batch_03|batch_10|batch_01|batch_16|batch_09|batch_13|batch_02|batch_05
zic008_aec7,20260929,4,35,8,35,batch_12|batch_14|batch_15|batch_07,batch_03|batch_10|batch_01|batch_16|batch_09|batch_13|batch_02|batch_05
zic008_aec7,20260929,4,36,8,35,batch_12|batch_14|batch_15|batch_04,batch_03|batch_10|batch_01|batch_16|batch_09|batch_13|batch_02|batch_05
zic008_aec7,20260929,4,37,8,35,batch_12|batch_14|batch_15|batch_06,batch_03|batch_10|batch_01|batch_16|batch_09|batch_13|batch_02|batch_05
zic008_aec7,20260929,4,38,8,35,batch_12|batch_14|batch_15|batch_11,batch_03|batch_10|batch_01|batch_16|batch_09|batch_13|batch_02|batch_05
zic008_aec7,20260929,4,39,8,35,batch_12|batch_14|batch_07|batch_04,batch_03|batch_10|batch_01|batch_16|batch_09|batch_13|batch_02|batch_05
zic008_aec7,20260929,4,40,8,35,batch_12|batch_14|batch_07|batch_06,batch_03|batch_10|batch_01|batch_16|batch_09|batch_13|batch_02|batch_05
zic008_aec7,20260929,4,41,8,35,batch_12|batch_14|batch_07|batch_11,batch_03|batch_10|batch_01|batch_16|batch_09|batch_13|batch_02|batch_05
zic008_aec7,20260929,4,42,8,35,batch_12|batch_14|batch_04|batch_06,batch_03|batch_10|batch_01|batch_16|batch_09|batch_13|batch_02|batch_05
zic008_aec7,20260929,4,43,8,35,batch_12|batch_14|batch_04|batch_11,batch_03|batch_10|batch_01|batch_16|batch_09|batch_13|batch_02|batch_05
zic008_aec7,20260929,4,44,8,35,batch_12|batch_14|batch_06|batch_11,batch_03|batch_10|batch_01|batch_16|batch_09|batch_13|batch_02|batch_05
zic008_aec7,20260929,4,45,8,35,batch_12|batch_15|batch_07|batch_04,batch_03|batch_10|batch_01|batch_16|batch_09|batch_13|batch_02|batch_05
zic008_aec7,20260929,4,46,8,35,batch_12|batch_15|batch_07|batch_06,batch_03|batch_10|batch_01|batch_16|batch_09|batch_13|batch_02|batch_05
zic008_aec7,20260929,4,47,8,35,batch_12|batch_15|batch_07|batch_11,batch_03|batch_10|batch_01|batch_16|batch_09|batch_13|batch_02|batch_05
zic008_aec7,20260929,4,48,8,35,batch_12|batch_15|batch_04|batch_06,batch_03|batch_10|batch_01|batch_16|batch_09|batch_13|batch_02|batch_05
zic008_aec7,20260929,4,49,8,35,batch_12|batch_15|batch_04|batch_11,batch_03|batch_10|batch_01|batch_16|batch_09|batch_13|batch_02|batch_05
zic008_aec7,20260929,4,50,8,35,batch_12|batch_15|batch_06|batch_11,batch_03|batch_10|batch_01|batch_16|batch_09|batch_13|batch_02|batch_05
zic008_aec7,20260929,4,51,8,35,batch_12|batch_07|batch_04|batch_06,batch_03|batch_10|batch_01|batch_16|batch_09|batch_13|batch_02|batch_05
zic008_aec7,20260929,4,52,8,35,batch_12|batch_07|batch_04|batch_11,batch_03|batch_10|batch_01|batch_16|batch_09|batch_13|batch_02|batch_05
zic008_aec7,20260929,4,53,8,35,batch_12|batch_07|batch_06|batch_11,batch_03|batch_10|batch_01|batch_16|batch_09|batch_13|batch_02|batch_05
zic008_aec7,20260929,4,54,8,35,batch_12|batch_04|batch_06|batch_11,batch_03|batch_10|batch_01|batch_16|batch_09|batch_13|batch_02|batch_05
zic008_aec7,20260929,4,55,8,35,batch_14|batch_15|batch_07|batch_04,batch_03|batch_10|batch_01|batch_16|batch_09|batch_13|batch_02|batch_05
zic008_aec7,20260929,4,56,8,35,batch_14|batch_15|batch_07|batch_06,batch_03|batch_10|batch_01|batch_16|batch_09|batch_13|batch_02|batch_05
zic008_aec7,20260929,4,57,8,35,batch_14|batch_15|batch_07|batch_11,batch_03|batch_10|batch_01|batch_16|batch_09|batch_13|batch_02|batch_05
zic008_aec7,20260929,4,58,8,35,batch_14|batch_15|batch_04|batch_06,batch_03|batch_10|batch_01|batch_16|batch_09|batch_13|batch_02|batch_05
zic008_aec7,20260929,4,59,8,35,batch_14|batch_15|batch_04|batch_11,batch_03|batch_10|batch_01|batch_16|batch_09|batch_13|batch_02|batch_05
zic008_aec7,20260929,4,60,8,35,batch_14|batch_15|batch_06|batch_11,batch_03|batch_10|batch_01|batch_16|batch_09|batch_13|batch_02|batch_05
zic008_aec7,20260929,4,61,8,35,batch_14|batch_07|batch_04|batch_06,batch_03|batch_10|batch_01|batch_16|batch_09|batch_13|batch_02|batch_05
zic008_aec7,20260929,4,62,8,35,batch_14|batch_07|batch_04|batch_11,batch_03|batch_10|batch_01|batch_16|batch_09|batch_13|batch_02|batch_05
zic008_aec7,20260929,4,63,8,35,batch_14|batch_07|batch_06|batch_11,batch_03|batch_10|batch_01|batch_16|batch_09|batch_13|batch_02|batch_05
zic008_aec7,20260929,4,64,8,35,batch_14|batch_04|batch_06|batch_11,batch_03|batch_10|batch_01|batch_16|batch_09|batch_13|batch_02|batch_05
zic008_aec7,20260929,4,65,8,35,batch_15|batch_07|batch_04|batch_06,batch_03|batch_10|batch_01|batch_16|batch_09|batch_13|batch_02|batch_05
zic008_aec7,20260929,4,66,8,35,batch_15|batch_07|batch_04|batch_11,batch_03|batch_10|batch_01|batch_16|batch_09|batch_13|batch_02|batch_05
zic008_aec7,20260929,4,67,8,35,batch_15|batch_07|batch_06|batch_11,batch_03|batch_10|batch_01|batch_16|batch_09|batch_13|batch_02|batch_05
zic008_aec7,20260929,4,68,8,35,batch_15|batch_04|batch_06|batch_11,batch_03|batch_10|batch_01|batch_16|batch_09|batch_13|batch_02|batch_05
zic008_aec7,20260929,4,69,8,35,batch_07|batch_04|batch_06|batch_11,batch_03|batch_10|batch_01|batch_16|batch_09|batch_13|batch_02|batch_05
zic008_aec7,20260929,5,0,8,35,batch_08|batch_12|batch_14|batch_15|batch_07,batch_03|batch_10|batch_01|batch_16|batch_09|batch_13|batch_02|batch_05
zic008_aec7,20260929,5,1,8,35,batch_08|batch_12|batch_14|batch_15|batch_04,batch_03|batch_10|batch_01|batch_16|batch_09|batch_13|batch_02|batch_05
zic008_aec7,20260929,5,2,8,35,batch_08|batch_12|batch_14|batch_15|batch_06,batch_03|batch_10|batch_01|batch_16|batch_09|batch_13|batch_02|batch_05
zic008_aec7,20260929,5,3,8,35,batch_08|batch_12|batch_14|batch_15|batch_11,batch_03|batch_10|batch_01|batch_16|batch_09|batch_13|batch_02|batch_05
zic008_aec7,20260929,5,4,8,35,batch_08|batch_12|batch_14|batch_07|batch_04,batch_03|batch_10|batch_01|batch_16|batch_09|batch_13|batch_02|batch_05
zic008_aec7,20260929,5,5,8,35,batch_08|batch_12|batch_14|batch_07|batch_06,batch_03|batch_10|batch_01|batch_16|batch_09|batch_13|batch_02|batch_05
zic008_aec7,20260929,5,6,8,35,batch_08|batch_12|batch_14|batch_07|batch_11,batch_03|batch_10|batch_01|batch_16|batch_09|batch_13|batch_02|batch_05
zic008_aec7,20260929,5,7,8,35,batch_08|batch_12|batch_14|batch_04|batch_06,batch_03|batch_10|batch_01|batch_16|batch_09|batch_13|batch_02|batch_05
zic008_aec7,20260929,5,8,8,35,batch_08|batch_12|batch_14|batch_04|batch_11,batch_03|batch_10|batch_01|batch_16|batch_09|batch_13|batch_02|batch_05
zic008_aec7,20260929,5,9,8,35,batch_08|batch_12|batch_14|batch_06|batch_11,batch_03|batch_10|batch_01|batch_16|batch_09|batch_13|batch_02|batch_05
zic008_aec7,20260929,5,10,8,35,batch_08|batch_12|batch_15|batch_07|batch_04,batch_03|batch_10|batch_01|batch_16|batch_09|batch_13|batch_02|batch_05
zic008_aec7,20260929,5,11,8,35,batch_08|batch_12|batch_15|batch_07|batch_06,batch_03|batch_10|batch_01|batch_16|batch_09|batch_13|batch_02|batch_05
zic008_aec7,20260929,5,12,8,35,batch_08|batch_12|batch_15|batch_07|batch_11,batch_03|batch_10|batch_01|batch_16|batch_09|batch_13|batch_02|batch_05
zic008_aec7,20260929,5,13,8,35,batch_08|batch_12|batch_15|batch_04|batch_06,batch_03|batch_10|batch_01|batch_16|batch_09|batch_13|batch_02|batch_05
zic008_aec7,20260929,5,14,8,35,batch_08|batch_12|batch_15|batch_04|batch_11,batch_03|batch_10|batch_01|batch_16|batch_09|batch_13|batch_02|batch_05
zic008_aec7,20260929,5,15,8,35,batch_08|batch_12|batch_15|batch_06|batch_11,batch_03|batch_10|batch_01|batch_16|batch_09|batch_13|batch_02|batch_05
zic008_aec7,20260929,5,16,8,35,batch_08|batch_12|batch_07|batch_04|batch_06,batch_03|batch_10|batch_01|batch_16|batch_09|batch_13|batch_02|batch_05
zic008_aec7,20260929,5,17,8,35,batch_08|batch_12|batch_07|batch_04|batch_11,batch_03|batch_10|batch_01|batch_16|batch_09|batch_13|batch_02|batch_05
zic008_aec7,20260929,5,18,8,35,batch_08|batch_12|batch_07|batch_06|batch_11,batch_03|batch_10|batch_01|batch_16|batch_09|batch_13|batch_02|batch_05
zic008_aec7,20260929,5,19,8,35,batch_08|batch_12|batch_04|batch_06|batch_11,batch_03|batch_10|batch_01|batch_16|batch_09|batch_13|batch_02|batch_05
zic008_aec7,20260929,5,20,8,35,batch_08|batch_14|batch_15|batch_07|batch_04,batch_03|batch_10|batch_01|batch_16|batch_09|batch_13|batch_02|batch_05
zic008_aec7,20260929,5,21,8,35,batch_08|batch_14|batch_15|batch_07|batch_06,batch_03|batch_10|batch_01|batch_16|batch_09|batch_13|batch_02|batch_05
zic008_aec7,20260929,5,22,8,35,batch_08|batch_14|batch_15|batch_07|batch_11,batch_03|batch_10|batch_01|batch_16|batch_09|batch_13|batch_02|batch_05
zic008_aec7,20260929,5,23,8,35,batch_08|batch_14|batch_15|batch_04|batch_06,batch_03|batch_10|batch_01|batch_16|batch_09|batch_13|batch_02|batch_05
zic008_aec7,20260929,5,24,8,35,batch_08|batch_14|batch_15|batch_04|batch_11,batch_03|batch_10|batch_01|batch_16|batch_09|batch_13|batch_02|batch_05
zic008_aec7,20260929,5,25,8,35,batch_08|batch_14|batch_15|batch_06|batch_11,batch_03|batch_10|batch_01|batch_16|batch_09|batch_13|batch_02|batch_05
zic008_aec7,20260929,5,26,8,35,batch_08|batch_14|batch_07|batch_04|batch_06,batch_03|batch_10|batch_01|batch_16|batch_09|batch_13|batch_02|batch_05
zic008_aec7,20260929,5,27,8,35,batch_08|batch_14|batch_07|batch_04|batch_11,batch_03|batch_10|batch_01|batch_16|batch_09|batch_13|batch_02|batch_05
zic008_aec7,20260929,5,28,8,35,batch_08|batch_14|batch_07|batch_06|batch_11,batch_03|batch_10|batch_01|batch_16|batch_09|batch_13|batch_02|batch_05
zic008_aec7,20260929,5,29,8,35,batch_08|batch_14|batch_04|batch_06|batch_11,batch_03|batch_10|batch_01|batch_16|batch_09|batch_13|batch_02|batch_05
zic008_aec7,20260929,5,30,8,35,batch_08|batch_15|batch_07|batch_04|batch_06,batch_03|batch_10|batch_01|batch_16|batch_09|batch_13|batch_02|batch_05
zic008_aec7,20260929,5,31,8,35,batch_08|batch_15|batch_07|batch_04|batch_11,batch_03|batch_10|batch_01|batch_16|batch_09|batch_13|batch_02|batch_05
zic008_aec7,20260929,5,32,8,35,batch_08|batch_15|batch_07|batch_06|batch_11,batch_03|batch_10|batch_01|batch_16|batch_09|batch_13|batch_02|batch_05
zic008_aec7,20260929,5,33,8,35,batch_08|batch_15|batch_04|batch_06|batch_11,batch_03|batch_10|batch_01|batch_16|batch_09|batch_13|batch_02|batch_05
zic008_aec7,20260929,5,34,8,35,batch_08|batch_07|batch_04|batch_06|batch_11,batch_03|batch_10|batch_01|batch_16|batch_09|batch_13|batch_02|batch_05
zic008_aec7,20260929,5,35,8,35,batch_12|batch_14|batch_15|batch_07|batch_04,batch_03|batch_10|batch_01|batch_16|batch_09|batch_13|batch_02|batch_05
zic008_aec7,20260929,5,36,8,35,batch_12|batch_14|batch_15|batch_07|batch_06,batch_03|batch_10|batch_01|batch_16|batch_09|batch_13|batch_02|batch_05
zic008_aec7,20260929,5,37,8,35,batch_12|batch_14|batch_15|batch_07|batch_11,batch_03|batch_10|batch_01|batch_16|batch_09|batch_13|batch_02|batch_05
zic008_aec7,20260929,5,38,8,35,batch_12|batch_14|batch_15|batch_04|batch_06,batch_03|batch_10|batch_01|batch_16|batch_09|batch_13|batch_02|batch_05
zic008_aec7,20260929,5,39,8,35,batch_12|batch_14|batch_15|batch_04|batch_11,batch_03|batch_10|batch_01|batch_16|batch_09|batch_13|batch_02|batch_05
zic008_aec7,20260929,5,40,8,35,batch_12|batch_14|batch_15|batch_06|batch_11,batch_03|batch_10|batch_01|batch_16|batch_09|batch_13|batch_02|batch_05
zic008_aec7,20260929,5,41,8,35,batch_12|batch_14|batch_07|batch_04|batch_06,batch_03|batch_10|batch_01|batch_16|batch_09|batch_13|batch_02|batch_05
zic008_aec7,20260929,5,42,8,35,batch_12|batch_14|batch_07|batch_04|batch_11,batch_03|batch_10|batch_01|batch_16|batch_09|batch_13|batch_02|batch_05
zic008_aec7,20260929,5,43,8,35,batch_12|batch_14|batch_07|batch_06|batch_11,batch_03|batch_10|batch_01|batch_16|batch_09|batch_13|batch_02|batch_05
zic008_aec7,20260929,5,44,8,35,batch_12|batch_14|batch_04|batch_06|batch_11,batch_03|batch_10|batch_01|batch_16|batch_09|batch_13|batch_02|batch_05
zic008_aec7,20260929,5,45,8,35,batch_12|batch_15|batch_07|batch_04|batch_06,batch_03|batch_10|batch_01|batch_16|batch_09|batch_13|batch_02|batch_05
zic008_aec7,20260929,5,46,8,35,batch_12|batch_15|batch_07|batch_04|batch_11,batch_03|batch_10|batch_01|batch_16|batch_09|batch_13|batch_02|batch_05
zic008_aec7,20260929,5,47,8,35,batch_12|batch_15|batch_07|batch_06|batch_11,batch_03|batch_10|batch_01|batch_16|batch_09|batch_13|batch_02|batch_05
zic008_aec7,20260929,5,48,8,35,batch_12|batch_15|batch_04|batch_06|batch_11,batch_03|batch_10|batch_01|batch_16|batch_09|batch_13|batch_02|batch_05
zic008_aec7,20260929,5,49,8,35,batch_12|batch_07|batch_04|batch_06|batch_11,batch_03|batch_10|batch_01|batch_16|batch_09|batch_13|batch_02|batch_05
zic008_aec7,20260929,5,50,8,35,batch_14|batch_15|batch_07|batch_04|batch_06,batch_03|batch_10|batch_01|batch_16|batch_09|batch_13|batch_02|batch_05
zic008_aec7,20260929,5,51,8,35,batch_14|batch_15|batch_07|batch_04|batch_11,batch_03|batch_10|batch_01|batch_16|batch_09|batch_13|batch_02|batch_05
zic008_aec7,20260929,5,52,8,35,batch_14|batch_15|batch_07|batch_06|batch_11,batch_03|batch_10|batch_01|batch_16|batch_09|batch_13|batch_02|batch_05
zic008_aec7,20260929,5,53,8,35,batch_14|batch_15|batch_04|batch_06|batch_11,batch_03|batch_10|batch_01|batch_16|batch_09|batch_13|batch_02|batch_05
zic008_aec7,20260929,5,54,8,35,batch_14|batch_07|batch_04|batch_06|batch_11,batch_03|batch_10|batch_01|batch_16|batch_09|batch_13|batch_02|batch_05
zic008_aec7,20260929,5,55,8,35,batch_15|batch_07|batch_04|batch_06|batch_11,batch_03|batch_10|batch_01|batch_16|batch_09|batch_13|batch_02|batch_05
zic008_aec7,20260929,6,0,8,35,batch_08|batch_12|batch_14|batch_15|batch_07|batch_04,batch_03|batch_10|batch_01|batch_16|batch_09|batch_13|batch_02|batch_05
zic008_aec7,20260929,6,1,8,35,batch_08|batch_12|batch_14|batch_15|batch_07|batch_06,batch_03|batch_10|batch_01|batch_16|batch_09|batch_13|batch_02|batch_05
zic008_aec7,20260929,6,2,8,35,batch_08|batch_12|batch_14|batch_15|batch_07|batch_11,batch_03|batch_10|batch_01|batch_16|batch_09|batch_13|batch_02|batch_05
zic008_aec7,20260929,6,3,8,35,batch_08|batch_12|batch_14|batch_15|batch_04|batch_06,batch_03|batch_10|batch_01|batch_16|batch_09|batch_13|batch_02|batch_05
zic008_aec7,20260929,6,4,8,35,batch_08|batch_12|batch_14|batch_15|batch_04|batch_11,batch_03|batch_10|batch_01|batch_16|batch_09|batch_13|batch_02|batch_05
zic008_aec7,20260929,6,5,8,35,batch_08|batch_12|batch_14|batch_15|batch_06|batch_11,batch_03|batch_10|batch_01|batch_16|batch_09|batch_13|batch_02|batch_05
zic008_aec7,20260929,6,6,8,35,batch_08|batch_12|batch_14|batch_07|batch_04|batch_06,batch_03|batch_10|batch_01|batch_16|batch_09|batch_13|batch_02|batch_05
zic008_aec7,20260929,6,7,8,35,batch_08|batch_12|batch_14|batch_07|batch_04|batch_11,batch_03|batch_10|batch_01|batch_16|batch_09|batch_13|batch_02|batch_05
zic008_aec7,20260929,6,8,8,35,batch_08|batch_12|batch_14|batch_07|batch_06|batch_11,batch_03|batch_10|batch_01|batch_16|batch_09|batch_13|batch_02|batch_05
zic008_aec7,20260929,6,9,8,35,batch_08|batch_12|batch_14|batch_04|batch_06|batch_11,batch_03|batch_10|batch_01|batch_16|batch_09|batch_13|batch_02|batch_05
zic008_aec7,20260929,6,10,8,35,batch_08|batch_12|batch_15|batch_07|batch_04|batch_06,batch_03|batch_10|batch_01|batch_16|batch_09|batch_13|batch_02|batch_05
zic008_aec7,20260929,6,11,8,35,batch_08|batch_12|batch_15|batch_07|batch_04|batch_11,batch_03|batch_10|batch_01|batch_16|batch_09|batch_13|batch_02|batch_05
zic008_aec7,20260929,6,12,8,35,batch_08|batch_12|batch_15|batch_07|batch_06|batch_11,batch_03|batch_10|batch_01|batch_16|batch_09|batch_13|batch_02|batch_05
zic008_aec7,20260929,6,13,8,35,batch_08|batch_12|batch_15|batch_04|batch_06|batch_11,batch_03|batch_10|batch_01|batch_16|batch_09|batch_13|batch_02|batch_05
zic008_aec7,20260929,6,14,8,35,batch_08|batch_12|batch_07|batch_04|batch_06|batch_11,batch_03|batch_10|batch_01|batch_16|batch_09|batch_13|batch_02|batch_05
zic008_aec7,20260929,6,15,8,35,batch_08|batch_14|batch_15|batch_07|batch_04|batch_06,batch_03|batch_10|batch_01|batch_16|batch_09|batch_13|batch_02|batch_05
zic008_aec7,20260929,6,16,8,35,batch_08|batch_14|batch_15|batch_07|batch_04|batch_11,batch_03|batch_10|batch_01|batch_16|batch_09|batch_13|batch_02|batch_05
zic008_aec7,20260929,6,17,8,35,batch_08|batch_14|batch_15|batch_07|batch_06|batch_11,batch_03|batch_10|batch_01|batch_16|batch_09|batch_13|batch_02|batch_05
zic008_aec7,20260929,6,18,8,35,batch_08|batch_14|batch_15|batch_04|batch_06|batch_11,batch_03|batch_10|batch_01|batch_16|batch_09|batch_13|batch_02|batch_05
zic008_aec7,20260929,6,19,8,35,batch_08|batch_14|batch_07|batch_04|batch_06|batch_11,batch_03|batch_10|batch_01|batch_16|batch_09|batch_13|batch_02|batch_05
zic008_aec7,20260929,6,20,8,35,batch_08|batch_15|batch_07|batch_04|batch_06|batch_11,batch_03|batch_10|batch_01|batch_16|batch_09|batch_13|batch_02|batch_05
zic008_aec7,20260929,6,21,8,35,batch_12|batch_14|batch_15|batch_07|batch_04|batch_06,batch_03|batch_10|batch_01|batch_16|batch_09|batch_13|batch_02|batch_05
zic008_aec7,20260929,6,22,8,35,batch_12|batch_14|batch_15|batch_07|batch_04|batch_11,batch_03|batch_10|batch_01|batch_16|batch_09|batch_13|batch_02|batch_05
zic008_aec7,20260929,6,23,8,35,batch_12|batch_14|batch_15|batch_07|batch_06|batch_11,batch_03|batch_10|batch_01|batch_16|batch_09|batch_13|batch_02|batch_05
zic008_aec7,20260929,6,24,8,35,batch_12|batch_14|batch_15|batch_04|batch_06|batch_11,batch_03|batch_10|batch_01|batch_16|batch_09|batch_13|batch_02|batch_05
zic008_aec7,20260929,6,25,8,35,batch_12|batch_14|batch_07|batch_04|batch_06|batch_11,batch_03|batch_10|batch_01|batch_16|batch_09|batch_13|batch_02|batch_05
zic008_aec7,20260929,6,26,8,35,batch_12|batch_15|batch_07|batch_04|batch_06|batch_11,batch_03|batch_10|batch_01|batch_16|batch_09|batch_13|batch_02|batch_05
zic008_aec7,20260929,6,27,8,35,batch_14|batch_15|batch_07|batch_04|batch_06|batch_11,batch_03|batch_10|batch_01|batch_16|batch_09|batch_13|batch_02|batch_05
zic008_aec7,20260929,7,0,8,35,batch_08|batch_12|batch_14|batch_15|batch_07|batch_04|batch_06,batch_03|batch_10|batch_01|batch_16|batch_09|batch_13|batch_02|batch_05
zic008_aec7,20260929,7,1,8,35,batch_08|batch_12|batch_14|batch_15|batch_07|batch_04|batch_11,batch_03|batch_10|batch_01|batch_16|batch_09|batch_13|batch_02|batch_05
zic008_aec7,20260929,7,2,8,35,batch_08|batch_12|batch_14|batch_15|batch_07|batch_06|batch_11,batch_03|batch_10|batch_01|batch_16|batch_09|batch_13|batch_02|batch_05
zic008_aec7,20260929,7,3,8,35,batch_08|batch_12|batch_14|batch_15|batch_04|batch_06|batch_11,batch_03|batch_10|batch_01|batch_16|batch_09|batch_13|batch_02|batch_05
zic008_aec7,20260929,7,4,8,35,batch_08|batch_12|batch_14|batch_07|batch_04|batch_06|batch_11,batch_03|batch_10|batch_01|batch_16|batch_09|batch_13|batch_02|batch_05
zic008_aec7,20260929,7,5,8,35,batch_08|batch_12|batch_15|batch_07|batch_04|batch_06|batch_11,batch_03|batch_10|batch_01|batch_16|batch_09|batch_13|batch_02|batch_05
zic008_aec7,20260929,7,6,8,35,batch_08|batch_14|batch_15|batch_07|batch_04|batch_06|batch_11,batch_03|batch_10|batch_01|batch_16|batch_09|batch_13|batch_02|batch_05
zic008_aec7,20260929,7,7,8,35,batch_12|batch_14|batch_15|batch_07|batch_04|batch_06|batch_11,batch_03|batch_10|batch_01|batch_16|batch_09|batch_13|batch_02|batch_05
zic008_aec7,20260929,8,0,8,35,batch_08|batch_12|batch_14|batch_15|batch_07|batch_04|batch_06|batch_11,batch_03|batch_10|batch_01|batch_16|batch_09|batch_13|batch_02|batch_05
zic008_aec7,20260930,1,0,8,35,batch_14,batch_16|batch_02|batch_06|batch_13|batch_12|batch_05|batch_15|batch_07
zic008_aec7,20260930,1,1,8,35,batch_09,batch_16|batch_02|batch_06|batch_13|batch_12|batch_05|batch_15|batch_07
zic008_aec7,20260930,1,2,8,35,batch_08,batch_16|batch_02|batch_06|batch_13|batch_12|batch_05|batch_15|batch_07
zic008_aec7,20260930,1,3,8,35,batch_03,batch_16|batch_02|batch_06|batch_13|batch_12|batch_05|batch_15|batch_07
zic008_aec7,20260930,1,4,8,35,batch_01,batch_16|batch_02|batch_06|batch_13|batch_12|batch_05|batch_15|batch_07
zic008_aec7,20260930,1,5,8,35,batch_04,batch_16|batch_02|batch_06|batch_13|batch_12|batch_05|batch_15|batch_07
zic008_aec7,20260930,1,6,8,35,batch_10,batch_16|batch_02|batch_06|batch_13|batch_12|batch_05|batch_15|batch_07
zic008_aec7,20260930,1,7,8,35,batch_11,batch_16|batch_02|batch_06|batch_13|batch_12|batch_05|batch_15|batch_07
zic008_aec7,20260930,2,0,8,35,batch_14|batch_09,batch_16|batch_02|batch_06|batch_13|batch_12|batch_05|batch_15|batch_07
zic008_aec7,20260930,2,1,8,35,batch_14|batch_08,batch_16|batch_02|batch_06|batch_13|batch_12|batch_05|batch_15|batch_07
zic008_aec7,20260930,2,2,8,35,batch_14|batch_03,batch_16|batch_02|batch_06|batch_13|batch_12|batch_05|batch_15|batch_07
zic008_aec7,20260930,2,3,8,35,batch_14|batch_01,batch_16|batch_02|batch_06|batch_13|batch_12|batch_05|batch_15|batch_07
zic008_aec7,20260930,2,4,8,35,batch_14|batch_04,batch_16|batch_02|batch_06|batch_13|batch_12|batch_05|batch_15|batch_07
zic008_aec7,20260930,2,5,8,35,batch_14|batch_10,batch_16|batch_02|batch_06|batch_13|batch_12|batch_05|batch_15|batch_07
zic008_aec7,20260930,2,6,8,35,batch_14|batch_11,batch_16|batch_02|batch_06|batch_13|batch_12|batch_05|batch_15|batch_07
zic008_aec7,20260930,2,7,8,35,batch_09|batch_08,batch_16|batch_02|batch_06|batch_13|batch_12|batch_05|batch_15|batch_07
zic008_aec7,20260930,2,8,8,35,batch_09|batch_03,batch_16|batch_02|batch_06|batch_13|batch_12|batch_05|batch_15|batch_07
zic008_aec7,20260930,2,9,8,35,batch_09|batch_01,batch_16|batch_02|batch_06|batch_13|batch_12|batch_05|batch_15|batch_07
zic008_aec7,20260930,2,10,8,35,batch_09|batch_04,batch_16|batch_02|batch_06|batch_13|batch_12|batch_05|batch_15|batch_07
zic008_aec7,20260930,2,11,8,35,batch_09|batch_10,batch_16|batch_02|batch_06|batch_13|batch_12|batch_05|batch_15|batch_07
zic008_aec7,20260930,2,12,8,35,batch_09|batch_11,batch_16|batch_02|batch_06|batch_13|batch_12|batch_05|batch_15|batch_07
zic008_aec7,20260930,2,13,8,35,batch_08|batch_03,batch_16|batch_02|batch_06|batch_13|batch_12|batch_05|batch_15|batch_07
zic008_aec7,20260930,2,14,8,35,batch_08|batch_01,batch_16|batch_02|batch_06|batch_13|batch_12|batch_05|batch_15|batch_07
zic008_aec7,20260930,2,15,8,35,batch_08|batch_04,batch_16|batch_02|batch_06|batch_13|batch_12|batch_05|batch_15|batch_07
zic008_aec7,20260930,2,16,8,35,batch_08|batch_10,batch_16|batch_02|batch_06|batch_13|batch_12|batch_05|batch_15|batch_07
zic008_aec7,20260930,2,17,8,35,batch_08|batch_11,batch_16|batch_02|batch_06|batch_13|batch_12|batch_05|batch_15|batch_07
zic008_aec7,20260930,2,18,8,35,batch_03|batch_01,batch_16|batch_02|batch_06|batch_13|batch_12|batch_05|batch_15|batch_07
zic008_aec7,20260930,2,19,8,35,batch_03|batch_04,batch_16|batch_02|batch_06|batch_13|batch_12|batch_05|batch_15|batch_07
zic008_aec7,20260930,2,20,8,35,batch_03|batch_10,batch_16|batch_02|batch_06|batch_13|batch_12|batch_05|batch_15|batch_07
zic008_aec7,20260930,2,21,8,35,batch_03|batch_11,batch_16|batch_02|batch_06|batch_13|batch_12|batch_05|batch_15|batch_07
zic008_aec7,20260930,2,22,8,35,batch_01|batch_04,batch_16|batch_02|batch_06|batch_13|batch_12|batch_05|batch_15|batch_07
zic008_aec7,20260930,2,23,8,35,batch_01|batch_10,batch_16|batch_02|batch_06|batch_13|batch_12|batch_05|batch_15|batch_07
zic008_aec7,20260930,2,24,8,35,batch_01|batch_11,batch_16|batch_02|batch_06|batch_13|batch_12|batch_05|batch_15|batch_07
zic008_aec7,20260930,2,25,8,35,batch_04|batch_10,batch_16|batch_02|batch_06|batch_13|batch_12|batch_05|batch_15|batch_07
zic008_aec7,20260930,2,26,8,35,batch_04|batch_11,batch_16|batch_02|batch_06|batch_13|batch_12|batch_05|batch_15|batch_07
zic008_aec7,20260930,2,27,8,35,batch_10|batch_11,batch_16|batch_02|batch_06|batch_13|batch_12|batch_05|batch_15|batch_07
zic008_aec7,20260930,3,0,8,35,batch_14|batch_09|batch_08,batch_16|batch_02|batch_06|batch_13|batch_12|batch_05|batch_15|batch_07
zic008_aec7,20260930,3,1,8,35,batch_14|batch_09|batch_03,batch_16|batch_02|batch_06|batch_13|batch_12|batch_05|batch_15|batch_07
zic008_aec7,20260930,3,2,8,35,batch_14|batch_09|batch_01,batch_16|batch_02|batch_06|batch_13|batch_12|batch_05|batch_15|batch_07
zic008_aec7,20260930,3,3,8,35,batch_14|batch_09|batch_04,batch_16|batch_02|batch_06|batch_13|batch_12|batch_05|batch_15|batch_07
zic008_aec7,20260930,3,4,8,35,batch_14|batch_09|batch_10,batch_16|batch_02|batch_06|batch_13|batch_12|batch_05|batch_15|batch_07
zic008_aec7,20260930,3,5,8,35,batch_14|batch_09|batch_11,batch_16|batch_02|batch_06|batch_13|batch_12|batch_05|batch_15|batch_07
zic008_aec7,20260930,3,6,8,35,batch_14|batch_08|batch_03,batch_16|batch_02|batch_06|batch_13|batch_12|batch_05|batch_15|batch_07
zic008_aec7,20260930,3,7,8,35,batch_14|batch_08|batch_01,batch_16|batch_02|batch_06|batch_13|batch_12|batch_05|batch_15|batch_07
zic008_aec7,20260930,3,8,8,35,batch_14|batch_08|batch_04,batch_16|batch_02|batch_06|batch_13|batch_12|batch_05|batch_15|batch_07
zic008_aec7,20260930,3,9,8,35,batch_14|batch_08|batch_10,batch_16|batch_02|batch_06|batch_13|batch_12|batch_05|batch_15|batch_07
zic008_aec7,20260930,3,10,8,35,batch_14|batch_08|batch_11,batch_16|batch_02|batch_06|batch_13|batch_12|batch_05|batch_15|batch_07
zic008_aec7,20260930,3,11,8,35,batch_14|batch_03|batch_01,batch_16|batch_02|batch_06|batch_13|batch_12|batch_05|batch_15|batch_07
zic008_aec7,20260930,3,12,8,35,batch_14|batch_03|batch_04,batch_16|batch_02|batch_06|batch_13|batch_12|batch_05|batch_15|batch_07
zic008_aec7,20260930,3,13,8,35,batch_14|batch_03|batch_10,batch_16|batch_02|batch_06|batch_13|batch_12|batch_05|batch_15|batch_07
zic008_aec7,20260930,3,14,8,35,batch_14|batch_03|batch_11,batch_16|batch_02|batch_06|batch_13|batch_12|batch_05|batch_15|batch_07
zic008_aec7,20260930,3,15,8,35,batch_14|batch_01|batch_04,batch_16|batch_02|batch_06|batch_13|batch_12|batch_05|batch_15|batch_07
zic008_aec7,20260930,3,16,8,35,batch_14|batch_01|batch_10,batch_16|batch_02|batch_06|batch_13|batch_12|batch_05|batch_15|batch_07
zic008_aec7,20260930,3,17,8,35,batch_14|batch_01|batch_11,batch_16|batch_02|batch_06|batch_13|batch_12|batch_05|batch_15|batch_07
zic008_aec7,20260930,3,18,8,35,batch_14|batch_04|batch_10,batch_16|batch_02|batch_06|batch_13|batch_12|batch_05|batch_15|batch_07
zic008_aec7,20260930,3,19,8,35,batch_14|batch_04|batch_11,batch_16|batch_02|batch_06|batch_13|batch_12|batch_05|batch_15|batch_07
zic008_aec7,20260930,3,20,8,35,batch_14|batch_10|batch_11,batch_16|batch_02|batch_06|batch_13|batch_12|batch_05|batch_15|batch_07
zic008_aec7,20260930,3,21,8,35,batch_09|batch_08|batch_03,batch_16|batch_02|batch_06|batch_13|batch_12|batch_05|batch_15|batch_07
zic008_aec7,20260930,3,22,8,35,batch_09|batch_08|batch_01,batch_16|batch_02|batch_06|batch_13|batch_12|batch_05|batch_15|batch_07
zic008_aec7,20260930,3,23,8,35,batch_09|batch_08|batch_04,batch_16|batch_02|batch_06|batch_13|batch_12|batch_05|batch_15|batch_07
zic008_aec7,20260930,3,24,8,35,batch_09|batch_08|batch_10,batch_16|batch_02|batch_06|batch_13|batch_12|batch_05|batch_15|batch_07
zic008_aec7,20260930,3,25,8,35,batch_09|batch_08|batch_11,batch_16|batch_02|batch_06|batch_13|batch_12|batch_05|batch_15|batch_07
zic008_aec7,20260930,3,26,8,35,batch_09|batch_03|batch_01,batch_16|batch_02|batch_06|batch_13|batch_12|batch_05|batch_15|batch_07
zic008_aec7,20260930,3,27,8,35,batch_09|batch_03|batch_04,batch_16|batch_02|batch_06|batch_13|batch_12|batch_05|batch_15|batch_07
zic008_aec7,20260930,3,28,8,35,batch_09|batch_03|batch_10,batch_16|batch_02|batch_06|batch_13|batch_12|batch_05|batch_15|batch_07
zic008_aec7,20260930,3,29,8,35,batch_09|batch_03|batch_11,batch_16|batch_02|batch_06|batch_13|batch_12|batch_05|batch_15|batch_07
zic008_aec7,20260930,3,30,8,35,batch_09|batch_01|batch_04,batch_16|batch_02|batch_06|batch_13|batch_12|batch_05|batch_15|batch_07
zic008_aec7,20260930,3,31,8,35,batch_09|batch_01|batch_10,batch_16|batch_02|batch_06|batch_13|batch_12|batch_05|batch_15|batch_07
zic008_aec7,20260930,3,32,8,35,batch_09|batch_01|batch_11,batch_16|batch_02|batch_06|batch_13|batch_12|batch_05|batch_15|batch_07
zic008_aec7,20260930,3,33,8,35,batch_09|batch_04|batch_10,batch_16|batch_02|batch_06|batch_13|batch_12|batch_05|batch_15|batch_07
zic008_aec7,20260930,3,34,8,35,batch_09|batch_04|batch_11,batch_16|batch_02|batch_06|batch_13|batch_12|batch_05|batch_15|batch_07
zic008_aec7,20260930,3,35,8,35,batch_09|batch_10|batch_11,batch_16|batch_02|batch_06|batch_13|batch_12|batch_05|batch_15|batch_07
zic008_aec7,20260930,3,36,8,35,batch_08|batch_03|batch_01,batch_16|batch_02|batch_06|batch_13|batch_12|batch_05|batch_15|batch_07
zic008_aec7,20260930,3,37,8,35,batch_08|batch_03|batch_04,batch_16|batch_02|batch_06|batch_13|batch_12|batch_05|batch_15|batch_07
zic008_aec7,20260930,3,38,8,35,batch_08|batch_03|batch_10,batch_16|batch_02|batch_06|batch_13|batch_12|batch_05|batch_15|batch_07
zic008_aec7,20260930,3,39,8,35,batch_08|batch_03|batch_11,batch_16|batch_02|batch_06|batch_13|batch_12|batch_05|batch_15|batch_07
zic008_aec7,20260930,3,40,8,35,batch_08|batch_01|batch_04,batch_16|batch_02|batch_06|batch_13|batch_12|batch_05|batch_15|batch_07
zic008_aec7,20260930,3,41,8,35,batch_08|batch_01|batch_10,batch_16|batch_02|batch_06|batch_13|batch_12|batch_05|batch_15|batch_07
zic008_aec7,20260930,3,42,8,35,batch_08|batch_01|batch_11,batch_16|batch_02|batch_06|batch_13|batch_12|batch_05|batch_15|batch_07
zic008_aec7,20260930,3,43,8,35,batch_08|batch_04|batch_10,batch_16|batch_02|batch_06|batch_13|batch_12|batch_05|batch_15|batch_07
zic008_aec7,20260930,3,44,8,35,batch_08|batch_04|batch_11,batch_16|batch_02|batch_06|batch_13|batch_12|batch_05|batch_15|batch_07
zic008_aec7,20260930,3,45,8,35,batch_08|batch_10|batch_11,batch_16|batch_02|batch_06|batch_13|batch_12|batch_05|batch_15|batch_07
zic008_aec7,20260930,3,46,8,35,batch_03|batch_01|batch_04,batch_16|batch_02|batch_06|batch_13|batch_12|batch_05|batch_15|batch_07
zic008_aec7,20260930,3,47,8,35,batch_03|batch_01|batch_10,batch_16|batch_02|batch_06|batch_13|batch_12|batch_05|batch_15|batch_07
zic008_aec7,20260930,3,48,8,35,batch_03|batch_01|batch_11,batch_16|batch_02|batch_06|batch_13|batch_12|batch_05|batch_15|batch_07
zic008_aec7,20260930,3,49,8,35,batch_03|batch_04|batch_10,batch_16|batch_02|batch_06|batch_13|batch_12|batch_05|batch_15|batch_07
zic008_aec7,20260930,3,50,8,35,batch_03|batch_04|batch_11,batch_16|batch_02|batch_06|batch_13|batch_12|batch_05|batch_15|batch_07
zic008_aec7,20260930,3,51,8,35,batch_03|batch_10|batch_11,batch_16|batch_02|batch_06|batch_13|batch_12|batch_05|batch_15|batch_07
zic008_aec7,20260930,3,52,8,35,batch_01|batch_04|batch_10,batch_16|batch_02|batch_06|batch_13|batch_12|batch_05|batch_15|batch_07
zic008_aec7,20260930,3,53,8,35,batch_01|batch_04|batch_11,batch_16|batch_02|batch_06|batch_13|batch_12|batch_05|batch_15|batch_07
zic008_aec7,20260930,3,54,8,35,batch_01|batch_10|batch_11,batch_16|batch_02|batch_06|batch_13|batch_12|batch_05|batch_15|batch_07
zic008_aec7,20260930,3,55,8,35,batch_04|batch_10|batch_11,batch_16|batch_02|batch_06|batch_13|batch_12|batch_05|batch_15|batch_07
zic008_aec7,20260930,4,0,8,35,batch_14|batch_09|batch_08|batch_03,batch_16|batch_02|batch_06|batch_13|batch_12|batch_05|batch_15|batch_07
zic008_aec7,20260930,4,1,8,35,batch_14|batch_09|batch_08|batch_01,batch_16|batch_02|batch_06|batch_13|batch_12|batch_05|batch_15|batch_07
zic008_aec7,20260930,4,2,8,35,batch_14|batch_09|batch_08|batch_04,batch_16|batch_02|batch_06|batch_13|batch_12|batch_05|batch_15|batch_07
zic008_aec7,20260930,4,3,8,35,batch_14|batch_09|batch_08|batch_10,batch_16|batch_02|batch_06|batch_13|batch_12|batch_05|batch_15|batch_07
zic008_aec7,20260930,4,4,8,35,batch_14|batch_09|batch_08|batch_11,batch_16|batch_02|batch_06|batch_13|batch_12|batch_05|batch_15|batch_07
zic008_aec7,20260930,4,5,8,35,batch_14|batch_09|batch_03|batch_01,batch_16|batch_02|batch_06|batch_13|batch_12|batch_05|batch_15|batch_07
zic008_aec7,20260930,4,6,8,35,batch_14|batch_09|batch_03|batch_04,batch_16|batch_02|batch_06|batch_13|batch_12|batch_05|batch_15|batch_07
zic008_aec7,20260930,4,7,8,35,batch_14|batch_09|batch_03|batch_10,batch_16|batch_02|batch_06|batch_13|batch_12|batch_05|batch_15|batch_07
zic008_aec7,20260930,4,8,8,35,batch_14|batch_09|batch_03|batch_11,batch_16|batch_02|batch_06|batch_13|batch_12|batch_05|batch_15|batch_07
zic008_aec7,20260930,4,9,8,35,batch_14|batch_09|batch_01|batch_04,batch_16|batch_02|batch_06|batch_13|batch_12|batch_05|batch_15|batch_07
zic008_aec7,20260930,4,10,8,35,batch_14|batch_09|batch_01|batch_10,batch_16|batch_02|batch_06|batch_13|batch_12|batch_05|batch_15|batch_07
zic008_aec7,20260930,4,11,8,35,batch_14|batch_09|batch_01|batch_11,batch_16|batch_02|batch_06|batch_13|batch_12|batch_05|batch_15|batch_07
zic008_aec7,20260930,4,12,8,35,batch_14|batch_09|batch_04|batch_10,batch_16|batch_02|batch_06|batch_13|batch_12|batch_05|batch_15|batch_07
zic008_aec7,20260930,4,13,8,35,batch_14|batch_09|batch_04|batch_11,batch_16|batch_02|batch_06|batch_13|batch_12|batch_05|batch_15|batch_07
zic008_aec7,20260930,4,14,8,35,batch_14|batch_09|batch_10|batch_11,batch_16|batch_02|batch_06|batch_13|batch_12|batch_05|batch_15|batch_07
zic008_aec7,20260930,4,15,8,35,batch_14|batch_08|batch_03|batch_01,batch_16|batch_02|batch_06|batch_13|batch_12|batch_05|batch_15|batch_07
zic008_aec7,20260930,4,16,8,35,batch_14|batch_08|batch_03|batch_04,batch_16|batch_02|batch_06|batch_13|batch_12|batch_05|batch_15|batch_07
zic008_aec7,20260930,4,17,8,35,batch_14|batch_08|batch_03|batch_10,batch_16|batch_02|batch_06|batch_13|batch_12|batch_05|batch_15|batch_07
zic008_aec7,20260930,4,18,8,35,batch_14|batch_08|batch_03|batch_11,batch_16|batch_02|batch_06|batch_13|batch_12|batch_05|batch_15|batch_07
zic008_aec7,20260930,4,19,8,35,batch_14|batch_08|batch_01|batch_04,batch_16|batch_02|batch_06|batch_13|batch_12|batch_05|batch_15|batch_07
zic008_aec7,20260930,4,20,8,35,batch_14|batch_08|batch_01|batch_10,batch_16|batch_02|batch_06|batch_13|batch_12|batch_05|batch_15|batch_07
zic008_aec7,20260930,4,21,8,35,batch_14|batch_08|batch_01|batch_11,batch_16|batch_02|batch_06|batch_13|batch_12|batch_05|batch_15|batch_07
zic008_aec7,20260930,4,22,8,35,batch_14|batch_08|batch_04|batch_10,batch_16|batch_02|batch_06|batch_13|batch_12|batch_05|batch_15|batch_07
zic008_aec7,20260930,4,23,8,35,batch_14|batch_08|batch_04|batch_11,batch_16|batch_02|batch_06|batch_13|batch_12|batch_05|batch_15|batch_07
zic008_aec7,20260930,4,24,8,35,batch_14|batch_08|batch_10|batch_11,batch_16|batch_02|batch_06|batch_13|batch_12|batch_05|batch_15|batch_07
zic008_aec7,20260930,4,25,8,35,batch_14|batch_03|batch_01|batch_04,batch_16|batch_02|batch_06|batch_13|batch_12|batch_05|batch_15|batch_07
zic008_aec7,20260930,4,26,8,35,batch_14|batch_03|batch_01|batch_10,batch_16|batch_02|batch_06|batch_13|batch_12|batch_05|batch_15|batch_07
zic008_aec7,20260930,4,27,8,35,batch_14|batch_03|batch_01|batch_11,batch_16|batch_02|batch_06|batch_13|batch_12|batch_05|batch_15|batch_07
zic008_aec7,20260930,4,28,8,35,batch_14|batch_03|batch_04|batch_10,batch_16|batch_02|batch_06|batch_13|batch_12|batch_05|batch_15|batch_07
zic008_aec7,20260930,4,29,8,35,batch_14|batch_03|batch_04|batch_11,batch_16|batch_02|batch_06|batch_13|batch_12|batch_05|batch_15|batch_07
zic008_aec7,20260930,4,30,8,35,batch_14|batch_03|batch_10|batch_11,batch_16|batch_02|batch_06|batch_13|batch_12|batch_05|batch_15|batch_07
zic008_aec7,20260930,4,31,8,35,batch_14|batch_01|batch_04|batch_10,batch_16|batch_02|batch_06|batch_13|batch_12|batch_05|batch_15|batch_07
zic008_aec7,20260930,4,32,8,35,batch_14|batch_01|batch_04|batch_11,batch_16|batch_02|batch_06|batch_13|batch_12|batch_05|batch_15|batch_07
zic008_aec7,20260930,4,33,8,35,batch_14|batch_01|batch_10|batch_11,batch_16|batch_02|batch_06|batch_13|batch_12|batch_05|batch_15|batch_07
zic008_aec7,20260930,4,34,8,35,batch_14|batch_04|batch_10|batch_11,batch_16|batch_02|batch_06|batch_13|batch_12|batch_05|batch_15|batch_07
zic008_aec7,20260930,4,35,8,35,batch_09|batch_08|batch_03|batch_01,batch_16|batch_02|batch_06|batch_13|batch_12|batch_05|batch_15|batch_07
zic008_aec7,20260930,4,36,8,35,batch_09|batch_08|batch_03|batch_04,batch_16|batch_02|batch_06|batch_13|batch_12|batch_05|batch_15|batch_07
zic008_aec7,20260930,4,37,8,35,batch_09|batch_08|batch_03|batch_10,batch_16|batch_02|batch_06|batch_13|batch_12|batch_05|batch_15|batch_07
zic008_aec7,20260930,4,38,8,35,batch_09|batch_08|batch_03|batch_11,batch_16|batch_02|batch_06|batch_13|batch_12|batch_05|batch_15|batch_07
zic008_aec7,20260930,4,39,8,35,batch_09|batch_08|batch_01|batch_04,batch_16|batch_02|batch_06|batch_13|batch_12|batch_05|batch_15|batch_07
zic008_aec7,20260930,4,40,8,35,batch_09|batch_08|batch_01|batch_10,batch_16|batch_02|batch_06|batch_13|batch_12|batch_05|batch_15|batch_07
zic008_aec7,20260930,4,41,8,35,batch_09|batch_08|batch_01|batch_11,batch_16|batch_02|batch_06|batch_13|batch_12|batch_05|batch_15|batch_07
zic008_aec7,20260930,4,42,8,35,batch_09|batch_08|batch_04|batch_10,batch_16|batch_02|batch_06|batch_13|batch_12|batch_05|batch_15|batch_07
zic008_aec7,20260930,4,43,8,35,batch_09|batch_08|batch_04|batch_11,batch_16|batch_02|batch_06|batch_13|batch_12|batch_05|batch_15|batch_07
zic008_aec7,20260930,4,44,8,35,batch_09|batch_08|batch_10|batch_11,batch_16|batch_02|batch_06|batch_13|batch_12|batch_05|batch_15|batch_07
zic008_aec7,20260930,4,45,8,35,batch_09|batch_03|batch_01|batch_04,batch_16|batch_02|batch_06|batch_13|batch_12|batch_05|batch_15|batch_07
zic008_aec7,20260930,4,46,8,35,batch_09|batch_03|batch_01|batch_10,batch_16|batch_02|batch_06|batch_13|batch_12|batch_05|batch_15|batch_07
zic008_aec7,20260930,4,47,8,35,batch_09|batch_03|batch_01|batch_11,batch_16|batch_02|batch_06|batch_13|batch_12|batch_05|batch_15|batch_07
zic008_aec7,20260930,4,48,8,35,batch_09|batch_03|batch_04|batch_10,batch_16|batch_02|batch_06|batch_13|batch_12|batch_05|batch_15|batch_07
zic008_aec7,20260930,4,49,8,35,batch_09|batch_03|batch_04|batch_11,batch_16|batch_02|batch_06|batch_13|batch_12|batch_05|batch_15|batch_07
zic008_aec7,20260930,4,50,8,35,batch_09|batch_03|batch_10|batch_11,batch_16|batch_02|batch_06|batch_13|batch_12|batch_05|batch_15|batch_07
zic008_aec7,20260930,4,51,8,35,batch_09|batch_01|batch_04|batch_10,batch_16|batch_02|batch_06|batch_13|batch_12|batch_05|batch_15|batch_07
zic008_aec7,20260930,4,52,8,35,batch_09|batch_01|batch_04|batch_11,batch_16|batch_02|batch_06|batch_13|batch_12|batch_05|batch_15|batch_07
zic008_aec7,20260930,4,53,8,35,batch_09|batch_01|batch_10|batch_11,batch_16|batch_02|batch_06|batch_13|batch_12|batch_05|batch_15|batch_07
zic008_aec7,20260930,4,54,8,35,batch_09|batch_04|batch_10|batch_11,batch_16|batch_02|batch_06|batch_13|batch_12|batch_05|batch_15|batch_07
zic008_aec7,20260930,4,55,8,35,batch_08|batch_03|batch_01|batch_04,batch_16|batch_02|batch_06|batch_13|batch_12|batch_05|batch_15|batch_07
zic008_aec7,20260930,4,56,8,35,batch_08|batch_03|batch_01|batch_10,batch_16|batch_02|batch_06|batch_13|batch_12|batch_05|batch_15|batch_07
zic008_aec7,20260930,4,57,8,35,batch_08|batch_03|batch_01|batch_11,batch_16|batch_02|batch_06|batch_13|batch_12|batch_05|batch_15|batch_07
zic008_aec7,20260930,4,58,8,35,batch_08|batch_03|batch_04|batch_10,batch_16|batch_02|batch_06|batch_13|batch_12|batch_05|batch_15|batch_07
zic008_aec7,20260930,4,59,8,35,batch_08|batch_03|batch_04|batch_11,batch_16|batch_02|batch_06|batch_13|batch_12|batch_05|batch_15|batch_07
zic008_aec7,20260930,4,60,8,35,batch_08|batch_03|batch_10|batch_11,batch_16|batch_02|batch_06|batch_13|batch_12|batch_05|batch_15|batch_07
zic008_aec7,20260930,4,61,8,35,batch_08|batch_01|batch_04|batch_10,batch_16|batch_02|batch_06|batch_13|batch_12|batch_05|batch_15|batch_07
zic008_aec7,20260930,4,62,8,35,batch_08|batch_01|batch_04|batch_11,batch_16|batch_02|batch_06|batch_13|batch_12|batch_05|batch_15|batch_07
zic008_aec7,20260930,4,63,8,35,batch_08|batch_01|batch_10|batch_11,batch_16|batch_02|batch_06|batch_13|batch_12|batch_05|batch_15|batch_07
zic008_aec7,20260930,4,64,8,35,batch_08|batch_04|batch_10|batch_11,batch_16|batch_02|batch_06|batch_13|batch_12|batch_05|batch_15|batch_07
zic008_aec7,20260930,4,65,8,35,batch_03|batch_01|batch_04|batch_10,batch_16|batch_02|batch_06|batch_13|batch_12|batch_05|batch_15|batch_07
zic008_aec7,20260930,4,66,8,35,batch_03|batch_01|batch_04|batch_11,batch_16|batch_02|batch_06|batch_13|batch_12|batch_05|batch_15|batch_07
zic008_aec7,20260930,4,67,8,35,batch_03|batch_01|batch_10|batch_11,batch_16|batch_02|batch_06|batch_13|batch_12|batch_05|batch_15|batch_07
zic008_aec7,20260930,4,68,8,35,batch_03|batch_04|batch_10|batch_11,batch_16|batch_02|batch_06|batch_13|batch_12|batch_05|batch_15|batch_07
zic008_aec7,20260930,4,69,8,35,batch_01|batch_04|batch_10|batch_11,batch_16|batch_02|batch_06|batch_13|batch_12|batch_05|batch_15|batch_07
zic008_aec7,20260930,5,0,8,35,batch_14|batch_09|batch_08|batch_03|batch_01,batch_16|batch_02|batch_06|batch_13|batch_12|batch_05|batch_15|batch_07
zic008_aec7,20260930,5,1,8,35,batch_14|batch_09|batch_08|batch_03|batch_04,batch_16|batch_02|batch_06|batch_13|batch_12|batch_05|batch_15|batch_07
zic008_aec7,20260930,5,2,8,35,batch_14|batch_09|batch_08|batch_03|batch_10,batch_16|batch_02|batch_06|batch_13|batch_12|batch_05|batch_15|batch_07
zic008_aec7,20260930,5,3,8,35,batch_14|batch_09|batch_08|batch_03|batch_11,batch_16|batch_02|batch_06|batch_13|batch_12|batch_05|batch_15|batch_07
zic008_aec7,20260930,5,4,8,35,batch_14|batch_09|batch_08|batch_01|batch_04,batch_16|batch_02|batch_06|batch_13|batch_12|batch_05|batch_15|batch_07
zic008_aec7,20260930,5,5,8,35,batch_14|batch_09|batch_08|batch_01|batch_10,batch_16|batch_02|batch_06|batch_13|batch_12|batch_05|batch_15|batch_07
zic008_aec7,20260930,5,6,8,35,batch_14|batch_09|batch_08|batch_01|batch_11,batch_16|batch_02|batch_06|batch_13|batch_12|batch_05|batch_15|batch_07
zic008_aec7,20260930,5,7,8,35,batch_14|batch_09|batch_08|batch_04|batch_10,batch_16|batch_02|batch_06|batch_13|batch_12|batch_05|batch_15|batch_07
zic008_aec7,20260930,5,8,8,35,batch_14|batch_09|batch_08|batch_04|batch_11,batch_16|batch_02|batch_06|batch_13|batch_12|batch_05|batch_15|batch_07
zic008_aec7,20260930,5,9,8,35,batch_14|batch_09|batch_08|batch_10|batch_11,batch_16|batch_02|batch_06|batch_13|batch_12|batch_05|batch_15|batch_07
zic008_aec7,20260930,5,10,8,35,batch_14|batch_09|batch_03|batch_01|batch_04,batch_16|batch_02|batch_06|batch_13|batch_12|batch_05|batch_15|batch_07
zic008_aec7,20260930,5,11,8,35,batch_14|batch_09|batch_03|batch_01|batch_10,batch_16|batch_02|batch_06|batch_13|batch_12|batch_05|batch_15|batch_07
zic008_aec7,20260930,5,12,8,35,batch_14|batch_09|batch_03|batch_01|batch_11,batch_16|batch_02|batch_06|batch_13|batch_12|batch_05|batch_15|batch_07
zic008_aec7,20260930,5,13,8,35,batch_14|batch_09|batch_03|batch_04|batch_10,batch_16|batch_02|batch_06|batch_13|batch_12|batch_05|batch_15|batch_07
zic008_aec7,20260930,5,14,8,35,batch_14|batch_09|batch_03|batch_04|batch_11,batch_16|batch_02|batch_06|batch_13|batch_12|batch_05|batch_15|batch_07
zic008_aec7,20260930,5,15,8,35,batch_14|batch_09|batch_03|batch_10|batch_11,batch_16|batch_02|batch_06|batch_13|batch_12|batch_05|batch_15|batch_07
zic008_aec7,20260930,5,16,8,35,batch_14|batch_09|batch_01|batch_04|batch_10,batch_16|batch_02|batch_06|batch_13|batch_12|batch_05|batch_15|batch_07
zic008_aec7,20260930,5,17,8,35,batch_14|batch_09|batch_01|batch_04|batch_11,batch_16|batch_02|batch_06|batch_13|batch_12|batch_05|batch_15|batch_07
zic008_aec7,20260930,5,18,8,35,batch_14|batch_09|batch_01|batch_10|batch_11,batch_16|batch_02|batch_06|batch_13|batch_12|batch_05|batch_15|batch_07
zic008_aec7,20260930,5,19,8,35,batch_14|batch_09|batch_04|batch_10|batch_11,batch_16|batch_02|batch_06|batch_13|batch_12|batch_05|batch_15|batch_07
zic008_aec7,20260930,5,20,8,35,batch_14|batch_08|batch_03|batch_01|batch_04,batch_16|batch_02|batch_06|batch_13|batch_12|batch_05|batch_15|batch_07
zic008_aec7,20260930,5,21,8,35,batch_14|batch_08|batch_03|batch_01|batch_10,batch_16|batch_02|batch_06|batch_13|batch_12|batch_05|batch_15|batch_07
zic008_aec7,20260930,5,22,8,35,batch_14|batch_08|batch_03|batch_01|batch_11,batch_16|batch_02|batch_06|batch_13|batch_12|batch_05|batch_15|batch_07
zic008_aec7,20260930,5,23,8,35,batch_14|batch_08|batch_03|batch_04|batch_10,batch_16|batch_02|batch_06|batch_13|batch_12|batch_05|batch_15|batch_07
zic008_aec7,20260930,5,24,8,35,batch_14|batch_08|batch_03|batch_04|batch_11,batch_16|batch_02|batch_06|batch_13|batch_12|batch_05|batch_15|batch_07
zic008_aec7,20260930,5,25,8,35,batch_14|batch_08|batch_03|batch_10|batch_11,batch_16|batch_02|batch_06|batch_13|batch_12|batch_05|batch_15|batch_07
zic008_aec7,20260930,5,26,8,35,batch_14|batch_08|batch_01|batch_04|batch_10,batch_16|batch_02|batch_06|batch_13|batch_12|batch_05|batch_15|batch_07
zic008_aec7,20260930,5,27,8,35,batch_14|batch_08|batch_01|batch_04|batch_11,batch_16|batch_02|batch_06|batch_13|batch_12|batch_05|batch_15|batch_07
zic008_aec7,20260930,5,28,8,35,batch_14|batch_08|batch_01|batch_10|batch_11,batch_16|batch_02|batch_06|batch_13|batch_12|batch_05|batch_15|batch_07
zic008_aec7,20260930,5,29,8,35,batch_14|batch_08|batch_04|batch_10|batch_11,batch_16|batch_02|batch_06|batch_13|batch_12|batch_05|batch_15|batch_07
zic008_aec7,20260930,5,30,8,35,batch_14|batch_03|batch_01|batch_04|batch_10,batch_16|batch_02|batch_06|batch_13|batch_12|batch_05|batch_15|batch_07
zic008_aec7,20260930,5,31,8,35,batch_14|batch_03|batch_01|batch_04|batch_11,batch_16|batch_02|batch_06|batch_13|batch_12|batch_05|batch_15|batch_07
zic008_aec7,20260930,5,32,8,35,batch_14|batch_03|batch_01|batch_10|batch_11,batch_16|batch_02|batch_06|batch_13|batch_12|batch_05|batch_15|batch_07
zic008_aec7,20260930,5,33,8,35,batch_14|batch_03|batch_04|batch_10|batch_11,batch_16|batch_02|batch_06|batch_13|batch_12|batch_05|batch_15|batch_07
zic008_aec7,20260930,5,34,8,35,batch_14|batch_01|batch_04|batch_10|batch_11,batch_16|batch_02|batch_06|batch_13|batch_12|batch_05|batch_15|batch_07
zic008_aec7,20260930,5,35,8,35,batch_09|batch_08|batch_03|batch_01|batch_04,batch_16|batch_02|batch_06|batch_13|batch_12|batch_05|batch_15|batch_07
zic008_aec7,20260930,5,36,8,35,batch_09|batch_08|batch_03|batch_01|batch_10,batch_16|batch_02|batch_06|batch_13|batch_12|batch_05|batch_15|batch_07
zic008_aec7,20260930,5,37,8,35,batch_09|batch_08|batch_03|batch_01|batch_11,batch_16|batch_02|batch_06|batch_13|batch_12|batch_05|batch_15|batch_07
zic008_aec7,20260930,5,38,8,35,batch_09|batch_08|batch_03|batch_04|batch_10,batch_16|batch_02|batch_06|batch_13|batch_12|batch_05|batch_15|batch_07
zic008_aec7,20260930,5,39,8,35,batch_09|batch_08|batch_03|batch_04|batch_11,batch_16|batch_02|batch_06|batch_13|batch_12|batch_05|batch_15|batch_07
zic008_aec7,20260930,5,40,8,35,batch_09|batch_08|batch_03|batch_10|batch_11,batch_16|batch_02|batch_06|batch_13|batch_12|batch_05|batch_15|batch_07
zic008_aec7,20260930,5,41,8,35,batch_09|batch_08|batch_01|batch_04|batch_10,batch_16|batch_02|batch_06|batch_13|batch_12|batch_05|batch_15|batch_07
zic008_aec7,20260930,5,42,8,35,batch_09|batch_08|batch_01|batch_04|batch_11,batch_16|batch_02|batch_06|batch_13|batch_12|batch_05|batch_15|batch_07
zic008_aec7,20260930,5,43,8,35,batch_09|batch_08|batch_01|batch_10|batch_11,batch_16|batch_02|batch_06|batch_13|batch_12|batch_05|batch_15|batch_07
zic008_aec7,20260930,5,44,8,35,batch_09|batch_08|batch_04|batch_10|batch_11,batch_16|batch_02|batch_06|batch_13|batch_12|batch_05|batch_15|batch_07
zic008_aec7,20260930,5,45,8,35,batch_09|batch_03|batch_01|batch_04|batch_10,batch_16|batch_02|batch_06|batch_13|batch_12|batch_05|batch_15|batch_07
zic008_aec7,20260930,5,46,8,35,batch_09|batch_03|batch_01|batch_04|batch_11,batch_16|batch_02|batch_06|batch_13|batch_12|batch_05|batch_15|batch_07
zic008_aec7,20260930,5,47,8,35,batch_09|batch_03|batch_01|batch_10|batch_11,batch_16|batch_02|batch_06|batch_13|batch_12|batch_05|batch_15|batch_07
zic008_aec7,20260930,5,48,8,35,batch_09|batch_03|batch_04|batch_10|batch_11,batch_16|batch_02|batch_06|batch_13|batch_12|batch_05|batch_15|batch_07
zic008_aec7,20260930,5,49,8,35,batch_09|batch_01|batch_04|batch_10|batch_11,batch_16|batch_02|batch_06|batch_13|batch_12|batch_05|batch_15|batch_07
zic008_aec7,20260930,5,50,8,35,batch_08|batch_03|batch_01|batch_04|batch_10,batch_16|batch_02|batch_06|batch_13|batch_12|batch_05|batch_15|batch_07
zic008_aec7,20260930,5,51,8,35,batch_08|batch_03|batch_01|batch_04|batch_11,batch_16|batch_02|batch_06|batch_13|batch_12|batch_05|batch_15|batch_07
zic008_aec7,20260930,5,52,8,35,batch_08|batch_03|batch_01|batch_10|batch_11,batch_16|batch_02|batch_06|batch_13|batch_12|batch_05|batch_15|batch_07
zic008_aec7,20260930,5,53,8,35,batch_08|batch_03|batch_04|batch_10|batch_11,batch_16|batch_02|batch_06|batch_13|batch_12|batch_05|batch_15|batch_07
zic008_aec7,20260930,5,54,8,35,batch_08|batch_01|batch_04|batch_10|batch_11,batch_16|batch_02|batch_06|batch_13|batch_12|batch_05|batch_15|batch_07
zic008_aec7,20260930,5,55,8,35,batch_03|batch_01|batch_04|batch_10|batch_11,batch_16|batch_02|batch_06|batch_13|batch_12|batch_05|batch_15|batch_07
zic008_aec7,20260930,6,0,8,35,batch_14|batch_09|batch_08|batch_03|batch_01|batch_04,batch_16|batch_02|batch_06|batch_13|batch_12|batch_05|batch_15|batch_07
zic008_aec7,20260930,6,1,8,35,batch_14|batch_09|batch_08|batch_03|batch_01|batch_10,batch_16|batch_02|batch_06|batch_13|batch_12|batch_05|batch_15|batch_07
zic008_aec7,20260930,6,2,8,35,batch_14|batch_09|batch_08|batch_03|batch_01|batch_11,batch_16|batch_02|batch_06|batch_13|batch_12|batch_05|batch_15|batch_07
zic008_aec7,20260930,6,3,8,35,batch_14|batch_09|batch_08|batch_03|batch_04|batch_10,batch_16|batch_02|batch_06|batch_13|batch_12|batch_05|batch_15|batch_07
zic008_aec7,20260930,6,4,8,35,batch_14|batch_09|batch_08|batch_03|batch_04|batch_11,batch_16|batch_02|batch_06|batch_13|batch_12|batch_05|batch_15|batch_07
zic008_aec7,20260930,6,5,8,35,batch_14|batch_09|batch_08|batch_03|batch_10|batch_11,batch_16|batch_02|batch_06|batch_13|batch_12|batch_05|batch_15|batch_07
zic008_aec7,20260930,6,6,8,35,batch_14|batch_09|batch_08|batch_01|batch_04|batch_10,batch_16|batch_02|batch_06|batch_13|batch_12|batch_05|batch_15|batch_07
zic008_aec7,20260930,6,7,8,35,batch_14|batch_09|batch_08|batch_01|batch_04|batch_11,batch_16|batch_02|batch_06|batch_13|batch_12|batch_05|batch_15|batch_07
zic008_aec7,20260930,6,8,8,35,batch_14|batch_09|batch_08|batch_01|batch_10|batch_11,batch_16|batch_02|batch_06|batch_13|batch_12|batch_05|batch_15|batch_07
zic008_aec7,20260930,6,9,8,35,batch_14|batch_09|batch_08|batch_04|batch_10|batch_11,batch_16|batch_02|batch_06|batch_13|batch_12|batch_05|batch_15|batch_07
zic008_aec7,20260930,6,10,8,35,batch_14|batch_09|batch_03|batch_01|batch_04|batch_10,batch_16|batch_02|batch_06|batch_13|batch_12|batch_05|batch_15|batch_07
zic008_aec7,20260930,6,11,8,35,batch_14|batch_09|batch_03|batch_01|batch_04|batch_11,batch_16|batch_02|batch_06|batch_13|batch_12|batch_05|batch_15|batch_07
zic008_aec7,20260930,6,12,8,35,batch_14|batch_09|batch_03|batch_01|batch_10|batch_11,batch_16|batch_02|batch_06|batch_13|batch_12|batch_05|batch_15|batch_07
zic008_aec7,20260930,6,13,8,35,batch_14|batch_09|batch_03|batch_04|batch_10|batch_11,batch_16|batch_02|batch_06|batch_13|batch_12|batch_05|batch_15|batch_07
zic008_aec7,20260930,6,14,8,35,batch_14|batch_09|batch_01|batch_04|batch_10|batch_11,batch_16|batch_02|batch_06|batch_13|batch_12|batch_05|batch_15|batch_07
zic008_aec7,20260930,6,15,8,35,batch_14|batch_08|batch_03|batch_01|batch_04|batch_10,batch_16|batch_02|batch_06|batch_13|batch_12|batch_05|batch_15|batch_07
zic008_aec7,20260930,6,16,8,35,batch_14|batch_08|batch_03|batch_01|batch_04|batch_11,batch_16|batch_02|batch_06|batch_13|batch_12|batch_05|batch_15|batch_07
zic008_aec7,20260930,6,17,8,35,batch_14|batch_08|batch_03|batch_01|batch_10|batch_11,batch_16|batch_02|batch_06|batch_13|batch_12|batch_05|batch_15|batch_07
zic008_aec7,20260930,6,18,8,35,batch_14|batch_08|batch_03|batch_04|batch_10|batch_11,batch_16|batch_02|batch_06|batch_13|batch_12|batch_05|batch_15|batch_07
zic008_aec7,20260930,6,19,8,35,batch_14|batch_08|batch_01|batch_04|batch_10|batch_11,batch_16|batch_02|batch_06|batch_13|batch_12|batch_05|batch_15|batch_07
zic008_aec7,20260930,6,20,8,35,batch_14|batch_03|batch_01|batch_04|batch_10|batch_11,batch_16|batch_02|batch_06|batch_13|batch_12|batch_05|batch_15|batch_07
zic008_aec7,20260930,6,21,8,35,batch_09|batch_08|batch_03|batch_01|batch_04|batch_10,batch_16|batch_02|batch_06|batch_13|batch_12|batch_05|batch_15|batch_07
zic008_aec7,20260930,6,22,8,35,batch_09|batch_08|batch_03|batch_01|batch_04|batch_11,batch_16|batch_02|batch_06|batch_13|batch_12|batch_05|batch_15|batch_07
zic008_aec7,20260930,6,23,8,35,batch_09|batch_08|batch_03|batch_01|batch_10|batch_11,batch_16|batch_02|batch_06|batch_13|batch_12|batch_05|batch_15|batch_07
zic008_aec7,20260930,6,24,8,35,batch_09|batch_08|batch_03|batch_04|batch_10|batch_11,batch_16|batch_02|batch_06|batch_13|batch_12|batch_05|batch_15|batch_07
zic008_aec7,20260930,6,25,8,35,batch_09|batch_08|batch_01|batch_04|batch_10|batch_11,batch_16|batch_02|batch_06|batch_13|batch_12|batch_05|batch_15|batch_07
zic008_aec7,20260930,6,26,8,35,batch_09|batch_03|batch_01|batch_04|batch_10|batch_11,batch_16|batch_02|batch_06|batch_13|batch_12|batch_05|batch_15|batch_07
zic008_aec7,20260930,6,27,8,35,batch_08|batch_03|batch_01|batch_04|batch_10|batch_11,batch_16|batch_02|batch_06|batch_13|batch_12|batch_05|batch_15|batch_07
zic008_aec7,20260930,7,0,8,35,batch_14|batch_09|batch_08|batch_03|batch_01|batch_04|batch_10,batch_16|batch_02|batch_06|batch_13|batch_12|batch_05|batch_15|batch_07
zic008_aec7,20260930,7,1,8,35,batch_14|batch_09|batch_08|batch_03|batch_01|batch_04|batch_11,batch_16|batch_02|batch_06|batch_13|batch_12|batch_05|batch_15|batch_07
zic008_aec7,20260930,7,2,8,35,batch_14|batch_09|batch_08|batch_03|batch_01|batch_10|batch_11,batch_16|batch_02|batch_06|batch_13|batch_12|batch_05|batch_15|batch_07
zic008_aec7,20260930,7,3,8,35,batch_14|batch_09|batch_08|batch_03|batch_04|batch_10|batch_11,batch_16|batch_02|batch_06|batch_13|batch_12|batch_05|batch_15|batch_07
zic008_aec7,20260930,7,4,8,35,batch_14|batch_09|batch_08|batch_01|batch_04|batch_10|batch_11,batch_16|batch_02|batch_06|batch_13|batch_12|batch_05|batch_15|batch_07
zic008_aec7,20260930,7,5,8,35,batch_14|batch_09|batch_03|batch_01|batch_04|batch_10|batch_11,batch_16|batch_02|batch_06|batch_13|batch_12|batch_05|batch_15|batch_07
zic008_aec7,20260930,7,6,8,35,batch_14|batch_08|batch_03|batch_01|batch_04|batch_10|batch_11,batch_16|batch_02|batch_06|batch_13|batch_12|batch_05|batch_15|batch_07
zic008_aec7,20260930,7,7,8,35,batch_09|batch_08|batch_03|batch_01|batch_04|batch_10|batch_11,batch_16|batch_02|batch_06|batch_13|batch_12|batch_05|batch_15|batch_07
zic008_aec7,20260930,8,0,8,35,batch_14|batch_09|batch_08|batch_03|batch_01|batch_04|batch_10|batch_11,batch_16|batch_02|batch_06|batch_13|batch_12|batch_05|batch_15|batch_07
zic008_aec7,20260931,1,0,8,35,batch_03,batch_11|batch_06|batch_14|batch_04|batch_09|batch_01|batch_15|batch_16
zic008_aec7,20260931,1,1,8,35,batch_05,batch_11|batch_06|batch_14|batch_04|batch_09|batch_01|batch_15|batch_16
zic008_aec7,20260931,1,2,8,35,batch_08,batch_11|batch_06|batch_14|batch_04|batch_09|batch_01|batch_15|batch_16
zic008_aec7,20260931,1,3,8,35,batch_13,batch_11|batch_06|batch_14|batch_04|batch_09|batch_01|batch_15|batch_16
zic008_aec7,20260931,1,4,8,35,batch_10,batch_11|batch_06|batch_14|batch_04|batch_09|batch_01|batch_15|batch_16
zic008_aec7,20260931,1,5,8,35,batch_07,batch_11|batch_06|batch_14|batch_04|batch_09|batch_01|batch_15|batch_16
zic008_aec7,20260931,1,6,8,35,batch_02,batch_11|batch_06|batch_14|batch_04|batch_09|batch_01|batch_15|batch_16
zic008_aec7,20260931,1,7,8,35,batch_12,batch_11|batch_06|batch_14|batch_04|batch_09|batch_01|batch_15|batch_16
zic008_aec7,20260931,2,0,8,35,batch_03|batch_05,batch_11|batch_06|batch_14|batch_04|batch_09|batch_01|batch_15|batch_16
zic008_aec7,20260931,2,1,8,35,batch_03|batch_08,batch_11|batch_06|batch_14|batch_04|batch_09|batch_01|batch_15|batch_16
zic008_aec7,20260931,2,2,8,35,batch_03|batch_13,batch_11|batch_06|batch_14|batch_04|batch_09|batch_01|batch_15|batch_16
zic008_aec7,20260931,2,3,8,35,batch_03|batch_10,batch_11|batch_06|batch_14|batch_04|batch_09|batch_01|batch_15|batch_16
zic008_aec7,20260931,2,4,8,35,batch_03|batch_07,batch_11|batch_06|batch_14|batch_04|batch_09|batch_01|batch_15|batch_16
zic008_aec7,20260931,2,5,8,35,batch_03|batch_02,batch_11|batch_06|batch_14|batch_04|batch_09|batch_01|batch_15|batch_16
zic008_aec7,20260931,2,6,8,35,batch_03|batch_12,batch_11|batch_06|batch_14|batch_04|batch_09|batch_01|batch_15|batch_16
zic008_aec7,20260931,2,7,8,35,batch_05|batch_08,batch_11|batch_06|batch_14|batch_04|batch_09|batch_01|batch_15|batch_16
zic008_aec7,20260931,2,8,8,35,batch_05|batch_13,batch_11|batch_06|batch_14|batch_04|batch_09|batch_01|batch_15|batch_16
zic008_aec7,20260931,2,9,8,35,batch_05|batch_10,batch_11|batch_06|batch_14|batch_04|batch_09|batch_01|batch_15|batch_16
zic008_aec7,20260931,2,10,8,35,batch_05|batch_07,batch_11|batch_06|batch_14|batch_04|batch_09|batch_01|batch_15|batch_16
zic008_aec7,20260931,2,11,8,35,batch_05|batch_02,batch_11|batch_06|batch_14|batch_04|batch_09|batch_01|batch_15|batch_16
zic008_aec7,20260931,2,12,8,35,batch_05|batch_12,batch_11|batch_06|batch_14|batch_04|batch_09|batch_01|batch_15|batch_16
zic008_aec7,20260931,2,13,8,35,batch_08|batch_13,batch_11|batch_06|batch_14|batch_04|batch_09|batch_01|batch_15|batch_16
zic008_aec7,20260931,2,14,8,35,batch_08|batch_10,batch_11|batch_06|batch_14|batch_04|batch_09|batch_01|batch_15|batch_16
zic008_aec7,20260931,2,15,8,35,batch_08|batch_07,batch_11|batch_06|batch_14|batch_04|batch_09|batch_01|batch_15|batch_16
zic008_aec7,20260931,2,16,8,35,batch_08|batch_02,batch_11|batch_06|batch_14|batch_04|batch_09|batch_01|batch_15|batch_16
zic008_aec7,20260931,2,17,8,35,batch_08|batch_12,batch_11|batch_06|batch_14|batch_04|batch_09|batch_01|batch_15|batch_16
zic008_aec7,20260931,2,18,8,35,batch_13|batch_10,batch_11|batch_06|batch_14|batch_04|batch_09|batch_01|batch_15|batch_16
zic008_aec7,20260931,2,19,8,35,batch_13|batch_07,batch_11|batch_06|batch_14|batch_04|batch_09|batch_01|batch_15|batch_16
zic008_aec7,20260931,2,20,8,35,batch_13|batch_02,batch_11|batch_06|batch_14|batch_04|batch_09|batch_01|batch_15|batch_16
zic008_aec7,20260931,2,21,8,35,batch_13|batch_12,batch_11|batch_06|batch_14|batch_04|batch_09|batch_01|batch_15|batch_16
zic008_aec7,20260931,2,22,8,35,batch_10|batch_07,batch_11|batch_06|batch_14|batch_04|batch_09|batch_01|batch_15|batch_16
zic008_aec7,20260931,2,23,8,35,batch_10|batch_02,batch_11|batch_06|batch_14|batch_04|batch_09|batch_01|batch_15|batch_16
zic008_aec7,20260931,2,24,8,35,batch_10|batch_12,batch_11|batch_06|batch_14|batch_04|batch_09|batch_01|batch_15|batch_16
zic008_aec7,20260931,2,25,8,35,batch_07|batch_02,batch_11|batch_06|batch_14|batch_04|batch_09|batch_01|batch_15|batch_16
zic008_aec7,20260931,2,26,8,35,batch_07|batch_12,batch_11|batch_06|batch_14|batch_04|batch_09|batch_01|batch_15|batch_16
zic008_aec7,20260931,2,27,8,35,batch_02|batch_12,batch_11|batch_06|batch_14|batch_04|batch_09|batch_01|batch_15|batch_16
zic008_aec7,20260931,3,0,8,35,batch_03|batch_05|batch_08,batch_11|batch_06|batch_14|batch_04|batch_09|batch_01|batch_15|batch_16
zic008_aec7,20260931,3,1,8,35,batch_03|batch_05|batch_13,batch_11|batch_06|batch_14|batch_04|batch_09|batch_01|batch_15|batch_16
zic008_aec7,20260931,3,2,8,35,batch_03|batch_05|batch_10,batch_11|batch_06|batch_14|batch_04|batch_09|batch_01|batch_15|batch_16
zic008_aec7,20260931,3,3,8,35,batch_03|batch_05|batch_07,batch_11|batch_06|batch_14|batch_04|batch_09|batch_01|batch_15|batch_16
zic008_aec7,20260931,3,4,8,35,batch_03|batch_05|batch_02,batch_11|batch_06|batch_14|batch_04|batch_09|batch_01|batch_15|batch_16
zic008_aec7,20260931,3,5,8,35,batch_03|batch_05|batch_12,batch_11|batch_06|batch_14|batch_04|batch_09|batch_01|batch_15|batch_16
zic008_aec7,20260931,3,6,8,35,batch_03|batch_08|batch_13,batch_11|batch_06|batch_14|batch_04|batch_09|batch_01|batch_15|batch_16
zic008_aec7,20260931,3,7,8,35,batch_03|batch_08|batch_10,batch_11|batch_06|batch_14|batch_04|batch_09|batch_01|batch_15|batch_16
zic008_aec7,20260931,3,8,8,35,batch_03|batch_08|batch_07,batch_11|batch_06|batch_14|batch_04|batch_09|batch_01|batch_15|batch_16
zic008_aec7,20260931,3,9,8,35,batch_03|batch_08|batch_02,batch_11|batch_06|batch_14|batch_04|batch_09|batch_01|batch_15|batch_16
zic008_aec7,20260931,3,10,8,35,batch_03|batch_08|batch_12,batch_11|batch_06|batch_14|batch_04|batch_09|batch_01|batch_15|batch_16
zic008_aec7,20260931,3,11,8,35,batch_03|batch_13|batch_10,batch_11|batch_06|batch_14|batch_04|batch_09|batch_01|batch_15|batch_16
zic008_aec7,20260931,3,12,8,35,batch_03|batch_13|batch_07,batch_11|batch_06|batch_14|batch_04|batch_09|batch_01|batch_15|batch_16
zic008_aec7,20260931,3,13,8,35,batch_03|batch_13|batch_02,batch_11|batch_06|batch_14|batch_04|batch_09|batch_01|batch_15|batch_16
zic008_aec7,20260931,3,14,8,35,batch_03|batch_13|batch_12,batch_11|batch_06|batch_14|batch_04|batch_09|batch_01|batch_15|batch_16
zic008_aec7,20260931,3,15,8,35,batch_03|batch_10|batch_07,batch_11|batch_06|batch_14|batch_04|batch_09|batch_01|batch_15|batch_16
zic008_aec7,20260931,3,16,8,35,batch_03|batch_10|batch_02,batch_11|batch_06|batch_14|batch_04|batch_09|batch_01|batch_15|batch_16
zic008_aec7,20260931,3,17,8,35,batch_03|batch_10|batch_12,batch_11|batch_06|batch_14|batch_04|batch_09|batch_01|batch_15|batch_16
zic008_aec7,20260931,3,18,8,35,batch_03|batch_07|batch_02,batch_11|batch_06|batch_14|batch_04|batch_09|batch_01|batch_15|batch_16
zic008_aec7,20260931,3,19,8,35,batch_03|batch_07|batch_12,batch_11|batch_06|batch_14|batch_04|batch_09|batch_01|batch_15|batch_16
zic008_aec7,20260931,3,20,8,35,batch_03|batch_02|batch_12,batch_11|batch_06|batch_14|batch_04|batch_09|batch_01|batch_15|batch_16
zic008_aec7,20260931,3,21,8,35,batch_05|batch_08|batch_13,batch_11|batch_06|batch_14|batch_04|batch_09|batch_01|batch_15|batch_16
zic008_aec7,20260931,3,22,8,35,batch_05|batch_08|batch_10,batch_11|batch_06|batch_14|batch_04|batch_09|batch_01|batch_15|batch_16
zic008_aec7,20260931,3,23,8,35,batch_05|batch_08|batch_07,batch_11|batch_06|batch_14|batch_04|batch_09|batch_01|batch_15|batch_16
zic008_aec7,20260931,3,24,8,35,batch_05|batch_08|batch_02,batch_11|batch_06|batch_14|batch_04|batch_09|batch_01|batch_15|batch_16
zic008_aec7,20260931,3,25,8,35,batch_05|batch_08|batch_12,batch_11|batch_06|batch_14|batch_04|batch_09|batch_01|batch_15|batch_16
zic008_aec7,20260931,3,26,8,35,batch_05|batch_13|batch_10,batch_11|batch_06|batch_14|batch_04|batch_09|batch_01|batch_15|batch_16
zic008_aec7,20260931,3,27,8,35,batch_05|batch_13|batch_07,batch_11|batch_06|batch_14|batch_04|batch_09|batch_01|batch_15|batch_16
zic008_aec7,20260931,3,28,8,35,batch_05|batch_13|batch_02,batch_11|batch_06|batch_14|batch_04|batch_09|batch_01|batch_15|batch_16
zic008_aec7,20260931,3,29,8,35,batch_05|batch_13|batch_12,batch_11|batch_06|batch_14|batch_04|batch_09|batch_01|batch_15|batch_16
zic008_aec7,20260931,3,30,8,35,batch_05|batch_10|batch_07,batch_11|batch_06|batch_14|batch_04|batch_09|batch_01|batch_15|batch_16
zic008_aec7,20260931,3,31,8,35,batch_05|batch_10|batch_02,batch_11|batch_06|batch_14|batch_04|batch_09|batch_01|batch_15|batch_16
zic008_aec7,20260931,3,32,8,35,batch_05|batch_10|batch_12,batch_11|batch_06|batch_14|batch_04|batch_09|batch_01|batch_15|batch_16
zic008_aec7,20260931,3,33,8,35,batch_05|batch_07|batch_02,batch_11|batch_06|batch_14|batch_04|batch_09|batch_01|batch_15|batch_16
zic008_aec7,20260931,3,34,8,35,batch_05|batch_07|batch_12,batch_11|batch_06|batch_14|batch_04|batch_09|batch_01|batch_15|batch_16
zic008_aec7,20260931,3,35,8,35,batch_05|batch_02|batch_12,batch_11|batch_06|batch_14|batch_04|batch_09|batch_01|batch_15|batch_16
zic008_aec7,20260931,3,36,8,35,batch_08|batch_13|batch_10,batch_11|batch_06|batch_14|batch_04|batch_09|batch_01|batch_15|batch_16
zic008_aec7,20260931,3,37,8,35,batch_08|batch_13|batch_07,batch_11|batch_06|batch_14|batch_04|batch_09|batch_01|batch_15|batch_16
zic008_aec7,20260931,3,38,8,35,batch_08|batch_13|batch_02,batch_11|batch_06|batch_14|batch_04|batch_09|batch_01|batch_15|batch_16
zic008_aec7,20260931,3,39,8,35,batch_08|batch_13|batch_12,batch_11|batch_06|batch_14|batch_04|batch_09|batch_01|batch_15|batch_16
zic008_aec7,20260931,3,40,8,35,batch_08|batch_10|batch_07,batch_11|batch_06|batch_14|batch_04|batch_09|batch_01|batch_15|batch_16
zic008_aec7,20260931,3,41,8,35,batch_08|batch_10|batch_02,batch_11|batch_06|batch_14|batch_04|batch_09|batch_01|batch_15|batch_16
zic008_aec7,20260931,3,42,8,35,batch_08|batch_10|batch_12,batch_11|batch_06|batch_14|batch_04|batch_09|batch_01|batch_15|batch_16
zic008_aec7,20260931,3,43,8,35,batch_08|batch_07|batch_02,batch_11|batch_06|batch_14|batch_04|batch_09|batch_01|batch_15|batch_16
zic008_aec7,20260931,3,44,8,35,batch_08|batch_07|batch_12,batch_11|batch_06|batch_14|batch_04|batch_09|batch_01|batch_15|batch_16
zic008_aec7,20260931,3,45,8,35,batch_08|batch_02|batch_12,batch_11|batch_06|batch_14|batch_04|batch_09|batch_01|batch_15|batch_16
zic008_aec7,20260931,3,46,8,35,batch_13|batch_10|batch_07,batch_11|batch_06|batch_14|batch_04|batch_09|batch_01|batch_15|batch_16
zic008_aec7,20260931,3,47,8,35,batch_13|batch_10|batch_02,batch_11|batch_06|batch_14|batch_04|batch_09|batch_01|batch_15|batch_16
zic008_aec7,20260931,3,48,8,35,batch_13|batch_10|batch_12,batch_11|batch_06|batch_14|batch_04|batch_09|batch_01|batch_15|batch_16
zic008_aec7,20260931,3,49,8,35,batch_13|batch_07|batch_02,batch_11|batch_06|batch_14|batch_04|batch_09|batch_01|batch_15|batch_16
zic008_aec7,20260931,3,50,8,35,batch_13|batch_07|batch_12,batch_11|batch_06|batch_14|batch_04|batch_09|batch_01|batch_15|batch_16
zic008_aec7,20260931,3,51,8,35,batch_13|batch_02|batch_12,batch_11|batch_06|batch_14|batch_04|batch_09|batch_01|batch_15|batch_16
zic008_aec7,20260931,3,52,8,35,batch_10|batch_07|batch_02,batch_11|batch_06|batch_14|batch_04|batch_09|batch_01|batch_15|batch_16
zic008_aec7,20260931,3,53,8,35,batch_10|batch_07|batch_12,batch_11|batch_06|batch_14|batch_04|batch_09|batch_01|batch_15|batch_16
zic008_aec7,20260931,3,54,8,35,batch_10|batch_02|batch_12,batch_11|batch_06|batch_14|batch_04|batch_09|batch_01|batch_15|batch_16
zic008_aec7,20260931,3,55,8,35,batch_07|batch_02|batch_12,batch_11|batch_06|batch_14|batch_04|batch_09|batch_01|batch_15|batch_16
zic008_aec7,20260931,4,0,8,35,batch_03|batch_05|batch_08|batch_13,batch_11|batch_06|batch_14|batch_04|batch_09|batch_01|batch_15|batch_16
zic008_aec7,20260931,4,1,8,35,batch_03|batch_05|batch_08|batch_10,batch_11|batch_06|batch_14|batch_04|batch_09|batch_01|batch_15|batch_16
zic008_aec7,20260931,4,2,8,35,batch_03|batch_05|batch_08|batch_07,batch_11|batch_06|batch_14|batch_04|batch_09|batch_01|batch_15|batch_16
zic008_aec7,20260931,4,3,8,35,batch_03|batch_05|batch_08|batch_02,batch_11|batch_06|batch_14|batch_04|batch_09|batch_01|batch_15|batch_16
zic008_aec7,20260931,4,4,8,35,batch_03|batch_05|batch_08|batch_12,batch_11|batch_06|batch_14|batch_04|batch_09|batch_01|batch_15|batch_16
zic008_aec7,20260931,4,5,8,35,batch_03|batch_05|batch_13|batch_10,batch_11|batch_06|batch_14|batch_04|batch_09|batch_01|batch_15|batch_16
zic008_aec7,20260931,4,6,8,35,batch_03|batch_05|batch_13|batch_07,batch_11|batch_06|batch_14|batch_04|batch_09|batch_01|batch_15|batch_16
zic008_aec7,20260931,4,7,8,35,batch_03|batch_05|batch_13|batch_02,batch_11|batch_06|batch_14|batch_04|batch_09|batch_01|batch_15|batch_16
zic008_aec7,20260931,4,8,8,35,batch_03|batch_05|batch_13|batch_12,batch_11|batch_06|batch_14|batch_04|batch_09|batch_01|batch_15|batch_16
zic008_aec7,20260931,4,9,8,35,batch_03|batch_05|batch_10|batch_07,batch_11|batch_06|batch_14|batch_04|batch_09|batch_01|batch_15|batch_16
zic008_aec7,20260931,4,10,8,35,batch_03|batch_05|batch_10|batch_02,batch_11|batch_06|batch_14|batch_04|batch_09|batch_01|batch_15|batch_16
zic008_aec7,20260931,4,11,8,35,batch_03|batch_05|batch_10|batch_12,batch_11|batch_06|batch_14|batch_04|batch_09|batch_01|batch_15|batch_16
zic008_aec7,20260931,4,12,8,35,batch_03|batch_05|batch_07|batch_02,batch_11|batch_06|batch_14|batch_04|batch_09|batch_01|batch_15|batch_16
zic008_aec7,20260931,4,13,8,35,batch_03|batch_05|batch_07|batch_12,batch_11|batch_06|batch_14|batch_04|batch_09|batch_01|batch_15|batch_16
zic008_aec7,20260931,4,14,8,35,batch_03|batch_05|batch_02|batch_12,batch_11|batch_06|batch_14|batch_04|batch_09|batch_01|batch_15|batch_16
zic008_aec7,20260931,4,15,8,35,batch_03|batch_08|batch_13|batch_10,batch_11|batch_06|batch_14|batch_04|batch_09|batch_01|batch_15|batch_16
zic008_aec7,20260931,4,16,8,35,batch_03|batch_08|batch_13|batch_07,batch_11|batch_06|batch_14|batch_04|batch_09|batch_01|batch_15|batch_16
zic008_aec7,20260931,4,17,8,35,batch_03|batch_08|batch_13|batch_02,batch_11|batch_06|batch_14|batch_04|batch_09|batch_01|batch_15|batch_16
zic008_aec7,20260931,4,18,8,35,batch_03|batch_08|batch_13|batch_12,batch_11|batch_06|batch_14|batch_04|batch_09|batch_01|batch_15|batch_16
zic008_aec7,20260931,4,19,8,35,batch_03|batch_08|batch_10|batch_07,batch_11|batch_06|batch_14|batch_04|batch_09|batch_01|batch_15|batch_16
zic008_aec7,20260931,4,20,8,35,batch_03|batch_08|batch_10|batch_02,batch_11|batch_06|batch_14|batch_04|batch_09|batch_01|batch_15|batch_16
zic008_aec7,20260931,4,21,8,35,batch_03|batch_08|batch_10|batch_12,batch_11|batch_06|batch_14|batch_04|batch_09|batch_01|batch_15|batch_16
zic008_aec7,20260931,4,22,8,35,batch_03|batch_08|batch_07|batch_02,batch_11|batch_06|batch_14|batch_04|batch_09|batch_01|batch_15|batch_16
zic008_aec7,20260931,4,23,8,35,batch_03|batch_08|batch_07|batch_12,batch_11|batch_06|batch_14|batch_04|batch_09|batch_01|batch_15|batch_16
zic008_aec7,20260931,4,24,8,35,batch_03|batch_08|batch_02|batch_12,batch_11|batch_06|batch_14|batch_04|batch_09|batch_01|batch_15|batch_16
zic008_aec7,20260931,4,25,8,35,batch_03|batch_13|batch_10|batch_07,batch_11|batch_06|batch_14|batch_04|batch_09|batch_01|batch_15|batch_16
zic008_aec7,20260931,4,26,8,35,batch_03|batch_13|batch_10|batch_02,batch_11|batch_06|batch_14|batch_04|batch_09|batch_01|batch_15|batch_16
zic008_aec7,20260931,4,27,8,35,batch_03|batch_13|batch_10|batch_12,batch_11|batch_06|batch_14|batch_04|batch_09|batch_01|batch_15|batch_16
zic008_aec7,20260931,4,28,8,35,batch_03|batch_13|batch_07|batch_02,batch_11|batch_06|batch_14|batch_04|batch_09|batch_01|batch_15|batch_16
zic008_aec7,20260931,4,29,8,35,batch_03|batch_13|batch_07|batch_12,batch_11|batch_06|batch_14|batch_04|batch_09|batch_01|batch_15|batch_16
zic008_aec7,20260931,4,30,8,35,batch_03|batch_13|batch_02|batch_12,batch_11|batch_06|batch_14|batch_04|batch_09|batch_01|batch_15|batch_16
zic008_aec7,20260931,4,31,8,35,batch_03|batch_10|batch_07|batch_02,batch_11|batch_06|batch_14|batch_04|batch_09|batch_01|batch_15|batch_16
zic008_aec7,20260931,4,32,8,35,batch_03|batch_10|batch_07|batch_12,batch_11|batch_06|batch_14|batch_04|batch_09|batch_01|batch_15|batch_16
zic008_aec7,20260931,4,33,8,35,batch_03|batch_10|batch_02|batch_12,batch_11|batch_06|batch_14|batch_04|batch_09|batch_01|batch_15|batch_16
zic008_aec7,20260931,4,34,8,35,batch_03|batch_07|batch_02|batch_12,batch_11|batch_06|batch_14|batch_04|batch_09|batch_01|batch_15|batch_16
zic008_aec7,20260931,4,35,8,35,batch_05|batch_08|batch_13|batch_10,batch_11|batch_06|batch_14|batch_04|batch_09|batch_01|batch_15|batch_16
zic008_aec7,20260931,4,36,8,35,batch_05|batch_08|batch_13|batch_07,batch_11|batch_06|batch_14|batch_04|batch_09|batch_01|batch_15|batch_16
zic008_aec7,20260931,4,37,8,35,batch_05|batch_08|batch_13|batch_02,batch_11|batch_06|batch_14|batch_04|batch_09|batch_01|batch_15|batch_16
zic008_aec7,20260931,4,38,8,35,batch_05|batch_08|batch_13|batch_12,batch_11|batch_06|batch_14|batch_04|batch_09|batch_01|batch_15|batch_16
zic008_aec7,20260931,4,39,8,35,batch_05|batch_08|batch_10|batch_07,batch_11|batch_06|batch_14|batch_04|batch_09|batch_01|batch_15|batch_16
zic008_aec7,20260931,4,40,8,35,batch_05|batch_08|batch_10|batch_02,batch_11|batch_06|batch_14|batch_04|batch_09|batch_01|batch_15|batch_16
zic008_aec7,20260931,4,41,8,35,batch_05|batch_08|batch_10|batch_12,batch_11|batch_06|batch_14|batch_04|batch_09|batch_01|batch_15|batch_16
zic008_aec7,20260931,4,42,8,35,batch_05|batch_08|batch_07|batch_02,batch_11|batch_06|batch_14|batch_04|batch_09|batch_01|batch_15|batch_16
zic008_aec7,20260931,4,43,8,35,batch_05|batch_08|batch_07|batch_12,batch_11|batch_06|batch_14|batch_04|batch_09|batch_01|batch_15|batch_16
zic008_aec7,20260931,4,44,8,35,batch_05|batch_08|batch_02|batch_12,batch_11|batch_06|batch_14|batch_04|batch_09|batch_01|batch_15|batch_16
zic008_aec7,20260931,4,45,8,35,batch_05|batch_13|batch_10|batch_07,batch_11|batch_06|batch_14|batch_04|batch_09|batch_01|batch_15|batch_16
zic008_aec7,20260931,4,46,8,35,batch_05|batch_13|batch_10|batch_02,batch_11|batch_06|batch_14|batch_04|batch_09|batch_01|batch_15|batch_16
zic008_aec7,20260931,4,47,8,35,batch_05|batch_13|batch_10|batch_12,batch_11|batch_06|batch_14|batch_04|batch_09|batch_01|batch_15|batch_16
zic008_aec7,20260931,4,48,8,35,batch_05|batch_13|batch_07|batch_02,batch_11|batch_06|batch_14|batch_04|batch_09|batch_01|batch_15|batch_16
zic008_aec7,20260931,4,49,8,35,batch_05|batch_13|batch_07|batch_12,batch_11|batch_06|batch_14|batch_04|batch_09|batch_01|batch_15|batch_16
zic008_aec7,20260931,4,50,8,35,batch_05|batch_13|batch_02|batch_12,batch_11|batch_06|batch_14|batch_04|batch_09|batch_01|batch_15|batch_16
zic008_aec7,20260931,4,51,8,35,batch_05|batch_10|batch_07|batch_02,batch_11|batch_06|batch_14|batch_04|batch_09|batch_01|batch_15|batch_16
zic008_aec7,20260931,4,52,8,35,batch_05|batch_10|batch_07|batch_12,batch_11|batch_06|batch_14|batch_04|batch_09|batch_01|batch_15|batch_16
zic008_aec7,20260931,4,53,8,35,batch_05|batch_10|batch_02|batch_12,batch_11|batch_06|batch_14|batch_04|batch_09|batch_01|batch_15|batch_16
zic008_aec7,20260931,4,54,8,35,batch_05|batch_07|batch_02|batch_12,batch_11|batch_06|batch_14|batch_04|batch_09|batch_01|batch_15|batch_16
zic008_aec7,20260931,4,55,8,35,batch_08|batch_13|batch_10|batch_07,batch_11|batch_06|batch_14|batch_04|batch_09|batch_01|batch_15|batch_16
zic008_aec7,20260931,4,56,8,35,batch_08|batch_13|batch_10|batch_02,batch_11|batch_06|batch_14|batch_04|batch_09|batch_01|batch_15|batch_16
zic008_aec7,20260931,4,57,8,35,batch_08|batch_13|batch_10|batch_12,batch_11|batch_06|batch_14|batch_04|batch_09|batch_01|batch_15|batch_16
zic008_aec7,20260931,4,58,8,35,batch_08|batch_13|batch_07|batch_02,batch_11|batch_06|batch_14|batch_04|batch_09|batch_01|batch_15|batch_16
zic008_aec7,20260931,4,59,8,35,batch_08|batch_13|batch_07|batch_12,batch_11|batch_06|batch_14|batch_04|batch_09|batch_01|batch_15|batch_16
zic008_aec7,20260931,4,60,8,35,batch_08|batch_13|batch_02|batch_12,batch_11|batch_06|batch_14|batch_04|batch_09|batch_01|batch_15|batch_16
zic008_aec7,20260931,4,61,8,35,batch_08|batch_10|batch_07|batch_02,batch_11|batch_06|batch_14|batch_04|batch_09|batch_01|batch_15|batch_16
zic008_aec7,20260931,4,62,8,35,batch_08|batch_10|batch_07|batch_12,batch_11|batch_06|batch_14|batch_04|batch_09|batch_01|batch_15|batch_16
zic008_aec7,20260931,4,63,8,35,batch_08|batch_10|batch_02|batch_12,batch_11|batch_06|batch_14|batch_04|batch_09|batch_01|batch_15|batch_16
zic008_aec7,20260931,4,64,8,35,batch_08|batch_07|batch_02|batch_12,batch_11|batch_06|batch_14|batch_04|batch_09|batch_01|batch_15|batch_16
zic008_aec7,20260931,4,65,8,35,batch_13|batch_10|batch_07|batch_02,batch_11|batch_06|batch_14|batch_04|batch_09|batch_01|batch_15|batch_16
zic008_aec7,20260931,4,66,8,35,batch_13|batch_10|batch_07|batch_12,batch_11|batch_06|batch_14|batch_04|batch_09|batch_01|batch_15|batch_16
zic008_aec7,20260931,4,67,8,35,batch_13|batch_10|batch_02|batch_12,batch_11|batch_06|batch_14|batch_04|batch_09|batch_01|batch_15|batch_16
zic008_aec7,20260931,4,68,8,35,batch_13|batch_07|batch_02|batch_12,batch_11|batch_06|batch_14|batch_04|batch_09|batch_01|batch_15|batch_16
zic008_aec7,20260931,4,69,8,35,batch_10|batch_07|batch_02|batch_12,batch_11|batch_06|batch_14|batch_04|batch_09|batch_01|batch_15|batch_16
zic008_aec7,20260931,5,0,8,35,batch_03|batch_05|batch_08|batch_13|batch_10,batch_11|batch_06|batch_14|batch_04|batch_09|batch_01|batch_15|batch_16
zic008_aec7,20260931,5,1,8,35,batch_03|batch_05|batch_08|batch_13|batch_07,batch_11|batch_06|batch_14|batch_04|batch_09|batch_01|batch_15|batch_16
zic008_aec7,20260931,5,2,8,35,batch_03|batch_05|batch_08|batch_13|batch_02,batch_11|batch_06|batch_14|batch_04|batch_09|batch_01|batch_15|batch_16
zic008_aec7,20260931,5,3,8,35,batch_03|batch_05|batch_08|batch_13|batch_12,batch_11|batch_06|batch_14|batch_04|batch_09|batch_01|batch_15|batch_16
zic008_aec7,20260931,5,4,8,35,batch_03|batch_05|batch_08|batch_10|batch_07,batch_11|batch_06|batch_14|batch_04|batch_09|batch_01|batch_15|batch_16
zic008_aec7,20260931,5,5,8,35,batch_03|batch_05|batch_08|batch_10|batch_02,batch_11|batch_06|batch_14|batch_04|batch_09|batch_01|batch_15|batch_16
zic008_aec7,20260931,5,6,8,35,batch_03|batch_05|batch_08|batch_10|batch_12,batch_11|batch_06|batch_14|batch_04|batch_09|batch_01|batch_15|batch_16
zic008_aec7,20260931,5,7,8,35,batch_03|batch_05|batch_08|batch_07|batch_02,batch_11|batch_06|batch_14|batch_04|batch_09|batch_01|batch_15|batch_16
zic008_aec7,20260931,5,8,8,35,batch_03|batch_05|batch_08|batch_07|batch_12,batch_11|batch_06|batch_14|batch_04|batch_09|batch_01|batch_15|batch_16
zic008_aec7,20260931,5,9,8,35,batch_03|batch_05|batch_08|batch_02|batch_12,batch_11|batch_06|batch_14|batch_04|batch_09|batch_01|batch_15|batch_16
zic008_aec7,20260931,5,10,8,35,batch_03|batch_05|batch_13|batch_10|batch_07,batch_11|batch_06|batch_14|batch_04|batch_09|batch_01|batch_15|batch_16
zic008_aec7,20260931,5,11,8,35,batch_03|batch_05|batch_13|batch_10|batch_02,batch_11|batch_06|batch_14|batch_04|batch_09|batch_01|batch_15|batch_16
zic008_aec7,20260931,5,12,8,35,batch_03|batch_05|batch_13|batch_10|batch_12,batch_11|batch_06|batch_14|batch_04|batch_09|batch_01|batch_15|batch_16
zic008_aec7,20260931,5,13,8,35,batch_03|batch_05|batch_13|batch_07|batch_02,batch_11|batch_06|batch_14|batch_04|batch_09|batch_01|batch_15|batch_16
zic008_aec7,20260931,5,14,8,35,batch_03|batch_05|batch_13|batch_07|batch_12,batch_11|batch_06|batch_14|batch_04|batch_09|batch_01|batch_15|batch_16
zic008_aec7,20260931,5,15,8,35,batch_03|batch_05|batch_13|batch_02|batch_12,batch_11|batch_06|batch_14|batch_04|batch_09|batch_01|batch_15|batch_16
zic008_aec7,20260931,5,16,8,35,batch_03|batch_05|batch_10|batch_07|batch_02,batch_11|batch_06|batch_14|batch_04|batch_09|batch_01|batch_15|batch_16
zic008_aec7,20260931,5,17,8,35,batch_03|batch_05|batch_10|batch_07|batch_12,batch_11|batch_06|batch_14|batch_04|batch_09|batch_01|batch_15|batch_16
zic008_aec7,20260931,5,18,8,35,batch_03|batch_05|batch_10|batch_02|batch_12,batch_11|batch_06|batch_14|batch_04|batch_09|batch_01|batch_15|batch_16
zic008_aec7,20260931,5,19,8,35,batch_03|batch_05|batch_07|batch_02|batch_12,batch_11|batch_06|batch_14|batch_04|batch_09|batch_01|batch_15|batch_16
zic008_aec7,20260931,5,20,8,35,batch_03|batch_08|batch_13|batch_10|batch_07,batch_11|batch_06|batch_14|batch_04|batch_09|batch_01|batch_15|batch_16
zic008_aec7,20260931,5,21,8,35,batch_03|batch_08|batch_13|batch_10|batch_02,batch_11|batch_06|batch_14|batch_04|batch_09|batch_01|batch_15|batch_16
zic008_aec7,20260931,5,22,8,35,batch_03|batch_08|batch_13|batch_10|batch_12,batch_11|batch_06|batch_14|batch_04|batch_09|batch_01|batch_15|batch_16
zic008_aec7,20260931,5,23,8,35,batch_03|batch_08|batch_13|batch_07|batch_02,batch_11|batch_06|batch_14|batch_04|batch_09|batch_01|batch_15|batch_16
zic008_aec7,20260931,5,24,8,35,batch_03|batch_08|batch_13|batch_07|batch_12,batch_11|batch_06|batch_14|batch_04|batch_09|batch_01|batch_15|batch_16
zic008_aec7,20260931,5,25,8,35,batch_03|batch_08|batch_13|batch_02|batch_12,batch_11|batch_06|batch_14|batch_04|batch_09|batch_01|batch_15|batch_16
zic008_aec7,20260931,5,26,8,35,batch_03|batch_08|batch_10|batch_07|batch_02,batch_11|batch_06|batch_14|batch_04|batch_09|batch_01|batch_15|batch_16
zic008_aec7,20260931,5,27,8,35,batch_03|batch_08|batch_10|batch_07|batch_12,batch_11|batch_06|batch_14|batch_04|batch_09|batch_01|batch_15|batch_16
zic008_aec7,20260931,5,28,8,35,batch_03|batch_08|batch_10|batch_02|batch_12,batch_11|batch_06|batch_14|batch_04|batch_09|batch_01|batch_15|batch_16
zic008_aec7,20260931,5,29,8,35,batch_03|batch_08|batch_07|batch_02|batch_12,batch_11|batch_06|batch_14|batch_04|batch_09|batch_01|batch_15|batch_16
zic008_aec7,20260931,5,30,8,35,batch_03|batch_13|batch_10|batch_07|batch_02,batch_11|batch_06|batch_14|batch_04|batch_09|batch_01|batch_15|batch_16
zic008_aec7,20260931,5,31,8,35,batch_03|batch_13|batch_10|batch_07|batch_12,batch_11|batch_06|batch_14|batch_04|batch_09|batch_01|batch_15|batch_16
zic008_aec7,20260931,5,32,8,35,batch_03|batch_13|batch_10|batch_02|batch_12,batch_11|batch_06|batch_14|batch_04|batch_09|batch_01|batch_15|batch_16
zic008_aec7,20260931,5,33,8,35,batch_03|batch_13|batch_07|batch_02|batch_12,batch_11|batch_06|batch_14|batch_04|batch_09|batch_01|batch_15|batch_16
zic008_aec7,20260931,5,34,8,35,batch_03|batch_10|batch_07|batch_02|batch_12,batch_11|batch_06|batch_14|batch_04|batch_09|batch_01|batch_15|batch_16
zic008_aec7,20260931,5,35,8,35,batch_05|batch_08|batch_13|batch_10|batch_07,batch_11|batch_06|batch_14|batch_04|batch_09|batch_01|batch_15|batch_16
zic008_aec7,20260931,5,36,8,35,batch_05|batch_08|batch_13|batch_10|batch_02,batch_11|batch_06|batch_14|batch_04|batch_09|batch_01|batch_15|batch_16
zic008_aec7,20260931,5,37,8,35,batch_05|batch_08|batch_13|batch_10|batch_12,batch_11|batch_06|batch_14|batch_04|batch_09|batch_01|batch_15|batch_16
zic008_aec7,20260931,5,38,8,35,batch_05|batch_08|batch_13|batch_07|batch_02,batch_11|batch_06|batch_14|batch_04|batch_09|batch_01|batch_15|batch_16
zic008_aec7,20260931,5,39,8,35,batch_05|batch_08|batch_13|batch_07|batch_12,batch_11|batch_06|batch_14|batch_04|batch_09|batch_01|batch_15|batch_16
zic008_aec7,20260931,5,40,8,35,batch_05|batch_08|batch_13|batch_02|batch_12,batch_11|batch_06|batch_14|batch_04|batch_09|batch_01|batch_15|batch_16
zic008_aec7,20260931,5,41,8,35,batch_05|batch_08|batch_10|batch_07|batch_02,batch_11|batch_06|batch_14|batch_04|batch_09|batch_01|batch_15|batch_16
zic008_aec7,20260931,5,42,8,35,batch_05|batch_08|batch_10|batch_07|batch_12,batch_11|batch_06|batch_14|batch_04|batch_09|batch_01|batch_15|batch_16
zic008_aec7,20260931,5,43,8,35,batch_05|batch_08|batch_10|batch_02|batch_12,batch_11|batch_06|batch_14|batch_04|batch_09|batch_01|batch_15|batch_16
zic008_aec7,20260931,5,44,8,35,batch_05|batch_08|batch_07|batch_02|batch_12,batch_11|batch_06|batch_14|batch_04|batch_09|batch_01|batch_15|batch_16
zic008_aec7,20260931,5,45,8,35,batch_05|batch_13|batch_10|batch_07|batch_02,batch_11|batch_06|batch_14|batch_04|batch_09|batch_01|batch_15|batch_16
zic008_aec7,20260931,5,46,8,35,batch_05|batch_13|batch_10|batch_07|batch_12,batch_11|batch_06|batch_14|batch_04|batch_09|batch_01|batch_15|batch_16
zic008_aec7,20260931,5,47,8,35,batch_05|batch_13|batch_10|batch_02|batch_12,batch_11|batch_06|batch_14|batch_04|batch_09|batch_01|batch_15|batch_16
zic008_aec7,20260931,5,48,8,35,batch_05|batch_13|batch_07|batch_02|batch_12,batch_11|batch_06|batch_14|batch_04|batch_09|batch_01|batch_15|batch_16
zic008_aec7,20260931,5,49,8,35,batch_05|batch_10|batch_07|batch_02|batch_12,batch_11|batch_06|batch_14|batch_04|batch_09|batch_01|batch_15|batch_16
zic008_aec7,20260931,5,50,8,35,batch_08|batch_13|batch_10|batch_07|batch_02,batch_11|batch_06|batch_14|batch_04|batch_09|batch_01|batch_15|batch_16
zic008_aec7,20260931,5,51,8,35,batch_08|batch_13|batch_10|batch_07|batch_12,batch_11|batch_06|batch_14|batch_04|batch_09|batch_01|batch_15|batch_16
zic008_aec7,20260931,5,52,8,35,batch_08|batch_13|batch_10|batch_02|batch_12,batch_11|batch_06|batch_14|batch_04|batch_09|batch_01|batch_15|batch_16
zic008_aec7,20260931,5,53,8,35,batch_08|batch_13|batch_07|batch_02|batch_12,batch_11|batch_06|batch_14|batch_04|batch_09|batch_01|batch_15|batch_16
zic008_aec7,20260931,5,54,8,35,batch_08|batch_10|batch_07|batch_02|batch_12,batch_11|batch_06|batch_14|batch_04|batch_09|batch_01|batch_15|batch_16
zic008_aec7,20260931,5,55,8,35,batch_13|batch_10|batch_07|batch_02|batch_12,batch_11|batch_06|batch_14|batch_04|batch_09|batch_01|batch_15|batch_16
zic008_aec7,20260931,6,0,8,35,batch_03|batch_05|batch_08|batch_13|batch_10|batch_07,batch_11|batch_06|batch_14|batch_04|batch_09|batch_01|batch_15|batch_16
zic008_aec7,20260931,6,1,8,35,batch_03|batch_05|batch_08|batch_13|batch_10|batch_02,batch_11|batch_06|batch_14|batch_04|batch_09|batch_01|batch_15|batch_16
zic008_aec7,20260931,6,2,8,35,batch_03|batch_05|batch_08|batch_13|batch_10|batch_12,batch_11|batch_06|batch_14|batch_04|batch_09|batch_01|batch_15|batch_16
zic008_aec7,20260931,6,3,8,35,batch_03|batch_05|batch_08|batch_13|batch_07|batch_02,batch_11|batch_06|batch_14|batch_04|batch_09|batch_01|batch_15|batch_16
zic008_aec7,20260931,6,4,8,35,batch_03|batch_05|batch_08|batch_13|batch_07|batch_12,batch_11|batch_06|batch_14|batch_04|batch_09|batch_01|batch_15|batch_16
zic008_aec7,20260931,6,5,8,35,batch_03|batch_05|batch_08|batch_13|batch_02|batch_12,batch_11|batch_06|batch_14|batch_04|batch_09|batch_01|batch_15|batch_16
zic008_aec7,20260931,6,6,8,35,batch_03|batch_05|batch_08|batch_10|batch_07|batch_02,batch_11|batch_06|batch_14|batch_04|batch_09|batch_01|batch_15|batch_16
zic008_aec7,20260931,6,7,8,35,batch_03|batch_05|batch_08|batch_10|batch_07|batch_12,batch_11|batch_06|batch_14|batch_04|batch_09|batch_01|batch_15|batch_16
zic008_aec7,20260931,6,8,8,35,batch_03|batch_05|batch_08|batch_10|batch_02|batch_12,batch_11|batch_06|batch_14|batch_04|batch_09|batch_01|batch_15|batch_16
zic008_aec7,20260931,6,9,8,35,batch_03|batch_05|batch_08|batch_07|batch_02|batch_12,batch_11|batch_06|batch_14|batch_04|batch_09|batch_01|batch_15|batch_16
zic008_aec7,20260931,6,10,8,35,batch_03|batch_05|batch_13|batch_10|batch_07|batch_02,batch_11|batch_06|batch_14|batch_04|batch_09|batch_01|batch_15|batch_16
zic008_aec7,20260931,6,11,8,35,batch_03|batch_05|batch_13|batch_10|batch_07|batch_12,batch_11|batch_06|batch_14|batch_04|batch_09|batch_01|batch_15|batch_16
zic008_aec7,20260931,6,12,8,35,batch_03|batch_05|batch_13|batch_10|batch_02|batch_12,batch_11|batch_06|batch_14|batch_04|batch_09|batch_01|batch_15|batch_16
zic008_aec7,20260931,6,13,8,35,batch_03|batch_05|batch_13|batch_07|batch_02|batch_12,batch_11|batch_06|batch_14|batch_04|batch_09|batch_01|batch_15|batch_16
zic008_aec7,20260931,6,14,8,35,batch_03|batch_05|batch_10|batch_07|batch_02|batch_12,batch_11|batch_06|batch_14|batch_04|batch_09|batch_01|batch_15|batch_16
zic008_aec7,20260931,6,15,8,35,batch_03|batch_08|batch_13|batch_10|batch_07|batch_02,batch_11|batch_06|batch_14|batch_04|batch_09|batch_01|batch_15|batch_16
zic008_aec7,20260931,6,16,8,35,batch_03|batch_08|batch_13|batch_10|batch_07|batch_12,batch_11|batch_06|batch_14|batch_04|batch_09|batch_01|batch_15|batch_16
zic008_aec7,20260931,6,17,8,35,batch_03|batch_08|batch_13|batch_10|batch_02|batch_12,batch_11|batch_06|batch_14|batch_04|batch_09|batch_01|batch_15|batch_16
zic008_aec7,20260931,6,18,8,35,batch_03|batch_08|batch_13|batch_07|batch_02|batch_12,batch_11|batch_06|batch_14|batch_04|batch_09|batch_01|batch_15|batch_16
zic008_aec7,20260931,6,19,8,35,batch_03|batch_08|batch_10|batch_07|batch_02|batch_12,batch_11|batch_06|batch_14|batch_04|batch_09|batch_01|batch_15|batch_16
zic008_aec7,20260931,6,20,8,35,batch_03|batch_13|batch_10|batch_07|batch_02|batch_12,batch_11|batch_06|batch_14|batch_04|batch_09|batch_01|batch_15|batch_16
zic008_aec7,20260931,6,21,8,35,batch_05|batch_08|batch_13|batch_10|batch_07|batch_02,batch_11|batch_06|batch_14|batch_04|batch_09|batch_01|batch_15|batch_16
zic008_aec7,20260931,6,22,8,35,batch_05|batch_08|batch_13|batch_10|batch_07|batch_12,batch_11|batch_06|batch_14|batch_04|batch_09|batch_01|batch_15|batch_16
zic008_aec7,20260931,6,23,8,35,batch_05|batch_08|batch_13|batch_10|batch_02|batch_12,batch_11|batch_06|batch_14|batch_04|batch_09|batch_01|batch_15|batch_16
zic008_aec7,20260931,6,24,8,35,batch_05|batch_08|batch_13|batch_07|batch_02|batch_12,batch_11|batch_06|batch_14|batch_04|batch_09|batch_01|batch_15|batch_16
zic008_aec7,20260931,6,25,8,35,batch_05|batch_08|batch_10|batch_07|batch_02|batch_12,batch_11|batch_06|batch_14|batch_04|batch_09|batch_01|batch_15|batch_16
zic008_aec7,20260931,6,26,8,35,batch_05|batch_13|batch_10|batch_07|batch_02|batch_12,batch_11|batch_06|batch_14|batch_04|batch_09|batch_01|batch_15|batch_16
zic008_aec7,20260931,6,27,8,35,batch_08|batch_13|batch_10|batch_07|batch_02|batch_12,batch_11|batch_06|batch_14|batch_04|batch_09|batch_01|batch_15|batch_16
zic008_aec7,20260931,7,0,8,35,batch_03|batch_05|batch_08|batch_13|batch_10|batch_07|batch_02,batch_11|batch_06|batch_14|batch_04|batch_09|batch_01|batch_15|batch_16
zic008_aec7,20260931,7,1,8,35,batch_03|batch_05|batch_08|batch_13|batch_10|batch_07|batch_12,batch_11|batch_06|batch_14|batch_04|batch_09|batch_01|batch_15|batch_16
zic008_aec7,20260931,7,2,8,35,batch_03|batch_05|batch_08|batch_13|batch_10|batch_02|batch_12,batch_11|batch_06|batch_14|batch_04|batch_09|batch_01|batch_15|batch_16
zic008_aec7,20260931,7,3,8,35,batch_03|batch_05|batch_08|batch_13|batch_07|batch_02|batch_12,batch_11|batch_06|batch_14|batch_04|batch_09|batch_01|batch_15|batch_16
zic008_aec7,20260931,7,4,8,35,batch_03|batch_05|batch_08|batch_10|batch_07|batch_02|batch_12,batch_11|batch_06|batch_14|batch_04|batch_09|batch_01|batch_15|batch_16
zic008_aec7,20260931,7,5,8,35,batch_03|batch_05|batch_13|batch_10|batch_07|batch_02|batch_12,batch_11|batch_06|batch_14|batch_04|batch_09|batch_01|batch_15|batch_16
zic008_aec7,20260931,7,6,8,35,batch_03|batch_08|batch_13|batch_10|batch_07|batch_02|batch_12,batch_11|batch_06|batch_14|batch_04|batch_09|batch_01|batch_15|batch_16
zic008_aec7,20260931,7,7,8,35,batch_05|batch_08|batch_13|batch_10|batch_07|batch_02|batch_12,batch_11|batch_06|batch_14|batch_04|batch_09|batch_01|batch_15|batch_16
zic008_aec7,20260931,8,0,8,35,batch_03|batch_05|batch_08|batch_13|batch_10|batch_07|batch_02|batch_12,batch_11|batch_06|batch_14|batch_04|batch_09|batch_01|batch_15|batch_16
zic008_aec7,20260932,1,0,8,35,batch_03,batch_14|batch_12|batch_15|batch_10|batch_11|batch_06|batch_07|batch_04
zic008_aec7,20260932,1,1,8,35,batch_09,batch_14|batch_12|batch_15|batch_10|batch_11|batch_06|batch_07|batch_04
zic008_aec7,20260932,1,2,8,35,batch_13,batch_14|batch_12|batch_15|batch_10|batch_11|batch_06|batch_07|batch_04
zic008_aec7,20260932,1,3,8,35,batch_02,batch_14|batch_12|batch_15|batch_10|batch_11|batch_06|batch_07|batch_04
zic008_aec7,20260932,1,4,8,35,batch_05,batch_14|batch_12|batch_15|batch_10|batch_11|batch_06|batch_07|batch_04
zic008_aec7,20260932,1,5,8,35,batch_16,batch_14|batch_12|batch_15|batch_10|batch_11|batch_06|batch_07|batch_04
zic008_aec7,20260932,1,6,8,35,batch_08,batch_14|batch_12|batch_15|batch_10|batch_11|batch_06|batch_07|batch_04
zic008_aec7,20260932,1,7,8,35,batch_01,batch_14|batch_12|batch_15|batch_10|batch_11|batch_06|batch_07|batch_04
zic008_aec7,20260932,2,0,8,35,batch_03|batch_09,batch_14|batch_12|batch_15|batch_10|batch_11|batch_06|batch_07|batch_04
zic008_aec7,20260932,2,1,8,35,batch_03|batch_13,batch_14|batch_12|batch_15|batch_10|batch_11|batch_06|batch_07|batch_04
zic008_aec7,20260932,2,2,8,35,batch_03|batch_02,batch_14|batch_12|batch_15|batch_10|batch_11|batch_06|batch_07|batch_04
zic008_aec7,20260932,2,3,8,35,batch_03|batch_05,batch_14|batch_12|batch_15|batch_10|batch_11|batch_06|batch_07|batch_04
zic008_aec7,20260932,2,4,8,35,batch_03|batch_16,batch_14|batch_12|batch_15|batch_10|batch_11|batch_06|batch_07|batch_04
zic008_aec7,20260932,2,5,8,35,batch_03|batch_08,batch_14|batch_12|batch_15|batch_10|batch_11|batch_06|batch_07|batch_04
zic008_aec7,20260932,2,6,8,35,batch_03|batch_01,batch_14|batch_12|batch_15|batch_10|batch_11|batch_06|batch_07|batch_04
zic008_aec7,20260932,2,7,8,35,batch_09|batch_13,batch_14|batch_12|batch_15|batch_10|batch_11|batch_06|batch_07|batch_04
zic008_aec7,20260932,2,8,8,35,batch_09|batch_02,batch_14|batch_12|batch_15|batch_10|batch_11|batch_06|batch_07|batch_04
zic008_aec7,20260932,2,9,8,35,batch_09|batch_05,batch_14|batch_12|batch_15|batch_10|batch_11|batch_06|batch_07|batch_04
zic008_aec7,20260932,2,10,8,35,batch_09|batch_16,batch_14|batch_12|batch_15|batch_10|batch_11|batch_06|batch_07|batch_04
zic008_aec7,20260932,2,11,8,35,batch_09|batch_08,batch_14|batch_12|batch_15|batch_10|batch_11|batch_06|batch_07|batch_04
zic008_aec7,20260932,2,12,8,35,batch_09|batch_01,batch_14|batch_12|batch_15|batch_10|batch_11|batch_06|batch_07|batch_04
zic008_aec7,20260932,2,13,8,35,batch_13|batch_02,batch_14|batch_12|batch_15|batch_10|batch_11|batch_06|batch_07|batch_04
zic008_aec7,20260932,2,14,8,35,batch_13|batch_05,batch_14|batch_12|batch_15|batch_10|batch_11|batch_06|batch_07|batch_04
zic008_aec7,20260932,2,15,8,35,batch_13|batch_16,batch_14|batch_12|batch_15|batch_10|batch_11|batch_06|batch_07|batch_04
zic008_aec7,20260932,2,16,8,35,batch_13|batch_08,batch_14|batch_12|batch_15|batch_10|batch_11|batch_06|batch_07|batch_04
zic008_aec7,20260932,2,17,8,35,batch_13|batch_01,batch_14|batch_12|batch_15|batch_10|batch_11|batch_06|batch_07|batch_04
zic008_aec7,20260932,2,18,8,35,batch_02|batch_05,batch_14|batch_12|batch_15|batch_10|batch_11|batch_06|batch_07|batch_04
zic008_aec7,20260932,2,19,8,35,batch_02|batch_16,batch_14|batch_12|batch_15|batch_10|batch_11|batch_06|batch_07|batch_04
zic008_aec7,20260932,2,20,8,35,batch_02|batch_08,batch_14|batch_12|batch_15|batch_10|batch_11|batch_06|batch_07|batch_04
zic008_aec7,20260932,2,21,8,35,batch_02|batch_01,batch_14|batch_12|batch_15|batch_10|batch_11|batch_06|batch_07|batch_04
zic008_aec7,20260932,2,22,8,35,batch_05|batch_16,batch_14|batch_12|batch_15|batch_10|batch_11|batch_06|batch_07|batch_04
zic008_aec7,20260932,2,23,8,35,batch_05|batch_08,batch_14|batch_12|batch_15|batch_10|batch_11|batch_06|batch_07|batch_04
zic008_aec7,20260932,2,24,8,35,batch_05|batch_01,batch_14|batch_12|batch_15|batch_10|batch_11|batch_06|batch_07|batch_04
zic008_aec7,20260932,2,25,8,35,batch_16|batch_08,batch_14|batch_12|batch_15|batch_10|batch_11|batch_06|batch_07|batch_04
zic008_aec7,20260932,2,26,8,35,batch_16|batch_01,batch_14|batch_12|batch_15|batch_10|batch_11|batch_06|batch_07|batch_04
zic008_aec7,20260932,2,27,8,35,batch_08|batch_01,batch_14|batch_12|batch_15|batch_10|batch_11|batch_06|batch_07|batch_04
zic008_aec7,20260932,3,0,8,35,batch_03|batch_09|batch_13,batch_14|batch_12|batch_15|batch_10|batch_11|batch_06|batch_07|batch_04
zic008_aec7,20260932,3,1,8,35,batch_03|batch_09|batch_02,batch_14|batch_12|batch_15|batch_10|batch_11|batch_06|batch_07|batch_04
zic008_aec7,20260932,3,2,8,35,batch_03|batch_09|batch_05,batch_14|batch_12|batch_15|batch_10|batch_11|batch_06|batch_07|batch_04
zic008_aec7,20260932,3,3,8,35,batch_03|batch_09|batch_16,batch_14|batch_12|batch_15|batch_10|batch_11|batch_06|batch_07|batch_04
zic008_aec7,20260932,3,4,8,35,batch_03|batch_09|batch_08,batch_14|batch_12|batch_15|batch_10|batch_11|batch_06|batch_07|batch_04
zic008_aec7,20260932,3,5,8,35,batch_03|batch_09|batch_01,batch_14|batch_12|batch_15|batch_10|batch_11|batch_06|batch_07|batch_04
zic008_aec7,20260932,3,6,8,35,batch_03|batch_13|batch_02,batch_14|batch_12|batch_15|batch_10|batch_11|batch_06|batch_07|batch_04
zic008_aec7,20260932,3,7,8,35,batch_03|batch_13|batch_05,batch_14|batch_12|batch_15|batch_10|batch_11|batch_06|batch_07|batch_04
zic008_aec7,20260932,3,8,8,35,batch_03|batch_13|batch_16,batch_14|batch_12|batch_15|batch_10|batch_11|batch_06|batch_07|batch_04
zic008_aec7,20260932,3,9,8,35,batch_03|batch_13|batch_08,batch_14|batch_12|batch_15|batch_10|batch_11|batch_06|batch_07|batch_04
zic008_aec7,20260932,3,10,8,35,batch_03|batch_13|batch_01,batch_14|batch_12|batch_15|batch_10|batch_11|batch_06|batch_07|batch_04
zic008_aec7,20260932,3,11,8,35,batch_03|batch_02|batch_05,batch_14|batch_12|batch_15|batch_10|batch_11|batch_06|batch_07|batch_04
zic008_aec7,20260932,3,12,8,35,batch_03|batch_02|batch_16,batch_14|batch_12|batch_15|batch_10|batch_11|batch_06|batch_07|batch_04
zic008_aec7,20260932,3,13,8,35,batch_03|batch_02|batch_08,batch_14|batch_12|batch_15|batch_10|batch_11|batch_06|batch_07|batch_04
zic008_aec7,20260932,3,14,8,35,batch_03|batch_02|batch_01,batch_14|batch_12|batch_15|batch_10|batch_11|batch_06|batch_07|batch_04
zic008_aec7,20260932,3,15,8,35,batch_03|batch_05|batch_16,batch_14|batch_12|batch_15|batch_10|batch_11|batch_06|batch_07|batch_04
zic008_aec7,20260932,3,16,8,35,batch_03|batch_05|batch_08,batch_14|batch_12|batch_15|batch_10|batch_11|batch_06|batch_07|batch_04
zic008_aec7,20260932,3,17,8,35,batch_03|batch_05|batch_01,batch_14|batch_12|batch_15|batch_10|batch_11|batch_06|batch_07|batch_04
zic008_aec7,20260932,3,18,8,35,batch_03|batch_16|batch_08,batch_14|batch_12|batch_15|batch_10|batch_11|batch_06|batch_07|batch_04
zic008_aec7,20260932,3,19,8,35,batch_03|batch_16|batch_01,batch_14|batch_12|batch_15|batch_10|batch_11|batch_06|batch_07|batch_04
zic008_aec7,20260932,3,20,8,35,batch_03|batch_08|batch_01,batch_14|batch_12|batch_15|batch_10|batch_11|batch_06|batch_07|batch_04
zic008_aec7,20260932,3,21,8,35,batch_09|batch_13|batch_02,batch_14|batch_12|batch_15|batch_10|batch_11|batch_06|batch_07|batch_04
zic008_aec7,20260932,3,22,8,35,batch_09|batch_13|batch_05,batch_14|batch_12|batch_15|batch_10|batch_11|batch_06|batch_07|batch_04
zic008_aec7,20260932,3,23,8,35,batch_09|batch_13|batch_16,batch_14|batch_12|batch_15|batch_10|batch_11|batch_06|batch_07|batch_04
zic008_aec7,20260932,3,24,8,35,batch_09|batch_13|batch_08,batch_14|batch_12|batch_15|batch_10|batch_11|batch_06|batch_07|batch_04
zic008_aec7,20260932,3,25,8,35,batch_09|batch_13|batch_01,batch_14|batch_12|batch_15|batch_10|batch_11|batch_06|batch_07|batch_04
zic008_aec7,20260932,3,26,8,35,batch_09|batch_02|batch_05,batch_14|batch_12|batch_15|batch_10|batch_11|batch_06|batch_07|batch_04
zic008_aec7,20260932,3,27,8,35,batch_09|batch_02|batch_16,batch_14|batch_12|batch_15|batch_10|batch_11|batch_06|batch_07|batch_04
zic008_aec7,20260932,3,28,8,35,batch_09|batch_02|batch_08,batch_14|batch_12|batch_15|batch_10|batch_11|batch_06|batch_07|batch_04
zic008_aec7,20260932,3,29,8,35,batch_09|batch_02|batch_01,batch_14|batch_12|batch_15|batch_10|batch_11|batch_06|batch_07|batch_04
zic008_aec7,20260932,3,30,8,35,batch_09|batch_05|batch_16,batch_14|batch_12|batch_15|batch_10|batch_11|batch_06|batch_07|batch_04
zic008_aec7,20260932,3,31,8,35,batch_09|batch_05|batch_08,batch_14|batch_12|batch_15|batch_10|batch_11|batch_06|batch_07|batch_04
zic008_aec7,20260932,3,32,8,35,batch_09|batch_05|batch_01,batch_14|batch_12|batch_15|batch_10|batch_11|batch_06|batch_07|batch_04
zic008_aec7,20260932,3,33,8,35,batch_09|batch_16|batch_08,batch_14|batch_12|batch_15|batch_10|batch_11|batch_06|batch_07|batch_04
zic008_aec7,20260932,3,34,8,35,batch_09|batch_16|batch_01,batch_14|batch_12|batch_15|batch_10|batch_11|batch_06|batch_07|batch_04
zic008_aec7,20260932,3,35,8,35,batch_09|batch_08|batch_01,batch_14|batch_12|batch_15|batch_10|batch_11|batch_06|batch_07|batch_04
zic008_aec7,20260932,3,36,8,35,batch_13|batch_02|batch_05,batch_14|batch_12|batch_15|batch_10|batch_11|batch_06|batch_07|batch_04
zic008_aec7,20260932,3,37,8,35,batch_13|batch_02|batch_16,batch_14|batch_12|batch_15|batch_10|batch_11|batch_06|batch_07|batch_04
zic008_aec7,20260932,3,38,8,35,batch_13|batch_02|batch_08,batch_14|batch_12|batch_15|batch_10|batch_11|batch_06|batch_07|batch_04
zic008_aec7,20260932,3,39,8,35,batch_13|batch_02|batch_01,batch_14|batch_12|batch_15|batch_10|batch_11|batch_06|batch_07|batch_04
zic008_aec7,20260932,3,40,8,35,batch_13|batch_05|batch_16,batch_14|batch_12|batch_15|batch_10|batch_11|batch_06|batch_07|batch_04
zic008_aec7,20260932,3,41,8,35,batch_13|batch_05|batch_08,batch_14|batch_12|batch_15|batch_10|batch_11|batch_06|batch_07|batch_04
zic008_aec7,20260932,3,42,8,35,batch_13|batch_05|batch_01,batch_14|batch_12|batch_15|batch_10|batch_11|batch_06|batch_07|batch_04
zic008_aec7,20260932,3,43,8,35,batch_13|batch_16|batch_08,batch_14|batch_12|batch_15|batch_10|batch_11|batch_06|batch_07|batch_04
zic008_aec7,20260932,3,44,8,35,batch_13|batch_16|batch_01,batch_14|batch_12|batch_15|batch_10|batch_11|batch_06|batch_07|batch_04
zic008_aec7,20260932,3,45,8,35,batch_13|batch_08|batch_01,batch_14|batch_12|batch_15|batch_10|batch_11|batch_06|batch_07|batch_04
zic008_aec7,20260932,3,46,8,35,batch_02|batch_05|batch_16,batch_14|batch_12|batch_15|batch_10|batch_11|batch_06|batch_07|batch_04
zic008_aec7,20260932,3,47,8,35,batch_02|batch_05|batch_08,batch_14|batch_12|batch_15|batch_10|batch_11|batch_06|batch_07|batch_04
zic008_aec7,20260932,3,48,8,35,batch_02|batch_05|batch_01,batch_14|batch_12|batch_15|batch_10|batch_11|batch_06|batch_07|batch_04
zic008_aec7,20260932,3,49,8,35,batch_02|batch_16|batch_08,batch_14|batch_12|batch_15|batch_10|batch_11|batch_06|batch_07|batch_04
zic008_aec7,20260932,3,50,8,35,batch_02|batch_16|batch_01,batch_14|batch_12|batch_15|batch_10|batch_11|batch_06|batch_07|batch_04
zic008_aec7,20260932,3,51,8,35,batch_02|batch_08|batch_01,batch_14|batch_12|batch_15|batch_10|batch_11|batch_06|batch_07|batch_04
zic008_aec7,20260932,3,52,8,35,batch_05|batch_16|batch_08,batch_14|batch_12|batch_15|batch_10|batch_11|batch_06|batch_07|batch_04
zic008_aec7,20260932,3,53,8,35,batch_05|batch_16|batch_01,batch_14|batch_12|batch_15|batch_10|batch_11|batch_06|batch_07|batch_04
zic008_aec7,20260932,3,54,8,35,batch_05|batch_08|batch_01,batch_14|batch_12|batch_15|batch_10|batch_11|batch_06|batch_07|batch_04
zic008_aec7,20260932,3,55,8,35,batch_16|batch_08|batch_01,batch_14|batch_12|batch_15|batch_10|batch_11|batch_06|batch_07|batch_04
zic008_aec7,20260932,4,0,8,35,batch_03|batch_09|batch_13|batch_02,batch_14|batch_12|batch_15|batch_10|batch_11|batch_06|batch_07|batch_04
zic008_aec7,20260932,4,1,8,35,batch_03|batch_09|batch_13|batch_05,batch_14|batch_12|batch_15|batch_10|batch_11|batch_06|batch_07|batch_04
zic008_aec7,20260932,4,2,8,35,batch_03|batch_09|batch_13|batch_16,batch_14|batch_12|batch_15|batch_10|batch_11|batch_06|batch_07|batch_04
zic008_aec7,20260932,4,3,8,35,batch_03|batch_09|batch_13|batch_08,batch_14|batch_12|batch_15|batch_10|batch_11|batch_06|batch_07|batch_04
zic008_aec7,20260932,4,4,8,35,batch_03|batch_09|batch_13|batch_01,batch_14|batch_12|batch_15|batch_10|batch_11|batch_06|batch_07|batch_04
zic008_aec7,20260932,4,5,8,35,batch_03|batch_09|batch_02|batch_05,batch_14|batch_12|batch_15|batch_10|batch_11|batch_06|batch_07|batch_04
zic008_aec7,20260932,4,6,8,35,batch_03|batch_09|batch_02|batch_16,batch_14|batch_12|batch_15|batch_10|batch_11|batch_06|batch_07|batch_04
zic008_aec7,20260932,4,7,8,35,batch_03|batch_09|batch_02|batch_08,batch_14|batch_12|batch_15|batch_10|batch_11|batch_06|batch_07|batch_04
zic008_aec7,20260932,4,8,8,35,batch_03|batch_09|batch_02|batch_01,batch_14|batch_12|batch_15|batch_10|batch_11|batch_06|batch_07|batch_04
zic008_aec7,20260932,4,9,8,35,batch_03|batch_09|batch_05|batch_16,batch_14|batch_12|batch_15|batch_10|batch_11|batch_06|batch_07|batch_04
zic008_aec7,20260932,4,10,8,35,batch_03|batch_09|batch_05|batch_08,batch_14|batch_12|batch_15|batch_10|batch_11|batch_06|batch_07|batch_04
zic008_aec7,20260932,4,11,8,35,batch_03|batch_09|batch_05|batch_01,batch_14|batch_12|batch_15|batch_10|batch_11|batch_06|batch_07|batch_04
zic008_aec7,20260932,4,12,8,35,batch_03|batch_09|batch_16|batch_08,batch_14|batch_12|batch_15|batch_10|batch_11|batch_06|batch_07|batch_04
zic008_aec7,20260932,4,13,8,35,batch_03|batch_09|batch_16|batch_01,batch_14|batch_12|batch_15|batch_10|batch_11|batch_06|batch_07|batch_04
zic008_aec7,20260932,4,14,8,35,batch_03|batch_09|batch_08|batch_01,batch_14|batch_12|batch_15|batch_10|batch_11|batch_06|batch_07|batch_04
zic008_aec7,20260932,4,15,8,35,batch_03|batch_13|batch_02|batch_05,batch_14|batch_12|batch_15|batch_10|batch_11|batch_06|batch_07|batch_04
zic008_aec7,20260932,4,16,8,35,batch_03|batch_13|batch_02|batch_16,batch_14|batch_12|batch_15|batch_10|batch_11|batch_06|batch_07|batch_04
zic008_aec7,20260932,4,17,8,35,batch_03|batch_13|batch_02|batch_08,batch_14|batch_12|batch_15|batch_10|batch_11|batch_06|batch_07|batch_04
zic008_aec7,20260932,4,18,8,35,batch_03|batch_13|batch_02|batch_01,batch_14|batch_12|batch_15|batch_10|batch_11|batch_06|batch_07|batch_04
zic008_aec7,20260932,4,19,8,35,batch_03|batch_13|batch_05|batch_16,batch_14|batch_12|batch_15|batch_10|batch_11|batch_06|batch_07|batch_04
zic008_aec7,20260932,4,20,8,35,batch_03|batch_13|batch_05|batch_08,batch_14|batch_12|batch_15|batch_10|batch_11|batch_06|batch_07|batch_04
zic008_aec7,20260932,4,21,8,35,batch_03|batch_13|batch_05|batch_01,batch_14|batch_12|batch_15|batch_10|batch_11|batch_06|batch_07|batch_04
zic008_aec7,20260932,4,22,8,35,batch_03|batch_13|batch_16|batch_08,batch_14|batch_12|batch_15|batch_10|batch_11|batch_06|batch_07|batch_04
zic008_aec7,20260932,4,23,8,35,batch_03|batch_13|batch_16|batch_01,batch_14|batch_12|batch_15|batch_10|batch_11|batch_06|batch_07|batch_04
zic008_aec7,20260932,4,24,8,35,batch_03|batch_13|batch_08|batch_01,batch_14|batch_12|batch_15|batch_10|batch_11|batch_06|batch_07|batch_04
zic008_aec7,20260932,4,25,8,35,batch_03|batch_02|batch_05|batch_16,batch_14|batch_12|batch_15|batch_10|batch_11|batch_06|batch_07|batch_04
zic008_aec7,20260932,4,26,8,35,batch_03|batch_02|batch_05|batch_08,batch_14|batch_12|batch_15|batch_10|batch_11|batch_06|batch_07|batch_04
zic008_aec7,20260932,4,27,8,35,batch_03|batch_02|batch_05|batch_01,batch_14|batch_12|batch_15|batch_10|batch_11|batch_06|batch_07|batch_04
zic008_aec7,20260932,4,28,8,35,batch_03|batch_02|batch_16|batch_08,batch_14|batch_12|batch_15|batch_10|batch_11|batch_06|batch_07|batch_04
zic008_aec7,20260932,4,29,8,35,batch_03|batch_02|batch_16|batch_01,batch_14|batch_12|batch_15|batch_10|batch_11|batch_06|batch_07|batch_04
zic008_aec7,20260932,4,30,8,35,batch_03|batch_02|batch_08|batch_01,batch_14|batch_12|batch_15|batch_10|batch_11|batch_06|batch_07|batch_04
zic008_aec7,20260932,4,31,8,35,batch_03|batch_05|batch_16|batch_08,batch_14|batch_12|batch_15|batch_10|batch_11|batch_06|batch_07|batch_04
zic008_aec7,20260932,4,32,8,35,batch_03|batch_05|batch_16|batch_01,batch_14|batch_12|batch_15|batch_10|batch_11|batch_06|batch_07|batch_04
zic008_aec7,20260932,4,33,8,35,batch_03|batch_05|batch_08|batch_01,batch_14|batch_12|batch_15|batch_10|batch_11|batch_06|batch_07|batch_04
zic008_aec7,20260932,4,34,8,35,batch_03|batch_16|batch_08|batch_01,batch_14|batch_12|batch_15|batch_10|batch_11|batch_06|batch_07|batch_04
zic008_aec7,20260932,4,35,8,35,batch_09|batch_13|batch_02|batch_05,batch_14|batch_12|batch_15|batch_10|batch_11|batch_06|batch_07|batch_04
zic008_aec7,20260932,4,36,8,35,batch_09|batch_13|batch_02|batch_16,batch_14|batch_12|batch_15|batch_10|batch_11|batch_06|batch_07|batch_04
zic008_aec7,20260932,4,37,8,35,batch_09|batch_13|batch_02|batch_08,batch_14|batch_12|batch_15|batch_10|batch_11|batch_06|batch_07|batch_04
zic008_aec7,20260932,4,38,8,35,batch_09|batch_13|batch_02|batch_01,batch_14|batch_12|batch_15|batch_10|batch_11|batch_06|batch_07|batch_04
zic008_aec7,20260932,4,39,8,35,batch_09|batch_13|batch_05|batch_16,batch_14|batch_12|batch_15|batch_10|batch_11|batch_06|batch_07|batch_04
zic008_aec7,20260932,4,40,8,35,batch_09|batch_13|batch_05|batch_08,batch_14|batch_12|batch_15|batch_10|batch_11|batch_06|batch_07|batch_04
zic008_aec7,20260932,4,41,8,35,batch_09|batch_13|batch_05|batch_01,batch_14|batch_12|batch_15|batch_10|batch_11|batch_06|batch_07|batch_04
zic008_aec7,20260932,4,42,8,35,batch_09|batch_13|batch_16|batch_08,batch_14|batch_12|batch_15|batch_10|batch_11|batch_06|batch_07|batch_04
zic008_aec7,20260932,4,43,8,35,batch_09|batch_13|batch_16|batch_01,batch_14|batch_12|batch_15|batch_10|batch_11|batch_06|batch_07|batch_04
zic008_aec7,20260932,4,44,8,35,batch_09|batch_13|batch_08|batch_01,batch_14|batch_12|batch_15|batch_10|batch_11|batch_06|batch_07|batch_04
zic008_aec7,20260932,4,45,8,35,batch_09|batch_02|batch_05|batch_16,batch_14|batch_12|batch_15|batch_10|batch_11|batch_06|batch_07|batch_04
zic008_aec7,20260932,4,46,8,35,batch_09|batch_02|batch_05|batch_08,batch_14|batch_12|batch_15|batch_10|batch_11|batch_06|batch_07|batch_04
zic008_aec7,20260932,4,47,8,35,batch_09|batch_02|batch_05|batch_01,batch_14|batch_12|batch_15|batch_10|batch_11|batch_06|batch_07|batch_04
zic008_aec7,20260932,4,48,8,35,batch_09|batch_02|batch_16|batch_08,batch_14|batch_12|batch_15|batch_10|batch_11|batch_06|batch_07|batch_04
zic008_aec7,20260932,4,49,8,35,batch_09|batch_02|batch_16|batch_01,batch_14|batch_12|batch_15|batch_10|batch_11|batch_06|batch_07|batch_04
zic008_aec7,20260932,4,50,8,35,batch_09|batch_02|batch_08|batch_01,batch_14|batch_12|batch_15|batch_10|batch_11|batch_06|batch_07|batch_04
zic008_aec7,20260932,4,51,8,35,batch_09|batch_05|batch_16|batch_08,batch_14|batch_12|batch_15|batch_10|batch_11|batch_06|batch_07|batch_04
zic008_aec7,20260932,4,52,8,35,batch_09|batch_05|batch_16|batch_01,batch_14|batch_12|batch_15|batch_10|batch_11|batch_06|batch_07|batch_04
zic008_aec7,20260932,4,53,8,35,batch_09|batch_05|batch_08|batch_01,batch_14|batch_12|batch_15|batch_10|batch_11|batch_06|batch_07|batch_04
zic008_aec7,20260932,4,54,8,35,batch_09|batch_16|batch_08|batch_01,batch_14|batch_12|batch_15|batch_10|batch_11|batch_06|batch_07|batch_04
zic008_aec7,20260932,4,55,8,35,batch_13|batch_02|batch_05|batch_16,batch_14|batch_12|batch_15|batch_10|batch_11|batch_06|batch_07|batch_04
zic008_aec7,20260932,4,56,8,35,batch_13|batch_02|batch_05|batch_08,batch_14|batch_12|batch_15|batch_10|batch_11|batch_06|batch_07|batch_04
zic008_aec7,20260932,4,57,8,35,batch_13|batch_02|batch_05|batch_01,batch_14|batch_12|batch_15|batch_10|batch_11|batch_06|batch_07|batch_04
zic008_aec7,20260932,4,58,8,35,batch_13|batch_02|batch_16|batch_08,batch_14|batch_12|batch_15|batch_10|batch_11|batch_06|batch_07|batch_04
zic008_aec7,20260932,4,59,8,35,batch_13|batch_02|batch_16|batch_01,batch_14|batch_12|batch_15|batch_10|batch_11|batch_06|batch_07|batch_04
zic008_aec7,20260932,4,60,8,35,batch_13|batch_02|batch_08|batch_01,batch_14|batch_12|batch_15|batch_10|batch_11|batch_06|batch_07|batch_04
zic008_aec7,20260932,4,61,8,35,batch_13|batch_05|batch_16|batch_08,batch_14|batch_12|batch_15|batch_10|batch_11|batch_06|batch_07|batch_04
zic008_aec7,20260932,4,62,8,35,batch_13|batch_05|batch_16|batch_01,batch_14|batch_12|batch_15|batch_10|batch_11|batch_06|batch_07|batch_04
zic008_aec7,20260932,4,63,8,35,batch_13|batch_05|batch_08|batch_01,batch_14|batch_12|batch_15|batch_10|batch_11|batch_06|batch_07|batch_04
zic008_aec7,20260932,4,64,8,35,batch_13|batch_16|batch_08|batch_01,batch_14|batch_12|batch_15|batch_10|batch_11|batch_06|batch_07|batch_04
zic008_aec7,20260932,4,65,8,35,batch_02|batch_05|batch_16|batch_08,batch_14|batch_12|batch_15|batch_10|batch_11|batch_06|batch_07|batch_04
zic008_aec7,20260932,4,66,8,35,batch_02|batch_05|batch_16|batch_01,batch_14|batch_12|batch_15|batch_10|batch_11|batch_06|batch_07|batch_04
zic008_aec7,20260932,4,67,8,35,batch_02|batch_05|batch_08|batch_01,batch_14|batch_12|batch_15|batch_10|batch_11|batch_06|batch_07|batch_04
zic008_aec7,20260932,4,68,8,35,batch_02|batch_16|batch_08|batch_01,batch_14|batch_12|batch_15|batch_10|batch_11|batch_06|batch_07|batch_04
zic008_aec7,20260932,4,69,8,35,batch_05|batch_16|batch_08|batch_01,batch_14|batch_12|batch_15|batch_10|batch_11|batch_06|batch_07|batch_04
zic008_aec7,20260932,5,0,8,35,batch_03|batch_09|batch_13|batch_02|batch_05,batch_14|batch_12|batch_15|batch_10|batch_11|batch_06|batch_07|batch_04
zic008_aec7,20260932,5,1,8,35,batch_03|batch_09|batch_13|batch_02|batch_16,batch_14|batch_12|batch_15|batch_10|batch_11|batch_06|batch_07|batch_04
zic008_aec7,20260932,5,2,8,35,batch_03|batch_09|batch_13|batch_02|batch_08,batch_14|batch_12|batch_15|batch_10|batch_11|batch_06|batch_07|batch_04
zic008_aec7,20260932,5,3,8,35,batch_03|batch_09|batch_13|batch_02|batch_01,batch_14|batch_12|batch_15|batch_10|batch_11|batch_06|batch_07|batch_04
zic008_aec7,20260932,5,4,8,35,batch_03|batch_09|batch_13|batch_05|batch_16,batch_14|batch_12|batch_15|batch_10|batch_11|batch_06|batch_07|batch_04
zic008_aec7,20260932,5,5,8,35,batch_03|batch_09|batch_13|batch_05|batch_08,batch_14|batch_12|batch_15|batch_10|batch_11|batch_06|batch_07|batch_04
zic008_aec7,20260932,5,6,8,35,batch_03|batch_09|batch_13|batch_05|batch_01,batch_14|batch_12|batch_15|batch_10|batch_11|batch_06|batch_07|batch_04
zic008_aec7,20260932,5,7,8,35,batch_03|batch_09|batch_13|batch_16|batch_08,batch_14|batch_12|batch_15|batch_10|batch_11|batch_06|batch_07|batch_04
zic008_aec7,20260932,5,8,8,35,batch_03|batch_09|batch_13|batch_16|batch_01,batch_14|batch_12|batch_15|batch_10|batch_11|batch_06|batch_07|batch_04
zic008_aec7,20260932,5,9,8,35,batch_03|batch_09|batch_13|batch_08|batch_01,batch_14|batch_12|batch_15|batch_10|batch_11|batch_06|batch_07|batch_04
zic008_aec7,20260932,5,10,8,35,batch_03|batch_09|batch_02|batch_05|batch_16,batch_14|batch_12|batch_15|batch_10|batch_11|batch_06|batch_07|batch_04
zic008_aec7,20260932,5,11,8,35,batch_03|batch_09|batch_02|batch_05|batch_08,batch_14|batch_12|batch_15|batch_10|batch_11|batch_06|batch_07|batch_04
zic008_aec7,20260932,5,12,8,35,batch_03|batch_09|batch_02|batch_05|batch_01,batch_14|batch_12|batch_15|batch_10|batch_11|batch_06|batch_07|batch_04
zic008_aec7,20260932,5,13,8,35,batch_03|batch_09|batch_02|batch_16|batch_08,batch_14|batch_12|batch_15|batch_10|batch_11|batch_06|batch_07|batch_04
zic008_aec7,20260932,5,14,8,35,batch_03|batch_09|batch_02|batch_16|batch_01,batch_14|batch_12|batch_15|batch_10|batch_11|batch_06|batch_07|batch_04
zic008_aec7,20260932,5,15,8,35,batch_03|batch_09|batch_02|batch_08|batch_01,batch_14|batch_12|batch_15|batch_10|batch_11|batch_06|batch_07|batch_04
zic008_aec7,20260932,5,16,8,35,batch_03|batch_09|batch_05|batch_16|batch_08,batch_14|batch_12|batch_15|batch_10|batch_11|batch_06|batch_07|batch_04
zic008_aec7,20260932,5,17,8,35,batch_03|batch_09|batch_05|batch_16|batch_01,batch_14|batch_12|batch_15|batch_10|batch_11|batch_06|batch_07|batch_04
zic008_aec7,20260932,5,18,8,35,batch_03|batch_09|batch_05|batch_08|batch_01,batch_14|batch_12|batch_15|batch_10|batch_11|batch_06|batch_07|batch_04
zic008_aec7,20260932,5,19,8,35,batch_03|batch_09|batch_16|batch_08|batch_01,batch_14|batch_12|batch_15|batch_10|batch_11|batch_06|batch_07|batch_04
zic008_aec7,20260932,5,20,8,35,batch_03|batch_13|batch_02|batch_05|batch_16,batch_14|batch_12|batch_15|batch_10|batch_11|batch_06|batch_07|batch_04
zic008_aec7,20260932,5,21,8,35,batch_03|batch_13|batch_02|batch_05|batch_08,batch_14|batch_12|batch_15|batch_10|batch_11|batch_06|batch_07|batch_04
zic008_aec7,20260932,5,22,8,35,batch_03|batch_13|batch_02|batch_05|batch_01,batch_14|batch_12|batch_15|batch_10|batch_11|batch_06|batch_07|batch_04
zic008_aec7,20260932,5,23,8,35,batch_03|batch_13|batch_02|batch_16|batch_08,batch_14|batch_12|batch_15|batch_10|batch_11|batch_06|batch_07|batch_04
zic008_aec7,20260932,5,24,8,35,batch_03|batch_13|batch_02|batch_16|batch_01,batch_14|batch_12|batch_15|batch_10|batch_11|batch_06|batch_07|batch_04
zic008_aec7,20260932,5,25,8,35,batch_03|batch_13|batch_02|batch_08|batch_01,batch_14|batch_12|batch_15|batch_10|batch_11|batch_06|batch_07|batch_04
zic008_aec7,20260932,5,26,8,35,batch_03|batch_13|batch_05|batch_16|batch_08,batch_14|batch_12|batch_15|batch_10|batch_11|batch_06|batch_07|batch_04
zic008_aec7,20260932,5,27,8,35,batch_03|batch_13|batch_05|batch_16|batch_01,batch_14|batch_12|batch_15|batch_10|batch_11|batch_06|batch_07|batch_04
zic008_aec7,20260932,5,28,8,35,batch_03|batch_13|batch_05|batch_08|batch_01,batch_14|batch_12|batch_15|batch_10|batch_11|batch_06|batch_07|batch_04
zic008_aec7,20260932,5,29,8,35,batch_03|batch_13|batch_16|batch_08|batch_01,batch_14|batch_12|batch_15|batch_10|batch_11|batch_06|batch_07|batch_04
zic008_aec7,20260932,5,30,8,35,batch_03|batch_02|batch_05|batch_16|batch_08,batch_14|batch_12|batch_15|batch_10|batch_11|batch_06|batch_07|batch_04
zic008_aec7,20260932,5,31,8,35,batch_03|batch_02|batch_05|batch_16|batch_01,batch_14|batch_12|batch_15|batch_10|batch_11|batch_06|batch_07|batch_04
zic008_aec7,20260932,5,32,8,35,batch_03|batch_02|batch_05|batch_08|batch_01,batch_14|batch_12|batch_15|batch_10|batch_11|batch_06|batch_07|batch_04
zic008_aec7,20260932,5,33,8,35,batch_03|batch_02|batch_16|batch_08|batch_01,batch_14|batch_12|batch_15|batch_10|batch_11|batch_06|batch_07|batch_04
zic008_aec7,20260932,5,34,8,35,batch_03|batch_05|batch_16|batch_08|batch_01,batch_14|batch_12|batch_15|batch_10|batch_11|batch_06|batch_07|batch_04
zic008_aec7,20260932,5,35,8,35,batch_09|batch_13|batch_02|batch_05|batch_16,batch_14|batch_12|batch_15|batch_10|batch_11|batch_06|batch_07|batch_04
zic008_aec7,20260932,5,36,8,35,batch_09|batch_13|batch_02|batch_05|batch_08,batch_14|batch_12|batch_15|batch_10|batch_11|batch_06|batch_07|batch_04
zic008_aec7,20260932,5,37,8,35,batch_09|batch_13|batch_02|batch_05|batch_01,batch_14|batch_12|batch_15|batch_10|batch_11|batch_06|batch_07|batch_04
zic008_aec7,20260932,5,38,8,35,batch_09|batch_13|batch_02|batch_16|batch_08,batch_14|batch_12|batch_15|batch_10|batch_11|batch_06|batch_07|batch_04
zic008_aec7,20260932,5,39,8,35,batch_09|batch_13|batch_02|batch_16|batch_01,batch_14|batch_12|batch_15|batch_10|batch_11|batch_06|batch_07|batch_04
zic008_aec7,20260932,5,40,8,35,batch_09|batch_13|batch_02|batch_08|batch_01,batch_14|batch_12|batch_15|batch_10|batch_11|batch_06|batch_07|batch_04
zic008_aec7,20260932,5,41,8,35,batch_09|batch_13|batch_05|batch_16|batch_08,batch_14|batch_12|batch_15|batch_10|batch_11|batch_06|batch_07|batch_04
zic008_aec7,20260932,5,42,8,35,batch_09|batch_13|batch_05|batch_16|batch_01,batch_14|batch_12|batch_15|batch_10|batch_11|batch_06|batch_07|batch_04
zic008_aec7,20260932,5,43,8,35,batch_09|batch_13|batch_05|batch_08|batch_01,batch_14|batch_12|batch_15|batch_10|batch_11|batch_06|batch_07|batch_04
zic008_aec7,20260932,5,44,8,35,batch_09|batch_13|batch_16|batch_08|batch_01,batch_14|batch_12|batch_15|batch_10|batch_11|batch_06|batch_07|batch_04
zic008_aec7,20260932,5,45,8,35,batch_09|batch_02|batch_05|batch_16|batch_08,batch_14|batch_12|batch_15|batch_10|batch_11|batch_06|batch_07|batch_04
zic008_aec7,20260932,5,46,8,35,batch_09|batch_02|batch_05|batch_16|batch_01,batch_14|batch_12|batch_15|batch_10|batch_11|batch_06|batch_07|batch_04
zic008_aec7,20260932,5,47,8,35,batch_09|batch_02|batch_05|batch_08|batch_01,batch_14|batch_12|batch_15|batch_10|batch_11|batch_06|batch_07|batch_04
zic008_aec7,20260932,5,48,8,35,batch_09|batch_02|batch_16|batch_08|batch_01,batch_14|batch_12|batch_15|batch_10|batch_11|batch_06|batch_07|batch_04
zic008_aec7,20260932,5,49,8,35,batch_09|batch_05|batch_16|batch_08|batch_01,batch_14|batch_12|batch_15|batch_10|batch_11|batch_06|batch_07|batch_04
zic008_aec7,20260932,5,50,8,35,batch_13|batch_02|batch_05|batch_16|batch_08,batch_14|batch_12|batch_15|batch_10|batch_11|batch_06|batch_07|batch_04
zic008_aec7,20260932,5,51,8,35,batch_13|batch_02|batch_05|batch_16|batch_01,batch_14|batch_12|batch_15|batch_10|batch_11|batch_06|batch_07|batch_04
zic008_aec7,20260932,5,52,8,35,batch_13|batch_02|batch_05|batch_08|batch_01,batch_14|batch_12|batch_15|batch_10|batch_11|batch_06|batch_07|batch_04
zic008_aec7,20260932,5,53,8,35,batch_13|batch_02|batch_16|batch_08|batch_01,batch_14|batch_12|batch_15|batch_10|batch_11|batch_06|batch_07|batch_04
zic008_aec7,20260932,5,54,8,35,batch_13|batch_05|batch_16|batch_08|batch_01,batch_14|batch_12|batch_15|batch_10|batch_11|batch_06|batch_07|batch_04
zic008_aec7,20260932,5,55,8,35,batch_02|batch_05|batch_16|batch_08|batch_01,batch_14|batch_12|batch_15|batch_10|batch_11|batch_06|batch_07|batch_04
zic008_aec7,20260932,6,0,8,35,batch_03|batch_09|batch_13|batch_02|batch_05|batch_16,batch_14|batch_12|batch_15|batch_10|batch_11|batch_06|batch_07|batch_04
zic008_aec7,20260932,6,1,8,35,batch_03|batch_09|batch_13|batch_02|batch_05|batch_08,batch_14|batch_12|batch_15|batch_10|batch_11|batch_06|batch_07|batch_04
zic008_aec7,20260932,6,2,8,35,batch_03|batch_09|batch_13|batch_02|batch_05|batch_01,batch_14|batch_12|batch_15|batch_10|batch_11|batch_06|batch_07|batch_04
zic008_aec7,20260932,6,3,8,35,batch_03|batch_09|batch_13|batch_02|batch_16|batch_08,batch_14|batch_12|batch_15|batch_10|batch_11|batch_06|batch_07|batch_04
zic008_aec7,20260932,6,4,8,35,batch_03|batch_09|batch_13|batch_02|batch_16|batch_01,batch_14|batch_12|batch_15|batch_10|batch_11|batch_06|batch_07|batch_04
zic008_aec7,20260932,6,5,8,35,batch_03|batch_09|batch_13|batch_02|batch_08|batch_01,batch_14|batch_12|batch_15|batch_10|batch_11|batch_06|batch_07|batch_04
zic008_aec7,20260932,6,6,8,35,batch_03|batch_09|batch_13|batch_05|batch_16|batch_08,batch_14|batch_12|batch_15|batch_10|batch_11|batch_06|batch_07|batch_04
zic008_aec7,20260932,6,7,8,35,batch_03|batch_09|batch_13|batch_05|batch_16|batch_01,batch_14|batch_12|batch_15|batch_10|batch_11|batch_06|batch_07|batch_04
zic008_aec7,20260932,6,8,8,35,batch_03|batch_09|batch_13|batch_05|batch_08|batch_01,batch_14|batch_12|batch_15|batch_10|batch_11|batch_06|batch_07|batch_04
zic008_aec7,20260932,6,9,8,35,batch_03|batch_09|batch_13|batch_16|batch_08|batch_01,batch_14|batch_12|batch_15|batch_10|batch_11|batch_06|batch_07|batch_04
zic008_aec7,20260932,6,10,8,35,batch_03|batch_09|batch_02|batch_05|batch_16|batch_08,batch_14|batch_12|batch_15|batch_10|batch_11|batch_06|batch_07|batch_04
zic008_aec7,20260932,6,11,8,35,batch_03|batch_09|batch_02|batch_05|batch_16|batch_01,batch_14|batch_12|batch_15|batch_10|batch_11|batch_06|batch_07|batch_04
zic008_aec7,20260932,6,12,8,35,batch_03|batch_09|batch_02|batch_05|batch_08|batch_01,batch_14|batch_12|batch_15|batch_10|batch_11|batch_06|batch_07|batch_04
zic008_aec7,20260932,6,13,8,35,batch_03|batch_09|batch_02|batch_16|batch_08|batch_01,batch_14|batch_12|batch_15|batch_10|batch_11|batch_06|batch_07|batch_04
zic008_aec7,20260932,6,14,8,35,batch_03|batch_09|batch_05|batch_16|batch_08|batch_01,batch_14|batch_12|batch_15|batch_10|batch_11|batch_06|batch_07|batch_04
zic008_aec7,20260932,6,15,8,35,batch_03|batch_13|batch_02|batch_05|batch_16|batch_08,batch_14|batch_12|batch_15|batch_10|batch_11|batch_06|batch_07|batch_04
zic008_aec7,20260932,6,16,8,35,batch_03|batch_13|batch_02|batch_05|batch_16|batch_01,batch_14|batch_12|batch_15|batch_10|batch_11|batch_06|batch_07|batch_04
zic008_aec7,20260932,6,17,8,35,batch_03|batch_13|batch_02|batch_05|batch_08|batch_01,batch_14|batch_12|batch_15|batch_10|batch_11|batch_06|batch_07|batch_04
zic008_aec7,20260932,6,18,8,35,batch_03|batch_13|batch_02|batch_16|batch_08|batch_01,batch_14|batch_12|batch_15|batch_10|batch_11|batch_06|batch_07|batch_04
zic008_aec7,20260932,6,19,8,35,batch_03|batch_13|batch_05|batch_16|batch_08|batch_01,batch_14|batch_12|batch_15|batch_10|batch_11|batch_06|batch_07|batch_04
zic008_aec7,20260932,6,20,8,35,batch_03|batch_02|batch_05|batch_16|batch_08|batch_01,batch_14|batch_12|batch_15|batch_10|batch_11|batch_06|batch_07|batch_04
zic008_aec7,20260932,6,21,8,35,batch_09|batch_13|batch_02|batch_05|batch_16|batch_08,batch_14|batch_12|batch_15|batch_10|batch_11|batch_06|batch_07|batch_04
zic008_aec7,20260932,6,22,8,35,batch_09|batch_13|batch_02|batch_05|batch_16|batch_01,batch_14|batch_12|batch_15|batch_10|batch_11|batch_06|batch_07|batch_04
zic008_aec7,20260932,6,23,8,35,batch_09|batch_13|batch_02|batch_05|batch_08|batch_01,batch_14|batch_12|batch_15|batch_10|batch_11|batch_06|batch_07|batch_04
zic008_aec7,20260932,6,24,8,35,batch_09|batch_13|batch_02|batch_16|batch_08|batch_01,batch_14|batch_12|batch_15|batch_10|batch_11|batch_06|batch_07|batch_04
zic008_aec7,20260932,6,25,8,35,batch_09|batch_13|batch_05|batch_16|batch_08|batch_01,batch_14|batch_12|batch_15|batch_10|batch_11|batch_06|batch_07|batch_04
zic008_aec7,20260932,6,26,8,35,batch_09|batch_02|batch_05|batch_16|batch_08|batch_01,batch_14|batch_12|batch_15|batch_10|batch_11|batch_06|batch_07|batch_04
zic008_aec7,20260932,6,27,8,35,batch_13|batch_02|batch_05|batch_16|batch_08|batch_01,batch_14|batch_12|batch_15|batch_10|batch_11|batch_06|batch_07|batch_04
zic008_aec7,20260932,7,0,8,35,batch_03|batch_09|batch_13|batch_02|batch_05|batch_16|batch_08,batch_14|batch_12|batch_15|batch_10|batch_11|batch_06|batch_07|batch_04
zic008_aec7,20260932,7,1,8,35,batch_03|batch_09|batch_13|batch_02|batch_05|batch_16|batch_01,batch_14|batch_12|batch_15|batch_10|batch_11|batch_06|batch_07|batch_04
zic008_aec7,20260932,7,2,8,35,batch_03|batch_09|batch_13|batch_02|batch_05|batch_08|batch_01,batch_14|batch_12|batch_15|batch_10|batch_11|batch_06|batch_07|batch_04
zic008_aec7,20260932,7,3,8,35,batch_03|batch_09|batch_13|batch_02|batch_16|batch_08|batch_01,batch_14|batch_12|batch_15|batch_10|batch_11|batch_06|batch_07|batch_04
zic008_aec7,20260932,7,4,8,35,batch_03|batch_09|batch_13|batch_05|batch_16|batch_08|batch_01,batch_14|batch_12|batch_15|batch_10|batch_11|batch_06|batch_07|batch_04
zic008_aec7,20260932,7,5,8,35,batch_03|batch_09|batch_02|batch_05|batch_16|batch_08|batch_01,batch_14|batch_12|batch_15|batch_10|batch_11|batch_06|batch_07|batch_04
zic008_aec7,20260932,7,6,8,35,batch_03|batch_13|batch_02|batch_05|batch_16|batch_08|batch_01,batch_14|batch_12|batch_15|batch_10|batch_11|batch_06|batch_07|batch_04
zic008_aec7,20260932,7,7,8,35,batch_09|batch_13|batch_02|batch_05|batch_16|batch_08|batch_01,batch_14|batch_12|batch_15|batch_10|batch_11|batch_06|batch_07|batch_04
zic008_aec7,20260932,8,0,8,35,batch_03|batch_09|batch_13|batch_02|batch_05|batch_16|batch_08|batch_01,batch_14|batch_12|batch_15|batch_10|batch_11|batch_06|batch_07|batch_04
zic008_aec7,20260933,1,0,8,35,batch_14,batch_10|batch_03|batch_12|batch_09|batch_15|batch_02|batch_16|batch_11
zic008_aec7,20260933,1,1,8,35,batch_08,batch_10|batch_03|batch_12|batch_09|batch_15|batch_02|batch_16|batch_11
zic008_aec7,20260933,1,2,8,35,batch_06,batch_10|batch_03|batch_12|batch_09|batch_15|batch_02|batch_16|batch_11
zic008_aec7,20260933,1,3,8,35,batch_01,batch_10|batch_03|batch_12|batch_09|batch_15|batch_02|batch_16|batch_11
zic008_aec7,20260933,1,4,8,35,batch_13,batch_10|batch_03|batch_12|batch_09|batch_15|batch_02|batch_16|batch_11
zic008_aec7,20260933,1,5,8,35,batch_07,batch_10|batch_03|batch_12|batch_09|batch_15|batch_02|batch_16|batch_11
zic008_aec7,20260933,1,6,8,35,batch_04,batch_10|batch_03|batch_12|batch_09|batch_15|batch_02|batch_16|batch_11
zic008_aec7,20260933,1,7,8,35,batch_05,batch_10|batch_03|batch_12|batch_09|batch_15|batch_02|batch_16|batch_11
zic008_aec7,20260933,2,0,8,35,batch_14|batch_08,batch_10|batch_03|batch_12|batch_09|batch_15|batch_02|batch_16|batch_11
zic008_aec7,20260933,2,1,8,35,batch_14|batch_06,batch_10|batch_03|batch_12|batch_09|batch_15|batch_02|batch_16|batch_11
zic008_aec7,20260933,2,2,8,35,batch_14|batch_01,batch_10|batch_03|batch_12|batch_09|batch_15|batch_02|batch_16|batch_11
zic008_aec7,20260933,2,3,8,35,batch_14|batch_13,batch_10|batch_03|batch_12|batch_09|batch_15|batch_02|batch_16|batch_11
zic008_aec7,20260933,2,4,8,35,batch_14|batch_07,batch_10|batch_03|batch_12|batch_09|batch_15|batch_02|batch_16|batch_11
zic008_aec7,20260933,2,5,8,35,batch_14|batch_04,batch_10|batch_03|batch_12|batch_09|batch_15|batch_02|batch_16|batch_11
zic008_aec7,20260933,2,6,8,35,batch_14|batch_05,batch_10|batch_03|batch_12|batch_09|batch_15|batch_02|batch_16|batch_11
zic008_aec7,20260933,2,7,8,35,batch_08|batch_06,batch_10|batch_03|batch_12|batch_09|batch_15|batch_02|batch_16|batch_11
zic008_aec7,20260933,2,8,8,35,batch_08|batch_01,batch_10|batch_03|batch_12|batch_09|batch_15|batch_02|batch_16|batch_11
zic008_aec7,20260933,2,9,8,35,batch_08|batch_13,batch_10|batch_03|batch_12|batch_09|batch_15|batch_02|batch_16|batch_11
zic008_aec7,20260933,2,10,8,35,batch_08|batch_07,batch_10|batch_03|batch_12|batch_09|batch_15|batch_02|batch_16|batch_11
zic008_aec7,20260933,2,11,8,35,batch_08|batch_04,batch_10|batch_03|batch_12|batch_09|batch_15|batch_02|batch_16|batch_11
zic008_aec7,20260933,2,12,8,35,batch_08|batch_05,batch_10|batch_03|batch_12|batch_09|batch_15|batch_02|batch_16|batch_11
zic008_aec7,20260933,2,13,8,35,batch_06|batch_01,batch_10|batch_03|batch_12|batch_09|batch_15|batch_02|batch_16|batch_11
zic008_aec7,20260933,2,14,8,35,batch_06|batch_13,batch_10|batch_03|batch_12|batch_09|batch_15|batch_02|batch_16|batch_11
zic008_aec7,20260933,2,15,8,35,batch_06|batch_07,batch_10|batch_03|batch_12|batch_09|batch_15|batch_02|batch_16|batch_11
zic008_aec7,20260933,2,16,8,35,batch_06|batch_04,batch_10|batch_03|batch_12|batch_09|batch_15|batch_02|batch_16|batch_11
zic008_aec7,20260933,2,17,8,35,batch_06|batch_05,batch_10|batch_03|batch_12|batch_09|batch_15|batch_02|batch_16|batch_11
zic008_aec7,20260933,2,18,8,35,batch_01|batch_13,batch_10|batch_03|batch_12|batch_09|batch_15|batch_02|batch_16|batch_11
zic008_aec7,20260933,2,19,8,35,batch_01|batch_07,batch_10|batch_03|batch_12|batch_09|batch_15|batch_02|batch_16|batch_11
zic008_aec7,20260933,2,20,8,35,batch_01|batch_04,batch_10|batch_03|batch_12|batch_09|batch_15|batch_02|batch_16|batch_11
zic008_aec7,20260933,2,21,8,35,batch_01|batch_05,batch_10|batch_03|batch_12|batch_09|batch_15|batch_02|batch_16|batch_11
zic008_aec7,20260933,2,22,8,35,batch_13|batch_07,batch_10|batch_03|batch_12|batch_09|batch_15|batch_02|batch_16|batch_11
zic008_aec7,20260933,2,23,8,35,batch_13|batch_04,batch_10|batch_03|batch_12|batch_09|batch_15|batch_02|batch_16|batch_11
zic008_aec7,20260933,2,24,8,35,batch_13|batch_05,batch_10|batch_03|batch_12|batch_09|batch_15|batch_02|batch_16|batch_11
zic008_aec7,20260933,2,25,8,35,batch_07|batch_04,batch_10|batch_03|batch_12|batch_09|batch_15|batch_02|batch_16|batch_11
zic008_aec7,20260933,2,26,8,35,batch_07|batch_05,batch_10|batch_03|batch_12|batch_09|batch_15|batch_02|batch_16|batch_11
zic008_aec7,20260933,2,27,8,35,batch_04|batch_05,batch_10|batch_03|batch_12|batch_09|batch_15|batch_02|batch_16|batch_11
zic008_aec7,20260933,3,0,8,35,batch_14|batch_08|batch_06,batch_10|batch_03|batch_12|batch_09|batch_15|batch_02|batch_16|batch_11
zic008_aec7,20260933,3,1,8,35,batch_14|batch_08|batch_01,batch_10|batch_03|batch_12|batch_09|batch_15|batch_02|batch_16|batch_11
zic008_aec7,20260933,3,2,8,35,batch_14|batch_08|batch_13,batch_10|batch_03|batch_12|batch_09|batch_15|batch_02|batch_16|batch_11
zic008_aec7,20260933,3,3,8,35,batch_14|batch_08|batch_07,batch_10|batch_03|batch_12|batch_09|batch_15|batch_02|batch_16|batch_11
zic008_aec7,20260933,3,4,8,35,batch_14|batch_08|batch_04,batch_10|batch_03|batch_12|batch_09|batch_15|batch_02|batch_16|batch_11
zic008_aec7,20260933,3,5,8,35,batch_14|batch_08|batch_05,batch_10|batch_03|batch_12|batch_09|batch_15|batch_02|batch_16|batch_11
zic008_aec7,20260933,3,6,8,35,batch_14|batch_06|batch_01,batch_10|batch_03|batch_12|batch_09|batch_15|batch_02|batch_16|batch_11
zic008_aec7,20260933,3,7,8,35,batch_14|batch_06|batch_13,batch_10|batch_03|batch_12|batch_09|batch_15|batch_02|batch_16|batch_11
zic008_aec7,20260933,3,8,8,35,batch_14|batch_06|batch_07,batch_10|batch_03|batch_12|batch_09|batch_15|batch_02|batch_16|batch_11
zic008_aec7,20260933,3,9,8,35,batch_14|batch_06|batch_04,batch_10|batch_03|batch_12|batch_09|batch_15|batch_02|batch_16|batch_11
zic008_aec7,20260933,3,10,8,35,batch_14|batch_06|batch_05,batch_10|batch_03|batch_12|batch_09|batch_15|batch_02|batch_16|batch_11
zic008_aec7,20260933,3,11,8,35,batch_14|batch_01|batch_13,batch_10|batch_03|batch_12|batch_09|batch_15|batch_02|batch_16|batch_11
zic008_aec7,20260933,3,12,8,35,batch_14|batch_01|batch_07,batch_10|batch_03|batch_12|batch_09|batch_15|batch_02|batch_16|batch_11
zic008_aec7,20260933,3,13,8,35,batch_14|batch_01|batch_04,batch_10|batch_03|batch_12|batch_09|batch_15|batch_02|batch_16|batch_11
zic008_aec7,20260933,3,14,8,35,batch_14|batch_01|batch_05,batch_10|batch_03|batch_12|batch_09|batch_15|batch_02|batch_16|batch_11
zic008_aec7,20260933,3,15,8,35,batch_14|batch_13|batch_07,batch_10|batch_03|batch_12|batch_09|batch_15|batch_02|batch_16|batch_11
zic008_aec7,20260933,3,16,8,35,batch_14|batch_13|batch_04,batch_10|batch_03|batch_12|batch_09|batch_15|batch_02|batch_16|batch_11
zic008_aec7,20260933,3,17,8,35,batch_14|batch_13|batch_05,batch_10|batch_03|batch_12|batch_09|batch_15|batch_02|batch_16|batch_11
zic008_aec7,20260933,3,18,8,35,batch_14|batch_07|batch_04,batch_10|batch_03|batch_12|batch_09|batch_15|batch_02|batch_16|batch_11
zic008_aec7,20260933,3,19,8,35,batch_14|batch_07|batch_05,batch_10|batch_03|batch_12|batch_09|batch_15|batch_02|batch_16|batch_11
zic008_aec7,20260933,3,20,8,35,batch_14|batch_04|batch_05,batch_10|batch_03|batch_12|batch_09|batch_15|batch_02|batch_16|batch_11
zic008_aec7,20260933,3,21,8,35,batch_08|batch_06|batch_01,batch_10|batch_03|batch_12|batch_09|batch_15|batch_02|batch_16|batch_11
zic008_aec7,20260933,3,22,8,35,batch_08|batch_06|batch_13,batch_10|batch_03|batch_12|batch_09|batch_15|batch_02|batch_16|batch_11
zic008_aec7,20260933,3,23,8,35,batch_08|batch_06|batch_07,batch_10|batch_03|batch_12|batch_09|batch_15|batch_02|batch_16|batch_11
zic008_aec7,20260933,3,24,8,35,batch_08|batch_06|batch_04,batch_10|batch_03|batch_12|batch_09|batch_15|batch_02|batch_16|batch_11
zic008_aec7,20260933,3,25,8,35,batch_08|batch_06|batch_05,batch_10|batch_03|batch_12|batch_09|batch_15|batch_02|batch_16|batch_11
zic008_aec7,20260933,3,26,8,35,batch_08|batch_01|batch_13,batch_10|batch_03|batch_12|batch_09|batch_15|batch_02|batch_16|batch_11
zic008_aec7,20260933,3,27,8,35,batch_08|batch_01|batch_07,batch_10|batch_03|batch_12|batch_09|batch_15|batch_02|batch_16|batch_11
zic008_aec7,20260933,3,28,8,35,batch_08|batch_01|batch_04,batch_10|batch_03|batch_12|batch_09|batch_15|batch_02|batch_16|batch_11
zic008_aec7,20260933,3,29,8,35,batch_08|batch_01|batch_05,batch_10|batch_03|batch_12|batch_09|batch_15|batch_02|batch_16|batch_11
zic008_aec7,20260933,3,30,8,35,batch_08|batch_13|batch_07,batch_10|batch_03|batch_12|batch_09|batch_15|batch_02|batch_16|batch_11
zic008_aec7,20260933,3,31,8,35,batch_08|batch_13|batch_04,batch_10|batch_03|batch_12|batch_09|batch_15|batch_02|batch_16|batch_11
zic008_aec7,20260933,3,32,8,35,batch_08|batch_13|batch_05,batch_10|batch_03|batch_12|batch_09|batch_15|batch_02|batch_16|batch_11
zic008_aec7,20260933,3,33,8,35,batch_08|batch_07|batch_04,batch_10|batch_03|batch_12|batch_09|batch_15|batch_02|batch_16|batch_11
zic008_aec7,20260933,3,34,8,35,batch_08|batch_07|batch_05,batch_10|batch_03|batch_12|batch_09|batch_15|batch_02|batch_16|batch_11
zic008_aec7,20260933,3,35,8,35,batch_08|batch_04|batch_05,batch_10|batch_03|batch_12|batch_09|batch_15|batch_02|batch_16|batch_11
zic008_aec7,20260933,3,36,8,35,batch_06|batch_01|batch_13,batch_10|batch_03|batch_12|batch_09|batch_15|batch_02|batch_16|batch_11
zic008_aec7,20260933,3,37,8,35,batch_06|batch_01|batch_07,batch_10|batch_03|batch_12|batch_09|batch_15|batch_02|batch_16|batch_11
zic008_aec7,20260933,3,38,8,35,batch_06|batch_01|batch_04,batch_10|batch_03|batch_12|batch_09|batch_15|batch_02|batch_16|batch_11
zic008_aec7,20260933,3,39,8,35,batch_06|batch_01|batch_05,batch_10|batch_03|batch_12|batch_09|batch_15|batch_02|batch_16|batch_11
zic008_aec7,20260933,3,40,8,35,batch_06|batch_13|batch_07,batch_10|batch_03|batch_12|batch_09|batch_15|batch_02|batch_16|batch_11
zic008_aec7,20260933,3,41,8,35,batch_06|batch_13|batch_04,batch_10|batch_03|batch_12|batch_09|batch_15|batch_02|batch_16|batch_11
zic008_aec7,20260933,3,42,8,35,batch_06|batch_13|batch_05,batch_10|batch_03|batch_12|batch_09|batch_15|batch_02|batch_16|batch_11
zic008_aec7,20260933,3,43,8,35,batch_06|batch_07|batch_04,batch_10|batch_03|batch_12|batch_09|batch_15|batch_02|batch_16|batch_11
zic008_aec7,20260933,3,44,8,35,batch_06|batch_07|batch_05,batch_10|batch_03|batch_12|batch_09|batch_15|batch_02|batch_16|batch_11
zic008_aec7,20260933,3,45,8,35,batch_06|batch_04|batch_05,batch_10|batch_03|batch_12|batch_09|batch_15|batch_02|batch_16|batch_11
zic008_aec7,20260933,3,46,8,35,batch_01|batch_13|batch_07,batch_10|batch_03|batch_12|batch_09|batch_15|batch_02|batch_16|batch_11
zic008_aec7,20260933,3,47,8,35,batch_01|batch_13|batch_04,batch_10|batch_03|batch_12|batch_09|batch_15|batch_02|batch_16|batch_11
zic008_aec7,20260933,3,48,8,35,batch_01|batch_13|batch_05,batch_10|batch_03|batch_12|batch_09|batch_15|batch_02|batch_16|batch_11
zic008_aec7,20260933,3,49,8,35,batch_01|batch_07|batch_04,batch_10|batch_03|batch_12|batch_09|batch_15|batch_02|batch_16|batch_11
zic008_aec7,20260933,3,50,8,35,batch_01|batch_07|batch_05,batch_10|batch_03|batch_12|batch_09|batch_15|batch_02|batch_16|batch_11
zic008_aec7,20260933,3,51,8,35,batch_01|batch_04|batch_05,batch_10|batch_03|batch_12|batch_09|batch_15|batch_02|batch_16|batch_11
zic008_aec7,20260933,3,52,8,35,batch_13|batch_07|batch_04,batch_10|batch_03|batch_12|batch_09|batch_15|batch_02|batch_16|batch_11
zic008_aec7,20260933,3,53,8,35,batch_13|batch_07|batch_05,batch_10|batch_03|batch_12|batch_09|batch_15|batch_02|batch_16|batch_11
zic008_aec7,20260933,3,54,8,35,batch_13|batch_04|batch_05,batch_10|batch_03|batch_12|batch_09|batch_15|batch_02|batch_16|batch_11
zic008_aec7,20260933,3,55,8,35,batch_07|batch_04|batch_05,batch_10|batch_03|batch_12|batch_09|batch_15|batch_02|batch_16|batch_11
zic008_aec7,20260933,4,0,8,35,batch_14|batch_08|batch_06|batch_01,batch_10|batch_03|batch_12|batch_09|batch_15|batch_02|batch_16|batch_11
zic008_aec7,20260933,4,1,8,35,batch_14|batch_08|batch_06|batch_13,batch_10|batch_03|batch_12|batch_09|batch_15|batch_02|batch_16|batch_11
zic008_aec7,20260933,4,2,8,35,batch_14|batch_08|batch_06|batch_07,batch_10|batch_03|batch_12|batch_09|batch_15|batch_02|batch_16|batch_11
zic008_aec7,20260933,4,3,8,35,batch_14|batch_08|batch_06|batch_04,batch_10|batch_03|batch_12|batch_09|batch_15|batch_02|batch_16|batch_11
zic008_aec7,20260933,4,4,8,35,batch_14|batch_08|batch_06|batch_05,batch_10|batch_03|batch_12|batch_09|batch_15|batch_02|batch_16|batch_11
zic008_aec7,20260933,4,5,8,35,batch_14|batch_08|batch_01|batch_13,batch_10|batch_03|batch_12|batch_09|batch_15|batch_02|batch_16|batch_11
zic008_aec7,20260933,4,6,8,35,batch_14|batch_08|batch_01|batch_07,batch_10|batch_03|batch_12|batch_09|batch_15|batch_02|batch_16|batch_11
zic008_aec7,20260933,4,7,8,35,batch_14|batch_08|batch_01|batch_04,batch_10|batch_03|batch_12|batch_09|batch_15|batch_02|batch_16|batch_11
zic008_aec7,20260933,4,8,8,35,batch_14|batch_08|batch_01|batch_05,batch_10|batch_03|batch_12|batch_09|batch_15|batch_02|batch_16|batch_11
zic008_aec7,20260933,4,9,8,35,batch_14|batch_08|batch_13|batch_07,batch_10|batch_03|batch_12|batch_09|batch_15|batch_02|batch_16|batch_11
zic008_aec7,20260933,4,10,8,35,batch_14|batch_08|batch_13|batch_04,batch_10|batch_03|batch_12|batch_09|batch_15|batch_02|batch_16|batch_11
zic008_aec7,20260933,4,11,8,35,batch_14|batch_08|batch_13|batch_05,batch_10|batch_03|batch_12|batch_09|batch_15|batch_02|batch_16|batch_11
zic008_aec7,20260933,4,12,8,35,batch_14|batch_08|batch_07|batch_04,batch_10|batch_03|batch_12|batch_09|batch_15|batch_02|batch_16|batch_11
zic008_aec7,20260933,4,13,8,35,batch_14|batch_08|batch_07|batch_05,batch_10|batch_03|batch_12|batch_09|batch_15|batch_02|batch_16|batch_11
zic008_aec7,20260933,4,14,8,35,batch_14|batch_08|batch_04|batch_05,batch_10|batch_03|batch_12|batch_09|batch_15|batch_02|batch_16|batch_11
zic008_aec7,20260933,4,15,8,35,batch_14|batch_06|batch_01|batch_13,batch_10|batch_03|batch_12|batch_09|batch_15|batch_02|batch_16|batch_11
zic008_aec7,20260933,4,16,8,35,batch_14|batch_06|batch_01|batch_07,batch_10|batch_03|batch_12|batch_09|batch_15|batch_02|batch_16|batch_11
zic008_aec7,20260933,4,17,8,35,batch_14|batch_06|batch_01|batch_04,batch_10|batch_03|batch_12|batch_09|batch_15|batch_02|batch_16|batch_11
zic008_aec7,20260933,4,18,8,35,batch_14|batch_06|batch_01|batch_05,batch_10|batch_03|batch_12|batch_09|batch_15|batch_02|batch_16|batch_11
zic008_aec7,20260933,4,19,8,35,batch_14|batch_06|batch_13|batch_07,batch_10|batch_03|batch_12|batch_09|batch_15|batch_02|batch_16|batch_11
zic008_aec7,20260933,4,20,8,35,batch_14|batch_06|batch_13|batch_04,batch_10|batch_03|batch_12|batch_09|batch_15|batch_02|batch_16|batch_11
zic008_aec7,20260933,4,21,8,35,batch_14|batch_06|batch_13|batch_05,batch_10|batch_03|batch_12|batch_09|batch_15|batch_02|batch_16|batch_11
zic008_aec7,20260933,4,22,8,35,batch_14|batch_06|batch_07|batch_04,batch_10|batch_03|batch_12|batch_09|batch_15|batch_02|batch_16|batch_11
zic008_aec7,20260933,4,23,8,35,batch_14|batch_06|batch_07|batch_05,batch_10|batch_03|batch_12|batch_09|batch_15|batch_02|batch_16|batch_11
zic008_aec7,20260933,4,24,8,35,batch_14|batch_06|batch_04|batch_05,batch_10|batch_03|batch_12|batch_09|batch_15|batch_02|batch_16|batch_11
zic008_aec7,20260933,4,25,8,35,batch_14|batch_01|batch_13|batch_07,batch_10|batch_03|batch_12|batch_09|batch_15|batch_02|batch_16|batch_11
zic008_aec7,20260933,4,26,8,35,batch_14|batch_01|batch_13|batch_04,batch_10|batch_03|batch_12|batch_09|batch_15|batch_02|batch_16|batch_11
zic008_aec7,20260933,4,27,8,35,batch_14|batch_01|batch_13|batch_05,batch_10|batch_03|batch_12|batch_09|batch_15|batch_02|batch_16|batch_11
zic008_aec7,20260933,4,28,8,35,batch_14|batch_01|batch_07|batch_04,batch_10|batch_03|batch_12|batch_09|batch_15|batch_02|batch_16|batch_11
zic008_aec7,20260933,4,29,8,35,batch_14|batch_01|batch_07|batch_05,batch_10|batch_03|batch_12|batch_09|batch_15|batch_02|batch_16|batch_11
zic008_aec7,20260933,4,30,8,35,batch_14|batch_01|batch_04|batch_05,batch_10|batch_03|batch_12|batch_09|batch_15|batch_02|batch_16|batch_11
zic008_aec7,20260933,4,31,8,35,batch_14|batch_13|batch_07|batch_04,batch_10|batch_03|batch_12|batch_09|batch_15|batch_02|batch_16|batch_11
zic008_aec7,20260933,4,32,8,35,batch_14|batch_13|batch_07|batch_05,batch_10|batch_03|batch_12|batch_09|batch_15|batch_02|batch_16|batch_11
zic008_aec7,20260933,4,33,8,35,batch_14|batch_13|batch_04|batch_05,batch_10|batch_03|batch_12|batch_09|batch_15|batch_02|batch_16|batch_11
zic008_aec7,20260933,4,34,8,35,batch_14|batch_07|batch_04|batch_05,batch_10|batch_03|batch_12|batch_09|batch_15|batch_02|batch_16|batch_11
zic008_aec7,20260933,4,35,8,35,batch_08|batch_06|batch_01|batch_13,batch_10|batch_03|batch_12|batch_09|batch_15|batch_02|batch_16|batch_11
zic008_aec7,20260933,4,36,8,35,batch_08|batch_06|batch_01|batch_07,batch_10|batch_03|batch_12|batch_09|batch_15|batch_02|batch_16|batch_11
zic008_aec7,20260933,4,37,8,35,batch_08|batch_06|batch_01|batch_04,batch_10|batch_03|batch_12|batch_09|batch_15|batch_02|batch_16|batch_11
zic008_aec7,20260933,4,38,8,35,batch_08|batch_06|batch_01|batch_05,batch_10|batch_03|batch_12|batch_09|batch_15|batch_02|batch_16|batch_11
zic008_aec7,20260933,4,39,8,35,batch_08|batch_06|batch_13|batch_07,batch_10|batch_03|batch_12|batch_09|batch_15|batch_02|batch_16|batch_11
zic008_aec7,20260933,4,40,8,35,batch_08|batch_06|batch_13|batch_04,batch_10|batch_03|batch_12|batch_09|batch_15|batch_02|batch_16|batch_11
zic008_aec7,20260933,4,41,8,35,batch_08|batch_06|batch_13|batch_05,batch_10|batch_03|batch_12|batch_09|batch_15|batch_02|batch_16|batch_11
zic008_aec7,20260933,4,42,8,35,batch_08|batch_06|batch_07|batch_04,batch_10|batch_03|batch_12|batch_09|batch_15|batch_02|batch_16|batch_11
zic008_aec7,20260933,4,43,8,35,batch_08|batch_06|batch_07|batch_05,batch_10|batch_03|batch_12|batch_09|batch_15|batch_02|batch_16|batch_11
zic008_aec7,20260933,4,44,8,35,batch_08|batch_06|batch_04|batch_05,batch_10|batch_03|batch_12|batch_09|batch_15|batch_02|batch_16|batch_11
zic008_aec7,20260933,4,45,8,35,batch_08|batch_01|batch_13|batch_07,batch_10|batch_03|batch_12|batch_09|batch_15|batch_02|batch_16|batch_11
zic008_aec7,20260933,4,46,8,35,batch_08|batch_01|batch_13|batch_04,batch_10|batch_03|batch_12|batch_09|batch_15|batch_02|batch_16|batch_11
zic008_aec7,20260933,4,47,8,35,batch_08|batch_01|batch_13|batch_05,batch_10|batch_03|batch_12|batch_09|batch_15|batch_02|batch_16|batch_11
zic008_aec7,20260933,4,48,8,35,batch_08|batch_01|batch_07|batch_04,batch_10|batch_03|batch_12|batch_09|batch_15|batch_02|batch_16|batch_11
zic008_aec7,20260933,4,49,8,35,batch_08|batch_01|batch_07|batch_05,batch_10|batch_03|batch_12|batch_09|batch_15|batch_02|batch_16|batch_11
zic008_aec7,20260933,4,50,8,35,batch_08|batch_01|batch_04|batch_05,batch_10|batch_03|batch_12|batch_09|batch_15|batch_02|batch_16|batch_11
zic008_aec7,20260933,4,51,8,35,batch_08|batch_13|batch_07|batch_04,batch_10|batch_03|batch_12|batch_09|batch_15|batch_02|batch_16|batch_11
zic008_aec7,20260933,4,52,8,35,batch_08|batch_13|batch_07|batch_05,batch_10|batch_03|batch_12|batch_09|batch_15|batch_02|batch_16|batch_11
zic008_aec7,20260933,4,53,8,35,batch_08|batch_13|batch_04|batch_05,batch_10|batch_03|batch_12|batch_09|batch_15|batch_02|batch_16|batch_11
zic008_aec7,20260933,4,54,8,35,batch_08|batch_07|batch_04|batch_05,batch_10|batch_03|batch_12|batch_09|batch_15|batch_02|batch_16|batch_11
zic008_aec7,20260933,4,55,8,35,batch_06|batch_01|batch_13|batch_07,batch_10|batch_03|batch_12|batch_09|batch_15|batch_02|batch_16|batch_11
zic008_aec7,20260933,4,56,8,35,batch_06|batch_01|batch_13|batch_04,batch_10|batch_03|batch_12|batch_09|batch_15|batch_02|batch_16|batch_11
zic008_aec7,20260933,4,57,8,35,batch_06|batch_01|batch_13|batch_05,batch_10|batch_03|batch_12|batch_09|batch_15|batch_02|batch_16|batch_11
zic008_aec7,20260933,4,58,8,35,batch_06|batch_01|batch_07|batch_04,batch_10|batch_03|batch_12|batch_09|batch_15|batch_02|batch_16|batch_11
zic008_aec7,20260933,4,59,8,35,batch_06|batch_01|batch_07|batch_05,batch_10|batch_03|batch_12|batch_09|batch_15|batch_02|batch_16|batch_11
zic008_aec7,20260933,4,60,8,35,batch_06|batch_01|batch_04|batch_05,batch_10|batch_03|batch_12|batch_09|batch_15|batch_02|batch_16|batch_11
zic008_aec7,20260933,4,61,8,35,batch_06|batch_13|batch_07|batch_04,batch_10|batch_03|batch_12|batch_09|batch_15|batch_02|batch_16|batch_11
zic008_aec7,20260933,4,62,8,35,batch_06|batch_13|batch_07|batch_05,batch_10|batch_03|batch_12|batch_09|batch_15|batch_02|batch_16|batch_11
zic008_aec7,20260933,4,63,8,35,batch_06|batch_13|batch_04|batch_05,batch_10|batch_03|batch_12|batch_09|batch_15|batch_02|batch_16|batch_11
zic008_aec7,20260933,4,64,8,35,batch_06|batch_07|batch_04|batch_05,batch_10|batch_03|batch_12|batch_09|batch_15|batch_02|batch_16|batch_11
zic008_aec7,20260933,4,65,8,35,batch_01|batch_13|batch_07|batch_04,batch_10|batch_03|batch_12|batch_09|batch_15|batch_02|batch_16|batch_11
zic008_aec7,20260933,4,66,8,35,batch_01|batch_13|batch_07|batch_05,batch_10|batch_03|batch_12|batch_09|batch_15|batch_02|batch_16|batch_11
zic008_aec7,20260933,4,67,8,35,batch_01|batch_13|batch_04|batch_05,batch_10|batch_03|batch_12|batch_09|batch_15|batch_02|batch_16|batch_11
zic008_aec7,20260933,4,68,8,35,batch_01|batch_07|batch_04|batch_05,batch_10|batch_03|batch_12|batch_09|batch_15|batch_02|batch_16|batch_11
zic008_aec7,20260933,4,69,8,35,batch_13|batch_07|batch_04|batch_05,batch_10|batch_03|batch_12|batch_09|batch_15|batch_02|batch_16|batch_11
zic008_aec7,20260933,5,0,8,35,batch_14|batch_08|batch_06|batch_01|batch_13,batch_10|batch_03|batch_12|batch_09|batch_15|batch_02|batch_16|batch_11
zic008_aec7,20260933,5,1,8,35,batch_14|batch_08|batch_06|batch_01|batch_07,batch_10|batch_03|batch_12|batch_09|batch_15|batch_02|batch_16|batch_11
zic008_aec7,20260933,5,2,8,35,batch_14|batch_08|batch_06|batch_01|batch_04,batch_10|batch_03|batch_12|batch_09|batch_15|batch_02|batch_16|batch_11
zic008_aec7,20260933,5,3,8,35,batch_14|batch_08|batch_06|batch_01|batch_05,batch_10|batch_03|batch_12|batch_09|batch_15|batch_02|batch_16|batch_11
zic008_aec7,20260933,5,4,8,35,batch_14|batch_08|batch_06|batch_13|batch_07,batch_10|batch_03|batch_12|batch_09|batch_15|batch_02|batch_16|batch_11
zic008_aec7,20260933,5,5,8,35,batch_14|batch_08|batch_06|batch_13|batch_04,batch_10|batch_03|batch_12|batch_09|batch_15|batch_02|batch_16|batch_11
zic008_aec7,20260933,5,6,8,35,batch_14|batch_08|batch_06|batch_13|batch_05,batch_10|batch_03|batch_12|batch_09|batch_15|batch_02|batch_16|batch_11
zic008_aec7,20260933,5,7,8,35,batch_14|batch_08|batch_06|batch_07|batch_04,batch_10|batch_03|batch_12|batch_09|batch_15|batch_02|batch_16|batch_11
zic008_aec7,20260933,5,8,8,35,batch_14|batch_08|batch_06|batch_07|batch_05,batch_10|batch_03|batch_12|batch_09|batch_15|batch_02|batch_16|batch_11
zic008_aec7,20260933,5,9,8,35,batch_14|batch_08|batch_06|batch_04|batch_05,batch_10|batch_03|batch_12|batch_09|batch_15|batch_02|batch_16|batch_11
zic008_aec7,20260933,5,10,8,35,batch_14|batch_08|batch_01|batch_13|batch_07,batch_10|batch_03|batch_12|batch_09|batch_15|batch_02|batch_16|batch_11
zic008_aec7,20260933,5,11,8,35,batch_14|batch_08|batch_01|batch_13|batch_04,batch_10|batch_03|batch_12|batch_09|batch_15|batch_02|batch_16|batch_11
zic008_aec7,20260933,5,12,8,35,batch_14|batch_08|batch_01|batch_13|batch_05,batch_10|batch_03|batch_12|batch_09|batch_15|batch_02|batch_16|batch_11
zic008_aec7,20260933,5,13,8,35,batch_14|batch_08|batch_01|batch_07|batch_04,batch_10|batch_03|batch_12|batch_09|batch_15|batch_02|batch_16|batch_11
zic008_aec7,20260933,5,14,8,35,batch_14|batch_08|batch_01|batch_07|batch_05,batch_10|batch_03|batch_12|batch_09|batch_15|batch_02|batch_16|batch_11
zic008_aec7,20260933,5,15,8,35,batch_14|batch_08|batch_01|batch_04|batch_05,batch_10|batch_03|batch_12|batch_09|batch_15|batch_02|batch_16|batch_11
zic008_aec7,20260933,5,16,8,35,batch_14|batch_08|batch_13|batch_07|batch_04,batch_10|batch_03|batch_12|batch_09|batch_15|batch_02|batch_16|batch_11
zic008_aec7,20260933,5,17,8,35,batch_14|batch_08|batch_13|batch_07|batch_05,batch_10|batch_03|batch_12|batch_09|batch_15|batch_02|batch_16|batch_11
zic008_aec7,20260933,5,18,8,35,batch_14|batch_08|batch_13|batch_04|batch_05,batch_10|batch_03|batch_12|batch_09|batch_15|batch_02|batch_16|batch_11
zic008_aec7,20260933,5,19,8,35,batch_14|batch_08|batch_07|batch_04|batch_05,batch_10|batch_03|batch_12|batch_09|batch_15|batch_02|batch_16|batch_11
zic008_aec7,20260933,5,20,8,35,batch_14|batch_06|batch_01|batch_13|batch_07,batch_10|batch_03|batch_12|batch_09|batch_15|batch_02|batch_16|batch_11
zic008_aec7,20260933,5,21,8,35,batch_14|batch_06|batch_01|batch_13|batch_04,batch_10|batch_03|batch_12|batch_09|batch_15|batch_02|batch_16|batch_11
zic008_aec7,20260933,5,22,8,35,batch_14|batch_06|batch_01|batch_13|batch_05,batch_10|batch_03|batch_12|batch_09|batch_15|batch_02|batch_16|batch_11
zic008_aec7,20260933,5,23,8,35,batch_14|batch_06|batch_01|batch_07|batch_04,batch_10|batch_03|batch_12|batch_09|batch_15|batch_02|batch_16|batch_11
zic008_aec7,20260933,5,24,8,35,batch_14|batch_06|batch_01|batch_07|batch_05,batch_10|batch_03|batch_12|batch_09|batch_15|batch_02|batch_16|batch_11
zic008_aec7,20260933,5,25,8,35,batch_14|batch_06|batch_01|batch_04|batch_05,batch_10|batch_03|batch_12|batch_09|batch_15|batch_02|batch_16|batch_11
zic008_aec7,20260933,5,26,8,35,batch_14|batch_06|batch_13|batch_07|batch_04,batch_10|batch_03|batch_12|batch_09|batch_15|batch_02|batch_16|batch_11
zic008_aec7,20260933,5,27,8,35,batch_14|batch_06|batch_13|batch_07|batch_05,batch_10|batch_03|batch_12|batch_09|batch_15|batch_02|batch_16|batch_11
zic008_aec7,20260933,5,28,8,35,batch_14|batch_06|batch_13|batch_04|batch_05,batch_10|batch_03|batch_12|batch_09|batch_15|batch_02|batch_16|batch_11
zic008_aec7,20260933,5,29,8,35,batch_14|batch_06|batch_07|batch_04|batch_05,batch_10|batch_03|batch_12|batch_09|batch_15|batch_02|batch_16|batch_11
zic008_aec7,20260933,5,30,8,35,batch_14|batch_01|batch_13|batch_07|batch_04,batch_10|batch_03|batch_12|batch_09|batch_15|batch_02|batch_16|batch_11
zic008_aec7,20260933,5,31,8,35,batch_14|batch_01|batch_13|batch_07|batch_05,batch_10|batch_03|batch_12|batch_09|batch_15|batch_02|batch_16|batch_11
zic008_aec7,20260933,5,32,8,35,batch_14|batch_01|batch_13|batch_04|batch_05,batch_10|batch_03|batch_12|batch_09|batch_15|batch_02|batch_16|batch_11
zic008_aec7,20260933,5,33,8,35,batch_14|batch_01|batch_07|batch_04|batch_05,batch_10|batch_03|batch_12|batch_09|batch_15|batch_02|batch_16|batch_11
zic008_aec7,20260933,5,34,8,35,batch_14|batch_13|batch_07|batch_04|batch_05,batch_10|batch_03|batch_12|batch_09|batch_15|batch_02|batch_16|batch_11
zic008_aec7,20260933,5,35,8,35,batch_08|batch_06|batch_01|batch_13|batch_07,batch_10|batch_03|batch_12|batch_09|batch_15|batch_02|batch_16|batch_11
zic008_aec7,20260933,5,36,8,35,batch_08|batch_06|batch_01|batch_13|batch_04,batch_10|batch_03|batch_12|batch_09|batch_15|batch_02|batch_16|batch_11
zic008_aec7,20260933,5,37,8,35,batch_08|batch_06|batch_01|batch_13|batch_05,batch_10|batch_03|batch_12|batch_09|batch_15|batch_02|batch_16|batch_11
zic008_aec7,20260933,5,38,8,35,batch_08|batch_06|batch_01|batch_07|batch_04,batch_10|batch_03|batch_12|batch_09|batch_15|batch_02|batch_16|batch_11
zic008_aec7,20260933,5,39,8,35,batch_08|batch_06|batch_01|batch_07|batch_05,batch_10|batch_03|batch_12|batch_09|batch_15|batch_02|batch_16|batch_11
zic008_aec7,20260933,5,40,8,35,batch_08|batch_06|batch_01|batch_04|batch_05,batch_10|batch_03|batch_12|batch_09|batch_15|batch_02|batch_16|batch_11
zic008_aec7,20260933,5,41,8,35,batch_08|batch_06|batch_13|batch_07|batch_04,batch_10|batch_03|batch_12|batch_09|batch_15|batch_02|batch_16|batch_11
zic008_aec7,20260933,5,42,8,35,batch_08|batch_06|batch_13|batch_07|batch_05,batch_10|batch_03|batch_12|batch_09|batch_15|batch_02|batch_16|batch_11
zic008_aec7,20260933,5,43,8,35,batch_08|batch_06|batch_13|batch_04|batch_05,batch_10|batch_03|batch_12|batch_09|batch_15|batch_02|batch_16|batch_11
zic008_aec7,20260933,5,44,8,35,batch_08|batch_06|batch_07|batch_04|batch_05,batch_10|batch_03|batch_12|batch_09|batch_15|batch_02|batch_16|batch_11
zic008_aec7,20260933,5,45,8,35,batch_08|batch_01|batch_13|batch_07|batch_04,batch_10|batch_03|batch_12|batch_09|batch_15|batch_02|batch_16|batch_11
zic008_aec7,20260933,5,46,8,35,batch_08|batch_01|batch_13|batch_07|batch_05,batch_10|batch_03|batch_12|batch_09|batch_15|batch_02|batch_16|batch_11
zic008_aec7,20260933,5,47,8,35,batch_08|batch_01|batch_13|batch_04|batch_05,batch_10|batch_03|batch_12|batch_09|batch_15|batch_02|batch_16|batch_11
zic008_aec7,20260933,5,48,8,35,batch_08|batch_01|batch_07|batch_04|batch_05,batch_10|batch_03|batch_12|batch_09|batch_15|batch_02|batch_16|batch_11
zic008_aec7,20260933,5,49,8,35,batch_08|batch_13|batch_07|batch_04|batch_05,batch_10|batch_03|batch_12|batch_09|batch_15|batch_02|batch_16|batch_11
zic008_aec7,20260933,5,50,8,35,batch_06|batch_01|batch_13|batch_07|batch_04,batch_10|batch_03|batch_12|batch_09|batch_15|batch_02|batch_16|batch_11
zic008_aec7,20260933,5,51,8,35,batch_06|batch_01|batch_13|batch_07|batch_05,batch_10|batch_03|batch_12|batch_09|batch_15|batch_02|batch_16|batch_11
zic008_aec7,20260933,5,52,8,35,batch_06|batch_01|batch_13|batch_04|batch_05,batch_10|batch_03|batch_12|batch_09|batch_15|batch_02|batch_16|batch_11
zic008_aec7,20260933,5,53,8,35,batch_06|batch_01|batch_07|batch_04|batch_05,batch_10|batch_03|batch_12|batch_09|batch_15|batch_02|batch_16|batch_11
zic008_aec7,20260933,5,54,8,35,batch_06|batch_13|batch_07|batch_04|batch_05,batch_10|batch_03|batch_12|batch_09|batch_15|batch_02|batch_16|batch_11
zic008_aec7,20260933,5,55,8,35,batch_01|batch_13|batch_07|batch_04|batch_05,batch_10|batch_03|batch_12|batch_09|batch_15|batch_02|batch_16|batch_11
zic008_aec7,20260933,6,0,8,35,batch_14|batch_08|batch_06|batch_01|batch_13|batch_07,batch_10|batch_03|batch_12|batch_09|batch_15|batch_02|batch_16|batch_11
zic008_aec7,20260933,6,1,8,35,batch_14|batch_08|batch_06|batch_01|batch_13|batch_04,batch_10|batch_03|batch_12|batch_09|batch_15|batch_02|batch_16|batch_11
zic008_aec7,20260933,6,2,8,35,batch_14|batch_08|batch_06|batch_01|batch_13|batch_05,batch_10|batch_03|batch_12|batch_09|batch_15|batch_02|batch_16|batch_11
zic008_aec7,20260933,6,3,8,35,batch_14|batch_08|batch_06|batch_01|batch_07|batch_04,batch_10|batch_03|batch_12|batch_09|batch_15|batch_02|batch_16|batch_11
zic008_aec7,20260933,6,4,8,35,batch_14|batch_08|batch_06|batch_01|batch_07|batch_05,batch_10|batch_03|batch_12|batch_09|batch_15|batch_02|batch_16|batch_11
zic008_aec7,20260933,6,5,8,35,batch_14|batch_08|batch_06|batch_01|batch_04|batch_05,batch_10|batch_03|batch_12|batch_09|batch_15|batch_02|batch_16|batch_11
zic008_aec7,20260933,6,6,8,35,batch_14|batch_08|batch_06|batch_13|batch_07|batch_04,batch_10|batch_03|batch_12|batch_09|batch_15|batch_02|batch_16|batch_11
zic008_aec7,20260933,6,7,8,35,batch_14|batch_08|batch_06|batch_13|batch_07|batch_05,batch_10|batch_03|batch_12|batch_09|batch_15|batch_02|batch_16|batch_11
zic008_aec7,20260933,6,8,8,35,batch_14|batch_08|batch_06|batch_13|batch_04|batch_05,batch_10|batch_03|batch_12|batch_09|batch_15|batch_02|batch_16|batch_11
zic008_aec7,20260933,6,9,8,35,batch_14|batch_08|batch_06|batch_07|batch_04|batch_05,batch_10|batch_03|batch_12|batch_09|batch_15|batch_02|batch_16|batch_11
zic008_aec7,20260933,6,10,8,35,batch_14|batch_08|batch_01|batch_13|batch_07|batch_04,batch_10|batch_03|batch_12|batch_09|batch_15|batch_02|batch_16|batch_11
zic008_aec7,20260933,6,11,8,35,batch_14|batch_08|batch_01|batch_13|batch_07|batch_05,batch_10|batch_03|batch_12|batch_09|batch_15|batch_02|batch_16|batch_11
zic008_aec7,20260933,6,12,8,35,batch_14|batch_08|batch_01|batch_13|batch_04|batch_05,batch_10|batch_03|batch_12|batch_09|batch_15|batch_02|batch_16|batch_11
zic008_aec7,20260933,6,13,8,35,batch_14|batch_08|batch_01|batch_07|batch_04|batch_05,batch_10|batch_03|batch_12|batch_09|batch_15|batch_02|batch_16|batch_11
zic008_aec7,20260933,6,14,8,35,batch_14|batch_08|batch_13|batch_07|batch_04|batch_05,batch_10|batch_03|batch_12|batch_09|batch_15|batch_02|batch_16|batch_11
zic008_aec7,20260933,6,15,8,35,batch_14|batch_06|batch_01|batch_13|batch_07|batch_04,batch_10|batch_03|batch_12|batch_09|batch_15|batch_02|batch_16|batch_11
zic008_aec7,20260933,6,16,8,35,batch_14|batch_06|batch_01|batch_13|batch_07|batch_05,batch_10|batch_03|batch_12|batch_09|batch_15|batch_02|batch_16|batch_11
zic008_aec7,20260933,6,17,8,35,batch_14|batch_06|batch_01|batch_13|batch_04|batch_05,batch_10|batch_03|batch_12|batch_09|batch_15|batch_02|batch_16|batch_11
zic008_aec7,20260933,6,18,8,35,batch_14|batch_06|batch_01|batch_07|batch_04|batch_05,batch_10|batch_03|batch_12|batch_09|batch_15|batch_02|batch_16|batch_11
zic008_aec7,20260933,6,19,8,35,batch_14|batch_06|batch_13|batch_07|batch_04|batch_05,batch_10|batch_03|batch_12|batch_09|batch_15|batch_02|batch_16|batch_11
zic008_aec7,20260933,6,20,8,35,batch_14|batch_01|batch_13|batch_07|batch_04|batch_05,batch_10|batch_03|batch_12|batch_09|batch_15|batch_02|batch_16|batch_11
zic008_aec7,20260933,6,21,8,35,batch_08|batch_06|batch_01|batch_13|batch_07|batch_04,batch_10|batch_03|batch_12|batch_09|batch_15|batch_02|batch_16|batch_11
zic008_aec7,20260933,6,22,8,35,batch_08|batch_06|batch_01|batch_13|batch_07|batch_05,batch_10|batch_03|batch_12|batch_09|batch_15|batch_02|batch_16|batch_11
zic008_aec7,20260933,6,23,8,35,batch_08|batch_06|batch_01|batch_13|batch_04|batch_05,batch_10|batch_03|batch_12|batch_09|batch_15|batch_02|batch_16|batch_11
zic008_aec7,20260933,6,24,8,35,batch_08|batch_06|batch_01|batch_07|batch_04|batch_05,batch_10|batch_03|batch_12|batch_09|batch_15|batch_02|batch_16|batch_11
zic008_aec7,20260933,6,25,8,35,batch_08|batch_06|batch_13|batch_07|batch_04|batch_05,batch_10|batch_03|batch_12|batch_09|batch_15|batch_02|batch_16|batch_11
zic008_aec7,20260933,6,26,8,35,batch_08|batch_01|batch_13|batch_07|batch_04|batch_05,batch_10|batch_03|batch_12|batch_09|batch_15|batch_02|batch_16|batch_11
zic008_aec7,20260933,6,27,8,35,batch_06|batch_01|batch_13|batch_07|batch_04|batch_05,batch_10|batch_03|batch_12|batch_09|batch_15|batch_02|batch_16|batch_11
zic008_aec7,20260933,7,0,8,35,batch_14|batch_08|batch_06|batch_01|batch_13|batch_07|batch_04,batch_10|batch_03|batch_12|batch_09|batch_15|batch_02|batch_16|batch_11
zic008_aec7,20260933,7,1,8,35,batch_14|batch_08|batch_06|batch_01|batch_13|batch_07|batch_05,batch_10|batch_03|batch_12|batch_09|batch_15|batch_02|batch_16|batch_11
zic008_aec7,20260933,7,2,8,35,batch_14|batch_08|batch_06|batch_01|batch_13|batch_04|batch_05,batch_10|batch_03|batch_12|batch_09|batch_15|batch_02|batch_16|batch_11
zic008_aec7,20260933,7,3,8,35,batch_14|batch_08|batch_06|batch_01|batch_07|batch_04|batch_05,batch_10|batch_03|batch_12|batch_09|batch_15|batch_02|batch_16|batch_11
zic008_aec7,20260933,7,4,8,35,batch_14|batch_08|batch_06|batch_13|batch_07|batch_04|batch_05,batch_10|batch_03|batch_12|batch_09|batch_15|batch_02|batch_16|batch_11
zic008_aec7,20260933,7,5,8,35,batch_14|batch_08|batch_01|batch_13|batch_07|batch_04|batch_05,batch_10|batch_03|batch_12|batch_09|batch_15|batch_02|batch_16|batch_11
zic008_aec7,20260933,7,6,8,35,batch_14|batch_06|batch_01|batch_13|batch_07|batch_04|batch_05,batch_10|batch_03|batch_12|batch_09|batch_15|batch_02|batch_16|batch_11
zic008_aec7,20260933,7,7,8,35,batch_08|batch_06|batch_01|batch_13|batch_07|batch_04|batch_05,batch_10|batch_03|batch_12|batch_09|batch_15|batch_02|batch_16|batch_11
zic008_aec7,20260933,8,0,8,35,batch_14|batch_08|batch_06|batch_01|batch_13|batch_07|batch_04|batch_05,batch_10|batch_03|batch_12|batch_09|batch_15|batch_02|batch_16|batch_11
zic008_aec7,20260934,1,0,8,35,batch_01,batch_15|batch_07|batch_16|batch_14|batch_04|batch_02|batch_13|batch_06
zic008_aec7,20260934,1,1,8,35,batch_08,batch_15|batch_07|batch_16|batch_14|batch_04|batch_02|batch_13|batch_06
zic008_aec7,20260934,1,2,8,35,batch_03,batch_15|batch_07|batch_16|batch_14|batch_04|batch_02|batch_13|batch_06
zic008_aec7,20260934,1,3,8,35,batch_11,batch_15|batch_07|batch_16|batch_14|batch_04|batch_02|batch_13|batch_06
zic008_aec7,20260934,1,4,8,35,batch_09,batch_15|batch_07|batch_16|batch_14|batch_04|batch_02|batch_13|batch_06
zic008_aec7,20260934,1,5,8,35,batch_10,batch_15|batch_07|batch_16|batch_14|batch_04|batch_02|batch_13|batch_06
zic008_aec7,20260934,1,6,8,35,batch_12,batch_15|batch_07|batch_16|batch_14|batch_04|batch_02|batch_13|batch_06
zic008_aec7,20260934,1,7,8,35,batch_05,batch_15|batch_07|batch_16|batch_14|batch_04|batch_02|batch_13|batch_06
zic008_aec7,20260934,2,0,8,35,batch_01|batch_08,batch_15|batch_07|batch_16|batch_14|batch_04|batch_02|batch_13|batch_06
zic008_aec7,20260934,2,1,8,35,batch_01|batch_03,batch_15|batch_07|batch_16|batch_14|batch_04|batch_02|batch_13|batch_06
zic008_aec7,20260934,2,2,8,35,batch_01|batch_11,batch_15|batch_07|batch_16|batch_14|batch_04|batch_02|batch_13|batch_06
zic008_aec7,20260934,2,3,8,35,batch_01|batch_09,batch_15|batch_07|batch_16|batch_14|batch_04|batch_02|batch_13|batch_06
zic008_aec7,20260934,2,4,8,35,batch_01|batch_10,batch_15|batch_07|batch_16|batch_14|batch_04|batch_02|batch_13|batch_06
zic008_aec7,20260934,2,5,8,35,batch_01|batch_12,batch_15|batch_07|batch_16|batch_14|batch_04|batch_02|batch_13|batch_06
zic008_aec7,20260934,2,6,8,35,batch_01|batch_05,batch_15|batch_07|batch_16|batch_14|batch_04|batch_02|batch_13|batch_06
zic008_aec7,20260934,2,7,8,35,batch_08|batch_03,batch_15|batch_07|batch_16|batch_14|batch_04|batch_02|batch_13|batch_06
zic008_aec7,20260934,2,8,8,35,batch_08|batch_11,batch_15|batch_07|batch_16|batch_14|batch_04|batch_02|batch_13|batch_06
zic008_aec7,20260934,2,9,8,35,batch_08|batch_09,batch_15|batch_07|batch_16|batch_14|batch_04|batch_02|batch_13|batch_06
zic008_aec7,20260934,2,10,8,35,batch_08|batch_10,batch_15|batch_07|batch_16|batch_14|batch_04|batch_02|batch_13|batch_06
zic008_aec7,20260934,2,11,8,35,batch_08|batch_12,batch_15|batch_07|batch_16|batch_14|batch_04|batch_02|batch_13|batch_06
zic008_aec7,20260934,2,12,8,35,batch_08|batch_05,batch_15|batch_07|batch_16|batch_14|batch_04|batch_02|batch_13|batch_06
zic008_aec7,20260934,2,13,8,35,batch_03|batch_11,batch_15|batch_07|batch_16|batch_14|batch_04|batch_02|batch_13|batch_06
zic008_aec7,20260934,2,14,8,35,batch_03|batch_09,batch_15|batch_07|batch_16|batch_14|batch_04|batch_02|batch_13|batch_06
zic008_aec7,20260934,2,15,8,35,batch_03|batch_10,batch_15|batch_07|batch_16|batch_14|batch_04|batch_02|batch_13|batch_06
zic008_aec7,20260934,2,16,8,35,batch_03|batch_12,batch_15|batch_07|batch_16|batch_14|batch_04|batch_02|batch_13|batch_06
zic008_aec7,20260934,2,17,8,35,batch_03|batch_05,batch_15|batch_07|batch_16|batch_14|batch_04|batch_02|batch_13|batch_06
zic008_aec7,20260934,2,18,8,35,batch_11|batch_09,batch_15|batch_07|batch_16|batch_14|batch_04|batch_02|batch_13|batch_06
zic008_aec7,20260934,2,19,8,35,batch_11|batch_10,batch_15|batch_07|batch_16|batch_14|batch_04|batch_02|batch_13|batch_06
zic008_aec7,20260934,2,20,8,35,batch_11|batch_12,batch_15|batch_07|batch_16|batch_14|batch_04|batch_02|batch_13|batch_06
zic008_aec7,20260934,2,21,8,35,batch_11|batch_05,batch_15|batch_07|batch_16|batch_14|batch_04|batch_02|batch_13|batch_06
zic008_aec7,20260934,2,22,8,35,batch_09|batch_10,batch_15|batch_07|batch_16|batch_14|batch_04|batch_02|batch_13|batch_06
zic008_aec7,20260934,2,23,8,35,batch_09|batch_12,batch_15|batch_07|batch_16|batch_14|batch_04|batch_02|batch_13|batch_06
zic008_aec7,20260934,2,24,8,35,batch_09|batch_05,batch_15|batch_07|batch_16|batch_14|batch_04|batch_02|batch_13|batch_06
zic008_aec7,20260934,2,25,8,35,batch_10|batch_12,batch_15|batch_07|batch_16|batch_14|batch_04|batch_02|batch_13|batch_06
zic008_aec7,20260934,2,26,8,35,batch_10|batch_05,batch_15|batch_07|batch_16|batch_14|batch_04|batch_02|batch_13|batch_06
zic008_aec7,20260934,2,27,8,35,batch_12|batch_05,batch_15|batch_07|batch_16|batch_14|batch_04|batch_02|batch_13|batch_06
zic008_aec7,20260934,3,0,8,35,batch_01|batch_08|batch_03,batch_15|batch_07|batch_16|batch_14|batch_04|batch_02|batch_13|batch_06
zic008_aec7,20260934,3,1,8,35,batch_01|batch_08|batch_11,batch_15|batch_07|batch_16|batch_14|batch_04|batch_02|batch_13|batch_06
zic008_aec7,20260934,3,2,8,35,batch_01|batch_08|batch_09,batch_15|batch_07|batch_16|batch_14|batch_04|batch_02|batch_13|batch_06
zic008_aec7,20260934,3,3,8,35,batch_01|batch_08|batch_10,batch_15|batch_07|batch_16|batch_14|batch_04|batch_02|batch_13|batch_06
zic008_aec7,20260934,3,4,8,35,batch_01|batch_08|batch_12,batch_15|batch_07|batch_16|batch_14|batch_04|batch_02|batch_13|batch_06
zic008_aec7,20260934,3,5,8,35,batch_01|batch_08|batch_05,batch_15|batch_07|batch_16|batch_14|batch_04|batch_02|batch_13|batch_06
zic008_aec7,20260934,3,6,8,35,batch_01|batch_03|batch_11,batch_15|batch_07|batch_16|batch_14|batch_04|batch_02|batch_13|batch_06
zic008_aec7,20260934,3,7,8,35,batch_01|batch_03|batch_09,batch_15|batch_07|batch_16|batch_14|batch_04|batch_02|batch_13|batch_06
zic008_aec7,20260934,3,8,8,35,batch_01|batch_03|batch_10,batch_15|batch_07|batch_16|batch_14|batch_04|batch_02|batch_13|batch_06
zic008_aec7,20260934,3,9,8,35,batch_01|batch_03|batch_12,batch_15|batch_07|batch_16|batch_14|batch_04|batch_02|batch_13|batch_06
zic008_aec7,20260934,3,10,8,35,batch_01|batch_03|batch_05,batch_15|batch_07|batch_16|batch_14|batch_04|batch_02|batch_13|batch_06
zic008_aec7,20260934,3,11,8,35,batch_01|batch_11|batch_09,batch_15|batch_07|batch_16|batch_14|batch_04|batch_02|batch_13|batch_06
zic008_aec7,20260934,3,12,8,35,batch_01|batch_11|batch_10,batch_15|batch_07|batch_16|batch_14|batch_04|batch_02|batch_13|batch_06
zic008_aec7,20260934,3,13,8,35,batch_01|batch_11|batch_12,batch_15|batch_07|batch_16|batch_14|batch_04|batch_02|batch_13|batch_06
zic008_aec7,20260934,3,14,8,35,batch_01|batch_11|batch_05,batch_15|batch_07|batch_16|batch_14|batch_04|batch_02|batch_13|batch_06
zic008_aec7,20260934,3,15,8,35,batch_01|batch_09|batch_10,batch_15|batch_07|batch_16|batch_14|batch_04|batch_02|batch_13|batch_06
zic008_aec7,20260934,3,16,8,35,batch_01|batch_09|batch_12,batch_15|batch_07|batch_16|batch_14|batch_04|batch_02|batch_13|batch_06
zic008_aec7,20260934,3,17,8,35,batch_01|batch_09|batch_05,batch_15|batch_07|batch_16|batch_14|batch_04|batch_02|batch_13|batch_06
zic008_aec7,20260934,3,18,8,35,batch_01|batch_10|batch_12,batch_15|batch_07|batch_16|batch_14|batch_04|batch_02|batch_13|batch_06
zic008_aec7,20260934,3,19,8,35,batch_01|batch_10|batch_05,batch_15|batch_07|batch_16|batch_14|batch_04|batch_02|batch_13|batch_06
zic008_aec7,20260934,3,20,8,35,batch_01|batch_12|batch_05,batch_15|batch_07|batch_16|batch_14|batch_04|batch_02|batch_13|batch_06
zic008_aec7,20260934,3,21,8,35,batch_08|batch_03|batch_11,batch_15|batch_07|batch_16|batch_14|batch_04|batch_02|batch_13|batch_06
zic008_aec7,20260934,3,22,8,35,batch_08|batch_03|batch_09,batch_15|batch_07|batch_16|batch_14|batch_04|batch_02|batch_13|batch_06
zic008_aec7,20260934,3,23,8,35,batch_08|batch_03|batch_10,batch_15|batch_07|batch_16|batch_14|batch_04|batch_02|batch_13|batch_06
zic008_aec7,20260934,3,24,8,35,batch_08|batch_03|batch_12,batch_15|batch_07|batch_16|batch_14|batch_04|batch_02|batch_13|batch_06
zic008_aec7,20260934,3,25,8,35,batch_08|batch_03|batch_05,batch_15|batch_07|batch_16|batch_14|batch_04|batch_02|batch_13|batch_06
zic008_aec7,20260934,3,26,8,35,batch_08|batch_11|batch_09,batch_15|batch_07|batch_16|batch_14|batch_04|batch_02|batch_13|batch_06
zic008_aec7,20260934,3,27,8,35,batch_08|batch_11|batch_10,batch_15|batch_07|batch_16|batch_14|batch_04|batch_02|batch_13|batch_06
zic008_aec7,20260934,3,28,8,35,batch_08|batch_11|batch_12,batch_15|batch_07|batch_16|batch_14|batch_04|batch_02|batch_13|batch_06
zic008_aec7,20260934,3,29,8,35,batch_08|batch_11|batch_05,batch_15|batch_07|batch_16|batch_14|batch_04|batch_02|batch_13|batch_06
zic008_aec7,20260934,3,30,8,35,batch_08|batch_09|batch_10,batch_15|batch_07|batch_16|batch_14|batch_04|batch_02|batch_13|batch_06
zic008_aec7,20260934,3,31,8,35,batch_08|batch_09|batch_12,batch_15|batch_07|batch_16|batch_14|batch_04|batch_02|batch_13|batch_06
zic008_aec7,20260934,3,32,8,35,batch_08|batch_09|batch_05,batch_15|batch_07|batch_16|batch_14|batch_04|batch_02|batch_13|batch_06
zic008_aec7,20260934,3,33,8,35,batch_08|batch_10|batch_12,batch_15|batch_07|batch_16|batch_14|batch_04|batch_02|batch_13|batch_06
zic008_aec7,20260934,3,34,8,35,batch_08|batch_10|batch_05,batch_15|batch_07|batch_16|batch_14|batch_04|batch_02|batch_13|batch_06
zic008_aec7,20260934,3,35,8,35,batch_08|batch_12|batch_05,batch_15|batch_07|batch_16|batch_14|batch_04|batch_02|batch_13|batch_06
zic008_aec7,20260934,3,36,8,35,batch_03|batch_11|batch_09,batch_15|batch_07|batch_16|batch_14|batch_04|batch_02|batch_13|batch_06
zic008_aec7,20260934,3,37,8,35,batch_03|batch_11|batch_10,batch_15|batch_07|batch_16|batch_14|batch_04|batch_02|batch_13|batch_06
zic008_aec7,20260934,3,38,8,35,batch_03|batch_11|batch_12,batch_15|batch_07|batch_16|batch_14|batch_04|batch_02|batch_13|batch_06
zic008_aec7,20260934,3,39,8,35,batch_03|batch_11|batch_05,batch_15|batch_07|batch_16|batch_14|batch_04|batch_02|batch_13|batch_06
zic008_aec7,20260934,3,40,8,35,batch_03|batch_09|batch_10,batch_15|batch_07|batch_16|batch_14|batch_04|batch_02|batch_13|batch_06
zic008_aec7,20260934,3,41,8,35,batch_03|batch_09|batch_12,batch_15|batch_07|batch_16|batch_14|batch_04|batch_02|batch_13|batch_06
zic008_aec7,20260934,3,42,8,35,batch_03|batch_09|batch_05,batch_15|batch_07|batch_16|batch_14|batch_04|batch_02|batch_13|batch_06
zic008_aec7,20260934,3,43,8,35,batch_03|batch_10|batch_12,batch_15|batch_07|batch_16|batch_14|batch_04|batch_02|batch_13|batch_06
zic008_aec7,20260934,3,44,8,35,batch_03|batch_10|batch_05,batch_15|batch_07|batch_16|batch_14|batch_04|batch_02|batch_13|batch_06
zic008_aec7,20260934,3,45,8,35,batch_03|batch_12|batch_05,batch_15|batch_07|batch_16|batch_14|batch_04|batch_02|batch_13|batch_06
zic008_aec7,20260934,3,46,8,35,batch_11|batch_09|batch_10,batch_15|batch_07|batch_16|batch_14|batch_04|batch_02|batch_13|batch_06
zic008_aec7,20260934,3,47,8,35,batch_11|batch_09|batch_12,batch_15|batch_07|batch_16|batch_14|batch_04|batch_02|batch_13|batch_06
zic008_aec7,20260934,3,48,8,35,batch_11|batch_09|batch_05,batch_15|batch_07|batch_16|batch_14|batch_04|batch_02|batch_13|batch_06
zic008_aec7,20260934,3,49,8,35,batch_11|batch_10|batch_12,batch_15|batch_07|batch_16|batch_14|batch_04|batch_02|batch_13|batch_06
zic008_aec7,20260934,3,50,8,35,batch_11|batch_10|batch_05,batch_15|batch_07|batch_16|batch_14|batch_04|batch_02|batch_13|batch_06
zic008_aec7,20260934,3,51,8,35,batch_11|batch_12|batch_05,batch_15|batch_07|batch_16|batch_14|batch_04|batch_02|batch_13|batch_06
zic008_aec7,20260934,3,52,8,35,batch_09|batch_10|batch_12,batch_15|batch_07|batch_16|batch_14|batch_04|batch_02|batch_13|batch_06
zic008_aec7,20260934,3,53,8,35,batch_09|batch_10|batch_05,batch_15|batch_07|batch_16|batch_14|batch_04|batch_02|batch_13|batch_06
zic008_aec7,20260934,3,54,8,35,batch_09|batch_12|batch_05,batch_15|batch_07|batch_16|batch_14|batch_04|batch_02|batch_13|batch_06
zic008_aec7,20260934,3,55,8,35,batch_10|batch_12|batch_05,batch_15|batch_07|batch_16|batch_14|batch_04|batch_02|batch_13|batch_06
zic008_aec7,20260934,4,0,8,35,batch_01|batch_08|batch_03|batch_11,batch_15|batch_07|batch_16|batch_14|batch_04|batch_02|batch_13|batch_06
zic008_aec7,20260934,4,1,8,35,batch_01|batch_08|batch_03|batch_09,batch_15|batch_07|batch_16|batch_14|batch_04|batch_02|batch_13|batch_06
zic008_aec7,20260934,4,2,8,35,batch_01|batch_08|batch_03|batch_10,batch_15|batch_07|batch_16|batch_14|batch_04|batch_02|batch_13|batch_06
zic008_aec7,20260934,4,3,8,35,batch_01|batch_08|batch_03|batch_12,batch_15|batch_07|batch_16|batch_14|batch_04|batch_02|batch_13|batch_06
zic008_aec7,20260934,4,4,8,35,batch_01|batch_08|batch_03|batch_05,batch_15|batch_07|batch_16|batch_14|batch_04|batch_02|batch_13|batch_06
zic008_aec7,20260934,4,5,8,35,batch_01|batch_08|batch_11|batch_09,batch_15|batch_07|batch_16|batch_14|batch_04|batch_02|batch_13|batch_06
zic008_aec7,20260934,4,6,8,35,batch_01|batch_08|batch_11|batch_10,batch_15|batch_07|batch_16|batch_14|batch_04|batch_02|batch_13|batch_06
zic008_aec7,20260934,4,7,8,35,batch_01|batch_08|batch_11|batch_12,batch_15|batch_07|batch_16|batch_14|batch_04|batch_02|batch_13|batch_06
zic008_aec7,20260934,4,8,8,35,batch_01|batch_08|batch_11|batch_05,batch_15|batch_07|batch_16|batch_14|batch_04|batch_02|batch_13|batch_06
zic008_aec7,20260934,4,9,8,35,batch_01|batch_08|batch_09|batch_10,batch_15|batch_07|batch_16|batch_14|batch_04|batch_02|batch_13|batch_06
zic008_aec7,20260934,4,10,8,35,batch_01|batch_08|batch_09|batch_12,batch_15|batch_07|batch_16|batch_14|batch_04|batch_02|batch_13|batch_06
zic008_aec7,20260934,4,11,8,35,batch_01|batch_08|batch_09|batch_05,batch_15|batch_07|batch_16|batch_14|batch_04|batch_02|batch_13|batch_06
zic008_aec7,20260934,4,12,8,35,batch_01|batch_08|batch_10|batch_12,batch_15|batch_07|batch_16|batch_14|batch_04|batch_02|batch_13|batch_06
zic008_aec7,20260934,4,13,8,35,batch_01|batch_08|batch_10|batch_05,batch_15|batch_07|batch_16|batch_14|batch_04|batch_02|batch_13|batch_06
zic008_aec7,20260934,4,14,8,35,batch_01|batch_08|batch_12|batch_05,batch_15|batch_07|batch_16|batch_14|batch_04|batch_02|batch_13|batch_06
zic008_aec7,20260934,4,15,8,35,batch_01|batch_03|batch_11|batch_09,batch_15|batch_07|batch_16|batch_14|batch_04|batch_02|batch_13|batch_06
zic008_aec7,20260934,4,16,8,35,batch_01|batch_03|batch_11|batch_10,batch_15|batch_07|batch_16|batch_14|batch_04|batch_02|batch_13|batch_06
zic008_aec7,20260934,4,17,8,35,batch_01|batch_03|batch_11|batch_12,batch_15|batch_07|batch_16|batch_14|batch_04|batch_02|batch_13|batch_06
zic008_aec7,20260934,4,18,8,35,batch_01|batch_03|batch_11|batch_05,batch_15|batch_07|batch_16|batch_14|batch_04|batch_02|batch_13|batch_06
zic008_aec7,20260934,4,19,8,35,batch_01|batch_03|batch_09|batch_10,batch_15|batch_07|batch_16|batch_14|batch_04|batch_02|batch_13|batch_06
zic008_aec7,20260934,4,20,8,35,batch_01|batch_03|batch_09|batch_12,batch_15|batch_07|batch_16|batch_14|batch_04|batch_02|batch_13|batch_06
zic008_aec7,20260934,4,21,8,35,batch_01|batch_03|batch_09|batch_05,batch_15|batch_07|batch_16|batch_14|batch_04|batch_02|batch_13|batch_06
zic008_aec7,20260934,4,22,8,35,batch_01|batch_03|batch_10|batch_12,batch_15|batch_07|batch_16|batch_14|batch_04|batch_02|batch_13|batch_06
zic008_aec7,20260934,4,23,8,35,batch_01|batch_03|batch_10|batch_05,batch_15|batch_07|batch_16|batch_14|batch_04|batch_02|batch_13|batch_06
zic008_aec7,20260934,4,24,8,35,batch_01|batch_03|batch_12|batch_05,batch_15|batch_07|batch_16|batch_14|batch_04|batch_02|batch_13|batch_06
zic008_aec7,20260934,4,25,8,35,batch_01|batch_11|batch_09|batch_10,batch_15|batch_07|batch_16|batch_14|batch_04|batch_02|batch_13|batch_06
zic008_aec7,20260934,4,26,8,35,batch_01|batch_11|batch_09|batch_12,batch_15|batch_07|batch_16|batch_14|batch_04|batch_02|batch_13|batch_06
zic008_aec7,20260934,4,27,8,35,batch_01|batch_11|batch_09|batch_05,batch_15|batch_07|batch_16|batch_14|batch_04|batch_02|batch_13|batch_06
zic008_aec7,20260934,4,28,8,35,batch_01|batch_11|batch_10|batch_12,batch_15|batch_07|batch_16|batch_14|batch_04|batch_02|batch_13|batch_06
zic008_aec7,20260934,4,29,8,35,batch_01|batch_11|batch_10|batch_05,batch_15|batch_07|batch_16|batch_14|batch_04|batch_02|batch_13|batch_06
zic008_aec7,20260934,4,30,8,35,batch_01|batch_11|batch_12|batch_05,batch_15|batch_07|batch_16|batch_14|batch_04|batch_02|batch_13|batch_06
zic008_aec7,20260934,4,31,8,35,batch_01|batch_09|batch_10|batch_12,batch_15|batch_07|batch_16|batch_14|batch_04|batch_02|batch_13|batch_06
zic008_aec7,20260934,4,32,8,35,batch_01|batch_09|batch_10|batch_05,batch_15|batch_07|batch_16|batch_14|batch_04|batch_02|batch_13|batch_06
zic008_aec7,20260934,4,33,8,35,batch_01|batch_09|batch_12|batch_05,batch_15|batch_07|batch_16|batch_14|batch_04|batch_02|batch_13|batch_06
zic008_aec7,20260934,4,34,8,35,batch_01|batch_10|batch_12|batch_05,batch_15|batch_07|batch_16|batch_14|batch_04|batch_02|batch_13|batch_06
zic008_aec7,20260934,4,35,8,35,batch_08|batch_03|batch_11|batch_09,batch_15|batch_07|batch_16|batch_14|batch_04|batch_02|batch_13|batch_06
zic008_aec7,20260934,4,36,8,35,batch_08|batch_03|batch_11|batch_10,batch_15|batch_07|batch_16|batch_14|batch_04|batch_02|batch_13|batch_06
zic008_aec7,20260934,4,37,8,35,batch_08|batch_03|batch_11|batch_12,batch_15|batch_07|batch_16|batch_14|batch_04|batch_02|batch_13|batch_06
zic008_aec7,20260934,4,38,8,35,batch_08|batch_03|batch_11|batch_05,batch_15|batch_07|batch_16|batch_14|batch_04|batch_02|batch_13|batch_06
zic008_aec7,20260934,4,39,8,35,batch_08|batch_03|batch_09|batch_10,batch_15|batch_07|batch_16|batch_14|batch_04|batch_02|batch_13|batch_06
zic008_aec7,20260934,4,40,8,35,batch_08|batch_03|batch_09|batch_12,batch_15|batch_07|batch_16|batch_14|batch_04|batch_02|batch_13|batch_06
zic008_aec7,20260934,4,41,8,35,batch_08|batch_03|batch_09|batch_05,batch_15|batch_07|batch_16|batch_14|batch_04|batch_02|batch_13|batch_06
zic008_aec7,20260934,4,42,8,35,batch_08|batch_03|batch_10|batch_12,batch_15|batch_07|batch_16|batch_14|batch_04|batch_02|batch_13|batch_06
zic008_aec7,20260934,4,43,8,35,batch_08|batch_03|batch_10|batch_05,batch_15|batch_07|batch_16|batch_14|batch_04|batch_02|batch_13|batch_06
zic008_aec7,20260934,4,44,8,35,batch_08|batch_03|batch_12|batch_05,batch_15|batch_07|batch_16|batch_14|batch_04|batch_02|batch_13|batch_06
zic008_aec7,20260934,4,45,8,35,batch_08|batch_11|batch_09|batch_10,batch_15|batch_07|batch_16|batch_14|batch_04|batch_02|batch_13|batch_06
zic008_aec7,20260934,4,46,8,35,batch_08|batch_11|batch_09|batch_12,batch_15|batch_07|batch_16|batch_14|batch_04|batch_02|batch_13|batch_06
zic008_aec7,20260934,4,47,8,35,batch_08|batch_11|batch_09|batch_05,batch_15|batch_07|batch_16|batch_14|batch_04|batch_02|batch_13|batch_06
zic008_aec7,20260934,4,48,8,35,batch_08|batch_11|batch_10|batch_12,batch_15|batch_07|batch_16|batch_14|batch_04|batch_02|batch_13|batch_06
zic008_aec7,20260934,4,49,8,35,batch_08|batch_11|batch_10|batch_05,batch_15|batch_07|batch_16|batch_14|batch_04|batch_02|batch_13|batch_06
zic008_aec7,20260934,4,50,8,35,batch_08|batch_11|batch_12|batch_05,batch_15|batch_07|batch_16|batch_14|batch_04|batch_02|batch_13|batch_06
zic008_aec7,20260934,4,51,8,35,batch_08|batch_09|batch_10|batch_12,batch_15|batch_07|batch_16|batch_14|batch_04|batch_02|batch_13|batch_06
zic008_aec7,20260934,4,52,8,35,batch_08|batch_09|batch_10|batch_05,batch_15|batch_07|batch_16|batch_14|batch_04|batch_02|batch_13|batch_06
zic008_aec7,20260934,4,53,8,35,batch_08|batch_09|batch_12|batch_05,batch_15|batch_07|batch_16|batch_14|batch_04|batch_02|batch_13|batch_06
zic008_aec7,20260934,4,54,8,35,batch_08|batch_10|batch_12|batch_05,batch_15|batch_07|batch_16|batch_14|batch_04|batch_02|batch_13|batch_06
zic008_aec7,20260934,4,55,8,35,batch_03|batch_11|batch_09|batch_10,batch_15|batch_07|batch_16|batch_14|batch_04|batch_02|batch_13|batch_06
zic008_aec7,20260934,4,56,8,35,batch_03|batch_11|batch_09|batch_12,batch_15|batch_07|batch_16|batch_14|batch_04|batch_02|batch_13|batch_06
zic008_aec7,20260934,4,57,8,35,batch_03|batch_11|batch_09|batch_05,batch_15|batch_07|batch_16|batch_14|batch_04|batch_02|batch_13|batch_06
zic008_aec7,20260934,4,58,8,35,batch_03|batch_11|batch_10|batch_12,batch_15|batch_07|batch_16|batch_14|batch_04|batch_02|batch_13|batch_06
zic008_aec7,20260934,4,59,8,35,batch_03|batch_11|batch_10|batch_05,batch_15|batch_07|batch_16|batch_14|batch_04|batch_02|batch_13|batch_06
zic008_aec7,20260934,4,60,8,35,batch_03|batch_11|batch_12|batch_05,batch_15|batch_07|batch_16|batch_14|batch_04|batch_02|batch_13|batch_06
zic008_aec7,20260934,4,61,8,35,batch_03|batch_09|batch_10|batch_12,batch_15|batch_07|batch_16|batch_14|batch_04|batch_02|batch_13|batch_06
zic008_aec7,20260934,4,62,8,35,batch_03|batch_09|batch_10|batch_05,batch_15|batch_07|batch_16|batch_14|batch_04|batch_02|batch_13|batch_06
zic008_aec7,20260934,4,63,8,35,batch_03|batch_09|batch_12|batch_05,batch_15|batch_07|batch_16|batch_14|batch_04|batch_02|batch_13|batch_06
zic008_aec7,20260934,4,64,8,35,batch_03|batch_10|batch_12|batch_05,batch_15|batch_07|batch_16|batch_14|batch_04|batch_02|batch_13|batch_06
zic008_aec7,20260934,4,65,8,35,batch_11|batch_09|batch_10|batch_12,batch_15|batch_07|batch_16|batch_14|batch_04|batch_02|batch_13|batch_06
zic008_aec7,20260934,4,66,8,35,batch_11|batch_09|batch_10|batch_05,batch_15|batch_07|batch_16|batch_14|batch_04|batch_02|batch_13|batch_06
zic008_aec7,20260934,4,67,8,35,batch_11|batch_09|batch_12|batch_05,batch_15|batch_07|batch_16|batch_14|batch_04|batch_02|batch_13|batch_06
zic008_aec7,20260934,4,68,8,35,batch_11|batch_10|batch_12|batch_05,batch_15|batch_07|batch_16|batch_14|batch_04|batch_02|batch_13|batch_06
zic008_aec7,20260934,4,69,8,35,batch_09|batch_10|batch_12|batch_05,batch_15|batch_07|batch_16|batch_14|batch_04|batch_02|batch_13|batch_06
zic008_aec7,20260934,5,0,8,35,batch_01|batch_08|batch_03|batch_11|batch_09,batch_15|batch_07|batch_16|batch_14|batch_04|batch_02|batch_13|batch_06
zic008_aec7,20260934,5,1,8,35,batch_01|batch_08|batch_03|batch_11|batch_10,batch_15|batch_07|batch_16|batch_14|batch_04|batch_02|batch_13|batch_06
zic008_aec7,20260934,5,2,8,35,batch_01|batch_08|batch_03|batch_11|batch_12,batch_15|batch_07|batch_16|batch_14|batch_04|batch_02|batch_13|batch_06
zic008_aec7,20260934,5,3,8,35,batch_01|batch_08|batch_03|batch_11|batch_05,batch_15|batch_07|batch_16|batch_14|batch_04|batch_02|batch_13|batch_06
zic008_aec7,20260934,5,4,8,35,batch_01|batch_08|batch_03|batch_09|batch_10,batch_15|batch_07|batch_16|batch_14|batch_04|batch_02|batch_13|batch_06
zic008_aec7,20260934,5,5,8,35,batch_01|batch_08|batch_03|batch_09|batch_12,batch_15|batch_07|batch_16|batch_14|batch_04|batch_02|batch_13|batch_06
zic008_aec7,20260934,5,6,8,35,batch_01|batch_08|batch_03|batch_09|batch_05,batch_15|batch_07|batch_16|batch_14|batch_04|batch_02|batch_13|batch_06
zic008_aec7,20260934,5,7,8,35,batch_01|batch_08|batch_03|batch_10|batch_12,batch_15|batch_07|batch_16|batch_14|batch_04|batch_02|batch_13|batch_06
zic008_aec7,20260934,5,8,8,35,batch_01|batch_08|batch_03|batch_10|batch_05,batch_15|batch_07|batch_16|batch_14|batch_04|batch_02|batch_13|batch_06
zic008_aec7,20260934,5,9,8,35,batch_01|batch_08|batch_03|batch_12|batch_05,batch_15|batch_07|batch_16|batch_14|batch_04|batch_02|batch_13|batch_06
zic008_aec7,20260934,5,10,8,35,batch_01|batch_08|batch_11|batch_09|batch_10,batch_15|batch_07|batch_16|batch_14|batch_04|batch_02|batch_13|batch_06
zic008_aec7,20260934,5,11,8,35,batch_01|batch_08|batch_11|batch_09|batch_12,batch_15|batch_07|batch_16|batch_14|batch_04|batch_02|batch_13|batch_06
zic008_aec7,20260934,5,12,8,35,batch_01|batch_08|batch_11|batch_09|batch_05,batch_15|batch_07|batch_16|batch_14|batch_04|batch_02|batch_13|batch_06
zic008_aec7,20260934,5,13,8,35,batch_01|batch_08|batch_11|batch_10|batch_12,batch_15|batch_07|batch_16|batch_14|batch_04|batch_02|batch_13|batch_06
zic008_aec7,20260934,5,14,8,35,batch_01|batch_08|batch_11|batch_10|batch_05,batch_15|batch_07|batch_16|batch_14|batch_04|batch_02|batch_13|batch_06
zic008_aec7,20260934,5,15,8,35,batch_01|batch_08|batch_11|batch_12|batch_05,batch_15|batch_07|batch_16|batch_14|batch_04|batch_02|batch_13|batch_06
zic008_aec7,20260934,5,16,8,35,batch_01|batch_08|batch_09|batch_10|batch_12,batch_15|batch_07|batch_16|batch_14|batch_04|batch_02|batch_13|batch_06
zic008_aec7,20260934,5,17,8,35,batch_01|batch_08|batch_09|batch_10|batch_05,batch_15|batch_07|batch_16|batch_14|batch_04|batch_02|batch_13|batch_06
zic008_aec7,20260934,5,18,8,35,batch_01|batch_08|batch_09|batch_12|batch_05,batch_15|batch_07|batch_16|batch_14|batch_04|batch_02|batch_13|batch_06
zic008_aec7,20260934,5,19,8,35,batch_01|batch_08|batch_10|batch_12|batch_05,batch_15|batch_07|batch_16|batch_14|batch_04|batch_02|batch_13|batch_06
zic008_aec7,20260934,5,20,8,35,batch_01|batch_03|batch_11|batch_09|batch_10,batch_15|batch_07|batch_16|batch_14|batch_04|batch_02|batch_13|batch_06
zic008_aec7,20260934,5,21,8,35,batch_01|batch_03|batch_11|batch_09|batch_12,batch_15|batch_07|batch_16|batch_14|batch_04|batch_02|batch_13|batch_06
zic008_aec7,20260934,5,22,8,35,batch_01|batch_03|batch_11|batch_09|batch_05,batch_15|batch_07|batch_16|batch_14|batch_04|batch_02|batch_13|batch_06
zic008_aec7,20260934,5,23,8,35,batch_01|batch_03|batch_11|batch_10|batch_12,batch_15|batch_07|batch_16|batch_14|batch_04|batch_02|batch_13|batch_06
zic008_aec7,20260934,5,24,8,35,batch_01|batch_03|batch_11|batch_10|batch_05,batch_15|batch_07|batch_16|batch_14|batch_04|batch_02|batch_13|batch_06
zic008_aec7,20260934,5,25,8,35,batch_01|batch_03|batch_11|batch_12|batch_05,batch_15|batch_07|batch_16|batch_14|batch_04|batch_02|batch_13|batch_06
zic008_aec7,20260934,5,26,8,35,batch_01|batch_03|batch_09|batch_10|batch_12,batch_15|batch_07|batch_16|batch_14|batch_04|batch_02|batch_13|batch_06
zic008_aec7,20260934,5,27,8,35,batch_01|batch_03|batch_09|batch_10|batch_05,batch_15|batch_07|batch_16|batch_14|batch_04|batch_02|batch_13|batch_06
zic008_aec7,20260934,5,28,8,35,batch_01|batch_03|batch_09|batch_12|batch_05,batch_15|batch_07|batch_16|batch_14|batch_04|batch_02|batch_13|batch_06
zic008_aec7,20260934,5,29,8,35,batch_01|batch_03|batch_10|batch_12|batch_05,batch_15|batch_07|batch_16|batch_14|batch_04|batch_02|batch_13|batch_06
zic008_aec7,20260934,5,30,8,35,batch_01|batch_11|batch_09|batch_10|batch_12,batch_15|batch_07|batch_16|batch_14|batch_04|batch_02|batch_13|batch_06
zic008_aec7,20260934,5,31,8,35,batch_01|batch_11|batch_09|batch_10|batch_05,batch_15|batch_07|batch_16|batch_14|batch_04|batch_02|batch_13|batch_06
zic008_aec7,20260934,5,32,8,35,batch_01|batch_11|batch_09|batch_12|batch_05,batch_15|batch_07|batch_16|batch_14|batch_04|batch_02|batch_13|batch_06
zic008_aec7,20260934,5,33,8,35,batch_01|batch_11|batch_10|batch_12|batch_05,batch_15|batch_07|batch_16|batch_14|batch_04|batch_02|batch_13|batch_06
zic008_aec7,20260934,5,34,8,35,batch_01|batch_09|batch_10|batch_12|batch_05,batch_15|batch_07|batch_16|batch_14|batch_04|batch_02|batch_13|batch_06
zic008_aec7,20260934,5,35,8,35,batch_08|batch_03|batch_11|batch_09|batch_10,batch_15|batch_07|batch_16|batch_14|batch_04|batch_02|batch_13|batch_06
zic008_aec7,20260934,5,36,8,35,batch_08|batch_03|batch_11|batch_09|batch_12,batch_15|batch_07|batch_16|batch_14|batch_04|batch_02|batch_13|batch_06
zic008_aec7,20260934,5,37,8,35,batch_08|batch_03|batch_11|batch_09|batch_05,batch_15|batch_07|batch_16|batch_14|batch_04|batch_02|batch_13|batch_06
zic008_aec7,20260934,5,38,8,35,batch_08|batch_03|batch_11|batch_10|batch_12,batch_15|batch_07|batch_16|batch_14|batch_04|batch_02|batch_13|batch_06
zic008_aec7,20260934,5,39,8,35,batch_08|batch_03|batch_11|batch_10|batch_05,batch_15|batch_07|batch_16|batch_14|batch_04|batch_02|batch_13|batch_06
zic008_aec7,20260934,5,40,8,35,batch_08|batch_03|batch_11|batch_12|batch_05,batch_15|batch_07|batch_16|batch_14|batch_04|batch_02|batch_13|batch_06
zic008_aec7,20260934,5,41,8,35,batch_08|batch_03|batch_09|batch_10|batch_12,batch_15|batch_07|batch_16|batch_14|batch_04|batch_02|batch_13|batch_06
zic008_aec7,20260934,5,42,8,35,batch_08|batch_03|batch_09|batch_10|batch_05,batch_15|batch_07|batch_16|batch_14|batch_04|batch_02|batch_13|batch_06
zic008_aec7,20260934,5,43,8,35,batch_08|batch_03|batch_09|batch_12|batch_05,batch_15|batch_07|batch_16|batch_14|batch_04|batch_02|batch_13|batch_06
zic008_aec7,20260934,5,44,8,35,batch_08|batch_03|batch_10|batch_12|batch_05,batch_15|batch_07|batch_16|batch_14|batch_04|batch_02|batch_13|batch_06
zic008_aec7,20260934,5,45,8,35,batch_08|batch_11|batch_09|batch_10|batch_12,batch_15|batch_07|batch_16|batch_14|batch_04|batch_02|batch_13|batch_06
zic008_aec7,20260934,5,46,8,35,batch_08|batch_11|batch_09|batch_10|batch_05,batch_15|batch_07|batch_16|batch_14|batch_04|batch_02|batch_13|batch_06
zic008_aec7,20260934,5,47,8,35,batch_08|batch_11|batch_09|batch_12|batch_05,batch_15|batch_07|batch_16|batch_14|batch_04|batch_02|batch_13|batch_06
zic008_aec7,20260934,5,48,8,35,batch_08|batch_11|batch_10|batch_12|batch_05,batch_15|batch_07|batch_16|batch_14|batch_04|batch_02|batch_13|batch_06
zic008_aec7,20260934,5,49,8,35,batch_08|batch_09|batch_10|batch_12|batch_05,batch_15|batch_07|batch_16|batch_14|batch_04|batch_02|batch_13|batch_06
zic008_aec7,20260934,5,50,8,35,batch_03|batch_11|batch_09|batch_10|batch_12,batch_15|batch_07|batch_16|batch_14|batch_04|batch_02|batch_13|batch_06
zic008_aec7,20260934,5,51,8,35,batch_03|batch_11|batch_09|batch_10|batch_05,batch_15|batch_07|batch_16|batch_14|batch_04|batch_02|batch_13|batch_06
zic008_aec7,20260934,5,52,8,35,batch_03|batch_11|batch_09|batch_12|batch_05,batch_15|batch_07|batch_16|batch_14|batch_04|batch_02|batch_13|batch_06
zic008_aec7,20260934,5,53,8,35,batch_03|batch_11|batch_10|batch_12|batch_05,batch_15|batch_07|batch_16|batch_14|batch_04|batch_02|batch_13|batch_06
zic008_aec7,20260934,5,54,8,35,batch_03|batch_09|batch_10|batch_12|batch_05,batch_15|batch_07|batch_16|batch_14|batch_04|batch_02|batch_13|batch_06
zic008_aec7,20260934,5,55,8,35,batch_11|batch_09|batch_10|batch_12|batch_05,batch_15|batch_07|batch_16|batch_14|batch_04|batch_02|batch_13|batch_06
zic008_aec7,20260934,6,0,8,35,batch_01|batch_08|batch_03|batch_11|batch_09|batch_10,batch_15|batch_07|batch_16|batch_14|batch_04|batch_02|batch_13|batch_06
zic008_aec7,20260934,6,1,8,35,batch_01|batch_08|batch_03|batch_11|batch_09|batch_12,batch_15|batch_07|batch_16|batch_14|batch_04|batch_02|batch_13|batch_06
zic008_aec7,20260934,6,2,8,35,batch_01|batch_08|batch_03|batch_11|batch_09|batch_05,batch_15|batch_07|batch_16|batch_14|batch_04|batch_02|batch_13|batch_06
zic008_aec7,20260934,6,3,8,35,batch_01|batch_08|batch_03|batch_11|batch_10|batch_12,batch_15|batch_07|batch_16|batch_14|batch_04|batch_02|batch_13|batch_06
zic008_aec7,20260934,6,4,8,35,batch_01|batch_08|batch_03|batch_11|batch_10|batch_05,batch_15|batch_07|batch_16|batch_14|batch_04|batch_02|batch_13|batch_06
zic008_aec7,20260934,6,5,8,35,batch_01|batch_08|batch_03|batch_11|batch_12|batch_05,batch_15|batch_07|batch_16|batch_14|batch_04|batch_02|batch_13|batch_06
zic008_aec7,20260934,6,6,8,35,batch_01|batch_08|batch_03|batch_09|batch_10|batch_12,batch_15|batch_07|batch_16|batch_14|batch_04|batch_02|batch_13|batch_06
zic008_aec7,20260934,6,7,8,35,batch_01|batch_08|batch_03|batch_09|batch_10|batch_05,batch_15|batch_07|batch_16|batch_14|batch_04|batch_02|batch_13|batch_06
zic008_aec7,20260934,6,8,8,35,batch_01|batch_08|batch_03|batch_09|batch_12|batch_05,batch_15|batch_07|batch_16|batch_14|batch_04|batch_02|batch_13|batch_06
zic008_aec7,20260934,6,9,8,35,batch_01|batch_08|batch_03|batch_10|batch_12|batch_05,batch_15|batch_07|batch_16|batch_14|batch_04|batch_02|batch_13|batch_06
zic008_aec7,20260934,6,10,8,35,batch_01|batch_08|batch_11|batch_09|batch_10|batch_12,batch_15|batch_07|batch_16|batch_14|batch_04|batch_02|batch_13|batch_06
zic008_aec7,20260934,6,11,8,35,batch_01|batch_08|batch_11|batch_09|batch_10|batch_05,batch_15|batch_07|batch_16|batch_14|batch_04|batch_02|batch_13|batch_06
zic008_aec7,20260934,6,12,8,35,batch_01|batch_08|batch_11|batch_09|batch_12|batch_05,batch_15|batch_07|batch_16|batch_14|batch_04|batch_02|batch_13|batch_06
zic008_aec7,20260934,6,13,8,35,batch_01|batch_08|batch_11|batch_10|batch_12|batch_05,batch_15|batch_07|batch_16|batch_14|batch_04|batch_02|batch_13|batch_06
zic008_aec7,20260934,6,14,8,35,batch_01|batch_08|batch_09|batch_10|batch_12|batch_05,batch_15|batch_07|batch_16|batch_14|batch_04|batch_02|batch_13|batch_06
zic008_aec7,20260934,6,15,8,35,batch_01|batch_03|batch_11|batch_09|batch_10|batch_12,batch_15|batch_07|batch_16|batch_14|batch_04|batch_02|batch_13|batch_06
zic008_aec7,20260934,6,16,8,35,batch_01|batch_03|batch_11|batch_09|batch_10|batch_05,batch_15|batch_07|batch_16|batch_14|batch_04|batch_02|batch_13|batch_06
zic008_aec7,20260934,6,17,8,35,batch_01|batch_03|batch_11|batch_09|batch_12|batch_05,batch_15|batch_07|batch_16|batch_14|batch_04|batch_02|batch_13|batch_06
zic008_aec7,20260934,6,18,8,35,batch_01|batch_03|batch_11|batch_10|batch_12|batch_05,batch_15|batch_07|batch_16|batch_14|batch_04|batch_02|batch_13|batch_06
zic008_aec7,20260934,6,19,8,35,batch_01|batch_03|batch_09|batch_10|batch_12|batch_05,batch_15|batch_07|batch_16|batch_14|batch_04|batch_02|batch_13|batch_06
zic008_aec7,20260934,6,20,8,35,batch_01|batch_11|batch_09|batch_10|batch_12|batch_05,batch_15|batch_07|batch_16|batch_14|batch_04|batch_02|batch_13|batch_06
zic008_aec7,20260934,6,21,8,35,batch_08|batch_03|batch_11|batch_09|batch_10|batch_12,batch_15|batch_07|batch_16|batch_14|batch_04|batch_02|batch_13|batch_06
zic008_aec7,20260934,6,22,8,35,batch_08|batch_03|batch_11|batch_09|batch_10|batch_05,batch_15|batch_07|batch_16|batch_14|batch_04|batch_02|batch_13|batch_06
zic008_aec7,20260934,6,23,8,35,batch_08|batch_03|batch_11|batch_09|batch_12|batch_05,batch_15|batch_07|batch_16|batch_14|batch_04|batch_02|batch_13|batch_06
zic008_aec7,20260934,6,24,8,35,batch_08|batch_03|batch_11|batch_10|batch_12|batch_05,batch_15|batch_07|batch_16|batch_14|batch_04|batch_02|batch_13|batch_06
zic008_aec7,20260934,6,25,8,35,batch_08|batch_03|batch_09|batch_10|batch_12|batch_05,batch_15|batch_07|batch_16|batch_14|batch_04|batch_02|batch_13|batch_06
zic008_aec7,20260934,6,26,8,35,batch_08|batch_11|batch_09|batch_10|batch_12|batch_05,batch_15|batch_07|batch_16|batch_14|batch_04|batch_02|batch_13|batch_06
zic008_aec7,20260934,6,27,8,35,batch_03|batch_11|batch_09|batch_10|batch_12|batch_05,batch_15|batch_07|batch_16|batch_14|batch_04|batch_02|batch_13|batch_06
zic008_aec7,20260934,7,0,8,35,batch_01|batch_08|batch_03|batch_11|batch_09|batch_10|batch_12,batch_15|batch_07|batch_16|batch_14|batch_04|batch_02|batch_13|batch_06
zic008_aec7,20260934,7,1,8,35,batch_01|batch_08|batch_03|batch_11|batch_09|batch_10|batch_05,batch_15|batch_07|batch_16|batch_14|batch_04|batch_02|batch_13|batch_06
zic008_aec7,20260934,7,2,8,35,batch_01|batch_08|batch_03|batch_11|batch_09|batch_12|batch_05,batch_15|batch_07|batch_16|batch_14|batch_04|batch_02|batch_13|batch_06
zic008_aec7,20260934,7,3,8,35,batch_01|batch_08|batch_03|batch_11|batch_10|batch_12|batch_05,batch_15|batch_07|batch_16|batch_14|batch_04|batch_02|batch_13|batch_06
zic008_aec7,20260934,7,4,8,35,batch_01|batch_08|batch_03|batch_09|batch_10|batch_12|batch_05,batch_15|batch_07|batch_16|batch_14|batch_04|batch_02|batch_13|batch_06
zic008_aec7,20260934,7,5,8,35,batch_01|batch_08|batch_11|batch_09|batch_10|batch_12|batch_05,batch_15|batch_07|batch_16|batch_14|batch_04|batch_02|batch_13|batch_06
zic008_aec7,20260934,7,6,8,35,batch_01|batch_03|batch_11|batch_09|batch_10|batch_12|batch_05,batch_15|batch_07|batch_16|batch_14|batch_04|batch_02|batch_13|batch_06
zic008_aec7,20260934,7,7,8,35,batch_08|batch_03|batch_11|batch_09|batch_10|batch_12|batch_05,batch_15|batch_07|batch_16|batch_14|batch_04|batch_02|batch_13|batch_06
zic008_aec7,20260934,8,0,8,35,batch_01|batch_08|batch_03|batch_11|batch_09|batch_10|batch_12|batch_05,batch_15|batch_07|batch_16|batch_14|batch_04|batch_02|batch_13|batch_06
zic008_h1650,20260915,1,0,2,35,batch_03,batch_02|batch_04
zic008_h1650,20260915,1,1,2,35,batch_01,batch_02|batch_04
zic008_h1650,20260915,2,0,2,35,batch_03|batch_01,batch_02|batch_04
zic008_h1650,20260916,1,0,2,35,batch_02,batch_03|batch_04
zic008_h1650,20260916,1,1,2,35,batch_01,batch_03|batch_04
zic008_h1650,20260916,2,0,2,35,batch_02|batch_01,batch_03|batch_04
zic008_h1650,20260917,1,0,2,35,batch_02,batch_01|batch_03
zic008_h1650,20260917,1,1,2,35,batch_04,batch_01|batch_03
zic008_h1650,20260917,2,0,2,35,batch_02|batch_04,batch_01|batch_03
zic008_h1650,20260918,1,0,2,35,batch_03,batch_04|batch_01
zic008_h1650,20260918,1,1,2,35,batch_02,batch_04|batch_01
zic008_h1650,20260918,2,0,2,35,batch_03|batch_02,batch_04|batch_01
zic008_h1650,20260919,1,0,2,35,batch_04,batch_03|batch_02
zic008_h1650,20260919,1,1,2,35,batch_01,batch_03|batch_02
zic008_h1650,20260919,2,0,2,35,batch_04|batch_01,batch_03|batch_02
zic008_h1650,20260920,1,0,2,35,batch_01,batch_04|batch_03
zic008_h1650,20260920,1,1,2,35,batch_02,batch_04|batch_03
zic008_h1650,20260920,2,0,2,35,batch_01|batch_02,batch_04|batch_03
zic008_h1650,20260921,1,0,2,35,batch_01,batch_04|batch_03
zic008_h1650,20260921,1,1,2,35,batch_02,batch_04|batch_03
zic008_h1650,20260921,2,0,2,35,batch_01|batch_02,batch_04|batch_03
zic008_h1650,20260922,1,0,2,35,batch_01,batch_04|batch_03
zic008_h1650,20260922,1,1,2,35,batch_02,batch_04|batch_03
zic008_h1650,20260922,2,0,2,35,batch_01|batch_02,batch_04|batch_03
zic008_h1650,20260923,1,0,2,35,batch_02,batch_04|batch_03
zic008_h1650,20260923,1,1,2,35,batch_01,batch_04|batch_03
zic008_h1650,20260923,2,0,2,35,batch_02|batch_01,batch_04|batch_03
zic008_h1650,20260924,1,0,2,35,batch_04,batch_02|batch_01
zic008_h1650,20260924,1,1,2,35,batch_03,batch_02|batch_01
zic008_h1650,20260924,2,0,2,35,batch_04|batch_03,batch_02|batch_01
zic008_h1650,20260925,1,0,2,35,batch_01,batch_02|batch_03
zic008_h1650,20260925,1,1,2,35,batch_04,batch_02|batch_03
zic008_h1650,20260925,2,0,2,35,batch_01|batch_04,batch_02|batch_03
zic008_h1650,20260926,1,0,2,35,batch_04,batch_02|batch_03
zic008_h1650,20260926,1,1,2,35,batch_01,batch_02|batch_03
zic008_h1650,20260926,2,0,2,35,batch_04|batch_01,batch_02|batch_03
zic008_h1650,20260927,1,0,2,35,batch_01,batch_02|batch_04
zic008_h1650,20260927,1,1,2,35,batch_03,batch_02|batch_04
zic008_h1650,20260927,2,0,2,35,batch_01|batch_03,batch_02|batch_04
zic008_h1650,20260928,1,0,2,35,batch_04,batch_02|batch_03
zic008_h1650,20260928,1,1,2,35,batch_01,batch_02|batch_03
zic008_h1650,20260928,2,0,2,35,batch_04|batch_01,batch_02|batch_03
zic008_h1650,20260929,1,0,2,35,batch_02,batch_03|batch_01
zic008_h1650,20260929,1,1,2,35,batch_04,batch_03|batch_01
zic008_h1650,20260929,2,0,2,35,batch_02|batch_04,batch_03|batch_01
zic008_h1650,20260930,1,0,2,35,batch_04,batch_01|batch_03
zic008_h1650,20260930,1,1,2,35,batch_02,batch_01|batch_03
zic008_h1650,20260930,2,0,2,35,batch_04|batch_02,batch_01|batch_03
zic008_h1650,20260931,1,0,2,35,batch_04,batch_02|batch_03
zic008_h1650,20260931,1,1,2,35,batch_01,batch_02|batch_03
zic008_h1650,20260931,2,0,2,35,batch_04|batch_01,batch_02|batch_03
zic008_h1650,20260932,1,0,2,35,batch_04,batch_02|batch_03
zic008_h1650,20260932,1,1,2,35,batch_01,batch_02|batch_03
zic008_h1650,20260932,2,0,2,35,batch_04|batch_01,batch_02|batch_03
zic008_h1650,20260933,1,0,2,35,batch_02,batch_01|batch_03
zic008_h1650,20260933,1,1,2,35,batch_04,batch_01|batch_03
zic008_h1650,20260933,2,0,2,35,batch_02|batch_04,batch_01|batch_03
zic008_h1650,20260934,1,0,2,35,batch_01,batch_02|batch_04
zic008_h1650,20260934,1,1,2,35,batch_03,batch_02|batch_04
zic008_h1650,20260934,2,0,2,35,batch_01|batch_03,batch_02|batch_04
zic008_hek293,20260915,1,0,2,34,batch_01,batch_04|batch_02
zic008_hek293,20260915,1,1,2,34,batch_03,batch_04|batch_02
zic008_hek293,20260915,2,0,2,34,batch_01|batch_03,batch_04|batch_02
zic008_hek293,20260916,1,0,2,34,batch_02,batch_03|batch_01
zic008_hek293,20260916,1,1,2,34,batch_04,batch_03|batch_01
zic008_hek293,20260916,2,0,2,34,batch_02|batch_04,batch_03|batch_01
zic008_hek293,20260917,1,0,2,34,batch_04,batch_02|batch_01
zic008_hek293,20260917,1,1,2,34,batch_03,batch_02|batch_01
zic008_hek293,20260917,2,0,2,34,batch_04|batch_03,batch_02|batch_01
zic008_hek293,20260918,1,0,2,34,batch_04,batch_02|batch_03
zic008_hek293,20260918,1,1,2,34,batch_01,batch_02|batch_03
zic008_hek293,20260918,2,0,2,34,batch_04|batch_01,batch_02|batch_03
zic008_hek293,20260919,1,0,2,34,batch_02,batch_04|batch_01
zic008_hek293,20260919,1,1,2,34,batch_03,batch_04|batch_01
zic008_hek293,20260919,2,0,2,34,batch_02|batch_03,batch_04|batch_01
zic008_hek293,20260920,1,0,2,34,batch_02,batch_01|batch_03
zic008_hek293,20260920,1,1,2,34,batch_04,batch_01|batch_03
zic008_hek293,20260920,2,0,2,34,batch_02|batch_04,batch_01|batch_03
zic008_hek293,20260921,1,0,2,34,batch_02,batch_04|batch_03
zic008_hek293,20260921,1,1,2,34,batch_01,batch_04|batch_03
zic008_hek293,20260921,2,0,2,34,batch_02|batch_01,batch_04|batch_03
zic008_hek293,20260922,1,0,2,34,batch_01,batch_02|batch_04
zic008_hek293,20260922,1,1,2,34,batch_03,batch_02|batch_04
zic008_hek293,20260922,2,0,2,34,batch_01|batch_03,batch_02|batch_04
zic008_hek293,20260923,1,0,2,34,batch_02,batch_03|batch_04
zic008_hek293,20260923,1,1,2,34,batch_01,batch_03|batch_04
zic008_hek293,20260923,2,0,2,34,batch_02|batch_01,batch_03|batch_04
zic008_hek293,20260924,1,0,2,34,batch_01,batch_02|batch_04
zic008_hek293,20260924,1,1,2,34,batch_03,batch_02|batch_04
zic008_hek293,20260924,2,0,2,34,batch_01|batch_03,batch_02|batch_04
zic008_hek293,20260925,1,0,2,34,batch_01,batch_04|batch_03
zic008_hek293,20260925,1,1,2,34,batch_02,batch_04|batch_03
zic008_hek293,20260925,2,0,2,34,batch_01|batch_02,batch_04|batch_03
zic008_hek293,20260926,1,0,2,34,batch_04,batch_01|batch_03
zic008_hek293,20260926,1,1,2,34,batch_02,batch_01|batch_03
zic008_hek293,20260926,2,0,2,34,batch_04|batch_02,batch_01|batch_03
zic008_hek293,20260927,1,0,2,34,batch_02,batch_04|batch_01
zic008_hek293,20260927,1,1,2,34,batch_03,batch_04|batch_01
zic008_hek293,20260927,2,0,2,34,batch_02|batch_03,batch_04|batch_01
zic008_hek293,20260928,1,0,2,34,batch_04,batch_02|batch_01
zic008_hek293,20260928,1,1,2,34,batch_03,batch_02|batch_01
zic008_hek293,20260928,2,0,2,34,batch_04|batch_03,batch_02|batch_01
zic008_hek293,20260929,1,0,2,34,batch_01,batch_04|batch_03
zic008_hek293,20260929,1,1,2,34,batch_02,batch_04|batch_03
zic008_hek293,20260929,2,0,2,34,batch_01|batch_02,batch_04|batch_03
zic008_hek293,20260930,1,0,2,34,batch_04,batch_02|batch_03
zic008_hek293,20260930,1,1,2,34,batch_01,batch_02|batch_03
zic008_hek293,20260930,2,0,2,34,batch_04|batch_01,batch_02|batch_03
zic008_hek293,20260931,1,0,2,34,batch_01,batch_04|batch_02
zic008_hek293,20260931,1,1,2,34,batch_03,batch_04|batch_02
zic008_hek293,20260931,2,0,2,34,batch_01|batch_03,batch_04|batch_02
zic008_hek293,20260932,1,0,2,34,batch_01,batch_04|batch_03
zic008_hek293,20260932,1,1,2,34,batch_02,batch_04|batch_03
zic008_hek293,20260932,2,0,2,34,batch_01|batch_02,batch_04|batch_03
zic008_hek293,20260933,1,0,2,34,batch_04,batch_03|batch_01
zic008_hek293,20260933,1,1,2,34,batch_02,batch_03|batch_01
zic008_hek293,20260933,2,0,2,34,batch_04|batch_02,batch_03|batch_01
zic008_hek293,20260934,1,0,2,34,batch_03,batch_02|batch_01
zic008_hek293,20260934,1,1,2,34,batch_04,batch_02|batch_01
zic008_hek293,20260934,2,0,2,34,batch_03|batch_04,batch_02|batch_01
zic008_hek293clone,20260915,1,0,1,35,batch_02,batch_01
zic008_hek293clone,20260916,1,0,1,35,batch_02,batch_01
zic008_hek293clone,20260917,1,0,1,35,batch_01,batch_02
zic008_hek293clone,20260918,1,0,1,35,batch_01,batch_02
zic008_hek293clone,20260919,1,0,1,35,batch_01,batch_02
zic008_hek293clone,20260920,1,0,1,35,batch_01,batch_02
zic008_hek293clone,20260921,1,0,1,35,batch_01,batch_02
zic008_hek293clone,20260922,1,0,1,35,batch_02,batch_01
zic008_hek293clone,20260923,1,0,1,35,batch_02,batch_01
zic008_hek293clone,20260924,1,0,1,35,batch_01,batch_02
zic008_hek293clone,20260925,1,0,1,35,batch_02,batch_01
zic008_hek293clone,20260926,1,0,1,35,batch_01,batch_02
zic008_hek293clone,20260927,1,0,1,35,batch_02,batch_01
zic008_hek293clone,20260928,1,0,1,35,batch_02,batch_01
zic008_hek293clone,20260929,1,0,1,35,batch_01,batch_02
zic008_hek293clone,20260930,1,0,1,35,batch_01,batch_02
zic008_hek293clone,20260931,1,0,1,35,batch_02,batch_01
zic008_hek293clone,20260932,1,0,1,35,batch_01,batch_02
zic008_hek293clone,20260933,1,0,1,35,batch_01,batch_02
zic008_hek293clone,20260934,1,0,1,35,batch_01,batch_02
