batch_id,well_id,public_compound_id,control_name,source_row_after_sort,split
batch_1,1199,CPD_727697023490,AZD-3463,0,train_pool
batch_1,1594,CPD_727697023490,AZD-3463,1,test
batch_1,1747,CPD_727697023490,AZD-3463,2,train_pool
batch_1,2280,CPD_727697023490,AZD-3463,3,train_pool
batch_1,2560,CPD_727697023490,AZD-3463,4,test
batch_1,3182,CPD_727697023490,AZD-3463,5,train_pool
batch_1,3382,CPD_727697023490,AZD-3463,6,train_pool
batch_1,3471,CPD_727697023490,AZD-3463,7,train_pool
batch_1,3483,CPD_727697023490,AZD-3463,8,test
batch_1,3994,CPD_727697023490,AZD-3463,9,train_pool
batch_1,4307,CPD_727697023490,AZD-3463,10,train_pool
batch_1,4348,CPD_727697023490,AZD-3463,11,train_pool
batch_1,4477,CPD_727697023490,AZD-3463,12,test
batch_1,5086,CPD_727697023490,AZD-3463,13,train_pool
batch_1,5600,CPD_727697023490,AZD-3463,14,train_pool
batch_1,6430,CPD_727697023490,AZD-3463,15,test
batch_1,6569,CPD_727697023490,AZD-3463,16,train_pool
batch_1,6593,CPD_727697023490,AZD-3463,17,train_pool
batch_1,7020,CPD_727697023490,AZD-3463,18,train_pool
batch_1,8158,CPD_727697023490,AZD-3463,19,train_pool
batch_1,8160,CPD_727697023490,AZD-3463,20,train_pool
batch_1,8196,CPD_727697023490,AZD-3463,21,train_pool
batch_1,8626,CPD_727697023490,AZD-3463,22,test
batch_1,8740,CPD_727697023490,AZD-3463,23,train_pool
batch_1,8930,CPD_727697023490,AZD-3463,24,train_pool
batch_1,9032,CPD_727697023490,AZD-3463,25,train_pool
batch_1,9300,CPD_727697023490,AZD-3463,26,train_pool
batch_1,9413,CPD_727697023490,AZD-3463,27,train_pool
batch_1,9878,CPD_727697023490,AZD-3463,28,train_pool
batch_1,10033,CPD_727697023490,AZD-3463,29,train_pool
batch_1,10394,CPD_727697023490,AZD-3463,30,train_pool
batch_1,10570,CPD_727697023490,AZD-3463,31,train_pool
batch_1,10808,CPD_727697023490,AZD-3463,32,train_pool
batch_1,11192,CPD_727697023490,AZD-3463,33,train_pool
batch_1,11208,CPD_727697023490,AZD-3463,34,test
batch_1,11321,CPD_727697023490,AZD-3463,35,train_pool
batch_1,11329,CPD_727697023490,AZD-3463,36,test
batch_1,11371,CPD_727697023490,AZD-3463,37,train_pool
batch_1,11531,CPD_727697023490,AZD-3463,38,test
batch_1,11577,CPD_727697023490,AZD-3463,39,train_pool
batch_1,11609,CPD_727697023490,AZD-3463,40,test
batch_1,11643,CPD_727697023490,AZD-3463,41,train_pool
batch_1,11844,CPD_727697023490,AZD-3463,42,train_pool
batch_1,12033,CPD_727697023490,AZD-3463,43,test
batch_1,12114,CPD_727697023490,AZD-3463,44,train_pool
batch_1,12518,CPD_727697023490,AZD-3463,45,train_pool
batch_1,12634,CPD_727697023490,AZD-3463,46,train_pool
batch_1,12679,CPD_727697023490,AZD-3463,47,train_pool
batch_1,12777,CPD_727697023490,AZD-3463,48,train_pool
batch_1,12792,CPD_727697023490,AZD-3463,49,train_pool
batch_1,13067,CPD_727697023490,AZD-3463,50,train_pool
batch_1,13087,CPD_727697023490,AZD-3463,51,train_pool
batch_1,13302,CPD_727697023490,AZD-3463,52,test
batch_1,13627,CPD_727697023490,AZD-3463,53,train_pool
batch_1,13827,CPD_727697023490,AZD-3463,54,train_pool
batch_1,13925,CPD_727697023490,AZD-3463,55,train_pool
batch_1,14147,CPD_727697023490,AZD-3463,56,train_pool
batch_1,14474,CPD_727697023490,AZD-3463,57,train_pool
batch_1,14660,CPD_727697023490,AZD-3463,58,train_pool
batch_1,14749,CPD_727697023490,AZD-3463,59,train_pool
batch_1,14852,CPD_727697023490,AZD-3463,60,test
batch_1,14866,CPD_727697023490,AZD-3463,61,train_pool
batch_1,15060,CPD_727697023490,AZD-3463,62,train_pool
batch_1,15093,CPD_727697023490,AZD-3463,63,train_pool
batch_1,15763,CPD_727697023490,AZD-3463,64,train_pool
batch_1,15875,CPD_727697023490,AZD-3463,65,train_pool
batch_1,16016,CPD_727697023490,AZD-3463,66,train_pool
batch_1,16053,CPD_727697023490,AZD-3463,67,train_pool
batch_1,16054,CPD_727697023490,AZD-3463,68,train_pool
batch_1,16178,CPD_727697023490,AZD-3463,69,train_pool
batch_1,16315,CPD_727697023490,AZD-3463,70,test
batch_1,16424,CPD_727697023490,AZD-3463,71,test
batch_1,16427,CPD_727697023490,AZD-3463,72,train_pool
batch_1,16548,CPD_727697023490,AZD-3463,73,train_pool
batch_1,16599,CPD_727697023490,AZD-3463,74,train_pool
batch_1,16671,CPD_727697023490,AZD-3463,75,train_pool
batch_1,16741,CPD_727697023490,AZD-3463,76,train_pool
batch_1,17014,CPD_727697023490,AZD-3463,77,train_pool
batch_1,17185,CPD_727697023490,AZD-3463,78,train_pool
batch_1,17540,CPD_727697023490,AZD-3463,79,train_pool
batch_1,17649,CPD_727697023490,AZD-3463,80,train_pool
batch_1,17728,CPD_727697023490,AZD-3463,81,train_pool
batch_1,17978,CPD_727697023490,AZD-3463,82,train_pool
batch_1,18121,CPD_727697023490,AZD-3463,83,train_pool
batch_1,18350,CPD_727697023490,AZD-3463,84,train_pool
batch_1,18380,CPD_727697023490,AZD-3463,85,train_pool
batch_1,18397,CPD_727697023490,AZD-3463,86,train_pool
batch_1,18501,CPD_727697023490,AZD-3463,87,train_pool
batch_1,18846,CPD_727697023490,AZD-3463,88,train_pool
batch_1,18870,CPD_727697023490,AZD-3463,89,test
batch_1,19086,CPD_727697023490,AZD-3463,90,train_pool
batch_1,19322,CPD_727697023490,AZD-3463,91,test
batch_1,19563,CPD_727697023490,AZD-3463,92,train_pool
batch_1,20297,CPD_727697023490,AZD-3463,93,train_pool
batch_1,20594,CPD_727697023490,AZD-3463,94,test
batch_1,20633,CPD_727697023490,AZD-3463,95,train_pool
batch_1,20692,CPD_727697023490,AZD-3463,96,train_pool
batch_1,20923,CPD_727697023490,AZD-3463,97,test
batch_1,20925,CPD_727697023490,AZD-3463,98,train_pool
batch_1,21026,CPD_727697023490,AZD-3463,99,train_pool
batch_1,21130,CPD_727697023490,AZD-3463,100,train_pool
batch_1,21162,CPD_727697023490,AZD-3463,101,test
batch_1,21309,CPD_727697023490,AZD-3463,102,test
batch_1,21386,CPD_727697023490,AZD-3463,103,train_pool
batch_1,21511,CPD_727697023490,AZD-3463,104,train_pool
batch_1,21517,CPD_727697023490,AZD-3463,105,test
batch_1,21533,CPD_727697023490,AZD-3463,106,test
batch_1,21726,CPD_727697023490,AZD-3463,107,train_pool
batch_1,22137,CPD_727697023490,AZD-3463,108,train_pool
batch_1,22189,CPD_727697023490,AZD-3463,109,train_pool
batch_1,22335,CPD_727697023490,AZD-3463,110,test
batch_1,22600,CPD_727697023490,AZD-3463,111,train_pool
batch_1,23047,CPD_727697023490,AZD-3463,112,train_pool
batch_1,23061,CPD_727697023490,AZD-3463,113,train_pool
batch_1,23107,CPD_727697023490,AZD-3463,114,test
batch_1,23492,CPD_727697023490,AZD-3463,115,train_pool
batch_1,23541,CPD_727697023490,AZD-3463,116,train_pool
batch_1,23588,CPD_727697023490,AZD-3463,117,train_pool
batch_1,23804,CPD_727697023490,AZD-3463,118,test
batch_1,24084,CPD_727697023490,AZD-3463,119,train_pool
batch_1,24194,CPD_727697023490,AZD-3463,120,test
batch_1,24254,CPD_727697023490,AZD-3463,121,train_pool
batch_1,25310,CPD_727697023490,AZD-3463,122,train_pool
batch_1,25439,CPD_727697023490,AZD-3463,123,test
batch_1,25725,CPD_727697023490,AZD-3463,124,train_pool
batch_1,25734,CPD_727697023490,AZD-3463,125,train_pool
batch_1,25900,CPD_727697023490,AZD-3463,126,train_pool
batch_1,25905,CPD_727697023490,AZD-3463,127,test
batch_1,25937,CPD_727697023490,AZD-3463,128,train_pool
batch_1,26227,CPD_727697023490,AZD-3463,129,train_pool
batch_1,26239,CPD_727697023490,AZD-3463,130,train_pool
batch_1,26246,CPD_727697023490,AZD-3463,131,test
batch_1,26257,CPD_727697023490,AZD-3463,132,train_pool
batch_1,26342,CPD_727697023490,AZD-3463,133,train_pool
batch_1,26400,CPD_727697023490,AZD-3463,134,train_pool
batch_1,26502,CPD_727697023490,AZD-3463,135,train_pool
batch_1,26619,CPD_727697023490,AZD-3463,136,train_pool
batch_1,26732,CPD_727697023490,AZD-3463,137,test
batch_1,26769,CPD_727697023490,AZD-3463,138,train_pool
batch_1,26794,CPD_727697023490,AZD-3463,139,train_pool
batch_1,26999,CPD_727697023490,AZD-3463,140,train_pool
batch_1,27092,CPD_727697023490,AZD-3463,141,train_pool
batch_1,27112,CPD_727697023490,AZD-3463,142,train_pool
batch_1,27230,CPD_727697023490,AZD-3463,143,train_pool
batch_1,27262,CPD_727697023490,AZD-3463,144,train_pool
batch_1,27765,CPD_727697023490,AZD-3463,145,train_pool
batch_1,27933,CPD_727697023490,AZD-3463,146,train_pool
batch_1,27998,CPD_727697023490,AZD-3463,147,train_pool
batch_1,28093,CPD_727697023490,AZD-3463,148,train_pool
batch_1,28256,CPD_727697023490,AZD-3463,149,test
batch_1,28302,CPD_727697023490,AZD-3463,150,train_pool
batch_1,28381,CPD_727697023490,AZD-3463,151,test
batch_1,28584,CPD_727697023490,AZD-3463,152,train_pool
batch_1,28859,CPD_727697023490,AZD-3463,153,test
batch_1,28934,CPD_727697023490,AZD-3463,154,train_pool
batch_1,29014,CPD_727697023490,AZD-3463,155,train_pool
batch_1,29023,CPD_727697023490,AZD-3463,156,train_pool
batch_1,29258,CPD_727697023490,AZD-3463,157,train_pool
batch_1,29407,CPD_727697023490,AZD-3463,158,train_pool
batch_1,29619,CPD_727697023490,AZD-3463,159,train_pool
batch_1,29655,CPD_727697023490,AZD-3463,160,train_pool
batch_1,29739,CPD_727697023490,AZD-3463,161,train_pool
batch_1,30279,CPD_727697023490,AZD-3463,162,train_pool
batch_1,30318,CPD_727697023490,AZD-3463,163,train_pool
batch_1,30428,CPD_727697023490,AZD-3463,164,train_pool
batch_1,30449,CPD_727697023490,AZD-3463,165,train_pool
batch_1,30469,CPD_727697023490,AZD-3463,166,train_pool
batch_1,30479,CPD_727697023490,AZD-3463,167,train_pool
batch_1,30523,CPD_727697023490,AZD-3463,168,train_pool
batch_1,30664,CPD_727697023490,AZD-3463,169,train_pool
batch_1,30684,CPD_727697023490,AZD-3463,170,train_pool
batch_1,30692,CPD_727697023490,AZD-3463,171,train_pool
batch_1,30741,CPD_727697023490,AZD-3463,172,train_pool
batch_1,30770,CPD_727697023490,AZD-3463,173,train_pool
batch_1,32362,CPD_727697023490,AZD-3463,174,test
batch_1,32639,CPD_727697023490,AZD-3463,175,train_pool
batch_1,32719,CPD_727697023490,AZD-3463,176,test
batch_1,32894,CPD_727697023490,AZD-3463,177,train_pool
batch_1,33208,CPD_727697023490,AZD-3463,178,test
batch_1,33457,CPD_727697023490,AZD-3463,179,train_pool
batch_1,33649,CPD_727697023490,AZD-3463,180,train_pool
batch_1,33689,CPD_727697023490,AZD-3463,181,train_pool
batch_1,33911,CPD_727697023490,AZD-3463,182,train_pool
batch_1,33920,CPD_727697023490,AZD-3463,183,train_pool
batch_1,34008,CPD_727697023490,AZD-3463,184,train_pool
batch_1,34072,CPD_727697023490,AZD-3463,185,train_pool
batch_1,34175,CPD_727697023490,AZD-3463,186,train_pool
batch_1,34275,CPD_727697023490,AZD-3463,187,test
batch_1,34549,CPD_727697023490,AZD-3463,188,train_pool
batch_1,34667,CPD_727697023490,AZD-3463,189,train_pool
batch_1,34887,CPD_727697023490,AZD-3463,190,test
batch_1,35169,CPD_727697023490,AZD-3463,191,train_pool
batch_1,35355,CPD_727697023490,AZD-3463,192,train_pool
batch_1,35363,CPD_727697023490,AZD-3463,193,train_pool
batch_1,35538,CPD_727697023490,AZD-3463,194,train_pool
batch_1,35543,CPD_727697023490,AZD-3463,195,train_pool
batch_1,35654,CPD_727697023490,AZD-3463,196,test
batch_1,35993,CPD_727697023490,AZD-3463,197,test
batch_1,36006,CPD_727697023490,AZD-3463,198,train_pool
batch_1,36011,CPD_727697023490,AZD-3463,199,train_pool
batch_1,36326,CPD_727697023490,AZD-3463,200,train_pool
batch_1,36409,CPD_727697023490,AZD-3463,201,train_pool
batch_1,36581,CPD_727697023490,AZD-3463,202,train_pool
batch_1,36629,CPD_727697023490,AZD-3463,203,train_pool
batch_1,36683,CPD_727697023490,AZD-3463,204,test
batch_1,36760,CPD_727697023490,AZD-3463,205,test
batch_1,37055,CPD_727697023490,AZD-3463,206,test
batch_1,37220,CPD_727697023490,AZD-3463,207,train_pool
batch_1,37558,CPD_727697023490,AZD-3463,208,test
batch_1,37564,CPD_727697023490,AZD-3463,209,train_pool
batch_1,37829,CPD_727697023490,AZD-3463,210,train_pool
batch_1,38255,CPD_727697023490,AZD-3463,211,train_pool
batch_1,38306,CPD_727697023490,AZD-3463,212,train_pool
batch_1,38582,CPD_727697023490,AZD-3463,213,train_pool
batch_1,38657,CPD_727697023490,AZD-3463,214,train_pool
batch_1,38861,CPD_727697023490,AZD-3463,215,train_pool
batch_1,39927,CPD_727697023490,AZD-3463,216,train_pool
batch_1,39991,CPD_727697023490,AZD-3463,217,test
batch_1,40572,CPD_727697023490,AZD-3463,218,train_pool
batch_1,40623,CPD_727697023490,AZD-3463,219,train_pool
batch_1,41057,CPD_727697023490,AZD-3463,220,train_pool
batch_1,41067,CPD_727697023490,AZD-3463,221,test
batch_1,41252,CPD_727697023490,AZD-3463,222,train_pool
batch_1,41459,CPD_727697023490,AZD-3463,223,train_pool
batch_1,41948,CPD_727697023490,AZD-3463,224,train_pool
batch_1,41957,CPD_727697023490,AZD-3463,225,train_pool
batch_1,42195,CPD_727697023490,AZD-3463,226,train_pool
batch_1,42890,CPD_727697023490,AZD-3463,227,train_pool
batch_1,42978,CPD_727697023490,AZD-3463,228,test
batch_1,43016,CPD_727697023490,AZD-3463,229,train_pool
batch_1,43190,CPD_727697023490,AZD-3463,230,train_pool
batch_1,43459,CPD_727697023490,AZD-3463,231,train_pool
batch_1,43477,CPD_727697023490,AZD-3463,232,train_pool
batch_1,43515,CPD_727697023490,AZD-3463,233,train_pool
batch_1,43573,CPD_727697023490,AZD-3463,234,train_pool
batch_1,43958,CPD_727697023490,AZD-3463,235,train_pool
batch_1,43961,CPD_727697023490,AZD-3463,236,test
batch_1,44123,CPD_727697023490,AZD-3463,237,train_pool
batch_1,44246,CPD_727697023490,AZD-3463,238,train_pool
batch_1,44285,CPD_727697023490,AZD-3463,239,test
batch_1,44338,CPD_727697023490,AZD-3463,240,train_pool
batch_1,44416,CPD_727697023490,AZD-3463,241,train_pool
batch_1,44418,CPD_727697023490,AZD-3463,242,train_pool
batch_1,44436,CPD_727697023490,AZD-3463,243,train_pool
batch_1,44449,CPD_727697023490,AZD-3463,244,train_pool
batch_1,44598,CPD_727697023490,AZD-3463,245,train_pool
batch_1,44807,CPD_727697023490,AZD-3463,246,train_pool
batch_1,45419,CPD_727697023490,AZD-3463,247,test
batch_1,45537,CPD_727697023490,AZD-3463,248,train_pool
batch_1,45590,CPD_727697023490,AZD-3463,249,train_pool
batch_1,45804,CPD_727697023490,AZD-3463,250,train_pool
batch_1,45856,CPD_727697023490,AZD-3463,251,train_pool
batch_1,46205,CPD_727697023490,AZD-3463,252,train_pool
batch_1,46514,CPD_727697023490,AZD-3463,253,train_pool
batch_1,47812,CPD_727697023490,AZD-3463,254,train_pool
batch_1,49235,CPD_727697023490,AZD-3463,255,train_pool
batch_1,935,CPD_097241972673,AZD-7624,256,train_pool
batch_1,1585,CPD_097241972673,AZD-7624,257,train_pool
batch_1,1670,CPD_097241972673,AZD-7624,258,train_pool
batch_1,1804,CPD_097241972673,AZD-7624,259,train_pool
batch_1,1809,CPD_097241972673,AZD-7624,260,train_pool
batch_1,1859,CPD_097241972673,AZD-7624,261,train_pool
batch_1,2109,CPD_097241972673,AZD-7624,262,train_pool
batch_1,3035,CPD_097241972673,AZD-7624,263,train_pool
batch_1,3409,CPD_097241972673,AZD-7624,264,train_pool
batch_1,3469,CPD_097241972673,AZD-7624,265,train_pool
batch_1,3977,CPD_097241972673,AZD-7624,266,train_pool
batch_1,4138,CPD_097241972673,AZD-7624,267,train_pool
batch_1,5002,CPD_097241972673,AZD-7624,268,train_pool
batch_1,5079,CPD_097241972673,AZD-7624,269,train_pool
batch_1,5150,CPD_097241972673,AZD-7624,270,test
batch_1,5176,CPD_097241972673,AZD-7624,271,train_pool
batch_1,5325,CPD_097241972673,AZD-7624,272,train_pool
batch_1,5589,CPD_097241972673,AZD-7624,273,test
batch_1,5806,CPD_097241972673,AZD-7624,274,train_pool
batch_1,6212,CPD_097241972673,AZD-7624,275,train_pool
batch_1,6255,CPD_097241972673,AZD-7624,276,train_pool
batch_1,6532,CPD_097241972673,AZD-7624,277,train_pool
batch_1,6583,CPD_097241972673,AZD-7624,278,train_pool
batch_1,6762,CPD_097241972673,AZD-7624,279,train_pool
batch_1,6814,CPD_097241972673,AZD-7624,280,train_pool
batch_1,6905,CPD_097241972673,AZD-7624,281,train_pool
batch_1,6912,CPD_097241972673,AZD-7624,282,train_pool
batch_1,7059,CPD_097241972673,AZD-7624,283,train_pool
batch_1,7140,CPD_097241972673,AZD-7624,284,test
batch_1,7436,CPD_097241972673,AZD-7624,285,train_pool
batch_1,8053,CPD_097241972673,AZD-7624,286,train_pool
batch_1,8250,CPD_097241972673,AZD-7624,287,train_pool
batch_1,8492,CPD_097241972673,AZD-7624,288,test
batch_1,8501,CPD_097241972673,AZD-7624,289,train_pool
batch_1,8519,CPD_097241972673,AZD-7624,290,train_pool
batch_1,8629,CPD_097241972673,AZD-7624,291,test
batch_1,8669,CPD_097241972673,AZD-7624,292,test
batch_1,8792,CPD_097241972673,AZD-7624,293,test
batch_1,8845,CPD_097241972673,AZD-7624,294,train_pool
batch_1,8866,CPD_097241972673,AZD-7624,295,train_pool
batch_1,9423,CPD_097241972673,AZD-7624,296,train_pool
batch_1,9613,CPD_097241972673,AZD-7624,297,train_pool
batch_1,10161,CPD_097241972673,AZD-7624,298,train_pool
batch_1,10294,CPD_097241972673,AZD-7624,299,train_pool
batch_1,10320,CPD_097241972673,AZD-7624,300,train_pool
batch_1,10622,CPD_097241972673,AZD-7624,301,train_pool
batch_1,10771,CPD_097241972673,AZD-7624,302,train_pool
batch_1,10854,CPD_097241972673,AZD-7624,303,test
batch_1,11095,CPD_097241972673,AZD-7624,304,train_pool
batch_1,11123,CPD_097241972673,AZD-7624,305,train_pool
batch_1,11340,CPD_097241972673,AZD-7624,306,test
batch_1,11616,CPD_097241972673,AZD-7624,307,train_pool
batch_1,11710,CPD_097241972673,AZD-7624,308,train_pool
batch_1,11753,CPD_097241972673,AZD-7624,309,train_pool
batch_1,12272,CPD_097241972673,AZD-7624,310,test
batch_1,12400,CPD_097241972673,AZD-7624,311,train_pool
batch_1,12713,CPD_097241972673,AZD-7624,312,train_pool
batch_1,12795,CPD_097241972673,AZD-7624,313,train_pool
batch_1,12820,CPD_097241972673,AZD-7624,314,train_pool
batch_1,12861,CPD_097241972673,AZD-7624,315,test
batch_1,13005,CPD_097241972673,AZD-7624,316,train_pool
batch_1,13136,CPD_097241972673,AZD-7624,317,train_pool
batch_1,13231,CPD_097241972673,AZD-7624,318,train_pool
batch_1,13263,CPD_097241972673,AZD-7624,319,train_pool
batch_1,13769,CPD_097241972673,AZD-7624,320,train_pool
batch_1,14122,CPD_097241972673,AZD-7624,321,train_pool
batch_1,14155,CPD_097241972673,AZD-7624,322,train_pool
batch_1,14294,CPD_097241972673,AZD-7624,323,test
batch_1,14452,CPD_097241972673,AZD-7624,324,train_pool
batch_1,15293,CPD_097241972673,AZD-7624,325,test
batch_1,15305,CPD_097241972673,AZD-7624,326,train_pool
batch_1,15793,CPD_097241972673,AZD-7624,327,train_pool
batch_1,15811,CPD_097241972673,AZD-7624,328,train_pool
batch_1,15928,CPD_097241972673,AZD-7624,329,train_pool
batch_1,16028,CPD_097241972673,AZD-7624,330,train_pool
batch_1,16034,CPD_097241972673,AZD-7624,331,train_pool
batch_1,16308,CPD_097241972673,AZD-7624,332,test
batch_1,16569,CPD_097241972673,AZD-7624,333,train_pool
batch_1,16597,CPD_097241972673,AZD-7624,334,train_pool
batch_1,16886,CPD_097241972673,AZD-7624,335,train_pool
batch_1,16926,CPD_097241972673,AZD-7624,336,train_pool
batch_1,17477,CPD_097241972673,AZD-7624,337,train_pool
batch_1,17638,CPD_097241972673,AZD-7624,338,train_pool
batch_1,17696,CPD_097241972673,AZD-7624,339,train_pool
batch_1,17705,CPD_097241972673,AZD-7624,340,train_pool
batch_1,18169,CPD_097241972673,AZD-7624,341,train_pool
batch_1,18226,CPD_097241972673,AZD-7624,342,train_pool
batch_1,18242,CPD_097241972673,AZD-7624,343,train_pool
batch_1,18374,CPD_097241972673,AZD-7624,344,train_pool
batch_1,18435,CPD_097241972673,AZD-7624,345,train_pool
batch_1,18564,CPD_097241972673,AZD-7624,346,train_pool
batch_1,18718,CPD_097241972673,AZD-7624,347,train_pool
batch_1,19008,CPD_097241972673,AZD-7624,348,test
batch_1,19152,CPD_097241972673,AZD-7624,349,train_pool
batch_1,19243,CPD_097241972673,AZD-7624,350,train_pool
batch_1,19450,CPD_097241972673,AZD-7624,351,train_pool
batch_1,19543,CPD_097241972673,AZD-7624,352,train_pool
batch_1,19901,CPD_097241972673,AZD-7624,353,train_pool
batch_1,20862,CPD_097241972673,AZD-7624,354,train_pool
batch_1,20886,CPD_097241972673,AZD-7624,355,train_pool
batch_1,21149,CPD_097241972673,AZD-7624,356,train_pool
batch_1,21384,CPD_097241972673,AZD-7624,357,train_pool
batch_1,21453,CPD_097241972673,AZD-7624,358,train_pool
batch_1,21487,CPD_097241972673,AZD-7624,359,train_pool
batch_1,21785,CPD_097241972673,AZD-7624,360,test
batch_1,21990,CPD_097241972673,AZD-7624,361,train_pool
batch_1,22541,CPD_097241972673,AZD-7624,362,train_pool
batch_1,23111,CPD_097241972673,AZD-7624,363,train_pool
batch_1,23529,CPD_097241972673,AZD-7624,364,train_pool
batch_1,23648,CPD_097241972673,AZD-7624,365,train_pool
batch_1,23650,CPD_097241972673,AZD-7624,366,test
batch_1,23657,CPD_097241972673,AZD-7624,367,train_pool
batch_1,23789,CPD_097241972673,AZD-7624,368,train_pool
batch_1,23821,CPD_097241972673,AZD-7624,369,test
batch_1,23832,CPD_097241972673,AZD-7624,370,train_pool
batch_1,23836,CPD_097241972673,AZD-7624,371,test
batch_1,24014,CPD_097241972673,AZD-7624,372,train_pool
batch_1,24526,CPD_097241972673,AZD-7624,373,train_pool
batch_1,24591,CPD_097241972673,AZD-7624,374,train_pool
batch_1,25233,CPD_097241972673,AZD-7624,375,train_pool
batch_1,25482,CPD_097241972673,AZD-7624,376,train_pool
batch_1,25575,CPD_097241972673,AZD-7624,377,train_pool
batch_1,25711,CPD_097241972673,AZD-7624,378,train_pool
batch_1,25774,CPD_097241972673,AZD-7624,379,train_pool
batch_1,25821,CPD_097241972673,AZD-7624,380,train_pool
batch_1,25833,CPD_097241972673,AZD-7624,381,test
batch_1,25845,CPD_097241972673,AZD-7624,382,train_pool
batch_1,25949,CPD_097241972673,AZD-7624,383,train_pool
batch_1,25986,CPD_097241972673,AZD-7624,384,test
batch_1,26063,CPD_097241972673,AZD-7624,385,test
batch_1,26222,CPD_097241972673,AZD-7624,386,train_pool
batch_1,26325,CPD_097241972673,AZD-7624,387,train_pool
batch_1,26478,CPD_097241972673,AZD-7624,388,test
batch_1,26496,CPD_097241972673,AZD-7624,389,train_pool
batch_1,26515,CPD_097241972673,AZD-7624,390,train_pool
batch_1,26602,CPD_097241972673,AZD-7624,391,train_pool
batch_1,26676,CPD_097241972673,AZD-7624,392,train_pool
batch_1,26772,CPD_097241972673,AZD-7624,393,train_pool
batch_1,26862,CPD_097241972673,AZD-7624,394,test
batch_1,27071,CPD_097241972673,AZD-7624,395,train_pool
batch_1,27799,CPD_097241972673,AZD-7624,396,train_pool
batch_1,28281,CPD_097241972673,AZD-7624,397,train_pool
batch_1,28337,CPD_097241972673,AZD-7624,398,train_pool
batch_1,28348,CPD_097241972673,AZD-7624,399,train_pool
batch_1,28424,CPD_097241972673,AZD-7624,400,train_pool
batch_1,28491,CPD_097241972673,AZD-7624,401,train_pool
batch_1,28529,CPD_097241972673,AZD-7624,402,train_pool
batch_1,28691,CPD_097241972673,AZD-7624,403,train_pool
batch_1,28946,CPD_097241972673,AZD-7624,404,train_pool
batch_1,29062,CPD_097241972673,AZD-7624,405,test
batch_1,29814,CPD_097241972673,AZD-7624,406,train_pool
batch_1,30241,CPD_097241972673,AZD-7624,407,test
batch_1,30367,CPD_097241972673,AZD-7624,408,test
batch_1,30571,CPD_097241972673,AZD-7624,409,train_pool
batch_1,30587,CPD_097241972673,AZD-7624,410,train_pool
batch_1,31038,CPD_097241972673,AZD-7624,411,train_pool
batch_1,31285,CPD_097241972673,AZD-7624,412,test
batch_1,31320,CPD_097241972673,AZD-7624,413,train_pool
batch_1,31422,CPD_097241972673,AZD-7624,414,test
batch_1,31427,CPD_097241972673,AZD-7624,415,test
batch_1,31441,CPD_097241972673,AZD-7624,416,train_pool
batch_1,31845,CPD_097241972673,AZD-7624,417,train_pool
batch_1,31914,CPD_097241972673,AZD-7624,418,train_pool
batch_1,32025,CPD_097241972673,AZD-7624,419,test
batch_1,32052,CPD_097241972673,AZD-7624,420,test
batch_1,32057,CPD_097241972673,AZD-7624,421,train_pool
batch_1,32169,CPD_097241972673,AZD-7624,422,train_pool
batch_1,32181,CPD_097241972673,AZD-7624,423,train_pool
batch_1,32194,CPD_097241972673,AZD-7624,424,train_pool
batch_1,32253,CPD_097241972673,AZD-7624,425,train_pool
batch_1,32596,CPD_097241972673,AZD-7624,426,test
batch_1,32753,CPD_097241972673,AZD-7624,427,train_pool
batch_1,32875,CPD_097241972673,AZD-7624,428,train_pool
batch_1,32890,CPD_097241972673,AZD-7624,429,test
batch_1,33028,CPD_097241972673,AZD-7624,430,train_pool
batch_1,33030,CPD_097241972673,AZD-7624,431,train_pool
batch_1,33062,CPD_097241972673,AZD-7624,432,train_pool
batch_1,33286,CPD_097241972673,AZD-7624,433,train_pool
batch_1,33311,CPD_097241972673,AZD-7624,434,train_pool
batch_1,33578,CPD_097241972673,AZD-7624,435,train_pool
batch_1,33586,CPD_097241972673,AZD-7624,436,train_pool
batch_1,33653,CPD_097241972673,AZD-7624,437,train_pool
batch_1,33829,CPD_097241972673,AZD-7624,438,train_pool
batch_1,34039,CPD_097241972673,AZD-7624,439,test
batch_1,34118,CPD_097241972673,AZD-7624,440,train_pool
batch_1,34198,CPD_097241972673,AZD-7624,441,train_pool
batch_1,34403,CPD_097241972673,AZD-7624,442,test
batch_1,34429,CPD_097241972673,AZD-7624,443,test
batch_1,34899,CPD_097241972673,AZD-7624,444,train_pool
batch_1,35310,CPD_097241972673,AZD-7624,445,test
batch_1,35398,CPD_097241972673,AZD-7624,446,train_pool
batch_1,35766,CPD_097241972673,AZD-7624,447,train_pool
batch_1,35856,CPD_097241972673,AZD-7624,448,train_pool
batch_1,36039,CPD_097241972673,AZD-7624,449,train_pool
batch_1,36109,CPD_097241972673,AZD-7624,450,train_pool
batch_1,36180,CPD_097241972673,AZD-7624,451,train_pool
batch_1,36212,CPD_097241972673,AZD-7624,452,train_pool
batch_1,36281,CPD_097241972673,AZD-7624,453,test
batch_1,36301,CPD_097241972673,AZD-7624,454,train_pool
batch_1,36329,CPD_097241972673,AZD-7624,455,train_pool
batch_1,36511,CPD_097241972673,AZD-7624,456,train_pool
batch_1,36616,CPD_097241972673,AZD-7624,457,test
batch_1,37295,CPD_097241972673,AZD-7624,458,train_pool
batch_1,37439,CPD_097241972673,AZD-7624,459,test
batch_1,37810,CPD_097241972673,AZD-7624,460,train_pool
batch_1,37982,CPD_097241972673,AZD-7624,461,test
batch_1,38231,CPD_097241972673,AZD-7624,462,train_pool
batch_1,38572,CPD_097241972673,AZD-7624,463,test
batch_1,38886,CPD_097241972673,AZD-7624,464,train_pool
batch_1,40048,CPD_097241972673,AZD-7624,465,test
batch_1,40098,CPD_097241972673,AZD-7624,466,train_pool
batch_1,40362,CPD_097241972673,AZD-7624,467,train_pool
batch_1,40445,CPD_097241972673,AZD-7624,468,train_pool
batch_1,40458,CPD_097241972673,AZD-7624,469,train_pool
batch_1,40501,CPD_097241972673,AZD-7624,470,train_pool
batch_1,40744,CPD_097241972673,AZD-7624,471,test
batch_1,40825,CPD_097241972673,AZD-7624,472,train_pool
batch_1,41038,CPD_097241972673,AZD-7624,473,train_pool
batch_1,41484,CPD_097241972673,AZD-7624,474,train_pool
batch_1,41615,CPD_097241972673,AZD-7624,475,train_pool
batch_1,41838,CPD_097241972673,AZD-7624,476,train_pool
batch_1,42074,CPD_097241972673,AZD-7624,477,train_pool
batch_1,42180,CPD_097241972673,AZD-7624,478,train_pool
batch_1,42198,CPD_097241972673,AZD-7624,479,test
batch_1,42440,CPD_097241972673,AZD-7624,480,train_pool
batch_1,42470,CPD_097241972673,AZD-7624,481,train_pool
batch_1,42614,CPD_097241972673,AZD-7624,482,train_pool
batch_1,42687,CPD_097241972673,AZD-7624,483,train_pool
batch_1,42835,CPD_097241972673,AZD-7624,484,train_pool
batch_1,43322,CPD_097241972673,AZD-7624,485,train_pool
batch_1,43586,CPD_097241972673,AZD-7624,486,test
batch_1,43759,CPD_097241972673,AZD-7624,487,train_pool
batch_1,43806,CPD_097241972673,AZD-7624,488,test
batch_1,43811,CPD_097241972673,AZD-7624,489,test
batch_1,43850,CPD_097241972673,AZD-7624,490,train_pool
batch_1,43994,CPD_097241972673,AZD-7624,491,train_pool
batch_1,44456,CPD_097241972673,AZD-7624,492,test
batch_1,44565,CPD_097241972673,AZD-7624,493,train_pool
batch_1,44597,CPD_097241972673,AZD-7624,494,train_pool
batch_1,44654,CPD_097241972673,AZD-7624,495,train_pool
batch_1,45016,CPD_097241972673,AZD-7624,496,train_pool
batch_1,45101,CPD_097241972673,AZD-7624,497,train_pool
batch_1,45225,CPD_097241972673,AZD-7624,498,train_pool
batch_1,46088,CPD_097241972673,AZD-7624,499,train_pool
batch_1,46330,CPD_097241972673,AZD-7624,500,train_pool
batch_1,47020,CPD_097241972673,AZD-7624,501,train_pool
batch_1,47021,CPD_097241972673,AZD-7624,502,train_pool
batch_1,47054,CPD_097241972673,AZD-7624,503,train_pool
batch_1,325,CPD_168135774311,BAY-293,504,train_pool
batch_1,1297,CPD_168135774311,BAY-293,505,test
batch_1,1451,CPD_168135774311,BAY-293,506,train_pool
batch_1,1866,CPD_168135774311,BAY-293,507,train_pool
batch_1,2073,CPD_168135774311,BAY-293,508,train_pool
batch_1,3707,CPD_168135774311,BAY-293,509,train_pool
batch_1,3983,CPD_168135774311,BAY-293,510,test
batch_1,4317,CPD_168135774311,BAY-293,511,train_pool
batch_1,4736,CPD_168135774311,BAY-293,512,train_pool
batch_1,5677,CPD_168135774311,BAY-293,513,train_pool
batch_1,5897,CPD_168135774311,BAY-293,514,train_pool
batch_1,6315,CPD_168135774311,BAY-293,515,train_pool
batch_1,6454,CPD_168135774311,BAY-293,516,train_pool
batch_1,6636,CPD_168135774311,BAY-293,517,train_pool
batch_1,6799,CPD_168135774311,BAY-293,518,train_pool
batch_1,6826,CPD_168135774311,BAY-293,519,train_pool
batch_1,7009,CPD_168135774311,BAY-293,520,train_pool
batch_1,7170,CPD_168135774311,BAY-293,521,train_pool
batch_1,7252,CPD_168135774311,BAY-293,522,train_pool
batch_1,7348,CPD_168135774311,BAY-293,523,test
batch_1,7405,CPD_168135774311,BAY-293,524,test
batch_1,7724,CPD_168135774311,BAY-293,525,train_pool
batch_1,7844,CPD_168135774311,BAY-293,526,train_pool
batch_1,8113,CPD_168135774311,BAY-293,527,train_pool
batch_1,8175,CPD_168135774311,BAY-293,528,test
batch_1,8574,CPD_168135774311,BAY-293,529,train_pool
batch_1,8624,CPD_168135774311,BAY-293,530,train_pool
batch_1,8654,CPD_168135774311,BAY-293,531,train_pool
batch_1,8951,CPD_168135774311,BAY-293,532,train_pool
batch_1,9087,CPD_168135774311,BAY-293,533,test
batch_1,9213,CPD_168135774311,BAY-293,534,train_pool
batch_1,9608,CPD_168135774311,BAY-293,535,train_pool
batch_1,10345,CPD_168135774311,BAY-293,536,train_pool
batch_1,10458,CPD_168135774311,BAY-293,537,train_pool
batch_1,10909,CPD_168135774311,BAY-293,538,train_pool
batch_1,11013,CPD_168135774311,BAY-293,539,train_pool
batch_1,11345,CPD_168135774311,BAY-293,540,train_pool
batch_1,11369,CPD_168135774311,BAY-293,541,train_pool
batch_1,11377,CPD_168135774311,BAY-293,542,train_pool
batch_1,11610,CPD_168135774311,BAY-293,543,train_pool
batch_1,11627,CPD_168135774311,BAY-293,544,test
batch_1,11663,CPD_168135774311,BAY-293,545,train_pool
batch_1,11728,CPD_168135774311,BAY-293,546,train_pool
batch_1,11810,CPD_168135774311,BAY-293,547,train_pool
batch_1,12040,CPD_168135774311,BAY-293,548,train_pool
batch_1,12768,CPD_168135774311,BAY-293,549,train_pool
batch_1,12789,CPD_168135774311,BAY-293,550,train_pool
batch_1,12812,CPD_168135774311,BAY-293,551,train_pool
batch_1,12832,CPD_168135774311,BAY-293,552,train_pool
batch_1,13206,CPD_168135774311,BAY-293,553,train_pool
batch_1,13407,CPD_168135774311,BAY-293,554,train_pool
batch_1,13411,CPD_168135774311,BAY-293,555,test
batch_1,13472,CPD_168135774311,BAY-293,556,train_pool
batch_1,13777,CPD_168135774311,BAY-293,557,test
batch_1,14208,CPD_168135774311,BAY-293,558,test
batch_1,14213,CPD_168135774311,BAY-293,559,train_pool
batch_1,14923,CPD_168135774311,BAY-293,560,train_pool
batch_1,15266,CPD_168135774311,BAY-293,561,test
batch_1,15332,CPD_168135774311,BAY-293,562,test
batch_1,15389,CPD_168135774311,BAY-293,563,train_pool
batch_1,15804,CPD_168135774311,BAY-293,564,train_pool
batch_1,15853,CPD_168135774311,BAY-293,565,train_pool
batch_1,16044,CPD_168135774311,BAY-293,566,train_pool
batch_1,16128,CPD_168135774311,BAY-293,567,train_pool
batch_1,16201,CPD_168135774311,BAY-293,568,train_pool
batch_1,16325,CPD_168135774311,BAY-293,569,test
batch_1,16538,CPD_168135774311,BAY-293,570,test
batch_1,16558,CPD_168135774311,BAY-293,571,train_pool
batch_1,16623,CPD_168135774311,BAY-293,572,train_pool
batch_1,16630,CPD_168135774311,BAY-293,573,train_pool
batch_1,16756,CPD_168135774311,BAY-293,574,train_pool
batch_1,16780,CPD_168135774311,BAY-293,575,train_pool
batch_1,16824,CPD_168135774311,BAY-293,576,train_pool
batch_1,17016,CPD_168135774311,BAY-293,577,train_pool
batch_1,17020,CPD_168135774311,BAY-293,578,train_pool
batch_1,17178,CPD_168135774311,BAY-293,579,train_pool
batch_1,17202,CPD_168135774311,BAY-293,580,train_pool
batch_1,17877,CPD_168135774311,BAY-293,581,train_pool
batch_1,17974,CPD_168135774311,BAY-293,582,train_pool
batch_1,18248,CPD_168135774311,BAY-293,583,train_pool
batch_1,18416,CPD_168135774311,BAY-293,584,train_pool
batch_1,18623,CPD_168135774311,BAY-293,585,train_pool
batch_1,18773,CPD_168135774311,BAY-293,586,test
batch_1,18799,CPD_168135774311,BAY-293,587,train_pool
batch_1,18906,CPD_168135774311,BAY-293,588,train_pool
batch_1,18928,CPD_168135774311,BAY-293,589,train_pool
batch_1,18930,CPD_168135774311,BAY-293,590,test
batch_1,19029,CPD_168135774311,BAY-293,591,train_pool
batch_1,19071,CPD_168135774311,BAY-293,592,train_pool
batch_1,19102,CPD_168135774311,BAY-293,593,train_pool
batch_1,19249,CPD_168135774311,BAY-293,594,train_pool
batch_1,19345,CPD_168135774311,BAY-293,595,train_pool
batch_1,19501,CPD_168135774311,BAY-293,596,train_pool
batch_1,19526,CPD_168135774311,BAY-293,597,train_pool
batch_1,19677,CPD_168135774311,BAY-293,598,test
batch_1,19865,CPD_168135774311,BAY-293,599,train_pool
batch_1,20265,CPD_168135774311,BAY-293,600,train_pool
batch_1,20688,CPD_168135774311,BAY-293,601,train_pool
batch_1,20805,CPD_168135774311,BAY-293,602,train_pool
batch_1,20833,CPD_168135774311,BAY-293,603,train_pool
batch_1,20941,CPD_168135774311,BAY-293,604,train_pool
batch_1,21316,CPD_168135774311,BAY-293,605,train_pool
batch_1,21547,CPD_168135774311,BAY-293,606,train_pool
batch_1,21623,CPD_168135774311,BAY-293,607,train_pool
batch_1,21708,CPD_168135774311,BAY-293,608,train_pool
batch_1,22200,CPD_168135774311,BAY-293,609,test
batch_1,22206,CPD_168135774311,BAY-293,610,train_pool
batch_1,22284,CPD_168135774311,BAY-293,611,test
batch_1,22287,CPD_168135774311,BAY-293,612,train_pool
batch_1,22411,CPD_168135774311,BAY-293,613,train_pool
batch_1,22621,CPD_168135774311,BAY-293,614,train_pool
batch_1,22688,CPD_168135774311,BAY-293,615,train_pool
batch_1,22718,CPD_168135774311,BAY-293,616,train_pool
batch_1,22806,CPD_168135774311,BAY-293,617,train_pool
batch_1,22860,CPD_168135774311,BAY-293,618,train_pool
batch_1,22869,CPD_168135774311,BAY-293,619,test
batch_1,22877,CPD_168135774311,BAY-293,620,train_pool
batch_1,22919,CPD_168135774311,BAY-293,621,test
batch_1,23395,CPD_168135774311,BAY-293,622,train_pool
batch_1,23430,CPD_168135774311,BAY-293,623,train_pool
batch_1,23493,CPD_168135774311,BAY-293,624,train_pool
batch_1,23559,CPD_168135774311,BAY-293,625,train_pool
batch_1,23880,CPD_168135774311,BAY-293,626,train_pool
batch_1,23918,CPD_168135774311,BAY-293,627,train_pool
batch_1,23928,CPD_168135774311,BAY-293,628,train_pool
batch_1,24050,CPD_168135774311,BAY-293,629,train_pool
batch_1,24119,CPD_168135774311,BAY-293,630,train_pool
batch_1,24246,CPD_168135774311,BAY-293,631,train_pool
batch_1,24330,CPD_168135774311,BAY-293,632,train_pool
batch_1,24402,CPD_168135774311,BAY-293,633,train_pool
batch_1,24475,CPD_168135774311,BAY-293,634,train_pool
batch_1,24609,CPD_168135774311,BAY-293,635,train_pool
batch_1,25150,CPD_168135774311,BAY-293,636,train_pool
batch_1,25153,CPD_168135774311,BAY-293,637,train_pool
batch_1,25170,CPD_168135774311,BAY-293,638,train_pool
batch_1,25422,CPD_168135774311,BAY-293,639,train_pool
batch_1,25445,CPD_168135774311,BAY-293,640,train_pool
batch_1,25619,CPD_168135774311,BAY-293,641,train_pool
batch_1,25765,CPD_168135774311,BAY-293,642,train_pool
batch_1,25887,CPD_168135774311,BAY-293,643,train_pool
batch_1,25968,CPD_168135774311,BAY-293,644,test
batch_1,26099,CPD_168135774311,BAY-293,645,train_pool
batch_1,26180,CPD_168135774311,BAY-293,646,train_pool
batch_1,26395,CPD_168135774311,BAY-293,647,train_pool
batch_1,26474,CPD_168135774311,BAY-293,648,test
batch_1,26522,CPD_168135774311,BAY-293,649,test
batch_1,26713,CPD_168135774311,BAY-293,650,train_pool
batch_1,26813,CPD_168135774311,BAY-293,651,train_pool
batch_1,26888,CPD_168135774311,BAY-293,652,train_pool
batch_1,27448,CPD_168135774311,BAY-293,653,test
batch_1,27608,CPD_168135774311,BAY-293,654,train_pool
batch_1,27643,CPD_168135774311,BAY-293,655,test
batch_1,27684,CPD_168135774311,BAY-293,656,train_pool
batch_1,27736,CPD_168135774311,BAY-293,657,train_pool
batch_1,27859,CPD_168135774311,BAY-293,658,test
batch_1,27948,CPD_168135774311,BAY-293,659,train_pool
batch_1,27961,CPD_168135774311,BAY-293,660,train_pool
batch_1,28171,CPD_168135774311,BAY-293,661,train_pool
batch_1,28178,CPD_168135774311,BAY-293,662,train_pool
batch_1,28225,CPD_168135774311,BAY-293,663,train_pool
batch_1,28504,CPD_168135774311,BAY-293,664,train_pool
batch_1,28622,CPD_168135774311,BAY-293,665,train_pool
batch_1,28807,CPD_168135774311,BAY-293,666,test
batch_1,28811,CPD_168135774311,BAY-293,667,train_pool
batch_1,29084,CPD_168135774311,BAY-293,668,train_pool
batch_1,29111,CPD_168135774311,BAY-293,669,train_pool
batch_1,29123,CPD_168135774311,BAY-293,670,train_pool
batch_1,29997,CPD_168135774311,BAY-293,671,train_pool
batch_1,30091,CPD_168135774311,BAY-293,672,train_pool
batch_1,30203,CPD_168135774311,BAY-293,673,train_pool
batch_1,30205,CPD_168135774311,BAY-293,674,train_pool
batch_1,30331,CPD_168135774311,BAY-293,675,train_pool
batch_1,30408,CPD_168135774311,BAY-293,676,train_pool
batch_1,30431,CPD_168135774311,BAY-293,677,train_pool
batch_1,30725,CPD_168135774311,BAY-293,678,train_pool
batch_1,31543,CPD_168135774311,BAY-293,679,train_pool
batch_1,31614,CPD_168135774311,BAY-293,680,test
batch_1,31621,CPD_168135774311,BAY-293,681,test
batch_1,31856,CPD_168135774311,BAY-293,682,test
batch_1,32107,CPD_168135774311,BAY-293,683,train_pool
batch_1,32640,CPD_168135774311,BAY-293,684,train_pool
batch_1,32730,CPD_168135774311,BAY-293,685,train_pool
batch_1,32809,CPD_168135774311,BAY-293,686,train_pool
batch_1,32858,CPD_168135774311,BAY-293,687,test
batch_1,32882,CPD_168135774311,BAY-293,688,train_pool
batch_1,32936,CPD_168135774311,BAY-293,689,train_pool
batch_1,32987,CPD_168135774311,BAY-293,690,test
batch_1,33063,CPD_168135774311,BAY-293,691,test
batch_1,33701,CPD_168135774311,BAY-293,692,test
batch_1,33900,CPD_168135774311,BAY-293,693,train_pool
batch_1,34095,CPD_168135774311,BAY-293,694,train_pool
batch_1,34102,CPD_168135774311,BAY-293,695,train_pool
batch_1,34321,CPD_168135774311,BAY-293,696,train_pool
batch_1,34383,CPD_168135774311,BAY-293,697,test
batch_1,34395,CPD_168135774311,BAY-293,698,train_pool
batch_1,34631,CPD_168135774311,BAY-293,699,train_pool
batch_1,34756,CPD_168135774311,BAY-293,700,test
batch_1,35209,CPD_168135774311,BAY-293,701,train_pool
batch_1,35980,CPD_168135774311,BAY-293,702,train_pool
batch_1,36033,CPD_168135774311,BAY-293,703,train_pool
batch_1,36587,CPD_168135774311,BAY-293,704,test
batch_1,36715,CPD_168135774311,BAY-293,705,train_pool
batch_1,36736,CPD_168135774311,BAY-293,706,train_pool
batch_1,36745,CPD_168135774311,BAY-293,707,test
batch_1,37194,CPD_168135774311,BAY-293,708,train_pool
batch_1,37343,CPD_168135774311,BAY-293,709,train_pool
batch_1,37471,CPD_168135774311,BAY-293,710,train_pool
batch_1,37551,CPD_168135774311,BAY-293,711,train_pool
batch_1,37971,CPD_168135774311,BAY-293,712,train_pool
batch_1,37996,CPD_168135774311,BAY-293,713,train_pool
batch_1,38016,CPD_168135774311,BAY-293,714,train_pool
batch_1,38314,CPD_168135774311,BAY-293,715,test
batch_1,38534,CPD_168135774311,BAY-293,716,test
batch_1,38765,CPD_168135774311,BAY-293,717,train_pool
batch_1,38769,CPD_168135774311,BAY-293,718,train_pool
batch_1,39239,CPD_168135774311,BAY-293,719,test
batch_1,39240,CPD_168135774311,BAY-293,720,train_pool
batch_1,40454,CPD_168135774311,BAY-293,721,test
batch_1,40807,CPD_168135774311,BAY-293,722,train_pool
batch_1,40917,CPD_168135774311,BAY-293,723,train_pool
batch_1,41131,CPD_168135774311,BAY-293,724,train_pool
batch_1,41214,CPD_168135774311,BAY-293,725,train_pool
batch_1,41257,CPD_168135774311,BAY-293,726,train_pool
batch_1,41397,CPD_168135774311,BAY-293,727,train_pool
batch_1,41404,CPD_168135774311,BAY-293,728,train_pool
batch_1,41738,CPD_168135774311,BAY-293,729,test
batch_1,41868,CPD_168135774311,BAY-293,730,test
batch_1,41967,CPD_168135774311,BAY-293,731,train_pool
batch_1,42132,CPD_168135774311,BAY-293,732,train_pool
batch_1,42342,CPD_168135774311,BAY-293,733,train_pool
batch_1,42419,CPD_168135774311,BAY-293,734,train_pool
batch_1,42689,CPD_168135774311,BAY-293,735,train_pool
batch_1,42817,CPD_168135774311,BAY-293,736,train_pool
batch_1,43063,CPD_168135774311,BAY-293,737,test
batch_1,43242,CPD_168135774311,BAY-293,738,train_pool
batch_1,43417,CPD_168135774311,BAY-293,739,train_pool
batch_1,43801,CPD_168135774311,BAY-293,740,train_pool
batch_1,44636,CPD_168135774311,BAY-293,741,test
batch_1,45204,CPD_168135774311,BAY-293,742,train_pool
batch_1,45689,CPD_168135774311,BAY-293,743,train_pool
batch_1,45803,CPD_168135774311,BAY-293,744,test
batch_1,46894,CPD_168135774311,BAY-293,745,test
batch_1,46933,CPD_168135774311,BAY-293,746,train_pool
batch_1,2249,CPD_150752035598,BGT226,747,train_pool
batch_1,2354,CPD_150752035598,BGT226,748,train_pool
batch_1,2958,CPD_150752035598,BGT226,749,train_pool
batch_1,4691,CPD_150752035598,BGT226,750,train_pool
batch_1,4885,CPD_150752035598,BGT226,751,train_pool
batch_1,7123,CPD_150752035598,BGT226,752,test
batch_1,7286,CPD_150752035598,BGT226,753,test
batch_1,7679,CPD_150752035598,BGT226,754,test
batch_1,7995,CPD_150752035598,BGT226,755,train_pool
batch_1,8388,CPD_150752035598,BGT226,756,train_pool
batch_1,8496,CPD_150752035598,BGT226,757,train_pool
batch_1,8535,CPD_150752035598,BGT226,758,train_pool
batch_1,8670,CPD_150752035598,BGT226,759,train_pool
batch_1,8731,CPD_150752035598,BGT226,760,test
batch_1,8991,CPD_150752035598,BGT226,761,train_pool
batch_1,9518,CPD_150752035598,BGT226,762,test
batch_1,10377,CPD_150752035598,BGT226,763,train_pool
batch_1,10704,CPD_150752035598,BGT226,764,train_pool
batch_1,10996,CPD_150752035598,BGT226,765,train_pool
batch_1,11598,CPD_150752035598,BGT226,766,train_pool
batch_1,11925,CPD_150752035598,BGT226,767,test
batch_1,12020,CPD_150752035598,BGT226,768,train_pool
batch_1,12061,CPD_150752035598,BGT226,769,train_pool
batch_1,12064,CPD_150752035598,BGT226,770,train_pool
batch_1,12116,CPD_150752035598,BGT226,771,train_pool
batch_1,12822,CPD_150752035598,BGT226,772,train_pool
batch_1,12957,CPD_150752035598,BGT226,773,train_pool
batch_1,13394,CPD_150752035598,BGT226,774,train_pool
batch_1,13645,CPD_150752035598,BGT226,775,train_pool
batch_1,13647,CPD_150752035598,BGT226,776,train_pool
batch_1,13907,CPD_150752035598,BGT226,777,train_pool
batch_1,14170,CPD_150752035598,BGT226,778,train_pool
batch_1,14432,CPD_150752035598,BGT226,779,train_pool
batch_1,15087,CPD_150752035598,BGT226,780,train_pool
batch_1,15734,CPD_150752035598,BGT226,781,train_pool
batch_1,15857,CPD_150752035598,BGT226,782,train_pool
batch_1,16104,CPD_150752035598,BGT226,783,test
batch_1,16844,CPD_150752035598,BGT226,784,train_pool
batch_1,17984,CPD_150752035598,BGT226,785,test
batch_1,18091,CPD_150752035598,BGT226,786,test
batch_1,18120,CPD_150752035598,BGT226,787,train_pool
batch_1,18399,CPD_150752035598,BGT226,788,test
batch_1,18738,CPD_150752035598,BGT226,789,test
batch_1,18770,CPD_150752035598,BGT226,790,train_pool
batch_1,18797,CPD_150752035598,BGT226,791,train_pool
batch_1,18819,CPD_150752035598,BGT226,792,train_pool
batch_1,18820,CPD_150752035598,BGT226,793,train_pool
batch_1,19289,CPD_150752035598,BGT226,794,train_pool
batch_1,19907,CPD_150752035598,BGT226,795,train_pool
batch_1,20401,CPD_150752035598,BGT226,796,train_pool
batch_1,20604,CPD_150752035598,BGT226,797,train_pool
batch_1,21003,CPD_150752035598,BGT226,798,train_pool
batch_1,21914,CPD_150752035598,BGT226,799,train_pool
batch_1,21926,CPD_150752035598,BGT226,800,train_pool
batch_1,21975,CPD_150752035598,BGT226,801,train_pool
batch_1,22004,CPD_150752035598,BGT226,802,train_pool
batch_1,22191,CPD_150752035598,BGT226,803,train_pool
batch_1,22324,CPD_150752035598,BGT226,804,train_pool
batch_1,22841,CPD_150752035598,BGT226,805,train_pool
batch_1,23266,CPD_150752035598,BGT226,806,train_pool
batch_1,23623,CPD_150752035598,BGT226,807,train_pool
batch_1,24021,CPD_150752035598,BGT226,808,train_pool
batch_1,24354,CPD_150752035598,BGT226,809,train_pool
batch_1,24722,CPD_150752035598,BGT226,810,train_pool
batch_1,25134,CPD_150752035598,BGT226,811,train_pool
batch_1,25485,CPD_150752035598,BGT226,812,train_pool
batch_1,26095,CPD_150752035598,BGT226,813,train_pool
batch_1,26621,CPD_150752035598,BGT226,814,train_pool
batch_1,27006,CPD_150752035598,BGT226,815,train_pool
batch_1,27044,CPD_150752035598,BGT226,816,train_pool
batch_1,27195,CPD_150752035598,BGT226,817,train_pool
batch_1,27224,CPD_150752035598,BGT226,818,train_pool
batch_1,27865,CPD_150752035598,BGT226,819,train_pool
batch_1,27957,CPD_150752035598,BGT226,820,train_pool
batch_1,28239,CPD_150752035598,BGT226,821,train_pool
batch_1,28564,CPD_150752035598,BGT226,822,test
batch_1,29069,CPD_150752035598,BGT226,823,train_pool
batch_1,29356,CPD_150752035598,BGT226,824,train_pool
batch_1,29458,CPD_150752035598,BGT226,825,train_pool
batch_1,29651,CPD_150752035598,BGT226,826,train_pool
batch_1,31305,CPD_150752035598,BGT226,827,train_pool
batch_1,31641,CPD_150752035598,BGT226,828,test
batch_1,31744,CPD_150752035598,BGT226,829,test
batch_1,32111,CPD_150752035598,BGT226,830,train_pool
batch_1,32470,CPD_150752035598,BGT226,831,train_pool
batch_1,33133,CPD_150752035598,BGT226,832,train_pool
batch_1,33319,CPD_150752035598,BGT226,833,train_pool
batch_1,33856,CPD_150752035598,BGT226,834,test
batch_1,34063,CPD_150752035598,BGT226,835,train_pool
batch_1,34242,CPD_150752035598,BGT226,836,train_pool
batch_1,35145,CPD_150752035598,BGT226,837,train_pool
batch_1,35327,CPD_150752035598,BGT226,838,train_pool
batch_1,35481,CPD_150752035598,BGT226,839,train_pool
batch_1,35582,CPD_150752035598,BGT226,840,test
batch_1,36157,CPD_150752035598,BGT226,841,test
batch_1,36227,CPD_150752035598,BGT226,842,train_pool
batch_1,36438,CPD_150752035598,BGT226,843,train_pool
batch_1,36704,CPD_150752035598,BGT226,844,test
batch_1,36791,CPD_150752035598,BGT226,845,test
batch_1,37201,CPD_150752035598,BGT226,846,test
batch_1,37244,CPD_150752035598,BGT226,847,train_pool
batch_1,37583,CPD_150752035598,BGT226,848,train_pool
batch_1,37601,CPD_150752035598,BGT226,849,train_pool
batch_1,37782,CPD_150752035598,BGT226,850,test
batch_1,38174,CPD_150752035598,BGT226,851,train_pool
batch_1,38219,CPD_150752035598,BGT226,852,train_pool
batch_1,38625,CPD_150752035598,BGT226,853,train_pool
batch_1,38686,CPD_150752035598,BGT226,854,train_pool
batch_1,40596,CPD_150752035598,BGT226,855,train_pool
batch_1,41110,CPD_150752035598,BGT226,856,train_pool
batch_1,41226,CPD_150752035598,BGT226,857,train_pool
batch_1,41344,CPD_150752035598,BGT226,858,train_pool
batch_1,41361,CPD_150752035598,BGT226,859,train_pool
batch_1,41552,CPD_150752035598,BGT226,860,train_pool
batch_1,41634,CPD_150752035598,BGT226,861,train_pool
batch_1,42726,CPD_150752035598,BGT226,862,train_pool
batch_1,45315,CPD_150752035598,BGT226,863,test
batch_1,45934,CPD_150752035598,BGT226,864,test
batch_1,46817,CPD_150752035598,BGT226,865,test
batch_1,47025,CPD_150752035598,BGT226,866,train_pool
batch_1,47106,CPD_150752035598,BGT226,867,train_pool
batch_1,47298,CPD_150752035598,BGT226,868,train_pool
batch_1,49299,CPD_150752035598,BGT226,869,test
batch_1,170,CPD_027984907598,BMS-509744,870,train_pool
batch_1,365,CPD_027984907598,BMS-509744,871,train_pool
batch_1,2984,CPD_027984907598,BMS-509744,872,train_pool
batch_1,3975,CPD_027984907598,BMS-509744,873,test
batch_1,4175,CPD_027984907598,BMS-509744,874,test
batch_1,4247,CPD_027984907598,BMS-509744,875,train_pool
batch_1,4325,CPD_027984907598,BMS-509744,876,train_pool
batch_1,4469,CPD_027984907598,BMS-509744,877,test
batch_1,4576,CPD_027984907598,BMS-509744,878,train_pool
batch_1,4916,CPD_027984907598,BMS-509744,879,train_pool
batch_1,5841,CPD_027984907598,BMS-509744,880,train_pool
batch_1,6060,CPD_027984907598,BMS-509744,881,train_pool
batch_1,6254,CPD_027984907598,BMS-509744,882,test
batch_1,6494,CPD_027984907598,BMS-509744,883,train_pool
batch_1,6775,CPD_027984907598,BMS-509744,884,test
batch_1,6981,CPD_027984907598,BMS-509744,885,train_pool
batch_1,7132,CPD_027984907598,BMS-509744,886,test
batch_1,7281,CPD_027984907598,BMS-509744,887,train_pool
batch_1,7683,CPD_027984907598,BMS-509744,888,train_pool
batch_1,8033,CPD_027984907598,BMS-509744,889,train_pool
batch_1,8592,CPD_027984907598,BMS-509744,890,train_pool
batch_1,8797,CPD_027984907598,BMS-509744,891,train_pool
batch_1,8959,CPD_027984907598,BMS-509744,892,train_pool
batch_1,9057,CPD_027984907598,BMS-509744,893,train_pool
batch_1,9088,CPD_027984907598,BMS-509744,894,train_pool
batch_1,9228,CPD_027984907598,BMS-509744,895,train_pool
batch_1,9281,CPD_027984907598,BMS-509744,896,train_pool
batch_1,9329,CPD_027984907598,BMS-509744,897,train_pool
batch_1,9559,CPD_027984907598,BMS-509744,898,train_pool
batch_1,9646,CPD_027984907598,BMS-509744,899,test
batch_1,10569,CPD_027984907598,BMS-509744,900,train_pool
batch_1,10889,CPD_027984907598,BMS-509744,901,train_pool
batch_1,11182,CPD_027984907598,BMS-509744,902,train_pool
batch_1,11220,CPD_027984907598,BMS-509744,903,train_pool
batch_1,11281,CPD_027984907598,BMS-509744,904,train_pool
batch_1,11305,CPD_027984907598,BMS-509744,905,train_pool
batch_1,11351,CPD_027984907598,BMS-509744,906,train_pool
batch_1,11488,CPD_027984907598,BMS-509744,907,test
batch_1,11756,CPD_027984907598,BMS-509744,908,train_pool
batch_1,11896,CPD_027984907598,BMS-509744,909,train_pool
batch_1,11961,CPD_027984907598,BMS-509744,910,train_pool
batch_1,12009,CPD_027984907598,BMS-509744,911,train_pool
batch_1,12732,CPD_027984907598,BMS-509744,912,train_pool
batch_1,12786,CPD_027984907598,BMS-509744,913,train_pool
batch_1,12885,CPD_027984907598,BMS-509744,914,train_pool
batch_1,13070,CPD_027984907598,BMS-509744,915,train_pool
batch_1,13287,CPD_027984907598,BMS-509744,916,test
batch_1,13563,CPD_027984907598,BMS-509744,917,train_pool
batch_1,14256,CPD_027984907598,BMS-509744,918,train_pool
batch_1,14429,CPD_027984907598,BMS-509744,919,train_pool
batch_1,14555,CPD_027984907598,BMS-509744,920,train_pool
batch_1,14573,CPD_027984907598,BMS-509744,921,train_pool
batch_1,14654,CPD_027984907598,BMS-509744,922,train_pool
batch_1,14706,CPD_027984907598,BMS-509744,923,train_pool
batch_1,15074,CPD_027984907598,BMS-509744,924,test
batch_1,15212,CPD_027984907598,BMS-509744,925,train_pool
batch_1,15235,CPD_027984907598,BMS-509744,926,train_pool
batch_1,15522,CPD_027984907598,BMS-509744,927,train_pool
batch_1,15710,CPD_027984907598,BMS-509744,928,train_pool
batch_1,15803,CPD_027984907598,BMS-509744,929,test
batch_1,15842,CPD_027984907598,BMS-509744,930,test
batch_1,16357,CPD_027984907598,BMS-509744,931,train_pool
batch_1,16382,CPD_027984907598,BMS-509744,932,train_pool
batch_1,16660,CPD_027984907598,BMS-509744,933,train_pool
batch_1,17043,CPD_027984907598,BMS-509744,934,train_pool
batch_1,17050,CPD_027984907598,BMS-509744,935,train_pool
batch_1,17263,CPD_027984907598,BMS-509744,936,train_pool
batch_1,17568,CPD_027984907598,BMS-509744,937,train_pool
batch_1,17675,CPD_027984907598,BMS-509744,938,test
batch_1,17821,CPD_027984907598,BMS-509744,939,test
batch_1,18290,CPD_027984907598,BMS-509744,940,train_pool
batch_1,18300,CPD_027984907598,BMS-509744,941,test
batch_1,18376,CPD_027984907598,BMS-509744,942,train_pool
batch_1,18459,CPD_027984907598,BMS-509744,943,train_pool
batch_1,18826,CPD_027984907598,BMS-509744,944,train_pool
batch_1,18898,CPD_027984907598,BMS-509744,945,train_pool
batch_1,19042,CPD_027984907598,BMS-509744,946,train_pool
batch_1,19270,CPD_027984907598,BMS-509744,947,train_pool
batch_1,19408,CPD_027984907598,BMS-509744,948,train_pool
batch_1,19527,CPD_027984907598,BMS-509744,949,train_pool
batch_1,19595,CPD_027984907598,BMS-509744,950,train_pool
batch_1,19686,CPD_027984907598,BMS-509744,951,train_pool
batch_1,19905,CPD_027984907598,BMS-509744,952,test
batch_1,19964,CPD_027984907598,BMS-509744,953,train_pool
batch_1,20209,CPD_027984907598,BMS-509744,954,test
batch_1,20261,CPD_027984907598,BMS-509744,955,train_pool
batch_1,20362,CPD_027984907598,BMS-509744,956,train_pool
batch_1,20913,CPD_027984907598,BMS-509744,957,train_pool
batch_1,21093,CPD_027984907598,BMS-509744,958,train_pool
batch_1,21145,CPD_027984907598,BMS-509744,959,train_pool
batch_1,21216,CPD_027984907598,BMS-509744,960,train_pool
batch_1,21348,CPD_027984907598,BMS-509744,961,train_pool
batch_1,21495,CPD_027984907598,BMS-509744,962,train_pool
batch_1,21559,CPD_027984907598,BMS-509744,963,train_pool
batch_1,21604,CPD_027984907598,BMS-509744,964,test
batch_1,21616,CPD_027984907598,BMS-509744,965,train_pool
batch_1,21631,CPD_027984907598,BMS-509744,966,test
batch_1,21689,CPD_027984907598,BMS-509744,967,train_pool
batch_1,21741,CPD_027984907598,BMS-509744,968,test
batch_1,22077,CPD_027984907598,BMS-509744,969,train_pool
batch_1,22114,CPD_027984907598,BMS-509744,970,train_pool
batch_1,22176,CPD_027984907598,BMS-509744,971,train_pool
batch_1,22385,CPD_027984907598,BMS-509744,972,train_pool
batch_1,22734,CPD_027984907598,BMS-509744,973,train_pool
batch_1,22910,CPD_027984907598,BMS-509744,974,train_pool
batch_1,23073,CPD_027984907598,BMS-509744,975,train_pool
batch_1,23177,CPD_027984907598,BMS-509744,976,test
batch_1,23183,CPD_027984907598,BMS-509744,977,train_pool
batch_1,23252,CPD_027984907598,BMS-509744,978,train_pool
batch_1,23579,CPD_027984907598,BMS-509744,979,train_pool
batch_1,23684,CPD_027984907598,BMS-509744,980,train_pool
batch_1,23699,CPD_027984907598,BMS-509744,981,test
batch_1,23706,CPD_027984907598,BMS-509744,982,test
batch_1,23890,CPD_027984907598,BMS-509744,983,train_pool
batch_1,24104,CPD_027984907598,BMS-509744,984,train_pool
batch_1,24456,CPD_027984907598,BMS-509744,985,train_pool
batch_1,24806,CPD_027984907598,BMS-509744,986,train_pool
batch_1,25582,CPD_027984907598,BMS-509744,987,test
batch_1,25693,CPD_027984907598,BMS-509744,988,test
batch_1,25706,CPD_027984907598,BMS-509744,989,train_pool
batch_1,26345,CPD_027984907598,BMS-509744,990,train_pool
batch_1,26408,CPD_027984907598,BMS-509744,991,train_pool
batch_1,26429,CPD_027984907598,BMS-509744,992,train_pool
batch_1,26881,CPD_027984907598,BMS-509744,993,train_pool
batch_1,26936,CPD_027984907598,BMS-509744,994,train_pool
batch_1,26991,CPD_027984907598,BMS-509744,995,train_pool
batch_1,27055,CPD_027984907598,BMS-509744,996,train_pool
batch_1,27676,CPD_027984907598,BMS-509744,997,train_pool
batch_1,27989,CPD_027984907598,BMS-509744,998,train_pool
batch_1,28071,CPD_027984907598,BMS-509744,999,train_pool
batch_1,28195,CPD_027984907598,BMS-509744,1000,train_pool
batch_1,28356,CPD_027984907598,BMS-509744,1001,train_pool
batch_1,28437,CPD_027984907598,BMS-509744,1002,train_pool
batch_1,28716,CPD_027984907598,BMS-509744,1003,train_pool
batch_1,28881,CPD_027984907598,BMS-509744,1004,train_pool
batch_1,29176,CPD_027984907598,BMS-509744,1005,train_pool
batch_1,29220,CPD_027984907598,BMS-509744,1006,train_pool
batch_1,29431,CPD_027984907598,BMS-509744,1007,train_pool
batch_1,29690,CPD_027984907598,BMS-509744,1008,train_pool
batch_1,29831,CPD_027984907598,BMS-509744,1009,train_pool
batch_1,29988,CPD_027984907598,BMS-509744,1010,train_pool
batch_1,30060,CPD_027984907598,BMS-509744,1011,train_pool
batch_1,30395,CPD_027984907598,BMS-509744,1012,train_pool
batch_1,30566,CPD_027984907598,BMS-509744,1013,train_pool
batch_1,30602,CPD_027984907598,BMS-509744,1014,train_pool
batch_1,30719,CPD_027984907598,BMS-509744,1015,test
batch_1,30806,CPD_027984907598,BMS-509744,1016,train_pool
batch_1,30854,CPD_027984907598,BMS-509744,1017,train_pool
batch_1,31059,CPD_027984907598,BMS-509744,1018,test
batch_1,31297,CPD_027984907598,BMS-509744,1019,train_pool
batch_1,31325,CPD_027984907598,BMS-509744,1020,train_pool
batch_1,31460,CPD_027984907598,BMS-509744,1021,train_pool
batch_1,32034,CPD_027984907598,BMS-509744,1022,train_pool
batch_1,32056,CPD_027984907598,BMS-509744,1023,train_pool
batch_1,32411,CPD_027984907598,BMS-509744,1024,test
batch_1,32554,CPD_027984907598,BMS-509744,1025,train_pool
batch_1,32790,CPD_027984907598,BMS-509744,1026,train_pool
batch_1,33019,CPD_027984907598,BMS-509744,1027,train_pool
batch_1,33097,CPD_027984907598,BMS-509744,1028,test
batch_1,33111,CPD_027984907598,BMS-509744,1029,train_pool
batch_1,33265,CPD_027984907598,BMS-509744,1030,train_pool
batch_1,33373,CPD_027984907598,BMS-509744,1031,test
batch_1,33531,CPD_027984907598,BMS-509744,1032,train_pool
batch_1,33600,CPD_027984907598,BMS-509744,1033,train_pool
batch_1,33610,CPD_027984907598,BMS-509744,1034,train_pool
batch_1,33648,CPD_027984907598,BMS-509744,1035,train_pool
batch_1,33666,CPD_027984907598,BMS-509744,1036,train_pool
batch_1,33677,CPD_027984907598,BMS-509744,1037,train_pool
batch_1,33761,CPD_027984907598,BMS-509744,1038,train_pool
batch_1,33858,CPD_027984907598,BMS-509744,1039,train_pool
batch_1,33924,CPD_027984907598,BMS-509744,1040,train_pool
batch_1,34393,CPD_027984907598,BMS-509744,1041,train_pool
batch_1,34678,CPD_027984907598,BMS-509744,1042,train_pool
batch_1,34736,CPD_027984907598,BMS-509744,1043,train_pool
batch_1,34879,CPD_027984907598,BMS-509744,1044,train_pool
batch_1,35079,CPD_027984907598,BMS-509744,1045,train_pool
batch_1,35584,CPD_027984907598,BMS-509744,1046,train_pool
batch_1,35792,CPD_027984907598,BMS-509744,1047,train_pool
batch_1,36091,CPD_027984907598,BMS-509744,1048,train_pool
batch_1,36142,CPD_027984907598,BMS-509744,1049,test
batch_1,36400,CPD_027984907598,BMS-509744,1050,test
batch_1,36408,CPD_027984907598,BMS-509744,1051,train_pool
batch_1,36649,CPD_027984907598,BMS-509744,1052,train_pool
batch_1,36768,CPD_027984907598,BMS-509744,1053,train_pool
batch_1,36981,CPD_027984907598,BMS-509744,1054,test
batch_1,37003,CPD_027984907598,BMS-509744,1055,train_pool
batch_1,37235,CPD_027984907598,BMS-509744,1056,train_pool
batch_1,37285,CPD_027984907598,BMS-509744,1057,train_pool
batch_1,37581,CPD_027984907598,BMS-509744,1058,train_pool
batch_1,37735,CPD_027984907598,BMS-509744,1059,train_pool
batch_1,37913,CPD_027984907598,BMS-509744,1060,train_pool
batch_1,38015,CPD_027984907598,BMS-509744,1061,train_pool
batch_1,38078,CPD_027984907598,BMS-509744,1062,train_pool
batch_1,38099,CPD_027984907598,BMS-509744,1063,train_pool
batch_1,38188,CPD_027984907598,BMS-509744,1064,train_pool
batch_1,38285,CPD_027984907598,BMS-509744,1065,train_pool
batch_1,38302,CPD_027984907598,BMS-509744,1066,train_pool
batch_1,38340,CPD_027984907598,BMS-509744,1067,test
batch_1,38527,CPD_027984907598,BMS-509744,1068,test
batch_1,39232,CPD_027984907598,BMS-509744,1069,train_pool
batch_1,39266,CPD_027984907598,BMS-509744,1070,train_pool
batch_1,39421,CPD_027984907598,BMS-509744,1071,train_pool
batch_1,39442,CPD_027984907598,BMS-509744,1072,train_pool
batch_1,39526,CPD_027984907598,BMS-509744,1073,test
batch_1,39550,CPD_027984907598,BMS-509744,1074,test
batch_1,39809,CPD_027984907598,BMS-509744,1075,train_pool
batch_1,39894,CPD_027984907598,BMS-509744,1076,train_pool
batch_1,40002,CPD_027984907598,BMS-509744,1077,train_pool
batch_1,40856,CPD_027984907598,BMS-509744,1078,train_pool
batch_1,40913,CPD_027984907598,BMS-509744,1079,test
batch_1,41021,CPD_027984907598,BMS-509744,1080,train_pool
batch_1,41147,CPD_027984907598,BMS-509744,1081,test
batch_1,41161,CPD_027984907598,BMS-509744,1082,train_pool
batch_1,41228,CPD_027984907598,BMS-509744,1083,test
batch_1,41292,CPD_027984907598,BMS-509744,1084,test
batch_1,41758,CPD_027984907598,BMS-509744,1085,train_pool
batch_1,41919,CPD_027984907598,BMS-509744,1086,train_pool
batch_1,42230,CPD_027984907598,BMS-509744,1087,train_pool
batch_1,42312,CPD_027984907598,BMS-509744,1088,train_pool
batch_1,42423,CPD_027984907598,BMS-509744,1089,train_pool
batch_1,42477,CPD_027984907598,BMS-509744,1090,train_pool
batch_1,42531,CPD_027984907598,BMS-509744,1091,test
batch_1,42538,CPD_027984907598,BMS-509744,1092,test
batch_1,42685,CPD_027984907598,BMS-509744,1093,train_pool
batch_1,42694,CPD_027984907598,BMS-509744,1094,train_pool
batch_1,42872,CPD_027984907598,BMS-509744,1095,test
batch_1,43059,CPD_027984907598,BMS-509744,1096,test
batch_1,43229,CPD_027984907598,BMS-509744,1097,train_pool
batch_1,43355,CPD_027984907598,BMS-509744,1098,train_pool
batch_1,43410,CPD_027984907598,BMS-509744,1099,train_pool
batch_1,43429,CPD_027984907598,BMS-509744,1100,test
batch_1,43448,CPD_027984907598,BMS-509744,1101,train_pool
batch_1,44499,CPD_027984907598,BMS-509744,1102,train_pool
batch_1,44650,CPD_027984907598,BMS-509744,1103,train_pool
batch_1,44770,CPD_027984907598,BMS-509744,1104,train_pool
batch_1,44801,CPD_027984907598,BMS-509744,1105,train_pool
batch_1,44823,CPD_027984907598,BMS-509744,1106,train_pool
batch_1,45424,CPD_027984907598,BMS-509744,1107,test
batch_1,45630,CPD_027984907598,BMS-509744,1108,train_pool
batch_1,45857,CPD_027984907598,BMS-509744,1109,test
batch_1,46223,CPD_027984907598,BMS-509744,1110,test
batch_1,46526,CPD_027984907598,BMS-509744,1111,train_pool
batch_1,46756,CPD_027984907598,BMS-509744,1112,train_pool
batch_1,47723,CPD_027984907598,BMS-509744,1113,train_pool
batch_1,48331,CPD_027984907598,BMS-509744,1114,train_pool
batch_1,900,CPD_652873333040,CP-673451,1115,train_pool
batch_1,1364,CPD_652873333040,CP-673451,1116,train_pool
batch_1,2878,CPD_652873333040,CP-673451,1117,train_pool
batch_1,3742,CPD_652873333040,CP-673451,1118,train_pool
batch_1,3930,CPD_652873333040,CP-673451,1119,train_pool
batch_1,4026,CPD_652873333040,CP-673451,1120,train_pool
batch_1,4105,CPD_652873333040,CP-673451,1121,test
batch_1,4116,CPD_652873333040,CP-673451,1122,train_pool
batch_1,4893,CPD_652873333040,CP-673451,1123,train_pool
batch_1,5596,CPD_652873333040,CP-673451,1124,train_pool
batch_1,5798,CPD_652873333040,CP-673451,1125,test
batch_1,5962,CPD_652873333040,CP-673451,1126,train_pool
batch_1,6014,CPD_652873333040,CP-673451,1127,train_pool
batch_1,6042,CPD_652873333040,CP-673451,1128,test
batch_1,6093,CPD_652873333040,CP-673451,1129,train_pool
batch_1,6543,CPD_652873333040,CP-673451,1130,train_pool
batch_1,6681,CPD_652873333040,CP-673451,1131,train_pool
batch_1,7016,CPD_652873333040,CP-673451,1132,train_pool
batch_1,7787,CPD_652873333040,CP-673451,1133,train_pool
batch_1,7845,CPD_652873333040,CP-673451,1134,train_pool
batch_1,7867,CPD_652873333040,CP-673451,1135,test
batch_1,7952,CPD_652873333040,CP-673451,1136,train_pool
batch_1,8336,CPD_652873333040,CP-673451,1137,train_pool
batch_1,8450,CPD_652873333040,CP-673451,1138,test
batch_1,8738,CPD_652873333040,CP-673451,1139,train_pool
batch_1,8971,CPD_652873333040,CP-673451,1140,train_pool
batch_1,9073,CPD_652873333040,CP-673451,1141,train_pool
batch_1,9699,CPD_652873333040,CP-673451,1142,train_pool
batch_1,10122,CPD_652873333040,CP-673451,1143,train_pool
batch_1,10364,CPD_652873333040,CP-673451,1144,train_pool
batch_1,10750,CPD_652873333040,CP-673451,1145,train_pool
batch_1,10802,CPD_652873333040,CP-673451,1146,train_pool
batch_1,10898,CPD_652873333040,CP-673451,1147,train_pool
batch_1,11138,CPD_652873333040,CP-673451,1148,test
batch_1,11180,CPD_652873333040,CP-673451,1149,test
batch_1,11183,CPD_652873333040,CP-673451,1150,train_pool
batch_1,11266,CPD_652873333040,CP-673451,1151,train_pool
batch_1,11588,CPD_652873333040,CP-673451,1152,train_pool
batch_1,11779,CPD_652873333040,CP-673451,1153,train_pool
batch_1,12183,CPD_652873333040,CP-673451,1154,train_pool
batch_1,12288,CPD_652873333040,CP-673451,1155,train_pool
batch_1,12306,CPD_652873333040,CP-673451,1156,train_pool
batch_1,12321,CPD_652873333040,CP-673451,1157,train_pool
batch_1,12490,CPD_652873333040,CP-673451,1158,train_pool
batch_1,12494,CPD_652873333040,CP-673451,1159,train_pool
batch_1,12905,CPD_652873333040,CP-673451,1160,train_pool
batch_1,13014,CPD_652873333040,CP-673451,1161,train_pool
batch_1,13128,CPD_652873333040,CP-673451,1162,train_pool
batch_1,13196,CPD_652873333040,CP-673451,1163,test
batch_1,13248,CPD_652873333040,CP-673451,1164,train_pool
batch_1,13572,CPD_652873333040,CP-673451,1165,test
batch_1,13914,CPD_652873333040,CP-673451,1166,test
batch_1,14101,CPD_652873333040,CP-673451,1167,train_pool
batch_1,14296,CPD_652873333040,CP-673451,1168,train_pool
batch_1,14633,CPD_652873333040,CP-673451,1169,train_pool
batch_1,14874,CPD_652873333040,CP-673451,1170,train_pool
batch_1,14953,CPD_652873333040,CP-673451,1171,train_pool
batch_1,15181,CPD_652873333040,CP-673451,1172,train_pool
batch_1,15612,CPD_652873333040,CP-673451,1173,train_pool
batch_1,15907,CPD_652873333040,CP-673451,1174,train_pool
batch_1,16161,CPD_652873333040,CP-673451,1175,train_pool
batch_1,16394,CPD_652873333040,CP-673451,1176,test
batch_1,16418,CPD_652873333040,CP-673451,1177,train_pool
batch_1,16435,CPD_652873333040,CP-673451,1178,train_pool
batch_1,16688,CPD_652873333040,CP-673451,1179,test
batch_1,16920,CPD_652873333040,CP-673451,1180,test
batch_1,16971,CPD_652873333040,CP-673451,1181,train_pool
batch_1,17028,CPD_652873333040,CP-673451,1182,train_pool
batch_1,17047,CPD_652873333040,CP-673451,1183,train_pool
batch_1,17180,CPD_652873333040,CP-673451,1184,test
batch_1,17211,CPD_652873333040,CP-673451,1185,test
batch_1,17232,CPD_652873333040,CP-673451,1186,train_pool
batch_1,17280,CPD_652873333040,CP-673451,1187,train_pool
batch_1,17297,CPD_652873333040,CP-673451,1188,train_pool
batch_1,17691,CPD_652873333040,CP-673451,1189,train_pool
batch_1,18154,CPD_652873333040,CP-673451,1190,train_pool
batch_1,18251,CPD_652873333040,CP-673451,1191,train_pool
batch_1,18270,CPD_652873333040,CP-673451,1192,train_pool
batch_1,18784,CPD_652873333040,CP-673451,1193,test
batch_1,18974,CPD_652873333040,CP-673451,1194,train_pool
batch_1,19000,CPD_652873333040,CP-673451,1195,test
batch_1,19069,CPD_652873333040,CP-673451,1196,test
batch_1,19562,CPD_652873333040,CP-673451,1197,train_pool
batch_1,20454,CPD_652873333040,CP-673451,1198,train_pool
batch_1,20522,CPD_652873333040,CP-673451,1199,train_pool
batch_1,20580,CPD_652873333040,CP-673451,1200,train_pool
batch_1,20689,CPD_652873333040,CP-673451,1201,train_pool
batch_1,20910,CPD_652873333040,CP-673451,1202,train_pool
batch_1,21068,CPD_652873333040,CP-673451,1203,train_pool
batch_1,21223,CPD_652873333040,CP-673451,1204,test
batch_1,21327,CPD_652873333040,CP-673451,1205,test
batch_1,21351,CPD_652873333040,CP-673451,1206,train_pool
batch_1,21392,CPD_652873333040,CP-673451,1207,test
batch_1,21395,CPD_652873333040,CP-673451,1208,train_pool
batch_1,21434,CPD_652873333040,CP-673451,1209,train_pool
batch_1,21591,CPD_652873333040,CP-673451,1210,train_pool
batch_1,21882,CPD_652873333040,CP-673451,1211,train_pool
batch_1,21929,CPD_652873333040,CP-673451,1212,train_pool
batch_1,21948,CPD_652873333040,CP-673451,1213,train_pool
batch_1,22122,CPD_652873333040,CP-673451,1214,train_pool
batch_1,22507,CPD_652873333040,CP-673451,1215,train_pool
batch_1,22508,CPD_652873333040,CP-673451,1216,train_pool
batch_1,22525,CPD_652873333040,CP-673451,1217,train_pool
batch_1,22588,CPD_652873333040,CP-673451,1218,train_pool
batch_1,22679,CPD_652873333040,CP-673451,1219,train_pool
batch_1,22886,CPD_652873333040,CP-673451,1220,train_pool
batch_1,22920,CPD_652873333040,CP-673451,1221,train_pool
batch_1,23090,CPD_652873333040,CP-673451,1222,train_pool
batch_1,23151,CPD_652873333040,CP-673451,1223,test
batch_1,23219,CPD_652873333040,CP-673451,1224,train_pool
batch_1,23453,CPD_652873333040,CP-673451,1225,train_pool
batch_1,23475,CPD_652873333040,CP-673451,1226,test
batch_1,23498,CPD_652873333040,CP-673451,1227,train_pool
batch_1,23500,CPD_652873333040,CP-673451,1228,train_pool
batch_1,23809,CPD_652873333040,CP-673451,1229,test
batch_1,23897,CPD_652873333040,CP-673451,1230,train_pool
batch_1,24397,CPD_652873333040,CP-673451,1231,train_pool
batch_1,24601,CPD_652873333040,CP-673451,1232,train_pool
batch_1,24689,CPD_652873333040,CP-673451,1233,train_pool
batch_1,25254,CPD_652873333040,CP-673451,1234,train_pool
batch_1,25277,CPD_652873333040,CP-673451,1235,train_pool
batch_1,25477,CPD_652873333040,CP-673451,1236,test
batch_1,25535,CPD_652873333040,CP-673451,1237,train_pool
batch_1,25567,CPD_652873333040,CP-673451,1238,train_pool
batch_1,25647,CPD_652873333040,CP-673451,1239,train_pool
batch_1,25928,CPD_652873333040,CP-673451,1240,train_pool
batch_1,26042,CPD_652873333040,CP-673451,1241,train_pool
batch_1,26097,CPD_652873333040,CP-673451,1242,test
batch_1,26219,CPD_652873333040,CP-673451,1243,train_pool
batch_1,26424,CPD_652873333040,CP-673451,1244,train_pool
batch_1,26537,CPD_652873333040,CP-673451,1245,train_pool
batch_1,26755,CPD_652873333040,CP-673451,1246,test
batch_1,26928,CPD_652873333040,CP-673451,1247,train_pool
batch_1,27243,CPD_652873333040,CP-673451,1248,train_pool
batch_1,27250,CPD_652873333040,CP-673451,1249,test
batch_1,27467,CPD_652873333040,CP-673451,1250,train_pool
batch_1,27517,CPD_652873333040,CP-673451,1251,train_pool
batch_1,27567,CPD_652873333040,CP-673451,1252,train_pool
batch_1,27589,CPD_652873333040,CP-673451,1253,train_pool
batch_1,27653,CPD_652873333040,CP-673451,1254,train_pool
batch_1,27832,CPD_652873333040,CP-673451,1255,train_pool
batch_1,28059,CPD_652873333040,CP-673451,1256,train_pool
batch_1,28120,CPD_652873333040,CP-673451,1257,train_pool
batch_1,28252,CPD_652873333040,CP-673451,1258,test
batch_1,28363,CPD_652873333040,CP-673451,1259,train_pool
batch_1,28572,CPD_652873333040,CP-673451,1260,train_pool
batch_1,28581,CPD_652873333040,CP-673451,1261,train_pool
batch_1,28606,CPD_652873333040,CP-673451,1262,train_pool
batch_1,28608,CPD_652873333040,CP-673451,1263,test
batch_1,28742,CPD_652873333040,CP-673451,1264,train_pool
batch_1,28839,CPD_652873333040,CP-673451,1265,train_pool
batch_1,28861,CPD_652873333040,CP-673451,1266,test
batch_1,29079,CPD_652873333040,CP-673451,1267,train_pool
batch_1,29166,CPD_652873333040,CP-673451,1268,train_pool
batch_1,29264,CPD_652873333040,CP-673451,1269,train_pool
batch_1,29348,CPD_652873333040,CP-673451,1270,train_pool
batch_1,29409,CPD_652873333040,CP-673451,1271,train_pool
batch_1,29439,CPD_652873333040,CP-673451,1272,train_pool
batch_1,29505,CPD_652873333040,CP-673451,1273,train_pool
batch_1,29526,CPD_652873333040,CP-673451,1274,train_pool
batch_1,29685,CPD_652873333040,CP-673451,1275,train_pool
batch_1,29721,CPD_652873333040,CP-673451,1276,train_pool
batch_1,29871,CPD_652873333040,CP-673451,1277,train_pool
batch_1,29971,CPD_652873333040,CP-673451,1278,train_pool
batch_1,30232,CPD_652873333040,CP-673451,1279,train_pool
batch_1,30422,CPD_652873333040,CP-673451,1280,test
batch_1,30705,CPD_652873333040,CP-673451,1281,train_pool
batch_1,30791,CPD_652873333040,CP-673451,1282,train_pool
batch_1,30843,CPD_652873333040,CP-673451,1283,train_pool
batch_1,30931,CPD_652873333040,CP-673451,1284,test
batch_1,30964,CPD_652873333040,CP-673451,1285,train_pool
batch_1,31423,CPD_652873333040,CP-673451,1286,train_pool
batch_1,31432,CPD_652873333040,CP-673451,1287,train_pool
batch_1,31910,CPD_652873333040,CP-673451,1288,train_pool
batch_1,32238,CPD_652873333040,CP-673451,1289,train_pool
batch_1,32286,CPD_652873333040,CP-673451,1290,train_pool
batch_1,32700,CPD_652873333040,CP-673451,1291,train_pool
batch_1,32709,CPD_652873333040,CP-673451,1292,test
batch_1,32849,CPD_652873333040,CP-673451,1293,train_pool
batch_1,32980,CPD_652873333040,CP-673451,1294,test
batch_1,33029,CPD_652873333040,CP-673451,1295,train_pool
batch_1,33102,CPD_652873333040,CP-673451,1296,train_pool
batch_1,33174,CPD_652873333040,CP-673451,1297,train_pool
batch_1,33386,CPD_652873333040,CP-673451,1298,train_pool
batch_1,33658,CPD_652873333040,CP-673451,1299,test
batch_1,33678,CPD_652873333040,CP-673451,1300,train_pool
batch_1,33782,CPD_652873333040,CP-673451,1301,train_pool
batch_1,33883,CPD_652873333040,CP-673451,1302,train_pool
batch_1,34216,CPD_652873333040,CP-673451,1303,train_pool
batch_1,34255,CPD_652873333040,CP-673451,1304,test
batch_1,34345,CPD_652873333040,CP-673451,1305,train_pool
batch_1,34364,CPD_652873333040,CP-673451,1306,train_pool
batch_1,34776,CPD_652873333040,CP-673451,1307,train_pool
batch_1,35217,CPD_652873333040,CP-673451,1308,test
batch_1,35368,CPD_652873333040,CP-673451,1309,train_pool
batch_1,35466,CPD_652873333040,CP-673451,1310,train_pool
batch_1,35725,CPD_652873333040,CP-673451,1311,train_pool
batch_1,35909,CPD_652873333040,CP-673451,1312,train_pool
batch_1,35928,CPD_652873333040,CP-673451,1313,test
batch_1,35979,CPD_652873333040,CP-673451,1314,train_pool
batch_1,36082,CPD_652873333040,CP-673451,1315,train_pool
batch_1,36097,CPD_652873333040,CP-673451,1316,train_pool
batch_1,36115,CPD_652873333040,CP-673451,1317,train_pool
batch_1,36155,CPD_652873333040,CP-673451,1318,test
batch_1,36366,CPD_652873333040,CP-673451,1319,train_pool
batch_1,36619,CPD_652873333040,CP-673451,1320,train_pool
batch_1,36803,CPD_652873333040,CP-673451,1321,train_pool
batch_1,36876,CPD_652873333040,CP-673451,1322,test
batch_1,36877,CPD_652873333040,CP-673451,1323,train_pool
batch_1,37105,CPD_652873333040,CP-673451,1324,train_pool
batch_1,37662,CPD_652873333040,CP-673451,1325,train_pool
batch_1,37958,CPD_652873333040,CP-673451,1326,train_pool
batch_1,38234,CPD_652873333040,CP-673451,1327,train_pool
batch_1,38489,CPD_652873333040,CP-673451,1328,train_pool
batch_1,38628,CPD_652873333040,CP-673451,1329,train_pool
batch_1,38675,CPD_652873333040,CP-673451,1330,test
batch_1,39148,CPD_652873333040,CP-673451,1331,test
batch_1,39165,CPD_652873333040,CP-673451,1332,train_pool
batch_1,39204,CPD_652873333040,CP-673451,1333,train_pool
batch_1,39458,CPD_652873333040,CP-673451,1334,test
batch_1,39495,CPD_652873333040,CP-673451,1335,train_pool
batch_1,39692,CPD_652873333040,CP-673451,1336,train_pool
batch_1,39818,CPD_652873333040,CP-673451,1337,train_pool
batch_1,39938,CPD_652873333040,CP-673451,1338,train_pool
batch_1,39947,CPD_652873333040,CP-673451,1339,train_pool
batch_1,40254,CPD_652873333040,CP-673451,1340,train_pool
batch_1,40779,CPD_652873333040,CP-673451,1341,test
batch_1,40853,CPD_652873333040,CP-673451,1342,train_pool
batch_1,41073,CPD_652873333040,CP-673451,1343,train_pool
batch_1,41093,CPD_652873333040,CP-673451,1344,train_pool
batch_1,41235,CPD_652873333040,CP-673451,1345,train_pool
batch_1,41318,CPD_652873333040,CP-673451,1346,train_pool
batch_1,41353,CPD_652873333040,CP-673451,1347,test
batch_1,41435,CPD_652873333040,CP-673451,1348,train_pool
batch_1,41577,CPD_652873333040,CP-673451,1349,train_pool
batch_1,41793,CPD_652873333040,CP-673451,1350,train_pool
batch_1,41993,CPD_652873333040,CP-673451,1351,train_pool
batch_1,42061,CPD_652873333040,CP-673451,1352,train_pool
batch_1,42482,CPD_652873333040,CP-673451,1353,train_pool
batch_1,42613,CPD_652873333040,CP-673451,1354,test
batch_1,42838,CPD_652873333040,CP-673451,1355,train_pool
batch_1,43166,CPD_652873333040,CP-673451,1356,test
batch_1,43538,CPD_652873333040,CP-673451,1357,train_pool
batch_1,43552,CPD_652873333040,CP-673451,1358,test
batch_1,43782,CPD_652873333040,CP-673451,1359,test
batch_1,44492,CPD_652873333040,CP-673451,1360,train_pool
batch_1,44546,CPD_652873333040,CP-673451,1361,train_pool
batch_1,44680,CPD_652873333040,CP-673451,1362,train_pool
batch_1,44883,CPD_652873333040,CP-673451,1363,train_pool
batch_1,45353,CPD_652873333040,CP-673451,1364,train_pool
batch_1,45369,CPD_652873333040,CP-673451,1365,test
batch_1,45587,CPD_652873333040,CP-673451,1366,train_pool
batch_1,46377,CPD_652873333040,CP-673451,1367,train_pool
batch_1,47237,CPD_652873333040,CP-673451,1368,train_pool
batch_1,48672,CPD_652873333040,CP-673451,1369,train_pool
batch_1,49224,CPD_652873333040,CP-673451,1370,train_pool
batch_1,408,CPD_326167036106,Capmatinib,1371,train_pool
batch_1,1422,CPD_326167036106,Capmatinib,1372,test
batch_1,2853,CPD_326167036106,Capmatinib,1373,train_pool
batch_1,3089,CPD_326167036106,Capmatinib,1374,test
batch_1,3336,CPD_326167036106,Capmatinib,1375,train_pool
batch_1,3338,CPD_326167036106,Capmatinib,1376,train_pool
batch_1,4852,CPD_326167036106,Capmatinib,1377,test
batch_1,7251,CPD_326167036106,Capmatinib,1378,train_pool
batch_1,7533,CPD_326167036106,Capmatinib,1379,train_pool
batch_1,7790,CPD_326167036106,Capmatinib,1380,train_pool
batch_1,7966,CPD_326167036106,Capmatinib,1381,train_pool
batch_1,7983,CPD_326167036106,Capmatinib,1382,train_pool
batch_1,8135,CPD_326167036106,Capmatinib,1383,train_pool
batch_1,8527,CPD_326167036106,Capmatinib,1384,train_pool
batch_1,8691,CPD_326167036106,Capmatinib,1385,train_pool
batch_1,8908,CPD_326167036106,Capmatinib,1386,train_pool
batch_1,9031,CPD_326167036106,Capmatinib,1387,train_pool
batch_1,9172,CPD_326167036106,Capmatinib,1388,train_pool
batch_1,10440,CPD_326167036106,Capmatinib,1389,train_pool
batch_1,10589,CPD_326167036106,Capmatinib,1390,train_pool
batch_1,11085,CPD_326167036106,Capmatinib,1391,train_pool
batch_1,11171,CPD_326167036106,Capmatinib,1392,train_pool
batch_1,11210,CPD_326167036106,Capmatinib,1393,train_pool
batch_1,12808,CPD_326167036106,Capmatinib,1394,train_pool
batch_1,13289,CPD_326167036106,Capmatinib,1395,train_pool
batch_1,13392,CPD_326167036106,Capmatinib,1396,train_pool
batch_1,13692,CPD_326167036106,Capmatinib,1397,train_pool
batch_1,14534,CPD_326167036106,Capmatinib,1398,train_pool
batch_1,14625,CPD_326167036106,Capmatinib,1399,train_pool
batch_1,14790,CPD_326167036106,Capmatinib,1400,train_pool
batch_1,15130,CPD_326167036106,Capmatinib,1401,train_pool
batch_1,15164,CPD_326167036106,Capmatinib,1402,train_pool
batch_1,15265,CPD_326167036106,Capmatinib,1403,test
batch_1,15426,CPD_326167036106,Capmatinib,1404,test
batch_1,15716,CPD_326167036106,Capmatinib,1405,train_pool
batch_1,16869,CPD_326167036106,Capmatinib,1406,train_pool
batch_1,16997,CPD_326167036106,Capmatinib,1407,train_pool
batch_1,17122,CPD_326167036106,Capmatinib,1408,test
batch_1,17606,CPD_326167036106,Capmatinib,1409,train_pool
batch_1,17655,CPD_326167036106,Capmatinib,1410,train_pool
batch_1,18256,CPD_326167036106,Capmatinib,1411,test
batch_1,18463,CPD_326167036106,Capmatinib,1412,test
batch_1,19100,CPD_326167036106,Capmatinib,1413,train_pool
batch_1,20520,CPD_326167036106,Capmatinib,1414,train_pool
batch_1,20786,CPD_326167036106,Capmatinib,1415,train_pool
batch_1,20993,CPD_326167036106,Capmatinib,1416,test
batch_1,21071,CPD_326167036106,Capmatinib,1417,train_pool
batch_1,21355,CPD_326167036106,Capmatinib,1418,train_pool
batch_1,21574,CPD_326167036106,Capmatinib,1419,train_pool
batch_1,21639,CPD_326167036106,Capmatinib,1420,test
batch_1,22179,CPD_326167036106,Capmatinib,1421,train_pool
batch_1,22486,CPD_326167036106,Capmatinib,1422,train_pool
batch_1,22728,CPD_326167036106,Capmatinib,1423,train_pool
batch_1,23052,CPD_326167036106,Capmatinib,1424,train_pool
batch_1,23146,CPD_326167036106,Capmatinib,1425,train_pool
batch_1,23272,CPD_326167036106,Capmatinib,1426,test
batch_1,23820,CPD_326167036106,Capmatinib,1427,train_pool
batch_1,24683,CPD_326167036106,Capmatinib,1428,train_pool
batch_1,25640,CPD_326167036106,Capmatinib,1429,train_pool
batch_1,25708,CPD_326167036106,Capmatinib,1430,train_pool
batch_1,26001,CPD_326167036106,Capmatinib,1431,train_pool
batch_1,26351,CPD_326167036106,Capmatinib,1432,test
batch_1,26534,CPD_326167036106,Capmatinib,1433,train_pool
batch_1,26749,CPD_326167036106,Capmatinib,1434,train_pool
batch_1,26858,CPD_326167036106,Capmatinib,1435,train_pool
batch_1,27264,CPD_326167036106,Capmatinib,1436,train_pool
batch_1,28294,CPD_326167036106,Capmatinib,1437,train_pool
batch_1,28849,CPD_326167036106,Capmatinib,1438,train_pool
batch_1,29368,CPD_326167036106,Capmatinib,1439,train_pool
batch_1,29765,CPD_326167036106,Capmatinib,1440,test
batch_1,29840,CPD_326167036106,Capmatinib,1441,train_pool
batch_1,30068,CPD_326167036106,Capmatinib,1442,train_pool
batch_1,30778,CPD_326167036106,Capmatinib,1443,train_pool
batch_1,30988,CPD_326167036106,Capmatinib,1444,train_pool
batch_1,31134,CPD_326167036106,Capmatinib,1445,train_pool
batch_1,31286,CPD_326167036106,Capmatinib,1446,train_pool
batch_1,31649,CPD_326167036106,Capmatinib,1447,test
batch_1,31784,CPD_326167036106,Capmatinib,1448,test
batch_1,31806,CPD_326167036106,Capmatinib,1449,train_pool
batch_1,32826,CPD_326167036106,Capmatinib,1450,train_pool
batch_1,33143,CPD_326167036106,Capmatinib,1451,train_pool
batch_1,33535,CPD_326167036106,Capmatinib,1452,train_pool
batch_1,34161,CPD_326167036106,Capmatinib,1453,train_pool
batch_1,34257,CPD_326167036106,Capmatinib,1454,train_pool
batch_1,34758,CPD_326167036106,Capmatinib,1455,train_pool
batch_1,34765,CPD_326167036106,Capmatinib,1456,train_pool
batch_1,34848,CPD_326167036106,Capmatinib,1457,test
batch_1,35591,CPD_326167036106,Capmatinib,1458,test
batch_1,36133,CPD_326167036106,Capmatinib,1459,train_pool
batch_1,36901,CPD_326167036106,Capmatinib,1460,train_pool
batch_1,37192,CPD_326167036106,Capmatinib,1461,test
batch_1,37598,CPD_326167036106,Capmatinib,1462,train_pool
batch_1,37614,CPD_326167036106,Capmatinib,1463,train_pool
batch_1,37757,CPD_326167036106,Capmatinib,1464,train_pool
batch_1,38007,CPD_326167036106,Capmatinib,1465,test
batch_1,38058,CPD_326167036106,Capmatinib,1466,train_pool
batch_1,38239,CPD_326167036106,Capmatinib,1467,train_pool
batch_1,38706,CPD_326167036106,Capmatinib,1468,train_pool
batch_1,39093,CPD_326167036106,Capmatinib,1469,test
batch_1,39227,CPD_326167036106,Capmatinib,1470,test
batch_1,39435,CPD_326167036106,Capmatinib,1471,train_pool
batch_1,39919,CPD_326167036106,Capmatinib,1472,test
batch_1,40156,CPD_326167036106,Capmatinib,1473,train_pool
batch_1,40436,CPD_326167036106,Capmatinib,1474,train_pool
batch_1,41379,CPD_326167036106,Capmatinib,1475,train_pool
batch_1,41494,CPD_326167036106,Capmatinib,1476,train_pool
batch_1,41889,CPD_326167036106,Capmatinib,1477,train_pool
batch_1,41944,CPD_326167036106,Capmatinib,1478,train_pool
batch_1,42459,CPD_326167036106,Capmatinib,1479,train_pool
batch_1,42930,CPD_326167036106,Capmatinib,1480,test
batch_1,43145,CPD_326167036106,Capmatinib,1481,train_pool
batch_1,43208,CPD_326167036106,Capmatinib,1482,train_pool
batch_1,43703,CPD_326167036106,Capmatinib,1483,test
batch_1,44658,CPD_326167036106,Capmatinib,1484,train_pool
batch_1,44841,CPD_326167036106,Capmatinib,1485,train_pool
batch_1,45079,CPD_326167036106,Capmatinib,1486,train_pool
batch_1,45774,CPD_326167036106,Capmatinib,1487,train_pool
batch_1,46267,CPD_326167036106,Capmatinib,1488,train_pool
batch_1,46529,CPD_326167036106,Capmatinib,1489,train_pool
batch_1,46743,CPD_326167036106,Capmatinib,1490,train_pool
batch_1,47643,CPD_326167036106,Capmatinib,1491,train_pool
batch_1,48655,CPD_326167036106,Capmatinib,1492,train_pool
batch_1,507,CPD_471264222636,Crizotinib,1493,train_pool
batch_1,818,CPD_471264222636,Crizotinib,1494,train_pool
batch_1,831,CPD_471264222636,Crizotinib,1495,train_pool
batch_1,1904,CPD_471264222636,Crizotinib,1496,train_pool
batch_1,2766,CPD_471264222636,Crizotinib,1497,train_pool
batch_1,3000,CPD_471264222636,Crizotinib,1498,train_pool
batch_1,3158,CPD_471264222636,Crizotinib,1499,test
batch_1,3227,CPD_471264222636,Crizotinib,1500,train_pool
batch_1,3456,CPD_471264222636,Crizotinib,1501,test
batch_1,4082,CPD_471264222636,Crizotinib,1502,train_pool
batch_1,4086,CPD_471264222636,Crizotinib,1503,test
batch_1,4246,CPD_471264222636,Crizotinib,1504,train_pool
batch_1,4309,CPD_471264222636,Crizotinib,1505,train_pool
batch_1,4331,CPD_471264222636,Crizotinib,1506,train_pool
batch_1,4412,CPD_471264222636,Crizotinib,1507,train_pool
batch_1,4526,CPD_471264222636,Crizotinib,1508,train_pool
batch_1,4910,CPD_471264222636,Crizotinib,1509,train_pool
batch_1,5017,CPD_471264222636,Crizotinib,1510,train_pool
batch_1,5216,CPD_471264222636,Crizotinib,1511,train_pool
batch_1,5315,CPD_471264222636,Crizotinib,1512,test
batch_1,5666,CPD_471264222636,Crizotinib,1513,test
batch_1,6047,CPD_471264222636,Crizotinib,1514,train_pool
batch_1,6214,CPD_471264222636,Crizotinib,1515,train_pool
batch_1,6399,CPD_471264222636,Crizotinib,1516,train_pool
batch_1,6626,CPD_471264222636,Crizotinib,1517,train_pool
batch_1,6658,CPD_471264222636,Crizotinib,1518,train_pool
batch_1,6744,CPD_471264222636,Crizotinib,1519,train_pool
batch_1,6987,CPD_471264222636,Crizotinib,1520,train_pool
batch_1,7261,CPD_471264222636,Crizotinib,1521,train_pool
batch_1,7472,CPD_471264222636,Crizotinib,1522,train_pool
batch_1,7515,CPD_471264222636,Crizotinib,1523,train_pool
batch_1,7779,CPD_471264222636,Crizotinib,1524,train_pool
batch_1,7866,CPD_471264222636,Crizotinib,1525,test
batch_1,7875,CPD_471264222636,Crizotinib,1526,test
batch_1,7889,CPD_471264222636,Crizotinib,1527,train_pool
batch_1,8268,CPD_471264222636,Crizotinib,1528,train_pool
batch_1,8331,CPD_471264222636,Crizotinib,1529,train_pool
batch_1,8546,CPD_471264222636,Crizotinib,1530,test
batch_1,8639,CPD_471264222636,Crizotinib,1531,train_pool
batch_1,8682,CPD_471264222636,Crizotinib,1532,train_pool
batch_1,8985,CPD_471264222636,Crizotinib,1533,train_pool
batch_1,9003,CPD_471264222636,Crizotinib,1534,train_pool
batch_1,9089,CPD_471264222636,Crizotinib,1535,train_pool
batch_1,9485,CPD_471264222636,Crizotinib,1536,train_pool
batch_1,9893,CPD_471264222636,Crizotinib,1537,train_pool
batch_1,9956,CPD_471264222636,Crizotinib,1538,train_pool
batch_1,9996,CPD_471264222636,Crizotinib,1539,train_pool
batch_1,10290,CPD_471264222636,Crizotinib,1540,test
batch_1,10452,CPD_471264222636,Crizotinib,1541,train_pool
batch_1,10486,CPD_471264222636,Crizotinib,1542,train_pool
batch_1,10878,CPD_471264222636,Crizotinib,1543,train_pool
batch_1,10947,CPD_471264222636,Crizotinib,1544,train_pool
batch_1,10954,CPD_471264222636,Crizotinib,1545,train_pool
batch_1,11064,CPD_471264222636,Crizotinib,1546,train_pool
batch_1,11439,CPD_471264222636,Crizotinib,1547,train_pool
batch_1,11565,CPD_471264222636,Crizotinib,1548,train_pool
batch_1,11601,CPD_471264222636,Crizotinib,1549,train_pool
batch_1,11641,CPD_471264222636,Crizotinib,1550,train_pool
batch_1,11700,CPD_471264222636,Crizotinib,1551,train_pool
batch_1,11719,CPD_471264222636,Crizotinib,1552,test
batch_1,11758,CPD_471264222636,Crizotinib,1553,train_pool
batch_1,11909,CPD_471264222636,Crizotinib,1554,train_pool
batch_1,11918,CPD_471264222636,Crizotinib,1555,test
batch_1,12016,CPD_471264222636,Crizotinib,1556,train_pool
batch_1,12489,CPD_471264222636,Crizotinib,1557,train_pool
batch_1,12532,CPD_471264222636,Crizotinib,1558,train_pool
batch_1,13125,CPD_471264222636,Crizotinib,1559,train_pool
batch_1,13186,CPD_471264222636,Crizotinib,1560,test
batch_1,13241,CPD_471264222636,Crizotinib,1561,train_pool
batch_1,13265,CPD_471264222636,Crizotinib,1562,train_pool
batch_1,13367,CPD_471264222636,Crizotinib,1563,test
batch_1,13520,CPD_471264222636,Crizotinib,1564,train_pool
batch_1,13699,CPD_471264222636,Crizotinib,1565,train_pool
batch_1,13753,CPD_471264222636,Crizotinib,1566,train_pool
batch_1,13807,CPD_471264222636,Crizotinib,1567,train_pool
batch_1,13926,CPD_471264222636,Crizotinib,1568,train_pool
batch_1,13938,CPD_471264222636,Crizotinib,1569,train_pool
batch_1,14096,CPD_471264222636,Crizotinib,1570,train_pool
batch_1,14149,CPD_471264222636,Crizotinib,1571,train_pool
batch_1,14156,CPD_471264222636,Crizotinib,1572,train_pool
batch_1,14160,CPD_471264222636,Crizotinib,1573,train_pool
batch_1,14241,CPD_471264222636,Crizotinib,1574,test
batch_1,14357,CPD_471264222636,Crizotinib,1575,test
batch_1,14753,CPD_471264222636,Crizotinib,1576,train_pool
batch_1,14832,CPD_471264222636,Crizotinib,1577,train_pool
batch_1,15045,CPD_471264222636,Crizotinib,1578,test
batch_1,15195,CPD_471264222636,Crizotinib,1579,test
batch_1,15490,CPD_471264222636,Crizotinib,1580,train_pool
batch_1,15572,CPD_471264222636,Crizotinib,1581,test
batch_1,15631,CPD_471264222636,Crizotinib,1582,train_pool
batch_1,15695,CPD_471264222636,Crizotinib,1583,train_pool
batch_1,16506,CPD_471264222636,Crizotinib,1584,train_pool
batch_1,16614,CPD_471264222636,Crizotinib,1585,train_pool
batch_1,16648,CPD_471264222636,Crizotinib,1586,train_pool
batch_1,17526,CPD_471264222636,Crizotinib,1587,train_pool
batch_1,17577,CPD_471264222636,Crizotinib,1588,train_pool
batch_1,17774,CPD_471264222636,Crizotinib,1589,train_pool
batch_1,17911,CPD_471264222636,Crizotinib,1590,train_pool
batch_1,18418,CPD_471264222636,Crizotinib,1591,train_pool
batch_1,18547,CPD_471264222636,Crizotinib,1592,train_pool
batch_1,18588,CPD_471264222636,Crizotinib,1593,train_pool
batch_1,18595,CPD_471264222636,Crizotinib,1594,train_pool
batch_1,18696,CPD_471264222636,Crizotinib,1595,train_pool
batch_1,18800,CPD_471264222636,Crizotinib,1596,train_pool
batch_1,18890,CPD_471264222636,Crizotinib,1597,train_pool
batch_1,19077,CPD_471264222636,Crizotinib,1598,train_pool
batch_1,19105,CPD_471264222636,Crizotinib,1599,train_pool
batch_1,19128,CPD_471264222636,Crizotinib,1600,test
batch_1,19353,CPD_471264222636,Crizotinib,1601,train_pool
batch_1,19356,CPD_471264222636,Crizotinib,1602,train_pool
batch_1,19514,CPD_471264222636,Crizotinib,1603,train_pool
batch_1,19556,CPD_471264222636,Crizotinib,1604,train_pool
batch_1,19626,CPD_471264222636,Crizotinib,1605,train_pool
batch_1,19678,CPD_471264222636,Crizotinib,1606,test
batch_1,19722,CPD_471264222636,Crizotinib,1607,train_pool
batch_1,19963,CPD_471264222636,Crizotinib,1608,train_pool
batch_1,20543,CPD_471264222636,Crizotinib,1609,train_pool
batch_1,20815,CPD_471264222636,Crizotinib,1610,test
batch_1,20852,CPD_471264222636,Crizotinib,1611,test
batch_1,21157,CPD_471264222636,Crizotinib,1612,train_pool
batch_1,21193,CPD_471264222636,Crizotinib,1613,train_pool
batch_1,21203,CPD_471264222636,Crizotinib,1614,test
batch_1,21717,CPD_471264222636,Crizotinib,1615,train_pool
batch_1,21874,CPD_471264222636,Crizotinib,1616,train_pool
batch_1,21883,CPD_471264222636,Crizotinib,1617,test
batch_1,21937,CPD_471264222636,Crizotinib,1618,test
batch_1,22058,CPD_471264222636,Crizotinib,1619,train_pool
batch_1,22097,CPD_471264222636,Crizotinib,1620,train_pool
batch_1,22148,CPD_471264222636,Crizotinib,1621,train_pool
batch_1,22331,CPD_471264222636,Crizotinib,1622,train_pool
batch_1,22639,CPD_471264222636,Crizotinib,1623,train_pool
batch_1,22685,CPD_471264222636,Crizotinib,1624,train_pool
batch_1,22729,CPD_471264222636,Crizotinib,1625,test
batch_1,22755,CPD_471264222636,Crizotinib,1626,train_pool
batch_1,22813,CPD_471264222636,Crizotinib,1627,train_pool
batch_1,22889,CPD_471264222636,Crizotinib,1628,train_pool
batch_1,22896,CPD_471264222636,Crizotinib,1629,test
batch_1,22942,CPD_471264222636,Crizotinib,1630,train_pool
batch_1,22944,CPD_471264222636,Crizotinib,1631,test
batch_1,22958,CPD_471264222636,Crizotinib,1632,test
batch_1,23041,CPD_471264222636,Crizotinib,1633,test
batch_1,23233,CPD_471264222636,Crizotinib,1634,train_pool
batch_1,23271,CPD_471264222636,Crizotinib,1635,train_pool
batch_1,23473,CPD_471264222636,Crizotinib,1636,test
batch_1,23550,CPD_471264222636,Crizotinib,1637,train_pool
batch_1,23669,CPD_471264222636,Crizotinib,1638,test
batch_1,23857,CPD_471264222636,Crizotinib,1639,train_pool
batch_1,24082,CPD_471264222636,Crizotinib,1640,train_pool
batch_1,24210,CPD_471264222636,Crizotinib,1641,train_pool
batch_1,24253,CPD_471264222636,Crizotinib,1642,train_pool
batch_1,24364,CPD_471264222636,Crizotinib,1643,train_pool
batch_1,24545,CPD_471264222636,Crizotinib,1644,train_pool
batch_1,24581,CPD_471264222636,Crizotinib,1645,train_pool
batch_1,24907,CPD_471264222636,Crizotinib,1646,train_pool
batch_1,25104,CPD_471264222636,Crizotinib,1647,test
batch_1,25208,CPD_471264222636,Crizotinib,1648,test
batch_1,25270,CPD_471264222636,Crizotinib,1649,train_pool
batch_1,25399,CPD_471264222636,Crizotinib,1650,train_pool
batch_1,25584,CPD_471264222636,Crizotinib,1651,train_pool
batch_1,25794,CPD_471264222636,Crizotinib,1652,train_pool
batch_1,25820,CPD_471264222636,Crizotinib,1653,train_pool
batch_1,25935,CPD_471264222636,Crizotinib,1654,train_pool
batch_1,25973,CPD_471264222636,Crizotinib,1655,train_pool
batch_1,25990,CPD_471264222636,Crizotinib,1656,train_pool
batch_1,26153,CPD_471264222636,Crizotinib,1657,test
batch_1,26316,CPD_471264222636,Crizotinib,1658,train_pool
batch_1,26367,CPD_471264222636,Crizotinib,1659,train_pool
batch_1,26455,CPD_471264222636,Crizotinib,1660,test
batch_1,26525,CPD_471264222636,Crizotinib,1661,train_pool
batch_1,26553,CPD_471264222636,Crizotinib,1662,test
batch_1,26626,CPD_471264222636,Crizotinib,1663,train_pool
batch_1,27037,CPD_471264222636,Crizotinib,1664,train_pool
batch_1,27119,CPD_471264222636,Crizotinib,1665,test
batch_1,27141,CPD_471264222636,Crizotinib,1666,train_pool
batch_1,27234,CPD_471264222636,Crizotinib,1667,train_pool
batch_1,27597,CPD_471264222636,Crizotinib,1668,train_pool
batch_1,27628,CPD_471264222636,Crizotinib,1669,train_pool
batch_1,27666,CPD_471264222636,Crizotinib,1670,test
batch_1,27844,CPD_471264222636,Crizotinib,1671,train_pool
batch_1,27926,CPD_471264222636,Crizotinib,1672,test
batch_1,28001,CPD_471264222636,Crizotinib,1673,train_pool
batch_1,28035,CPD_471264222636,Crizotinib,1674,train_pool
batch_1,28270,CPD_471264222636,Crizotinib,1675,test
batch_1,28462,CPD_471264222636,Crizotinib,1676,train_pool
batch_1,28657,CPD_471264222636,Crizotinib,1677,train_pool
batch_1,28847,CPD_471264222636,Crizotinib,1678,train_pool
batch_1,28980,CPD_471264222636,Crizotinib,1679,train_pool
batch_1,28988,CPD_471264222636,Crizotinib,1680,train_pool
batch_1,29627,CPD_471264222636,Crizotinib,1681,train_pool
batch_1,29835,CPD_471264222636,Crizotinib,1682,test
batch_1,29853,CPD_471264222636,Crizotinib,1683,train_pool
batch_1,30227,CPD_471264222636,Crizotinib,1684,test
batch_1,30267,CPD_471264222636,Crizotinib,1685,test
batch_1,30412,CPD_471264222636,Crizotinib,1686,train_pool
batch_1,30545,CPD_471264222636,Crizotinib,1687,train_pool
batch_1,30579,CPD_471264222636,Crizotinib,1688,train_pool
batch_1,30735,CPD_471264222636,Crizotinib,1689,train_pool
batch_1,30750,CPD_471264222636,Crizotinib,1690,test
batch_1,30860,CPD_471264222636,Crizotinib,1691,train_pool
batch_1,30963,CPD_471264222636,Crizotinib,1692,train_pool
batch_1,31042,CPD_471264222636,Crizotinib,1693,train_pool
batch_1,31172,CPD_471264222636,Crizotinib,1694,train_pool
batch_1,31868,CPD_471264222636,Crizotinib,1695,train_pool
batch_1,31906,CPD_471264222636,Crizotinib,1696,test
batch_1,31974,CPD_471264222636,Crizotinib,1697,test
batch_1,32284,CPD_471264222636,Crizotinib,1698,train_pool
batch_1,32641,CPD_471264222636,Crizotinib,1699,train_pool
batch_1,32659,CPD_471264222636,Crizotinib,1700,train_pool
batch_1,32668,CPD_471264222636,Crizotinib,1701,train_pool
batch_1,32751,CPD_471264222636,Crizotinib,1702,train_pool
batch_1,32880,CPD_471264222636,Crizotinib,1703,train_pool
batch_1,32998,CPD_471264222636,Crizotinib,1704,train_pool
batch_1,33059,CPD_471264222636,Crizotinib,1705,train_pool
batch_1,33222,CPD_471264222636,Crizotinib,1706,train_pool
batch_1,33307,CPD_471264222636,Crizotinib,1707,train_pool
batch_1,33322,CPD_471264222636,Crizotinib,1708,train_pool
batch_1,33383,CPD_471264222636,Crizotinib,1709,train_pool
batch_1,33428,CPD_471264222636,Crizotinib,1710,train_pool
batch_1,33509,CPD_471264222636,Crizotinib,1711,test
batch_1,33529,CPD_471264222636,Crizotinib,1712,train_pool
batch_1,33680,CPD_471264222636,Crizotinib,1713,train_pool
batch_1,33712,CPD_471264222636,Crizotinib,1714,train_pool
batch_1,33721,CPD_471264222636,Crizotinib,1715,train_pool
batch_1,33776,CPD_471264222636,Crizotinib,1716,train_pool
batch_1,33950,CPD_471264222636,Crizotinib,1717,train_pool
batch_1,34018,CPD_471264222636,Crizotinib,1718,train_pool
batch_1,34136,CPD_471264222636,Crizotinib,1719,test
batch_1,34386,CPD_471264222636,Crizotinib,1720,train_pool
batch_1,34752,CPD_471264222636,Crizotinib,1721,train_pool
batch_1,34913,CPD_471264222636,Crizotinib,1722,train_pool
batch_1,35106,CPD_471264222636,Crizotinib,1723,train_pool
batch_1,35115,CPD_471264222636,Crizotinib,1724,train_pool
batch_1,35512,CPD_471264222636,Crizotinib,1725,test
batch_1,35824,CPD_471264222636,Crizotinib,1726,train_pool
batch_1,35871,CPD_471264222636,Crizotinib,1727,train_pool
batch_1,36552,CPD_471264222636,Crizotinib,1728,train_pool
batch_1,36727,CPD_471264222636,Crizotinib,1729,train_pool
batch_1,36819,CPD_471264222636,Crizotinib,1730,train_pool
batch_1,36935,CPD_471264222636,Crizotinib,1731,test
batch_1,37027,CPD_471264222636,Crizotinib,1732,train_pool
batch_1,37062,CPD_471264222636,Crizotinib,1733,train_pool
batch_1,37553,CPD_471264222636,Crizotinib,1734,train_pool
batch_1,37674,CPD_471264222636,Crizotinib,1735,train_pool
batch_1,38187,CPD_471264222636,Crizotinib,1736,train_pool
batch_1,38244,CPD_471264222636,Crizotinib,1737,train_pool
batch_1,38267,CPD_471264222636,Crizotinib,1738,train_pool
batch_1,38411,CPD_471264222636,Crizotinib,1739,train_pool
batch_1,38626,CPD_471264222636,Crizotinib,1740,train_pool
batch_1,39258,CPD_471264222636,Crizotinib,1741,train_pool
batch_1,39320,CPD_471264222636,Crizotinib,1742,test
batch_1,40408,CPD_471264222636,Crizotinib,1743,test
batch_1,40594,CPD_471264222636,Crizotinib,1744,train_pool
batch_1,40797,CPD_471264222636,Crizotinib,1745,train_pool
batch_1,40964,CPD_471264222636,Crizotinib,1746,test
batch_1,41030,CPD_471264222636,Crizotinib,1747,train_pool
batch_1,41589,CPD_471264222636,Crizotinib,1748,train_pool
batch_1,41774,CPD_471264222636,Crizotinib,1749,train_pool
batch_1,42113,CPD_471264222636,Crizotinib,1750,train_pool
batch_1,42117,CPD_471264222636,Crizotinib,1751,train_pool
batch_1,42258,CPD_471264222636,Crizotinib,1752,test
batch_1,42429,CPD_471264222636,Crizotinib,1753,train_pool
batch_1,42488,CPD_471264222636,Crizotinib,1754,train_pool
batch_1,42643,CPD_471264222636,Crizotinib,1755,train_pool
batch_1,42772,CPD_471264222636,Crizotinib,1756,test
batch_1,43081,CPD_471264222636,Crizotinib,1757,train_pool
batch_1,43144,CPD_471264222636,Crizotinib,1758,train_pool
batch_1,43608,CPD_471264222636,Crizotinib,1759,train_pool
batch_1,43655,CPD_471264222636,Crizotinib,1760,train_pool
batch_1,43767,CPD_471264222636,Crizotinib,1761,train_pool
batch_1,43838,CPD_471264222636,Crizotinib,1762,train_pool
batch_1,43949,CPD_471264222636,Crizotinib,1763,train_pool
batch_1,44001,CPD_471264222636,Crizotinib,1764,train_pool
batch_1,44383,CPD_471264222636,Crizotinib,1765,test
batch_1,44916,CPD_471264222636,Crizotinib,1766,train_pool
batch_1,45161,CPD_471264222636,Crizotinib,1767,train_pool
batch_1,45486,CPD_471264222636,Crizotinib,1768,train_pool
batch_1,46007,CPD_471264222636,Crizotinib,1769,train_pool
batch_1,46069,CPD_471264222636,Crizotinib,1770,train_pool
batch_1,46398,CPD_471264222636,Crizotinib,1771,train_pool
batch_1,46582,CPD_471264222636,Crizotinib,1772,train_pool
batch_1,46676,CPD_471264222636,Crizotinib,1773,train_pool
batch_1,46744,CPD_471264222636,Crizotinib,1774,train_pool
batch_1,46831,CPD_471264222636,Crizotinib,1775,train_pool
batch_1,47245,CPD_471264222636,Crizotinib,1776,train_pool
batch_1,48367,CPD_471264222636,Crizotinib,1777,train_pool
batch_1,1320,CPD_771491795323,GCN2-IN-7,1778,train_pool
batch_1,3688,CPD_771491795323,GCN2-IN-7,1779,train_pool
batch_1,4385,CPD_771491795323,GCN2-IN-7,1780,train_pool
batch_1,4443,CPD_771491795323,GCN2-IN-7,1781,train_pool
batch_1,5679,CPD_771491795323,GCN2-IN-7,1782,train_pool
batch_1,5900,CPD_771491795323,GCN2-IN-7,1783,train_pool
batch_1,6450,CPD_771491795323,GCN2-IN-7,1784,train_pool
batch_1,6491,CPD_771491795323,GCN2-IN-7,1785,train_pool
batch_1,6625,CPD_771491795323,GCN2-IN-7,1786,train_pool
batch_1,6746,CPD_771491795323,GCN2-IN-7,1787,train_pool
batch_1,6772,CPD_771491795323,GCN2-IN-7,1788,test
batch_1,6889,CPD_771491795323,GCN2-IN-7,1789,train_pool
batch_1,7088,CPD_771491795323,GCN2-IN-7,1790,train_pool
batch_1,7103,CPD_771491795323,GCN2-IN-7,1791,test
batch_1,7214,CPD_771491795323,GCN2-IN-7,1792,train_pool
batch_1,7624,CPD_771491795323,GCN2-IN-7,1793,train_pool
batch_1,8547,CPD_771491795323,GCN2-IN-7,1794,train_pool
batch_1,8548,CPD_771491795323,GCN2-IN-7,1795,train_pool
batch_1,8596,CPD_771491795323,GCN2-IN-7,1796,train_pool
batch_1,8692,CPD_771491795323,GCN2-IN-7,1797,train_pool
batch_1,8805,CPD_771491795323,GCN2-IN-7,1798,train_pool
batch_1,9364,CPD_771491795323,GCN2-IN-7,1799,train_pool
batch_1,9492,CPD_771491795323,GCN2-IN-7,1800,train_pool
batch_1,9837,CPD_771491795323,GCN2-IN-7,1801,train_pool
batch_1,10100,CPD_771491795323,GCN2-IN-7,1802,train_pool
batch_1,10689,CPD_771491795323,GCN2-IN-7,1803,train_pool
batch_1,11162,CPD_771491795323,GCN2-IN-7,1804,train_pool
batch_1,11545,CPD_771491795323,GCN2-IN-7,1805,train_pool
batch_1,11602,CPD_771491795323,GCN2-IN-7,1806,test
batch_1,11649,CPD_771491795323,GCN2-IN-7,1807,test
batch_1,11656,CPD_771491795323,GCN2-IN-7,1808,train_pool
batch_1,11808,CPD_771491795323,GCN2-IN-7,1809,train_pool
batch_1,12148,CPD_771491795323,GCN2-IN-7,1810,train_pool
batch_1,12623,CPD_771491795323,GCN2-IN-7,1811,test
batch_1,12715,CPD_771491795323,GCN2-IN-7,1812,train_pool
batch_1,12748,CPD_771491795323,GCN2-IN-7,1813,test
batch_1,12864,CPD_771491795323,GCN2-IN-7,1814,train_pool
batch_1,12917,CPD_771491795323,GCN2-IN-7,1815,train_pool
batch_1,12944,CPD_771491795323,GCN2-IN-7,1816,test
batch_1,13040,CPD_771491795323,GCN2-IN-7,1817,train_pool
batch_1,13244,CPD_771491795323,GCN2-IN-7,1818,train_pool
batch_1,13258,CPD_771491795323,GCN2-IN-7,1819,train_pool
batch_1,13312,CPD_771491795323,GCN2-IN-7,1820,train_pool
batch_1,13323,CPD_771491795323,GCN2-IN-7,1821,train_pool
batch_1,13424,CPD_771491795323,GCN2-IN-7,1822,train_pool
batch_1,13469,CPD_771491795323,GCN2-IN-7,1823,train_pool
batch_1,14010,CPD_771491795323,GCN2-IN-7,1824,train_pool
batch_1,14189,CPD_771491795323,GCN2-IN-7,1825,test
batch_1,14197,CPD_771491795323,GCN2-IN-7,1826,test
batch_1,14272,CPD_771491795323,GCN2-IN-7,1827,train_pool
batch_1,14456,CPD_771491795323,GCN2-IN-7,1828,train_pool
batch_1,14490,CPD_771491795323,GCN2-IN-7,1829,train_pool
batch_1,15122,CPD_771491795323,GCN2-IN-7,1830,train_pool
batch_1,15478,CPD_771491795323,GCN2-IN-7,1831,test
batch_1,15736,CPD_771491795323,GCN2-IN-7,1832,test
batch_1,15782,CPD_771491795323,GCN2-IN-7,1833,train_pool
batch_1,15821,CPD_771491795323,GCN2-IN-7,1834,train_pool
batch_1,16049,CPD_771491795323,GCN2-IN-7,1835,train_pool
batch_1,16222,CPD_771491795323,GCN2-IN-7,1836,train_pool
batch_1,16226,CPD_771491795323,GCN2-IN-7,1837,test
batch_1,16460,CPD_771491795323,GCN2-IN-7,1838,train_pool
batch_1,16772,CPD_771491795323,GCN2-IN-7,1839,test
batch_1,17024,CPD_771491795323,GCN2-IN-7,1840,test
batch_1,17065,CPD_771491795323,GCN2-IN-7,1841,train_pool
batch_1,17873,CPD_771491795323,GCN2-IN-7,1842,train_pool
batch_1,18295,CPD_771491795323,GCN2-IN-7,1843,test
batch_1,18446,CPD_771491795323,GCN2-IN-7,1844,test
batch_1,18550,CPD_771491795323,GCN2-IN-7,1845,train_pool
batch_1,18713,CPD_771491795323,GCN2-IN-7,1846,train_pool
batch_1,18821,CPD_771491795323,GCN2-IN-7,1847,test
batch_1,18965,CPD_771491795323,GCN2-IN-7,1848,train_pool
batch_1,19049,CPD_771491795323,GCN2-IN-7,1849,train_pool
batch_1,19089,CPD_771491795323,GCN2-IN-7,1850,train_pool
batch_1,19310,CPD_771491795323,GCN2-IN-7,1851,train_pool
batch_1,19357,CPD_771491795323,GCN2-IN-7,1852,train_pool
batch_1,19366,CPD_771491795323,GCN2-IN-7,1853,train_pool
batch_1,19402,CPD_771491795323,GCN2-IN-7,1854,train_pool
batch_1,19874,CPD_771491795323,GCN2-IN-7,1855,train_pool
batch_1,19972,CPD_771491795323,GCN2-IN-7,1856,train_pool
batch_1,20294,CPD_771491795323,GCN2-IN-7,1857,train_pool
batch_1,20307,CPD_771491795323,GCN2-IN-7,1858,train_pool
batch_1,20315,CPD_771491795323,GCN2-IN-7,1859,test
batch_1,20323,CPD_771491795323,GCN2-IN-7,1860,train_pool
batch_1,20360,CPD_771491795323,GCN2-IN-7,1861,train_pool
batch_1,20578,CPD_771491795323,GCN2-IN-7,1862,train_pool
batch_1,20685,CPD_771491795323,GCN2-IN-7,1863,train_pool
batch_1,20743,CPD_771491795323,GCN2-IN-7,1864,train_pool
batch_1,20854,CPD_771491795323,GCN2-IN-7,1865,train_pool
batch_1,20870,CPD_771491795323,GCN2-IN-7,1866,train_pool
batch_1,21179,CPD_771491795323,GCN2-IN-7,1867,train_pool
batch_1,21505,CPD_771491795323,GCN2-IN-7,1868,train_pool
batch_1,21909,CPD_771491795323,GCN2-IN-7,1869,train_pool
batch_1,21938,CPD_771491795323,GCN2-IN-7,1870,train_pool
batch_1,21968,CPD_771491795323,GCN2-IN-7,1871,train_pool
batch_1,21985,CPD_771491795323,GCN2-IN-7,1872,train_pool
batch_1,22571,CPD_771491795323,GCN2-IN-7,1873,test
batch_1,22763,CPD_771491795323,GCN2-IN-7,1874,train_pool
batch_1,22827,CPD_771491795323,GCN2-IN-7,1875,test
batch_1,23542,CPD_771491795323,GCN2-IN-7,1876,train_pool
batch_1,23614,CPD_771491795323,GCN2-IN-7,1877,train_pool
batch_1,23639,CPD_771491795323,GCN2-IN-7,1878,train_pool
batch_1,24010,CPD_771491795323,GCN2-IN-7,1879,test
batch_1,24206,CPD_771491795323,GCN2-IN-7,1880,train_pool
batch_1,24282,CPD_771491795323,GCN2-IN-7,1881,train_pool
batch_1,24565,CPD_771491795323,GCN2-IN-7,1882,test
batch_1,24771,CPD_771491795323,GCN2-IN-7,1883,train_pool
batch_1,25092,CPD_771491795323,GCN2-IN-7,1884,train_pool
batch_1,25142,CPD_771491795323,GCN2-IN-7,1885,train_pool
batch_1,25283,CPD_771491795323,GCN2-IN-7,1886,train_pool
batch_1,25339,CPD_771491795323,GCN2-IN-7,1887,test
batch_1,25484,CPD_771491795323,GCN2-IN-7,1888,test
batch_1,25495,CPD_771491795323,GCN2-IN-7,1889,train_pool
batch_1,25600,CPD_771491795323,GCN2-IN-7,1890,train_pool
batch_1,25749,CPD_771491795323,GCN2-IN-7,1891,train_pool
batch_1,25929,CPD_771491795323,GCN2-IN-7,1892,train_pool
batch_1,25942,CPD_771491795323,GCN2-IN-7,1893,train_pool
batch_1,26083,CPD_771491795323,GCN2-IN-7,1894,test
batch_1,26111,CPD_771491795323,GCN2-IN-7,1895,train_pool
batch_1,26198,CPD_771491795323,GCN2-IN-7,1896,test
batch_1,26242,CPD_771491795323,GCN2-IN-7,1897,test
batch_1,26253,CPD_771491795323,GCN2-IN-7,1898,train_pool
batch_1,26354,CPD_771491795323,GCN2-IN-7,1899,train_pool
batch_1,26418,CPD_771491795323,GCN2-IN-7,1900,train_pool
batch_1,26560,CPD_771491795323,GCN2-IN-7,1901,train_pool
batch_1,26727,CPD_771491795323,GCN2-IN-7,1902,train_pool
batch_1,27072,CPD_771491795323,GCN2-IN-7,1903,train_pool
batch_1,27291,CPD_771491795323,GCN2-IN-7,1904,train_pool
batch_1,27614,CPD_771491795323,GCN2-IN-7,1905,train_pool
batch_1,27747,CPD_771491795323,GCN2-IN-7,1906,train_pool
batch_1,28384,CPD_771491795323,GCN2-IN-7,1907,test
batch_1,28440,CPD_771491795323,GCN2-IN-7,1908,train_pool
batch_1,28550,CPD_771491795323,GCN2-IN-7,1909,train_pool
batch_1,28661,CPD_771491795323,GCN2-IN-7,1910,train_pool
batch_1,28748,CPD_771491795323,GCN2-IN-7,1911,train_pool
batch_1,28796,CPD_771491795323,GCN2-IN-7,1912,train_pool
batch_1,29143,CPD_771491795323,GCN2-IN-7,1913,train_pool
batch_1,29157,CPD_771491795323,GCN2-IN-7,1914,train_pool
batch_1,29172,CPD_771491795323,GCN2-IN-7,1915,train_pool
batch_1,29324,CPD_771491795323,GCN2-IN-7,1916,train_pool
batch_1,29383,CPD_771491795323,GCN2-IN-7,1917,train_pool
batch_1,29428,CPD_771491795323,GCN2-IN-7,1918,train_pool
batch_1,29786,CPD_771491795323,GCN2-IN-7,1919,train_pool
batch_1,29805,CPD_771491795323,GCN2-IN-7,1920,train_pool
batch_1,30078,CPD_771491795323,GCN2-IN-7,1921,train_pool
batch_1,30118,CPD_771491795323,GCN2-IN-7,1922,train_pool
batch_1,30274,CPD_771491795323,GCN2-IN-7,1923,train_pool
batch_1,30314,CPD_771491795323,GCN2-IN-7,1924,train_pool
batch_1,30475,CPD_771491795323,GCN2-IN-7,1925,train_pool
batch_1,30643,CPD_771491795323,GCN2-IN-7,1926,train_pool
batch_1,30814,CPD_771491795323,GCN2-IN-7,1927,test
batch_1,30957,CPD_771491795323,GCN2-IN-7,1928,train_pool
batch_1,31123,CPD_771491795323,GCN2-IN-7,1929,train_pool
batch_1,31205,CPD_771491795323,GCN2-IN-7,1930,train_pool
batch_1,31382,CPD_771491795323,GCN2-IN-7,1931,train_pool
batch_1,31660,CPD_771491795323,GCN2-IN-7,1932,train_pool
batch_1,31787,CPD_771491795323,GCN2-IN-7,1933,train_pool
batch_1,31861,CPD_771491795323,GCN2-IN-7,1934,test
batch_1,32000,CPD_771491795323,GCN2-IN-7,1935,train_pool
batch_1,32863,CPD_771491795323,GCN2-IN-7,1936,test
batch_1,32939,CPD_771491795323,GCN2-IN-7,1937,train_pool
batch_1,32979,CPD_771491795323,GCN2-IN-7,1938,test
batch_1,33232,CPD_771491795323,GCN2-IN-7,1939,test
batch_1,33246,CPD_771491795323,GCN2-IN-7,1940,train_pool
batch_1,33254,CPD_771491795323,GCN2-IN-7,1941,train_pool
batch_1,33295,CPD_771491795323,GCN2-IN-7,1942,train_pool
batch_1,33449,CPD_771491795323,GCN2-IN-7,1943,train_pool
batch_1,33521,CPD_771491795323,GCN2-IN-7,1944,train_pool
batch_1,33736,CPD_771491795323,GCN2-IN-7,1945,train_pool
batch_1,33750,CPD_771491795323,GCN2-IN-7,1946,train_pool
batch_1,34044,CPD_771491795323,GCN2-IN-7,1947,train_pool
batch_1,34056,CPD_771491795323,GCN2-IN-7,1948,train_pool
batch_1,34076,CPD_771491795323,GCN2-IN-7,1949,test
batch_1,34206,CPD_771491795323,GCN2-IN-7,1950,train_pool
batch_1,34207,CPD_771491795323,GCN2-IN-7,1951,train_pool
batch_1,34284,CPD_771491795323,GCN2-IN-7,1952,train_pool
batch_1,35269,CPD_771491795323,GCN2-IN-7,1953,train_pool
batch_1,35272,CPD_771491795323,GCN2-IN-7,1954,train_pool
batch_1,35599,CPD_771491795323,GCN2-IN-7,1955,train_pool
batch_1,36043,CPD_771491795323,GCN2-IN-7,1956,train_pool
batch_1,36048,CPD_771491795323,GCN2-IN-7,1957,train_pool
batch_1,36171,CPD_771491795323,GCN2-IN-7,1958,test
batch_1,36275,CPD_771491795323,GCN2-IN-7,1959,train_pool
batch_1,36292,CPD_771491795323,GCN2-IN-7,1960,train_pool
batch_1,36733,CPD_771491795323,GCN2-IN-7,1961,train_pool
batch_1,36871,CPD_771491795323,GCN2-IN-7,1962,test
batch_1,37135,CPD_771491795323,GCN2-IN-7,1963,test
batch_1,37792,CPD_771491795323,GCN2-IN-7,1964,train_pool
batch_1,37832,CPD_771491795323,GCN2-IN-7,1965,train_pool
batch_1,37977,CPD_771491795323,GCN2-IN-7,1966,test
batch_1,38299,CPD_771491795323,GCN2-IN-7,1967,train_pool
batch_1,38333,CPD_771491795323,GCN2-IN-7,1968,train_pool
batch_1,38597,CPD_771491795323,GCN2-IN-7,1969,train_pool
batch_1,38736,CPD_771491795323,GCN2-IN-7,1970,train_pool
batch_1,38979,CPD_771491795323,GCN2-IN-7,1971,train_pool
batch_1,39402,CPD_771491795323,GCN2-IN-7,1972,test
batch_1,39580,CPD_771491795323,GCN2-IN-7,1973,train_pool
batch_1,40065,CPD_771491795323,GCN2-IN-7,1974,train_pool
batch_1,40581,CPD_771491795323,GCN2-IN-7,1975,train_pool
batch_1,40693,CPD_771491795323,GCN2-IN-7,1976,train_pool
batch_1,41879,CPD_771491795323,GCN2-IN-7,1977,test
batch_1,42537,CPD_771491795323,GCN2-IN-7,1978,train_pool
batch_1,43212,CPD_771491795323,GCN2-IN-7,1979,train_pool
batch_1,43300,CPD_771491795323,GCN2-IN-7,1980,test
batch_1,43598,CPD_771491795323,GCN2-IN-7,1981,test
batch_1,43619,CPD_771491795323,GCN2-IN-7,1982,train_pool
batch_1,43680,CPD_771491795323,GCN2-IN-7,1983,train_pool
batch_1,43813,CPD_771491795323,GCN2-IN-7,1984,train_pool
batch_1,43823,CPD_771491795323,GCN2-IN-7,1985,train_pool
batch_1,43981,CPD_771491795323,GCN2-IN-7,1986,test
batch_1,44107,CPD_771491795323,GCN2-IN-7,1987,train_pool
batch_1,44409,CPD_771491795323,GCN2-IN-7,1988,train_pool
batch_1,47469,CPD_771491795323,GCN2-IN-7,1989,train_pool
batch_1,47695,CPD_771491795323,GCN2-IN-7,1990,train_pool
batch_1,723,CPD_849358895118,GSK126,1991,train_pool
batch_1,1496,CPD_849358895118,GSK126,1992,test
batch_1,1602,CPD_849358895118,GSK126,1993,train_pool
batch_1,2274,CPD_849358895118,GSK126,1994,train_pool
batch_1,2598,CPD_849358895118,GSK126,1995,train_pool
batch_1,3345,CPD_849358895118,GSK126,1996,train_pool
batch_1,3432,CPD_849358895118,GSK126,1997,test
batch_1,4063,CPD_849358895118,GSK126,1998,train_pool
batch_1,5186,CPD_849358895118,GSK126,1999,train_pool
batch_1,5460,CPD_849358895118,GSK126,2000,train_pool
batch_1,5693,CPD_849358895118,GSK126,2001,test
batch_1,6704,CPD_849358895118,GSK126,2002,train_pool
batch_1,6784,CPD_849358895118,GSK126,2003,train_pool
batch_1,6791,CPD_849358895118,GSK126,2004,train_pool
batch_1,6833,CPD_849358895118,GSK126,2005,train_pool
batch_1,6908,CPD_849358895118,GSK126,2006,test
batch_1,7362,CPD_849358895118,GSK126,2007,train_pool
batch_1,7595,CPD_849358895118,GSK126,2008,train_pool
batch_1,7697,CPD_849358895118,GSK126,2009,train_pool
batch_1,7764,CPD_849358895118,GSK126,2010,test
batch_1,8321,CPD_849358895118,GSK126,2011,train_pool
batch_1,8389,CPD_849358895118,GSK126,2012,train_pool
batch_1,8489,CPD_849358895118,GSK126,2013,test
batch_1,8537,CPD_849358895118,GSK126,2014,train_pool
batch_1,8788,CPD_849358895118,GSK126,2015,test
batch_1,8879,CPD_849358895118,GSK126,2016,test
batch_1,8933,CPD_849358895118,GSK126,2017,train_pool
batch_1,9008,CPD_849358895118,GSK126,2018,train_pool
batch_1,9404,CPD_849358895118,GSK126,2019,train_pool
batch_1,9498,CPD_849358895118,GSK126,2020,train_pool
batch_1,9739,CPD_849358895118,GSK126,2021,test
batch_1,9829,CPD_849358895118,GSK126,2022,train_pool
batch_1,10103,CPD_849358895118,GSK126,2023,test
batch_1,10524,CPD_849358895118,GSK126,2024,train_pool
batch_1,10770,CPD_849358895118,GSK126,2025,test
batch_1,10976,CPD_849358895118,GSK126,2026,test
batch_1,11023,CPD_849358895118,GSK126,2027,test
batch_1,11341,CPD_849358895118,GSK126,2028,train_pool
batch_1,11512,CPD_849358895118,GSK126,2029,train_pool
batch_1,11686,CPD_849358895118,GSK126,2030,train_pool
batch_1,11821,CPD_849358895118,GSK126,2031,train_pool
batch_1,11983,CPD_849358895118,GSK126,2032,train_pool
batch_1,12211,CPD_849358895118,GSK126,2033,train_pool
batch_1,12231,CPD_849358895118,GSK126,2034,train_pool
batch_1,12259,CPD_849358895118,GSK126,2035,train_pool
batch_1,12294,CPD_849358895118,GSK126,2036,train_pool
batch_1,12798,CPD_849358895118,GSK126,2037,train_pool
batch_1,12880,CPD_849358895118,GSK126,2038,train_pool
batch_1,13211,CPD_849358895118,GSK126,2039,test
batch_1,13212,CPD_849358895118,GSK126,2040,train_pool
batch_1,13261,CPD_849358895118,GSK126,2041,train_pool
batch_1,13583,CPD_849358895118,GSK126,2042,train_pool
batch_1,13861,CPD_849358895118,GSK126,2043,train_pool
batch_1,14128,CPD_849358895118,GSK126,2044,train_pool
batch_1,14151,CPD_849358895118,GSK126,2045,train_pool
batch_1,14221,CPD_849358895118,GSK126,2046,train_pool
batch_1,14361,CPD_849358895118,GSK126,2047,train_pool
batch_1,14584,CPD_849358895118,GSK126,2048,train_pool
batch_1,14822,CPD_849358895118,GSK126,2049,train_pool
batch_1,15650,CPD_849358895118,GSK126,2050,train_pool
batch_1,15739,CPD_849358895118,GSK126,2051,train_pool
batch_1,16155,CPD_849358895118,GSK126,2052,train_pool
batch_1,16174,CPD_849358895118,GSK126,2053,train_pool
batch_1,16452,CPD_849358895118,GSK126,2054,test
batch_1,16489,CPD_849358895118,GSK126,2055,test
batch_1,16566,CPD_849358895118,GSK126,2056,train_pool
batch_1,16581,CPD_849358895118,GSK126,2057,train_pool
batch_1,16629,CPD_849358895118,GSK126,2058,train_pool
batch_1,16643,CPD_849358895118,GSK126,2059,train_pool
batch_1,16882,CPD_849358895118,GSK126,2060,train_pool
batch_1,17320,CPD_849358895118,GSK126,2061,train_pool
batch_1,17391,CPD_849358895118,GSK126,2062,train_pool
batch_1,18025,CPD_849358895118,GSK126,2063,train_pool
batch_1,18204,CPD_849358895118,GSK126,2064,train_pool
batch_1,18282,CPD_849358895118,GSK126,2065,test
batch_1,18351,CPD_849358895118,GSK126,2066,train_pool
batch_1,18396,CPD_849358895118,GSK126,2067,train_pool
batch_1,18467,CPD_849358895118,GSK126,2068,train_pool
batch_1,18543,CPD_849358895118,GSK126,2069,train_pool
batch_1,18581,CPD_849358895118,GSK126,2070,train_pool
batch_1,18765,CPD_849358895118,GSK126,2071,test
batch_1,18783,CPD_849358895118,GSK126,2072,train_pool
batch_1,19248,CPD_849358895118,GSK126,2073,train_pool
batch_1,19272,CPD_849358895118,GSK126,2074,train_pool
batch_1,19286,CPD_849358895118,GSK126,2075,train_pool
batch_1,19364,CPD_849358895118,GSK126,2076,train_pool
batch_1,19372,CPD_849358895118,GSK126,2077,train_pool
batch_1,19547,CPD_849358895118,GSK126,2078,train_pool
batch_1,19552,CPD_849358895118,GSK126,2079,train_pool
batch_1,19646,CPD_849358895118,GSK126,2080,train_pool
batch_1,19866,CPD_849358895118,GSK126,2081,train_pool
batch_1,20361,CPD_849358895118,GSK126,2082,test
batch_1,20435,CPD_849358895118,GSK126,2083,train_pool
batch_1,20470,CPD_849358895118,GSK126,2084,test
batch_1,20544,CPD_849358895118,GSK126,2085,train_pool
batch_1,20710,CPD_849358895118,GSK126,2086,test
batch_1,20806,CPD_849358895118,GSK126,2087,train_pool
batch_1,20892,CPD_849358895118,GSK126,2088,test
batch_1,21024,CPD_849358895118,GSK126,2089,train_pool
batch_1,21253,CPD_849358895118,GSK126,2090,train_pool
batch_1,21473,CPD_849358895118,GSK126,2091,train_pool
batch_1,21536,CPD_849358895118,GSK126,2092,test
batch_1,21885,CPD_849358895118,GSK126,2093,train_pool
batch_1,21889,CPD_849358895118,GSK126,2094,train_pool
batch_1,22102,CPD_849358895118,GSK126,2095,train_pool
batch_1,22514,CPD_849358895118,GSK126,2096,test
batch_1,22761,CPD_849358895118,GSK126,2097,train_pool
batch_1,22796,CPD_849358895118,GSK126,2098,train_pool
batch_1,22811,CPD_849358895118,GSK126,2099,train_pool
batch_1,22885,CPD_849358895118,GSK126,2100,train_pool
batch_1,22888,CPD_849358895118,GSK126,2101,train_pool
batch_1,22968,CPD_849358895118,GSK126,2102,train_pool
batch_1,23010,CPD_849358895118,GSK126,2103,train_pool
batch_1,23014,CPD_849358895118,GSK126,2104,train_pool
batch_1,23016,CPD_849358895118,GSK126,2105,train_pool
batch_1,23043,CPD_849358895118,GSK126,2106,train_pool
batch_1,23147,CPD_849358895118,GSK126,2107,test
batch_1,23296,CPD_849358895118,GSK126,2108,train_pool
batch_1,23328,CPD_849358895118,GSK126,2109,train_pool
batch_1,23600,CPD_849358895118,GSK126,2110,train_pool
batch_1,23636,CPD_849358895118,GSK126,2111,train_pool
batch_1,23783,CPD_849358895118,GSK126,2112,test
batch_1,23807,CPD_849358895118,GSK126,2113,train_pool
batch_1,24546,CPD_849358895118,GSK126,2114,test
batch_1,25081,CPD_849358895118,GSK126,2115,train_pool
batch_1,25343,CPD_849358895118,GSK126,2116,train_pool
batch_1,25529,CPD_849358895118,GSK126,2117,test
batch_1,25787,CPD_849358895118,GSK126,2118,train_pool
batch_1,26026,CPD_849358895118,GSK126,2119,train_pool
batch_1,26122,CPD_849358895118,GSK126,2120,test
batch_1,26254,CPD_849358895118,GSK126,2121,train_pool
batch_1,26300,CPD_849358895118,GSK126,2122,train_pool
batch_1,26366,CPD_849358895118,GSK126,2123,train_pool
batch_1,26464,CPD_849358895118,GSK126,2124,train_pool
batch_1,26505,CPD_849358895118,GSK126,2125,train_pool
batch_1,26546,CPD_849358895118,GSK126,2126,train_pool
batch_1,26736,CPD_849358895118,GSK126,2127,train_pool
batch_1,26836,CPD_849358895118,GSK126,2128,train_pool
batch_1,26939,CPD_849358895118,GSK126,2129,train_pool
batch_1,28050,CPD_849358895118,GSK126,2130,train_pool
batch_1,28324,CPD_849358895118,GSK126,2131,train_pool
batch_1,28575,CPD_849358895118,GSK126,2132,train_pool
batch_1,28591,CPD_849358895118,GSK126,2133,test
batch_1,28683,CPD_849358895118,GSK126,2134,train_pool
batch_1,28974,CPD_849358895118,GSK126,2135,train_pool
batch_1,28981,CPD_849358895118,GSK126,2136,train_pool
batch_1,28990,CPD_849358895118,GSK126,2137,train_pool
batch_1,29137,CPD_849358895118,GSK126,2138,test
batch_1,29299,CPD_849358895118,GSK126,2139,train_pool
batch_1,29380,CPD_849358895118,GSK126,2140,train_pool
batch_1,29546,CPD_849358895118,GSK126,2141,train_pool
batch_1,29809,CPD_849358895118,GSK126,2142,train_pool
batch_1,29986,CPD_849358895118,GSK126,2143,train_pool
batch_1,30073,CPD_849358895118,GSK126,2144,train_pool
batch_1,30100,CPD_849358895118,GSK126,2145,train_pool
batch_1,30178,CPD_849358895118,GSK126,2146,test
batch_1,30225,CPD_849358895118,GSK126,2147,train_pool
batch_1,30293,CPD_849358895118,GSK126,2148,train_pool
batch_1,31104,CPD_849358895118,GSK126,2149,train_pool
batch_1,31139,CPD_849358895118,GSK126,2150,train_pool
batch_1,31253,CPD_849358895118,GSK126,2151,train_pool
batch_1,31367,CPD_849358895118,GSK126,2152,train_pool
batch_1,31401,CPD_849358895118,GSK126,2153,train_pool
batch_1,31652,CPD_849358895118,GSK126,2154,train_pool
batch_1,31757,CPD_849358895118,GSK126,2155,train_pool
batch_1,31782,CPD_849358895118,GSK126,2156,train_pool
batch_1,32277,CPD_849358895118,GSK126,2157,train_pool
batch_1,32376,CPD_849358895118,GSK126,2158,train_pool
batch_1,32901,CPD_849358895118,GSK126,2159,train_pool
batch_1,33119,CPD_849358895118,GSK126,2160,test
batch_1,33263,CPD_849358895118,GSK126,2161,train_pool
batch_1,33358,CPD_849358895118,GSK126,2162,train_pool
batch_1,33423,CPD_849358895118,GSK126,2163,test
batch_1,33745,CPD_849358895118,GSK126,2164,train_pool
batch_1,33923,CPD_849358895118,GSK126,2165,train_pool
batch_1,34169,CPD_849358895118,GSK126,2166,test
batch_1,34170,CPD_849358895118,GSK126,2167,train_pool
batch_1,34327,CPD_849358895118,GSK126,2168,train_pool
batch_1,34767,CPD_849358895118,GSK126,2169,train_pool
batch_1,34880,CPD_849358895118,GSK126,2170,train_pool
batch_1,35077,CPD_849358895118,GSK126,2171,train_pool
batch_1,35237,CPD_849358895118,GSK126,2172,train_pool
batch_1,35325,CPD_849358895118,GSK126,2173,train_pool
batch_1,35768,CPD_849358895118,GSK126,2174,train_pool
batch_1,35983,CPD_849358895118,GSK126,2175,train_pool
batch_1,36056,CPD_849358895118,GSK126,2176,train_pool
batch_1,36173,CPD_849358895118,GSK126,2177,test
batch_1,36317,CPD_849358895118,GSK126,2178,train_pool
batch_1,36687,CPD_849358895118,GSK126,2179,train_pool
batch_1,36960,CPD_849358895118,GSK126,2180,train_pool
batch_1,37398,CPD_849358895118,GSK126,2181,train_pool
batch_1,37852,CPD_849358895118,GSK126,2182,train_pool
batch_1,38470,CPD_849358895118,GSK126,2183,train_pool
batch_1,38687,CPD_849358895118,GSK126,2184,train_pool
batch_1,38774,CPD_849358895118,GSK126,2185,test
batch_1,38859,CPD_849358895118,GSK126,2186,train_pool
batch_1,39265,CPD_849358895118,GSK126,2187,train_pool
batch_1,39290,CPD_849358895118,GSK126,2188,train_pool
batch_1,39399,CPD_849358895118,GSK126,2189,train_pool
batch_1,39548,CPD_849358895118,GSK126,2190,test
batch_1,39584,CPD_849358895118,GSK126,2191,train_pool
batch_1,40530,CPD_849358895118,GSK126,2192,train_pool
batch_1,41130,CPD_849358895118,GSK126,2193,train_pool
batch_1,41537,CPD_849358895118,GSK126,2194,test
batch_1,41610,CPD_849358895118,GSK126,2195,test
batch_1,41637,CPD_849358895118,GSK126,2196,train_pool
batch_1,42461,CPD_849358895118,GSK126,2197,train_pool
batch_1,42622,CPD_849358895118,GSK126,2198,train_pool
batch_1,42850,CPD_849358895118,GSK126,2199,train_pool
batch_1,42971,CPD_849358895118,GSK126,2200,train_pool
batch_1,43054,CPD_849358895118,GSK126,2201,train_pool
batch_1,43310,CPD_849358895118,GSK126,2202,test
batch_1,43317,CPD_849358895118,GSK126,2203,train_pool
batch_1,43329,CPD_849358895118,GSK126,2204,train_pool
batch_1,43706,CPD_849358895118,GSK126,2205,train_pool
batch_1,43932,CPD_849358895118,GSK126,2206,train_pool
batch_1,44458,CPD_849358895118,GSK126,2207,test
batch_1,44826,CPD_849358895118,GSK126,2208,train_pool
batch_1,45076,CPD_849358895118,GSK126,2209,train_pool
batch_1,45198,CPD_849358895118,GSK126,2210,train_pool
batch_1,45380,CPD_849358895118,GSK126,2211,train_pool
batch_1,45577,CPD_849358895118,GSK126,2212,train_pool
batch_1,45860,CPD_849358895118,GSK126,2213,test
batch_1,45991,CPD_849358895118,GSK126,2214,test
batch_1,46429,CPD_849358895118,GSK126,2215,train_pool
batch_1,47055,CPD_849358895118,GSK126,2216,train_pool
batch_1,47294,CPD_849358895118,GSK126,2217,train_pool
batch_1,47299,CPD_849358895118,GSK126,2218,train_pool
batch_1,47531,CPD_849358895118,GSK126,2219,test
batch_1,48997,CPD_849358895118,GSK126,2220,test
batch_1,3713,CPD_014302469794,HTH-01-015,2221,train_pool
batch_1,3806,CPD_014302469794,HTH-01-015,2222,test
batch_1,4158,CPD_014302469794,HTH-01-015,2223,train_pool
batch_1,4615,CPD_014302469794,HTH-01-015,2224,train_pool
batch_1,4735,CPD_014302469794,HTH-01-015,2225,train_pool
batch_1,4802,CPD_014302469794,HTH-01-015,2226,train_pool
batch_1,5802,CPD_014302469794,HTH-01-015,2227,train_pool
batch_1,6054,CPD_014302469794,HTH-01-015,2228,test
batch_1,6077,CPD_014302469794,HTH-01-015,2229,train_pool
batch_1,6429,CPD_014302469794,HTH-01-015,2230,train_pool
batch_1,6607,CPD_014302469794,HTH-01-015,2231,train_pool
batch_1,6701,CPD_014302469794,HTH-01-015,2232,train_pool
batch_1,6732,CPD_014302469794,HTH-01-015,2233,train_pool
batch_1,6780,CPD_014302469794,HTH-01-015,2234,train_pool
batch_1,7561,CPD_014302469794,HTH-01-015,2235,train_pool
batch_1,7841,CPD_014302469794,HTH-01-015,2236,test
batch_1,7950,CPD_014302469794,HTH-01-015,2237,train_pool
batch_1,8303,CPD_014302469794,HTH-01-015,2238,train_pool
batch_1,8307,CPD_014302469794,HTH-01-015,2239,train_pool
batch_1,8415,CPD_014302469794,HTH-01-015,2240,train_pool
batch_1,8521,CPD_014302469794,HTH-01-015,2241,train_pool
batch_1,8591,CPD_014302469794,HTH-01-015,2242,train_pool
batch_1,9245,CPD_014302469794,HTH-01-015,2243,train_pool
batch_1,9463,CPD_014302469794,HTH-01-015,2244,test
batch_1,10696,CPD_014302469794,HTH-01-015,2245,train_pool
batch_1,10902,CPD_014302469794,HTH-01-015,2246,train_pool
batch_1,11000,CPD_014302469794,HTH-01-015,2247,train_pool
batch_1,11262,CPD_014302469794,HTH-01-015,2248,test
batch_1,11310,CPD_014302469794,HTH-01-015,2249,train_pool
batch_1,11350,CPD_014302469794,HTH-01-015,2250,test
batch_1,11400,CPD_014302469794,HTH-01-015,2251,test
batch_1,11668,CPD_014302469794,HTH-01-015,2252,train_pool
batch_1,11677,CPD_014302469794,HTH-01-015,2253,test
batch_1,11691,CPD_014302469794,HTH-01-015,2254,train_pool
batch_1,11754,CPD_014302469794,HTH-01-015,2255,train_pool
batch_1,11807,CPD_014302469794,HTH-01-015,2256,train_pool
batch_1,11870,CPD_014302469794,HTH-01-015,2257,train_pool
batch_1,11949,CPD_014302469794,HTH-01-015,2258,test
batch_1,12142,CPD_014302469794,HTH-01-015,2259,train_pool
batch_1,12249,CPD_014302469794,HTH-01-015,2260,train_pool
batch_1,12687,CPD_014302469794,HTH-01-015,2261,train_pool
batch_1,12707,CPD_014302469794,HTH-01-015,2262,train_pool
batch_1,12720,CPD_014302469794,HTH-01-015,2263,train_pool
batch_1,12973,CPD_014302469794,HTH-01-015,2264,train_pool
batch_1,13006,CPD_014302469794,HTH-01-015,2265,train_pool
batch_1,13037,CPD_014302469794,HTH-01-015,2266,test
batch_1,13181,CPD_014302469794,HTH-01-015,2267,train_pool
batch_1,13595,CPD_014302469794,HTH-01-015,2268,test
batch_1,13865,CPD_014302469794,HTH-01-015,2269,train_pool
batch_1,13985,CPD_014302469794,HTH-01-015,2270,test
batch_1,14446,CPD_014302469794,HTH-01-015,2271,train_pool
batch_1,14722,CPD_014302469794,HTH-01-015,2272,train_pool
batch_1,15355,CPD_014302469794,HTH-01-015,2273,test
batch_1,15377,CPD_014302469794,HTH-01-015,2274,train_pool
batch_1,15580,CPD_014302469794,HTH-01-015,2275,train_pool
batch_1,15706,CPD_014302469794,HTH-01-015,2276,train_pool
batch_1,15845,CPD_014302469794,HTH-01-015,2277,train_pool
batch_1,16094,CPD_014302469794,HTH-01-015,2278,train_pool
batch_1,16176,CPD_014302469794,HTH-01-015,2279,train_pool
batch_1,16485,CPD_014302469794,HTH-01-015,2280,train_pool
batch_1,16495,CPD_014302469794,HTH-01-015,2281,train_pool
batch_1,16517,CPD_014302469794,HTH-01-015,2282,train_pool
batch_1,16541,CPD_014302469794,HTH-01-015,2283,test
batch_1,16694,CPD_014302469794,HTH-01-015,2284,train_pool
batch_1,16833,CPD_014302469794,HTH-01-015,2285,train_pool
batch_1,16905,CPD_014302469794,HTH-01-015,2286,train_pool
batch_1,17195,CPD_014302469794,HTH-01-015,2287,test
batch_1,17358,CPD_014302469794,HTH-01-015,2288,train_pool
batch_1,17384,CPD_014302469794,HTH-01-015,2289,train_pool
batch_1,17407,CPD_014302469794,HTH-01-015,2290,train_pool
batch_1,17791,CPD_014302469794,HTH-01-015,2291,train_pool
batch_1,17975,CPD_014302469794,HTH-01-015,2292,train_pool
batch_1,18323,CPD_014302469794,HTH-01-015,2293,train_pool
batch_1,18349,CPD_014302469794,HTH-01-015,2294,train_pool
batch_1,18688,CPD_014302469794,HTH-01-015,2295,train_pool
batch_1,19072,CPD_014302469794,HTH-01-015,2296,train_pool
batch_1,19132,CPD_014302469794,HTH-01-015,2297,train_pool
batch_1,19146,CPD_014302469794,HTH-01-015,2298,train_pool
batch_1,19222,CPD_014302469794,HTH-01-015,2299,train_pool
batch_1,19852,CPD_014302469794,HTH-01-015,2300,train_pool
batch_1,19872,CPD_014302469794,HTH-01-015,2301,train_pool
batch_1,19974,CPD_014302469794,HTH-01-015,2302,train_pool
batch_1,20074,CPD_014302469794,HTH-01-015,2303,test
batch_1,20467,CPD_014302469794,HTH-01-015,2304,train_pool
batch_1,20637,CPD_014302469794,HTH-01-015,2305,test
batch_1,20712,CPD_014302469794,HTH-01-015,2306,train_pool
batch_1,20739,CPD_014302469794,HTH-01-015,2307,train_pool
batch_1,20766,CPD_014302469794,HTH-01-015,2308,train_pool
batch_1,20775,CPD_014302469794,HTH-01-015,2309,train_pool
batch_1,21011,CPD_014302469794,HTH-01-015,2310,test
batch_1,21030,CPD_014302469794,HTH-01-015,2311,train_pool
batch_1,21167,CPD_014302469794,HTH-01-015,2312,test
batch_1,21520,CPD_014302469794,HTH-01-015,2313,train_pool
batch_1,21523,CPD_014302469794,HTH-01-015,2314,train_pool
batch_1,21543,CPD_014302469794,HTH-01-015,2315,train_pool
batch_1,21662,CPD_014302469794,HTH-01-015,2316,train_pool
batch_1,21673,CPD_014302469794,HTH-01-015,2317,train_pool
batch_1,21942,CPD_014302469794,HTH-01-015,2318,train_pool
batch_1,22311,CPD_014302469794,HTH-01-015,2319,train_pool
batch_1,22436,CPD_014302469794,HTH-01-015,2320,train_pool
batch_1,22669,CPD_014302469794,HTH-01-015,2321,train_pool
batch_1,22720,CPD_014302469794,HTH-01-015,2322,test
batch_1,22767,CPD_014302469794,HTH-01-015,2323,train_pool
batch_1,22783,CPD_014302469794,HTH-01-015,2324,train_pool
batch_1,22833,CPD_014302469794,HTH-01-015,2325,train_pool
batch_1,22840,CPD_014302469794,HTH-01-015,2326,train_pool
batch_1,22876,CPD_014302469794,HTH-01-015,2327,train_pool
batch_1,22912,CPD_014302469794,HTH-01-015,2328,train_pool
batch_1,23009,CPD_014302469794,HTH-01-015,2329,test
batch_1,23167,CPD_014302469794,HTH-01-015,2330,train_pool
batch_1,23207,CPD_014302469794,HTH-01-015,2331,train_pool
batch_1,23238,CPD_014302469794,HTH-01-015,2332,test
batch_1,23532,CPD_014302469794,HTH-01-015,2333,train_pool
batch_1,23533,CPD_014302469794,HTH-01-015,2334,train_pool
batch_1,23545,CPD_014302469794,HTH-01-015,2335,train_pool
batch_1,23574,CPD_014302469794,HTH-01-015,2336,train_pool
batch_1,23642,CPD_014302469794,HTH-01-015,2337,train_pool
batch_1,23822,CPD_014302469794,HTH-01-015,2338,train_pool
batch_1,23860,CPD_014302469794,HTH-01-015,2339,train_pool
batch_1,23969,CPD_014302469794,HTH-01-015,2340,train_pool
batch_1,24003,CPD_014302469794,HTH-01-015,2341,test
batch_1,24053,CPD_014302469794,HTH-01-015,2342,train_pool
batch_1,24069,CPD_014302469794,HTH-01-015,2343,train_pool
batch_1,24275,CPD_014302469794,HTH-01-015,2344,test
batch_1,24357,CPD_014302469794,HTH-01-015,2345,train_pool
batch_1,24702,CPD_014302469794,HTH-01-015,2346,test
batch_1,25144,CPD_014302469794,HTH-01-015,2347,train_pool
batch_1,25196,CPD_014302469794,HTH-01-015,2348,train_pool
batch_1,25673,CPD_014302469794,HTH-01-015,2349,train_pool
batch_1,25809,CPD_014302469794,HTH-01-015,2350,test
batch_1,25810,CPD_014302469794,HTH-01-015,2351,train_pool
batch_1,25827,CPD_014302469794,HTH-01-015,2352,train_pool
batch_1,25958,CPD_014302469794,HTH-01-015,2353,test
batch_1,26093,CPD_014302469794,HTH-01-015,2354,train_pool
batch_1,26446,CPD_014302469794,HTH-01-015,2355,train_pool
batch_1,26673,CPD_014302469794,HTH-01-015,2356,train_pool
batch_1,26969,CPD_014302469794,HTH-01-015,2357,test
batch_1,27051,CPD_014302469794,HTH-01-015,2358,test
batch_1,27108,CPD_014302469794,HTH-01-015,2359,train_pool
batch_1,27117,CPD_014302469794,HTH-01-015,2360,test
batch_1,27739,CPD_014302469794,HTH-01-015,2361,train_pool
batch_1,27759,CPD_014302469794,HTH-01-015,2362,train_pool
batch_1,28160,CPD_014302469794,HTH-01-015,2363,train_pool
batch_1,28191,CPD_014302469794,HTH-01-015,2364,train_pool
batch_1,28286,CPD_014302469794,HTH-01-015,2365,train_pool
batch_1,28339,CPD_014302469794,HTH-01-015,2366,train_pool
batch_1,28600,CPD_014302469794,HTH-01-015,2367,train_pool
batch_1,28664,CPD_014302469794,HTH-01-015,2368,train_pool
batch_1,28739,CPD_014302469794,HTH-01-015,2369,test
batch_1,28757,CPD_014302469794,HTH-01-015,2370,test
batch_1,28823,CPD_014302469794,HTH-01-015,2371,train_pool
batch_1,28868,CPD_014302469794,HTH-01-015,2372,train_pool
batch_1,28910,CPD_014302469794,HTH-01-015,2373,train_pool
batch_1,29077,CPD_014302469794,HTH-01-015,2374,train_pool
batch_1,29323,CPD_014302469794,HTH-01-015,2375,test
batch_1,29527,CPD_014302469794,HTH-01-015,2376,train_pool
batch_1,29539,CPD_014302469794,HTH-01-015,2377,train_pool
batch_1,29552,CPD_014302469794,HTH-01-015,2378,train_pool
batch_1,29633,CPD_014302469794,HTH-01-015,2379,train_pool
batch_1,29877,CPD_014302469794,HTH-01-015,2380,train_pool
batch_1,30154,CPD_014302469794,HTH-01-015,2381,train_pool
batch_1,30377,CPD_014302469794,HTH-01-015,2382,train_pool
batch_1,32165,CPD_014302469794,HTH-01-015,2383,train_pool
batch_1,32228,CPD_014302469794,HTH-01-015,2384,train_pool
batch_1,32251,CPD_014302469794,HTH-01-015,2385,test
batch_1,32273,CPD_014302469794,HTH-01-015,2386,test
batch_1,32586,CPD_014302469794,HTH-01-015,2387,train_pool
batch_1,32752,CPD_014302469794,HTH-01-015,2388,test
batch_1,32793,CPD_014302469794,HTH-01-015,2389,train_pool
batch_1,32997,CPD_014302469794,HTH-01-015,2390,train_pool
batch_1,33130,CPD_014302469794,HTH-01-015,2391,train_pool
batch_1,33161,CPD_014302469794,HTH-01-015,2392,train_pool
batch_1,33195,CPD_014302469794,HTH-01-015,2393,train_pool
batch_1,33200,CPD_014302469794,HTH-01-015,2394,train_pool
batch_1,33212,CPD_014302469794,HTH-01-015,2395,train_pool
batch_1,33275,CPD_014302469794,HTH-01-015,2396,train_pool
batch_1,33567,CPD_014302469794,HTH-01-015,2397,train_pool
batch_1,33614,CPD_014302469794,HTH-01-015,2398,train_pool
batch_1,33629,CPD_014302469794,HTH-01-015,2399,train_pool
batch_1,33774,CPD_014302469794,HTH-01-015,2400,train_pool
batch_1,33954,CPD_014302469794,HTH-01-015,2401,train_pool
batch_1,34329,CPD_014302469794,HTH-01-015,2402,train_pool
batch_1,34467,CPD_014302469794,HTH-01-015,2403,train_pool
batch_1,34504,CPD_014302469794,HTH-01-015,2404,train_pool
batch_1,34645,CPD_014302469794,HTH-01-015,2405,train_pool
batch_1,34904,CPD_014302469794,HTH-01-015,2406,test
batch_1,34980,CPD_014302469794,HTH-01-015,2407,train_pool
batch_1,35287,CPD_014302469794,HTH-01-015,2408,test
batch_1,35785,CPD_014302469794,HTH-01-015,2409,test
batch_1,35912,CPD_014302469794,HTH-01-015,2410,train_pool
batch_1,35924,CPD_014302469794,HTH-01-015,2411,train_pool
batch_1,36205,CPD_014302469794,HTH-01-015,2412,train_pool
batch_1,36248,CPD_014302469794,HTH-01-015,2413,train_pool
batch_1,36341,CPD_014302469794,HTH-01-015,2414,train_pool
batch_1,36526,CPD_014302469794,HTH-01-015,2415,train_pool
batch_1,36542,CPD_014302469794,HTH-01-015,2416,train_pool
batch_1,36682,CPD_014302469794,HTH-01-015,2417,train_pool
batch_1,36776,CPD_014302469794,HTH-01-015,2418,test
batch_1,37030,CPD_014302469794,HTH-01-015,2419,test
batch_1,37156,CPD_014302469794,HTH-01-015,2420,test
batch_1,37262,CPD_014302469794,HTH-01-015,2421,test
batch_1,37283,CPD_014302469794,HTH-01-015,2422,train_pool
batch_1,37316,CPD_014302469794,HTH-01-015,2423,train_pool
batch_1,37470,CPD_014302469794,HTH-01-015,2424,train_pool
batch_1,37481,CPD_014302469794,HTH-01-015,2425,train_pool
batch_1,37538,CPD_014302469794,HTH-01-015,2426,train_pool
batch_1,37722,CPD_014302469794,HTH-01-015,2427,train_pool
batch_1,37995,CPD_014302469794,HTH-01-015,2428,train_pool
batch_1,38270,CPD_014302469794,HTH-01-015,2429,train_pool
batch_1,38356,CPD_014302469794,HTH-01-015,2430,train_pool
batch_1,38376,CPD_014302469794,HTH-01-015,2431,train_pool
batch_1,38526,CPD_014302469794,HTH-01-015,2432,train_pool
batch_1,38600,CPD_014302469794,HTH-01-015,2433,train_pool
batch_1,38719,CPD_014302469794,HTH-01-015,2434,train_pool
batch_1,38746,CPD_014302469794,HTH-01-015,2435,train_pool
batch_1,38998,CPD_014302469794,HTH-01-015,2436,train_pool
batch_1,39259,CPD_014302469794,HTH-01-015,2437,train_pool
batch_1,39559,CPD_014302469794,HTH-01-015,2438,train_pool
batch_1,40172,CPD_014302469794,HTH-01-015,2439,train_pool
batch_1,40718,CPD_014302469794,HTH-01-015,2440,test
batch_1,41218,CPD_014302469794,HTH-01-015,2441,train_pool
batch_1,41328,CPD_014302469794,HTH-01-015,2442,train_pool
batch_1,41560,CPD_014302469794,HTH-01-015,2443,train_pool
batch_1,41576,CPD_014302469794,HTH-01-015,2444,train_pool
batch_1,41606,CPD_014302469794,HTH-01-015,2445,test
batch_1,41911,CPD_014302469794,HTH-01-015,2446,train_pool
batch_1,41912,CPD_014302469794,HTH-01-015,2447,train_pool
batch_1,42138,CPD_014302469794,HTH-01-015,2448,train_pool
batch_1,42193,CPD_014302469794,HTH-01-015,2449,train_pool
batch_1,42411,CPD_014302469794,HTH-01-015,2450,train_pool
batch_1,42667,CPD_014302469794,HTH-01-015,2451,train_pool
batch_1,42805,CPD_014302469794,HTH-01-015,2452,train_pool
batch_1,43271,CPD_014302469794,HTH-01-015,2453,train_pool
batch_1,43325,CPD_014302469794,HTH-01-015,2454,train_pool
batch_1,43953,CPD_014302469794,HTH-01-015,2455,test
batch_1,44023,CPD_014302469794,HTH-01-015,2456,train_pool
batch_1,44058,CPD_014302469794,HTH-01-015,2457,test
batch_1,44064,CPD_014302469794,HTH-01-015,2458,train_pool
batch_1,44210,CPD_014302469794,HTH-01-015,2459,train_pool
batch_1,44463,CPD_014302469794,HTH-01-015,2460,train_pool
batch_1,44773,CPD_014302469794,HTH-01-015,2461,test
batch_1,44867,CPD_014302469794,HTH-01-015,2462,test
batch_1,45291,CPD_014302469794,HTH-01-015,2463,train_pool
batch_1,46658,CPD_014302469794,HTH-01-015,2464,train_pool
batch_1,46897,CPD_014302469794,HTH-01-015,2465,train_pool
batch_1,47181,CPD_014302469794,HTH-01-015,2466,train_pool
batch_1,48256,CPD_014302469794,HTH-01-015,2467,test
batch_1,49095,CPD_014302469794,HTH-01-015,2468,train_pool
batch_1,458,CPD_360434106630,IRAK inhibitor 1,2469,train_pool
batch_1,572,CPD_360434106630,IRAK inhibitor 1,2470,train_pool
batch_1,635,CPD_360434106630,IRAK inhibitor 1,2471,train_pool
batch_1,2812,CPD_360434106630,IRAK inhibitor 1,2472,train_pool
batch_1,2848,CPD_360434106630,IRAK inhibitor 1,2473,test
batch_1,3028,CPD_360434106630,IRAK inhibitor 1,2474,train_pool
batch_1,3240,CPD_360434106630,IRAK inhibitor 1,2475,train_pool
batch_1,3279,CPD_360434106630,IRAK inhibitor 1,2476,train_pool
batch_1,3422,CPD_360434106630,IRAK inhibitor 1,2477,train_pool
batch_1,5056,CPD_360434106630,IRAK inhibitor 1,2478,train_pool
batch_1,5321,CPD_360434106630,IRAK inhibitor 1,2479,train_pool
batch_1,5348,CPD_360434106630,IRAK inhibitor 1,2480,train_pool
batch_1,5483,CPD_360434106630,IRAK inhibitor 1,2481,test
batch_1,5746,CPD_360434106630,IRAK inhibitor 1,2482,test
batch_1,5762,CPD_360434106630,IRAK inhibitor 1,2483,train_pool
batch_1,6336,CPD_360434106630,IRAK inhibitor 1,2484,train_pool
batch_1,6401,CPD_360434106630,IRAK inhibitor 1,2485,train_pool
batch_1,6586,CPD_360434106630,IRAK inhibitor 1,2486,test
batch_1,6648,CPD_360434106630,IRAK inhibitor 1,2487,test
batch_1,6697,CPD_360434106630,IRAK inhibitor 1,2488,train_pool
batch_1,6751,CPD_360434106630,IRAK inhibitor 1,2489,test
batch_1,6817,CPD_360434106630,IRAK inhibitor 1,2490,train_pool
batch_1,7217,CPD_360434106630,IRAK inhibitor 1,2491,train_pool
batch_1,7864,CPD_360434106630,IRAK inhibitor 1,2492,train_pool
batch_1,7891,CPD_360434106630,IRAK inhibitor 1,2493,train_pool
batch_1,7903,CPD_360434106630,IRAK inhibitor 1,2494,train_pool
batch_1,9034,CPD_360434106630,IRAK inhibitor 1,2495,test
batch_1,9074,CPD_360434106630,IRAK inhibitor 1,2496,train_pool
batch_1,9079,CPD_360434106630,IRAK inhibitor 1,2497,train_pool
batch_1,9286,CPD_360434106630,IRAK inhibitor 1,2498,test
batch_1,9710,CPD_360434106630,IRAK inhibitor 1,2499,train_pool
batch_1,10716,CPD_360434106630,IRAK inhibitor 1,2500,train_pool
batch_1,10783,CPD_360434106630,IRAK inhibitor 1,2501,train_pool
batch_1,10813,CPD_360434106630,IRAK inhibitor 1,2502,test
batch_1,10856,CPD_360434106630,IRAK inhibitor 1,2503,train_pool
batch_1,11084,CPD_360434106630,IRAK inhibitor 1,2504,test
batch_1,11384,CPD_360434106630,IRAK inhibitor 1,2505,train_pool
batch_1,11468,CPD_360434106630,IRAK inhibitor 1,2506,train_pool
batch_1,11541,CPD_360434106630,IRAK inhibitor 1,2507,train_pool
batch_1,11815,CPD_360434106630,IRAK inhibitor 1,2508,test
batch_1,11876,CPD_360434106630,IRAK inhibitor 1,2509,train_pool
batch_1,12034,CPD_360434106630,IRAK inhibitor 1,2510,train_pool
batch_1,12150,CPD_360434106630,IRAK inhibitor 1,2511,train_pool
batch_1,12522,CPD_360434106630,IRAK inhibitor 1,2512,train_pool
batch_1,12717,CPD_360434106630,IRAK inhibitor 1,2513,train_pool
batch_1,12826,CPD_360434106630,IRAK inhibitor 1,2514,train_pool
batch_1,12952,CPD_360434106630,IRAK inhibitor 1,2515,train_pool
batch_1,13115,CPD_360434106630,IRAK inhibitor 1,2516,train_pool
batch_1,13274,CPD_360434106630,IRAK inhibitor 1,2517,train_pool
batch_1,13425,CPD_360434106630,IRAK inhibitor 1,2518,train_pool
batch_1,13482,CPD_360434106630,IRAK inhibitor 1,2519,test
batch_1,13604,CPD_360434106630,IRAK inhibitor 1,2520,train_pool
batch_1,13651,CPD_360434106630,IRAK inhibitor 1,2521,train_pool
batch_1,13665,CPD_360434106630,IRAK inhibitor 1,2522,train_pool
batch_1,13821,CPD_360434106630,IRAK inhibitor 1,2523,train_pool
batch_1,13987,CPD_360434106630,IRAK inhibitor 1,2524,train_pool
batch_1,14234,CPD_360434106630,IRAK inhibitor 1,2525,train_pool
batch_1,14539,CPD_360434106630,IRAK inhibitor 1,2526,train_pool
batch_1,14561,CPD_360434106630,IRAK inhibitor 1,2527,train_pool
batch_1,14785,CPD_360434106630,IRAK inhibitor 1,2528,train_pool
batch_1,15391,CPD_360434106630,IRAK inhibitor 1,2529,test
batch_1,15578,CPD_360434106630,IRAK inhibitor 1,2530,train_pool
batch_1,15584,CPD_360434106630,IRAK inhibitor 1,2531,train_pool
batch_1,15993,CPD_360434106630,IRAK inhibitor 1,2532,test
batch_1,16055,CPD_360434106630,IRAK inhibitor 1,2533,train_pool
batch_1,16077,CPD_360434106630,IRAK inhibitor 1,2534,train_pool
batch_1,16082,CPD_360434106630,IRAK inhibitor 1,2535,train_pool
batch_1,16091,CPD_360434106630,IRAK inhibitor 1,2536,train_pool
batch_1,16130,CPD_360434106630,IRAK inhibitor 1,2537,train_pool
batch_1,16254,CPD_360434106630,IRAK inhibitor 1,2538,test
batch_1,16466,CPD_360434106630,IRAK inhibitor 1,2539,train_pool
batch_1,16490,CPD_360434106630,IRAK inhibitor 1,2540,train_pool
batch_1,16551,CPD_360434106630,IRAK inhibitor 1,2541,test
batch_1,16652,CPD_360434106630,IRAK inhibitor 1,2542,train_pool
batch_1,16707,CPD_360434106630,IRAK inhibitor 1,2543,train_pool
batch_1,16852,CPD_360434106630,IRAK inhibitor 1,2544,train_pool
batch_1,16906,CPD_360434106630,IRAK inhibitor 1,2545,train_pool
batch_1,16936,CPD_360434106630,IRAK inhibitor 1,2546,test
batch_1,17045,CPD_360434106630,IRAK inhibitor 1,2547,train_pool
batch_1,17210,CPD_360434106630,IRAK inhibitor 1,2548,train_pool
batch_1,17560,CPD_360434106630,IRAK inhibitor 1,2549,train_pool
batch_1,17574,CPD_360434106630,IRAK inhibitor 1,2550,test
batch_1,17952,CPD_360434106630,IRAK inhibitor 1,2551,test
batch_1,18062,CPD_360434106630,IRAK inhibitor 1,2552,test
batch_1,18384,CPD_360434106630,IRAK inhibitor 1,2553,train_pool
batch_1,18462,CPD_360434106630,IRAK inhibitor 1,2554,test
batch_1,18671,CPD_360434106630,IRAK inhibitor 1,2555,test
batch_1,18693,CPD_360434106630,IRAK inhibitor 1,2556,train_pool
batch_1,18789,CPD_360434106630,IRAK inhibitor 1,2557,train_pool
batch_1,18869,CPD_360434106630,IRAK inhibitor 1,2558,train_pool
batch_1,18919,CPD_360434106630,IRAK inhibitor 1,2559,train_pool
batch_1,20303,CPD_360434106630,IRAK inhibitor 1,2560,train_pool
batch_1,20480,CPD_360434106630,IRAK inhibitor 1,2561,train_pool
batch_1,20554,CPD_360434106630,IRAK inhibitor 1,2562,test
batch_1,20668,CPD_360434106630,IRAK inhibitor 1,2563,train_pool
batch_1,20804,CPD_360434106630,IRAK inhibitor 1,2564,train_pool
batch_1,20817,CPD_360434106630,IRAK inhibitor 1,2565,train_pool
batch_1,21292,CPD_360434106630,IRAK inhibitor 1,2566,train_pool
batch_1,21470,CPD_360434106630,IRAK inhibitor 1,2567,train_pool
batch_1,21643,CPD_360434106630,IRAK inhibitor 1,2568,train_pool
batch_1,21925,CPD_360434106630,IRAK inhibitor 1,2569,train_pool
batch_1,21999,CPD_360434106630,IRAK inhibitor 1,2570,train_pool
batch_1,22012,CPD_360434106630,IRAK inhibitor 1,2571,test
batch_1,22190,CPD_360434106630,IRAK inhibitor 1,2572,train_pool
batch_1,22208,CPD_360434106630,IRAK inhibitor 1,2573,train_pool
batch_1,22215,CPD_360434106630,IRAK inhibitor 1,2574,train_pool
batch_1,22224,CPD_360434106630,IRAK inhibitor 1,2575,test
batch_1,22426,CPD_360434106630,IRAK inhibitor 1,2576,train_pool
batch_1,22686,CPD_360434106630,IRAK inhibitor 1,2577,train_pool
batch_1,22740,CPD_360434106630,IRAK inhibitor 1,2578,train_pool
batch_1,22973,CPD_360434106630,IRAK inhibitor 1,2579,train_pool
batch_1,23115,CPD_360434106630,IRAK inhibitor 1,2580,train_pool
batch_1,23869,CPD_360434106630,IRAK inhibitor 1,2581,train_pool
batch_1,24058,CPD_360434106630,IRAK inhibitor 1,2582,train_pool
batch_1,24107,CPD_360434106630,IRAK inhibitor 1,2583,train_pool
batch_1,24192,CPD_360434106630,IRAK inhibitor 1,2584,train_pool
batch_1,24274,CPD_360434106630,IRAK inhibitor 1,2585,train_pool
batch_1,24443,CPD_360434106630,IRAK inhibitor 1,2586,train_pool
batch_1,24464,CPD_360434106630,IRAK inhibitor 1,2587,train_pool
batch_1,25241,CPD_360434106630,IRAK inhibitor 1,2588,test
batch_1,25384,CPD_360434106630,IRAK inhibitor 1,2589,train_pool
batch_1,25533,CPD_360434106630,IRAK inhibitor 1,2590,train_pool
batch_1,25750,CPD_360434106630,IRAK inhibitor 1,2591,train_pool
batch_1,25793,CPD_360434106630,IRAK inhibitor 1,2592,train_pool
batch_1,25868,CPD_360434106630,IRAK inhibitor 1,2593,train_pool
batch_1,25904,CPD_360434106630,IRAK inhibitor 1,2594,train_pool
batch_1,26124,CPD_360434106630,IRAK inhibitor 1,2595,train_pool
batch_1,26215,CPD_360434106630,IRAK inhibitor 1,2596,train_pool
batch_1,26509,CPD_360434106630,IRAK inhibitor 1,2597,train_pool
batch_1,26654,CPD_360434106630,IRAK inhibitor 1,2598,train_pool
batch_1,26931,CPD_360434106630,IRAK inhibitor 1,2599,train_pool
batch_1,26970,CPD_360434106630,IRAK inhibitor 1,2600,train_pool
batch_1,27257,CPD_360434106630,IRAK inhibitor 1,2601,train_pool
batch_1,27529,CPD_360434106630,IRAK inhibitor 1,2602,train_pool
batch_1,27549,CPD_360434106630,IRAK inhibitor 1,2603,test
batch_1,27711,CPD_360434106630,IRAK inhibitor 1,2604,train_pool
batch_1,27746,CPD_360434106630,IRAK inhibitor 1,2605,train_pool
batch_1,27834,CPD_360434106630,IRAK inhibitor 1,2606,train_pool
batch_1,27949,CPD_360434106630,IRAK inhibitor 1,2607,train_pool
batch_1,27965,CPD_360434106630,IRAK inhibitor 1,2608,train_pool
batch_1,28123,CPD_360434106630,IRAK inhibitor 1,2609,train_pool
batch_1,28269,CPD_360434106630,IRAK inhibitor 1,2610,train_pool
batch_1,28306,CPD_360434106630,IRAK inhibitor 1,2611,train_pool
batch_1,28316,CPD_360434106630,IRAK inhibitor 1,2612,train_pool
batch_1,28726,CPD_360434106630,IRAK inhibitor 1,2613,train_pool
batch_1,28776,CPD_360434106630,IRAK inhibitor 1,2614,train_pool
batch_1,28857,CPD_360434106630,IRAK inhibitor 1,2615,test
batch_1,28922,CPD_360434106630,IRAK inhibitor 1,2616,train_pool
batch_1,29086,CPD_360434106630,IRAK inhibitor 1,2617,train_pool
batch_1,29165,CPD_360434106630,IRAK inhibitor 1,2618,train_pool
batch_1,29231,CPD_360434106630,IRAK inhibitor 1,2619,train_pool
batch_1,29284,CPD_360434106630,IRAK inhibitor 1,2620,train_pool
batch_1,29315,CPD_360434106630,IRAK inhibitor 1,2621,train_pool
batch_1,29628,CPD_360434106630,IRAK inhibitor 1,2622,test
batch_1,29737,CPD_360434106630,IRAK inhibitor 1,2623,train_pool
batch_1,30142,CPD_360434106630,IRAK inhibitor 1,2624,train_pool
batch_1,30156,CPD_360434106630,IRAK inhibitor 1,2625,train_pool
batch_1,30381,CPD_360434106630,IRAK inhibitor 1,2626,test
batch_1,30905,CPD_360434106630,IRAK inhibitor 1,2627,train_pool
batch_1,30927,CPD_360434106630,IRAK inhibitor 1,2628,train_pool
batch_1,31596,CPD_360434106630,IRAK inhibitor 1,2629,train_pool
batch_1,31651,CPD_360434106630,IRAK inhibitor 1,2630,train_pool
batch_1,31852,CPD_360434106630,IRAK inhibitor 1,2631,test
batch_1,31984,CPD_360434106630,IRAK inhibitor 1,2632,train_pool
batch_1,32222,CPD_360434106630,IRAK inhibitor 1,2633,train_pool
batch_1,32359,CPD_360434106630,IRAK inhibitor 1,2634,train_pool
batch_1,32431,CPD_360434106630,IRAK inhibitor 1,2635,test
batch_1,32662,CPD_360434106630,IRAK inhibitor 1,2636,train_pool
batch_1,33010,CPD_360434106630,IRAK inhibitor 1,2637,train_pool
batch_1,33032,CPD_360434106630,IRAK inhibitor 1,2638,train_pool
batch_1,33116,CPD_360434106630,IRAK inhibitor 1,2639,test
batch_1,33122,CPD_360434106630,IRAK inhibitor 1,2640,train_pool
batch_1,33460,CPD_360434106630,IRAK inhibitor 1,2641,train_pool
batch_1,33587,CPD_360434106630,IRAK inhibitor 1,2642,train_pool
batch_1,34022,CPD_360434106630,IRAK inhibitor 1,2643,train_pool
batch_1,34253,CPD_360434106630,IRAK inhibitor 1,2644,train_pool
batch_1,34354,CPD_360434106630,IRAK inhibitor 1,2645,test
batch_1,34510,CPD_360434106630,IRAK inhibitor 1,2646,train_pool
batch_1,34677,CPD_360434106630,IRAK inhibitor 1,2647,train_pool
batch_1,35134,CPD_360434106630,IRAK inhibitor 1,2648,train_pool
batch_1,35166,CPD_360434106630,IRAK inhibitor 1,2649,train_pool
batch_1,35223,CPD_360434106630,IRAK inhibitor 1,2650,test
batch_1,35229,CPD_360434106630,IRAK inhibitor 1,2651,train_pool
batch_1,35412,CPD_360434106630,IRAK inhibitor 1,2652,train_pool
batch_1,35670,CPD_360434106630,IRAK inhibitor 1,2653,test
batch_1,36052,CPD_360434106630,IRAK inhibitor 1,2654,train_pool
batch_1,36085,CPD_360434106630,IRAK inhibitor 1,2655,train_pool
batch_1,36505,CPD_360434106630,IRAK inhibitor 1,2656,train_pool
batch_1,36509,CPD_360434106630,IRAK inhibitor 1,2657,train_pool
batch_1,36636,CPD_360434106630,IRAK inhibitor 1,2658,test
batch_1,36667,CPD_360434106630,IRAK inhibitor 1,2659,test
batch_1,36742,CPD_360434106630,IRAK inhibitor 1,2660,train_pool
batch_1,36782,CPD_360434106630,IRAK inhibitor 1,2661,train_pool
batch_1,36950,CPD_360434106630,IRAK inhibitor 1,2662,test
batch_1,36956,CPD_360434106630,IRAK inhibitor 1,2663,train_pool
batch_1,37082,CPD_360434106630,IRAK inhibitor 1,2664,train_pool
batch_1,37210,CPD_360434106630,IRAK inhibitor 1,2665,train_pool
batch_1,37263,CPD_360434106630,IRAK inhibitor 1,2666,train_pool
batch_1,37565,CPD_360434106630,IRAK inhibitor 1,2667,train_pool
batch_1,37927,CPD_360434106630,IRAK inhibitor 1,2668,train_pool
batch_1,38085,CPD_360434106630,IRAK inhibitor 1,2669,test
batch_1,38492,CPD_360434106630,IRAK inhibitor 1,2670,train_pool
batch_1,38637,CPD_360434106630,IRAK inhibitor 1,2671,train_pool
batch_1,38696,CPD_360434106630,IRAK inhibitor 1,2672,train_pool
batch_1,38789,CPD_360434106630,IRAK inhibitor 1,2673,train_pool
batch_1,39310,CPD_360434106630,IRAK inhibitor 1,2674,train_pool
batch_1,39383,CPD_360434106630,IRAK inhibitor 1,2675,train_pool
batch_1,39582,CPD_360434106630,IRAK inhibitor 1,2676,train_pool
batch_1,40150,CPD_360434106630,IRAK inhibitor 1,2677,train_pool
batch_1,40364,CPD_360434106630,IRAK inhibitor 1,2678,train_pool
batch_1,40782,CPD_360434106630,IRAK inhibitor 1,2679,train_pool
batch_1,41070,CPD_360434106630,IRAK inhibitor 1,2680,train_pool
batch_1,41371,CPD_360434106630,IRAK inhibitor 1,2681,test
batch_1,41502,CPD_360434106630,IRAK inhibitor 1,2682,train_pool
batch_1,41822,CPD_360434106630,IRAK inhibitor 1,2683,test
batch_1,41859,CPD_360434106630,IRAK inhibitor 1,2684,train_pool
batch_1,41863,CPD_360434106630,IRAK inhibitor 1,2685,test
batch_1,41871,CPD_360434106630,IRAK inhibitor 1,2686,train_pool
batch_1,41943,CPD_360434106630,IRAK inhibitor 1,2687,train_pool
batch_1,42202,CPD_360434106630,IRAK inhibitor 1,2688,train_pool
batch_1,42394,CPD_360434106630,IRAK inhibitor 1,2689,train_pool
batch_1,42409,CPD_360434106630,IRAK inhibitor 1,2690,train_pool
batch_1,42522,CPD_360434106630,IRAK inhibitor 1,2691,train_pool
batch_1,43366,CPD_360434106630,IRAK inhibitor 1,2692,train_pool
batch_1,43421,CPD_360434106630,IRAK inhibitor 1,2693,train_pool
batch_1,43493,CPD_360434106630,IRAK inhibitor 1,2694,test
batch_1,44049,CPD_360434106630,IRAK inhibitor 1,2695,test
batch_1,44405,CPD_360434106630,IRAK inhibitor 1,2696,train_pool
batch_1,45783,CPD_360434106630,IRAK inhibitor 1,2697,train_pool
batch_1,47060,CPD_360434106630,IRAK inhibitor 1,2698,train_pool
batch_1,47522,CPD_360434106630,IRAK inhibitor 1,2699,test
batch_1,2581,CPD_978689160853,JAB-3068,2700,train_pool
batch_1,4024,CPD_978689160853,JAB-3068,2701,train_pool
batch_1,4129,CPD_978689160853,JAB-3068,2702,train_pool
batch_1,4846,CPD_978689160853,JAB-3068,2703,train_pool
batch_1,5022,CPD_978689160853,JAB-3068,2704,train_pool
batch_1,5192,CPD_978689160853,JAB-3068,2705,train_pool
batch_1,5300,CPD_978689160853,JAB-3068,2706,train_pool
batch_1,5374,CPD_978689160853,JAB-3068,2707,train_pool
batch_1,5587,CPD_978689160853,JAB-3068,2708,test
batch_1,5888,CPD_978689160853,JAB-3068,2709,train_pool
batch_1,6088,CPD_978689160853,JAB-3068,2710,train_pool
batch_1,6513,CPD_978689160853,JAB-3068,2711,train_pool
batch_1,6859,CPD_978689160853,JAB-3068,2712,train_pool
batch_1,7399,CPD_978689160853,JAB-3068,2713,train_pool
batch_1,7581,CPD_978689160853,JAB-3068,2714,test
batch_1,7863,CPD_978689160853,JAB-3068,2715,test
batch_1,8159,CPD_978689160853,JAB-3068,2716,train_pool
batch_1,8425,CPD_978689160853,JAB-3068,2717,train_pool
batch_1,8515,CPD_978689160853,JAB-3068,2718,train_pool
batch_1,8657,CPD_978689160853,JAB-3068,2719,train_pool
batch_1,8667,CPD_978689160853,JAB-3068,2720,train_pool
batch_1,8828,CPD_978689160853,JAB-3068,2721,train_pool
batch_1,8865,CPD_978689160853,JAB-3068,2722,train_pool
batch_1,9002,CPD_978689160853,JAB-3068,2723,train_pool
batch_1,9122,CPD_978689160853,JAB-3068,2724,test
batch_1,9361,CPD_978689160853,JAB-3068,2725,test
batch_1,9740,CPD_978689160853,JAB-3068,2726,train_pool
batch_1,9939,CPD_978689160853,JAB-3068,2727,test
batch_1,10080,CPD_978689160853,JAB-3068,2728,train_pool
batch_1,10236,CPD_978689160853,JAB-3068,2729,train_pool
batch_1,10367,CPD_978689160853,JAB-3068,2730,train_pool
batch_1,10534,CPD_978689160853,JAB-3068,2731,test
batch_1,10541,CPD_978689160853,JAB-3068,2732,train_pool
batch_1,10997,CPD_978689160853,JAB-3068,2733,train_pool
batch_1,11178,CPD_978689160853,JAB-3068,2734,test
batch_1,11207,CPD_978689160853,JAB-3068,2735,test
batch_1,11240,CPD_978689160853,JAB-3068,2736,train_pool
batch_1,11401,CPD_978689160853,JAB-3068,2737,train_pool
batch_1,11695,CPD_978689160853,JAB-3068,2738,train_pool
batch_1,11727,CPD_978689160853,JAB-3068,2739,train_pool
batch_1,11826,CPD_978689160853,JAB-3068,2740,test
batch_1,11854,CPD_978689160853,JAB-3068,2741,train_pool
batch_1,12031,CPD_978689160853,JAB-3068,2742,train_pool
batch_1,12045,CPD_978689160853,JAB-3068,2743,train_pool
batch_1,12251,CPD_978689160853,JAB-3068,2744,train_pool
batch_1,13297,CPD_978689160853,JAB-3068,2745,test
batch_1,13322,CPD_978689160853,JAB-3068,2746,train_pool
batch_1,13342,CPD_978689160853,JAB-3068,2747,train_pool
batch_1,13702,CPD_978689160853,JAB-3068,2748,test
batch_1,14503,CPD_978689160853,JAB-3068,2749,train_pool
batch_1,14690,CPD_978689160853,JAB-3068,2750,train_pool
batch_1,15214,CPD_978689160853,JAB-3068,2751,test
batch_1,15625,CPD_978689160853,JAB-3068,2752,train_pool
batch_1,15651,CPD_978689160853,JAB-3068,2753,train_pool
batch_1,15792,CPD_978689160853,JAB-3068,2754,train_pool
batch_1,15850,CPD_978689160853,JAB-3068,2755,train_pool
batch_1,15878,CPD_978689160853,JAB-3068,2756,train_pool
batch_1,16303,CPD_978689160853,JAB-3068,2757,train_pool
batch_1,16376,CPD_978689160853,JAB-3068,2758,test
batch_1,16448,CPD_978689160853,JAB-3068,2759,train_pool
batch_1,16677,CPD_978689160853,JAB-3068,2760,train_pool
batch_1,16796,CPD_978689160853,JAB-3068,2761,train_pool
batch_1,17071,CPD_978689160853,JAB-3068,2762,train_pool
batch_1,17248,CPD_978689160853,JAB-3068,2763,train_pool
batch_1,17501,CPD_978689160853,JAB-3068,2764,train_pool
batch_1,17811,CPD_978689160853,JAB-3068,2765,train_pool
batch_1,17818,CPD_978689160853,JAB-3068,2766,train_pool
batch_1,17876,CPD_978689160853,JAB-3068,2767,test
batch_1,18051,CPD_978689160853,JAB-3068,2768,train_pool
batch_1,18166,CPD_978689160853,JAB-3068,2769,train_pool
batch_1,18190,CPD_978689160853,JAB-3068,2770,train_pool
batch_1,18424,CPD_978689160853,JAB-3068,2771,train_pool
batch_1,18442,CPD_978689160853,JAB-3068,2772,train_pool
batch_1,18469,CPD_978689160853,JAB-3068,2773,train_pool
batch_1,18487,CPD_978689160853,JAB-3068,2774,test
batch_1,18599,CPD_978689160853,JAB-3068,2775,test
batch_1,18956,CPD_978689160853,JAB-3068,2776,train_pool
batch_1,19109,CPD_978689160853,JAB-3068,2777,train_pool
batch_1,19161,CPD_978689160853,JAB-3068,2778,test
batch_1,19189,CPD_978689160853,JAB-3068,2779,train_pool
batch_1,19392,CPD_978689160853,JAB-3068,2780,train_pool
batch_1,19515,CPD_978689160853,JAB-3068,2781,train_pool
batch_1,19628,CPD_978689160853,JAB-3068,2782,test
batch_1,19885,CPD_978689160853,JAB-3068,2783,train_pool
batch_1,20143,CPD_978689160853,JAB-3068,2784,train_pool
batch_1,20214,CPD_978689160853,JAB-3068,2785,train_pool
batch_1,20237,CPD_978689160853,JAB-3068,2786,test
batch_1,20478,CPD_978689160853,JAB-3068,2787,train_pool
batch_1,20567,CPD_978689160853,JAB-3068,2788,train_pool
batch_1,20621,CPD_978689160853,JAB-3068,2789,test
batch_1,20704,CPD_978689160853,JAB-3068,2790,train_pool
batch_1,20875,CPD_978689160853,JAB-3068,2791,train_pool
batch_1,20928,CPD_978689160853,JAB-3068,2792,train_pool
batch_1,20975,CPD_978689160853,JAB-3068,2793,train_pool
batch_1,21305,CPD_978689160853,JAB-3068,2794,train_pool
batch_1,22332,CPD_978689160853,JAB-3068,2795,test
batch_1,22594,CPD_978689160853,JAB-3068,2796,test
batch_1,22826,CPD_978689160853,JAB-3068,2797,train_pool
batch_1,23028,CPD_978689160853,JAB-3068,2798,train_pool
batch_1,23067,CPD_978689160853,JAB-3068,2799,train_pool
batch_1,23338,CPD_978689160853,JAB-3068,2800,train_pool
batch_1,23358,CPD_978689160853,JAB-3068,2801,train_pool
batch_1,23377,CPD_978689160853,JAB-3068,2802,train_pool
batch_1,23411,CPD_978689160853,JAB-3068,2803,test
batch_1,23756,CPD_978689160853,JAB-3068,2804,train_pool
batch_1,23842,CPD_978689160853,JAB-3068,2805,test
batch_1,23945,CPD_978689160853,JAB-3068,2806,test
batch_1,24030,CPD_978689160853,JAB-3068,2807,train_pool
batch_1,24174,CPD_978689160853,JAB-3068,2808,train_pool
batch_1,24186,CPD_978689160853,JAB-3068,2809,train_pool
batch_1,24541,CPD_978689160853,JAB-3068,2810,train_pool
batch_1,24558,CPD_978689160853,JAB-3068,2811,train_pool
batch_1,25237,CPD_978689160853,JAB-3068,2812,train_pool
batch_1,25488,CPD_978689160853,JAB-3068,2813,train_pool
batch_1,25590,CPD_978689160853,JAB-3068,2814,train_pool
batch_1,25879,CPD_978689160853,JAB-3068,2815,train_pool
batch_1,25910,CPD_978689160853,JAB-3068,2816,train_pool
batch_1,25985,CPD_978689160853,JAB-3068,2817,train_pool
batch_1,26146,CPD_978689160853,JAB-3068,2818,train_pool
batch_1,26151,CPD_978689160853,JAB-3068,2819,train_pool
batch_1,26168,CPD_978689160853,JAB-3068,2820,train_pool
batch_1,26186,CPD_978689160853,JAB-3068,2821,train_pool
batch_1,26293,CPD_978689160853,JAB-3068,2822,train_pool
batch_1,26308,CPD_978689160853,JAB-3068,2823,train_pool
batch_1,26513,CPD_978689160853,JAB-3068,2824,train_pool
batch_1,26552,CPD_978689160853,JAB-3068,2825,train_pool
batch_1,26565,CPD_978689160853,JAB-3068,2826,test
batch_1,26821,CPD_978689160853,JAB-3068,2827,train_pool
batch_1,26825,CPD_978689160853,JAB-3068,2828,train_pool
batch_1,27043,CPD_978689160853,JAB-3068,2829,test
batch_1,27329,CPD_978689160853,JAB-3068,2830,train_pool
batch_1,27337,CPD_978689160853,JAB-3068,2831,train_pool
batch_1,27602,CPD_978689160853,JAB-3068,2832,train_pool
batch_1,27637,CPD_978689160853,JAB-3068,2833,train_pool
batch_1,27700,CPD_978689160853,JAB-3068,2834,train_pool
batch_1,27883,CPD_978689160853,JAB-3068,2835,train_pool
batch_1,28060,CPD_978689160853,JAB-3068,2836,test
batch_1,28089,CPD_978689160853,JAB-3068,2837,train_pool
batch_1,28336,CPD_978689160853,JAB-3068,2838,train_pool
batch_1,28454,CPD_978689160853,JAB-3068,2839,train_pool
batch_1,28576,CPD_978689160853,JAB-3068,2840,train_pool
batch_1,28635,CPD_978689160853,JAB-3068,2841,test
batch_1,28668,CPD_978689160853,JAB-3068,2842,train_pool
batch_1,29158,CPD_978689160853,JAB-3068,2843,train_pool
batch_1,29449,CPD_978689160853,JAB-3068,2844,train_pool
batch_1,29620,CPD_978689160853,JAB-3068,2845,train_pool
batch_1,29692,CPD_978689160853,JAB-3068,2846,test
batch_1,29995,CPD_978689160853,JAB-3068,2847,train_pool
batch_1,30921,CPD_978689160853,JAB-3068,2848,train_pool
batch_1,31245,CPD_978689160853,JAB-3068,2849,train_pool
batch_1,31295,CPD_978689160853,JAB-3068,2850,train_pool
batch_1,31301,CPD_978689160853,JAB-3068,2851,train_pool
batch_1,31347,CPD_978689160853,JAB-3068,2852,train_pool
batch_1,31815,CPD_978689160853,JAB-3068,2853,train_pool
batch_1,31966,CPD_978689160853,JAB-3068,2854,train_pool
batch_1,31968,CPD_978689160853,JAB-3068,2855,test
batch_1,32174,CPD_978689160853,JAB-3068,2856,train_pool
batch_1,32183,CPD_978689160853,JAB-3068,2857,train_pool
batch_1,32517,CPD_978689160853,JAB-3068,2858,train_pool
batch_1,32824,CPD_978689160853,JAB-3068,2859,train_pool
batch_1,32895,CPD_978689160853,JAB-3068,2860,train_pool
batch_1,32900,CPD_978689160853,JAB-3068,2861,train_pool
batch_1,32930,CPD_978689160853,JAB-3068,2862,train_pool
batch_1,33040,CPD_978689160853,JAB-3068,2863,train_pool
batch_1,33089,CPD_978689160853,JAB-3068,2864,train_pool
batch_1,33141,CPD_978689160853,JAB-3068,2865,train_pool
batch_1,33317,CPD_978689160853,JAB-3068,2866,train_pool
batch_1,33328,CPD_978689160853,JAB-3068,2867,train_pool
batch_1,33343,CPD_978689160853,JAB-3068,2868,train_pool
batch_1,33611,CPD_978689160853,JAB-3068,2869,train_pool
batch_1,33619,CPD_978689160853,JAB-3068,2870,test
batch_1,33654,CPD_978689160853,JAB-3068,2871,test
batch_1,33737,CPD_978689160853,JAB-3068,2872,train_pool
batch_1,33878,CPD_978689160853,JAB-3068,2873,train_pool
batch_1,33917,CPD_978689160853,JAB-3068,2874,train_pool
batch_1,34007,CPD_978689160853,JAB-3068,2875,train_pool
batch_1,34042,CPD_978689160853,JAB-3068,2876,test
batch_1,34109,CPD_978689160853,JAB-3068,2877,test
batch_1,34130,CPD_978689160853,JAB-3068,2878,train_pool
batch_1,34264,CPD_978689160853,JAB-3068,2879,test
batch_1,34384,CPD_978689160853,JAB-3068,2880,test
batch_1,34481,CPD_978689160853,JAB-3068,2881,train_pool
batch_1,34483,CPD_978689160853,JAB-3068,2882,train_pool
batch_1,34652,CPD_978689160853,JAB-3068,2883,train_pool
batch_1,35027,CPD_978689160853,JAB-3068,2884,train_pool
batch_1,35091,CPD_978689160853,JAB-3068,2885,train_pool
batch_1,35245,CPD_978689160853,JAB-3068,2886,train_pool
batch_1,35888,CPD_978689160853,JAB-3068,2887,train_pool
batch_1,36058,CPD_978689160853,JAB-3068,2888,train_pool
batch_1,36121,CPD_978689160853,JAB-3068,2889,test
batch_1,36221,CPD_978689160853,JAB-3068,2890,train_pool
batch_1,36236,CPD_978689160853,JAB-3068,2891,train_pool
batch_1,36255,CPD_978689160853,JAB-3068,2892,train_pool
batch_1,36487,CPD_978689160853,JAB-3068,2893,train_pool
batch_1,36501,CPD_978689160853,JAB-3068,2894,train_pool
batch_1,36570,CPD_978689160853,JAB-3068,2895,train_pool
batch_1,36630,CPD_978689160853,JAB-3068,2896,train_pool
batch_1,36677,CPD_978689160853,JAB-3068,2897,train_pool
batch_1,37024,CPD_978689160853,JAB-3068,2898,train_pool
batch_1,37093,CPD_978689160853,JAB-3068,2899,train_pool
batch_1,37305,CPD_978689160853,JAB-3068,2900,train_pool
batch_1,37478,CPD_978689160853,JAB-3068,2901,train_pool
batch_1,37834,CPD_978689160853,JAB-3068,2902,test
batch_1,38026,CPD_978689160853,JAB-3068,2903,train_pool
batch_1,38053,CPD_978689160853,JAB-3068,2904,train_pool
batch_1,38192,CPD_978689160853,JAB-3068,2905,train_pool
batch_1,38435,CPD_978689160853,JAB-3068,2906,test
batch_1,38461,CPD_978689160853,JAB-3068,2907,train_pool
batch_1,38490,CPD_978689160853,JAB-3068,2908,train_pool
batch_1,39274,CPD_978689160853,JAB-3068,2909,train_pool
batch_1,39617,CPD_978689160853,JAB-3068,2910,test
batch_1,39803,CPD_978689160853,JAB-3068,2911,train_pool
batch_1,40027,CPD_978689160853,JAB-3068,2912,test
batch_1,40566,CPD_978689160853,JAB-3068,2913,train_pool
batch_1,40635,CPD_978689160853,JAB-3068,2914,test
batch_1,40730,CPD_978689160853,JAB-3068,2915,train_pool
batch_1,40769,CPD_978689160853,JAB-3068,2916,train_pool
batch_1,41128,CPD_978689160853,JAB-3068,2917,test
batch_1,41134,CPD_978689160853,JAB-3068,2918,train_pool
batch_1,41454,CPD_978689160853,JAB-3068,2919,test
batch_1,41513,CPD_978689160853,JAB-3068,2920,train_pool
batch_1,41529,CPD_978689160853,JAB-3068,2921,train_pool
batch_1,41579,CPD_978689160853,JAB-3068,2922,test
batch_1,41662,CPD_978689160853,JAB-3068,2923,train_pool
batch_1,42047,CPD_978689160853,JAB-3068,2924,train_pool
batch_1,42060,CPD_978689160853,JAB-3068,2925,train_pool
batch_1,42403,CPD_978689160853,JAB-3068,2926,train_pool
batch_1,42436,CPD_978689160853,JAB-3068,2927,train_pool
batch_1,43486,CPD_978689160853,JAB-3068,2928,train_pool
batch_1,43628,CPD_978689160853,JAB-3068,2929,train_pool
batch_1,43694,CPD_978689160853,JAB-3068,2930,train_pool
batch_1,43714,CPD_978689160853,JAB-3068,2931,train_pool
batch_1,44326,CPD_978689160853,JAB-3068,2932,train_pool
batch_1,44341,CPD_978689160853,JAB-3068,2933,train_pool
batch_1,44818,CPD_978689160853,JAB-3068,2934,train_pool
batch_1,44821,CPD_978689160853,JAB-3068,2935,train_pool
batch_1,45074,CPD_978689160853,JAB-3068,2936,train_pool
batch_1,45263,CPD_978689160853,JAB-3068,2937,test
batch_1,45305,CPD_978689160853,JAB-3068,2938,train_pool
batch_1,45388,CPD_978689160853,JAB-3068,2939,train_pool
batch_1,45447,CPD_978689160853,JAB-3068,2940,test
batch_1,46629,CPD_978689160853,JAB-3068,2941,train_pool
batch_1,46750,CPD_978689160853,JAB-3068,2942,train_pool
batch_1,46876,CPD_978689160853,JAB-3068,2943,train_pool
batch_1,47152,CPD_978689160853,JAB-3068,2944,test
batch_1,47208,CPD_978689160853,JAB-3068,2945,train_pool
batch_1,47242,CPD_978689160853,JAB-3068,2946,train_pool
batch_1,47267,CPD_978689160853,JAB-3068,2947,train_pool
batch_1,48320,CPD_978689160853,JAB-3068,2948,train_pool
batch_1,49129,CPD_978689160853,JAB-3068,2949,train_pool
batch_1,113,CPD_859937920157,KME-2780,2950,test
batch_1,1587,CPD_859937920157,KME-2780,2951,train_pool
batch_1,2745,CPD_859937920157,KME-2780,2952,train_pool
batch_1,2906,CPD_859937920157,KME-2780,2953,train_pool
batch_1,3001,CPD_859937920157,KME-2780,2954,train_pool
batch_1,3313,CPD_859937920157,KME-2780,2955,train_pool
batch_1,5151,CPD_859937920157,KME-2780,2956,train_pool
batch_1,5279,CPD_859937920157,KME-2780,2957,test
batch_1,5636,CPD_859937920157,KME-2780,2958,train_pool
batch_1,5675,CPD_859937920157,KME-2780,2959,test
batch_1,5889,CPD_859937920157,KME-2780,2960,test
batch_1,6123,CPD_859937920157,KME-2780,2961,train_pool
batch_1,6222,CPD_859937920157,KME-2780,2962,train_pool
batch_1,6878,CPD_859937920157,KME-2780,2963,train_pool
batch_1,7388,CPD_859937920157,KME-2780,2964,train_pool
batch_1,8332,CPD_859937920157,KME-2780,2965,train_pool
batch_1,8455,CPD_859937920157,KME-2780,2966,test
batch_1,9223,CPD_859937920157,KME-2780,2967,train_pool
batch_1,9308,CPD_859937920157,KME-2780,2968,train_pool
batch_1,9337,CPD_859937920157,KME-2780,2969,train_pool
batch_1,9433,CPD_859937920157,KME-2780,2970,train_pool
batch_1,9529,CPD_859937920157,KME-2780,2971,test
batch_1,9675,CPD_859937920157,KME-2780,2972,train_pool
batch_1,9685,CPD_859937920157,KME-2780,2973,train_pool
batch_1,10086,CPD_859937920157,KME-2780,2974,train_pool
batch_1,10177,CPD_859937920157,KME-2780,2975,train_pool
batch_1,10216,CPD_859937920157,KME-2780,2976,train_pool
batch_1,10271,CPD_859937920157,KME-2780,2977,test
batch_1,10410,CPD_859937920157,KME-2780,2978,train_pool
batch_1,10432,CPD_859937920157,KME-2780,2979,train_pool
batch_1,10526,CPD_859937920157,KME-2780,2980,train_pool
batch_1,10563,CPD_859937920157,KME-2780,2981,train_pool
batch_1,11302,CPD_859937920157,KME-2780,2982,train_pool
batch_1,11543,CPD_859937920157,KME-2780,2983,train_pool
batch_1,11775,CPD_859937920157,KME-2780,2984,train_pool
batch_1,11782,CPD_859937920157,KME-2780,2985,train_pool
batch_1,11948,CPD_859937920157,KME-2780,2986,train_pool
batch_1,12247,CPD_859937920157,KME-2780,2987,test
batch_1,12382,CPD_859937920157,KME-2780,2988,train_pool
batch_1,12457,CPD_859937920157,KME-2780,2989,train_pool
batch_1,12523,CPD_859937920157,KME-2780,2990,train_pool
batch_1,12643,CPD_859937920157,KME-2780,2991,train_pool
batch_1,12869,CPD_859937920157,KME-2780,2992,train_pool
batch_1,12940,CPD_859937920157,KME-2780,2993,test
batch_1,13030,CPD_859937920157,KME-2780,2994,train_pool
batch_1,13194,CPD_859937920157,KME-2780,2995,train_pool
batch_1,13254,CPD_859937920157,KME-2780,2996,train_pool
batch_1,13406,CPD_859937920157,KME-2780,2997,train_pool
batch_1,13458,CPD_859937920157,KME-2780,2998,test
batch_1,13640,CPD_859937920157,KME-2780,2999,train_pool
batch_1,13674,CPD_859937920157,KME-2780,3000,train_pool
batch_1,14157,CPD_859937920157,KME-2780,3001,train_pool
batch_1,14243,CPD_859937920157,KME-2780,3002,test
batch_1,15097,CPD_859937920157,KME-2780,3003,train_pool
batch_1,15274,CPD_859937920157,KME-2780,3004,train_pool
batch_1,15351,CPD_859937920157,KME-2780,3005,train_pool
batch_1,15367,CPD_859937920157,KME-2780,3006,test
batch_1,15702,CPD_859937920157,KME-2780,3007,train_pool
batch_1,15836,CPD_859937920157,KME-2780,3008,test
batch_1,15872,CPD_859937920157,KME-2780,3009,train_pool
batch_1,15921,CPD_859937920157,KME-2780,3010,train_pool
batch_1,16116,CPD_859937920157,KME-2780,3011,train_pool
batch_1,16189,CPD_859937920157,KME-2780,3012,train_pool
batch_1,16208,CPD_859937920157,KME-2780,3013,train_pool
batch_1,16366,CPD_859937920157,KME-2780,3014,train_pool
batch_1,16500,CPD_859937920157,KME-2780,3015,test
batch_1,16552,CPD_859937920157,KME-2780,3016,train_pool
batch_1,16667,CPD_859937920157,KME-2780,3017,train_pool
batch_1,17051,CPD_859937920157,KME-2780,3018,train_pool
batch_1,17203,CPD_859937920157,KME-2780,3019,train_pool
batch_1,17920,CPD_859937920157,KME-2780,3020,train_pool
batch_1,18030,CPD_859937920157,KME-2780,3021,test
batch_1,18715,CPD_859937920157,KME-2780,3022,train_pool
batch_1,18801,CPD_859937920157,KME-2780,3023,test
batch_1,19210,CPD_859937920157,KME-2780,3024,train_pool
batch_1,19291,CPD_859937920157,KME-2780,3025,test
batch_1,19297,CPD_859937920157,KME-2780,3026,train_pool
batch_1,19663,CPD_859937920157,KME-2780,3027,train_pool
batch_1,19842,CPD_859937920157,KME-2780,3028,train_pool
batch_1,19921,CPD_859937920157,KME-2780,3029,train_pool
batch_1,19931,CPD_859937920157,KME-2780,3030,train_pool
batch_1,20348,CPD_859937920157,KME-2780,3031,train_pool
batch_1,20763,CPD_859937920157,KME-2780,3032,train_pool
batch_1,20794,CPD_859937920157,KME-2780,3033,train_pool
batch_1,21089,CPD_859937920157,KME-2780,3034,train_pool
batch_1,21474,CPD_859937920157,KME-2780,3035,train_pool
batch_1,21797,CPD_859937920157,KME-2780,3036,train_pool
batch_1,22273,CPD_859937920157,KME-2780,3037,train_pool
batch_1,22305,CPD_859937920157,KME-2780,3038,train_pool
batch_1,22330,CPD_859937920157,KME-2780,3039,train_pool
batch_1,22392,CPD_859937920157,KME-2780,3040,train_pool
batch_1,22481,CPD_859937920157,KME-2780,3041,train_pool
batch_1,22812,CPD_859937920157,KME-2780,3042,test
batch_1,22895,CPD_859937920157,KME-2780,3043,train_pool
batch_1,23006,CPD_859937920157,KME-2780,3044,train_pool
batch_1,23100,CPD_859937920157,KME-2780,3045,train_pool
batch_1,23136,CPD_859937920157,KME-2780,3046,train_pool
batch_1,23299,CPD_859937920157,KME-2780,3047,train_pool
batch_1,23932,CPD_859937920157,KME-2780,3048,train_pool
batch_1,23983,CPD_859937920157,KME-2780,3049,train_pool
batch_1,24449,CPD_859937920157,KME-2780,3050,train_pool
batch_1,24451,CPD_859937920157,KME-2780,3051,test
batch_1,24850,CPD_859937920157,KME-2780,3052,train_pool
batch_1,25124,CPD_859937920157,KME-2780,3053,train_pool
batch_1,25226,CPD_859937920157,KME-2780,3054,train_pool
batch_1,25525,CPD_859937920157,KME-2780,3055,train_pool
batch_1,25798,CPD_859937920157,KME-2780,3056,train_pool
batch_1,25940,CPD_859937920157,KME-2780,3057,train_pool
batch_1,26100,CPD_859937920157,KME-2780,3058,train_pool
batch_1,26214,CPD_859937920157,KME-2780,3059,train_pool
batch_1,26229,CPD_859937920157,KME-2780,3060,test
batch_1,26358,CPD_859937920157,KME-2780,3061,train_pool
batch_1,26416,CPD_859937920157,KME-2780,3062,train_pool
batch_1,26579,CPD_859937920157,KME-2780,3063,train_pool
batch_1,26768,CPD_859937920157,KME-2780,3064,train_pool
batch_1,26805,CPD_859937920157,KME-2780,3065,train_pool
batch_1,26909,CPD_859937920157,KME-2780,3066,train_pool
batch_1,27166,CPD_859937920157,KME-2780,3067,train_pool
batch_1,27293,CPD_859937920157,KME-2780,3068,train_pool
batch_1,27303,CPD_859937920157,KME-2780,3069,train_pool
batch_1,27704,CPD_859937920157,KME-2780,3070,train_pool
batch_1,27786,CPD_859937920157,KME-2780,3071,train_pool
batch_1,27796,CPD_859937920157,KME-2780,3072,train_pool
batch_1,27941,CPD_859937920157,KME-2780,3073,train_pool
batch_1,28332,CPD_859937920157,KME-2780,3074,train_pool
batch_1,28448,CPD_859937920157,KME-2780,3075,train_pool
batch_1,28542,CPD_859937920157,KME-2780,3076,train_pool
batch_1,28679,CPD_859937920157,KME-2780,3077,train_pool
batch_1,28846,CPD_859937920157,KME-2780,3078,test
batch_1,28989,CPD_859937920157,KME-2780,3079,train_pool
batch_1,30329,CPD_859937920157,KME-2780,3080,train_pool
batch_1,30451,CPD_859937920157,KME-2780,3081,train_pool
batch_1,30478,CPD_859937920157,KME-2780,3082,train_pool
batch_1,30663,CPD_859937920157,KME-2780,3083,train_pool
batch_1,30799,CPD_859937920157,KME-2780,3084,train_pool
batch_1,30950,CPD_859937920157,KME-2780,3085,train_pool
batch_1,31061,CPD_859937920157,KME-2780,3086,test
batch_1,31135,CPD_859937920157,KME-2780,3087,train_pool
batch_1,31260,CPD_859937920157,KME-2780,3088,train_pool
batch_1,31369,CPD_859937920157,KME-2780,3089,test
batch_1,31721,CPD_859937920157,KME-2780,3090,test
batch_1,31742,CPD_859937920157,KME-2780,3091,test
batch_1,31800,CPD_859937920157,KME-2780,3092,train_pool
batch_1,31812,CPD_859937920157,KME-2780,3093,train_pool
batch_1,31891,CPD_859937920157,KME-2780,3094,train_pool
batch_1,31936,CPD_859937920157,KME-2780,3095,train_pool
batch_1,32741,CPD_859937920157,KME-2780,3096,train_pool
batch_1,33313,CPD_859937920157,KME-2780,3097,test
batch_1,34355,CPD_859937920157,KME-2780,3098,train_pool
batch_1,34372,CPD_859937920157,KME-2780,3099,train_pool
batch_1,34726,CPD_859937920157,KME-2780,3100,train_pool
batch_1,34777,CPD_859937920157,KME-2780,3101,test
batch_1,34932,CPD_859937920157,KME-2780,3102,train_pool
batch_1,34983,CPD_859937920157,KME-2780,3103,train_pool
batch_1,35035,CPD_859937920157,KME-2780,3104,train_pool
batch_1,35215,CPD_859937920157,KME-2780,3105,test
batch_1,35322,CPD_859937920157,KME-2780,3106,test
batch_1,35353,CPD_859937920157,KME-2780,3107,train_pool
batch_1,35535,CPD_859937920157,KME-2780,3108,train_pool
batch_1,35562,CPD_859937920157,KME-2780,3109,train_pool
batch_1,35754,CPD_859937920157,KME-2780,3110,train_pool
batch_1,36010,CPD_859937920157,KME-2780,3111,train_pool
batch_1,36081,CPD_859937920157,KME-2780,3112,train_pool
batch_1,36195,CPD_859937920157,KME-2780,3113,train_pool
batch_1,36357,CPD_859937920157,KME-2780,3114,test
batch_1,36832,CPD_859937920157,KME-2780,3115,train_pool
batch_1,37171,CPD_859937920157,KME-2780,3116,train_pool
batch_1,37611,CPD_859937920157,KME-2780,3117,test
batch_1,38130,CPD_859937920157,KME-2780,3118,train_pool
batch_1,38354,CPD_859937920157,KME-2780,3119,train_pool
batch_1,38414,CPD_859937920157,KME-2780,3120,test
batch_1,38487,CPD_859937920157,KME-2780,3121,train_pool
batch_1,38658,CPD_859937920157,KME-2780,3122,test
batch_1,38689,CPD_859937920157,KME-2780,3123,train_pool
batch_1,38812,CPD_859937920157,KME-2780,3124,test
batch_1,38883,CPD_859937920157,KME-2780,3125,train_pool
batch_1,39354,CPD_859937920157,KME-2780,3126,train_pool
batch_1,39786,CPD_859937920157,KME-2780,3127,train_pool
batch_1,39815,CPD_859937920157,KME-2780,3128,train_pool
batch_1,40456,CPD_859937920157,KME-2780,3129,train_pool
batch_1,40486,CPD_859937920157,KME-2780,3130,train_pool
batch_1,40881,CPD_859937920157,KME-2780,3131,train_pool
batch_1,41009,CPD_859937920157,KME-2780,3132,test
batch_1,41150,CPD_859937920157,KME-2780,3133,train_pool
batch_1,41357,CPD_859937920157,KME-2780,3134,test
batch_1,41614,CPD_859937920157,KME-2780,3135,test
batch_1,42799,CPD_859937920157,KME-2780,3136,train_pool
batch_1,42821,CPD_859937920157,KME-2780,3137,train_pool
batch_1,42883,CPD_859937920157,KME-2780,3138,train_pool
batch_1,42985,CPD_859937920157,KME-2780,3139,train_pool
batch_1,44152,CPD_859937920157,KME-2780,3140,train_pool
batch_1,44433,CPD_859937920157,KME-2780,3141,train_pool
batch_1,44632,CPD_859937920157,KME-2780,3142,test
batch_1,45739,CPD_859937920157,KME-2780,3143,train_pool
batch_1,46517,CPD_859937920157,KME-2780,3144,train_pool
batch_1,47012,CPD_859937920157,KME-2780,3145,test
batch_1,47086,CPD_859937920157,KME-2780,3146,train_pool
batch_1,3888,CPD_570860546420,MK2-IN-1,3147,train_pool
batch_1,4076,CPD_570860546420,MK2-IN-1,3148,train_pool
batch_1,5082,CPD_570860546420,MK2-IN-1,3149,train_pool
batch_1,5095,CPD_570860546420,MK2-IN-1,3150,train_pool
batch_1,5521,CPD_570860546420,MK2-IN-1,3151,train_pool
batch_1,5576,CPD_570860546420,MK2-IN-1,3152,train_pool
batch_1,6210,CPD_570860546420,MK2-IN-1,3153,train_pool
batch_1,6418,CPD_570860546420,MK2-IN-1,3154,train_pool
batch_1,6618,CPD_570860546420,MK2-IN-1,3155,train_pool
batch_1,6796,CPD_570860546420,MK2-IN-1,3156,test
batch_1,7126,CPD_570860546420,MK2-IN-1,3157,test
batch_1,7195,CPD_570860546420,MK2-IN-1,3158,train_pool
batch_1,7715,CPD_570860546420,MK2-IN-1,3159,train_pool
batch_1,7759,CPD_570860546420,MK2-IN-1,3160,train_pool
batch_1,8235,CPD_570860546420,MK2-IN-1,3161,train_pool
batch_1,8382,CPD_570860546420,MK2-IN-1,3162,train_pool
batch_1,8683,CPD_570860546420,MK2-IN-1,3163,train_pool
batch_1,8834,CPD_570860546420,MK2-IN-1,3164,train_pool
batch_1,9305,CPD_570860546420,MK2-IN-1,3165,train_pool
batch_1,9908,CPD_570860546420,MK2-IN-1,3166,train_pool
batch_1,10108,CPD_570860546420,MK2-IN-1,3167,test
batch_1,10387,CPD_570860546420,MK2-IN-1,3168,train_pool
batch_1,10531,CPD_570860546420,MK2-IN-1,3169,train_pool
batch_1,11199,CPD_570860546420,MK2-IN-1,3170,train_pool
batch_1,11275,CPD_570860546420,MK2-IN-1,3171,train_pool
batch_1,11380,CPD_570860546420,MK2-IN-1,3172,train_pool
batch_1,11747,CPD_570860546420,MK2-IN-1,3173,train_pool
batch_1,12065,CPD_570860546420,MK2-IN-1,3174,train_pool
batch_1,12279,CPD_570860546420,MK2-IN-1,3175,test
batch_1,12788,CPD_570860546420,MK2-IN-1,3176,train_pool
batch_1,13210,CPD_570860546420,MK2-IN-1,3177,train_pool
batch_1,13257,CPD_570860546420,MK2-IN-1,3178,train_pool
batch_1,13536,CPD_570860546420,MK2-IN-1,3179,train_pool
batch_1,14110,CPD_570860546420,MK2-IN-1,3180,train_pool
batch_1,14717,CPD_570860546420,MK2-IN-1,3181,train_pool
batch_1,15551,CPD_570860546420,MK2-IN-1,3182,train_pool
batch_1,15934,CPD_570860546420,MK2-IN-1,3183,train_pool
batch_1,15962,CPD_570860546420,MK2-IN-1,3184,train_pool
batch_1,16065,CPD_570860546420,MK2-IN-1,3185,train_pool
batch_1,16220,CPD_570860546420,MK2-IN-1,3186,train_pool
batch_1,16243,CPD_570860546420,MK2-IN-1,3187,test
batch_1,17250,CPD_570860546420,MK2-IN-1,3188,train_pool
batch_1,17662,CPD_570860546420,MK2-IN-1,3189,train_pool
batch_1,17786,CPD_570860546420,MK2-IN-1,3190,train_pool
batch_1,17839,CPD_570860546420,MK2-IN-1,3191,train_pool
batch_1,17900,CPD_570860546420,MK2-IN-1,3192,train_pool
batch_1,18088,CPD_570860546420,MK2-IN-1,3193,train_pool
batch_1,18767,CPD_570860546420,MK2-IN-1,3194,train_pool
batch_1,18792,CPD_570860546420,MK2-IN-1,3195,test
batch_1,18962,CPD_570860546420,MK2-IN-1,3196,test
batch_1,19541,CPD_570860546420,MK2-IN-1,3197,train_pool
batch_1,19600,CPD_570860546420,MK2-IN-1,3198,test
batch_1,19629,CPD_570860546420,MK2-IN-1,3199,train_pool
batch_1,19869,CPD_570860546420,MK2-IN-1,3200,train_pool
batch_1,20671,CPD_570860546420,MK2-IN-1,3201,train_pool
batch_1,20822,CPD_570860546420,MK2-IN-1,3202,train_pool
batch_1,20965,CPD_570860546420,MK2-IN-1,3203,train_pool
batch_1,20974,CPD_570860546420,MK2-IN-1,3204,train_pool
batch_1,21471,CPD_570860546420,MK2-IN-1,3205,train_pool
batch_1,21539,CPD_570860546420,MK2-IN-1,3206,test
batch_1,21560,CPD_570860546420,MK2-IN-1,3207,train_pool
batch_1,21730,CPD_570860546420,MK2-IN-1,3208,train_pool
batch_1,22135,CPD_570860546420,MK2-IN-1,3209,train_pool
batch_1,22483,CPD_570860546420,MK2-IN-1,3210,train_pool
batch_1,22527,CPD_570860546420,MK2-IN-1,3211,train_pool
batch_1,22782,CPD_570860546420,MK2-IN-1,3212,test
batch_1,22842,CPD_570860546420,MK2-IN-1,3213,test
batch_1,22916,CPD_570860546420,MK2-IN-1,3214,train_pool
batch_1,23040,CPD_570860546420,MK2-IN-1,3215,test
batch_1,23260,CPD_570860546420,MK2-IN-1,3216,train_pool
batch_1,23360,CPD_570860546420,MK2-IN-1,3217,train_pool
batch_1,23374,CPD_570860546420,MK2-IN-1,3218,train_pool
batch_1,23450,CPD_570860546420,MK2-IN-1,3219,test
batch_1,23516,CPD_570860546420,MK2-IN-1,3220,train_pool
batch_1,23537,CPD_570860546420,MK2-IN-1,3221,train_pool
batch_1,23683,CPD_570860546420,MK2-IN-1,3222,test
batch_1,23697,CPD_570860546420,MK2-IN-1,3223,train_pool
batch_1,23737,CPD_570860546420,MK2-IN-1,3224,train_pool
batch_1,24020,CPD_570860546420,MK2-IN-1,3225,train_pool
batch_1,24036,CPD_570860546420,MK2-IN-1,3226,test
batch_1,24382,CPD_570860546420,MK2-IN-1,3227,train_pool
batch_1,25479,CPD_570860546420,MK2-IN-1,3228,train_pool
batch_1,25818,CPD_570860546420,MK2-IN-1,3229,train_pool
batch_1,26014,CPD_570860546420,MK2-IN-1,3230,test
batch_1,26984,CPD_570860546420,MK2-IN-1,3231,train_pool
batch_1,27077,CPD_570860546420,MK2-IN-1,3232,test
batch_1,27082,CPD_570860546420,MK2-IN-1,3233,train_pool
batch_1,27473,CPD_570860546420,MK2-IN-1,3234,train_pool
batch_1,27638,CPD_570860546420,MK2-IN-1,3235,test
batch_1,27670,CPD_570860546420,MK2-IN-1,3236,test
batch_1,28295,CPD_570860546420,MK2-IN-1,3237,train_pool
batch_1,28744,CPD_570860546420,MK2-IN-1,3238,train_pool
batch_1,29443,CPD_570860546420,MK2-IN-1,3239,train_pool
batch_1,30187,CPD_570860546420,MK2-IN-1,3240,test
batch_1,30242,CPD_570860546420,MK2-IN-1,3241,test
batch_1,30513,CPD_570860546420,MK2-IN-1,3242,train_pool
batch_1,30747,CPD_570860546420,MK2-IN-1,3243,train_pool
batch_1,31103,CPD_570860546420,MK2-IN-1,3244,train_pool
batch_1,31275,CPD_570860546420,MK2-IN-1,3245,test
batch_1,31461,CPD_570860546420,MK2-IN-1,3246,train_pool
batch_1,31604,CPD_570860546420,MK2-IN-1,3247,train_pool
batch_1,31867,CPD_570860546420,MK2-IN-1,3248,train_pool
batch_1,31881,CPD_570860546420,MK2-IN-1,3249,test
batch_1,32282,CPD_570860546420,MK2-IN-1,3250,train_pool
batch_1,32311,CPD_570860546420,MK2-IN-1,3251,train_pool
batch_1,32314,CPD_570860546420,MK2-IN-1,3252,train_pool
batch_1,32868,CPD_570860546420,MK2-IN-1,3253,train_pool
batch_1,33462,CPD_570860546420,MK2-IN-1,3254,train_pool
batch_1,33575,CPD_570860546420,MK2-IN-1,3255,train_pool
batch_1,34093,CPD_570860546420,MK2-IN-1,3256,train_pool
batch_1,34513,CPD_570860546420,MK2-IN-1,3257,train_pool
batch_1,34867,CPD_570860546420,MK2-IN-1,3258,train_pool
batch_1,35548,CPD_570860546420,MK2-IN-1,3259,train_pool
batch_1,35693,CPD_570860546420,MK2-IN-1,3260,train_pool
batch_1,36435,CPD_570860546420,MK2-IN-1,3261,train_pool
batch_1,36992,CPD_570860546420,MK2-IN-1,3262,test
batch_1,37234,CPD_570860546420,MK2-IN-1,3263,train_pool
batch_1,38062,CPD_570860546420,MK2-IN-1,3264,test
batch_1,38120,CPD_570860546420,MK2-IN-1,3265,train_pool
batch_1,38532,CPD_570860546420,MK2-IN-1,3266,test
batch_1,38951,CPD_570860546420,MK2-IN-1,3267,train_pool
batch_1,38969,CPD_570860546420,MK2-IN-1,3268,train_pool
batch_1,39348,CPD_570860546420,MK2-IN-1,3269,test
batch_1,39877,CPD_570860546420,MK2-IN-1,3270,train_pool
batch_1,40286,CPD_570860546420,MK2-IN-1,3271,train_pool
batch_1,40336,CPD_570860546420,MK2-IN-1,3272,train_pool
batch_1,40393,CPD_570860546420,MK2-IN-1,3273,train_pool
batch_1,40500,CPD_570860546420,MK2-IN-1,3274,test
batch_1,41099,CPD_570860546420,MK2-IN-1,3275,train_pool
batch_1,42056,CPD_570860546420,MK2-IN-1,3276,train_pool
batch_1,42365,CPD_570860546420,MK2-IN-1,3277,train_pool
batch_1,42413,CPD_570860546420,MK2-IN-1,3278,train_pool
batch_1,42595,CPD_570860546420,MK2-IN-1,3279,train_pool
batch_1,42702,CPD_570860546420,MK2-IN-1,3280,train_pool
batch_1,44188,CPD_570860546420,MK2-IN-1,3281,train_pool
batch_1,44190,CPD_570860546420,MK2-IN-1,3282,train_pool
batch_1,45191,CPD_570860546420,MK2-IN-1,3283,train_pool
batch_1,46528,CPD_570860546420,MK2-IN-1,3284,train_pool
batch_1,1566,CPD_780406670572,MSC1094308,3285,test
batch_1,2174,CPD_780406670572,MSC1094308,3286,test
batch_1,2753,CPD_780406670572,MSC1094308,3287,test
batch_1,2830,CPD_780406670572,MSC1094308,3288,train_pool
batch_1,3348,CPD_780406670572,MSC1094308,3289,train_pool
batch_1,3407,CPD_780406670572,MSC1094308,3290,train_pool
batch_1,4096,CPD_780406670572,MSC1094308,3291,train_pool
batch_1,4118,CPD_780406670572,MSC1094308,3292,train_pool
batch_1,4497,CPD_780406670572,MSC1094308,3293,train_pool
batch_1,4610,CPD_780406670572,MSC1094308,3294,train_pool
batch_1,6220,CPD_780406670572,MSC1094308,3295,test
batch_1,6343,CPD_780406670572,MSC1094308,3296,test
batch_1,6457,CPD_780406670572,MSC1094308,3297,train_pool
batch_1,6861,CPD_780406670572,MSC1094308,3298,train_pool
batch_1,7208,CPD_780406670572,MSC1094308,3299,train_pool
batch_1,7906,CPD_780406670572,MSC1094308,3300,train_pool
batch_1,8439,CPD_780406670572,MSC1094308,3301,train_pool
batch_1,8543,CPD_780406670572,MSC1094308,3302,train_pool
batch_1,8671,CPD_780406670572,MSC1094308,3303,train_pool
batch_1,8778,CPD_780406670572,MSC1094308,3304,train_pool
batch_1,8988,CPD_780406670572,MSC1094308,3305,train_pool
batch_1,9582,CPD_780406670572,MSC1094308,3306,test
batch_1,9674,CPD_780406670572,MSC1094308,3307,train_pool
batch_1,10015,CPD_780406670572,MSC1094308,3308,train_pool
batch_1,10875,CPD_780406670572,MSC1094308,3309,train_pool
batch_1,11106,CPD_780406670572,MSC1094308,3310,test
batch_1,11181,CPD_780406670572,MSC1094308,3311,train_pool
batch_1,11314,CPD_780406670572,MSC1094308,3312,train_pool
batch_1,11438,CPD_780406670572,MSC1094308,3313,train_pool
batch_1,11474,CPD_780406670572,MSC1094308,3314,train_pool
batch_1,11780,CPD_780406670572,MSC1094308,3315,train_pool
batch_1,11824,CPD_780406670572,MSC1094308,3316,test
batch_1,12080,CPD_780406670572,MSC1094308,3317,test
batch_1,12319,CPD_780406670572,MSC1094308,3318,train_pool
batch_1,12654,CPD_780406670572,MSC1094308,3319,train_pool
batch_1,12990,CPD_780406670572,MSC1094308,3320,test
batch_1,13048,CPD_780406670572,MSC1094308,3321,train_pool
batch_1,13148,CPD_780406670572,MSC1094308,3322,train_pool
batch_1,13403,CPD_780406670572,MSC1094308,3323,train_pool
batch_1,13701,CPD_780406670572,MSC1094308,3324,train_pool
batch_1,13703,CPD_780406670572,MSC1094308,3325,train_pool
batch_1,13882,CPD_780406670572,MSC1094308,3326,train_pool
batch_1,14326,CPD_780406670572,MSC1094308,3327,train_pool
batch_1,14564,CPD_780406670572,MSC1094308,3328,train_pool
batch_1,14759,CPD_780406670572,MSC1094308,3329,train_pool
batch_1,14883,CPD_780406670572,MSC1094308,3330,train_pool
batch_1,15213,CPD_780406670572,MSC1094308,3331,train_pool
batch_1,15270,CPD_780406670572,MSC1094308,3332,train_pool
batch_1,15287,CPD_780406670572,MSC1094308,3333,train_pool
batch_1,15302,CPD_780406670572,MSC1094308,3334,train_pool
batch_1,15733,CPD_780406670572,MSC1094308,3335,test
batch_1,15772,CPD_780406670572,MSC1094308,3336,train_pool
batch_1,16010,CPD_780406670572,MSC1094308,3337,train_pool
batch_1,16109,CPD_780406670572,MSC1094308,3338,train_pool
batch_1,16304,CPD_780406670572,MSC1094308,3339,train_pool
batch_1,16479,CPD_780406670572,MSC1094308,3340,test
batch_1,16708,CPD_780406670572,MSC1094308,3341,train_pool
batch_1,16751,CPD_780406670572,MSC1094308,3342,train_pool
batch_1,16983,CPD_780406670572,MSC1094308,3343,train_pool
batch_1,17114,CPD_780406670572,MSC1094308,3344,train_pool
batch_1,17189,CPD_780406670572,MSC1094308,3345,train_pool
batch_1,17347,CPD_780406670572,MSC1094308,3346,test
batch_1,17703,CPD_780406670572,MSC1094308,3347,train_pool
batch_1,17841,CPD_780406670572,MSC1094308,3348,train_pool
batch_1,17942,CPD_780406670572,MSC1094308,3349,train_pool
batch_1,18503,CPD_780406670572,MSC1094308,3350,train_pool
batch_1,18508,CPD_780406670572,MSC1094308,3351,train_pool
batch_1,18608,CPD_780406670572,MSC1094308,3352,train_pool
batch_1,18667,CPD_780406670572,MSC1094308,3353,train_pool
batch_1,18812,CPD_780406670572,MSC1094308,3354,test
batch_1,18959,CPD_780406670572,MSC1094308,3355,train_pool
batch_1,19509,CPD_780406670572,MSC1094308,3356,train_pool
batch_1,19574,CPD_780406670572,MSC1094308,3357,test
batch_1,19611,CPD_780406670572,MSC1094308,3358,train_pool
batch_1,19976,CPD_780406670572,MSC1094308,3359,train_pool
batch_1,20188,CPD_780406670572,MSC1094308,3360,train_pool
batch_1,20676,CPD_780406670572,MSC1094308,3361,train_pool
batch_1,20969,CPD_780406670572,MSC1094308,3362,train_pool
batch_1,21228,CPD_780406670572,MSC1094308,3363,test
batch_1,21234,CPD_780406670572,MSC1094308,3364,train_pool
batch_1,21267,CPD_780406670572,MSC1094308,3365,train_pool
batch_1,21284,CPD_780406670572,MSC1094308,3366,train_pool
batch_1,21483,CPD_780406670572,MSC1094308,3367,train_pool
batch_1,21606,CPD_780406670572,MSC1094308,3368,test
batch_1,21679,CPD_780406670572,MSC1094308,3369,train_pool
batch_1,21745,CPD_780406670572,MSC1094308,3370,train_pool
batch_1,21801,CPD_780406670572,MSC1094308,3371,test
batch_1,21850,CPD_780406670572,MSC1094308,3372,test
batch_1,21934,CPD_780406670572,MSC1094308,3373,test
batch_1,21947,CPD_780406670572,MSC1094308,3374,test
batch_1,22167,CPD_780406670572,MSC1094308,3375,train_pool
batch_1,22253,CPD_780406670572,MSC1094308,3376,train_pool
batch_1,22265,CPD_780406670572,MSC1094308,3377,train_pool
batch_1,22649,CPD_780406670572,MSC1094308,3378,train_pool
batch_1,22984,CPD_780406670572,MSC1094308,3379,train_pool
batch_1,23092,CPD_780406670572,MSC1094308,3380,test
batch_1,23362,CPD_780406670572,MSC1094308,3381,train_pool
batch_1,23978,CPD_780406670572,MSC1094308,3382,train_pool
batch_1,24060,CPD_780406670572,MSC1094308,3383,train_pool
batch_1,24103,CPD_780406670572,MSC1094308,3384,train_pool
batch_1,24329,CPD_780406670572,MSC1094308,3385,test
batch_1,24575,CPD_780406670572,MSC1094308,3386,train_pool
batch_1,24580,CPD_780406670572,MSC1094308,3387,train_pool
batch_1,25344,CPD_780406670572,MSC1094308,3388,train_pool
batch_1,25950,CPD_780406670572,MSC1094308,3389,train_pool
batch_1,26084,CPD_780406670572,MSC1094308,3390,train_pool
batch_1,26377,CPD_780406670572,MSC1094308,3391,train_pool
batch_1,26724,CPD_780406670572,MSC1094308,3392,train_pool
batch_1,26753,CPD_780406670572,MSC1094308,3393,train_pool
batch_1,26911,CPD_780406670572,MSC1094308,3394,train_pool
batch_1,27626,CPD_780406670572,MSC1094308,3395,train_pool
batch_1,28149,CPD_780406670572,MSC1094308,3396,train_pool
batch_1,28233,CPD_780406670572,MSC1094308,3397,train_pool
batch_1,28790,CPD_780406670572,MSC1094308,3398,train_pool
batch_1,29048,CPD_780406670572,MSC1094308,3399,train_pool
batch_1,29493,CPD_780406670572,MSC1094308,3400,train_pool
batch_1,29528,CPD_780406670572,MSC1094308,3401,train_pool
batch_1,29778,CPD_780406670572,MSC1094308,3402,test
batch_1,29982,CPD_780406670572,MSC1094308,3403,train_pool
batch_1,30010,CPD_780406670572,MSC1094308,3404,train_pool
batch_1,30127,CPD_780406670572,MSC1094308,3405,train_pool
batch_1,30285,CPD_780406670572,MSC1094308,3406,test
batch_1,30380,CPD_780406670572,MSC1094308,3407,train_pool
batch_1,30430,CPD_780406670572,MSC1094308,3408,train_pool
batch_1,30529,CPD_780406670572,MSC1094308,3409,train_pool
batch_1,30934,CPD_780406670572,MSC1094308,3410,train_pool
batch_1,31188,CPD_780406670572,MSC1094308,3411,train_pool
batch_1,31314,CPD_780406670572,MSC1094308,3412,train_pool
batch_1,31509,CPD_780406670572,MSC1094308,3413,train_pool
batch_1,31540,CPD_780406670572,MSC1094308,3414,train_pool
batch_1,31638,CPD_780406670572,MSC1094308,3415,train_pool
batch_1,31693,CPD_780406670572,MSC1094308,3416,train_pool
batch_1,31708,CPD_780406670572,MSC1094308,3417,test
batch_1,31746,CPD_780406670572,MSC1094308,3418,train_pool
batch_1,31760,CPD_780406670572,MSC1094308,3419,test
batch_1,32017,CPD_780406670572,MSC1094308,3420,test
batch_1,32299,CPD_780406670572,MSC1094308,3421,train_pool
batch_1,32319,CPD_780406670572,MSC1094308,3422,train_pool
batch_1,32405,CPD_780406670572,MSC1094308,3423,test
batch_1,32463,CPD_780406670572,MSC1094308,3424,train_pool
batch_1,32731,CPD_780406670572,MSC1094308,3425,train_pool
batch_1,32767,CPD_780406670572,MSC1094308,3426,test
batch_1,32888,CPD_780406670572,MSC1094308,3427,train_pool
batch_1,33431,CPD_780406670572,MSC1094308,3428,train_pool
batch_1,33601,CPD_780406670572,MSC1094308,3429,train_pool
batch_1,33697,CPD_780406670572,MSC1094308,3430,train_pool
batch_1,33709,CPD_780406670572,MSC1094308,3431,train_pool
batch_1,34112,CPD_780406670572,MSC1094308,3432,train_pool
batch_1,34223,CPD_780406670572,MSC1094308,3433,train_pool
batch_1,34238,CPD_780406670572,MSC1094308,3434,train_pool
batch_1,34434,CPD_780406670572,MSC1094308,3435,train_pool
batch_1,34449,CPD_780406670572,MSC1094308,3436,train_pool
batch_1,34741,CPD_780406670572,MSC1094308,3437,test
batch_1,35256,CPD_780406670572,MSC1094308,3438,test
batch_1,35739,CPD_780406670572,MSC1094308,3439,train_pool
batch_1,36280,CPD_780406670572,MSC1094308,3440,test
batch_1,36837,CPD_780406670572,MSC1094308,3441,train_pool
batch_1,36847,CPD_780406670572,MSC1094308,3442,train_pool
batch_1,38350,CPD_780406670572,MSC1094308,3443,train_pool
batch_1,38584,CPD_780406670572,MSC1094308,3444,train_pool
batch_1,38780,CPD_780406670572,MSC1094308,3445,train_pool
batch_1,38794,CPD_780406670572,MSC1094308,3446,train_pool
batch_1,39097,CPD_780406670572,MSC1094308,3447,train_pool
batch_1,39220,CPD_780406670572,MSC1094308,3448,train_pool
batch_1,39395,CPD_780406670572,MSC1094308,3449,train_pool
batch_1,39481,CPD_780406670572,MSC1094308,3450,train_pool
batch_1,39541,CPD_780406670572,MSC1094308,3451,train_pool
batch_1,39737,CPD_780406670572,MSC1094308,3452,train_pool
batch_1,40434,CPD_780406670572,MSC1094308,3453,train_pool
batch_1,40847,CPD_780406670572,MSC1094308,3454,train_pool
batch_1,41254,CPD_780406670572,MSC1094308,3455,train_pool
batch_1,41539,CPD_780406670572,MSC1094308,3456,test
batch_1,41741,CPD_780406670572,MSC1094308,3457,train_pool
batch_1,41865,CPD_780406670572,MSC1094308,3458,train_pool
batch_1,42013,CPD_780406670572,MSC1094308,3459,train_pool
batch_1,42052,CPD_780406670572,MSC1094308,3460,train_pool
batch_1,43023,CPD_780406670572,MSC1094308,3461,test
batch_1,43561,CPD_780406670572,MSC1094308,3462,train_pool
batch_1,43734,CPD_780406670572,MSC1094308,3463,train_pool
batch_1,44363,CPD_780406670572,MSC1094308,3464,train_pool
batch_1,44989,CPD_780406670572,MSC1094308,3465,train_pool
batch_1,45168,CPD_780406670572,MSC1094308,3466,test
batch_1,45303,CPD_780406670572,MSC1094308,3467,test
batch_1,45451,CPD_780406670572,MSC1094308,3468,train_pool
batch_1,46427,CPD_780406670572,MSC1094308,3469,train_pool
batch_1,47724,CPD_780406670572,MSC1094308,3470,train_pool
batch_1,49336,CPD_780406670572,MSC1094308,3471,train_pool
batch_1,162,CPD_351179563828,N-deshydroxyethyl dasatinib,3472,train_pool
batch_1,276,CPD_351179563828,N-deshydroxyethyl dasatinib,3473,train_pool
batch_1,448,CPD_351179563828,N-deshydroxyethyl dasatinib,3474,train_pool
batch_1,4136,CPD_351179563828,N-deshydroxyethyl dasatinib,3475,test
batch_1,4436,CPD_351179563828,N-deshydroxyethyl dasatinib,3476,test
batch_1,4553,CPD_351179563828,N-deshydroxyethyl dasatinib,3477,train_pool
batch_1,4929,CPD_351179563828,N-deshydroxyethyl dasatinib,3478,train_pool
batch_1,5102,CPD_351179563828,N-deshydroxyethyl dasatinib,3479,train_pool
batch_1,5201,CPD_351179563828,N-deshydroxyethyl dasatinib,3480,train_pool
batch_1,5207,CPD_351179563828,N-deshydroxyethyl dasatinib,3481,test
batch_1,5391,CPD_351179563828,N-deshydroxyethyl dasatinib,3482,train_pool
batch_1,6063,CPD_351179563828,N-deshydroxyethyl dasatinib,3483,train_pool
batch_1,6284,CPD_351179563828,N-deshydroxyethyl dasatinib,3484,train_pool
batch_1,6657,CPD_351179563828,N-deshydroxyethyl dasatinib,3485,train_pool
batch_1,7152,CPD_351179563828,N-deshydroxyethyl dasatinib,3486,train_pool
batch_1,7463,CPD_351179563828,N-deshydroxyethyl dasatinib,3487,train_pool
batch_1,7623,CPD_351179563828,N-deshydroxyethyl dasatinib,3488,train_pool
batch_1,8111,CPD_351179563828,N-deshydroxyethyl dasatinib,3489,train_pool
batch_1,8769,CPD_351179563828,N-deshydroxyethyl dasatinib,3490,test
batch_1,9752,CPD_351179563828,N-deshydroxyethyl dasatinib,3491,train_pool
batch_1,9984,CPD_351179563828,N-deshydroxyethyl dasatinib,3492,train_pool
batch_1,10147,CPD_351179563828,N-deshydroxyethyl dasatinib,3493,test
batch_1,10156,CPD_351179563828,N-deshydroxyethyl dasatinib,3494,train_pool
batch_1,10384,CPD_351179563828,N-deshydroxyethyl dasatinib,3495,train_pool
batch_1,10587,CPD_351179563828,N-deshydroxyethyl dasatinib,3496,train_pool
batch_1,10598,CPD_351179563828,N-deshydroxyethyl dasatinib,3497,train_pool
batch_1,10796,CPD_351179563828,N-deshydroxyethyl dasatinib,3498,train_pool
batch_1,11132,CPD_351179563828,N-deshydroxyethyl dasatinib,3499,test
batch_1,11236,CPD_351179563828,N-deshydroxyethyl dasatinib,3500,train_pool
batch_1,11353,CPD_351179563828,N-deshydroxyethyl dasatinib,3501,train_pool
batch_1,11589,CPD_351179563828,N-deshydroxyethyl dasatinib,3502,train_pool
batch_1,11825,CPD_351179563828,N-deshydroxyethyl dasatinib,3503,train_pool
batch_1,12023,CPD_351179563828,N-deshydroxyethyl dasatinib,3504,train_pool
batch_1,12173,CPD_351179563828,N-deshydroxyethyl dasatinib,3505,train_pool
batch_1,12190,CPD_351179563828,N-deshydroxyethyl dasatinib,3506,train_pool
batch_1,12282,CPD_351179563828,N-deshydroxyethyl dasatinib,3507,train_pool
batch_1,12287,CPD_351179563828,N-deshydroxyethyl dasatinib,3508,test
batch_1,12293,CPD_351179563828,N-deshydroxyethyl dasatinib,3509,train_pool
batch_1,12684,CPD_351179563828,N-deshydroxyethyl dasatinib,3510,train_pool
batch_1,12726,CPD_351179563828,N-deshydroxyethyl dasatinib,3511,train_pool
batch_1,13031,CPD_351179563828,N-deshydroxyethyl dasatinib,3512,train_pool
batch_1,13049,CPD_351179563828,N-deshydroxyethyl dasatinib,3513,train_pool
batch_1,13413,CPD_351179563828,N-deshydroxyethyl dasatinib,3514,train_pool
batch_1,13568,CPD_351179563828,N-deshydroxyethyl dasatinib,3515,train_pool
batch_1,13588,CPD_351179563828,N-deshydroxyethyl dasatinib,3516,train_pool
batch_1,13726,CPD_351179563828,N-deshydroxyethyl dasatinib,3517,train_pool
batch_1,13881,CPD_351179563828,N-deshydroxyethyl dasatinib,3518,train_pool
batch_1,13920,CPD_351179563828,N-deshydroxyethyl dasatinib,3519,train_pool
batch_1,13984,CPD_351179563828,N-deshydroxyethyl dasatinib,3520,train_pool
batch_1,14278,CPD_351179563828,N-deshydroxyethyl dasatinib,3521,train_pool
batch_1,14287,CPD_351179563828,N-deshydroxyethyl dasatinib,3522,train_pool
batch_1,14302,CPD_351179563828,N-deshydroxyethyl dasatinib,3523,train_pool
batch_1,14345,CPD_351179563828,N-deshydroxyethyl dasatinib,3524,train_pool
batch_1,14349,CPD_351179563828,N-deshydroxyethyl dasatinib,3525,test
batch_1,14675,CPD_351179563828,N-deshydroxyethyl dasatinib,3526,test
batch_1,14730,CPD_351179563828,N-deshydroxyethyl dasatinib,3527,train_pool
batch_1,14816,CPD_351179563828,N-deshydroxyethyl dasatinib,3528,train_pool
batch_1,15199,CPD_351179563828,N-deshydroxyethyl dasatinib,3529,train_pool
batch_1,15231,CPD_351179563828,N-deshydroxyethyl dasatinib,3530,train_pool
batch_1,15437,CPD_351179563828,N-deshydroxyethyl dasatinib,3531,train_pool
batch_1,15771,CPD_351179563828,N-deshydroxyethyl dasatinib,3532,test
batch_1,15800,CPD_351179563828,N-deshydroxyethyl dasatinib,3533,train_pool
batch_1,15906,CPD_351179563828,N-deshydroxyethyl dasatinib,3534,test
batch_1,15961,CPD_351179563828,N-deshydroxyethyl dasatinib,3535,train_pool
batch_1,16051,CPD_351179563828,N-deshydroxyethyl dasatinib,3536,train_pool
batch_1,16068,CPD_351179563828,N-deshydroxyethyl dasatinib,3537,train_pool
batch_1,16105,CPD_351179563828,N-deshydroxyethyl dasatinib,3538,train_pool
batch_1,16381,CPD_351179563828,N-deshydroxyethyl dasatinib,3539,train_pool
batch_1,16766,CPD_351179563828,N-deshydroxyethyl dasatinib,3540,test
batch_1,16875,CPD_351179563828,N-deshydroxyethyl dasatinib,3541,train_pool
batch_1,16922,CPD_351179563828,N-deshydroxyethyl dasatinib,3542,train_pool
batch_1,16934,CPD_351179563828,N-deshydroxyethyl dasatinib,3543,test
batch_1,17097,CPD_351179563828,N-deshydroxyethyl dasatinib,3544,train_pool
batch_1,17123,CPD_351179563828,N-deshydroxyethyl dasatinib,3545,train_pool
batch_1,17239,CPD_351179563828,N-deshydroxyethyl dasatinib,3546,train_pool
batch_1,17559,CPD_351179563828,N-deshydroxyethyl dasatinib,3547,train_pool
batch_1,17585,CPD_351179563828,N-deshydroxyethyl dasatinib,3548,test
batch_1,17679,CPD_351179563828,N-deshydroxyethyl dasatinib,3549,test
batch_1,17802,CPD_351179563828,N-deshydroxyethyl dasatinib,3550,train_pool
batch_1,18064,CPD_351179563828,N-deshydroxyethyl dasatinib,3551,train_pool
batch_1,18175,CPD_351179563828,N-deshydroxyethyl dasatinib,3552,train_pool
batch_1,18254,CPD_351179563828,N-deshydroxyethyl dasatinib,3553,train_pool
batch_1,18461,CPD_351179563828,N-deshydroxyethyl dasatinib,3554,test
batch_1,18555,CPD_351179563828,N-deshydroxyethyl dasatinib,3555,train_pool
batch_1,19531,CPD_351179563828,N-deshydroxyethyl dasatinib,3556,train_pool
batch_1,19908,CPD_351179563828,N-deshydroxyethyl dasatinib,3557,test
batch_1,20241,CPD_351179563828,N-deshydroxyethyl dasatinib,3558,train_pool
batch_1,20584,CPD_351179563828,N-deshydroxyethyl dasatinib,3559,test
batch_1,20769,CPD_351179563828,N-deshydroxyethyl dasatinib,3560,train_pool
batch_1,20770,CPD_351179563828,N-deshydroxyethyl dasatinib,3561,train_pool
batch_1,20832,CPD_351179563828,N-deshydroxyethyl dasatinib,3562,train_pool
batch_1,20849,CPD_351179563828,N-deshydroxyethyl dasatinib,3563,train_pool
batch_1,21217,CPD_351179563828,N-deshydroxyethyl dasatinib,3564,train_pool
batch_1,21503,CPD_351179563828,N-deshydroxyethyl dasatinib,3565,test
batch_1,21600,CPD_351179563828,N-deshydroxyethyl dasatinib,3566,test
batch_1,22241,CPD_351179563828,N-deshydroxyethyl dasatinib,3567,train_pool
batch_1,22257,CPD_351179563828,N-deshydroxyethyl dasatinib,3568,train_pool
batch_1,22260,CPD_351179563828,N-deshydroxyethyl dasatinib,3569,train_pool
batch_1,22279,CPD_351179563828,N-deshydroxyethyl dasatinib,3570,train_pool
batch_1,23279,CPD_351179563828,N-deshydroxyethyl dasatinib,3571,test
batch_1,23282,CPD_351179563828,N-deshydroxyethyl dasatinib,3572,test
batch_1,23435,CPD_351179563828,N-deshydroxyethyl dasatinib,3573,train_pool
batch_1,23681,CPD_351179563828,N-deshydroxyethyl dasatinib,3574,train_pool
batch_1,23753,CPD_351179563828,N-deshydroxyethyl dasatinib,3575,train_pool
batch_1,23853,CPD_351179563828,N-deshydroxyethyl dasatinib,3576,train_pool
batch_1,24237,CPD_351179563828,N-deshydroxyethyl dasatinib,3577,train_pool
batch_1,24271,CPD_351179563828,N-deshydroxyethyl dasatinib,3578,train_pool
batch_1,24353,CPD_351179563828,N-deshydroxyethyl dasatinib,3579,train_pool
batch_1,24367,CPD_351179563828,N-deshydroxyethyl dasatinib,3580,test
batch_1,24602,CPD_351179563828,N-deshydroxyethyl dasatinib,3581,train_pool
batch_1,24776,CPD_351179563828,N-deshydroxyethyl dasatinib,3582,train_pool
batch_1,24778,CPD_351179563828,N-deshydroxyethyl dasatinib,3583,train_pool
batch_1,25138,CPD_351179563828,N-deshydroxyethyl dasatinib,3584,train_pool
batch_1,25385,CPD_351179563828,N-deshydroxyethyl dasatinib,3585,train_pool
batch_1,25478,CPD_351179563828,N-deshydroxyethyl dasatinib,3586,train_pool
batch_1,25819,CPD_351179563828,N-deshydroxyethyl dasatinib,3587,train_pool
batch_1,25932,CPD_351179563828,N-deshydroxyethyl dasatinib,3588,train_pool
batch_1,25995,CPD_351179563828,N-deshydroxyethyl dasatinib,3589,test
batch_1,26023,CPD_351179563828,N-deshydroxyethyl dasatinib,3590,train_pool
batch_1,26046,CPD_351179563828,N-deshydroxyethyl dasatinib,3591,train_pool
batch_1,26256,CPD_351179563828,N-deshydroxyethyl dasatinib,3592,train_pool
batch_1,26305,CPD_351179563828,N-deshydroxyethyl dasatinib,3593,train_pool
batch_1,26347,CPD_351179563828,N-deshydroxyethyl dasatinib,3594,train_pool
batch_1,26631,CPD_351179563828,N-deshydroxyethyl dasatinib,3595,train_pool
batch_1,26834,CPD_351179563828,N-deshydroxyethyl dasatinib,3596,test
batch_1,27105,CPD_351179563828,N-deshydroxyethyl dasatinib,3597,train_pool
batch_1,27538,CPD_351179563828,N-deshydroxyethyl dasatinib,3598,test
batch_1,27697,CPD_351179563828,N-deshydroxyethyl dasatinib,3599,test
batch_1,27863,CPD_351179563828,N-deshydroxyethyl dasatinib,3600,train_pool
batch_1,27892,CPD_351179563828,N-deshydroxyethyl dasatinib,3601,train_pool
batch_1,27979,CPD_351179563828,N-deshydroxyethyl dasatinib,3602,train_pool
batch_1,28362,CPD_351179563828,N-deshydroxyethyl dasatinib,3603,train_pool
batch_1,28489,CPD_351179563828,N-deshydroxyethyl dasatinib,3604,train_pool
batch_1,28788,CPD_351179563828,N-deshydroxyethyl dasatinib,3605,train_pool
batch_1,29065,CPD_351179563828,N-deshydroxyethyl dasatinib,3606,train_pool
batch_1,29313,CPD_351179563828,N-deshydroxyethyl dasatinib,3607,train_pool
batch_1,29481,CPD_351179563828,N-deshydroxyethyl dasatinib,3608,train_pool
batch_1,29650,CPD_351179563828,N-deshydroxyethyl dasatinib,3609,train_pool
batch_1,30053,CPD_351179563828,N-deshydroxyethyl dasatinib,3610,train_pool
batch_1,30410,CPD_351179563828,N-deshydroxyethyl dasatinib,3611,train_pool
batch_1,30471,CPD_351179563828,N-deshydroxyethyl dasatinib,3612,train_pool
batch_1,30506,CPD_351179563828,N-deshydroxyethyl dasatinib,3613,train_pool
batch_1,30624,CPD_351179563828,N-deshydroxyethyl dasatinib,3614,train_pool
batch_1,30820,CPD_351179563828,N-deshydroxyethyl dasatinib,3615,train_pool
batch_1,30994,CPD_351179563828,N-deshydroxyethyl dasatinib,3616,train_pool
batch_1,31437,CPD_351179563828,N-deshydroxyethyl dasatinib,3617,train_pool
batch_1,31550,CPD_351179563828,N-deshydroxyethyl dasatinib,3618,train_pool
batch_1,31600,CPD_351179563828,N-deshydroxyethyl dasatinib,3619,train_pool
batch_1,31603,CPD_351179563828,N-deshydroxyethyl dasatinib,3620,train_pool
batch_1,31763,CPD_351179563828,N-deshydroxyethyl dasatinib,3621,train_pool
batch_1,31965,CPD_351179563828,N-deshydroxyethyl dasatinib,3622,train_pool
batch_1,32263,CPD_351179563828,N-deshydroxyethyl dasatinib,3623,train_pool
batch_1,32408,CPD_351179563828,N-deshydroxyethyl dasatinib,3624,train_pool
batch_1,32501,CPD_351179563828,N-deshydroxyethyl dasatinib,3625,train_pool
batch_1,32754,CPD_351179563828,N-deshydroxyethyl dasatinib,3626,train_pool
batch_1,32789,CPD_351179563828,N-deshydroxyethyl dasatinib,3627,train_pool
batch_1,33075,CPD_351179563828,N-deshydroxyethyl dasatinib,3628,train_pool
batch_1,33082,CPD_351179563828,N-deshydroxyethyl dasatinib,3629,train_pool
batch_1,33109,CPD_351179563828,N-deshydroxyethyl dasatinib,3630,train_pool
batch_1,33135,CPD_351179563828,N-deshydroxyethyl dasatinib,3631,test
batch_1,33182,CPD_351179563828,N-deshydroxyethyl dasatinib,3632,train_pool
batch_1,33207,CPD_351179563828,N-deshydroxyethyl dasatinib,3633,train_pool
batch_1,33247,CPD_351179563828,N-deshydroxyethyl dasatinib,3634,test
batch_1,33374,CPD_351179563828,N-deshydroxyethyl dasatinib,3635,test
batch_1,33443,CPD_351179563828,N-deshydroxyethyl dasatinib,3636,train_pool
batch_1,33702,CPD_351179563828,N-deshydroxyethyl dasatinib,3637,test
batch_1,33770,CPD_351179563828,N-deshydroxyethyl dasatinib,3638,train_pool
batch_1,33795,CPD_351179563828,N-deshydroxyethyl dasatinib,3639,test
batch_1,33796,CPD_351179563828,N-deshydroxyethyl dasatinib,3640,train_pool
batch_1,33906,CPD_351179563828,N-deshydroxyethyl dasatinib,3641,test
batch_1,34089,CPD_351179563828,N-deshydroxyethyl dasatinib,3642,train_pool
batch_1,34214,CPD_351179563828,N-deshydroxyethyl dasatinib,3643,test
batch_1,34458,CPD_351179563828,N-deshydroxyethyl dasatinib,3644,train_pool
batch_1,34475,CPD_351179563828,N-deshydroxyethyl dasatinib,3645,train_pool
batch_1,34576,CPD_351179563828,N-deshydroxyethyl dasatinib,3646,train_pool
batch_1,35210,CPD_351179563828,N-deshydroxyethyl dasatinib,3647,train_pool
batch_1,36038,CPD_351179563828,N-deshydroxyethyl dasatinib,3648,train_pool
batch_1,36191,CPD_351179563828,N-deshydroxyethyl dasatinib,3649,train_pool
batch_1,36315,CPD_351179563828,N-deshydroxyethyl dasatinib,3650,train_pool
batch_1,36381,CPD_351179563828,N-deshydroxyethyl dasatinib,3651,train_pool
batch_1,36489,CPD_351179563828,N-deshydroxyethyl dasatinib,3652,train_pool
batch_1,36500,CPD_351179563828,N-deshydroxyethyl dasatinib,3653,train_pool
batch_1,36731,CPD_351179563828,N-deshydroxyethyl dasatinib,3654,train_pool
batch_1,36769,CPD_351179563828,N-deshydroxyethyl dasatinib,3655,train_pool
batch_1,36775,CPD_351179563828,N-deshydroxyethyl dasatinib,3656,test
batch_1,36836,CPD_351179563828,N-deshydroxyethyl dasatinib,3657,train_pool
batch_1,36849,CPD_351179563828,N-deshydroxyethyl dasatinib,3658,train_pool
batch_1,37182,CPD_351179563828,N-deshydroxyethyl dasatinib,3659,test
batch_1,37246,CPD_351179563828,N-deshydroxyethyl dasatinib,3660,train_pool
batch_1,37930,CPD_351179563828,N-deshydroxyethyl dasatinib,3661,train_pool
batch_1,37953,CPD_351179563828,N-deshydroxyethyl dasatinib,3662,test
batch_1,37985,CPD_351179563828,N-deshydroxyethyl dasatinib,3663,train_pool
batch_1,38036,CPD_351179563828,N-deshydroxyethyl dasatinib,3664,train_pool
batch_1,38037,CPD_351179563828,N-deshydroxyethyl dasatinib,3665,train_pool
batch_1,38148,CPD_351179563828,N-deshydroxyethyl dasatinib,3666,test
batch_1,38948,CPD_351179563828,N-deshydroxyethyl dasatinib,3667,train_pool
batch_1,39115,CPD_351179563828,N-deshydroxyethyl dasatinib,3668,train_pool
batch_1,39190,CPD_351179563828,N-deshydroxyethyl dasatinib,3669,test
batch_1,39293,CPD_351179563828,N-deshydroxyethyl dasatinib,3670,train_pool
batch_1,39338,CPD_351179563828,N-deshydroxyethyl dasatinib,3671,test
batch_1,39452,CPD_351179563828,N-deshydroxyethyl dasatinib,3672,train_pool
batch_1,39511,CPD_351179563828,N-deshydroxyethyl dasatinib,3673,train_pool
batch_1,39846,CPD_351179563828,N-deshydroxyethyl dasatinib,3674,test
batch_1,39977,CPD_351179563828,N-deshydroxyethyl dasatinib,3675,test
batch_1,40832,CPD_351179563828,N-deshydroxyethyl dasatinib,3676,train_pool
batch_1,41020,CPD_351179563828,N-deshydroxyethyl dasatinib,3677,train_pool
batch_1,41065,CPD_351179563828,N-deshydroxyethyl dasatinib,3678,train_pool
batch_1,41196,CPD_351179563828,N-deshydroxyethyl dasatinib,3679,train_pool
batch_1,41225,CPD_351179563828,N-deshydroxyethyl dasatinib,3680,train_pool
batch_1,41375,CPD_351179563828,N-deshydroxyethyl dasatinib,3681,train_pool
batch_1,41483,CPD_351179563828,N-deshydroxyethyl dasatinib,3682,test
batch_1,41562,CPD_351179563828,N-deshydroxyethyl dasatinib,3683,train_pool
batch_1,41821,CPD_351179563828,N-deshydroxyethyl dasatinib,3684,test
batch_1,41869,CPD_351179563828,N-deshydroxyethyl dasatinib,3685,train_pool
batch_1,41927,CPD_351179563828,N-deshydroxyethyl dasatinib,3686,train_pool
batch_1,42054,CPD_351179563828,N-deshydroxyethyl dasatinib,3687,train_pool
batch_1,42106,CPD_351179563828,N-deshydroxyethyl dasatinib,3688,train_pool
batch_1,42355,CPD_351179563828,N-deshydroxyethyl dasatinib,3689,train_pool
batch_1,42358,CPD_351179563828,N-deshydroxyethyl dasatinib,3690,train_pool
batch_1,42481,CPD_351179563828,N-deshydroxyethyl dasatinib,3691,train_pool
batch_1,42495,CPD_351179563828,N-deshydroxyethyl dasatinib,3692,train_pool
batch_1,42658,CPD_351179563828,N-deshydroxyethyl dasatinib,3693,train_pool
batch_1,42904,CPD_351179563828,N-deshydroxyethyl dasatinib,3694,train_pool
batch_1,43757,CPD_351179563828,N-deshydroxyethyl dasatinib,3695,train_pool
batch_1,43905,CPD_351179563828,N-deshydroxyethyl dasatinib,3696,train_pool
batch_1,43971,CPD_351179563828,N-deshydroxyethyl dasatinib,3697,test
batch_1,44111,CPD_351179563828,N-deshydroxyethyl dasatinib,3698,train_pool
batch_1,44899,CPD_351179563828,N-deshydroxyethyl dasatinib,3699,test
batch_1,45327,CPD_351179563828,N-deshydroxyethyl dasatinib,3700,train_pool
batch_1,45623,CPD_351179563828,N-deshydroxyethyl dasatinib,3701,train_pool
batch_1,45748,CPD_351179563828,N-deshydroxyethyl dasatinib,3702,train_pool
batch_1,46190,CPD_351179563828,N-deshydroxyethyl dasatinib,3703,train_pool
batch_1,46732,CPD_351179563828,N-deshydroxyethyl dasatinib,3704,train_pool
batch_1,47135,CPD_351179563828,N-deshydroxyethyl dasatinib,3705,test
batch_1,47248,CPD_351179563828,N-deshydroxyethyl dasatinib,3706,test
batch_1,47249,CPD_351179563828,N-deshydroxyethyl dasatinib,3707,train_pool
batch_1,47332,CPD_351179563828,N-deshydroxyethyl dasatinib,3708,train_pool
batch_1,47862,CPD_351179563828,N-deshydroxyethyl dasatinib,3709,train_pool
batch_1,48868,CPD_351179563828,N-deshydroxyethyl dasatinib,3710,train_pool
batch_1,49225,CPD_351179563828,N-deshydroxyethyl dasatinib,3711,train_pool
batch_1,338,CPD_029002508615,SMARCA ligand 1,3712,train_pool
batch_1,523,CPD_029002508615,SMARCA ligand 1,3713,train_pool
batch_1,1654,CPD_029002508615,SMARCA ligand 1,3714,train_pool
batch_1,1668,CPD_029002508615,SMARCA ligand 1,3715,train_pool
batch_1,3050,CPD_029002508615,SMARCA ligand 1,3716,train_pool
batch_1,3293,CPD_029002508615,SMARCA ligand 1,3717,train_pool
batch_1,3559,CPD_029002508615,SMARCA ligand 1,3718,train_pool
batch_1,3560,CPD_029002508615,SMARCA ligand 1,3719,test
batch_1,3963,CPD_029002508615,SMARCA ligand 1,3720,train_pool
batch_1,4457,CPD_029002508615,SMARCA ligand 1,3721,train_pool
batch_1,4848,CPD_029002508615,SMARCA ligand 1,3722,train_pool
batch_1,5161,CPD_029002508615,SMARCA ligand 1,3723,train_pool
batch_1,5164,CPD_029002508615,SMARCA ligand 1,3724,test
batch_1,5178,CPD_029002508615,SMARCA ligand 1,3725,train_pool
batch_1,5228,CPD_029002508615,SMARCA ligand 1,3726,train_pool
batch_1,5631,CPD_029002508615,SMARCA ligand 1,3727,train_pool
batch_1,5662,CPD_029002508615,SMARCA ligand 1,3728,train_pool
batch_1,6371,CPD_029002508615,SMARCA ligand 1,3729,test
batch_1,6634,CPD_029002508615,SMARCA ligand 1,3730,train_pool
batch_1,6937,CPD_029002508615,SMARCA ligand 1,3731,train_pool
batch_1,6993,CPD_029002508615,SMARCA ligand 1,3732,train_pool
batch_1,7138,CPD_029002508615,SMARCA ligand 1,3733,train_pool
batch_1,7384,CPD_029002508615,SMARCA ligand 1,3734,train_pool
batch_1,7734,CPD_029002508615,SMARCA ligand 1,3735,test
batch_1,8039,CPD_029002508615,SMARCA ligand 1,3736,train_pool
batch_1,8184,CPD_029002508615,SMARCA ligand 1,3737,train_pool
batch_1,8403,CPD_029002508615,SMARCA ligand 1,3738,test
batch_1,8469,CPD_029002508615,SMARCA ligand 1,3739,train_pool
batch_1,9108,CPD_029002508615,SMARCA ligand 1,3740,train_pool
batch_1,9430,CPD_029002508615,SMARCA ligand 1,3741,train_pool
batch_1,9483,CPD_029002508615,SMARCA ligand 1,3742,train_pool
batch_1,9500,CPD_029002508615,SMARCA ligand 1,3743,train_pool
batch_1,9992,CPD_029002508615,SMARCA ligand 1,3744,train_pool
batch_1,10462,CPD_029002508615,SMARCA ligand 1,3745,train_pool
batch_1,10596,CPD_029002508615,SMARCA ligand 1,3746,test
batch_1,10663,CPD_029002508615,SMARCA ligand 1,3747,train_pool
batch_1,10857,CPD_029002508615,SMARCA ligand 1,3748,train_pool
batch_1,11152,CPD_029002508615,SMARCA ligand 1,3749,train_pool
batch_1,11185,CPD_029002508615,SMARCA ligand 1,3750,test
batch_1,11196,CPD_029002508615,SMARCA ligand 1,3751,train_pool
batch_1,11440,CPD_029002508615,SMARCA ligand 1,3752,train_pool
batch_1,11469,CPD_029002508615,SMARCA ligand 1,3753,test
batch_1,11481,CPD_029002508615,SMARCA ligand 1,3754,train_pool
batch_1,11568,CPD_029002508615,SMARCA ligand 1,3755,train_pool
batch_1,11670,CPD_029002508615,SMARCA ligand 1,3756,test
batch_1,11742,CPD_029002508615,SMARCA ligand 1,3757,train_pool
batch_1,11906,CPD_029002508615,SMARCA ligand 1,3758,train_pool
batch_1,12289,CPD_029002508615,SMARCA ligand 1,3759,train_pool
batch_1,12435,CPD_029002508615,SMARCA ligand 1,3760,train_pool
batch_1,12536,CPD_029002508615,SMARCA ligand 1,3761,train_pool
batch_1,12650,CPD_029002508615,SMARCA ligand 1,3762,train_pool
batch_1,12697,CPD_029002508615,SMARCA ligand 1,3763,train_pool
batch_1,12725,CPD_029002508615,SMARCA ligand 1,3764,test
batch_1,12745,CPD_029002508615,SMARCA ligand 1,3765,train_pool
batch_1,12919,CPD_029002508615,SMARCA ligand 1,3766,train_pool
batch_1,13093,CPD_029002508615,SMARCA ligand 1,3767,train_pool
batch_1,13163,CPD_029002508615,SMARCA ligand 1,3768,train_pool
batch_1,13192,CPD_029002508615,SMARCA ligand 1,3769,train_pool
batch_1,13249,CPD_029002508615,SMARCA ligand 1,3770,train_pool
batch_1,13419,CPD_029002508615,SMARCA ligand 1,3771,test
batch_1,13566,CPD_029002508615,SMARCA ligand 1,3772,train_pool
batch_1,13621,CPD_029002508615,SMARCA ligand 1,3773,train_pool
batch_1,13845,CPD_029002508615,SMARCA ligand 1,3774,train_pool
batch_1,14231,CPD_029002508615,SMARCA ligand 1,3775,train_pool
batch_1,14348,CPD_029002508615,SMARCA ligand 1,3776,train_pool
batch_1,14371,CPD_029002508615,SMARCA ligand 1,3777,train_pool
batch_1,14410,CPD_029002508615,SMARCA ligand 1,3778,train_pool
batch_1,14677,CPD_029002508615,SMARCA ligand 1,3779,train_pool
batch_1,14745,CPD_029002508615,SMARCA ligand 1,3780,train_pool
batch_1,14814,CPD_029002508615,SMARCA ligand 1,3781,train_pool
batch_1,14817,CPD_029002508615,SMARCA ligand 1,3782,train_pool
batch_1,14819,CPD_029002508615,SMARCA ligand 1,3783,test
batch_1,14882,CPD_029002508615,SMARCA ligand 1,3784,train_pool
batch_1,15229,CPD_029002508615,SMARCA ligand 1,3785,train_pool
batch_1,15262,CPD_029002508615,SMARCA ligand 1,3786,train_pool
batch_1,15275,CPD_029002508615,SMARCA ligand 1,3787,train_pool
batch_1,15279,CPD_029002508615,SMARCA ligand 1,3788,train_pool
batch_1,15352,CPD_029002508615,SMARCA ligand 1,3789,test
batch_1,15629,CPD_029002508615,SMARCA ligand 1,3790,test
batch_1,15865,CPD_029002508615,SMARCA ligand 1,3791,test
batch_1,16112,CPD_029002508615,SMARCA ligand 1,3792,train_pool
batch_1,16299,CPD_029002508615,SMARCA ligand 1,3793,train_pool
batch_1,16311,CPD_029002508615,SMARCA ligand 1,3794,train_pool
batch_1,16358,CPD_029002508615,SMARCA ligand 1,3795,train_pool
batch_1,16365,CPD_029002508615,SMARCA ligand 1,3796,test
batch_1,16389,CPD_029002508615,SMARCA ligand 1,3797,train_pool
batch_1,16554,CPD_029002508615,SMARCA ligand 1,3798,train_pool
batch_1,16560,CPD_029002508615,SMARCA ligand 1,3799,test
batch_1,16572,CPD_029002508615,SMARCA ligand 1,3800,test
batch_1,16713,CPD_029002508615,SMARCA ligand 1,3801,train_pool
batch_1,16744,CPD_029002508615,SMARCA ligand 1,3802,train_pool
batch_1,16761,CPD_029002508615,SMARCA ligand 1,3803,train_pool
batch_1,16768,CPD_029002508615,SMARCA ligand 1,3804,test
batch_1,16895,CPD_029002508615,SMARCA ligand 1,3805,train_pool
batch_1,16909,CPD_029002508615,SMARCA ligand 1,3806,train_pool
batch_1,16927,CPD_029002508615,SMARCA ligand 1,3807,test
batch_1,17150,CPD_029002508615,SMARCA ligand 1,3808,train_pool
batch_1,17375,CPD_029002508615,SMARCA ligand 1,3809,train_pool
batch_1,17531,CPD_029002508615,SMARCA ligand 1,3810,train_pool
batch_1,17648,CPD_029002508615,SMARCA ligand 1,3811,test
batch_1,17737,CPD_029002508615,SMARCA ligand 1,3812,test
batch_1,17788,CPD_029002508615,SMARCA ligand 1,3813,test
batch_1,17863,CPD_029002508615,SMARCA ligand 1,3814,test
batch_1,17909,CPD_029002508615,SMARCA ligand 1,3815,train_pool
batch_1,17919,CPD_029002508615,SMARCA ligand 1,3816,train_pool
batch_1,17948,CPD_029002508615,SMARCA ligand 1,3817,test
batch_1,18070,CPD_029002508615,SMARCA ligand 1,3818,train_pool
batch_1,18229,CPD_029002508615,SMARCA ligand 1,3819,train_pool
batch_1,18514,CPD_029002508615,SMARCA ligand 1,3820,train_pool
batch_1,18593,CPD_029002508615,SMARCA ligand 1,3821,train_pool
batch_1,19015,CPD_029002508615,SMARCA ligand 1,3822,train_pool
batch_1,19068,CPD_029002508615,SMARCA ligand 1,3823,train_pool
batch_1,19209,CPD_029002508615,SMARCA ligand 1,3824,train_pool
batch_1,19330,CPD_029002508615,SMARCA ligand 1,3825,train_pool
batch_1,19359,CPD_029002508615,SMARCA ligand 1,3826,train_pool
batch_1,19421,CPD_029002508615,SMARCA ligand 1,3827,train_pool
batch_1,19460,CPD_029002508615,SMARCA ligand 1,3828,train_pool
batch_1,19504,CPD_029002508615,SMARCA ligand 1,3829,train_pool
batch_1,19587,CPD_029002508615,SMARCA ligand 1,3830,train_pool
batch_1,19850,CPD_029002508615,SMARCA ligand 1,3831,train_pool
batch_1,20279,CPD_029002508615,SMARCA ligand 1,3832,test
batch_1,20481,CPD_029002508615,SMARCA ligand 1,3833,train_pool
batch_1,20748,CPD_029002508615,SMARCA ligand 1,3834,train_pool
batch_1,20940,CPD_029002508615,SMARCA ligand 1,3835,train_pool
batch_1,21196,CPD_029002508615,SMARCA ligand 1,3836,test
batch_1,21249,CPD_029002508615,SMARCA ligand 1,3837,train_pool
batch_1,21257,CPD_029002508615,SMARCA ligand 1,3838,test
batch_1,21275,CPD_029002508615,SMARCA ligand 1,3839,train_pool
batch_1,21635,CPD_029002508615,SMARCA ligand 1,3840,train_pool
batch_1,21936,CPD_029002508615,SMARCA ligand 1,3841,train_pool
batch_1,22031,CPD_029002508615,SMARCA ligand 1,3842,train_pool
batch_1,22065,CPD_029002508615,SMARCA ligand 1,3843,train_pool
batch_1,22074,CPD_029002508615,SMARCA ligand 1,3844,train_pool
batch_1,22543,CPD_029002508615,SMARCA ligand 1,3845,train_pool
batch_1,22705,CPD_029002508615,SMARCA ligand 1,3846,train_pool
batch_1,22881,CPD_029002508615,SMARCA ligand 1,3847,train_pool
batch_1,22992,CPD_029002508615,SMARCA ligand 1,3848,test
batch_1,23312,CPD_029002508615,SMARCA ligand 1,3849,train_pool
batch_1,23517,CPD_029002508615,SMARCA ligand 1,3850,test
batch_1,23637,CPD_029002508615,SMARCA ligand 1,3851,train_pool
batch_1,23652,CPD_029002508615,SMARCA ligand 1,3852,train_pool
batch_1,23674,CPD_029002508615,SMARCA ligand 1,3853,train_pool
batch_1,23743,CPD_029002508615,SMARCA ligand 1,3854,train_pool
batch_1,23878,CPD_029002508615,SMARCA ligand 1,3855,train_pool
batch_1,23888,CPD_029002508615,SMARCA ligand 1,3856,train_pool
batch_1,24139,CPD_029002508615,SMARCA ligand 1,3857,train_pool
batch_1,24703,CPD_029002508615,SMARCA ligand 1,3858,test
batch_1,25220,CPD_029002508615,SMARCA ligand 1,3859,train_pool
batch_1,25400,CPD_029002508615,SMARCA ligand 1,3860,train_pool
batch_1,25443,CPD_029002508615,SMARCA ligand 1,3861,train_pool
batch_1,25645,CPD_029002508615,SMARCA ligand 1,3862,train_pool
batch_1,25658,CPD_029002508615,SMARCA ligand 1,3863,train_pool
batch_1,25785,CPD_029002508615,SMARCA ligand 1,3864,train_pool
batch_1,25848,CPD_029002508615,SMARCA ligand 1,3865,train_pool
batch_1,25947,CPD_029002508615,SMARCA ligand 1,3866,test
batch_1,26053,CPD_029002508615,SMARCA ligand 1,3867,train_pool
batch_1,26106,CPD_029002508615,SMARCA ligand 1,3868,train_pool
batch_1,26147,CPD_029002508615,SMARCA ligand 1,3869,test
batch_1,26266,CPD_029002508615,SMARCA ligand 1,3870,train_pool
batch_1,26312,CPD_029002508615,SMARCA ligand 1,3871,train_pool
batch_1,26577,CPD_029002508615,SMARCA ligand 1,3872,train_pool
batch_1,26583,CPD_029002508615,SMARCA ligand 1,3873,train_pool
batch_1,26613,CPD_029002508615,SMARCA ligand 1,3874,train_pool
batch_1,26630,CPD_029002508615,SMARCA ligand 1,3875,train_pool
batch_1,26954,CPD_029002508615,SMARCA ligand 1,3876,train_pool
batch_1,27123,CPD_029002508615,SMARCA ligand 1,3877,train_pool
batch_1,27280,CPD_029002508615,SMARCA ligand 1,3878,train_pool
batch_1,27350,CPD_029002508615,SMARCA ligand 1,3879,train_pool
batch_1,27576,CPD_029002508615,SMARCA ligand 1,3880,train_pool
batch_1,27581,CPD_029002508615,SMARCA ligand 1,3881,train_pool
batch_1,27833,CPD_029002508615,SMARCA ligand 1,3882,train_pool
batch_1,27932,CPD_029002508615,SMARCA ligand 1,3883,train_pool
batch_1,28012,CPD_029002508615,SMARCA ligand 1,3884,train_pool
batch_1,28053,CPD_029002508615,SMARCA ligand 1,3885,train_pool
batch_1,28141,CPD_029002508615,SMARCA ligand 1,3886,train_pool
batch_1,28161,CPD_029002508615,SMARCA ligand 1,3887,train_pool
batch_1,28284,CPD_029002508615,SMARCA ligand 1,3888,test
batch_1,28527,CPD_029002508615,SMARCA ligand 1,3889,test
batch_1,28583,CPD_029002508615,SMARCA ligand 1,3890,train_pool
batch_1,28611,CPD_029002508615,SMARCA ligand 1,3891,train_pool
batch_1,28624,CPD_029002508615,SMARCA ligand 1,3892,test
batch_1,28821,CPD_029002508615,SMARCA ligand 1,3893,train_pool
batch_1,29460,CPD_029002508615,SMARCA ligand 1,3894,train_pool
batch_1,29591,CPD_029002508615,SMARCA ligand 1,3895,train_pool
batch_1,29716,CPD_029002508615,SMARCA ligand 1,3896,train_pool
batch_1,29758,CPD_029002508615,SMARCA ligand 1,3897,train_pool
batch_1,29827,CPD_029002508615,SMARCA ligand 1,3898,test
batch_1,30213,CPD_029002508615,SMARCA ligand 1,3899,test
batch_1,30456,CPD_029002508615,SMARCA ligand 1,3900,train_pool
batch_1,30463,CPD_029002508615,SMARCA ligand 1,3901,test
batch_1,30511,CPD_029002508615,SMARCA ligand 1,3902,train_pool
batch_1,30862,CPD_029002508615,SMARCA ligand 1,3903,train_pool
batch_1,30933,CPD_029002508615,SMARCA ligand 1,3904,train_pool
batch_1,31052,CPD_029002508615,SMARCA ligand 1,3905,train_pool
batch_1,31252,CPD_029002508615,SMARCA ligand 1,3906,train_pool
batch_1,31533,CPD_029002508615,SMARCA ligand 1,3907,train_pool
batch_1,31599,CPD_029002508615,SMARCA ligand 1,3908,train_pool
batch_1,31725,CPD_029002508615,SMARCA ligand 1,3909,test
batch_1,32046,CPD_029002508615,SMARCA ligand 1,3910,train_pool
batch_1,32178,CPD_029002508615,SMARCA ligand 1,3911,train_pool
batch_1,32579,CPD_029002508615,SMARCA ligand 1,3912,train_pool
batch_1,32913,CPD_029002508615,SMARCA ligand 1,3913,train_pool
batch_1,33193,CPD_029002508615,SMARCA ligand 1,3914,train_pool
batch_1,33197,CPD_029002508615,SMARCA ligand 1,3915,test
batch_1,33405,CPD_029002508615,SMARCA ligand 1,3916,train_pool
batch_1,33454,CPD_029002508615,SMARCA ligand 1,3917,train_pool
batch_1,33655,CPD_029002508615,SMARCA ligand 1,3918,test
batch_1,33960,CPD_029002508615,SMARCA ligand 1,3919,train_pool
batch_1,34163,CPD_029002508615,SMARCA ligand 1,3920,train_pool
batch_1,34232,CPD_029002508615,SMARCA ligand 1,3921,train_pool
batch_1,34262,CPD_029002508615,SMARCA ligand 1,3922,train_pool
batch_1,34562,CPD_029002508615,SMARCA ligand 1,3923,train_pool
batch_1,34664,CPD_029002508615,SMARCA ligand 1,3924,test
batch_1,35066,CPD_029002508615,SMARCA ligand 1,3925,train_pool
batch_1,35335,CPD_029002508615,SMARCA ligand 1,3926,train_pool
batch_1,35510,CPD_029002508615,SMARCA ligand 1,3927,train_pool
batch_1,35580,CPD_029002508615,SMARCA ligand 1,3928,test
batch_1,35647,CPD_029002508615,SMARCA ligand 1,3929,train_pool
batch_1,35801,CPD_029002508615,SMARCA ligand 1,3930,train_pool
batch_1,35813,CPD_029002508615,SMARCA ligand 1,3931,train_pool
batch_1,36159,CPD_029002508615,SMARCA ligand 1,3932,train_pool
batch_1,36287,CPD_029002508615,SMARCA ligand 1,3933,train_pool
batch_1,36545,CPD_029002508615,SMARCA ligand 1,3934,test
batch_1,36719,CPD_029002508615,SMARCA ligand 1,3935,train_pool
batch_1,37178,CPD_029002508615,SMARCA ligand 1,3936,train_pool
batch_1,37459,CPD_029002508615,SMARCA ligand 1,3937,train_pool
batch_1,37924,CPD_029002508615,SMARCA ligand 1,3938,train_pool
batch_1,38268,CPD_029002508615,SMARCA ligand 1,3939,test
batch_1,38430,CPD_029002508615,SMARCA ligand 1,3940,test
batch_1,38436,CPD_029002508615,SMARCA ligand 1,3941,test
batch_1,38478,CPD_029002508615,SMARCA ligand 1,3942,train_pool
batch_1,38825,CPD_029002508615,SMARCA ligand 1,3943,train_pool
batch_1,39001,CPD_029002508615,SMARCA ligand 1,3944,train_pool
batch_1,39094,CPD_029002508615,SMARCA ligand 1,3945,train_pool
batch_1,39394,CPD_029002508615,SMARCA ligand 1,3946,train_pool
batch_1,39535,CPD_029002508615,SMARCA ligand 1,3947,test
batch_1,39629,CPD_029002508615,SMARCA ligand 1,3948,train_pool
batch_1,39713,CPD_029002508615,SMARCA ligand 1,3949,train_pool
batch_1,39816,CPD_029002508615,SMARCA ligand 1,3950,test
batch_1,39820,CPD_029002508615,SMARCA ligand 1,3951,test
batch_1,40225,CPD_029002508615,SMARCA ligand 1,3952,train_pool
batch_1,40305,CPD_029002508615,SMARCA ligand 1,3953,train_pool
batch_1,40861,CPD_029002508615,SMARCA ligand 1,3954,train_pool
batch_1,40996,CPD_029002508615,SMARCA ligand 1,3955,train_pool
batch_1,41217,CPD_029002508615,SMARCA ligand 1,3956,train_pool
batch_1,41399,CPD_029002508615,SMARCA ligand 1,3957,train_pool
batch_1,41543,CPD_029002508615,SMARCA ligand 1,3958,train_pool
batch_1,41628,CPD_029002508615,SMARCA ligand 1,3959,train_pool
batch_1,42184,CPD_029002508615,SMARCA ligand 1,3960,train_pool
batch_1,42212,CPD_029002508615,SMARCA ligand 1,3961,train_pool
batch_1,42530,CPD_029002508615,SMARCA ligand 1,3962,train_pool
batch_1,43114,CPD_029002508615,SMARCA ligand 1,3963,train_pool
batch_1,43256,CPD_029002508615,SMARCA ligand 1,3964,train_pool
batch_1,43346,CPD_029002508615,SMARCA ligand 1,3965,train_pool
batch_1,43369,CPD_029002508615,SMARCA ligand 1,3966,train_pool
batch_1,43428,CPD_029002508615,SMARCA ligand 1,3967,train_pool
batch_1,43668,CPD_029002508615,SMARCA ligand 1,3968,train_pool
batch_1,44041,CPD_029002508615,SMARCA ligand 1,3969,train_pool
batch_1,44202,CPD_029002508615,SMARCA ligand 1,3970,train_pool
batch_1,44469,CPD_029002508615,SMARCA ligand 1,3971,train_pool
batch_1,45029,CPD_029002508615,SMARCA ligand 1,3972,test
batch_1,45962,CPD_029002508615,SMARCA ligand 1,3973,test
batch_1,46102,CPD_029002508615,SMARCA ligand 1,3974,train_pool
batch_1,46272,CPD_029002508615,SMARCA ligand 1,3975,train_pool
batch_1,46527,CPD_029002508615,SMARCA ligand 1,3976,train_pool
batch_1,46621,CPD_029002508615,SMARCA ligand 1,3977,train_pool
batch_1,46794,CPD_029002508615,SMARCA ligand 1,3978,train_pool
batch_1,47007,CPD_029002508615,SMARCA ligand 1,3979,train_pool
batch_1,47155,CPD_029002508615,SMARCA ligand 1,3980,train_pool
batch_1,47236,CPD_029002508615,SMARCA ligand 1,3981,train_pool
batch_1,47350,CPD_029002508615,SMARCA ligand 1,3982,test
batch_1,47464,CPD_029002508615,SMARCA ligand 1,3983,train_pool
batch_1,369,CPD_780270304878,STC-15,3984,train_pool
batch_1,1912,CPD_780270304878,STC-15,3985,train_pool
batch_1,2459,CPD_780270304878,STC-15,3986,train_pool
batch_1,3081,CPD_780270304878,STC-15,3987,train_pool
batch_1,3319,CPD_780270304878,STC-15,3988,test
batch_1,3454,CPD_780270304878,STC-15,3989,train_pool
batch_1,3555,CPD_780270304878,STC-15,3990,train_pool
batch_1,3644,CPD_780270304878,STC-15,3991,train_pool
batch_1,3745,CPD_780270304878,STC-15,3992,train_pool
batch_1,3786,CPD_780270304878,STC-15,3993,train_pool
batch_1,4275,CPD_780270304878,STC-15,3994,train_pool
batch_1,4662,CPD_780270304878,STC-15,3995,train_pool
batch_1,5047,CPD_780270304878,STC-15,3996,train_pool
batch_1,5235,CPD_780270304878,STC-15,3997,train_pool
batch_1,5347,CPD_780270304878,STC-15,3998,train_pool
batch_1,5533,CPD_780270304878,STC-15,3999,train_pool
batch_1,6080,CPD_780270304878,STC-15,4000,train_pool
batch_1,6130,CPD_780270304878,STC-15,4001,train_pool
batch_1,6179,CPD_780270304878,STC-15,4002,test
batch_1,6830,CPD_780270304878,STC-15,4003,train_pool
batch_1,6994,CPD_780270304878,STC-15,4004,train_pool
batch_1,7004,CPD_780270304878,STC-15,4005,train_pool
batch_1,7104,CPD_780270304878,STC-15,4006,train_pool
batch_1,7267,CPD_780270304878,STC-15,4007,test
batch_1,7420,CPD_780270304878,STC-15,4008,test
batch_1,7636,CPD_780270304878,STC-15,4009,test
batch_1,7677,CPD_780270304878,STC-15,4010,train_pool
batch_1,7752,CPD_780270304878,STC-15,4011,train_pool
batch_1,7858,CPD_780270304878,STC-15,4012,train_pool
batch_1,8018,CPD_780270304878,STC-15,4013,train_pool
batch_1,8212,CPD_780270304878,STC-15,4014,train_pool
batch_1,8432,CPD_780270304878,STC-15,4015,test
batch_1,9109,CPD_780270304878,STC-15,4016,train_pool
batch_1,9226,CPD_780270304878,STC-15,4017,test
batch_1,9440,CPD_780270304878,STC-15,4018,train_pool
batch_1,9918,CPD_780270304878,STC-15,4019,test
batch_1,10278,CPD_780270304878,STC-15,4020,train_pool
batch_1,10322,CPD_780270304878,STC-15,4021,train_pool
batch_1,10507,CPD_780270304878,STC-15,4022,train_pool
batch_1,10592,CPD_780270304878,STC-15,4023,test
batch_1,11259,CPD_780270304878,STC-15,4024,train_pool
batch_1,11477,CPD_780270304878,STC-15,4025,train_pool
batch_1,11571,CPD_780270304878,STC-15,4026,train_pool
batch_1,11956,CPD_780270304878,STC-15,4027,train_pool
batch_1,12225,CPD_780270304878,STC-15,4028,train_pool
batch_1,12270,CPD_780270304878,STC-15,4029,train_pool
batch_1,12375,CPD_780270304878,STC-15,4030,train_pool
batch_1,12622,CPD_780270304878,STC-15,4031,train_pool
batch_1,12741,CPD_780270304878,STC-15,4032,train_pool
batch_1,12833,CPD_780270304878,STC-15,4033,train_pool
batch_1,13078,CPD_780270304878,STC-15,4034,train_pool
batch_1,13243,CPD_780270304878,STC-15,4035,train_pool
batch_1,13378,CPD_780270304878,STC-15,4036,train_pool
batch_1,13439,CPD_780270304878,STC-15,4037,train_pool
batch_1,13808,CPD_780270304878,STC-15,4038,test
batch_1,13837,CPD_780270304878,STC-15,4039,train_pool
batch_1,13885,CPD_780270304878,STC-15,4040,test
batch_1,13899,CPD_780270304878,STC-15,4041,test
batch_1,14033,CPD_780270304878,STC-15,4042,train_pool
batch_1,14365,CPD_780270304878,STC-15,4043,train_pool
batch_1,14526,CPD_780270304878,STC-15,4044,train_pool
batch_1,14604,CPD_780270304878,STC-15,4045,train_pool
batch_1,14605,CPD_780270304878,STC-15,4046,train_pool
batch_1,14757,CPD_780270304878,STC-15,4047,train_pool
batch_1,14840,CPD_780270304878,STC-15,4048,train_pool
batch_1,15157,CPD_780270304878,STC-15,4049,train_pool
batch_1,15198,CPD_780270304878,STC-15,4050,train_pool
batch_1,15335,CPD_780270304878,STC-15,4051,train_pool
batch_1,15565,CPD_780270304878,STC-15,4052,train_pool
batch_1,15849,CPD_780270304878,STC-15,4053,train_pool
batch_1,15939,CPD_780270304878,STC-15,4054,train_pool
batch_1,15950,CPD_780270304878,STC-15,4055,train_pool
batch_1,15963,CPD_780270304878,STC-15,4056,train_pool
batch_1,16323,CPD_780270304878,STC-15,4057,train_pool
batch_1,16360,CPD_780270304878,STC-15,4058,train_pool
batch_1,16411,CPD_780270304878,STC-15,4059,test
batch_1,16738,CPD_780270304878,STC-15,4060,train_pool
batch_1,16848,CPD_780270304878,STC-15,4061,train_pool
batch_1,17085,CPD_780270304878,STC-15,4062,train_pool
batch_1,17087,CPD_780270304878,STC-15,4063,train_pool
batch_1,17164,CPD_780270304878,STC-15,4064,train_pool
batch_1,17181,CPD_780270304878,STC-15,4065,train_pool
batch_1,17302,CPD_780270304878,STC-15,4066,train_pool
batch_1,17483,CPD_780270304878,STC-15,4067,train_pool
batch_1,17639,CPD_780270304878,STC-15,4068,train_pool
batch_1,17689,CPD_780270304878,STC-15,4069,test
batch_1,17805,CPD_780270304878,STC-15,4070,train_pool
batch_1,17929,CPD_780270304878,STC-15,4071,test
batch_1,17950,CPD_780270304878,STC-15,4072,train_pool
batch_1,17976,CPD_780270304878,STC-15,4073,train_pool
batch_1,18008,CPD_780270304878,STC-15,4074,test
batch_1,18060,CPD_780270304878,STC-15,4075,train_pool
batch_1,18080,CPD_780270304878,STC-15,4076,train_pool
batch_1,18100,CPD_780270304878,STC-15,4077,train_pool
batch_1,18387,CPD_780270304878,STC-15,4078,train_pool
batch_1,18425,CPD_780270304878,STC-15,4079,train_pool
batch_1,18452,CPD_780270304878,STC-15,4080,train_pool
batch_1,18458,CPD_780270304878,STC-15,4081,train_pool
batch_1,18558,CPD_780270304878,STC-15,4082,test
batch_1,18719,CPD_780270304878,STC-15,4083,train_pool
batch_1,18850,CPD_780270304878,STC-15,4084,train_pool
batch_1,18859,CPD_780270304878,STC-15,4085,train_pool
batch_1,18933,CPD_780270304878,STC-15,4086,train_pool
batch_1,18980,CPD_780270304878,STC-15,4087,train_pool
batch_1,19021,CPD_780270304878,STC-15,4088,test
batch_1,19174,CPD_780270304878,STC-15,4089,train_pool
batch_1,19208,CPD_780270304878,STC-15,4090,train_pool
batch_1,19540,CPD_780270304878,STC-15,4091,train_pool
batch_1,19774,CPD_780270304878,STC-15,4092,train_pool
batch_1,19867,CPD_780270304878,STC-15,4093,train_pool
batch_1,20482,CPD_780270304878,STC-15,4094,train_pool
batch_1,20516,CPD_780270304878,STC-15,4095,train_pool
batch_1,20540,CPD_780270304878,STC-15,4096,train_pool
batch_1,20556,CPD_780270304878,STC-15,4097,train_pool
batch_1,20694,CPD_780270304878,STC-15,4098,train_pool
batch_1,20793,CPD_780270304878,STC-15,4099,test
batch_1,20819,CPD_780270304878,STC-15,4100,train_pool
batch_1,20900,CPD_780270304878,STC-15,4101,train_pool
batch_1,20916,CPD_780270304878,STC-15,4102,test
batch_1,21007,CPD_780270304878,STC-15,4103,train_pool
batch_1,21190,CPD_780270304878,STC-15,4104,train_pool
batch_1,21324,CPD_780270304878,STC-15,4105,train_pool
batch_1,21357,CPD_780270304878,STC-15,4106,train_pool
batch_1,21396,CPD_780270304878,STC-15,4107,train_pool
batch_1,21400,CPD_780270304878,STC-15,4108,train_pool
batch_1,21420,CPD_780270304878,STC-15,4109,train_pool
batch_1,21490,CPD_780270304878,STC-15,4110,train_pool
batch_1,22069,CPD_780270304878,STC-15,4111,train_pool
batch_1,22656,CPD_780270304878,STC-15,4112,train_pool
batch_1,22941,CPD_780270304878,STC-15,4113,train_pool
batch_1,22998,CPD_780270304878,STC-15,4114,train_pool
batch_1,23032,CPD_780270304878,STC-15,4115,test
batch_1,23033,CPD_780270304878,STC-15,4116,train_pool
batch_1,23065,CPD_780270304878,STC-15,4117,train_pool
batch_1,23079,CPD_780270304878,STC-15,4118,train_pool
batch_1,23113,CPD_780270304878,STC-15,4119,test
batch_1,23309,CPD_780270304878,STC-15,4120,test
batch_1,23323,CPD_780270304878,STC-15,4121,test
batch_1,23491,CPD_780270304878,STC-15,4122,train_pool
batch_1,23501,CPD_780270304878,STC-15,4123,train_pool
batch_1,23661,CPD_780270304878,STC-15,4124,train_pool
batch_1,23732,CPD_780270304878,STC-15,4125,train_pool
batch_1,23816,CPD_780270304878,STC-15,4126,train_pool
batch_1,23855,CPD_780270304878,STC-15,4127,train_pool
batch_1,23903,CPD_780270304878,STC-15,4128,train_pool
batch_1,24035,CPD_780270304878,STC-15,4129,train_pool
batch_1,24125,CPD_780270304878,STC-15,4130,test
batch_1,24251,CPD_780270304878,STC-15,4131,train_pool
batch_1,24398,CPD_780270304878,STC-15,4132,train_pool
batch_1,25059,CPD_780270304878,STC-15,4133,train_pool
batch_1,25249,CPD_780270304878,STC-15,4134,test
batch_1,25404,CPD_780270304878,STC-15,4135,train_pool
batch_1,25461,CPD_780270304878,STC-15,4136,train_pool
batch_1,25665,CPD_780270304878,STC-15,4137,train_pool
batch_1,25852,CPD_780270304878,STC-15,4138,test
batch_1,25866,CPD_780270304878,STC-15,4139,train_pool
batch_1,25963,CPD_780270304878,STC-15,4140,train_pool
batch_1,25979,CPD_780270304878,STC-15,4141,train_pool
batch_1,26000,CPD_780270304878,STC-15,4142,train_pool
batch_1,26181,CPD_780270304878,STC-15,4143,train_pool
batch_1,26195,CPD_780270304878,STC-15,4144,train_pool
batch_1,26211,CPD_780270304878,STC-15,4145,train_pool
batch_1,26277,CPD_780270304878,STC-15,4146,test
batch_1,26355,CPD_780270304878,STC-15,4147,train_pool
batch_1,26473,CPD_780270304878,STC-15,4148,test
batch_1,26563,CPD_780270304878,STC-15,4149,train_pool
batch_1,26964,CPD_780270304878,STC-15,4150,train_pool
batch_1,26973,CPD_780270304878,STC-15,4151,train_pool
batch_1,27005,CPD_780270304878,STC-15,4152,train_pool
batch_1,27047,CPD_780270304878,STC-15,4153,test
batch_1,27196,CPD_780270304878,STC-15,4154,train_pool
batch_1,27358,CPD_780270304878,STC-15,4155,train_pool
batch_1,27461,CPD_780270304878,STC-15,4156,train_pool
batch_1,27475,CPD_780270304878,STC-15,4157,train_pool
batch_1,27516,CPD_780270304878,STC-15,4158,train_pool
batch_1,27807,CPD_780270304878,STC-15,4159,train_pool
batch_1,27953,CPD_780270304878,STC-15,4160,test
batch_1,28147,CPD_780270304878,STC-15,4161,test
batch_1,28208,CPD_780270304878,STC-15,4162,train_pool
batch_1,28210,CPD_780270304878,STC-15,4163,train_pool
batch_1,28273,CPD_780270304878,STC-15,4164,test
batch_1,28368,CPD_780270304878,STC-15,4165,train_pool
batch_1,28455,CPD_780270304878,STC-15,4166,train_pool
batch_1,28475,CPD_780270304878,STC-15,4167,train_pool
batch_1,28516,CPD_780270304878,STC-15,4168,train_pool
batch_1,28605,CPD_780270304878,STC-15,4169,test
batch_1,28696,CPD_780270304878,STC-15,4170,test
batch_1,28704,CPD_780270304878,STC-15,4171,train_pool
batch_1,28928,CPD_780270304878,STC-15,4172,train_pool
batch_1,29183,CPD_780270304878,STC-15,4173,train_pool
batch_1,29600,CPD_780270304878,STC-15,4174,train_pool
batch_1,29635,CPD_780270304878,STC-15,4175,train_pool
batch_1,30211,CPD_780270304878,STC-15,4176,train_pool
batch_1,30322,CPD_780270304878,STC-15,4177,test
batch_1,30432,CPD_780270304878,STC-15,4178,train_pool
batch_1,30487,CPD_780270304878,STC-15,4179,train_pool
batch_1,30652,CPD_780270304878,STC-15,4180,train_pool
batch_1,30866,CPD_780270304878,STC-15,4181,train_pool
batch_1,31136,CPD_780270304878,STC-15,4182,test
batch_1,31344,CPD_780270304878,STC-15,4183,train_pool
batch_1,31474,CPD_780270304878,STC-15,4184,test
batch_1,31505,CPD_780270304878,STC-15,4185,train_pool
batch_1,31859,CPD_780270304878,STC-15,4186,train_pool
batch_1,31896,CPD_780270304878,STC-15,4187,train_pool
batch_1,31983,CPD_780270304878,STC-15,4188,train_pool
batch_1,32218,CPD_780270304878,STC-15,4189,test
batch_1,32367,CPD_780270304878,STC-15,4190,train_pool
batch_1,32399,CPD_780270304878,STC-15,4191,train_pool
batch_1,32714,CPD_780270304878,STC-15,4192,train_pool
batch_1,32927,CPD_780270304878,STC-15,4193,train_pool
batch_1,33038,CPD_780270304878,STC-15,4194,test
batch_1,33169,CPD_780270304878,STC-15,4195,train_pool
batch_1,33239,CPD_780270304878,STC-15,4196,train_pool
batch_1,33514,CPD_780270304878,STC-15,4197,train_pool
batch_1,33538,CPD_780270304878,STC-15,4198,train_pool
batch_1,33707,CPD_780270304878,STC-15,4199,train_pool
batch_1,34029,CPD_780270304878,STC-15,4200,train_pool
batch_1,34066,CPD_780270304878,STC-15,4201,train_pool
batch_1,34390,CPD_780270304878,STC-15,4202,train_pool
batch_1,34551,CPD_780270304878,STC-15,4203,train_pool
batch_1,34826,CPD_780270304878,STC-15,4204,train_pool
batch_1,35757,CPD_780270304878,STC-15,4205,train_pool
batch_1,35969,CPD_780270304878,STC-15,4206,train_pool
batch_1,35978,CPD_780270304878,STC-15,4207,train_pool
batch_1,36335,CPD_780270304878,STC-15,4208,train_pool
batch_1,36360,CPD_780270304878,STC-15,4209,test
batch_1,36433,CPD_780270304878,STC-15,4210,train_pool
batch_1,36442,CPD_780270304878,STC-15,4211,test
batch_1,36717,CPD_780270304878,STC-15,4212,train_pool
batch_1,36748,CPD_780270304878,STC-15,4213,train_pool
batch_1,36858,CPD_780270304878,STC-15,4214,train_pool
batch_1,36973,CPD_780270304878,STC-15,4215,train_pool
batch_1,37039,CPD_780270304878,STC-15,4216,train_pool
batch_1,37084,CPD_780270304878,STC-15,4217,test
batch_1,37149,CPD_780270304878,STC-15,4218,train_pool
batch_1,37301,CPD_780270304878,STC-15,4219,train_pool
batch_1,37306,CPD_780270304878,STC-15,4220,test
batch_1,37419,CPD_780270304878,STC-15,4221,train_pool
batch_1,37543,CPD_780270304878,STC-15,4222,test
batch_1,37608,CPD_780270304878,STC-15,4223,train_pool
batch_1,37827,CPD_780270304878,STC-15,4224,test
batch_1,37988,CPD_780270304878,STC-15,4225,test
batch_1,38089,CPD_780270304878,STC-15,4226,train_pool
batch_1,38332,CPD_780270304878,STC-15,4227,train_pool
batch_1,38512,CPD_780270304878,STC-15,4228,train_pool
batch_1,38917,CPD_780270304878,STC-15,4229,train_pool
batch_1,38945,CPD_780270304878,STC-15,4230,test
batch_1,39192,CPD_780270304878,STC-15,4231,train_pool
batch_1,39460,CPD_780270304878,STC-15,4232,test
batch_1,39484,CPD_780270304878,STC-15,4233,train_pool
batch_1,39822,CPD_780270304878,STC-15,4234,train_pool
batch_1,39847,CPD_780270304878,STC-15,4235,test
batch_1,40037,CPD_780270304878,STC-15,4236,train_pool
batch_1,40153,CPD_780270304878,STC-15,4237,train_pool
batch_1,40273,CPD_780270304878,STC-15,4238,train_pool
batch_1,40739,CPD_780270304878,STC-15,4239,train_pool
batch_1,40849,CPD_780270304878,STC-15,4240,train_pool
batch_1,41498,CPD_780270304878,STC-15,4241,train_pool
batch_1,41985,CPD_780270304878,STC-15,4242,train_pool
batch_1,42089,CPD_780270304878,STC-15,4243,train_pool
batch_1,42199,CPD_780270304878,STC-15,4244,test
batch_1,42308,CPD_780270304878,STC-15,4245,test
batch_1,42491,CPD_780270304878,STC-15,4246,train_pool
batch_1,42519,CPD_780270304878,STC-15,4247,test
batch_1,42527,CPD_780270304878,STC-15,4248,train_pool
batch_1,42568,CPD_780270304878,STC-15,4249,train_pool
batch_1,42715,CPD_780270304878,STC-15,4250,train_pool
batch_1,43048,CPD_780270304878,STC-15,4251,train_pool
batch_1,43080,CPD_780270304878,STC-15,4252,train_pool
batch_1,43119,CPD_780270304878,STC-15,4253,test
batch_1,43162,CPD_780270304878,STC-15,4254,train_pool
batch_1,43399,CPD_780270304878,STC-15,4255,train_pool
batch_1,43525,CPD_780270304878,STC-15,4256,train_pool
batch_1,43557,CPD_780270304878,STC-15,4257,train_pool
batch_1,44003,CPD_780270304878,STC-15,4258,train_pool
batch_1,44090,CPD_780270304878,STC-15,4259,test
batch_1,44187,CPD_780270304878,STC-15,4260,test
batch_1,44232,CPD_780270304878,STC-15,4261,train_pool
batch_1,44368,CPD_780270304878,STC-15,4262,train_pool
batch_1,44398,CPD_780270304878,STC-15,4263,train_pool
batch_1,44722,CPD_780270304878,STC-15,4264,train_pool
batch_1,44786,CPD_780270304878,STC-15,4265,train_pool
batch_1,45512,CPD_780270304878,STC-15,4266,train_pool
batch_1,45522,CPD_780270304878,STC-15,4267,train_pool
batch_1,45946,CPD_780270304878,STC-15,4268,train_pool
batch_1,46057,CPD_780270304878,STC-15,4269,test
batch_1,47195,CPD_780270304878,STC-15,4270,train_pool
batch_1,2957,CPD_430449302192,STM2457,4271,train_pool
batch_1,3156,CPD_430449302192,STM2457,4272,train_pool
batch_1,3444,CPD_430449302192,STM2457,4273,test
batch_1,4580,CPD_430449302192,STM2457,4274,train_pool
batch_1,4617,CPD_430449302192,STM2457,4275,train_pool
batch_1,4632,CPD_430449302192,STM2457,4276,test
batch_1,4640,CPD_430449302192,STM2457,4277,train_pool
batch_1,5619,CPD_430449302192,STM2457,4278,train_pool
batch_1,5885,CPD_430449302192,STM2457,4279,train_pool
batch_1,6177,CPD_430449302192,STM2457,4280,train_pool
batch_1,6792,CPD_430449302192,STM2457,4281,test
batch_1,7031,CPD_430449302192,STM2457,4282,train_pool
batch_1,7672,CPD_430449302192,STM2457,4283,test
batch_1,7694,CPD_430449302192,STM2457,4284,train_pool
batch_1,7792,CPD_430449302192,STM2457,4285,test
batch_1,7822,CPD_430449302192,STM2457,4286,test
batch_1,8046,CPD_430449302192,STM2457,4287,train_pool
batch_1,8171,CPD_430449302192,STM2457,4288,test
batch_1,8408,CPD_430449302192,STM2457,4289,train_pool
batch_1,8484,CPD_430449302192,STM2457,4290,train_pool
batch_1,8809,CPD_430449302192,STM2457,4291,train_pool
batch_1,8876,CPD_430449302192,STM2457,4292,train_pool
batch_1,9454,CPD_430449302192,STM2457,4293,train_pool
batch_1,9659,CPD_430449302192,STM2457,4294,train_pool
batch_1,9776,CPD_430449302192,STM2457,4295,train_pool
batch_1,10289,CPD_430449302192,STM2457,4296,train_pool
batch_1,10383,CPD_430449302192,STM2457,4297,train_pool
batch_1,10739,CPD_430449302192,STM2457,4298,train_pool
batch_1,10782,CPD_430449302192,STM2457,4299,train_pool
batch_1,10977,CPD_430449302192,STM2457,4300,train_pool
batch_1,11164,CPD_430449302192,STM2457,4301,train_pool
batch_1,11518,CPD_430449302192,STM2457,4302,train_pool
batch_1,11794,CPD_430449302192,STM2457,4303,train_pool
batch_1,11879,CPD_430449302192,STM2457,4304,train_pool
batch_1,11929,CPD_430449302192,STM2457,4305,train_pool
batch_1,12484,CPD_430449302192,STM2457,4306,train_pool
batch_1,12980,CPD_430449302192,STM2457,4307,train_pool
batch_1,13047,CPD_430449302192,STM2457,4308,train_pool
batch_1,13157,CPD_430449302192,STM2457,4309,train_pool
batch_1,13457,CPD_430449302192,STM2457,4310,train_pool
batch_1,13486,CPD_430449302192,STM2457,4311,train_pool
batch_1,13643,CPD_430449302192,STM2457,4312,train_pool
batch_1,13844,CPD_430449302192,STM2457,4313,train_pool
batch_1,13859,CPD_430449302192,STM2457,4314,test
batch_1,13912,CPD_430449302192,STM2457,4315,train_pool
batch_1,14064,CPD_430449302192,STM2457,4316,train_pool
batch_1,14369,CPD_430449302192,STM2457,4317,train_pool
batch_1,14417,CPD_430449302192,STM2457,4318,train_pool
batch_1,15022,CPD_430449302192,STM2457,4319,train_pool
batch_1,15114,CPD_430449302192,STM2457,4320,train_pool
batch_1,15152,CPD_430449302192,STM2457,4321,train_pool
batch_1,15449,CPD_430449302192,STM2457,4322,train_pool
batch_1,15540,CPD_430449302192,STM2457,4323,train_pool
batch_1,15672,CPD_430449302192,STM2457,4324,test
batch_1,15925,CPD_430449302192,STM2457,4325,train_pool
batch_1,16046,CPD_430449302192,STM2457,4326,train_pool
batch_1,16307,CPD_430449302192,STM2457,4327,train_pool
batch_1,16330,CPD_430449302192,STM2457,4328,train_pool
batch_1,16356,CPD_430449302192,STM2457,4329,train_pool
batch_1,16465,CPD_430449302192,STM2457,4330,train_pool
batch_1,16526,CPD_430449302192,STM2457,4331,train_pool
batch_1,16845,CPD_430449302192,STM2457,4332,train_pool
batch_1,17053,CPD_430449302192,STM2457,4333,train_pool
batch_1,17101,CPD_430449302192,STM2457,4334,test
batch_1,17472,CPD_430449302192,STM2457,4335,train_pool
batch_1,17713,CPD_430449302192,STM2457,4336,test
batch_1,17794,CPD_430449302192,STM2457,4337,train_pool
batch_1,17914,CPD_430449302192,STM2457,4338,train_pool
batch_1,18023,CPD_430449302192,STM2457,4339,test
batch_1,18094,CPD_430449302192,STM2457,4340,train_pool
batch_1,18232,CPD_430449302192,STM2457,4341,train_pool
batch_1,18648,CPD_430449302192,STM2457,4342,train_pool
batch_1,18997,CPD_430449302192,STM2457,4343,test
batch_1,19125,CPD_430449302192,STM2457,4344,train_pool
batch_1,19126,CPD_430449302192,STM2457,4345,train_pool
batch_1,19508,CPD_430449302192,STM2457,4346,train_pool
batch_1,19777,CPD_430449302192,STM2457,4347,test
batch_1,19882,CPD_430449302192,STM2457,4348,train_pool
batch_1,20268,CPD_430449302192,STM2457,4349,train_pool
batch_1,20402,CPD_430449302192,STM2457,4350,train_pool
batch_1,20419,CPD_430449302192,STM2457,4351,train_pool
batch_1,20425,CPD_430449302192,STM2457,4352,train_pool
batch_1,20610,CPD_430449302192,STM2457,4353,train_pool
batch_1,20851,CPD_430449302192,STM2457,4354,train_pool
batch_1,21058,CPD_430449302192,STM2457,4355,train_pool
batch_1,21163,CPD_430449302192,STM2457,4356,train_pool
batch_1,21214,CPD_430449302192,STM2457,4357,train_pool
batch_1,21297,CPD_430449302192,STM2457,4358,train_pool
batch_1,21331,CPD_430449302192,STM2457,4359,test
batch_1,21373,CPD_430449302192,STM2457,4360,train_pool
batch_1,21731,CPD_430449302192,STM2457,4361,train_pool
batch_1,21841,CPD_430449302192,STM2457,4362,train_pool
batch_1,22008,CPD_430449302192,STM2457,4363,test
batch_1,22010,CPD_430449302192,STM2457,4364,train_pool
batch_1,22124,CPD_430449302192,STM2457,4365,train_pool
batch_1,22389,CPD_430449302192,STM2457,4366,train_pool
batch_1,22697,CPD_430449302192,STM2457,4367,train_pool
batch_1,22838,CPD_430449302192,STM2457,4368,train_pool
batch_1,22928,CPD_430449302192,STM2457,4369,train_pool
batch_1,23037,CPD_430449302192,STM2457,4370,train_pool
batch_1,23053,CPD_430449302192,STM2457,4371,train_pool
batch_1,23064,CPD_430449302192,STM2457,4372,test
batch_1,23314,CPD_430449302192,STM2457,4373,train_pool
batch_1,23318,CPD_430449302192,STM2457,4374,train_pool
batch_1,23562,CPD_430449302192,STM2457,4375,train_pool
batch_1,23700,CPD_430449302192,STM2457,4376,train_pool
batch_1,23812,CPD_430449302192,STM2457,4377,test
batch_1,23843,CPD_430449302192,STM2457,4378,train_pool
batch_1,23879,CPD_430449302192,STM2457,4379,test
batch_1,24369,CPD_430449302192,STM2457,4380,train_pool
batch_1,24675,CPD_430449302192,STM2457,4381,train_pool
batch_1,25224,CPD_430449302192,STM2457,4382,train_pool
batch_1,25225,CPD_430449302192,STM2457,4383,train_pool
batch_1,25313,CPD_430449302192,STM2457,4384,test
batch_1,25325,CPD_430449302192,STM2457,4385,train_pool
batch_1,25370,CPD_430449302192,STM2457,4386,train_pool
batch_1,25454,CPD_430449302192,STM2457,4387,train_pool
batch_1,25626,CPD_430449302192,STM2457,4388,train_pool
batch_1,26025,CPD_430449302192,STM2457,4389,train_pool
batch_1,26079,CPD_430449302192,STM2457,4390,train_pool
batch_1,26392,CPD_430449302192,STM2457,4391,test
batch_1,26857,CPD_430449302192,STM2457,4392,train_pool
batch_1,26870,CPD_430449302192,STM2457,4393,test
batch_1,26940,CPD_430449302192,STM2457,4394,test
batch_1,27361,CPD_430449302192,STM2457,4395,train_pool
batch_1,27552,CPD_430449302192,STM2457,4396,train_pool
batch_1,27861,CPD_430449302192,STM2457,4397,train_pool
batch_1,27904,CPD_430449302192,STM2457,4398,train_pool
batch_1,28282,CPD_430449302192,STM2457,4399,test
batch_1,28331,CPD_430449302192,STM2457,4400,train_pool
batch_1,28728,CPD_430449302192,STM2457,4401,train_pool
batch_1,29141,CPD_430449302192,STM2457,4402,train_pool
batch_1,29282,CPD_430449302192,STM2457,4403,train_pool
batch_1,29339,CPD_430449302192,STM2457,4404,test
batch_1,29733,CPD_430449302192,STM2457,4405,test
batch_1,29764,CPD_430449302192,STM2457,4406,train_pool
batch_1,29833,CPD_430449302192,STM2457,4407,train_pool
batch_1,29902,CPD_430449302192,STM2457,4408,train_pool
batch_1,29939,CPD_430449302192,STM2457,4409,train_pool
batch_1,30366,CPD_430449302192,STM2457,4410,train_pool
batch_1,30476,CPD_430449302192,STM2457,4411,test
batch_1,31073,CPD_430449302192,STM2457,4412,train_pool
batch_1,31218,CPD_430449302192,STM2457,4413,train_pool
batch_1,31222,CPD_430449302192,STM2457,4414,train_pool
batch_1,31413,CPD_430449302192,STM2457,4415,test
batch_1,31450,CPD_430449302192,STM2457,4416,train_pool
batch_1,31681,CPD_430449302192,STM2457,4417,test
batch_1,31855,CPD_430449302192,STM2457,4418,train_pool
batch_1,32075,CPD_430449302192,STM2457,4419,test
batch_1,32099,CPD_430449302192,STM2457,4420,test
batch_1,32100,CPD_430449302192,STM2457,4421,train_pool
batch_1,32191,CPD_430449302192,STM2457,4422,train_pool
batch_1,32243,CPD_430449302192,STM2457,4423,test
batch_1,32379,CPD_430449302192,STM2457,4424,train_pool
batch_1,32475,CPD_430449302192,STM2457,4425,train_pool
batch_1,32483,CPD_430449302192,STM2457,4426,train_pool
batch_1,32756,CPD_430449302192,STM2457,4427,train_pool
batch_1,33202,CPD_430449302192,STM2457,4428,train_pool
batch_1,33846,CPD_430449302192,STM2457,4429,train_pool
batch_1,33925,CPD_430449302192,STM2457,4430,train_pool
batch_1,34182,CPD_430449302192,STM2457,4431,train_pool
batch_1,34473,CPD_430449302192,STM2457,4432,train_pool
batch_1,34865,CPD_430449302192,STM2457,4433,train_pool
batch_1,34989,CPD_430449302192,STM2457,4434,test
batch_1,35519,CPD_430449302192,STM2457,4435,train_pool
batch_1,35614,CPD_430449302192,STM2457,4436,train_pool
batch_1,35851,CPD_430449302192,STM2457,4437,train_pool
batch_1,35987,CPD_430449302192,STM2457,4438,test
batch_1,36042,CPD_430449302192,STM2457,4439,test
batch_1,36149,CPD_430449302192,STM2457,4440,train_pool
batch_1,36684,CPD_430449302192,STM2457,4441,train_pool
batch_1,36779,CPD_430449302192,STM2457,4442,train_pool
batch_1,36802,CPD_430449302192,STM2457,4443,train_pool
batch_1,37180,CPD_430449302192,STM2457,4444,train_pool
batch_1,37288,CPD_430449302192,STM2457,4445,train_pool
batch_1,37298,CPD_430449302192,STM2457,4446,train_pool
batch_1,37327,CPD_430449302192,STM2457,4447,train_pool
batch_1,37723,CPD_430449302192,STM2457,4448,test
batch_1,37872,CPD_430449302192,STM2457,4449,train_pool
batch_1,37947,CPD_430449302192,STM2457,4450,train_pool
batch_1,38124,CPD_430449302192,STM2457,4451,train_pool
batch_1,38142,CPD_430449302192,STM2457,4452,train_pool
batch_1,38448,CPD_430449302192,STM2457,4453,train_pool
batch_1,38486,CPD_430449302192,STM2457,4454,train_pool
batch_1,38563,CPD_430449302192,STM2457,4455,train_pool
batch_1,38605,CPD_430449302192,STM2457,4456,train_pool
batch_1,38947,CPD_430449302192,STM2457,4457,train_pool
batch_1,39325,CPD_430449302192,STM2457,4458,train_pool
batch_1,39459,CPD_430449302192,STM2457,4459,test
batch_1,39762,CPD_430449302192,STM2457,4460,train_pool
batch_1,40252,CPD_430449302192,STM2457,4461,test
batch_1,40464,CPD_430449302192,STM2457,4462,train_pool
batch_1,40494,CPD_430449302192,STM2457,4463,train_pool
batch_1,40875,CPD_430449302192,STM2457,4464,train_pool
batch_1,41008,CPD_430449302192,STM2457,4465,test
batch_1,41197,CPD_430449302192,STM2457,4466,train_pool
batch_1,41558,CPD_430449302192,STM2457,4467,train_pool
batch_1,42231,CPD_430449302192,STM2457,4468,train_pool
batch_1,43079,CPD_430449302192,STM2457,4469,train_pool
batch_1,43609,CPD_430449302192,STM2457,4470,test
batch_1,43902,CPD_430449302192,STM2457,4471,train_pool
batch_1,43923,CPD_430449302192,STM2457,4472,test
batch_1,44323,CPD_430449302192,STM2457,4473,train_pool
batch_1,45023,CPD_430449302192,STM2457,4474,train_pool
batch_1,45130,CPD_430449302192,STM2457,4475,test
batch_1,45789,CPD_430449302192,STM2457,4476,train_pool
batch_1,45896,CPD_430449302192,STM2457,4477,train_pool
batch_1,46901,CPD_430449302192,STM2457,4478,train_pool
batch_1,47158,CPD_430449302192,STM2457,4479,train_pool
batch_1,47297,CPD_430449302192,STM2457,4480,train_pool
batch_1,48969,CPD_430449302192,STM2457,4481,train_pool
batch_1,524,CPD_144607136087,XL019,4482,test
batch_1,3149,CPD_144607136087,XL019,4483,train_pool
batch_1,3355,CPD_144607136087,XL019,4484,train_pool
batch_1,3428,CPD_144607136087,XL019,4485,train_pool
batch_1,3686,CPD_144607136087,XL019,4486,test
batch_1,3799,CPD_144607136087,XL019,4487,train_pool
batch_1,3891,CPD_144607136087,XL019,4488,test
batch_1,4506,CPD_144607136087,XL019,4489,train_pool
batch_1,4663,CPD_144607136087,XL019,4490,train_pool
batch_1,4812,CPD_144607136087,XL019,4491,train_pool
batch_1,5146,CPD_144607136087,XL019,4492,test
batch_1,5297,CPD_144607136087,XL019,4493,train_pool
batch_1,5683,CPD_144607136087,XL019,4494,test
batch_1,6168,CPD_144607136087,XL019,4495,train_pool
batch_1,6436,CPD_144607136087,XL019,4496,test
batch_1,6544,CPD_144607136087,XL019,4497,train_pool
batch_1,6546,CPD_144607136087,XL019,4498,test
batch_1,6720,CPD_144607136087,XL019,4499,train_pool
batch_1,6747,CPD_144607136087,XL019,4500,train_pool
batch_1,7381,CPD_144607136087,XL019,4501,train_pool
batch_1,7605,CPD_144607136087,XL019,4502,train_pool
batch_1,7660,CPD_144607136087,XL019,4503,train_pool
batch_1,8042,CPD_144607136087,XL019,4504,train_pool
batch_1,8342,CPD_144607136087,XL019,4505,train_pool
batch_1,8449,CPD_144607136087,XL019,4506,train_pool
batch_1,8498,CPD_144607136087,XL019,4507,train_pool
batch_1,8802,CPD_144607136087,XL019,4508,train_pool
batch_1,9247,CPD_144607136087,XL019,4509,train_pool
batch_1,9350,CPD_144607136087,XL019,4510,train_pool
batch_1,9421,CPD_144607136087,XL019,4511,train_pool
batch_1,9690,CPD_144607136087,XL019,4512,test
batch_1,10259,CPD_144607136087,XL019,4513,test
batch_1,10655,CPD_144607136087,XL019,4514,train_pool
batch_1,10656,CPD_144607136087,XL019,4515,train_pool
batch_1,10719,CPD_144607136087,XL019,4516,train_pool
batch_1,10980,CPD_144607136087,XL019,4517,train_pool
batch_1,10995,CPD_144607136087,XL019,4518,train_pool
batch_1,11078,CPD_144607136087,XL019,4519,train_pool
batch_1,11243,CPD_144607136087,XL019,4520,train_pool
batch_1,11258,CPD_144607136087,XL019,4521,test
batch_1,11267,CPD_144607136087,XL019,4522,train_pool
batch_1,11288,CPD_144607136087,XL019,4523,train_pool
batch_1,11303,CPD_144607136087,XL019,4524,train_pool
batch_1,11519,CPD_144607136087,XL019,4525,train_pool
batch_1,11540,CPD_144607136087,XL019,4526,train_pool
batch_1,11768,CPD_144607136087,XL019,4527,train_pool
batch_1,11995,CPD_144607136087,XL019,4528,train_pool
batch_1,12011,CPD_144607136087,XL019,4529,train_pool
batch_1,12094,CPD_144607136087,XL019,4530,train_pool
batch_1,12180,CPD_144607136087,XL019,4531,train_pool
batch_1,12245,CPD_144607136087,XL019,4532,train_pool
batch_1,12575,CPD_144607136087,XL019,4533,train_pool
batch_1,12753,CPD_144607136087,XL019,4534,train_pool
batch_1,12923,CPD_144607136087,XL019,4535,test
batch_1,13234,CPD_144607136087,XL019,4536,test
batch_1,13253,CPD_144607136087,XL019,4537,train_pool
batch_1,13276,CPD_144607136087,XL019,4538,train_pool
batch_1,13295,CPD_144607136087,XL019,4539,train_pool
batch_1,13374,CPD_144607136087,XL019,4540,train_pool
batch_1,13532,CPD_144607136087,XL019,4541,train_pool
batch_1,13690,CPD_144607136087,XL019,4542,train_pool
batch_1,14233,CPD_144607136087,XL019,4543,train_pool
batch_1,14276,CPD_144607136087,XL019,4544,train_pool
batch_1,14285,CPD_144607136087,XL019,4545,test
batch_1,14301,CPD_144607136087,XL019,4546,test
batch_1,14339,CPD_144607136087,XL019,4547,train_pool
batch_1,14518,CPD_144607136087,XL019,4548,train_pool
batch_1,14575,CPD_144607136087,XL019,4549,train_pool
batch_1,15217,CPD_144607136087,XL019,4550,train_pool
batch_1,15301,CPD_144607136087,XL019,4551,train_pool
batch_1,15640,CPD_144607136087,XL019,4552,train_pool
batch_1,15661,CPD_144607136087,XL019,4553,train_pool
batch_1,15717,CPD_144607136087,XL019,4554,train_pool
batch_1,15964,CPD_144607136087,XL019,4555,train_pool
batch_1,16175,CPD_144607136087,XL019,4556,train_pool
batch_1,16238,CPD_144607136087,XL019,4557,train_pool
batch_1,16335,CPD_144607136087,XL019,4558,train_pool
batch_1,16430,CPD_144607136087,XL019,4559,test
batch_1,16483,CPD_144607136087,XL019,4560,train_pool
batch_1,16669,CPD_144607136087,XL019,4561,train_pool
batch_1,17038,CPD_144607136087,XL019,4562,test
batch_1,17041,CPD_144607136087,XL019,4563,train_pool
batch_1,17073,CPD_144607136087,XL019,4564,train_pool
batch_1,17614,CPD_144607136087,XL019,4565,test
batch_1,17671,CPD_144607136087,XL019,4566,train_pool
batch_1,17968,CPD_144607136087,XL019,4567,train_pool
batch_1,18392,CPD_144607136087,XL019,4568,train_pool
batch_1,18496,CPD_144607136087,XL019,4569,test
batch_1,18751,CPD_144607136087,XL019,4570,train_pool
batch_1,18769,CPD_144607136087,XL019,4571,train_pool
batch_1,18912,CPD_144607136087,XL019,4572,train_pool
batch_1,19091,CPD_144607136087,XL019,4573,train_pool
batch_1,19111,CPD_144607136087,XL019,4574,train_pool
batch_1,19167,CPD_144607136087,XL019,4575,train_pool
batch_1,19172,CPD_144607136087,XL019,4576,train_pool
batch_1,19377,CPD_144607136087,XL019,4577,train_pool
batch_1,19555,CPD_144607136087,XL019,4578,test
batch_1,19848,CPD_144607136087,XL019,4579,train_pool
batch_1,19936,CPD_144607136087,XL019,4580,train_pool
batch_1,20305,CPD_144607136087,XL019,4581,train_pool
batch_1,20609,CPD_144607136087,XL019,4582,train_pool
batch_1,20619,CPD_144607136087,XL019,4583,test
batch_1,20808,CPD_144607136087,XL019,4584,train_pool
batch_1,20826,CPD_144607136087,XL019,4585,train_pool
batch_1,20877,CPD_144607136087,XL019,4586,train_pool
batch_1,21029,CPD_144607136087,XL019,4587,test
batch_1,21171,CPD_144607136087,XL019,4588,train_pool
batch_1,21259,CPD_144607136087,XL019,4589,train_pool
batch_1,21450,CPD_144607136087,XL019,4590,train_pool
batch_1,21605,CPD_144607136087,XL019,4591,test
batch_1,21752,CPD_144607136087,XL019,4592,train_pool
batch_1,22106,CPD_144607136087,XL019,4593,train_pool
batch_1,22416,CPD_144607136087,XL019,4594,train_pool
batch_1,22648,CPD_144607136087,XL019,4595,test
batch_1,22708,CPD_144607136087,XL019,4596,test
batch_1,22957,CPD_144607136087,XL019,4597,train_pool
batch_1,23150,CPD_144607136087,XL019,4598,train_pool
batch_1,23198,CPD_144607136087,XL019,4599,train_pool
batch_1,23253,CPD_144607136087,XL019,4600,train_pool
batch_1,23304,CPD_144607136087,XL019,4601,train_pool
batch_1,23571,CPD_144607136087,XL019,4602,train_pool
batch_1,23572,CPD_144607136087,XL019,4603,train_pool
batch_1,23644,CPD_144607136087,XL019,4604,train_pool
batch_1,23791,CPD_144607136087,XL019,4605,train_pool
batch_1,23962,CPD_144607136087,XL019,4606,test
batch_1,24052,CPD_144607136087,XL019,4607,train_pool
batch_1,24215,CPD_144607136087,XL019,4608,train_pool
batch_1,24595,CPD_144607136087,XL019,4609,test
batch_1,25091,CPD_144607136087,XL019,4610,train_pool
batch_1,25250,CPD_144607136087,XL019,4611,train_pool
batch_1,25294,CPD_144607136087,XL019,4612,test
batch_1,25667,CPD_144607136087,XL019,4613,train_pool
batch_1,25688,CPD_144607136087,XL019,4614,train_pool
batch_1,25745,CPD_144607136087,XL019,4615,train_pool
batch_1,25844,CPD_144607136087,XL019,4616,test
batch_1,26201,CPD_144607136087,XL019,4617,test
batch_1,26230,CPD_144607136087,XL019,4618,train_pool
batch_1,26255,CPD_144607136087,XL019,4619,train_pool
batch_1,26296,CPD_144607136087,XL019,4620,test
batch_1,26623,CPD_144607136087,XL019,4621,test
batch_1,26656,CPD_144607136087,XL019,4622,train_pool
batch_1,26866,CPD_144607136087,XL019,4623,train_pool
batch_1,27001,CPD_144607136087,XL019,4624,train_pool
batch_1,27288,CPD_144607136087,XL019,4625,train_pool
batch_1,27683,CPD_144607136087,XL019,4626,train_pool
batch_1,27756,CPD_144607136087,XL019,4627,train_pool
batch_1,27792,CPD_144607136087,XL019,4628,train_pool
batch_1,27976,CPD_144607136087,XL019,4629,train_pool
batch_1,27981,CPD_144607136087,XL019,4630,train_pool
batch_1,28289,CPD_144607136087,XL019,4631,train_pool
batch_1,28485,CPD_144607136087,XL019,4632,train_pool
batch_1,28536,CPD_144607136087,XL019,4633,train_pool
batch_1,28676,CPD_144607136087,XL019,4634,train_pool
batch_1,28719,CPD_144607136087,XL019,4635,train_pool
batch_1,28978,CPD_144607136087,XL019,4636,train_pool
batch_1,29124,CPD_144607136087,XL019,4637,train_pool
batch_1,29193,CPD_144607136087,XL019,4638,train_pool
batch_1,29219,CPD_144607136087,XL019,4639,train_pool
batch_1,29437,CPD_144607136087,XL019,4640,test
batch_1,29491,CPD_144607136087,XL019,4641,train_pool
batch_1,29892,CPD_144607136087,XL019,4642,train_pool
batch_1,30714,CPD_144607136087,XL019,4643,train_pool
batch_1,30781,CPD_144607136087,XL019,4644,train_pool
batch_1,30887,CPD_144607136087,XL019,4645,train_pool
batch_1,31026,CPD_144607136087,XL019,4646,train_pool
batch_1,31244,CPD_144607136087,XL019,4647,train_pool
batch_1,31287,CPD_144607136087,XL019,4648,train_pool
batch_1,31536,CPD_144607136087,XL019,4649,train_pool
batch_1,31707,CPD_144607136087,XL019,4650,train_pool
batch_1,32143,CPD_144607136087,XL019,4651,train_pool
batch_1,32157,CPD_144607136087,XL019,4652,train_pool
batch_1,32219,CPD_144607136087,XL019,4653,train_pool
batch_1,32482,CPD_144607136087,XL019,4654,train_pool
batch_1,32695,CPD_144607136087,XL019,4655,train_pool
batch_1,32952,CPD_144607136087,XL019,4656,train_pool
batch_1,32986,CPD_144607136087,XL019,4657,test
batch_1,33136,CPD_144607136087,XL019,4658,train_pool
batch_1,33139,CPD_144607136087,XL019,4659,test
batch_1,33271,CPD_144607136087,XL019,4660,train_pool
batch_1,33375,CPD_144607136087,XL019,4661,train_pool
batch_1,33626,CPD_144607136087,XL019,4662,train_pool
batch_1,33670,CPD_144607136087,XL019,4663,test
batch_1,33684,CPD_144607136087,XL019,4664,train_pool
batch_1,33834,CPD_144607136087,XL019,4665,train_pool
batch_1,33835,CPD_144607136087,XL019,4666,train_pool
batch_1,33839,CPD_144607136087,XL019,4667,train_pool
batch_1,33921,CPD_144607136087,XL019,4668,train_pool
batch_1,33961,CPD_144607136087,XL019,4669,train_pool
batch_1,34092,CPD_144607136087,XL019,4670,test
batch_1,34331,CPD_144607136087,XL019,4671,test
batch_1,34339,CPD_144607136087,XL019,4672,train_pool
batch_1,34460,CPD_144607136087,XL019,4673,train_pool
batch_1,34657,CPD_144607136087,XL019,4674,test
batch_1,34730,CPD_144607136087,XL019,4675,train_pool
batch_1,35266,CPD_144607136087,XL019,4676,train_pool
batch_1,35923,CPD_144607136087,XL019,4677,train_pool
batch_1,35997,CPD_144607136087,XL019,4678,train_pool
batch_1,36079,CPD_144607136087,XL019,4679,train_pool
batch_1,36679,CPD_144607136087,XL019,4680,train_pool
batch_1,36840,CPD_144607136087,XL019,4681,train_pool
batch_1,36914,CPD_144607136087,XL019,4682,test
batch_1,37021,CPD_144607136087,XL019,4683,train_pool
batch_1,37073,CPD_144607136087,XL019,4684,train_pool
batch_1,37097,CPD_144607136087,XL019,4685,train_pool
batch_1,37458,CPD_144607136087,XL019,4686,test
batch_1,38057,CPD_144607136087,XL019,4687,test
batch_1,38161,CPD_144607136087,XL019,4688,train_pool
batch_1,38204,CPD_144607136087,XL019,4689,test
batch_1,38426,CPD_144607136087,XL019,4690,train_pool
batch_1,38855,CPD_144607136087,XL019,4691,train_pool
batch_1,39021,CPD_144607136087,XL019,4692,train_pool
batch_1,39209,CPD_144607136087,XL019,4693,train_pool
batch_1,39437,CPD_144607136087,XL019,4694,train_pool
batch_1,40003,CPD_144607136087,XL019,4695,train_pool
batch_1,40240,CPD_144607136087,XL019,4696,train_pool
batch_1,40475,CPD_144607136087,XL019,4697,train_pool
batch_1,40591,CPD_144607136087,XL019,4698,test
batch_1,40663,CPD_144607136087,XL019,4699,test
batch_1,40876,CPD_144607136087,XL019,4700,train_pool
batch_1,41087,CPD_144607136087,XL019,4701,train_pool
batch_1,41238,CPD_144607136087,XL019,4702,train_pool
batch_1,41563,CPD_144607136087,XL019,4703,train_pool
batch_1,41584,CPD_144607136087,XL019,4704,test
batch_1,41586,CPD_144607136087,XL019,4705,train_pool
batch_1,41632,CPD_144607136087,XL019,4706,train_pool
batch_1,42008,CPD_144607136087,XL019,4707,train_pool
batch_1,42438,CPD_144607136087,XL019,4708,test
batch_1,42594,CPD_144607136087,XL019,4709,train_pool
batch_1,42803,CPD_144607136087,XL019,4710,train_pool
batch_1,42841,CPD_144607136087,XL019,4711,train_pool
batch_1,43231,CPD_144607136087,XL019,4712,train_pool
batch_1,43392,CPD_144607136087,XL019,4713,train_pool
batch_1,43401,CPD_144607136087,XL019,4714,train_pool
batch_1,43564,CPD_144607136087,XL019,4715,train_pool
batch_1,44075,CPD_144607136087,XL019,4716,train_pool
batch_1,44364,CPD_144607136087,XL019,4717,train_pool
batch_1,44480,CPD_144607136087,XL019,4718,train_pool
batch_1,44526,CPD_144607136087,XL019,4719,train_pool
batch_1,44749,CPD_144607136087,XL019,4720,test
batch_1,44876,CPD_144607136087,XL019,4721,test
batch_1,45892,CPD_144607136087,XL019,4722,train_pool
batch_1,46339,CPD_144607136087,XL019,4723,test
batch_1,46664,CPD_144607136087,XL019,4724,train_pool
batch_1,49141,CPD_144607136087,XL019,4725,train_pool
batch_1,176,CPD_204680181321,ZF135/MRTX-1719,4726,train_pool
batch_1,334,CPD_204680181321,ZF135/MRTX-1719,4727,train_pool
batch_1,1471,CPD_204680181321,ZF135/MRTX-1719,4728,train_pool
batch_1,1725,CPD_204680181321,ZF135/MRTX-1719,4729,train_pool
batch_1,1835,CPD_204680181321,ZF135/MRTX-1719,4730,train_pool
batch_1,2538,CPD_204680181321,ZF135/MRTX-1719,4731,train_pool
batch_1,2746,CPD_204680181321,ZF135/MRTX-1719,4732,test
batch_1,2874,CPD_204680181321,ZF135/MRTX-1719,4733,train_pool
batch_1,3170,CPD_204680181321,ZF135/MRTX-1719,4734,train_pool
batch_1,4181,CPD_204680181321,ZF135/MRTX-1719,4735,train_pool
batch_1,5522,CPD_204680181321,ZF135/MRTX-1719,4736,train_pool
batch_1,5584,CPD_204680181321,ZF135/MRTX-1719,4737,train_pool
batch_1,5642,CPD_204680181321,ZF135/MRTX-1719,4738,train_pool
batch_1,5809,CPD_204680181321,ZF135/MRTX-1719,4739,train_pool
batch_1,6011,CPD_204680181321,ZF135/MRTX-1719,4740,train_pool
batch_1,6030,CPD_204680181321,ZF135/MRTX-1719,4741,train_pool
batch_1,6333,CPD_204680181321,ZF135/MRTX-1719,4742,train_pool
batch_1,6355,CPD_204680181321,ZF135/MRTX-1719,4743,test
batch_1,6509,CPD_204680181321,ZF135/MRTX-1719,4744,train_pool
batch_1,7209,CPD_204680181321,ZF135/MRTX-1719,4745,test
batch_1,7579,CPD_204680181321,ZF135/MRTX-1719,4746,train_pool
batch_1,7676,CPD_204680181321,ZF135/MRTX-1719,4747,train_pool
batch_1,7805,CPD_204680181321,ZF135/MRTX-1719,4748,train_pool
batch_1,7840,CPD_204680181321,ZF135/MRTX-1719,4749,train_pool
batch_1,7912,CPD_204680181321,ZF135/MRTX-1719,4750,train_pool
batch_1,7935,CPD_204680181321,ZF135/MRTX-1719,4751,train_pool
batch_1,8252,CPD_204680181321,ZF135/MRTX-1719,4752,test
batch_1,8690,CPD_204680181321,ZF135/MRTX-1719,4753,train_pool
batch_1,8751,CPD_204680181321,ZF135/MRTX-1719,4754,train_pool
batch_1,8813,CPD_204680181321,ZF135/MRTX-1719,4755,train_pool
batch_1,9080,CPD_204680181321,ZF135/MRTX-1719,4756,train_pool
batch_1,9254,CPD_204680181321,ZF135/MRTX-1719,4757,train_pool
batch_1,9787,CPD_204680181321,ZF135/MRTX-1719,4758,test
batch_1,9906,CPD_204680181321,ZF135/MRTX-1719,4759,train_pool
batch_1,9989,CPD_204680181321,ZF135/MRTX-1719,4760,train_pool
batch_1,10170,CPD_204680181321,ZF135/MRTX-1719,4761,train_pool
batch_1,11125,CPD_204680181321,ZF135/MRTX-1719,4762,train_pool
batch_1,11532,CPD_204680181321,ZF135/MRTX-1719,4763,train_pool
batch_1,11764,CPD_204680181321,ZF135/MRTX-1719,4764,train_pool
batch_1,12329,CPD_204680181321,ZF135/MRTX-1719,4765,train_pool
batch_1,12607,CPD_204680181321,ZF135/MRTX-1719,4766,train_pool
batch_1,12780,CPD_204680181321,ZF135/MRTX-1719,4767,train_pool
batch_1,13516,CPD_204680181321,ZF135/MRTX-1719,4768,train_pool
batch_1,13683,CPD_204680181321,ZF135/MRTX-1719,4769,test
batch_1,13870,CPD_204680181321,ZF135/MRTX-1719,4770,train_pool
batch_1,13917,CPD_204680181321,ZF135/MRTX-1719,4771,test
batch_1,13974,CPD_204680181321,ZF135/MRTX-1719,4772,train_pool
batch_1,13982,CPD_204680181321,ZF135/MRTX-1719,4773,test
batch_1,14431,CPD_204680181321,ZF135/MRTX-1719,4774,train_pool
batch_1,14550,CPD_204680181321,ZF135/MRTX-1719,4775,train_pool
batch_1,14638,CPD_204680181321,ZF135/MRTX-1719,4776,train_pool
batch_1,14657,CPD_204680181321,ZF135/MRTX-1719,4777,test
batch_1,14927,CPD_204680181321,ZF135/MRTX-1719,4778,train_pool
batch_1,15481,CPD_204680181321,ZF135/MRTX-1719,4779,train_pool
batch_1,15866,CPD_204680181321,ZF135/MRTX-1719,4780,train_pool
batch_1,16021,CPD_204680181321,ZF135/MRTX-1719,4781,train_pool
batch_1,16431,CPD_204680181321,ZF135/MRTX-1719,4782,test
batch_1,16710,CPD_204680181321,ZF135/MRTX-1719,4783,test
batch_1,16921,CPD_204680181321,ZF135/MRTX-1719,4784,train_pool
batch_1,17167,CPD_204680181321,ZF135/MRTX-1719,4785,train_pool
batch_1,17175,CPD_204680181321,ZF135/MRTX-1719,4786,test
batch_1,17734,CPD_204680181321,ZF135/MRTX-1719,4787,train_pool
batch_1,17759,CPD_204680181321,ZF135/MRTX-1719,4788,test
batch_1,17893,CPD_204680181321,ZF135/MRTX-1719,4789,train_pool
batch_1,18148,CPD_204680181321,ZF135/MRTX-1719,4790,test
batch_1,18314,CPD_204680181321,ZF135/MRTX-1719,4791,train_pool
batch_1,18645,CPD_204680181321,ZF135/MRTX-1719,4792,train_pool
batch_1,18943,CPD_204680181321,ZF135/MRTX-1719,4793,train_pool
batch_1,19032,CPD_204680181321,ZF135/MRTX-1719,4794,train_pool
batch_1,19063,CPD_204680181321,ZF135/MRTX-1719,4795,train_pool
batch_1,19094,CPD_204680181321,ZF135/MRTX-1719,4796,train_pool
batch_1,19380,CPD_204680181321,ZF135/MRTX-1719,4797,train_pool
batch_1,19809,CPD_204680181321,ZF135/MRTX-1719,4798,train_pool
batch_1,19879,CPD_204680181321,ZF135/MRTX-1719,4799,train_pool
batch_1,20374,CPD_204680181321,ZF135/MRTX-1719,4800,train_pool
batch_1,20717,CPD_204680181321,ZF135/MRTX-1719,4801,train_pool
batch_1,20834,CPD_204680181321,ZF135/MRTX-1719,4802,train_pool
batch_1,21019,CPD_204680181321,ZF135/MRTX-1719,4803,train_pool
batch_1,21113,CPD_204680181321,ZF135/MRTX-1719,4804,train_pool
batch_1,21135,CPD_204680181321,ZF135/MRTX-1719,4805,train_pool
batch_1,21969,CPD_204680181321,ZF135/MRTX-1719,4806,train_pool
batch_1,22155,CPD_204680181321,ZF135/MRTX-1719,4807,train_pool
batch_1,22286,CPD_204680181321,ZF135/MRTX-1719,4808,train_pool
batch_1,22379,CPD_204680181321,ZF135/MRTX-1719,4809,train_pool
batch_1,22384,CPD_204680181321,ZF135/MRTX-1719,4810,test
batch_1,22601,CPD_204680181321,ZF135/MRTX-1719,4811,train_pool
batch_1,22831,CPD_204680181321,ZF135/MRTX-1719,4812,train_pool
batch_1,22863,CPD_204680181321,ZF135/MRTX-1719,4813,train_pool
batch_1,23072,CPD_204680181321,ZF135/MRTX-1719,4814,test
batch_1,23265,CPD_204680181321,ZF135/MRTX-1719,4815,train_pool
batch_1,23291,CPD_204680181321,ZF135/MRTX-1719,4816,train_pool
batch_1,23303,CPD_204680181321,ZF135/MRTX-1719,4817,train_pool
batch_1,23456,CPD_204680181321,ZF135/MRTX-1719,4818,test
batch_1,23548,CPD_204680181321,ZF135/MRTX-1719,4819,train_pool
batch_1,23561,CPD_204680181321,ZF135/MRTX-1719,4820,train_pool
batch_1,23641,CPD_204680181321,ZF135/MRTX-1719,4821,train_pool
batch_1,23904,CPD_204680181321,ZF135/MRTX-1719,4822,train_pool
batch_1,24226,CPD_204680181321,ZF135/MRTX-1719,4823,train_pool
batch_1,24370,CPD_204680181321,ZF135/MRTX-1719,4824,train_pool
batch_1,24421,CPD_204680181321,ZF135/MRTX-1719,4825,train_pool
batch_1,24463,CPD_204680181321,ZF135/MRTX-1719,4826,train_pool
batch_1,24622,CPD_204680181321,ZF135/MRTX-1719,4827,train_pool
batch_1,24723,CPD_204680181321,ZF135/MRTX-1719,4828,train_pool
batch_1,24843,CPD_204680181321,ZF135/MRTX-1719,4829,train_pool
batch_1,25231,CPD_204680181321,ZF135/MRTX-1719,4830,train_pool
batch_1,25421,CPD_204680181321,ZF135/MRTX-1719,4831,test
batch_1,25508,CPD_204680181321,ZF135/MRTX-1719,4832,train_pool
batch_1,25520,CPD_204680181321,ZF135/MRTX-1719,4833,train_pool
batch_1,25678,CPD_204680181321,ZF135/MRTX-1719,4834,train_pool
batch_1,25790,CPD_204680181321,ZF135/MRTX-1719,4835,test
batch_1,25898,CPD_204680181321,ZF135/MRTX-1719,4836,test
batch_1,25919,CPD_204680181321,ZF135/MRTX-1719,4837,train_pool
batch_1,26016,CPD_204680181321,ZF135/MRTX-1719,4838,train_pool
batch_1,26029,CPD_204680181321,ZF135/MRTX-1719,4839,train_pool
batch_1,26073,CPD_204680181321,ZF135/MRTX-1719,4840,train_pool
batch_1,26126,CPD_204680181321,ZF135/MRTX-1719,4841,train_pool
batch_1,26238,CPD_204680181321,ZF135/MRTX-1719,4842,train_pool
batch_1,26289,CPD_204680181321,ZF135/MRTX-1719,4843,train_pool
batch_1,26638,CPD_204680181321,ZF135/MRTX-1719,4844,train_pool
batch_1,26709,CPD_204680181321,ZF135/MRTX-1719,4845,test
batch_1,26816,CPD_204680181321,ZF135/MRTX-1719,4846,train_pool
batch_1,27003,CPD_204680181321,ZF135/MRTX-1719,4847,train_pool
batch_1,27024,CPD_204680181321,ZF135/MRTX-1719,4848,train_pool
batch_1,27272,CPD_204680181321,ZF135/MRTX-1719,4849,train_pool
batch_1,27278,CPD_204680181321,ZF135/MRTX-1719,4850,train_pool
batch_1,27379,CPD_204680181321,ZF135/MRTX-1719,4851,train_pool
batch_1,27515,CPD_204680181321,ZF135/MRTX-1719,4852,train_pool
batch_1,27520,CPD_204680181321,ZF135/MRTX-1719,4853,test
batch_1,27579,CPD_204680181321,ZF135/MRTX-1719,4854,train_pool
batch_1,27770,CPD_204680181321,ZF135/MRTX-1719,4855,train_pool
batch_1,27889,CPD_204680181321,ZF135/MRTX-1719,4856,train_pool
batch_1,27918,CPD_204680181321,ZF135/MRTX-1719,4857,train_pool
batch_1,27960,CPD_204680181321,ZF135/MRTX-1719,4858,train_pool
batch_1,28129,CPD_204680181321,ZF135/MRTX-1719,4859,train_pool
batch_1,28146,CPD_204680181321,ZF135/MRTX-1719,4860,test
batch_1,28220,CPD_204680181321,ZF135/MRTX-1719,4861,train_pool
batch_1,28414,CPD_204680181321,ZF135/MRTX-1719,4862,train_pool
batch_1,28539,CPD_204680181321,ZF135/MRTX-1719,4863,train_pool
batch_1,28637,CPD_204680181321,ZF135/MRTX-1719,4864,train_pool
batch_1,28658,CPD_204680181321,ZF135/MRTX-1719,4865,train_pool
batch_1,28699,CPD_204680181321,ZF135/MRTX-1719,4866,train_pool
batch_1,28901,CPD_204680181321,ZF135/MRTX-1719,4867,test
batch_1,29007,CPD_204680181321,ZF135/MRTX-1719,4868,train_pool
batch_1,29089,CPD_204680181321,ZF135/MRTX-1719,4869,train_pool
batch_1,29102,CPD_204680181321,ZF135/MRTX-1719,4870,train_pool
batch_1,29537,CPD_204680181321,ZF135/MRTX-1719,4871,train_pool
batch_1,29896,CPD_204680181321,ZF135/MRTX-1719,4872,test
batch_1,30121,CPD_204680181321,ZF135/MRTX-1719,4873,train_pool
batch_1,30212,CPD_204680181321,ZF135/MRTX-1719,4874,train_pool
batch_1,30251,CPD_204680181321,ZF135/MRTX-1719,4875,train_pool
batch_1,30374,CPD_204680181321,ZF135/MRTX-1719,4876,train_pool
batch_1,30618,CPD_204680181321,ZF135/MRTX-1719,4877,train_pool
batch_1,30776,CPD_204680181321,ZF135/MRTX-1719,4878,test
batch_1,30946,CPD_204680181321,ZF135/MRTX-1719,4879,train_pool
batch_1,31013,CPD_204680181321,ZF135/MRTX-1719,4880,train_pool
batch_1,31096,CPD_204680181321,ZF135/MRTX-1719,4881,train_pool
batch_1,31251,CPD_204680181321,ZF135/MRTX-1719,4882,test
batch_1,31895,CPD_204680181321,ZF135/MRTX-1719,4883,train_pool
batch_1,31953,CPD_204680181321,ZF135/MRTX-1719,4884,test
batch_1,32008,CPD_204680181321,ZF135/MRTX-1719,4885,train_pool
batch_1,32018,CPD_204680181321,ZF135/MRTX-1719,4886,train_pool
batch_1,32205,CPD_204680181321,ZF135/MRTX-1719,4887,train_pool
batch_1,32271,CPD_204680181321,ZF135/MRTX-1719,4888,train_pool
batch_1,32576,CPD_204680181321,ZF135/MRTX-1719,4889,train_pool
batch_1,32749,CPD_204680181321,ZF135/MRTX-1719,4890,train_pool
batch_1,32836,CPD_204680181321,ZF135/MRTX-1719,4891,train_pool
batch_1,32962,CPD_204680181321,ZF135/MRTX-1719,4892,train_pool
batch_1,33213,CPD_204680181321,ZF135/MRTX-1719,4893,train_pool
batch_1,33348,CPD_204680181321,ZF135/MRTX-1719,4894,test
batch_1,33379,CPD_204680181321,ZF135/MRTX-1719,4895,train_pool
batch_1,33534,CPD_204680181321,ZF135/MRTX-1719,4896,train_pool
batch_1,33676,CPD_204680181321,ZF135/MRTX-1719,4897,train_pool
batch_1,34103,CPD_204680181321,ZF135/MRTX-1719,4898,test
batch_1,34436,CPD_204680181321,ZF135/MRTX-1719,4899,train_pool
batch_1,34490,CPD_204680181321,ZF135/MRTX-1719,4900,train_pool
batch_1,34727,CPD_204680181321,ZF135/MRTX-1719,4901,train_pool
batch_1,34825,CPD_204680181321,ZF135/MRTX-1719,4902,train_pool
batch_1,34956,CPD_204680181321,ZF135/MRTX-1719,4903,train_pool
batch_1,35072,CPD_204680181321,ZF135/MRTX-1719,4904,test
batch_1,35163,CPD_204680181321,ZF135/MRTX-1719,4905,train_pool
batch_1,35556,CPD_204680181321,ZF135/MRTX-1719,4906,test
batch_1,35620,CPD_204680181321,ZF135/MRTX-1719,4907,train_pool
batch_1,36177,CPD_204680181321,ZF135/MRTX-1719,4908,test
batch_1,36591,CPD_204680181321,ZF135/MRTX-1719,4909,test
batch_1,36789,CPD_204680181321,ZF135/MRTX-1719,4910,train_pool
batch_1,36905,CPD_204680181321,ZF135/MRTX-1719,4911,test
batch_1,36998,CPD_204680181321,ZF135/MRTX-1719,4912,train_pool
batch_1,37188,CPD_204680181321,ZF135/MRTX-1719,4913,train_pool
batch_1,37368,CPD_204680181321,ZF135/MRTX-1719,4914,test
batch_1,37710,CPD_204680181321,ZF135/MRTX-1719,4915,test
batch_1,38104,CPD_204680181321,ZF135/MRTX-1719,4916,test
batch_1,38123,CPD_204680181321,ZF135/MRTX-1719,4917,test
batch_1,38933,CPD_204680181321,ZF135/MRTX-1719,4918,test
batch_1,39027,CPD_204680181321,ZF135/MRTX-1719,4919,train_pool
batch_1,39031,CPD_204680181321,ZF135/MRTX-1719,4920,train_pool
batch_1,39039,CPD_204680181321,ZF135/MRTX-1719,4921,train_pool
batch_1,39222,CPD_204680181321,ZF135/MRTX-1719,4922,test
batch_1,39302,CPD_204680181321,ZF135/MRTX-1719,4923,train_pool
batch_1,39928,CPD_204680181321,ZF135/MRTX-1719,4924,train_pool
batch_1,40028,CPD_204680181321,ZF135/MRTX-1719,4925,train_pool
batch_1,40143,CPD_204680181321,ZF135/MRTX-1719,4926,train_pool
batch_1,40764,CPD_204680181321,ZF135/MRTX-1719,4927,train_pool
batch_1,40771,CPD_204680181321,ZF135/MRTX-1719,4928,train_pool
batch_1,41101,CPD_204680181321,ZF135/MRTX-1719,4929,train_pool
batch_1,41309,CPD_204680181321,ZF135/MRTX-1719,4930,train_pool
batch_1,41650,CPD_204680181321,ZF135/MRTX-1719,4931,train_pool
batch_1,41820,CPD_204680181321,ZF135/MRTX-1719,4932,test
batch_1,41853,CPD_204680181321,ZF135/MRTX-1719,4933,train_pool
batch_1,42456,CPD_204680181321,ZF135/MRTX-1719,4934,train_pool
batch_1,42651,CPD_204680181321,ZF135/MRTX-1719,4935,train_pool
batch_1,43160,CPD_204680181321,ZF135/MRTX-1719,4936,test
batch_1,43207,CPD_204680181321,ZF135/MRTX-1719,4937,train_pool
batch_1,43330,CPD_204680181321,ZF135/MRTX-1719,4938,train_pool
batch_1,43353,CPD_204680181321,ZF135/MRTX-1719,4939,train_pool
batch_1,43489,CPD_204680181321,ZF135/MRTX-1719,4940,train_pool
batch_1,43537,CPD_204680181321,ZF135/MRTX-1719,4941,train_pool
batch_1,43544,CPD_204680181321,ZF135/MRTX-1719,4942,train_pool
batch_1,44327,CPD_204680181321,ZF135/MRTX-1719,4943,train_pool
batch_1,44974,CPD_204680181321,ZF135/MRTX-1719,4944,train_pool
batch_1,45212,CPD_204680181321,ZF135/MRTX-1719,4945,test
batch_1,46132,CPD_204680181321,ZF135/MRTX-1719,4946,test
batch_1,46523,CPD_204680181321,ZF135/MRTX-1719,4947,train_pool
batch_1,47056,CPD_204680181321,ZF135/MRTX-1719,4948,train_pool
batch_1,47287,CPD_204680181321,ZF135/MRTX-1719,4949,train_pool
batch_1,137,CPD_317738115337,ZM336372,4950,train_pool
batch_1,656,CPD_317738115337,ZM336372,4951,train_pool
batch_1,731,CPD_317738115337,ZM336372,4952,test
batch_1,1643,CPD_317738115337,ZM336372,4953,train_pool
batch_1,2279,CPD_317738115337,ZM336372,4954,train_pool
batch_1,3014,CPD_317738115337,ZM336372,4955,train_pool
batch_1,3465,CPD_317738115337,ZM336372,4956,train_pool
batch_1,3579,CPD_317738115337,ZM336372,4957,train_pool
batch_1,3710,CPD_317738115337,ZM336372,4958,train_pool
batch_1,3735,CPD_317738115337,ZM336372,4959,test
batch_1,3944,CPD_317738115337,ZM336372,4960,train_pool
batch_1,4043,CPD_317738115337,ZM336372,4961,train_pool
batch_1,4646,CPD_317738115337,ZM336372,4962,train_pool
batch_1,5171,CPD_317738115337,ZM336372,4963,train_pool
batch_1,5285,CPD_317738115337,ZM336372,4964,test
batch_1,5318,CPD_317738115337,ZM336372,4965,train_pool
batch_1,6253,CPD_317738115337,ZM336372,4966,train_pool
batch_1,6414,CPD_317738115337,ZM336372,4967,test
batch_1,6588,CPD_317738115337,ZM336372,4968,train_pool
batch_1,6864,CPD_317738115337,ZM336372,4969,train_pool
batch_1,7113,CPD_317738115337,ZM336372,4970,train_pool
batch_1,7916,CPD_317738115337,ZM336372,4971,train_pool
batch_1,8028,CPD_317738115337,ZM336372,4972,train_pool
batch_1,8133,CPD_317738115337,ZM336372,4973,train_pool
batch_1,8264,CPD_317738115337,ZM336372,4974,train_pool
batch_1,8807,CPD_317738115337,ZM336372,4975,train_pool
batch_1,8838,CPD_317738115337,ZM336372,4976,train_pool
batch_1,8895,CPD_317738115337,ZM336372,4977,train_pool
batch_1,8934,CPD_317738115337,ZM336372,4978,train_pool
batch_1,9133,CPD_317738115337,ZM336372,4979,train_pool
batch_1,9180,CPD_317738115337,ZM336372,4980,test
batch_1,9916,CPD_317738115337,ZM336372,4981,train_pool
batch_1,10022,CPD_317738115337,ZM336372,4982,train_pool
batch_1,10496,CPD_317738115337,ZM336372,4983,test
batch_1,10944,CPD_317738115337,ZM336372,4984,test
batch_1,11217,CPD_317738115337,ZM336372,4985,test
batch_1,11581,CPD_317738115337,ZM336372,4986,train_pool
batch_1,12000,CPD_317738115337,ZM336372,4987,test
batch_1,12302,CPD_317738115337,ZM336372,4988,train_pool
batch_1,12365,CPD_317738115337,ZM336372,4989,train_pool
batch_1,12605,CPD_317738115337,ZM336372,4990,train_pool
batch_1,12978,CPD_317738115337,ZM336372,4991,train_pool
batch_1,13045,CPD_317738115337,ZM336372,4992,train_pool
batch_1,13203,CPD_317738115337,ZM336372,4993,train_pool
batch_1,13509,CPD_317738115337,ZM336372,4994,train_pool
batch_1,13526,CPD_317738115337,ZM336372,4995,test
batch_1,14765,CPD_317738115337,ZM336372,4996,train_pool
batch_1,14800,CPD_317738115337,ZM336372,4997,train_pool
batch_1,15308,CPD_317738115337,ZM336372,4998,train_pool
batch_1,15459,CPD_317738115337,ZM336372,4999,train_pool
batch_1,15634,CPD_317738115337,ZM336372,5000,train_pool
batch_1,16122,CPD_317738115337,ZM336372,5001,train_pool
batch_1,16129,CPD_317738115337,ZM336372,5002,test
batch_1,16205,CPD_317738115337,ZM336372,5003,train_pool
batch_1,16458,CPD_317738115337,ZM336372,5004,train_pool
batch_1,16742,CPD_317738115337,ZM336372,5005,train_pool
batch_1,16854,CPD_317738115337,ZM336372,5006,train_pool
batch_1,17118,CPD_317738115337,ZM336372,5007,train_pool
batch_1,17316,CPD_317738115337,ZM336372,5008,train_pool
batch_1,17739,CPD_317738115337,ZM336372,5009,train_pool
batch_1,17868,CPD_317738115337,ZM336372,5010,test
batch_1,17906,CPD_317738115337,ZM336372,5011,train_pool
batch_1,18103,CPD_317738115337,ZM336372,5012,train_pool
batch_1,18147,CPD_317738115337,ZM336372,5013,train_pool
batch_1,18527,CPD_317738115337,ZM336372,5014,train_pool
batch_1,18573,CPD_317738115337,ZM336372,5015,train_pool
batch_1,18592,CPD_317738115337,ZM336372,5016,train_pool
batch_1,18617,CPD_317738115337,ZM336372,5017,train_pool
batch_1,18691,CPD_317738115337,ZM336372,5018,train_pool
batch_1,18728,CPD_317738115337,ZM336372,5019,test
batch_1,19118,CPD_317738115337,ZM336372,5020,train_pool
batch_1,19633,CPD_317738115337,ZM336372,5021,train_pool
batch_1,20948,CPD_317738115337,ZM336372,5022,train_pool
batch_1,20973,CPD_317738115337,ZM336372,5023,train_pool
batch_1,21116,CPD_317738115337,ZM336372,5024,train_pool
batch_1,21230,CPD_317738115337,ZM336372,5025,train_pool
batch_1,21352,CPD_317738115337,ZM336372,5026,test
batch_1,21405,CPD_317738115337,ZM336372,5027,train_pool
batch_1,21549,CPD_317738115337,ZM336372,5028,train_pool
batch_1,21720,CPD_317738115337,ZM336372,5029,test
batch_1,21920,CPD_317738115337,ZM336372,5030,test
batch_1,22049,CPD_317738115337,ZM336372,5031,test
batch_1,22254,CPD_317738115337,ZM336372,5032,train_pool
batch_1,22612,CPD_317738115337,ZM336372,5033,train_pool
batch_1,22629,CPD_317738115337,ZM336372,5034,train_pool
batch_1,22764,CPD_317738115337,ZM336372,5035,train_pool
batch_1,22940,CPD_317738115337,ZM336372,5036,train_pool
batch_1,23099,CPD_317738115337,ZM336372,5037,train_pool
batch_1,23707,CPD_317738115337,ZM336372,5038,test
batch_1,24075,CPD_317738115337,ZM336372,5039,train_pool
batch_1,24089,CPD_317738115337,ZM336372,5040,test
batch_1,24144,CPD_317738115337,ZM336372,5041,train_pool
batch_1,24208,CPD_317738115337,ZM336372,5042,train_pool
batch_1,25204,CPD_317738115337,ZM336372,5043,train_pool
batch_1,25705,CPD_317738115337,ZM336372,5044,test
batch_1,26081,CPD_317738115337,ZM336372,5045,test
batch_1,26189,CPD_317738115337,ZM336372,5046,train_pool
batch_1,26200,CPD_317738115337,ZM336372,5047,train_pool
batch_1,26415,CPD_317738115337,ZM336372,5048,train_pool
batch_1,26761,CPD_317738115337,ZM336372,5049,test
batch_1,27404,CPD_317738115337,ZM336372,5050,train_pool
batch_1,27639,CPD_317738115337,ZM336372,5051,train_pool
batch_1,27701,CPD_317738115337,ZM336372,5052,train_pool
batch_1,28080,CPD_317738115337,ZM336372,5053,train_pool
batch_1,28135,CPD_317738115337,ZM336372,5054,test
batch_1,28513,CPD_317738115337,ZM336372,5055,train_pool
batch_1,28630,CPD_317738115337,ZM336372,5056,train_pool
batch_1,29190,CPD_317738115337,ZM336372,5057,train_pool
batch_1,29235,CPD_317738115337,ZM336372,5058,train_pool
batch_1,29462,CPD_317738115337,ZM336372,5059,train_pool
batch_1,29508,CPD_317738115337,ZM336372,5060,train_pool
batch_1,29638,CPD_317738115337,ZM336372,5061,test
batch_1,29870,CPD_317738115337,ZM336372,5062,train_pool
batch_1,30215,CPD_317738115337,ZM336372,5063,train_pool
batch_1,30731,CPD_317738115337,ZM336372,5064,train_pool
batch_1,31349,CPD_317738115337,ZM336372,5065,train_pool
batch_1,31786,CPD_317738115337,ZM336372,5066,train_pool
batch_1,32655,CPD_317738115337,ZM336372,5067,train_pool
batch_1,32798,CPD_317738115337,ZM336372,5068,train_pool
batch_1,32816,CPD_317738115337,ZM336372,5069,train_pool
batch_1,33335,CPD_317738115337,ZM336372,5070,train_pool
batch_1,33771,CPD_317738115337,ZM336372,5071,train_pool
batch_1,34126,CPD_317738115337,ZM336372,5072,train_pool
batch_1,34508,CPD_317738115337,ZM336372,5073,train_pool
batch_1,34532,CPD_317738115337,ZM336372,5074,test
batch_1,35423,CPD_317738115337,ZM336372,5075,train_pool
batch_1,35626,CPD_317738115337,ZM336372,5076,train_pool
batch_1,35820,CPD_317738115337,ZM336372,5077,train_pool
batch_1,35838,CPD_317738115337,ZM336372,5078,train_pool
batch_1,36184,CPD_317738115337,ZM336372,5079,train_pool
batch_1,36586,CPD_317738115337,ZM336372,5080,test
batch_1,36678,CPD_317738115337,ZM336372,5081,train_pool
batch_1,36923,CPD_317738115337,ZM336372,5082,train_pool
batch_1,37337,CPD_317738115337,ZM336372,5083,train_pool
batch_1,37356,CPD_317738115337,ZM336372,5084,train_pool
batch_1,38656,CPD_317738115337,ZM336372,5085,train_pool
batch_1,38798,CPD_317738115337,ZM336372,5086,train_pool
batch_1,38863,CPD_317738115337,ZM336372,5087,train_pool
batch_1,38949,CPD_317738115337,ZM336372,5088,train_pool
batch_1,38982,CPD_317738115337,ZM336372,5089,train_pool
batch_1,39121,CPD_317738115337,ZM336372,5090,test
batch_1,39234,CPD_317738115337,ZM336372,5091,train_pool
batch_1,39263,CPD_317738115337,ZM336372,5092,train_pool
batch_1,39440,CPD_317738115337,ZM336372,5093,train_pool
batch_1,39654,CPD_317738115337,ZM336372,5094,train_pool
batch_1,40064,CPD_317738115337,ZM336372,5095,train_pool
batch_1,40249,CPD_317738115337,ZM336372,5096,train_pool
batch_1,40384,CPD_317738115337,ZM336372,5097,test
batch_1,41733,CPD_317738115337,ZM336372,5098,test
batch_1,42450,CPD_317738115337,ZM336372,5099,train_pool
batch_1,42697,CPD_317738115337,ZM336372,5100,train_pool
batch_1,42731,CPD_317738115337,ZM336372,5101,train_pool
batch_1,43426,CPD_317738115337,ZM336372,5102,test
batch_1,43942,CPD_317738115337,ZM336372,5103,train_pool
batch_1,44453,CPD_317738115337,ZM336372,5104,train_pool
batch_1,44795,CPD_317738115337,ZM336372,5105,train_pool
batch_1,44835,CPD_317738115337,ZM336372,5106,train_pool
batch_1,44947,CPD_317738115337,ZM336372,5107,train_pool
batch_1,45627,CPD_317738115337,ZM336372,5108,train_pool
batch_1,46265,CPD_317738115337,ZM336372,5109,test
batch_1,47095,CPD_317738115337,ZM336372,5110,test
batch_1,47250,CPD_317738115337,ZM336372,5111,train_pool
batch_1,47275,CPD_317738115337,ZM336372,5112,train_pool
batch_1,47307,CPD_317738115337,ZM336372,5113,train_pool
batch_1,47748,CPD_317738115337,ZM336372,5114,test
batch_1,303,CPD_137861888137,aloperine,5115,train_pool
batch_1,567,CPD_137861888137,aloperine,5116,train_pool
batch_1,1108,CPD_137861888137,aloperine,5117,test
batch_1,1550,CPD_137861888137,aloperine,5118,train_pool
batch_1,1617,CPD_137861888137,aloperine,5119,train_pool
batch_1,2779,CPD_137861888137,aloperine,5120,train_pool
batch_1,2847,CPD_137861888137,aloperine,5121,test
batch_1,3108,CPD_137861888137,aloperine,5122,train_pool
batch_1,3215,CPD_137861888137,aloperine,5123,test
batch_1,3813,CPD_137861888137,aloperine,5124,test
batch_1,3866,CPD_137861888137,aloperine,5125,train_pool
batch_1,4602,CPD_137861888137,aloperine,5126,train_pool
batch_1,5882,CPD_137861888137,aloperine,5127,train_pool
batch_1,5890,CPD_137861888137,aloperine,5128,train_pool
batch_1,6185,CPD_137861888137,aloperine,5129,train_pool
batch_1,6518,CPD_137861888137,aloperine,5130,train_pool
batch_1,6804,CPD_137861888137,aloperine,5131,train_pool
batch_1,7169,CPD_137861888137,aloperine,5132,train_pool
batch_1,7313,CPD_137861888137,aloperine,5133,train_pool
batch_1,7550,CPD_137861888137,aloperine,5134,train_pool
batch_1,7877,CPD_137861888137,aloperine,5135,train_pool
batch_1,8150,CPD_137861888137,aloperine,5136,train_pool
batch_1,8183,CPD_137861888137,aloperine,5137,train_pool
batch_1,8279,CPD_137861888137,aloperine,5138,train_pool
batch_1,8485,CPD_137861888137,aloperine,5139,test
batch_1,8539,CPD_137861888137,aloperine,5140,train_pool
batch_1,9068,CPD_137861888137,aloperine,5141,train_pool
batch_1,9481,CPD_137861888137,aloperine,5142,train_pool
batch_1,9598,CPD_137861888137,aloperine,5143,train_pool
batch_1,9806,CPD_137861888137,aloperine,5144,train_pool
batch_1,9970,CPD_137861888137,aloperine,5145,test
batch_1,10602,CPD_137861888137,aloperine,5146,train_pool
batch_1,10657,CPD_137861888137,aloperine,5147,train_pool
batch_1,10905,CPD_137861888137,aloperine,5148,train_pool
batch_1,11047,CPD_137861888137,aloperine,5149,train_pool
batch_1,11193,CPD_137861888137,aloperine,5150,train_pool
batch_1,11634,CPD_137861888137,aloperine,5151,train_pool
batch_1,11871,CPD_137861888137,aloperine,5152,train_pool
batch_1,12082,CPD_137861888137,aloperine,5153,train_pool
batch_1,12719,CPD_137861888137,aloperine,5154,train_pool
batch_1,12914,CPD_137861888137,aloperine,5155,train_pool
batch_1,13271,CPD_137861888137,aloperine,5156,test
batch_1,13282,CPD_137861888137,aloperine,5157,train_pool
batch_1,13284,CPD_137861888137,aloperine,5158,train_pool
batch_1,13372,CPD_137861888137,aloperine,5159,train_pool
batch_1,13470,CPD_137861888137,aloperine,5160,train_pool
batch_1,13680,CPD_137861888137,aloperine,5161,test
batch_1,14049,CPD_137861888137,aloperine,5162,train_pool
batch_1,14066,CPD_137861888137,aloperine,5163,test
batch_1,14143,CPD_137861888137,aloperine,5164,train_pool
batch_1,14202,CPD_137861888137,aloperine,5165,train_pool
batch_1,14364,CPD_137861888137,aloperine,5166,train_pool
batch_1,14400,CPD_137861888137,aloperine,5167,train_pool
batch_1,14578,CPD_137861888137,aloperine,5168,test
batch_1,15126,CPD_137861888137,aloperine,5169,train_pool
batch_1,15450,CPD_137861888137,aloperine,5170,test
batch_1,15543,CPD_137861888137,aloperine,5171,train_pool
batch_1,15599,CPD_137861888137,aloperine,5172,test
batch_1,15693,CPD_137861888137,aloperine,5173,train_pool
batch_1,15930,CPD_137861888137,aloperine,5174,test
batch_1,16045,CPD_137861888137,aloperine,5175,train_pool
batch_1,16098,CPD_137861888137,aloperine,5176,test
batch_1,16138,CPD_137861888137,aloperine,5177,train_pool
batch_1,16488,CPD_137861888137,aloperine,5178,train_pool
batch_1,16530,CPD_137861888137,aloperine,5179,test
batch_1,16634,CPD_137861888137,aloperine,5180,train_pool
batch_1,16732,CPD_137861888137,aloperine,5181,train_pool
batch_1,17817,CPD_137861888137,aloperine,5182,test
batch_1,17823,CPD_137861888137,aloperine,5183,train_pool
batch_1,17892,CPD_137861888137,aloperine,5184,train_pool
batch_1,18072,CPD_137861888137,aloperine,5185,train_pool
batch_1,18413,CPD_137861888137,aloperine,5186,train_pool
batch_1,18449,CPD_137861888137,aloperine,5187,train_pool
batch_1,18457,CPD_137861888137,aloperine,5188,train_pool
batch_1,18546,CPD_137861888137,aloperine,5189,train_pool
batch_1,18642,CPD_137861888137,aloperine,5190,train_pool
batch_1,18730,CPD_137861888137,aloperine,5191,train_pool
batch_1,19039,CPD_137861888137,aloperine,5192,train_pool
batch_1,19259,CPD_137861888137,aloperine,5193,train_pool
batch_1,19486,CPD_137861888137,aloperine,5194,train_pool
batch_1,19671,CPD_137861888137,aloperine,5195,train_pool
batch_1,19727,CPD_137861888137,aloperine,5196,train_pool
batch_1,20782,CPD_137861888137,aloperine,5197,train_pool
batch_1,20787,CPD_137861888137,aloperine,5198,train_pool
batch_1,20824,CPD_137861888137,aloperine,5199,test
batch_1,21266,CPD_137861888137,aloperine,5200,train_pool
batch_1,21423,CPD_137861888137,aloperine,5201,test
batch_1,21485,CPD_137861888137,aloperine,5202,train_pool
batch_1,21794,CPD_137861888137,aloperine,5203,train_pool
batch_1,21900,CPD_137861888137,aloperine,5204,train_pool
batch_1,21952,CPD_137861888137,aloperine,5205,train_pool
batch_1,21986,CPD_137861888137,aloperine,5206,train_pool
batch_1,22001,CPD_137861888137,aloperine,5207,train_pool
batch_1,22127,CPD_137861888137,aloperine,5208,train_pool
batch_1,22146,CPD_137861888137,aloperine,5209,train_pool
batch_1,22515,CPD_137861888137,aloperine,5210,train_pool
batch_1,22825,CPD_137861888137,aloperine,5211,train_pool
batch_1,22852,CPD_137861888137,aloperine,5212,train_pool
batch_1,22856,CPD_137861888137,aloperine,5213,train_pool
batch_1,22858,CPD_137861888137,aloperine,5214,train_pool
batch_1,23012,CPD_137861888137,aloperine,5215,train_pool
batch_1,23080,CPD_137861888137,aloperine,5216,train_pool
batch_1,23231,CPD_137861888137,aloperine,5217,train_pool
batch_1,24114,CPD_137861888137,aloperine,5218,train_pool
batch_1,24137,CPD_137861888137,aloperine,5219,train_pool
batch_1,24179,CPD_137861888137,aloperine,5220,train_pool
batch_1,24584,CPD_137861888137,aloperine,5221,train_pool
batch_1,24655,CPD_137861888137,aloperine,5222,train_pool
batch_1,25498,CPD_137861888137,aloperine,5223,train_pool
batch_1,25597,CPD_137861888137,aloperine,5224,test
batch_1,25971,CPD_137861888137,aloperine,5225,train_pool
batch_1,26068,CPD_137861888137,aloperine,5226,train_pool
batch_1,26090,CPD_137861888137,aloperine,5227,test
batch_1,26380,CPD_137861888137,aloperine,5228,train_pool
batch_1,26514,CPD_137861888137,aloperine,5229,train_pool
batch_1,26523,CPD_137861888137,aloperine,5230,test
batch_1,26871,CPD_137861888137,aloperine,5231,train_pool
batch_1,26950,CPD_137861888137,aloperine,5232,train_pool
batch_1,27124,CPD_137861888137,aloperine,5233,train_pool
batch_1,27403,CPD_137861888137,aloperine,5234,test
batch_1,27590,CPD_137861888137,aloperine,5235,train_pool
batch_1,27986,CPD_137861888137,aloperine,5236,train_pool
batch_1,28086,CPD_137861888137,aloperine,5237,train_pool
batch_1,29534,CPD_137861888137,aloperine,5238,train_pool
batch_1,29669,CPD_137861888137,aloperine,5239,train_pool
batch_1,29681,CPD_137861888137,aloperine,5240,train_pool
batch_1,30312,CPD_137861888137,aloperine,5241,train_pool
batch_1,30453,CPD_137861888137,aloperine,5242,train_pool
batch_1,30533,CPD_137861888137,aloperine,5243,train_pool
batch_1,30633,CPD_137861888137,aloperine,5244,train_pool
batch_1,30767,CPD_137861888137,aloperine,5245,train_pool
batch_1,31068,CPD_137861888137,aloperine,5246,train_pool
batch_1,31309,CPD_137861888137,aloperine,5247,train_pool
batch_1,31380,CPD_137861888137,aloperine,5248,train_pool
batch_1,31886,CPD_137861888137,aloperine,5249,train_pool
batch_1,31892,CPD_137861888137,aloperine,5250,test
batch_1,32478,CPD_137861888137,aloperine,5251,train_pool
batch_1,32785,CPD_137861888137,aloperine,5252,test
batch_1,33495,CPD_137861888137,aloperine,5253,train_pool
batch_1,33729,CPD_137861888137,aloperine,5254,train_pool
batch_1,33908,CPD_137861888137,aloperine,5255,test
batch_1,34915,CPD_137861888137,aloperine,5256,train_pool
batch_1,34924,CPD_137861888137,aloperine,5257,train_pool
batch_1,35235,CPD_137861888137,aloperine,5258,train_pool
batch_1,35331,CPD_137861888137,aloperine,5259,test
batch_1,35732,CPD_137861888137,aloperine,5260,train_pool
batch_1,35938,CPD_137861888137,aloperine,5261,test
batch_1,36002,CPD_137861888137,aloperine,5262,train_pool
batch_1,36665,CPD_137861888137,aloperine,5263,train_pool
batch_1,36738,CPD_137861888137,aloperine,5264,train_pool
batch_1,37086,CPD_137861888137,aloperine,5265,test
batch_1,37763,CPD_137861888137,aloperine,5266,train_pool
batch_1,37773,CPD_137861888137,aloperine,5267,train_pool
batch_1,37798,CPD_137861888137,aloperine,5268,test
batch_1,38002,CPD_137861888137,aloperine,5269,train_pool
batch_1,38301,CPD_137861888137,aloperine,5270,train_pool
batch_1,38452,CPD_137861888137,aloperine,5271,train_pool
batch_1,38509,CPD_137861888137,aloperine,5272,test
batch_1,38623,CPD_137861888137,aloperine,5273,train_pool
batch_1,38624,CPD_137861888137,aloperine,5274,train_pool
batch_1,38881,CPD_137861888137,aloperine,5275,train_pool
batch_1,39191,CPD_137861888137,aloperine,5276,train_pool
batch_1,39532,CPD_137861888137,aloperine,5277,train_pool
batch_1,39575,CPD_137861888137,aloperine,5278,train_pool
batch_1,39690,CPD_137861888137,aloperine,5279,train_pool
batch_1,39772,CPD_137861888137,aloperine,5280,train_pool
batch_1,40087,CPD_137861888137,aloperine,5281,test
batch_1,40539,CPD_137861888137,aloperine,5282,train_pool
batch_1,40641,CPD_137861888137,aloperine,5283,train_pool
batch_1,40648,CPD_137861888137,aloperine,5284,train_pool
batch_1,40795,CPD_137861888137,aloperine,5285,test
batch_1,41191,CPD_137861888137,aloperine,5286,train_pool
batch_1,41446,CPD_137861888137,aloperine,5287,train_pool
batch_1,41510,CPD_137861888137,aloperine,5288,train_pool
batch_1,41609,CPD_137861888137,aloperine,5289,test
batch_1,41729,CPD_137861888137,aloperine,5290,train_pool
batch_1,42337,CPD_137861888137,aloperine,5291,train_pool
batch_1,42954,CPD_137861888137,aloperine,5292,test
batch_1,43073,CPD_137861888137,aloperine,5293,train_pool
batch_1,43305,CPD_137861888137,aloperine,5294,train_pool
batch_1,43458,CPD_137861888137,aloperine,5295,train_pool
batch_1,43569,CPD_137861888137,aloperine,5296,train_pool
batch_1,43777,CPD_137861888137,aloperine,5297,train_pool
batch_1,43836,CPD_137861888137,aloperine,5298,train_pool
batch_1,43858,CPD_137861888137,aloperine,5299,train_pool
batch_1,43871,CPD_137861888137,aloperine,5300,test
batch_1,44321,CPD_137861888137,aloperine,5301,test
batch_1,44349,CPD_137861888137,aloperine,5302,train_pool
batch_1,45317,CPD_137861888137,aloperine,5303,train_pool
batch_1,46915,CPD_137861888137,aloperine,5304,test
batch_1,47143,CPD_137861888137,aloperine,5305,train_pool
batch_1,47159,CPD_137861888137,aloperine,5306,test
batch_1,48175,CPD_137861888137,aloperine,5307,train_pool
batch_1,49029,CPD_137861888137,aloperine,5308,test
batch_1,469,CPD_236412001094,ceritinib,5309,train_pool
batch_1,1275,CPD_236412001094,ceritinib,5310,train_pool
batch_1,1362,CPD_236412001094,ceritinib,5311,train_pool
batch_1,1598,CPD_236412001094,ceritinib,5312,train_pool
batch_1,2827,CPD_236412001094,ceritinib,5313,train_pool
batch_1,3155,CPD_236412001094,ceritinib,5314,test
batch_1,3815,CPD_236412001094,ceritinib,5315,test
batch_1,3962,CPD_236412001094,ceritinib,5316,train_pool
batch_1,3979,CPD_236412001094,ceritinib,5317,train_pool
batch_1,4501,CPD_236412001094,ceritinib,5318,train_pool
batch_1,4547,CPD_236412001094,ceritinib,5319,train_pool
batch_1,4621,CPD_236412001094,ceritinib,5320,train_pool
batch_1,5593,CPD_236412001094,ceritinib,5321,train_pool
batch_1,5647,CPD_236412001094,ceritinib,5322,train_pool
batch_1,6816,CPD_236412001094,ceritinib,5323,train_pool
batch_1,6895,CPD_236412001094,ceritinib,5324,train_pool
batch_1,7918,CPD_236412001094,ceritinib,5325,train_pool
batch_1,7997,CPD_236412001094,ceritinib,5326,train_pool
batch_1,8837,CPD_236412001094,ceritinib,5327,train_pool
batch_1,8956,CPD_236412001094,ceritinib,5328,train_pool
batch_1,9021,CPD_236412001094,ceritinib,5329,train_pool
batch_1,9131,CPD_236412001094,ceritinib,5330,train_pool
batch_1,9569,CPD_236412001094,ceritinib,5331,test
batch_1,9586,CPD_236412001094,ceritinib,5332,train_pool
batch_1,9705,CPD_236412001094,ceritinib,5333,train_pool
batch_1,9858,CPD_236412001094,ceritinib,5334,train_pool
batch_1,9900,CPD_236412001094,ceritinib,5335,train_pool
batch_1,10554,CPD_236412001094,ceritinib,5336,train_pool
batch_1,11131,CPD_236412001094,ceritinib,5337,train_pool
batch_1,11309,CPD_236412001094,ceritinib,5338,test
batch_1,11374,CPD_236412001094,ceritinib,5339,train_pool
batch_1,11426,CPD_236412001094,ceritinib,5340,train_pool
batch_1,11460,CPD_236412001094,ceritinib,5341,train_pool
batch_1,11838,CPD_236412001094,ceritinib,5342,train_pool
batch_1,12432,CPD_236412001094,ceritinib,5343,test
batch_1,12723,CPD_236412001094,ceritinib,5344,train_pool
batch_1,12903,CPD_236412001094,ceritinib,5345,train_pool
batch_1,12913,CPD_236412001094,ceritinib,5346,train_pool
batch_1,13158,CPD_236412001094,ceritinib,5347,train_pool
batch_1,13279,CPD_236412001094,ceritinib,5348,train_pool
batch_1,13296,CPD_236412001094,ceritinib,5349,train_pool
batch_1,13452,CPD_236412001094,ceritinib,5350,train_pool
batch_1,13654,CPD_236412001094,ceritinib,5351,train_pool
batch_1,13689,CPD_236412001094,ceritinib,5352,train_pool
batch_1,13727,CPD_236412001094,ceritinib,5353,test
batch_1,13770,CPD_236412001094,ceritinib,5354,train_pool
batch_1,13819,CPD_236412001094,ceritinib,5355,test
batch_1,14038,CPD_236412001094,ceritinib,5356,train_pool
batch_1,14271,CPD_236412001094,ceritinib,5357,test
batch_1,14293,CPD_236412001094,ceritinib,5358,train_pool
batch_1,14350,CPD_236412001094,ceritinib,5359,train_pool
batch_1,14624,CPD_236412001094,ceritinib,5360,test
batch_1,14700,CPD_236412001094,ceritinib,5361,train_pool
batch_1,14752,CPD_236412001094,ceritinib,5362,train_pool
batch_1,14813,CPD_236412001094,ceritinib,5363,test
batch_1,14880,CPD_236412001094,ceritinib,5364,train_pool
batch_1,15530,CPD_236412001094,ceritinib,5365,train_pool
batch_1,15545,CPD_236412001094,ceritinib,5366,test
batch_1,15618,CPD_236412001094,ceritinib,5367,train_pool
batch_1,15715,CPD_236412001094,ceritinib,5368,train_pool
batch_1,15769,CPD_236412001094,ceritinib,5369,train_pool
batch_1,15901,CPD_236412001094,ceritinib,5370,train_pool
batch_1,16609,CPD_236412001094,ceritinib,5371,train_pool
batch_1,16719,CPD_236412001094,ceritinib,5372,test
batch_1,16763,CPD_236412001094,ceritinib,5373,train_pool
batch_1,16853,CPD_236412001094,ceritinib,5374,train_pool
batch_1,16933,CPD_236412001094,ceritinib,5375,train_pool
batch_1,17104,CPD_236412001094,ceritinib,5376,train_pool
batch_1,17359,CPD_236412001094,ceritinib,5377,train_pool
batch_1,17496,CPD_236412001094,ceritinib,5378,train_pool
batch_1,17554,CPD_236412001094,ceritinib,5379,train_pool
batch_1,17797,CPD_236412001094,ceritinib,5380,train_pool
batch_1,18019,CPD_236412001094,ceritinib,5381,train_pool
batch_1,18141,CPD_236412001094,ceritinib,5382,train_pool
batch_1,18181,CPD_236412001094,ceritinib,5383,train_pool
batch_1,18334,CPD_236412001094,ceritinib,5384,test
batch_1,18352,CPD_236412001094,ceritinib,5385,train_pool
batch_1,18440,CPD_236412001094,ceritinib,5386,train_pool
batch_1,18492,CPD_236412001094,ceritinib,5387,train_pool
batch_1,18576,CPD_236412001094,ceritinib,5388,train_pool
batch_1,18602,CPD_236412001094,ceritinib,5389,train_pool
batch_1,18672,CPD_236412001094,ceritinib,5390,train_pool
batch_1,18901,CPD_236412001094,ceritinib,5391,test
batch_1,18915,CPD_236412001094,ceritinib,5392,train_pool
batch_1,18988,CPD_236412001094,ceritinib,5393,train_pool
batch_1,19135,CPD_236412001094,ceritinib,5394,train_pool
batch_1,19190,CPD_236412001094,ceritinib,5395,train_pool
batch_1,19240,CPD_236412001094,ceritinib,5396,train_pool
batch_1,19242,CPD_236412001094,ceritinib,5397,train_pool
batch_1,19373,CPD_236412001094,ceritinib,5398,train_pool
batch_1,20236,CPD_236412001094,ceritinib,5399,train_pool
batch_1,20284,CPD_236412001094,ceritinib,5400,train_pool
batch_1,20699,CPD_236412001094,ceritinib,5401,train_pool
batch_1,21010,CPD_236412001094,ceritinib,5402,train_pool
batch_1,21041,CPD_236412001094,ceritinib,5403,train_pool
batch_1,21096,CPD_236412001094,ceritinib,5404,test
batch_1,21165,CPD_236412001094,ceritinib,5405,train_pool
batch_1,21264,CPD_236412001094,ceritinib,5406,train_pool
batch_1,21518,CPD_236412001094,ceritinib,5407,test
batch_1,21764,CPD_236412001094,ceritinib,5408,test
batch_1,21783,CPD_236412001094,ceritinib,5409,test
batch_1,22052,CPD_236412001094,ceritinib,5410,train_pool
batch_1,22202,CPD_236412001094,ceritinib,5411,train_pool
batch_1,22334,CPD_236412001094,ceritinib,5412,train_pool
batch_1,22424,CPD_236412001094,ceritinib,5413,test
batch_1,22636,CPD_236412001094,ceritinib,5414,test
batch_1,22657,CPD_236412001094,ceritinib,5415,test
batch_1,23026,CPD_236412001094,ceritinib,5416,train_pool
batch_1,23152,CPD_236412001094,ceritinib,5417,train_pool
batch_1,23203,CPD_236412001094,ceritinib,5418,train_pool
batch_1,23240,CPD_236412001094,ceritinib,5419,train_pool
batch_1,23536,CPD_236412001094,ceritinib,5420,train_pool
batch_1,23563,CPD_236412001094,ceritinib,5421,test
batch_1,23633,CPD_236412001094,ceritinib,5422,train_pool
batch_1,23719,CPD_236412001094,ceritinib,5423,test
batch_1,23760,CPD_236412001094,ceritinib,5424,train_pool
batch_1,24112,CPD_236412001094,ceritinib,5425,train_pool
batch_1,24391,CPD_236412001094,ceritinib,5426,train_pool
batch_1,25661,CPD_236412001094,ceritinib,5427,train_pool
batch_1,25666,CPD_236412001094,ceritinib,5428,train_pool
batch_1,25674,CPD_236412001094,ceritinib,5429,train_pool
batch_1,25861,CPD_236412001094,ceritinib,5430,train_pool
batch_1,25914,CPD_236412001094,ceritinib,5431,train_pool
batch_1,26066,CPD_236412001094,ceritinib,5432,train_pool
batch_1,26441,CPD_236412001094,ceritinib,5433,train_pool
batch_1,26465,CPD_236412001094,ceritinib,5434,train_pool
batch_1,26592,CPD_236412001094,ceritinib,5435,train_pool
batch_1,26642,CPD_236412001094,ceritinib,5436,train_pool
batch_1,26674,CPD_236412001094,ceritinib,5437,train_pool
batch_1,26717,CPD_236412001094,ceritinib,5438,train_pool
batch_1,26797,CPD_236412001094,ceritinib,5439,test
batch_1,26868,CPD_236412001094,ceritinib,5440,train_pool
batch_1,26882,CPD_236412001094,ceritinib,5441,train_pool
batch_1,26966,CPD_236412001094,ceritinib,5442,train_pool
batch_1,27020,CPD_236412001094,ceritinib,5443,train_pool
batch_1,27296,CPD_236412001094,ceritinib,5444,train_pool
batch_1,27348,CPD_236412001094,ceritinib,5445,train_pool
batch_1,27494,CPD_236412001094,ceritinib,5446,train_pool
batch_1,27556,CPD_236412001094,ceritinib,5447,train_pool
batch_1,27912,CPD_236412001094,ceritinib,5448,train_pool
batch_1,28094,CPD_236412001094,ceritinib,5449,test
batch_1,28201,CPD_236412001094,ceritinib,5450,train_pool
batch_1,28209,CPD_236412001094,ceritinib,5451,train_pool
batch_1,28261,CPD_236412001094,ceritinib,5452,train_pool
batch_1,28276,CPD_236412001094,ceritinib,5453,train_pool
batch_1,28410,CPD_236412001094,ceritinib,5454,train_pool
batch_1,28503,CPD_236412001094,ceritinib,5455,test
batch_1,28533,CPD_236412001094,ceritinib,5456,train_pool
batch_1,28545,CPD_236412001094,ceritinib,5457,test
batch_1,28663,CPD_236412001094,ceritinib,5458,train_pool
batch_1,28724,CPD_236412001094,ceritinib,5459,train_pool
batch_1,28795,CPD_236412001094,ceritinib,5460,train_pool
batch_1,28838,CPD_236412001094,ceritinib,5461,test
batch_1,29291,CPD_236412001094,ceritinib,5462,train_pool
batch_1,29387,CPD_236412001094,ceritinib,5463,test
batch_1,29388,CPD_236412001094,ceritinib,5464,test
batch_1,29396,CPD_236412001094,ceritinib,5465,train_pool
batch_1,29834,CPD_236412001094,ceritinib,5466,train_pool
batch_1,29915,CPD_236412001094,ceritinib,5467,train_pool
batch_1,30383,CPD_236412001094,ceritinib,5468,test
batch_1,30541,CPD_236412001094,ceritinib,5469,train_pool
batch_1,30573,CPD_236412001094,ceritinib,5470,train_pool
batch_1,30685,CPD_236412001094,ceritinib,5471,train_pool
batch_1,30724,CPD_236412001094,ceritinib,5472,train_pool
batch_1,30915,CPD_236412001094,ceritinib,5473,test
batch_1,31001,CPD_236412001094,ceritinib,5474,test
batch_1,31231,CPD_236412001094,ceritinib,5475,test
batch_1,31268,CPD_236412001094,ceritinib,5476,test
batch_1,31448,CPD_236412001094,ceritinib,5477,test
batch_1,31584,CPD_236412001094,ceritinib,5478,train_pool
batch_1,31769,CPD_236412001094,ceritinib,5479,train_pool
batch_1,31847,CPD_236412001094,ceritinib,5480,train_pool
batch_1,31909,CPD_236412001094,ceritinib,5481,test
batch_1,32856,CPD_236412001094,ceritinib,5482,train_pool
batch_1,33126,CPD_236412001094,ceritinib,5483,train_pool
batch_1,33353,CPD_236412001094,ceritinib,5484,train_pool
batch_1,33364,CPD_236412001094,ceritinib,5485,train_pool
batch_1,33399,CPD_236412001094,ceritinib,5486,test
batch_1,33540,CPD_236412001094,ceritinib,5487,train_pool
batch_1,33696,CPD_236412001094,ceritinib,5488,train_pool
batch_1,33802,CPD_236412001094,ceritinib,5489,train_pool
batch_1,33855,CPD_236412001094,ceritinib,5490,train_pool
batch_1,33869,CPD_236412001094,ceritinib,5491,train_pool
batch_1,34132,CPD_236412001094,ceritinib,5492,train_pool
batch_1,34318,CPD_236412001094,ceritinib,5493,train_pool
batch_1,34362,CPD_236412001094,ceritinib,5494,test
batch_1,34405,CPD_236412001094,ceritinib,5495,train_pool
batch_1,34448,CPD_236412001094,ceritinib,5496,train_pool
batch_1,34470,CPD_236412001094,ceritinib,5497,test
batch_1,34782,CPD_236412001094,ceritinib,5498,test
batch_1,35101,CPD_236412001094,ceritinib,5499,train_pool
batch_1,35240,CPD_236412001094,ceritinib,5500,train_pool
batch_1,35463,CPD_236412001094,ceritinib,5501,train_pool
batch_1,35532,CPD_236412001094,ceritinib,5502,train_pool
batch_1,35803,CPD_236412001094,ceritinib,5503,test
batch_1,36026,CPD_236412001094,ceritinib,5504,train_pool
batch_1,36035,CPD_236412001094,ceritinib,5505,train_pool
batch_1,36087,CPD_236412001094,ceritinib,5506,train_pool
batch_1,36241,CPD_236412001094,ceritinib,5507,test
batch_1,36261,CPD_236412001094,ceritinib,5508,train_pool
batch_1,36402,CPD_236412001094,ceritinib,5509,train_pool
batch_1,36414,CPD_236412001094,ceritinib,5510,train_pool
batch_1,36670,CPD_236412001094,ceritinib,5511,train_pool
batch_1,36897,CPD_236412001094,ceritinib,5512,train_pool
batch_1,36922,CPD_236412001094,ceritinib,5513,train_pool
batch_1,37173,CPD_236412001094,ceritinib,5514,train_pool
batch_1,37304,CPD_236412001094,ceritinib,5515,train_pool
batch_1,37438,CPD_236412001094,ceritinib,5516,test
batch_1,38005,CPD_236412001094,ceritinib,5517,train_pool
batch_1,38402,CPD_236412001094,ceritinib,5518,train_pool
batch_1,38471,CPD_236412001094,ceritinib,5519,train_pool
batch_1,38480,CPD_236412001094,ceritinib,5520,train_pool
batch_1,38698,CPD_236412001094,ceritinib,5521,test
batch_1,38938,CPD_236412001094,ceritinib,5522,train_pool
batch_1,38970,CPD_236412001094,ceritinib,5523,train_pool
batch_1,39067,CPD_236412001094,ceritinib,5524,train_pool
batch_1,39127,CPD_236412001094,ceritinib,5525,train_pool
batch_1,39211,CPD_236412001094,ceritinib,5526,test
batch_1,39350,CPD_236412001094,ceritinib,5527,train_pool
batch_1,39390,CPD_236412001094,ceritinib,5528,train_pool
batch_1,39425,CPD_236412001094,ceritinib,5529,train_pool
batch_1,39449,CPD_236412001094,ceritinib,5530,train_pool
batch_1,39588,CPD_236412001094,ceritinib,5531,train_pool
batch_1,39623,CPD_236412001094,ceritinib,5532,train_pool
batch_1,39739,CPD_236412001094,ceritinib,5533,train_pool
batch_1,40206,CPD_236412001094,ceritinib,5534,test
batch_1,40306,CPD_236412001094,ceritinib,5535,train_pool
batch_1,40800,CPD_236412001094,ceritinib,5536,train_pool
batch_1,40808,CPD_236412001094,ceritinib,5537,train_pool
batch_1,40846,CPD_236412001094,ceritinib,5538,train_pool
batch_1,42663,CPD_236412001094,ceritinib,5539,train_pool
batch_1,42987,CPD_236412001094,ceritinib,5540,test
batch_1,43121,CPD_236412001094,ceritinib,5541,train_pool
batch_1,43822,CPD_236412001094,ceritinib,5542,train_pool
batch_1,43970,CPD_236412001094,ceritinib,5543,train_pool
batch_1,44113,CPD_236412001094,ceritinib,5544,train_pool
batch_1,44229,CPD_236412001094,ceritinib,5545,train_pool
batch_1,44235,CPD_236412001094,ceritinib,5546,train_pool
batch_1,44465,CPD_236412001094,ceritinib,5547,train_pool
batch_1,44725,CPD_236412001094,ceritinib,5548,train_pool
batch_1,45297,CPD_236412001094,ceritinib,5549,train_pool
batch_1,45401,CPD_236412001094,ceritinib,5550,test
batch_1,46485,CPD_236412001094,ceritinib,5551,train_pool
batch_1,46520,CPD_236412001094,ceritinib,5552,train_pool
batch_1,46607,CPD_236412001094,ceritinib,5553,train_pool
batch_1,46994,CPD_236412001094,ceritinib,5554,train_pool
batch_1,47346,CPD_236412001094,ceritinib,5555,test
batch_1,47551,CPD_236412001094,ceritinib,5556,train_pool
batch_1,551,CPD_549558202917,cobimetinib,5557,train_pool
batch_1,1922,CPD_549558202917,cobimetinib,5558,train_pool
batch_1,2491,CPD_549558202917,cobimetinib,5559,test
batch_1,2720,CPD_549558202917,cobimetinib,5560,train_pool
batch_1,3046,CPD_549558202917,cobimetinib,5561,train_pool
batch_1,3100,CPD_549558202917,cobimetinib,5562,train_pool
batch_1,3608,CPD_549558202917,cobimetinib,5563,test
batch_1,3778,CPD_549558202917,cobimetinib,5564,train_pool
batch_1,4386,CPD_549558202917,cobimetinib,5565,train_pool
batch_1,4660,CPD_549558202917,cobimetinib,5566,train_pool
batch_1,4674,CPD_549558202917,cobimetinib,5567,train_pool
batch_1,4863,CPD_549558202917,cobimetinib,5568,test
batch_1,4868,CPD_549558202917,cobimetinib,5569,train_pool
batch_1,4873,CPD_549558202917,cobimetinib,5570,train_pool
batch_1,4912,CPD_549558202917,cobimetinib,5571,train_pool
batch_1,5046,CPD_549558202917,cobimetinib,5572,train_pool
batch_1,5103,CPD_549558202917,cobimetinib,5573,train_pool
batch_1,5519,CPD_549558202917,cobimetinib,5574,train_pool
batch_1,5844,CPD_549558202917,cobimetinib,5575,test
batch_1,6082,CPD_549558202917,cobimetinib,5576,train_pool
batch_1,6242,CPD_549558202917,cobimetinib,5577,train_pool
batch_1,6350,CPD_549558202917,cobimetinib,5578,test
batch_1,6585,CPD_549558202917,cobimetinib,5579,test
batch_1,6834,CPD_549558202917,cobimetinib,5580,train_pool
batch_1,7010,CPD_549558202917,cobimetinib,5581,train_pool
batch_1,7019,CPD_549558202917,cobimetinib,5582,train_pool
batch_1,7061,CPD_549558202917,cobimetinib,5583,train_pool
batch_1,7310,CPD_549558202917,cobimetinib,5584,train_pool
batch_1,7366,CPD_549558202917,cobimetinib,5585,train_pool
batch_1,7963,CPD_549558202917,cobimetinib,5586,train_pool
batch_1,7976,CPD_549558202917,cobimetinib,5587,train_pool
batch_1,7986,CPD_549558202917,cobimetinib,5588,train_pool
batch_1,8445,CPD_549558202917,cobimetinib,5589,train_pool
batch_1,8514,CPD_549558202917,cobimetinib,5590,train_pool
batch_1,8594,CPD_549558202917,cobimetinib,5591,test
batch_1,8634,CPD_549558202917,cobimetinib,5592,train_pool
batch_1,8725,CPD_549558202917,cobimetinib,5593,train_pool
batch_1,8892,CPD_549558202917,cobimetinib,5594,train_pool
batch_1,9130,CPD_549558202917,cobimetinib,5595,train_pool
batch_1,9547,CPD_549558202917,cobimetinib,5596,train_pool
batch_1,9597,CPD_549558202917,cobimetinib,5597,train_pool
batch_1,9647,CPD_549558202917,cobimetinib,5598,test
batch_1,9691,CPD_549558202917,cobimetinib,5599,train_pool
batch_1,9766,CPD_549558202917,cobimetinib,5600,train_pool
batch_1,9810,CPD_549558202917,cobimetinib,5601,train_pool
batch_1,9936,CPD_549558202917,cobimetinib,5602,train_pool
batch_1,10380,CPD_549558202917,cobimetinib,5603,train_pool
batch_1,10571,CPD_549558202917,cobimetinib,5604,train_pool
batch_1,10743,CPD_549558202917,cobimetinib,5605,train_pool
batch_1,10937,CPD_549558202917,cobimetinib,5606,train_pool
batch_1,11010,CPD_549558202917,cobimetinib,5607,train_pool
batch_1,11018,CPD_549558202917,cobimetinib,5608,train_pool
batch_1,11330,CPD_549558202917,cobimetinib,5609,train_pool
batch_1,11425,CPD_549558202917,cobimetinib,5610,train_pool
batch_1,11476,CPD_549558202917,cobimetinib,5611,train_pool
batch_1,11856,CPD_549558202917,cobimetinib,5612,test
batch_1,11958,CPD_549558202917,cobimetinib,5613,train_pool
batch_1,12001,CPD_549558202917,cobimetinib,5614,train_pool
batch_1,12327,CPD_549558202917,cobimetinib,5615,train_pool
batch_1,12818,CPD_549558202917,cobimetinib,5616,train_pool
batch_1,13524,CPD_549558202917,cobimetinib,5617,train_pool
batch_1,13785,CPD_549558202917,cobimetinib,5618,train_pool
batch_1,14109,CPD_549558202917,cobimetinib,5619,train_pool
batch_1,14214,CPD_549558202917,cobimetinib,5620,train_pool
batch_1,14331,CPD_549558202917,cobimetinib,5621,train_pool
batch_1,14353,CPD_549558202917,cobimetinib,5622,train_pool
batch_1,14493,CPD_549558202917,cobimetinib,5623,test
batch_1,15222,CPD_549558202917,cobimetinib,5624,train_pool
batch_1,15230,CPD_549558202917,cobimetinib,5625,train_pool
batch_1,15884,CPD_549558202917,cobimetinib,5626,train_pool
batch_1,15980,CPD_549558202917,cobimetinib,5627,train_pool
batch_1,16269,CPD_549558202917,cobimetinib,5628,test
batch_1,16399,CPD_549558202917,cobimetinib,5629,train_pool
batch_1,16747,CPD_549558202917,cobimetinib,5630,train_pool
batch_1,16944,CPD_549558202917,cobimetinib,5631,train_pool
batch_1,16991,CPD_549558202917,cobimetinib,5632,train_pool
batch_1,17019,CPD_549558202917,cobimetinib,5633,train_pool
batch_1,17081,CPD_549558202917,cobimetinib,5634,train_pool
batch_1,17309,CPD_549558202917,cobimetinib,5635,train_pool
batch_1,17706,CPD_549558202917,cobimetinib,5636,train_pool
batch_1,17883,CPD_549558202917,cobimetinib,5637,test
batch_1,18206,CPD_549558202917,cobimetinib,5638,train_pool
batch_1,18237,CPD_549558202917,cobimetinib,5639,train_pool
batch_1,18499,CPD_549558202917,cobimetinib,5640,train_pool
batch_1,18580,CPD_549558202917,cobimetinib,5641,train_pool
batch_1,18584,CPD_549558202917,cobimetinib,5642,train_pool
batch_1,18802,CPD_549558202917,cobimetinib,5643,test
batch_1,18873,CPD_549558202917,cobimetinib,5644,train_pool
batch_1,18878,CPD_549558202917,cobimetinib,5645,train_pool
batch_1,18982,CPD_549558202917,cobimetinib,5646,train_pool
batch_1,18993,CPD_549558202917,cobimetinib,5647,test
batch_1,19131,CPD_549558202917,cobimetinib,5648,train_pool
batch_1,19451,CPD_549558202917,cobimetinib,5649,train_pool
batch_1,19716,CPD_549558202917,cobimetinib,5650,train_pool
batch_1,19826,CPD_549558202917,cobimetinib,5651,train_pool
batch_1,19845,CPD_549558202917,cobimetinib,5652,test
batch_1,19899,CPD_549558202917,cobimetinib,5653,train_pool
batch_1,20612,CPD_549558202917,cobimetinib,5654,test
batch_1,20695,CPD_549558202917,cobimetinib,5655,train_pool
batch_1,20865,CPD_549558202917,cobimetinib,5656,test
batch_1,20921,CPD_549558202917,cobimetinib,5657,test
batch_1,21127,CPD_549558202917,cobimetinib,5658,train_pool
batch_1,21143,CPD_549558202917,cobimetinib,5659,train_pool
batch_1,21186,CPD_549558202917,cobimetinib,5660,train_pool
batch_1,21391,CPD_549558202917,cobimetinib,5661,train_pool
batch_1,21414,CPD_549558202917,cobimetinib,5662,train_pool
batch_1,21437,CPD_549558202917,cobimetinib,5663,test
batch_1,21444,CPD_549558202917,cobimetinib,5664,train_pool
batch_1,21478,CPD_549558202917,cobimetinib,5665,test
batch_1,21515,CPD_549558202917,cobimetinib,5666,test
batch_1,21577,CPD_549558202917,cobimetinib,5667,test
batch_1,21670,CPD_549558202917,cobimetinib,5668,train_pool
batch_1,21671,CPD_549558202917,cobimetinib,5669,test
batch_1,21734,CPD_549558202917,cobimetinib,5670,test
batch_1,21740,CPD_549558202917,cobimetinib,5671,train_pool
batch_1,21761,CPD_549558202917,cobimetinib,5672,train_pool
batch_1,22319,CPD_549558202917,cobimetinib,5673,train_pool
batch_1,22408,CPD_549558202917,cobimetinib,5674,train_pool
batch_1,22945,CPD_549558202917,cobimetinib,5675,train_pool
batch_1,23011,CPD_549558202917,cobimetinib,5676,test
batch_1,23030,CPD_549558202917,cobimetinib,5677,train_pool
batch_1,23050,CPD_549558202917,cobimetinib,5678,train_pool
batch_1,23162,CPD_549558202917,cobimetinib,5679,test
batch_1,23439,CPD_549558202917,cobimetinib,5680,test
batch_1,23591,CPD_549558202917,cobimetinib,5681,train_pool
batch_1,23815,CPD_549558202917,cobimetinib,5682,train_pool
batch_1,23926,CPD_549558202917,cobimetinib,5683,test
batch_1,23957,CPD_549558202917,cobimetinib,5684,train_pool
batch_1,24049,CPD_549558202917,cobimetinib,5685,train_pool
batch_1,24286,CPD_549558202917,cobimetinib,5686,train_pool
batch_1,24335,CPD_549558202917,cobimetinib,5687,train_pool
batch_1,24343,CPD_549558202917,cobimetinib,5688,test
batch_1,24418,CPD_549558202917,cobimetinib,5689,train_pool
batch_1,24435,CPD_549558202917,cobimetinib,5690,train_pool
batch_1,24459,CPD_549558202917,cobimetinib,5691,train_pool
batch_1,24520,CPD_549558202917,cobimetinib,5692,test
batch_1,24523,CPD_549558202917,cobimetinib,5693,train_pool
batch_1,24569,CPD_549558202917,cobimetinib,5694,train_pool
batch_1,24590,CPD_549558202917,cobimetinib,5695,train_pool
batch_1,24653,CPD_549558202917,cobimetinib,5696,test
batch_1,24757,CPD_549558202917,cobimetinib,5697,train_pool
batch_1,24791,CPD_549558202917,cobimetinib,5698,test
batch_1,25510,CPD_549558202917,cobimetinib,5699,train_pool
batch_1,25561,CPD_549558202917,cobimetinib,5700,train_pool
batch_1,25748,CPD_549558202917,cobimetinib,5701,train_pool
batch_1,25808,CPD_549558202917,cobimetinib,5702,train_pool
batch_1,26187,CPD_549558202917,cobimetinib,5703,train_pool
batch_1,26248,CPD_549558202917,cobimetinib,5704,train_pool
batch_1,26508,CPD_549558202917,cobimetinib,5705,train_pool
batch_1,26609,CPD_549558202917,cobimetinib,5706,train_pool
batch_1,26810,CPD_549558202917,cobimetinib,5707,train_pool
batch_1,26873,CPD_549558202917,cobimetinib,5708,train_pool
batch_1,26917,CPD_549558202917,cobimetinib,5709,train_pool
batch_1,27049,CPD_549558202917,cobimetinib,5710,train_pool
batch_1,27083,CPD_549558202917,cobimetinib,5711,train_pool
batch_1,27292,CPD_549558202917,cobimetinib,5712,train_pool
batch_1,27312,CPD_549558202917,cobimetinib,5713,train_pool
batch_1,27468,CPD_549558202917,cobimetinib,5714,train_pool
batch_1,27503,CPD_549558202917,cobimetinib,5715,test
batch_1,27523,CPD_549558202917,cobimetinib,5716,train_pool
batch_1,27822,CPD_549558202917,cobimetinib,5717,train_pool
batch_1,27884,CPD_549558202917,cobimetinib,5718,train_pool
batch_1,27921,CPD_549558202917,cobimetinib,5719,train_pool
batch_1,27928,CPD_549558202917,cobimetinib,5720,train_pool
batch_1,28131,CPD_549558202917,cobimetinib,5721,test
batch_1,28214,CPD_549558202917,cobimetinib,5722,train_pool
batch_1,28291,CPD_549558202917,cobimetinib,5723,train_pool
batch_1,28311,CPD_549558202917,cobimetinib,5724,train_pool
batch_1,28352,CPD_549558202917,cobimetinib,5725,train_pool
batch_1,28512,CPD_549558202917,cobimetinib,5726,train_pool
batch_1,28596,CPD_549558202917,cobimetinib,5727,train_pool
batch_1,28644,CPD_549558202917,cobimetinib,5728,test
batch_1,28798,CPD_549558202917,cobimetinib,5729,train_pool
batch_1,28829,CPD_549558202917,cobimetinib,5730,train_pool
batch_1,28882,CPD_549558202917,cobimetinib,5731,train_pool
batch_1,28903,CPD_549558202917,cobimetinib,5732,train_pool
batch_1,28959,CPD_549558202917,cobimetinib,5733,test
batch_1,29003,CPD_549558202917,cobimetinib,5734,test
batch_1,29006,CPD_549558202917,cobimetinib,5735,train_pool
batch_1,29052,CPD_549558202917,cobimetinib,5736,train_pool
batch_1,29138,CPD_549558202917,cobimetinib,5737,train_pool
batch_1,29414,CPD_549558202917,cobimetinib,5738,train_pool
batch_1,29622,CPD_549558202917,cobimetinib,5739,test
batch_1,29745,CPD_549558202917,cobimetinib,5740,train_pool
batch_1,29844,CPD_549558202917,cobimetinib,5741,train_pool
batch_1,29990,CPD_549558202917,cobimetinib,5742,test
batch_1,30250,CPD_549558202917,cobimetinib,5743,train_pool
batch_1,30606,CPD_549558202917,cobimetinib,5744,train_pool
batch_1,30610,CPD_549558202917,cobimetinib,5745,train_pool
batch_1,30655,CPD_549558202917,cobimetinib,5746,train_pool
batch_1,30673,CPD_549558202917,cobimetinib,5747,train_pool
batch_1,30715,CPD_549558202917,cobimetinib,5748,test
batch_1,30785,CPD_549558202917,cobimetinib,5749,train_pool
batch_1,30812,CPD_549558202917,cobimetinib,5750,test
batch_1,31003,CPD_549558202917,cobimetinib,5751,train_pool
batch_1,31057,CPD_549558202917,cobimetinib,5752,train_pool
batch_1,31130,CPD_549558202917,cobimetinib,5753,train_pool
batch_1,31214,CPD_549558202917,cobimetinib,5754,train_pool
batch_1,31274,CPD_549558202917,cobimetinib,5755,train_pool
batch_1,31324,CPD_549558202917,cobimetinib,5756,train_pool
batch_1,31341,CPD_549558202917,cobimetinib,5757,train_pool
batch_1,31478,CPD_549558202917,cobimetinib,5758,train_pool
batch_1,31480,CPD_549558202917,cobimetinib,5759,train_pool
batch_1,31491,CPD_549558202917,cobimetinib,5760,train_pool
batch_1,31562,CPD_549558202917,cobimetinib,5761,test
batch_1,31583,CPD_549558202917,cobimetinib,5762,test
batch_1,31684,CPD_549558202917,cobimetinib,5763,train_pool
batch_1,31791,CPD_549558202917,cobimetinib,5764,train_pool
batch_1,31811,CPD_549558202917,cobimetinib,5765,train_pool
batch_1,31816,CPD_549558202917,cobimetinib,5766,train_pool
batch_1,31884,CPD_549558202917,cobimetinib,5767,train_pool
batch_1,32024,CPD_549558202917,cobimetinib,5768,train_pool
batch_1,32083,CPD_549558202917,cobimetinib,5769,train_pool
batch_1,32105,CPD_549558202917,cobimetinib,5770,train_pool
batch_1,32432,CPD_549558202917,cobimetinib,5771,train_pool
batch_1,32443,CPD_549558202917,cobimetinib,5772,train_pool
batch_1,32828,CPD_549558202917,cobimetinib,5773,train_pool
batch_1,32942,CPD_549558202917,cobimetinib,5774,train_pool
batch_1,32984,CPD_549558202917,cobimetinib,5775,test
batch_1,33285,CPD_549558202917,cobimetinib,5776,train_pool
batch_1,33390,CPD_549558202917,cobimetinib,5777,train_pool
batch_1,33434,CPD_549558202917,cobimetinib,5778,train_pool
batch_1,33724,CPD_549558202917,cobimetinib,5779,test
batch_1,33794,CPD_549558202917,cobimetinib,5780,test
batch_1,33811,CPD_549558202917,cobimetinib,5781,train_pool
batch_1,33817,CPD_549558202917,cobimetinib,5782,train_pool
batch_1,33934,CPD_549558202917,cobimetinib,5783,test
batch_1,34034,CPD_549558202917,cobimetinib,5784,test
batch_1,34234,CPD_549558202917,cobimetinib,5785,train_pool
batch_1,34259,CPD_549558202917,cobimetinib,5786,train_pool
batch_1,34337,CPD_549558202917,cobimetinib,5787,train_pool
batch_1,34688,CPD_549558202917,cobimetinib,5788,train_pool
batch_1,35227,CPD_549558202917,cobimetinib,5789,train_pool
batch_1,35259,CPD_549558202917,cobimetinib,5790,train_pool
batch_1,35414,CPD_549558202917,cobimetinib,5791,train_pool
batch_1,35458,CPD_549558202917,cobimetinib,5792,train_pool
batch_1,35735,CPD_549558202917,cobimetinib,5793,train_pool
batch_1,35770,CPD_549558202917,cobimetinib,5794,test
batch_1,35998,CPD_549558202917,cobimetinib,5795,train_pool
batch_1,36027,CPD_549558202917,cobimetinib,5796,train_pool
batch_1,36086,CPD_549558202917,cobimetinib,5797,train_pool
batch_1,36569,CPD_549558202917,cobimetinib,5798,train_pool
batch_1,36707,CPD_549558202917,cobimetinib,5799,test
batch_1,37208,CPD_549558202917,cobimetinib,5800,train_pool
batch_1,37354,CPD_549558202917,cobimetinib,5801,train_pool
batch_1,37560,CPD_549558202917,cobimetinib,5802,train_pool
batch_1,37749,CPD_549558202917,cobimetinib,5803,train_pool
batch_1,37847,CPD_549558202917,cobimetinib,5804,train_pool
batch_1,37935,CPD_549558202917,cobimetinib,5805,train_pool
batch_1,38071,CPD_549558202917,cobimetinib,5806,train_pool
batch_1,38220,CPD_549558202917,cobimetinib,5807,train_pool
batch_1,38232,CPD_549558202917,cobimetinib,5808,train_pool
batch_1,38252,CPD_549558202917,cobimetinib,5809,train_pool
batch_1,38378,CPD_549558202917,cobimetinib,5810,train_pool
batch_1,39088,CPD_549558202917,cobimetinib,5811,test
batch_1,39417,CPD_549558202917,cobimetinib,5812,train_pool
batch_1,39622,CPD_549558202917,cobimetinib,5813,train_pool
batch_1,39944,CPD_549558202917,cobimetinib,5814,train_pool
batch_1,39976,CPD_549558202917,cobimetinib,5815,test
batch_1,40521,CPD_549558202917,cobimetinib,5816,train_pool
batch_1,40568,CPD_549558202917,cobimetinib,5817,train_pool
batch_1,40606,CPD_549558202917,cobimetinib,5818,test
batch_1,40620,CPD_549558202917,cobimetinib,5819,train_pool
batch_1,40738,CPD_549558202917,cobimetinib,5820,train_pool
batch_1,41042,CPD_549558202917,cobimetinib,5821,train_pool
batch_1,41088,CPD_549558202917,cobimetinib,5822,test
batch_1,41358,CPD_549558202917,cobimetinib,5823,train_pool
batch_1,41412,CPD_549558202917,cobimetinib,5824,train_pool
batch_1,41727,CPD_549558202917,cobimetinib,5825,train_pool
batch_1,41975,CPD_549558202917,cobimetinib,5826,train_pool
batch_1,41980,CPD_549558202917,cobimetinib,5827,test
batch_1,42269,CPD_549558202917,cobimetinib,5828,train_pool
batch_1,42273,CPD_549558202917,cobimetinib,5829,test
batch_1,42352,CPD_549558202917,cobimetinib,5830,train_pool
batch_1,42378,CPD_549558202917,cobimetinib,5831,train_pool
batch_1,42428,CPD_549558202917,cobimetinib,5832,test
batch_1,42975,CPD_549558202917,cobimetinib,5833,train_pool
batch_1,43082,CPD_549558202917,cobimetinib,5834,train_pool
batch_1,43116,CPD_549558202917,cobimetinib,5835,train_pool
batch_1,43289,CPD_549558202917,cobimetinib,5836,train_pool
batch_1,43504,CPD_549558202917,cobimetinib,5837,train_pool
batch_1,43889,CPD_549558202917,cobimetinib,5838,test
batch_1,44309,CPD_549558202917,cobimetinib,5839,test
batch_1,44374,CPD_549558202917,cobimetinib,5840,train_pool
batch_1,44737,CPD_549558202917,cobimetinib,5841,train_pool
batch_1,44798,CPD_549558202917,cobimetinib,5842,train_pool
batch_1,45598,CPD_549558202917,cobimetinib,5843,train_pool
batch_1,46626,CPD_549558202917,cobimetinib,5844,train_pool
batch_1,46878,CPD_549558202917,cobimetinib,5845,train_pool
batch_1,46961,CPD_549558202917,cobimetinib,5846,train_pool
batch_1,47096,CPD_549558202917,cobimetinib,5847,train_pool
batch_1,47262,CPD_549558202917,cobimetinib,5848,train_pool
batch_1,47414,CPD_549558202917,cobimetinib,5849,train_pool
batch_1,348,CPD_908424475140,derazantinib,5850,train_pool
batch_1,366,CPD_908424475140,derazantinib,5851,train_pool
batch_1,495,CPD_908424475140,derazantinib,5852,train_pool
batch_1,773,CPD_908424475140,derazantinib,5853,train_pool
batch_1,2904,CPD_908424475140,derazantinib,5854,train_pool
batch_1,2966,CPD_908424475140,derazantinib,5855,train_pool
batch_1,3484,CPD_908424475140,derazantinib,5856,train_pool
batch_1,4033,CPD_908424475140,derazantinib,5857,train_pool
batch_1,4334,CPD_908424475140,derazantinib,5858,train_pool
batch_1,4549,CPD_908424475140,derazantinib,5859,test
batch_1,5290,CPD_908424475140,derazantinib,5860,train_pool
batch_1,5457,CPD_908424475140,derazantinib,5861,train_pool
batch_1,5490,CPD_908424475140,derazantinib,5862,train_pool
batch_1,5612,CPD_908424475140,derazantinib,5863,train_pool
batch_1,5917,CPD_908424475140,derazantinib,5864,train_pool
batch_1,6439,CPD_908424475140,derazantinib,5865,test
batch_1,6549,CPD_908424475140,derazantinib,5866,train_pool
batch_1,6953,CPD_908424475140,derazantinib,5867,train_pool
batch_1,7339,CPD_908424475140,derazantinib,5868,train_pool
batch_1,7378,CPD_908424475140,derazantinib,5869,train_pool
batch_1,7480,CPD_908424475140,derazantinib,5870,test
batch_1,7911,CPD_908424475140,derazantinib,5871,train_pool
batch_1,8038,CPD_908424475140,derazantinib,5872,train_pool
batch_1,8291,CPD_908424475140,derazantinib,5873,train_pool
batch_1,8315,CPD_908424475140,derazantinib,5874,train_pool
batch_1,8317,CPD_908424475140,derazantinib,5875,train_pool
batch_1,8733,CPD_908424475140,derazantinib,5876,test
batch_1,8779,CPD_908424475140,derazantinib,5877,train_pool
batch_1,9045,CPD_908424475140,derazantinib,5878,train_pool
batch_1,9158,CPD_908424475140,derazantinib,5879,test
batch_1,9422,CPD_908424475140,derazantinib,5880,train_pool
batch_1,10230,CPD_908424475140,derazantinib,5881,train_pool
batch_1,10253,CPD_908424475140,derazantinib,5882,train_pool
batch_1,10478,CPD_908424475140,derazantinib,5883,train_pool
batch_1,10594,CPD_908424475140,derazantinib,5884,test
batch_1,10767,CPD_908424475140,derazantinib,5885,train_pool
batch_1,11052,CPD_908424475140,derazantinib,5886,train_pool
batch_1,11404,CPD_908424475140,derazantinib,5887,test
batch_1,11447,CPD_908424475140,derazantinib,5888,test
batch_1,11635,CPD_908424475140,derazantinib,5889,train_pool
batch_1,11761,CPD_908424475140,derazantinib,5890,train_pool
batch_1,11805,CPD_908424475140,derazantinib,5891,train_pool
batch_1,11993,CPD_908424475140,derazantinib,5892,train_pool
batch_1,12136,CPD_908424475140,derazantinib,5893,train_pool
batch_1,12275,CPD_908424475140,derazantinib,5894,train_pool
batch_1,12331,CPD_908424475140,derazantinib,5895,train_pool
batch_1,12343,CPD_908424475140,derazantinib,5896,train_pool
batch_1,12345,CPD_908424475140,derazantinib,5897,train_pool
batch_1,12349,CPD_908424475140,derazantinib,5898,train_pool
batch_1,12402,CPD_908424475140,derazantinib,5899,train_pool
batch_1,12782,CPD_908424475140,derazantinib,5900,train_pool
batch_1,12799,CPD_908424475140,derazantinib,5901,train_pool
batch_1,12904,CPD_908424475140,derazantinib,5902,train_pool
batch_1,12946,CPD_908424475140,derazantinib,5903,train_pool
batch_1,13100,CPD_908424475140,derazantinib,5904,train_pool
batch_1,13156,CPD_908424475140,derazantinib,5905,train_pool
batch_1,13333,CPD_908424475140,derazantinib,5906,train_pool
batch_1,13421,CPD_908424475140,derazantinib,5907,train_pool
batch_1,13460,CPD_908424475140,derazantinib,5908,test
batch_1,13529,CPD_908424475140,derazantinib,5909,train_pool
batch_1,13552,CPD_908424475140,derazantinib,5910,train_pool
batch_1,13833,CPD_908424475140,derazantinib,5911,train_pool
batch_1,13997,CPD_908424475140,derazantinib,5912,train_pool
batch_1,14078,CPD_908424475140,derazantinib,5913,train_pool
batch_1,14080,CPD_908424475140,derazantinib,5914,train_pool
batch_1,14137,CPD_908424475140,derazantinib,5915,train_pool
batch_1,14428,CPD_908424475140,derazantinib,5916,test
batch_1,14609,CPD_908424475140,derazantinib,5917,test
batch_1,14900,CPD_908424475140,derazantinib,5918,train_pool
batch_1,15200,CPD_908424475140,derazantinib,5919,test
batch_1,15239,CPD_908424475140,derazantinib,5920,test
batch_1,15766,CPD_908424475140,derazantinib,5921,train_pool
batch_1,15854,CPD_908424475140,derazantinib,5922,train_pool
batch_1,15898,CPD_908424475140,derazantinib,5923,train_pool
batch_1,16090,CPD_908424475140,derazantinib,5924,train_pool
batch_1,16196,CPD_908424475140,derazantinib,5925,train_pool
batch_1,16354,CPD_908424475140,derazantinib,5926,test
batch_1,16386,CPD_908424475140,derazantinib,5927,train_pool
batch_1,16591,CPD_908424475140,derazantinib,5928,train_pool
batch_1,16712,CPD_908424475140,derazantinib,5929,train_pool
batch_1,16902,CPD_908424475140,derazantinib,5930,train_pool
batch_1,17004,CPD_908424475140,derazantinib,5931,train_pool
batch_1,17076,CPD_908424475140,derazantinib,5932,train_pool
batch_1,17236,CPD_908424475140,derazantinib,5933,train_pool
batch_1,17262,CPD_908424475140,derazantinib,5934,train_pool
batch_1,17379,CPD_908424475140,derazantinib,5935,test
batch_1,17512,CPD_908424475140,derazantinib,5936,test
batch_1,17607,CPD_908424475140,derazantinib,5937,test
batch_1,17637,CPD_908424475140,derazantinib,5938,train_pool
batch_1,17669,CPD_908424475140,derazantinib,5939,train_pool
batch_1,17761,CPD_908424475140,derazantinib,5940,train_pool
batch_1,17882,CPD_908424475140,derazantinib,5941,train_pool
batch_1,17888,CPD_908424475140,derazantinib,5942,train_pool
batch_1,17996,CPD_908424475140,derazantinib,5943,train_pool
batch_1,18112,CPD_908424475140,derazantinib,5944,test
batch_1,18177,CPD_908424475140,derazantinib,5945,train_pool
batch_1,18273,CPD_908424475140,derazantinib,5946,test
batch_1,18485,CPD_908424475140,derazantinib,5947,train_pool
batch_1,18578,CPD_908424475140,derazantinib,5948,train_pool
batch_1,18630,CPD_908424475140,derazantinib,5949,train_pool
batch_1,18673,CPD_908424475140,derazantinib,5950,train_pool
batch_1,18712,CPD_908424475140,derazantinib,5951,train_pool
batch_1,18782,CPD_908424475140,derazantinib,5952,train_pool
batch_1,18791,CPD_908424475140,derazantinib,5953,train_pool
batch_1,19017,CPD_908424475140,derazantinib,5954,test
batch_1,19022,CPD_908424475140,derazantinib,5955,train_pool
batch_1,19024,CPD_908424475140,derazantinib,5956,test
batch_1,19387,CPD_908424475140,derazantinib,5957,train_pool
batch_1,19914,CPD_908424475140,derazantinib,5958,train_pool
batch_1,19922,CPD_908424475140,derazantinib,5959,train_pool
batch_1,20686,CPD_908424475140,derazantinib,5960,test
batch_1,20777,CPD_908424475140,derazantinib,5961,test
batch_1,20882,CPD_908424475140,derazantinib,5962,train_pool
batch_1,21270,CPD_908424475140,derazantinib,5963,train_pool
batch_1,21272,CPD_908424475140,derazantinib,5964,train_pool
batch_1,21369,CPD_908424475140,derazantinib,5965,train_pool
batch_1,21454,CPD_908424475140,derazantinib,5966,train_pool
batch_1,21456,CPD_908424475140,derazantinib,5967,train_pool
batch_1,21530,CPD_908424475140,derazantinib,5968,test
batch_1,21675,CPD_908424475140,derazantinib,5969,train_pool
batch_1,21732,CPD_908424475140,derazantinib,5970,train_pool
batch_1,21966,CPD_908424475140,derazantinib,5971,train_pool
batch_1,22028,CPD_908424475140,derazantinib,5972,train_pool
batch_1,22098,CPD_908424475140,derazantinib,5973,test
batch_1,22160,CPD_908424475140,derazantinib,5974,train_pool
batch_1,22250,CPD_908424475140,derazantinib,5975,train_pool
batch_1,22386,CPD_908424475140,derazantinib,5976,train_pool
batch_1,23044,CPD_908424475140,derazantinib,5977,train_pool
batch_1,23179,CPD_908424475140,derazantinib,5978,train_pool
batch_1,23366,CPD_908424475140,derazantinib,5979,test
batch_1,23608,CPD_908424475140,derazantinib,5980,train_pool
batch_1,23676,CPD_908424475140,derazantinib,5981,train_pool
batch_1,23721,CPD_908424475140,derazantinib,5982,test
batch_1,23849,CPD_908424475140,derazantinib,5983,train_pool
batch_1,24658,CPD_908424475140,derazantinib,5984,train_pool
batch_1,25298,CPD_908424475140,derazantinib,5985,train_pool
batch_1,25882,CPD_908424475140,derazantinib,5986,train_pool
batch_1,26119,CPD_908424475140,derazantinib,5987,train_pool
batch_1,26165,CPD_908424475140,derazantinib,5988,train_pool
batch_1,26218,CPD_908424475140,derazantinib,5989,train_pool
batch_1,26328,CPD_908424475140,derazantinib,5990,test
batch_1,26346,CPD_908424475140,derazantinib,5991,train_pool
batch_1,26789,CPD_908424475140,derazantinib,5992,train_pool
batch_1,26806,CPD_908424475140,derazantinib,5993,train_pool
batch_1,26844,CPD_908424475140,derazantinib,5994,test
batch_1,26947,CPD_908424475140,derazantinib,5995,train_pool
batch_1,27189,CPD_908424475140,derazantinib,5996,train_pool
batch_1,27225,CPD_908424475140,derazantinib,5997,train_pool
batch_1,27507,CPD_908424475140,derazantinib,5998,train_pool
batch_1,27524,CPD_908424475140,derazantinib,5999,train_pool
batch_1,27559,CPD_908424475140,derazantinib,6000,train_pool
batch_1,27828,CPD_908424475140,derazantinib,6001,train_pool
batch_1,28194,CPD_908424475140,derazantinib,6002,train_pool
batch_1,28263,CPD_908424475140,derazantinib,6003,train_pool
batch_1,28556,CPD_908424475140,derazantinib,6004,test
batch_1,28743,CPD_908424475140,derazantinib,6005,train_pool
batch_1,28813,CPD_908424475140,derazantinib,6006,train_pool
batch_1,28956,CPD_908424475140,derazantinib,6007,test
batch_1,29032,CPD_908424475140,derazantinib,6008,test
batch_1,29199,CPD_908424475140,derazantinib,6009,train_pool
batch_1,29337,CPD_908424475140,derazantinib,6010,train_pool
batch_1,29563,CPD_908424475140,derazantinib,6011,train_pool
batch_1,29613,CPD_908424475140,derazantinib,6012,test
batch_1,29671,CPD_908424475140,derazantinib,6013,train_pool
batch_1,29858,CPD_908424475140,derazantinib,6014,train_pool
batch_1,30376,CPD_908424475140,derazantinib,6015,test
batch_1,30460,CPD_908424475140,derazantinib,6016,train_pool
batch_1,30697,CPD_908424475140,derazantinib,6017,test
batch_1,30702,CPD_908424475140,derazantinib,6018,train_pool
batch_1,30804,CPD_908424475140,derazantinib,6019,train_pool
batch_1,30844,CPD_908424475140,derazantinib,6020,train_pool
batch_1,30889,CPD_908424475140,derazantinib,6021,train_pool
batch_1,31093,CPD_908424475140,derazantinib,6022,train_pool
batch_1,31115,CPD_908424475140,derazantinib,6023,test
batch_1,31133,CPD_908424475140,derazantinib,6024,train_pool
batch_1,31264,CPD_908424475140,derazantinib,6025,train_pool
batch_1,31348,CPD_908424475140,derazantinib,6026,train_pool
batch_1,31443,CPD_908424475140,derazantinib,6027,train_pool
batch_1,31464,CPD_908424475140,derazantinib,6028,train_pool
batch_1,31674,CPD_908424475140,derazantinib,6029,train_pool
batch_1,31844,CPD_908424475140,derazantinib,6030,train_pool
batch_1,31878,CPD_908424475140,derazantinib,6031,train_pool
batch_1,32260,CPD_908424475140,derazantinib,6032,train_pool
batch_1,32269,CPD_908424475140,derazantinib,6033,train_pool
batch_1,32291,CPD_908424475140,derazantinib,6034,test
batch_1,32341,CPD_908424475140,derazantinib,6035,test
batch_1,32386,CPD_908424475140,derazantinib,6036,train_pool
batch_1,32680,CPD_908424475140,derazantinib,6037,train_pool
batch_1,32788,CPD_908424475140,derazantinib,6038,train_pool
batch_1,32877,CPD_908424475140,derazantinib,6039,train_pool
batch_1,32929,CPD_908424475140,derazantinib,6040,train_pool
batch_1,32943,CPD_908424475140,derazantinib,6041,train_pool
batch_1,33413,CPD_908424475140,derazantinib,6042,test
batch_1,33822,CPD_908424475140,derazantinib,6043,train_pool
batch_1,34219,CPD_908424475140,derazantinib,6044,train_pool
batch_1,34474,CPD_908424475140,derazantinib,6045,train_pool
batch_1,34626,CPD_908424475140,derazantinib,6046,test
batch_1,34681,CPD_908424475140,derazantinib,6047,train_pool
batch_1,34763,CPD_908424475140,derazantinib,6048,train_pool
batch_1,34784,CPD_908424475140,derazantinib,6049,train_pool
batch_1,34950,CPD_908424475140,derazantinib,6050,test
batch_1,35347,CPD_908424475140,derazantinib,6051,test
batch_1,35430,CPD_908424475140,derazantinib,6052,test
batch_1,35506,CPD_908424475140,derazantinib,6053,train_pool
batch_1,35825,CPD_908424475140,derazantinib,6054,train_pool
batch_1,35857,CPD_908424475140,derazantinib,6055,test
batch_1,36170,CPD_908424475140,derazantinib,6056,train_pool
batch_1,36321,CPD_908424475140,derazantinib,6057,test
batch_1,36497,CPD_908424475140,derazantinib,6058,train_pool
batch_1,36519,CPD_908424475140,derazantinib,6059,train_pool
batch_1,36540,CPD_908424475140,derazantinib,6060,train_pool
batch_1,36655,CPD_908424475140,derazantinib,6061,train_pool
batch_1,36996,CPD_908424475140,derazantinib,6062,test
batch_1,37001,CPD_908424475140,derazantinib,6063,train_pool
batch_1,37009,CPD_908424475140,derazantinib,6064,train_pool
batch_1,37148,CPD_908424475140,derazantinib,6065,train_pool
batch_1,37515,CPD_908424475140,derazantinib,6066,train_pool
batch_1,37668,CPD_908424475140,derazantinib,6067,train_pool
batch_1,37760,CPD_908424475140,derazantinib,6068,train_pool
batch_1,37866,CPD_908424475140,derazantinib,6069,test
batch_1,38631,CPD_908424475140,derazantinib,6070,train_pool
batch_1,38865,CPD_908424475140,derazantinib,6071,train_pool
batch_1,38921,CPD_908424475140,derazantinib,6072,train_pool
batch_1,39118,CPD_908424475140,derazantinib,6073,test
batch_1,39180,CPD_908424475140,derazantinib,6074,train_pool
batch_1,39427,CPD_908424475140,derazantinib,6075,train_pool
batch_1,39719,CPD_908424475140,derazantinib,6076,train_pool
batch_1,39923,CPD_908424475140,derazantinib,6077,train_pool
batch_1,40511,CPD_908424475140,derazantinib,6078,train_pool
batch_1,40799,CPD_908424475140,derazantinib,6079,train_pool
batch_1,40910,CPD_908424475140,derazantinib,6080,train_pool
batch_1,40938,CPD_908424475140,derazantinib,6081,train_pool
batch_1,41002,CPD_908424475140,derazantinib,6082,train_pool
batch_1,41125,CPD_908424475140,derazantinib,6083,train_pool
batch_1,41211,CPD_908424475140,derazantinib,6084,train_pool
batch_1,41288,CPD_908424475140,derazantinib,6085,train_pool
batch_1,41613,CPD_908424475140,derazantinib,6086,train_pool
batch_1,42122,CPD_908424475140,derazantinib,6087,train_pool
batch_1,42181,CPD_908424475140,derazantinib,6088,train_pool
batch_1,42216,CPD_908424475140,derazantinib,6089,train_pool
batch_1,43096,CPD_908424475140,derazantinib,6090,train_pool
batch_1,43193,CPD_908424475140,derazantinib,6091,test
batch_1,43246,CPD_908424475140,derazantinib,6092,train_pool
batch_1,43528,CPD_908424475140,derazantinib,6093,test
batch_1,43658,CPD_908424475140,derazantinib,6094,train_pool
batch_1,44140,CPD_908424475140,derazantinib,6095,test
batch_1,45051,CPD_908424475140,derazantinib,6096,train_pool
batch_1,45108,CPD_908424475140,derazantinib,6097,train_pool
batch_1,45354,CPD_908424475140,derazantinib,6098,train_pool
batch_1,45483,CPD_908424475140,derazantinib,6099,train_pool
batch_1,47161,CPD_908424475140,derazantinib,6100,train_pool
batch_1,48859,CPD_908424475140,derazantinib,6101,train_pool
batch_1,49362,CPD_908424475140,derazantinib,6102,train_pool
batch_1,1118,CPD_548023859323,endoxifen,6103,train_pool
batch_1,1474,CPD_548023859323,endoxifen,6104,test
batch_1,1998,CPD_548023859323,endoxifen,6105,train_pool
batch_1,2276,CPD_548023859323,endoxifen,6106,train_pool
batch_1,2785,CPD_548023859323,endoxifen,6107,test
batch_1,2913,CPD_548023859323,endoxifen,6108,train_pool
batch_1,2919,CPD_548023859323,endoxifen,6109,test
batch_1,3206,CPD_548023859323,endoxifen,6110,train_pool
batch_1,3261,CPD_548023859323,endoxifen,6111,test
batch_1,3420,CPD_548023859323,endoxifen,6112,train_pool
batch_1,4316,CPD_548023859323,endoxifen,6113,train_pool
batch_1,4409,CPD_548023859323,endoxifen,6114,train_pool
batch_1,4528,CPD_548023859323,endoxifen,6115,train_pool
batch_1,4883,CPD_548023859323,endoxifen,6116,train_pool
batch_1,4944,CPD_548023859323,endoxifen,6117,train_pool
batch_1,5239,CPD_548023859323,endoxifen,6118,train_pool
batch_1,5332,CPD_548023859323,endoxifen,6119,train_pool
batch_1,5594,CPD_548023859323,endoxifen,6120,train_pool
batch_1,5867,CPD_548023859323,endoxifen,6121,train_pool
batch_1,6134,CPD_548023859323,endoxifen,6122,train_pool
batch_1,6180,CPD_548023859323,endoxifen,6123,train_pool
batch_1,6235,CPD_548023859323,endoxifen,6124,train_pool
batch_1,6362,CPD_548023859323,endoxifen,6125,test
batch_1,7411,CPD_548023859323,endoxifen,6126,train_pool
batch_1,7491,CPD_548023859323,endoxifen,6127,train_pool
batch_1,7686,CPD_548023859323,endoxifen,6128,train_pool
batch_1,7968,CPD_548023859323,endoxifen,6129,train_pool
batch_1,8036,CPD_548023859323,endoxifen,6130,train_pool
batch_1,8575,CPD_548023859323,endoxifen,6131,train_pool
batch_1,9270,CPD_548023859323,endoxifen,6132,train_pool
batch_1,9321,CPD_548023859323,endoxifen,6133,train_pool
batch_1,9714,CPD_548023859323,endoxifen,6134,train_pool
batch_1,9904,CPD_548023859323,endoxifen,6135,train_pool
batch_1,10078,CPD_548023859323,endoxifen,6136,train_pool
batch_1,10130,CPD_548023859323,endoxifen,6137,train_pool
batch_1,10242,CPD_548023859323,endoxifen,6138,train_pool
batch_1,10636,CPD_548023859323,endoxifen,6139,test
batch_1,10742,CPD_548023859323,endoxifen,6140,train_pool
batch_1,10927,CPD_548023859323,endoxifen,6141,train_pool
batch_1,11167,CPD_548023859323,endoxifen,6142,train_pool
batch_1,11227,CPD_548023859323,endoxifen,6143,train_pool
batch_1,11423,CPD_548023859323,endoxifen,6144,train_pool
batch_1,11517,CPD_548023859323,endoxifen,6145,test
batch_1,11722,CPD_548023859323,endoxifen,6146,train_pool
batch_1,11766,CPD_548023859323,endoxifen,6147,train_pool
batch_1,11802,CPD_548023859323,endoxifen,6148,train_pool
batch_1,12090,CPD_548023859323,endoxifen,6149,train_pool
batch_1,12127,CPD_548023859323,endoxifen,6150,train_pool
batch_1,12241,CPD_548023859323,endoxifen,6151,train_pool
batch_1,12379,CPD_548023859323,endoxifen,6152,train_pool
batch_1,13103,CPD_548023859323,endoxifen,6153,train_pool
batch_1,13122,CPD_548023859323,endoxifen,6154,train_pool
batch_1,13139,CPD_548023859323,endoxifen,6155,train_pool
batch_1,13565,CPD_548023859323,endoxifen,6156,test
batch_1,13884,CPD_548023859323,endoxifen,6157,test
batch_1,13958,CPD_548023859323,endoxifen,6158,test
batch_1,14015,CPD_548023859323,endoxifen,6159,train_pool
batch_1,14089,CPD_548023859323,endoxifen,6160,train_pool
batch_1,14281,CPD_548023859323,endoxifen,6161,test
batch_1,14484,CPD_548023859323,endoxifen,6162,test
batch_1,14771,CPD_548023859323,endoxifen,6163,train_pool
batch_1,15035,CPD_548023859323,endoxifen,6164,train_pool
batch_1,15319,CPD_548023859323,endoxifen,6165,train_pool
batch_1,15366,CPD_548023859323,endoxifen,6166,train_pool
batch_1,16258,CPD_548023859323,endoxifen,6167,train_pool
batch_1,16292,CPD_548023859323,endoxifen,6168,train_pool
batch_1,16463,CPD_548023859323,endoxifen,6169,test
batch_1,16590,CPD_548023859323,endoxifen,6170,train_pool
batch_1,16620,CPD_548023859323,endoxifen,6171,train_pool
batch_1,16717,CPD_548023859323,endoxifen,6172,train_pool
batch_1,16775,CPD_548023859323,endoxifen,6173,train_pool
batch_1,16990,CPD_548023859323,endoxifen,6174,test
batch_1,17099,CPD_548023859323,endoxifen,6175,train_pool
batch_1,17119,CPD_548023859323,endoxifen,6176,train_pool
batch_1,17244,CPD_548023859323,endoxifen,6177,test
batch_1,17288,CPD_548023859323,endoxifen,6178,train_pool
batch_1,17406,CPD_548023859323,endoxifen,6179,train_pool
batch_1,17536,CPD_548023859323,endoxifen,6180,train_pool
batch_1,17591,CPD_548023859323,endoxifen,6181,train_pool
batch_1,17698,CPD_548023859323,endoxifen,6182,train_pool
batch_1,17725,CPD_548023859323,endoxifen,6183,train_pool
batch_1,17967,CPD_548023859323,endoxifen,6184,test
batch_1,17988,CPD_548023859323,endoxifen,6185,train_pool
batch_1,18073,CPD_548023859323,endoxifen,6186,test
batch_1,18530,CPD_548023859323,endoxifen,6187,train_pool
batch_1,18554,CPD_548023859323,endoxifen,6188,test
batch_1,18754,CPD_548023859323,endoxifen,6189,train_pool
batch_1,18911,CPD_548023859323,endoxifen,6190,train_pool
batch_1,18976,CPD_548023859323,endoxifen,6191,train_pool
batch_1,19348,CPD_548023859323,endoxifen,6192,train_pool
batch_1,19455,CPD_548023859323,endoxifen,6193,train_pool
batch_1,19604,CPD_548023859323,endoxifen,6194,train_pool
batch_1,20413,CPD_548023859323,endoxifen,6195,train_pool
batch_1,20569,CPD_548023859323,endoxifen,6196,train_pool
batch_1,20778,CPD_548023859323,endoxifen,6197,test
batch_1,21004,CPD_548023859323,endoxifen,6198,train_pool
batch_1,21107,CPD_548023859323,endoxifen,6199,test
batch_1,21134,CPD_548023859323,endoxifen,6200,test
batch_1,21175,CPD_548023859323,endoxifen,6201,train_pool
batch_1,21293,CPD_548023859323,endoxifen,6202,train_pool
batch_1,21301,CPD_548023859323,endoxifen,6203,test
batch_1,21383,CPD_548023859323,endoxifen,6204,train_pool
batch_1,21446,CPD_548023859323,endoxifen,6205,train_pool
batch_1,21460,CPD_548023859323,endoxifen,6206,train_pool
batch_1,21551,CPD_548023859323,endoxifen,6207,train_pool
batch_1,21819,CPD_548023859323,endoxifen,6208,train_pool
batch_1,21821,CPD_548023859323,endoxifen,6209,train_pool
batch_1,22119,CPD_548023859323,endoxifen,6210,train_pool
batch_1,22134,CPD_548023859323,endoxifen,6211,train_pool
batch_1,22318,CPD_548023859323,endoxifen,6212,train_pool
batch_1,22328,CPD_548023859323,endoxifen,6213,test
batch_1,22503,CPD_548023859323,endoxifen,6214,train_pool
batch_1,23042,CPD_548023859323,endoxifen,6215,train_pool
batch_1,23404,CPD_548023859323,endoxifen,6216,test
batch_1,23488,CPD_548023859323,endoxifen,6217,train_pool
batch_1,23955,CPD_548023859323,endoxifen,6218,test
batch_1,23986,CPD_548023859323,endoxifen,6219,train_pool
batch_1,24067,CPD_548023859323,endoxifen,6220,train_pool
batch_1,24239,CPD_548023859323,endoxifen,6221,train_pool
batch_1,24360,CPD_548023859323,endoxifen,6222,train_pool
batch_1,24474,CPD_548023859323,endoxifen,6223,train_pool
batch_1,24524,CPD_548023859323,endoxifen,6224,train_pool
batch_1,24563,CPD_548023859323,endoxifen,6225,test
batch_1,25209,CPD_548023859323,endoxifen,6226,train_pool
batch_1,25435,CPD_548023859323,endoxifen,6227,train_pool
batch_1,25536,CPD_548023859323,endoxifen,6228,train_pool
batch_1,25553,CPD_548023859323,endoxifen,6229,test
batch_1,25966,CPD_548023859323,endoxifen,6230,train_pool
batch_1,26045,CPD_548023859323,endoxifen,6231,train_pool
batch_1,26131,CPD_548023859323,endoxifen,6232,train_pool
batch_1,26268,CPD_548023859323,endoxifen,6233,train_pool
batch_1,26419,CPD_548023859323,endoxifen,6234,test
batch_1,26545,CPD_548023859323,endoxifen,6235,test
batch_1,26688,CPD_548023859323,endoxifen,6236,train_pool
batch_1,26706,CPD_548023859323,endoxifen,6237,test
batch_1,26856,CPD_548023859323,endoxifen,6238,train_pool
batch_1,27136,CPD_548023859323,endoxifen,6239,train_pool
batch_1,27171,CPD_548023859323,endoxifen,6240,train_pool
batch_1,27355,CPD_548023859323,endoxifen,6241,train_pool
batch_1,27471,CPD_548023859323,endoxifen,6242,train_pool
batch_1,27554,CPD_548023859323,endoxifen,6243,train_pool
batch_1,27830,CPD_548023859323,endoxifen,6244,train_pool
batch_1,27882,CPD_548023859323,endoxifen,6245,test
batch_1,28560,CPD_548023859323,endoxifen,6246,train_pool
batch_1,28655,CPD_548023859323,endoxifen,6247,train_pool
batch_1,28939,CPD_548023859323,endoxifen,6248,train_pool
batch_1,29049,CPD_548023859323,endoxifen,6249,test
batch_1,29155,CPD_548023859323,endoxifen,6250,train_pool
batch_1,29295,CPD_548023859323,endoxifen,6251,train_pool
batch_1,29308,CPD_548023859323,endoxifen,6252,train_pool
batch_1,29868,CPD_548023859323,endoxifen,6253,train_pool
batch_1,30079,CPD_548023859323,endoxifen,6254,train_pool
batch_1,30081,CPD_548023859323,endoxifen,6255,train_pool
batch_1,30106,CPD_548023859323,endoxifen,6256,train_pool
batch_1,30295,CPD_548023859323,endoxifen,6257,train_pool
batch_1,30344,CPD_548023859323,endoxifen,6258,train_pool
batch_1,30671,CPD_548023859323,endoxifen,6259,train_pool
batch_1,30789,CPD_548023859323,endoxifen,6260,train_pool
batch_1,30805,CPD_548023859323,endoxifen,6261,train_pool
batch_1,30949,CPD_548023859323,endoxifen,6262,train_pool
batch_1,30993,CPD_548023859323,endoxifen,6263,train_pool
batch_1,31018,CPD_548023859323,endoxifen,6264,train_pool
batch_1,31235,CPD_548023859323,endoxifen,6265,test
batch_1,31357,CPD_548023859323,endoxifen,6266,train_pool
batch_1,31525,CPD_548023859323,endoxifen,6267,train_pool
batch_1,31526,CPD_548023859323,endoxifen,6268,train_pool
batch_1,31535,CPD_548023859323,endoxifen,6269,train_pool
batch_1,31737,CPD_548023859323,endoxifen,6270,train_pool
batch_1,31834,CPD_548023859323,endoxifen,6271,train_pool
batch_1,31880,CPD_548023859323,endoxifen,6272,train_pool
batch_1,31988,CPD_548023859323,endoxifen,6273,train_pool
batch_1,32417,CPD_548023859323,endoxifen,6274,train_pool
batch_1,32959,CPD_548023859323,endoxifen,6275,train_pool
batch_1,33234,CPD_548023859323,endoxifen,6276,test
batch_1,33349,CPD_548023859323,endoxifen,6277,train_pool
batch_1,33371,CPD_548023859323,endoxifen,6278,train_pool
batch_1,33753,CPD_548023859323,endoxifen,6279,train_pool
batch_1,33988,CPD_548023859323,endoxifen,6280,train_pool
batch_1,34021,CPD_548023859323,endoxifen,6281,test
batch_1,34120,CPD_548023859323,endoxifen,6282,train_pool
batch_1,34195,CPD_548023859323,endoxifen,6283,train_pool
batch_1,34336,CPD_548023859323,endoxifen,6284,train_pool
batch_1,34382,CPD_548023859323,endoxifen,6285,train_pool
batch_1,34485,CPD_548023859323,endoxifen,6286,train_pool
batch_1,34543,CPD_548023859323,endoxifen,6287,train_pool
batch_1,34553,CPD_548023859323,endoxifen,6288,train_pool
batch_1,34689,CPD_548023859323,endoxifen,6289,train_pool
batch_1,34938,CPD_548023859323,endoxifen,6290,test
batch_1,35302,CPD_548023859323,endoxifen,6291,train_pool
batch_1,35306,CPD_548023859323,endoxifen,6292,test
batch_1,35806,CPD_548023859323,endoxifen,6293,train_pool
batch_1,36364,CPD_548023859323,endoxifen,6294,train_pool
batch_1,36449,CPD_548023859323,endoxifen,6295,train_pool
batch_1,36641,CPD_548023859323,endoxifen,6296,train_pool
batch_1,36675,CPD_548023859323,endoxifen,6297,test
batch_1,36712,CPD_548023859323,endoxifen,6298,train_pool
batch_1,37067,CPD_548023859323,endoxifen,6299,train_pool
batch_1,37081,CPD_548023859323,endoxifen,6300,train_pool
batch_1,37395,CPD_548023859323,endoxifen,6301,train_pool
batch_1,37494,CPD_548023859323,endoxifen,6302,train_pool
batch_1,37999,CPD_548023859323,endoxifen,6303,train_pool
batch_1,38065,CPD_548023859323,endoxifen,6304,test
batch_1,38198,CPD_548023859323,endoxifen,6305,test
batch_1,38257,CPD_548023859323,endoxifen,6306,test
batch_1,38280,CPD_548023859323,endoxifen,6307,test
batch_1,38351,CPD_548023859323,endoxifen,6308,test
batch_1,38428,CPD_548023859323,endoxifen,6309,train_pool
batch_1,38437,CPD_548023859323,endoxifen,6310,train_pool
batch_1,38551,CPD_548023859323,endoxifen,6311,train_pool
batch_1,39147,CPD_548023859323,endoxifen,6312,train_pool
batch_1,39247,CPD_548023859323,endoxifen,6313,train_pool
batch_1,39540,CPD_548023859323,endoxifen,6314,train_pool
batch_1,39591,CPD_548023859323,endoxifen,6315,train_pool
batch_1,39684,CPD_548023859323,endoxifen,6316,train_pool
batch_1,39745,CPD_548023859323,endoxifen,6317,train_pool
batch_1,39758,CPD_548023859323,endoxifen,6318,test
batch_1,40243,CPD_548023859323,endoxifen,6319,train_pool
batch_1,40640,CPD_548023859323,endoxifen,6320,train_pool
batch_1,41005,CPD_548023859323,endoxifen,6321,train_pool
batch_1,41902,CPD_548023859323,endoxifen,6322,train_pool
batch_1,42197,CPD_548023859323,endoxifen,6323,train_pool
batch_1,42366,CPD_548023859323,endoxifen,6324,test
batch_1,42535,CPD_548023859323,endoxifen,6325,test
batch_1,42612,CPD_548023859323,endoxifen,6326,test
batch_1,42668,CPD_548023859323,endoxifen,6327,train_pool
batch_1,42720,CPD_548023859323,endoxifen,6328,train_pool
batch_1,43698,CPD_548023859323,endoxifen,6329,train_pool
batch_1,44175,CPD_548023859323,endoxifen,6330,train_pool
batch_1,44351,CPD_548023859323,endoxifen,6331,train_pool
batch_1,44741,CPD_548023859323,endoxifen,6332,train_pool
batch_1,45143,CPD_548023859323,endoxifen,6333,train_pool
batch_1,45490,CPD_548023859323,endoxifen,6334,train_pool
batch_1,46270,CPD_548023859323,endoxifen,6335,train_pool
batch_1,47093,CPD_548023859323,endoxifen,6336,train_pool
batch_1,466,CPD_056284183052,fexagratinib,6337,train_pool
batch_1,652,CPD_056284183052,fexagratinib,6338,test
batch_1,930,CPD_056284183052,fexagratinib,6339,train_pool
batch_1,2099,CPD_056284183052,fexagratinib,6340,train_pool
batch_1,2232,CPD_056284183052,fexagratinib,6341,train_pool
batch_1,2677,CPD_056284183052,fexagratinib,6342,train_pool
batch_1,2743,CPD_056284183052,fexagratinib,6343,train_pool
batch_1,2938,CPD_056284183052,fexagratinib,6344,train_pool
batch_1,3241,CPD_056284183052,fexagratinib,6345,train_pool
batch_1,3523,CPD_056284183052,fexagratinib,6346,train_pool
batch_1,3549,CPD_056284183052,fexagratinib,6347,train_pool
batch_1,3679,CPD_056284183052,fexagratinib,6348,train_pool
batch_1,3726,CPD_056284183052,fexagratinib,6349,test
batch_1,3874,CPD_056284183052,fexagratinib,6350,train_pool
batch_1,3877,CPD_056284183052,fexagratinib,6351,train_pool
batch_1,4212,CPD_056284183052,fexagratinib,6352,train_pool
batch_1,4455,CPD_056284183052,fexagratinib,6353,train_pool
batch_1,4925,CPD_056284183052,fexagratinib,6354,test
batch_1,5203,CPD_056284183052,fexagratinib,6355,train_pool
batch_1,5488,CPD_056284183052,fexagratinib,6356,train_pool
batch_1,5673,CPD_056284183052,fexagratinib,6357,train_pool
batch_1,5706,CPD_056284183052,fexagratinib,6358,train_pool
batch_1,5721,CPD_056284183052,fexagratinib,6359,train_pool
batch_1,5763,CPD_056284183052,fexagratinib,6360,test
batch_1,6052,CPD_056284183052,fexagratinib,6361,train_pool
batch_1,6171,CPD_056284183052,fexagratinib,6362,train_pool
batch_1,6205,CPD_056284183052,fexagratinib,6363,train_pool
batch_1,6276,CPD_056284183052,fexagratinib,6364,train_pool
batch_1,6427,CPD_056284183052,fexagratinib,6365,train_pool
batch_1,6487,CPD_056284183052,fexagratinib,6366,train_pool
batch_1,6499,CPD_056284183052,fexagratinib,6367,train_pool
batch_1,7122,CPD_056284183052,fexagratinib,6368,train_pool
batch_1,7873,CPD_056284183052,fexagratinib,6369,train_pool
batch_1,8002,CPD_056284183052,fexagratinib,6370,train_pool
batch_1,8027,CPD_056284183052,fexagratinib,6371,train_pool
batch_1,8411,CPD_056284183052,fexagratinib,6372,train_pool
batch_1,8787,CPD_056284183052,fexagratinib,6373,train_pool
batch_1,8941,CPD_056284183052,fexagratinib,6374,test
batch_1,9244,CPD_056284183052,fexagratinib,6375,test
batch_1,9394,CPD_056284183052,fexagratinib,6376,train_pool
batch_1,9587,CPD_056284183052,fexagratinib,6377,train_pool
batch_1,9638,CPD_056284183052,fexagratinib,6378,train_pool
batch_1,9653,CPD_056284183052,fexagratinib,6379,test
batch_1,9950,CPD_056284183052,fexagratinib,6380,train_pool
batch_1,9983,CPD_056284183052,fexagratinib,6381,train_pool
batch_1,10288,CPD_056284183052,fexagratinib,6382,train_pool
batch_1,10319,CPD_056284183052,fexagratinib,6383,train_pool
batch_1,10374,CPD_056284183052,fexagratinib,6384,train_pool
batch_1,10539,CPD_056284183052,fexagratinib,6385,train_pool
batch_1,10963,CPD_056284183052,fexagratinib,6386,train_pool
batch_1,11405,CPD_056284183052,fexagratinib,6387,train_pool
batch_1,11446,CPD_056284183052,fexagratinib,6388,train_pool
batch_1,11458,CPD_056284183052,fexagratinib,6389,train_pool
batch_1,11639,CPD_056284183052,fexagratinib,6390,train_pool
batch_1,11804,CPD_056284183052,fexagratinib,6391,train_pool
batch_1,11988,CPD_056284183052,fexagratinib,6392,train_pool
batch_1,11998,CPD_056284183052,fexagratinib,6393,test
batch_1,12283,CPD_056284183052,fexagratinib,6394,train_pool
batch_1,12346,CPD_056284183052,fexagratinib,6395,train_pool
batch_1,12416,CPD_056284183052,fexagratinib,6396,test
batch_1,12849,CPD_056284183052,fexagratinib,6397,train_pool
batch_1,13053,CPD_056284183052,fexagratinib,6398,train_pool
batch_1,13102,CPD_056284183052,fexagratinib,6399,train_pool
batch_1,13205,CPD_056284183052,fexagratinib,6400,train_pool
batch_1,13555,CPD_056284183052,fexagratinib,6401,train_pool
batch_1,13734,CPD_056284183052,fexagratinib,6402,train_pool
batch_1,13760,CPD_056284183052,fexagratinib,6403,train_pool
batch_1,13867,CPD_056284183052,fexagratinib,6404,train_pool
batch_1,14008,CPD_056284183052,fexagratinib,6405,train_pool
batch_1,14040,CPD_056284183052,fexagratinib,6406,train_pool
batch_1,14068,CPD_056284183052,fexagratinib,6407,train_pool
batch_1,14104,CPD_056284183052,fexagratinib,6408,test
batch_1,14327,CPD_056284183052,fexagratinib,6409,train_pool
batch_1,14506,CPD_056284183052,fexagratinib,6410,train_pool
batch_1,14563,CPD_056284183052,fexagratinib,6411,test
batch_1,14583,CPD_056284183052,fexagratinib,6412,train_pool
batch_1,14668,CPD_056284183052,fexagratinib,6413,train_pool
batch_1,14714,CPD_056284183052,fexagratinib,6414,train_pool
batch_1,14769,CPD_056284183052,fexagratinib,6415,train_pool
batch_1,14791,CPD_056284183052,fexagratinib,6416,train_pool
batch_1,14823,CPD_056284183052,fexagratinib,6417,train_pool
batch_1,14899,CPD_056284183052,fexagratinib,6418,train_pool
batch_1,14935,CPD_056284183052,fexagratinib,6419,test
batch_1,15310,CPD_056284183052,fexagratinib,6420,test
batch_1,15673,CPD_056284183052,fexagratinib,6421,test
batch_1,15718,CPD_056284183052,fexagratinib,6422,train_pool
batch_1,16163,CPD_056284183052,fexagratinib,6423,train_pool
batch_1,16247,CPD_056284183052,fexagratinib,6424,train_pool
batch_1,16395,CPD_056284183052,fexagratinib,6425,train_pool
batch_1,16565,CPD_056284183052,fexagratinib,6426,train_pool
batch_1,16604,CPD_056284183052,fexagratinib,6427,train_pool
batch_1,17296,CPD_056284183052,fexagratinib,6428,train_pool
batch_1,17423,CPD_056284183052,fexagratinib,6429,train_pool
batch_1,17514,CPD_056284183052,fexagratinib,6430,train_pool
batch_1,17581,CPD_056284183052,fexagratinib,6431,train_pool
batch_1,17856,CPD_056284183052,fexagratinib,6432,train_pool
batch_1,17889,CPD_056284183052,fexagratinib,6433,train_pool
batch_1,17958,CPD_056284183052,fexagratinib,6434,train_pool
batch_1,18136,CPD_056284183052,fexagratinib,6435,test
batch_1,18233,CPD_056284183052,fexagratinib,6436,train_pool
batch_1,18292,CPD_056284183052,fexagratinib,6437,train_pool
batch_1,18421,CPD_056284183052,fexagratinib,6438,test
batch_1,18710,CPD_056284183052,fexagratinib,6439,train_pool
batch_1,19085,CPD_056284183052,fexagratinib,6440,train_pool
batch_1,21075,CPD_056284183052,fexagratinib,6441,test
batch_1,21308,CPD_056284183052,fexagratinib,6442,train_pool
batch_1,21358,CPD_056284183052,fexagratinib,6443,test
batch_1,21589,CPD_056284183052,fexagratinib,6444,train_pool
batch_1,21596,CPD_056284183052,fexagratinib,6445,train_pool
batch_1,21624,CPD_056284183052,fexagratinib,6446,train_pool
batch_1,21659,CPD_056284183052,fexagratinib,6447,train_pool
batch_1,21668,CPD_056284183052,fexagratinib,6448,train_pool
batch_1,21931,CPD_056284183052,fexagratinib,6449,test
batch_1,22021,CPD_056284183052,fexagratinib,6450,train_pool
batch_1,22088,CPD_056284183052,fexagratinib,6451,test
batch_1,22113,CPD_056284183052,fexagratinib,6452,train_pool
batch_1,22236,CPD_056284183052,fexagratinib,6453,train_pool
batch_1,22495,CPD_056284183052,fexagratinib,6454,test
batch_1,22584,CPD_056284183052,fexagratinib,6455,test
batch_1,22695,CPD_056284183052,fexagratinib,6456,train_pool
batch_1,22702,CPD_056284183052,fexagratinib,6457,test
batch_1,22961,CPD_056284183052,fexagratinib,6458,train_pool
batch_1,23499,CPD_056284183052,fexagratinib,6459,train_pool
batch_1,23714,CPD_056284183052,fexagratinib,6460,train_pool
batch_1,23715,CPD_056284183052,fexagratinib,6461,test
batch_1,23748,CPD_056284183052,fexagratinib,6462,train_pool
batch_1,23858,CPD_056284183052,fexagratinib,6463,train_pool
batch_1,23915,CPD_056284183052,fexagratinib,6464,train_pool
batch_1,23920,CPD_056284183052,fexagratinib,6465,train_pool
batch_1,23948,CPD_056284183052,fexagratinib,6466,test
batch_1,23999,CPD_056284183052,fexagratinib,6467,train_pool
batch_1,24017,CPD_056284183052,fexagratinib,6468,test
batch_1,24140,CPD_056284183052,fexagratinib,6469,train_pool
batch_1,24211,CPD_056284183052,fexagratinib,6470,train_pool
batch_1,24359,CPD_056284183052,fexagratinib,6471,train_pool
batch_1,24395,CPD_056284183052,fexagratinib,6472,test
batch_1,24769,CPD_056284183052,fexagratinib,6473,train_pool
batch_1,25102,CPD_056284183052,fexagratinib,6474,train_pool
batch_1,25180,CPD_056284183052,fexagratinib,6475,train_pool
batch_1,25263,CPD_056284183052,fexagratinib,6476,train_pool
batch_1,25391,CPD_056284183052,fexagratinib,6477,train_pool
batch_1,25696,CPD_056284183052,fexagratinib,6478,train_pool
batch_1,25921,CPD_056284183052,fexagratinib,6479,train_pool
batch_1,26038,CPD_056284183052,fexagratinib,6480,train_pool
batch_1,26133,CPD_056284183052,fexagratinib,6481,train_pool
batch_1,26149,CPD_056284183052,fexagratinib,6482,train_pool
batch_1,26299,CPD_056284183052,fexagratinib,6483,test
batch_1,26356,CPD_056284183052,fexagratinib,6484,train_pool
batch_1,26368,CPD_056284183052,fexagratinib,6485,train_pool
batch_1,26381,CPD_056284183052,fexagratinib,6486,train_pool
batch_1,26491,CPD_056284183052,fexagratinib,6487,train_pool
batch_1,26657,CPD_056284183052,fexagratinib,6488,test
batch_1,26670,CPD_056284183052,fexagratinib,6489,train_pool
batch_1,26723,CPD_056284183052,fexagratinib,6490,test
batch_1,27053,CPD_056284183052,fexagratinib,6491,train_pool
batch_1,27158,CPD_056284183052,fexagratinib,6492,train_pool
batch_1,27159,CPD_056284183052,fexagratinib,6493,train_pool
batch_1,27504,CPD_056284183052,fexagratinib,6494,train_pool
batch_1,27542,CPD_056284183052,fexagratinib,6495,train_pool
batch_1,27860,CPD_056284183052,fexagratinib,6496,train_pool
batch_1,27997,CPD_056284183052,fexagratinib,6497,train_pool
batch_1,28081,CPD_056284183052,fexagratinib,6498,train_pool
batch_1,28115,CPD_056284183052,fexagratinib,6499,train_pool
batch_1,28179,CPD_056284183052,fexagratinib,6500,train_pool
batch_1,28229,CPD_056284183052,fexagratinib,6501,test
batch_1,28450,CPD_056284183052,fexagratinib,6502,train_pool
batch_1,28619,CPD_056284183052,fexagratinib,6503,test
batch_1,28777,CPD_056284183052,fexagratinib,6504,train_pool
batch_1,28947,CPD_056284183052,fexagratinib,6505,test
batch_1,29207,CPD_056284183052,fexagratinib,6506,train_pool
batch_1,29682,CPD_056284183052,fexagratinib,6507,test
batch_1,29856,CPD_056284183052,fexagratinib,6508,train_pool
batch_1,29913,CPD_056284183052,fexagratinib,6509,train_pool
batch_1,30221,CPD_056284183052,fexagratinib,6510,train_pool
batch_1,30370,CPD_056284183052,fexagratinib,6511,train_pool
batch_1,30572,CPD_056284183052,fexagratinib,6512,train_pool
batch_1,30870,CPD_056284183052,fexagratinib,6513,train_pool
batch_1,30937,CPD_056284183052,fexagratinib,6514,train_pool
batch_1,31333,CPD_056284183052,fexagratinib,6515,train_pool
batch_1,31393,CPD_056284183052,fexagratinib,6516,train_pool
batch_1,31732,CPD_056284183052,fexagratinib,6517,train_pool
batch_1,31830,CPD_056284183052,fexagratinib,6518,train_pool
batch_1,31866,CPD_056284183052,fexagratinib,6519,train_pool
batch_1,32011,CPD_056284183052,fexagratinib,6520,train_pool
batch_1,32206,CPD_056284183052,fexagratinib,6521,train_pool
batch_1,32616,CPD_056284183052,fexagratinib,6522,train_pool
batch_1,33044,CPD_056284183052,fexagratinib,6523,train_pool
batch_1,33201,CPD_056284183052,fexagratinib,6524,train_pool
batch_1,33283,CPD_056284183052,fexagratinib,6525,test
batch_1,33360,CPD_056284183052,fexagratinib,6526,train_pool
batch_1,33403,CPD_056284183052,fexagratinib,6527,test
batch_1,33441,CPD_056284183052,fexagratinib,6528,train_pool
batch_1,33487,CPD_056284183052,fexagratinib,6529,train_pool
batch_1,33501,CPD_056284183052,fexagratinib,6530,test
batch_1,34134,CPD_056284183052,fexagratinib,6531,train_pool
batch_1,34239,CPD_056284183052,fexagratinib,6532,train_pool
batch_1,34349,CPD_056284183052,fexagratinib,6533,test
batch_1,34545,CPD_056284183052,fexagratinib,6534,train_pool
batch_1,34579,CPD_056284183052,fexagratinib,6535,train_pool
batch_1,35288,CPD_056284183052,fexagratinib,6536,test
batch_1,35446,CPD_056284183052,fexagratinib,6537,train_pool
batch_1,35504,CPD_056284183052,fexagratinib,6538,train_pool
batch_1,35573,CPD_056284183052,fexagratinib,6539,train_pool
batch_1,35589,CPD_056284183052,fexagratinib,6540,train_pool
batch_1,35645,CPD_056284183052,fexagratinib,6541,train_pool
batch_1,35724,CPD_056284183052,fexagratinib,6542,train_pool
batch_1,35817,CPD_056284183052,fexagratinib,6543,train_pool
batch_1,35995,CPD_056284183052,fexagratinib,6544,train_pool
batch_1,36030,CPD_056284183052,fexagratinib,6545,test
batch_1,36054,CPD_056284183052,fexagratinib,6546,train_pool
batch_1,36101,CPD_056284183052,fexagratinib,6547,train_pool
batch_1,36107,CPD_056284183052,fexagratinib,6548,train_pool
batch_1,36492,CPD_056284183052,fexagratinib,6549,train_pool
batch_1,36639,CPD_056284183052,fexagratinib,6550,test
batch_1,36642,CPD_056284183052,fexagratinib,6551,train_pool
batch_1,36830,CPD_056284183052,fexagratinib,6552,test
batch_1,36865,CPD_056284183052,fexagratinib,6553,train_pool
batch_1,36932,CPD_056284183052,fexagratinib,6554,train_pool
batch_1,37050,CPD_056284183052,fexagratinib,6555,train_pool
batch_1,37175,CPD_056284183052,fexagratinib,6556,test
batch_1,37335,CPD_056284183052,fexagratinib,6557,train_pool
batch_1,37693,CPD_056284183052,fexagratinib,6558,test
batch_1,37801,CPD_056284183052,fexagratinib,6559,train_pool
batch_1,38079,CPD_056284183052,fexagratinib,6560,train_pool
batch_1,38141,CPD_056284183052,fexagratinib,6561,train_pool
batch_1,38233,CPD_056284183052,fexagratinib,6562,train_pool
batch_1,38310,CPD_056284183052,fexagratinib,6563,test
batch_1,38441,CPD_056284183052,fexagratinib,6564,train_pool
batch_1,39230,CPD_056284183052,fexagratinib,6565,test
batch_1,39267,CPD_056284183052,fexagratinib,6566,train_pool
batch_1,39332,CPD_056284183052,fexagratinib,6567,train_pool
batch_1,39365,CPD_056284183052,fexagratinib,6568,train_pool
batch_1,39668,CPD_056284183052,fexagratinib,6569,train_pool
batch_1,40031,CPD_056284183052,fexagratinib,6570,train_pool
batch_1,40041,CPD_056284183052,fexagratinib,6571,train_pool
batch_1,40826,CPD_056284183052,fexagratinib,6572,train_pool
batch_1,40965,CPD_056284183052,fexagratinib,6573,test
batch_1,41127,CPD_056284183052,fexagratinib,6574,train_pool
batch_1,41341,CPD_056284183052,fexagratinib,6575,train_pool
batch_1,41966,CPD_056284183052,fexagratinib,6576,train_pool
batch_1,42042,CPD_056284183052,fexagratinib,6577,train_pool
batch_1,42115,CPD_056284183052,fexagratinib,6578,train_pool
batch_1,42277,CPD_056284183052,fexagratinib,6579,train_pool
batch_1,42404,CPD_056284183052,fexagratinib,6580,test
batch_1,42946,CPD_056284183052,fexagratinib,6581,train_pool
batch_1,42953,CPD_056284183052,fexagratinib,6582,train_pool
batch_1,43257,CPD_056284183052,fexagratinib,6583,test
batch_1,43297,CPD_056284183052,fexagratinib,6584,test
batch_1,43318,CPD_056284183052,fexagratinib,6585,train_pool
batch_1,43334,CPD_056284183052,fexagratinib,6586,train_pool
batch_1,43351,CPD_056284183052,fexagratinib,6587,train_pool
batch_1,43700,CPD_056284183052,fexagratinib,6588,test
batch_1,44239,CPD_056284183052,fexagratinib,6589,train_pool
batch_1,44406,CPD_056284183052,fexagratinib,6590,train_pool
batch_1,45275,CPD_056284183052,fexagratinib,6591,test
batch_1,45575,CPD_056284183052,fexagratinib,6592,test
batch_1,45759,CPD_056284183052,fexagratinib,6593,train_pool
batch_1,46469,CPD_056284183052,fexagratinib,6594,train_pool
batch_1,46596,CPD_056284183052,fexagratinib,6595,train_pool
batch_1,47221,CPD_056284183052,fexagratinib,6596,train_pool
batch_1,47324,CPD_056284183052,fexagratinib,6597,train_pool
batch_1,47644,CPD_056284183052,fexagratinib,6598,train_pool
batch_1,49355,CPD_056284183052,fexagratinib,6599,train_pool
batch_1,415,CPD_167907273288,lapatinib,6600,train_pool
batch_1,786,CPD_167907273288,lapatinib,6601,train_pool
batch_1,899,CPD_167907273288,lapatinib,6602,test
batch_1,918,CPD_167907273288,lapatinib,6603,train_pool
batch_1,1468,CPD_167907273288,lapatinib,6604,train_pool
batch_1,1514,CPD_167907273288,lapatinib,6605,train_pool
batch_1,2648,CPD_167907273288,lapatinib,6606,train_pool
batch_1,2660,CPD_167907273288,lapatinib,6607,test
batch_1,3288,CPD_167907273288,lapatinib,6608,train_pool
batch_1,3392,CPD_167907273288,lapatinib,6609,test
batch_1,3492,CPD_167907273288,lapatinib,6610,train_pool
batch_1,3792,CPD_167907273288,lapatinib,6611,train_pool
batch_1,4483,CPD_167907273288,lapatinib,6612,train_pool
batch_1,4692,CPD_167907273288,lapatinib,6613,train_pool
batch_1,4932,CPD_167907273288,lapatinib,6614,train_pool
batch_1,5227,CPD_167907273288,lapatinib,6615,train_pool
batch_1,5323,CPD_167907273288,lapatinib,6616,train_pool
batch_1,5414,CPD_167907273288,lapatinib,6617,train_pool
batch_1,5772,CPD_167907273288,lapatinib,6618,train_pool
batch_1,5967,CPD_167907273288,lapatinib,6619,test
batch_1,6149,CPD_167907273288,lapatinib,6620,train_pool
batch_1,6717,CPD_167907273288,lapatinib,6621,train_pool
batch_1,7222,CPD_167907273288,lapatinib,6622,test
batch_1,7710,CPD_167907273288,lapatinib,6623,test
batch_1,8185,CPD_167907273288,lapatinib,6624,test
batch_1,8260,CPD_167907273288,lapatinib,6625,train_pool
batch_1,8349,CPD_167907273288,lapatinib,6626,train_pool
batch_1,8603,CPD_167907273288,lapatinib,6627,train_pool
batch_1,8884,CPD_167907273288,lapatinib,6628,test
batch_1,8932,CPD_167907273288,lapatinib,6629,test
batch_1,9072,CPD_167907273288,lapatinib,6630,train_pool
batch_1,9163,CPD_167907273288,lapatinib,6631,train_pool
batch_1,9199,CPD_167907273288,lapatinib,6632,train_pool
batch_1,9593,CPD_167907273288,lapatinib,6633,train_pool
batch_1,10123,CPD_167907273288,lapatinib,6634,train_pool
batch_1,10153,CPD_167907273288,lapatinib,6635,test
batch_1,10246,CPD_167907273288,lapatinib,6636,train_pool
batch_1,10586,CPD_167907273288,lapatinib,6637,train_pool
batch_1,10867,CPD_167907273288,lapatinib,6638,train_pool
batch_1,11455,CPD_167907273288,lapatinib,6639,train_pool
batch_1,11470,CPD_167907273288,lapatinib,6640,train_pool
batch_1,11483,CPD_167907273288,lapatinib,6641,train_pool
batch_1,11564,CPD_167907273288,lapatinib,6642,train_pool
batch_1,11676,CPD_167907273288,lapatinib,6643,train_pool
batch_1,11953,CPD_167907273288,lapatinib,6644,train_pool
batch_1,11967,CPD_167907273288,lapatinib,6645,train_pool
batch_1,12216,CPD_167907273288,lapatinib,6646,train_pool
batch_1,12479,CPD_167907273288,lapatinib,6647,train_pool
batch_1,12712,CPD_167907273288,lapatinib,6648,test
batch_1,12805,CPD_167907273288,lapatinib,6649,train_pool
batch_1,12848,CPD_167907273288,lapatinib,6650,train_pool
batch_1,12883,CPD_167907273288,lapatinib,6651,train_pool
batch_1,13133,CPD_167907273288,lapatinib,6652,test
batch_1,13137,CPD_167907273288,lapatinib,6653,test
batch_1,13357,CPD_167907273288,lapatinib,6654,train_pool
batch_1,13380,CPD_167907273288,lapatinib,6655,train_pool
batch_1,13481,CPD_167907273288,lapatinib,6656,train_pool
batch_1,14178,CPD_167907273288,lapatinib,6657,train_pool
batch_1,14322,CPD_167907273288,lapatinib,6658,train_pool
batch_1,14346,CPD_167907273288,lapatinib,6659,test
batch_1,15038,CPD_167907273288,lapatinib,6660,test
batch_1,15294,CPD_167907273288,lapatinib,6661,train_pool
batch_1,15689,CPD_167907273288,lapatinib,6662,test
batch_1,16199,CPD_167907273288,lapatinib,6663,train_pool
batch_1,16229,CPD_167907273288,lapatinib,6664,train_pool
batch_1,16362,CPD_167907273288,lapatinib,6665,train_pool
batch_1,16582,CPD_167907273288,lapatinib,6666,train_pool
batch_1,16718,CPD_167907273288,lapatinib,6667,test
batch_1,16788,CPD_167907273288,lapatinib,6668,test
batch_1,17000,CPD_167907273288,lapatinib,6669,train_pool
batch_1,17091,CPD_167907273288,lapatinib,6670,train_pool
batch_1,17174,CPD_167907273288,lapatinib,6671,train_pool
batch_1,17209,CPD_167907273288,lapatinib,6672,train_pool
batch_1,17238,CPD_167907273288,lapatinib,6673,train_pool
batch_1,17331,CPD_167907273288,lapatinib,6674,test
batch_1,17760,CPD_167907273288,lapatinib,6675,test
batch_1,17895,CPD_167907273288,lapatinib,6676,test
batch_1,18145,CPD_167907273288,lapatinib,6677,train_pool
batch_1,18185,CPD_167907273288,lapatinib,6678,train_pool
batch_1,18337,CPD_167907273288,lapatinib,6679,test
batch_1,18415,CPD_167907273288,lapatinib,6680,train_pool
batch_1,18586,CPD_167907273288,lapatinib,6681,train_pool
batch_1,18619,CPD_167907273288,lapatinib,6682,train_pool
batch_1,18761,CPD_167907273288,lapatinib,6683,train_pool
batch_1,18886,CPD_167907273288,lapatinib,6684,train_pool
batch_1,18967,CPD_167907273288,lapatinib,6685,train_pool
batch_1,19517,CPD_167907273288,lapatinib,6686,train_pool
batch_1,19576,CPD_167907273288,lapatinib,6687,train_pool
batch_1,19602,CPD_167907273288,lapatinib,6688,test
batch_1,19768,CPD_167907273288,lapatinib,6689,train_pool
batch_1,19999,CPD_167907273288,lapatinib,6690,train_pool
batch_1,20270,CPD_167907273288,lapatinib,6691,train_pool
batch_1,20314,CPD_167907273288,lapatinib,6692,train_pool
batch_1,20679,CPD_167907273288,lapatinib,6693,train_pool
batch_1,20682,CPD_167907273288,lapatinib,6694,train_pool
batch_1,21077,CPD_167907273288,lapatinib,6695,train_pool
batch_1,21185,CPD_167907273288,lapatinib,6696,train_pool
batch_1,21204,CPD_167907273288,lapatinib,6697,train_pool
batch_1,21221,CPD_167907273288,lapatinib,6698,train_pool
batch_1,21226,CPD_167907273288,lapatinib,6699,train_pool
batch_1,21232,CPD_167907273288,lapatinib,6700,train_pool
batch_1,21315,CPD_167907273288,lapatinib,6701,test
batch_1,21468,CPD_167907273288,lapatinib,6702,test
batch_1,21477,CPD_167907273288,lapatinib,6703,train_pool
batch_1,21754,CPD_167907273288,lapatinib,6704,train_pool
batch_1,21941,CPD_167907273288,lapatinib,6705,train_pool
batch_1,22128,CPD_167907273288,lapatinib,6706,test
batch_1,22432,CPD_167907273288,lapatinib,6707,train_pool
batch_1,22611,CPD_167907273288,lapatinib,6708,train_pool
batch_1,22791,CPD_167907273288,lapatinib,6709,train_pool
batch_1,23049,CPD_167907273288,lapatinib,6710,test
batch_1,23101,CPD_167907273288,lapatinib,6711,test
batch_1,23175,CPD_167907273288,lapatinib,6712,train_pool
batch_1,23341,CPD_167907273288,lapatinib,6713,train_pool
batch_1,23401,CPD_167907273288,lapatinib,6714,train_pool
batch_1,23589,CPD_167907273288,lapatinib,6715,train_pool
batch_1,23659,CPD_167907273288,lapatinib,6716,train_pool
batch_1,23854,CPD_167907273288,lapatinib,6717,train_pool
batch_1,24096,CPD_167907273288,lapatinib,6718,train_pool
batch_1,24227,CPD_167907273288,lapatinib,6719,train_pool
batch_1,24366,CPD_167907273288,lapatinib,6720,train_pool
batch_1,24750,CPD_167907273288,lapatinib,6721,train_pool
batch_1,24780,CPD_167907273288,lapatinib,6722,train_pool
batch_1,25293,CPD_167907273288,lapatinib,6723,train_pool
batch_1,25581,CPD_167907273288,lapatinib,6724,test
batch_1,25603,CPD_167907273288,lapatinib,6725,train_pool
batch_1,25623,CPD_167907273288,lapatinib,6726,train_pool
batch_1,25722,CPD_167907273288,lapatinib,6727,test
batch_1,25838,CPD_167907273288,lapatinib,6728,train_pool
batch_1,26017,CPD_167907273288,lapatinib,6729,train_pool
batch_1,26141,CPD_167907273288,lapatinib,6730,train_pool
batch_1,26278,CPD_167907273288,lapatinib,6731,train_pool
batch_1,26386,CPD_167907273288,lapatinib,6732,train_pool
batch_1,26442,CPD_167907273288,lapatinib,6733,train_pool
batch_1,27107,CPD_167907273288,lapatinib,6734,train_pool
batch_1,27583,CPD_167907273288,lapatinib,6735,test
batch_1,27616,CPD_167907273288,lapatinib,6736,train_pool
batch_1,27705,CPD_167907273288,lapatinib,6737,train_pool
batch_1,27969,CPD_167907273288,lapatinib,6738,train_pool
batch_1,28997,CPD_167907273288,lapatinib,6739,train_pool
batch_1,29075,CPD_167907273288,lapatinib,6740,train_pool
batch_1,29094,CPD_167907273288,lapatinib,6741,train_pool
batch_1,29402,CPD_167907273288,lapatinib,6742,test
batch_1,29429,CPD_167907273288,lapatinib,6743,train_pool
batch_1,29498,CPD_167907273288,lapatinib,6744,test
batch_1,29850,CPD_167907273288,lapatinib,6745,train_pool
batch_1,30630,CPD_167907273288,lapatinib,6746,train_pool
batch_1,30640,CPD_167907273288,lapatinib,6747,train_pool
batch_1,30642,CPD_167907273288,lapatinib,6748,train_pool
batch_1,30679,CPD_167907273288,lapatinib,6749,test
batch_1,30726,CPD_167907273288,lapatinib,6750,train_pool
batch_1,31008,CPD_167907273288,lapatinib,6751,test
batch_1,31012,CPD_167907273288,lapatinib,6752,train_pool
batch_1,31113,CPD_167907273288,lapatinib,6753,train_pool
batch_1,31558,CPD_167907273288,lapatinib,6754,train_pool
batch_1,31619,CPD_167907273288,lapatinib,6755,train_pool
batch_1,31623,CPD_167907273288,lapatinib,6756,train_pool
batch_1,31997,CPD_167907273288,lapatinib,6757,train_pool
batch_1,32095,CPD_167907273288,lapatinib,6758,test
batch_1,32673,CPD_167907273288,lapatinib,6759,train_pool
batch_1,33064,CPD_167907273288,lapatinib,6760,train_pool
batch_1,33066,CPD_167907273288,lapatinib,6761,train_pool
batch_1,33074,CPD_167907273288,lapatinib,6762,train_pool
batch_1,33093,CPD_167907273288,lapatinib,6763,train_pool
batch_1,33236,CPD_167907273288,lapatinib,6764,train_pool
batch_1,33366,CPD_167907273288,lapatinib,6765,train_pool
batch_1,33472,CPD_167907273288,lapatinib,6766,train_pool
batch_1,33828,CPD_167907273288,lapatinib,6767,test
batch_1,33891,CPD_167907273288,lapatinib,6768,train_pool
batch_1,33931,CPD_167907273288,lapatinib,6769,train_pool
batch_1,34235,CPD_167907273288,lapatinib,6770,train_pool
batch_1,34273,CPD_167907273288,lapatinib,6771,test
batch_1,34306,CPD_167907273288,lapatinib,6772,train_pool
batch_1,35081,CPD_167907273288,lapatinib,6773,train_pool
batch_1,35136,CPD_167907273288,lapatinib,6774,test
batch_1,35157,CPD_167907273288,lapatinib,6775,train_pool
batch_1,35251,CPD_167907273288,lapatinib,6776,train_pool
batch_1,35422,CPD_167907273288,lapatinib,6777,train_pool
batch_1,35449,CPD_167907273288,lapatinib,6778,test
batch_1,35632,CPD_167907273288,lapatinib,6779,test
batch_1,35844,CPD_167907273288,lapatinib,6780,test
batch_1,35855,CPD_167907273288,lapatinib,6781,train_pool
batch_1,36124,CPD_167907273288,lapatinib,6782,test
batch_1,36178,CPD_167907273288,lapatinib,6783,train_pool
batch_1,36208,CPD_167907273288,lapatinib,6784,train_pool
batch_1,36293,CPD_167907273288,lapatinib,6785,train_pool
batch_1,36320,CPD_167907273288,lapatinib,6786,train_pool
batch_1,36452,CPD_167907273288,lapatinib,6787,train_pool
batch_1,36496,CPD_167907273288,lapatinib,6788,train_pool
batch_1,36523,CPD_167907273288,lapatinib,6789,train_pool
batch_1,36669,CPD_167907273288,lapatinib,6790,train_pool
batch_1,36676,CPD_167907273288,lapatinib,6791,train_pool
batch_1,36933,CPD_167907273288,lapatinib,6792,train_pool
batch_1,36979,CPD_167907273288,lapatinib,6793,test
batch_1,37241,CPD_167907273288,lapatinib,6794,train_pool
batch_1,37406,CPD_167907273288,lapatinib,6795,train_pool
batch_1,37446,CPD_167907273288,lapatinib,6796,train_pool
batch_1,37661,CPD_167907273288,lapatinib,6797,train_pool
batch_1,37993,CPD_167907273288,lapatinib,6798,train_pool
batch_1,38289,CPD_167907273288,lapatinib,6799,train_pool
batch_1,38622,CPD_167907273288,lapatinib,6800,train_pool
batch_1,38723,CPD_167907273288,lapatinib,6801,train_pool
batch_1,38953,CPD_167907273288,lapatinib,6802,train_pool
batch_1,39305,CPD_167907273288,lapatinib,6803,train_pool
batch_1,39451,CPD_167907273288,lapatinib,6804,train_pool
batch_1,39467,CPD_167907273288,lapatinib,6805,train_pool
batch_1,39898,CPD_167907273288,lapatinib,6806,train_pool
batch_1,39942,CPD_167907273288,lapatinib,6807,train_pool
batch_1,39949,CPD_167907273288,lapatinib,6808,train_pool
batch_1,40006,CPD_167907273288,lapatinib,6809,test
batch_1,40010,CPD_167907273288,lapatinib,6810,train_pool
batch_1,40063,CPD_167907273288,lapatinib,6811,train_pool
batch_1,40215,CPD_167907273288,lapatinib,6812,train_pool
batch_1,40499,CPD_167907273288,lapatinib,6813,train_pool
batch_1,40818,CPD_167907273288,lapatinib,6814,train_pool
batch_1,40890,CPD_167907273288,lapatinib,6815,train_pool
batch_1,41059,CPD_167907273288,lapatinib,6816,train_pool
batch_1,41167,CPD_167907273288,lapatinib,6817,train_pool
batch_1,41170,CPD_167907273288,lapatinib,6818,train_pool
batch_1,41413,CPD_167907273288,lapatinib,6819,train_pool
batch_1,41626,CPD_167907273288,lapatinib,6820,test
batch_1,41762,CPD_167907273288,lapatinib,6821,train_pool
batch_1,41788,CPD_167907273288,lapatinib,6822,train_pool
batch_1,41819,CPD_167907273288,lapatinib,6823,train_pool
batch_1,41849,CPD_167907273288,lapatinib,6824,train_pool
batch_1,41908,CPD_167907273288,lapatinib,6825,test
batch_1,42981,CPD_167907273288,lapatinib,6826,train_pool
batch_1,43005,CPD_167907273288,lapatinib,6827,train_pool
batch_1,43112,CPD_167907273288,lapatinib,6828,train_pool
batch_1,43361,CPD_167907273288,lapatinib,6829,train_pool
batch_1,43770,CPD_167907273288,lapatinib,6830,train_pool
batch_1,44055,CPD_167907273288,lapatinib,6831,train_pool
batch_1,44683,CPD_167907273288,lapatinib,6832,test
batch_1,44825,CPD_167907273288,lapatinib,6833,train_pool
batch_1,44931,CPD_167907273288,lapatinib,6834,train_pool
batch_1,44971,CPD_167907273288,lapatinib,6835,train_pool
batch_1,46826,CPD_167907273288,lapatinib,6836,train_pool
batch_1,47424,CPD_167907273288,lapatinib,6837,train_pool
batch_1,47514,CPD_167907273288,lapatinib,6838,train_pool
batch_1,48301,CPD_167907273288,lapatinib,6839,train_pool
batch_1,636,CPD_483004848109,momelotinib/CYT387,6840,train_pool
batch_1,1039,CPD_483004848109,momelotinib/CYT387,6841,train_pool
batch_1,1357,CPD_483004848109,momelotinib/CYT387,6842,train_pool
batch_1,2939,CPD_483004848109,momelotinib/CYT387,6843,test
batch_1,3136,CPD_483004848109,momelotinib/CYT387,6844,test
batch_1,3150,CPD_483004848109,momelotinib/CYT387,6845,train_pool
batch_1,3193,CPD_483004848109,momelotinib/CYT387,6846,test
batch_1,3341,CPD_483004848109,momelotinib/CYT387,6847,test
batch_1,3380,CPD_483004848109,momelotinib/CYT387,6848,train_pool
batch_1,3522,CPD_483004848109,momelotinib/CYT387,6849,test
batch_1,3812,CPD_483004848109,momelotinib/CYT387,6850,train_pool
batch_1,4031,CPD_483004848109,momelotinib/CYT387,6851,train_pool
batch_1,4258,CPD_483004848109,momelotinib/CYT387,6852,test
batch_1,4332,CPD_483004848109,momelotinib/CYT387,6853,test
batch_1,5113,CPD_483004848109,momelotinib/CYT387,6854,train_pool
batch_1,5187,CPD_483004848109,momelotinib/CYT387,6855,train_pool
batch_1,5915,CPD_483004848109,momelotinib/CYT387,6856,train_pool
batch_1,6167,CPD_483004848109,momelotinib/CYT387,6857,test
batch_1,6771,CPD_483004848109,momelotinib/CYT387,6858,train_pool
batch_1,6930,CPD_483004848109,momelotinib/CYT387,6859,train_pool
batch_1,7040,CPD_483004848109,momelotinib/CYT387,6860,train_pool
batch_1,7219,CPD_483004848109,momelotinib/CYT387,6861,train_pool
batch_1,7498,CPD_483004848109,momelotinib/CYT387,6862,train_pool
batch_1,8267,CPD_483004848109,momelotinib/CYT387,6863,train_pool
batch_1,8308,CPD_483004848109,momelotinib/CYT387,6864,train_pool
batch_1,8409,CPD_483004848109,momelotinib/CYT387,6865,train_pool
batch_1,8620,CPD_483004848109,momelotinib/CYT387,6866,train_pool
batch_1,8647,CPD_483004848109,momelotinib/CYT387,6867,train_pool
batch_1,8793,CPD_483004848109,momelotinib/CYT387,6868,train_pool
batch_1,9100,CPD_483004848109,momelotinib/CYT387,6869,train_pool
batch_1,9205,CPD_483004848109,momelotinib/CYT387,6870,train_pool
batch_1,9496,CPD_483004848109,momelotinib/CYT387,6871,train_pool
batch_1,9577,CPD_483004848109,momelotinib/CYT387,6872,train_pool
batch_1,10144,CPD_483004848109,momelotinib/CYT387,6873,train_pool
batch_1,10346,CPD_483004848109,momelotinib/CYT387,6874,train_pool
batch_1,10588,CPD_483004848109,momelotinib/CYT387,6875,train_pool
batch_1,10777,CPD_483004848109,momelotinib/CYT387,6876,train_pool
batch_1,10829,CPD_483004848109,momelotinib/CYT387,6877,train_pool
batch_1,10886,CPD_483004848109,momelotinib/CYT387,6878,train_pool
batch_1,10915,CPD_483004848109,momelotinib/CYT387,6879,train_pool
batch_1,10968,CPD_483004848109,momelotinib/CYT387,6880,test
batch_1,10989,CPD_483004848109,momelotinib/CYT387,6881,test
batch_1,11295,CPD_483004848109,momelotinib/CYT387,6882,test
batch_1,11465,CPD_483004848109,momelotinib/CYT387,6883,train_pool
batch_1,11544,CPD_483004848109,momelotinib/CYT387,6884,test
batch_1,11708,CPD_483004848109,momelotinib/CYT387,6885,train_pool
batch_1,11900,CPD_483004848109,momelotinib/CYT387,6886,train_pool
batch_1,12038,CPD_483004848109,momelotinib/CYT387,6887,train_pool
batch_1,12625,CPD_483004848109,momelotinib/CYT387,6888,test
batch_1,13091,CPD_483004848109,momelotinib/CYT387,6889,train_pool
batch_1,13190,CPD_483004848109,momelotinib/CYT387,6890,train_pool
batch_1,13219,CPD_483004848109,momelotinib/CYT387,6891,train_pool
batch_1,13275,CPD_483004848109,momelotinib/CYT387,6892,test
batch_1,13441,CPD_483004848109,momelotinib/CYT387,6893,train_pool
batch_1,13541,CPD_483004848109,momelotinib/CYT387,6894,train_pool
batch_1,13739,CPD_483004848109,momelotinib/CYT387,6895,train_pool
batch_1,13749,CPD_483004848109,momelotinib/CYT387,6896,train_pool
batch_1,14083,CPD_483004848109,momelotinib/CYT387,6897,train_pool
batch_1,14218,CPD_483004848109,momelotinib/CYT387,6898,train_pool
batch_1,14265,CPD_483004848109,momelotinib/CYT387,6899,train_pool
batch_1,14334,CPD_483004848109,momelotinib/CYT387,6900,train_pool
batch_1,14338,CPD_483004848109,momelotinib/CYT387,6901,test
batch_1,14398,CPD_483004848109,momelotinib/CYT387,6902,train_pool
batch_1,14528,CPD_483004848109,momelotinib/CYT387,6903,test
batch_1,14805,CPD_483004848109,momelotinib/CYT387,6904,test
batch_1,15285,CPD_483004848109,momelotinib/CYT387,6905,train_pool
batch_1,15360,CPD_483004848109,momelotinib/CYT387,6906,train_pool
batch_1,15653,CPD_483004848109,momelotinib/CYT387,6907,train_pool
batch_1,15751,CPD_483004848109,momelotinib/CYT387,6908,test
batch_1,15784,CPD_483004848109,momelotinib/CYT387,6909,train_pool
batch_1,15916,CPD_483004848109,momelotinib/CYT387,6910,train_pool
batch_1,15994,CPD_483004848109,momelotinib/CYT387,6911,train_pool
batch_1,16061,CPD_483004848109,momelotinib/CYT387,6912,test
batch_1,16075,CPD_483004848109,momelotinib/CYT387,6913,train_pool
batch_1,16194,CPD_483004848109,momelotinib/CYT387,6914,test
batch_1,16351,CPD_483004848109,momelotinib/CYT387,6915,train_pool
batch_1,16377,CPD_483004848109,momelotinib/CYT387,6916,train_pool
batch_1,16446,CPD_483004848109,momelotinib/CYT387,6917,train_pool
batch_1,16493,CPD_483004848109,momelotinib/CYT387,6918,test
batch_1,16698,CPD_483004848109,momelotinib/CYT387,6919,train_pool
batch_1,16793,CPD_483004848109,momelotinib/CYT387,6920,train_pool
batch_1,16837,CPD_483004848109,momelotinib/CYT387,6921,train_pool
batch_1,16923,CPD_483004848109,momelotinib/CYT387,6922,test
batch_1,16925,CPD_483004848109,momelotinib/CYT387,6923,train_pool
batch_1,17140,CPD_483004848109,momelotinib/CYT387,6924,train_pool
batch_1,17264,CPD_483004848109,momelotinib/CYT387,6925,train_pool
batch_1,17301,CPD_483004848109,momelotinib/CYT387,6926,train_pool
batch_1,17366,CPD_483004848109,momelotinib/CYT387,6927,train_pool
batch_1,17640,CPD_483004848109,momelotinib/CYT387,6928,train_pool
batch_1,17719,CPD_483004848109,momelotinib/CYT387,6929,train_pool
batch_1,17840,CPD_483004848109,momelotinib/CYT387,6930,train_pool
batch_1,17913,CPD_483004848109,momelotinib/CYT387,6931,train_pool
batch_1,18029,CPD_483004848109,momelotinib/CYT387,6932,train_pool
batch_1,18115,CPD_483004848109,momelotinib/CYT387,6933,train_pool
batch_1,18198,CPD_483004848109,momelotinib/CYT387,6934,train_pool
batch_1,18379,CPD_483004848109,momelotinib/CYT387,6935,test
batch_1,18395,CPD_483004848109,momelotinib/CYT387,6936,train_pool
batch_1,18423,CPD_483004848109,momelotinib/CYT387,6937,train_pool
batch_1,18426,CPD_483004848109,momelotinib/CYT387,6938,train_pool
batch_1,18443,CPD_483004848109,momelotinib/CYT387,6939,test
batch_1,18612,CPD_483004848109,momelotinib/CYT387,6940,train_pool
batch_1,18660,CPD_483004848109,momelotinib/CYT387,6941,train_pool
batch_1,18868,CPD_483004848109,momelotinib/CYT387,6942,train_pool
batch_1,18889,CPD_483004848109,momelotinib/CYT387,6943,test
batch_1,18938,CPD_483004848109,momelotinib/CYT387,6944,test
batch_1,19120,CPD_483004848109,momelotinib/CYT387,6945,test
batch_1,19206,CPD_483004848109,momelotinib/CYT387,6946,train_pool
batch_1,19221,CPD_483004848109,momelotinib/CYT387,6947,train_pool
batch_1,19618,CPD_483004848109,momelotinib/CYT387,6948,test
batch_1,20182,CPD_483004848109,momelotinib/CYT387,6949,test
batch_1,20235,CPD_483004848109,momelotinib/CYT387,6950,train_pool
batch_1,20563,CPD_483004848109,momelotinib/CYT387,6951,train_pool
batch_1,20800,CPD_483004848109,momelotinib/CYT387,6952,train_pool
batch_1,21063,CPD_483004848109,momelotinib/CYT387,6953,train_pool
batch_1,21076,CPD_483004848109,momelotinib/CYT387,6954,train_pool
batch_1,21458,CPD_483004848109,momelotinib/CYT387,6955,train_pool
batch_1,21534,CPD_483004848109,momelotinib/CYT387,6956,test
batch_1,21603,CPD_483004848109,momelotinib/CYT387,6957,train_pool
batch_1,21628,CPD_483004848109,momelotinib/CYT387,6958,test
batch_1,22003,CPD_483004848109,momelotinib/CYT387,6959,train_pool
batch_1,22017,CPD_483004848109,momelotinib/CYT387,6960,train_pool
batch_1,22214,CPD_483004848109,momelotinib/CYT387,6961,train_pool
batch_1,22294,CPD_483004848109,momelotinib/CYT387,6962,train_pool
batch_1,22654,CPD_483004848109,momelotinib/CYT387,6963,train_pool
batch_1,22668,CPD_483004848109,momelotinib/CYT387,6964,train_pool
batch_1,22917,CPD_483004848109,momelotinib/CYT387,6965,train_pool
batch_1,23210,CPD_483004848109,momelotinib/CYT387,6966,train_pool
batch_1,23245,CPD_483004848109,momelotinib/CYT387,6967,test
batch_1,23256,CPD_483004848109,momelotinib/CYT387,6968,train_pool
batch_1,23730,CPD_483004848109,momelotinib/CYT387,6969,train_pool
batch_1,23863,CPD_483004848109,momelotinib/CYT387,6970,train_pool
batch_1,23901,CPD_483004848109,momelotinib/CYT387,6971,train_pool
batch_1,23907,CPD_483004848109,momelotinib/CYT387,6972,train_pool
batch_1,23997,CPD_483004848109,momelotinib/CYT387,6973,test
batch_1,24146,CPD_483004848109,momelotinib/CYT387,6974,train_pool
batch_1,25186,CPD_483004848109,momelotinib/CYT387,6975,train_pool
batch_1,25335,CPD_483004848109,momelotinib/CYT387,6976,train_pool
batch_1,25788,CPD_483004848109,momelotinib/CYT387,6977,train_pool
batch_1,25917,CPD_483004848109,momelotinib/CYT387,6978,train_pool
batch_1,25998,CPD_483004848109,momelotinib/CYT387,6979,train_pool
batch_1,26089,CPD_483004848109,momelotinib/CYT387,6980,test
batch_1,26241,CPD_483004848109,momelotinib/CYT387,6981,train_pool
batch_1,26321,CPD_483004848109,momelotinib/CYT387,6982,test
batch_1,26486,CPD_483004848109,momelotinib/CYT387,6983,train_pool
batch_1,26920,CPD_483004848109,momelotinib/CYT387,6984,train_pool
batch_1,27149,CPD_483004848109,momelotinib/CYT387,6985,test
batch_1,27156,CPD_483004848109,momelotinib/CYT387,6986,train_pool
batch_1,27221,CPD_483004848109,momelotinib/CYT387,6987,train_pool
batch_1,27295,CPD_483004848109,momelotinib/CYT387,6988,train_pool
batch_1,27369,CPD_483004848109,momelotinib/CYT387,6989,train_pool
batch_1,27452,CPD_483004848109,momelotinib/CYT387,6990,train_pool
batch_1,27816,CPD_483004848109,momelotinib/CYT387,6991,train_pool
batch_1,28397,CPD_483004848109,momelotinib/CYT387,6992,train_pool
batch_1,28447,CPD_483004848109,momelotinib/CYT387,6993,train_pool
batch_1,28471,CPD_483004848109,momelotinib/CYT387,6994,train_pool
batch_1,28522,CPD_483004848109,momelotinib/CYT387,6995,train_pool
batch_1,28551,CPD_483004848109,momelotinib/CYT387,6996,train_pool
batch_1,28587,CPD_483004848109,momelotinib/CYT387,6997,train_pool
batch_1,28675,CPD_483004848109,momelotinib/CYT387,6998,train_pool
batch_1,28767,CPD_483004848109,momelotinib/CYT387,6999,train_pool
batch_1,28984,CPD_483004848109,momelotinib/CYT387,7000,train_pool
batch_1,29104,CPD_483004848109,momelotinib/CYT387,7001,train_pool
batch_1,29187,CPD_483004848109,momelotinib/CYT387,7002,train_pool
batch_1,29227,CPD_483004848109,momelotinib/CYT387,7003,train_pool
batch_1,29566,CPD_483004848109,momelotinib/CYT387,7004,train_pool
batch_1,29608,CPD_483004848109,momelotinib/CYT387,7005,test
batch_1,29753,CPD_483004848109,momelotinib/CYT387,7006,train_pool
batch_1,29782,CPD_483004848109,momelotinib/CYT387,7007,train_pool
batch_1,29836,CPD_483004848109,momelotinib/CYT387,7008,test
batch_1,29869,CPD_483004848109,momelotinib/CYT387,7009,train_pool
batch_1,29904,CPD_483004848109,momelotinib/CYT387,7010,train_pool
batch_1,30074,CPD_483004848109,momelotinib/CYT387,7011,train_pool
batch_1,30345,CPD_483004848109,momelotinib/CYT387,7012,train_pool
batch_1,30518,CPD_483004848109,momelotinib/CYT387,7013,train_pool
batch_1,30613,CPD_483004848109,momelotinib/CYT387,7014,train_pool
batch_1,30911,CPD_483004848109,momelotinib/CYT387,7015,train_pool
batch_1,30980,CPD_483004848109,momelotinib/CYT387,7016,test
batch_1,31124,CPD_483004848109,momelotinib/CYT387,7017,train_pool
batch_1,31148,CPD_483004848109,momelotinib/CYT387,7018,train_pool
batch_1,31272,CPD_483004848109,momelotinib/CYT387,7019,train_pool
batch_1,31300,CPD_483004848109,momelotinib/CYT387,7020,test
batch_1,31303,CPD_483004848109,momelotinib/CYT387,7021,train_pool
batch_1,31668,CPD_483004848109,momelotinib/CYT387,7022,train_pool
batch_1,31773,CPD_483004848109,momelotinib/CYT387,7023,train_pool
batch_1,31903,CPD_483004848109,momelotinib/CYT387,7024,train_pool
batch_1,32442,CPD_483004848109,momelotinib/CYT387,7025,train_pool
batch_1,33067,CPD_483004848109,momelotinib/CYT387,7026,train_pool
batch_1,33125,CPD_483004848109,momelotinib/CYT387,7027,train_pool
batch_1,33229,CPD_483004848109,momelotinib/CYT387,7028,train_pool
batch_1,33257,CPD_483004848109,momelotinib/CYT387,7029,test
batch_1,33277,CPD_483004848109,momelotinib/CYT387,7030,test
batch_1,33357,CPD_483004848109,momelotinib/CYT387,7031,test
batch_1,33440,CPD_483004848109,momelotinib/CYT387,7032,train_pool
batch_1,33664,CPD_483004848109,momelotinib/CYT387,7033,train_pool
batch_1,33766,CPD_483004848109,momelotinib/CYT387,7034,test
batch_1,34139,CPD_483004848109,momelotinib/CYT387,7035,train_pool
batch_1,34260,CPD_483004848109,momelotinib/CYT387,7036,train_pool
batch_1,34520,CPD_483004848109,momelotinib/CYT387,7037,train_pool
batch_1,34542,CPD_483004848109,momelotinib/CYT387,7038,train_pool
batch_1,34787,CPD_483004848109,momelotinib/CYT387,7039,train_pool
batch_1,35138,CPD_483004848109,momelotinib/CYT387,7040,train_pool
batch_1,35455,CPD_483004848109,momelotinib/CYT387,7041,train_pool
batch_1,35619,CPD_483004848109,momelotinib/CYT387,7042,train_pool
batch_1,35873,CPD_483004848109,momelotinib/CYT387,7043,train_pool
batch_1,36069,CPD_483004848109,momelotinib/CYT387,7044,train_pool
batch_1,36125,CPD_483004848109,momelotinib/CYT387,7045,train_pool
batch_1,36346,CPD_483004848109,momelotinib/CYT387,7046,train_pool
batch_1,36399,CPD_483004848109,momelotinib/CYT387,7047,train_pool
batch_1,36495,CPD_483004848109,momelotinib/CYT387,7048,train_pool
batch_1,36520,CPD_483004848109,momelotinib/CYT387,7049,train_pool
batch_1,36647,CPD_483004848109,momelotinib/CYT387,7050,train_pool
batch_1,36688,CPD_483004848109,momelotinib/CYT387,7051,train_pool
batch_1,36811,CPD_483004848109,momelotinib/CYT387,7052,train_pool
batch_1,36920,CPD_483004848109,momelotinib/CYT387,7053,train_pool
batch_1,36961,CPD_483004848109,momelotinib/CYT387,7054,train_pool
batch_1,36978,CPD_483004848109,momelotinib/CYT387,7055,train_pool
batch_1,37077,CPD_483004848109,momelotinib/CYT387,7056,train_pool
batch_1,37204,CPD_483004848109,momelotinib/CYT387,7057,train_pool
batch_1,37259,CPD_483004848109,momelotinib/CYT387,7058,train_pool
batch_1,37276,CPD_483004848109,momelotinib/CYT387,7059,train_pool
batch_1,37521,CPD_483004848109,momelotinib/CYT387,7060,train_pool
batch_1,37854,CPD_483004848109,momelotinib/CYT387,7061,train_pool
batch_1,37868,CPD_483004848109,momelotinib/CYT387,7062,train_pool
batch_1,38077,CPD_483004848109,momelotinib/CYT387,7063,train_pool
batch_1,38221,CPD_483004848109,momelotinib/CYT387,7064,train_pool
batch_1,38273,CPD_483004848109,momelotinib/CYT387,7065,test
batch_1,38839,CPD_483004848109,momelotinib/CYT387,7066,test
batch_1,39068,CPD_483004848109,momelotinib/CYT387,7067,train_pool
batch_1,39084,CPD_483004848109,momelotinib/CYT387,7068,train_pool
batch_1,39187,CPD_483004848109,momelotinib/CYT387,7069,train_pool
batch_1,39205,CPD_483004848109,momelotinib/CYT387,7070,train_pool
batch_1,39313,CPD_483004848109,momelotinib/CYT387,7071,train_pool
batch_1,39363,CPD_483004848109,momelotinib/CYT387,7072,train_pool
batch_1,39436,CPD_483004848109,momelotinib/CYT387,7073,train_pool
batch_1,39446,CPD_483004848109,momelotinib/CYT387,7074,train_pool
batch_1,39479,CPD_483004848109,momelotinib/CYT387,7075,train_pool
batch_1,39565,CPD_483004848109,momelotinib/CYT387,7076,train_pool
batch_1,39663,CPD_483004848109,momelotinib/CYT387,7077,test
batch_1,39932,CPD_483004848109,momelotinib/CYT387,7078,test
batch_1,40334,CPD_483004848109,momelotinib/CYT387,7079,train_pool
batch_1,41112,CPD_483004848109,momelotinib/CYT387,7080,train_pool
batch_1,41265,CPD_483004848109,momelotinib/CYT387,7081,train_pool
batch_1,41810,CPD_483004848109,momelotinib/CYT387,7082,train_pool
batch_1,41850,CPD_483004848109,momelotinib/CYT387,7083,train_pool
batch_1,42291,CPD_483004848109,momelotinib/CYT387,7084,train_pool
batch_1,42927,CPD_483004848109,momelotinib/CYT387,7085,train_pool
batch_1,42936,CPD_483004848109,momelotinib/CYT387,7086,train_pool
batch_1,42996,CPD_483004848109,momelotinib/CYT387,7087,train_pool
batch_1,43103,CPD_483004848109,momelotinib/CYT387,7088,train_pool
batch_1,43185,CPD_483004848109,momelotinib/CYT387,7089,train_pool
batch_1,43226,CPD_483004848109,momelotinib/CYT387,7090,test
batch_1,43269,CPD_483004848109,momelotinib/CYT387,7091,test
batch_1,43463,CPD_483004848109,momelotinib/CYT387,7092,train_pool
batch_1,43802,CPD_483004848109,momelotinib/CYT387,7093,train_pool
batch_1,43888,CPD_483004848109,momelotinib/CYT387,7094,train_pool
batch_1,44687,CPD_483004848109,momelotinib/CYT387,7095,train_pool
batch_1,44745,CPD_483004848109,momelotinib/CYT387,7096,test
batch_1,45182,CPD_483004848109,momelotinib/CYT387,7097,train_pool
batch_1,45657,CPD_483004848109,momelotinib/CYT387,7098,test
batch_1,45659,CPD_483004848109,momelotinib/CYT387,7099,train_pool
batch_1,45903,CPD_483004848109,momelotinib/CYT387,7100,train_pool
batch_1,46834,CPD_483004848109,momelotinib/CYT387,7101,test
batch_1,47334,CPD_483004848109,momelotinib/CYT387,7102,train_pool
batch_1,47345,CPD_483004848109,momelotinib/CYT387,7103,train_pool
batch_1,48906,CPD_483004848109,momelotinib/CYT387,7104,train_pool
batch_1,49324,CPD_483004848109,momelotinib/CYT387,7105,train_pool
batch_1,1458,CPD_179756457827,palbociclib,7106,train_pool
batch_1,1548,CPD_179756457827,palbociclib,7107,train_pool
batch_1,1780,CPD_179756457827,palbociclib,7108,train_pool
batch_1,2282,CPD_179756457827,palbociclib,7109,train_pool
batch_1,3043,CPD_179756457827,palbociclib,7110,test
batch_1,3125,CPD_179756457827,palbociclib,7111,train_pool
batch_1,3374,CPD_179756457827,palbociclib,7112,test
batch_1,3611,CPD_179756457827,palbociclib,7113,train_pool
batch_1,4380,CPD_179756457827,palbociclib,7114,train_pool
batch_1,4603,CPD_179756457827,palbociclib,7115,train_pool
batch_1,4781,CPD_179756457827,palbociclib,7116,train_pool
batch_1,5057,CPD_179756457827,palbociclib,7117,train_pool
batch_1,5852,CPD_179756457827,palbociclib,7118,train_pool
batch_1,5942,CPD_179756457827,palbociclib,7119,train_pool
batch_1,5943,CPD_179756457827,palbociclib,7120,train_pool
batch_1,6216,CPD_179756457827,palbociclib,7121,train_pool
batch_1,6264,CPD_179756457827,palbociclib,7122,test
batch_1,6573,CPD_179756457827,palbociclib,7123,train_pool
batch_1,6590,CPD_179756457827,palbociclib,7124,test
batch_1,7116,CPD_179756457827,palbociclib,7125,train_pool
batch_1,7154,CPD_179756457827,palbociclib,7126,train_pool
batch_1,7224,CPD_179756457827,palbociclib,7127,train_pool
batch_1,7766,CPD_179756457827,palbociclib,7128,train_pool
batch_1,8000,CPD_179756457827,palbociclib,7129,train_pool
batch_1,8014,CPD_179756457827,palbociclib,7130,train_pool
batch_1,8098,CPD_179756457827,palbociclib,7131,train_pool
batch_1,8246,CPD_179756457827,palbociclib,7132,test
batch_1,8258,CPD_179756457827,palbociclib,7133,train_pool
batch_1,8280,CPD_179756457827,palbociclib,7134,test
batch_1,8353,CPD_179756457827,palbociclib,7135,train_pool
batch_1,8916,CPD_179756457827,palbociclib,7136,train_pool
batch_1,9181,CPD_179756457827,palbociclib,7137,train_pool
batch_1,9229,CPD_179756457827,palbociclib,7138,train_pool
batch_1,9282,CPD_179756457827,palbociclib,7139,train_pool
batch_1,9941,CPD_179756457827,palbociclib,7140,train_pool
batch_1,10010,CPD_179756457827,palbociclib,7141,train_pool
batch_1,10163,CPD_179756457827,palbociclib,7142,train_pool
batch_1,10249,CPD_179756457827,palbociclib,7143,train_pool
batch_1,10362,CPD_179756457827,palbociclib,7144,train_pool
batch_1,10911,CPD_179756457827,palbociclib,7145,train_pool
batch_1,11520,CPD_179756457827,palbociclib,7146,train_pool
batch_1,11814,CPD_179756457827,palbociclib,7147,train_pool
batch_1,12078,CPD_179756457827,palbociclib,7148,train_pool
batch_1,12086,CPD_179756457827,palbociclib,7149,train_pool
batch_1,12202,CPD_179756457827,palbociclib,7150,train_pool
batch_1,12742,CPD_179756457827,palbociclib,7151,train_pool
batch_1,12813,CPD_179756457827,palbociclib,7152,train_pool
batch_1,12852,CPD_179756457827,palbociclib,7153,train_pool
batch_1,13061,CPD_179756457827,palbociclib,7154,train_pool
batch_1,13063,CPD_179756457827,palbociclib,7155,train_pool
batch_1,13165,CPD_179756457827,palbociclib,7156,train_pool
batch_1,13221,CPD_179756457827,palbociclib,7157,train_pool
batch_1,13335,CPD_179756457827,palbociclib,7158,train_pool
batch_1,13347,CPD_179756457827,palbociclib,7159,train_pool
batch_1,13369,CPD_179756457827,palbociclib,7160,train_pool
batch_1,13527,CPD_179756457827,palbociclib,7161,train_pool
batch_1,13961,CPD_179756457827,palbociclib,7162,train_pool
batch_1,14179,CPD_179756457827,palbociclib,7163,train_pool
batch_1,14492,CPD_179756457827,palbociclib,7164,test
batch_1,14559,CPD_179756457827,palbociclib,7165,test
batch_1,14590,CPD_179756457827,palbociclib,7166,train_pool
batch_1,15228,CPD_179756457827,palbociclib,7167,train_pool
batch_1,15474,CPD_179756457827,palbociclib,7168,train_pool
batch_1,15610,CPD_179756457827,palbociclib,7169,train_pool
batch_1,15627,CPD_179756457827,palbociclib,7170,train_pool
batch_1,15646,CPD_179756457827,palbociclib,7171,train_pool
batch_1,15808,CPD_179756457827,palbociclib,7172,train_pool
batch_1,15826,CPD_179756457827,palbociclib,7173,train_pool
batch_1,16037,CPD_179756457827,palbociclib,7174,train_pool
batch_1,16219,CPD_179756457827,palbociclib,7175,test
batch_1,16242,CPD_179756457827,palbociclib,7176,train_pool
batch_1,16316,CPD_179756457827,palbociclib,7177,test
batch_1,16368,CPD_179756457827,palbociclib,7178,train_pool
batch_1,16407,CPD_179756457827,palbociclib,7179,test
batch_1,16428,CPD_179756457827,palbociclib,7180,train_pool
batch_1,16508,CPD_179756457827,palbociclib,7181,test
batch_1,16666,CPD_179756457827,palbociclib,7182,train_pool
batch_1,16782,CPD_179756457827,palbociclib,7183,train_pool
batch_1,16797,CPD_179756457827,palbociclib,7184,test
batch_1,16956,CPD_179756457827,palbociclib,7185,train_pool
batch_1,17012,CPD_179756457827,palbociclib,7186,train_pool
batch_1,17155,CPD_179756457827,palbociclib,7187,train_pool
batch_1,17604,CPD_179756457827,palbociclib,7188,train_pool
batch_1,17744,CPD_179756457827,palbociclib,7189,test
batch_1,17833,CPD_179756457827,palbociclib,7190,train_pool
batch_1,17915,CPD_179756457827,palbociclib,7191,train_pool
batch_1,18020,CPD_179756457827,palbociclib,7192,train_pool
batch_1,18163,CPD_179756457827,palbociclib,7193,train_pool
batch_1,18313,CPD_179756457827,palbociclib,7194,train_pool
batch_1,18331,CPD_179756457827,palbociclib,7195,train_pool
batch_1,18842,CPD_179756457827,palbociclib,7196,train_pool
batch_1,19033,CPD_179756457827,palbociclib,7197,train_pool
batch_1,19083,CPD_179756457827,palbociclib,7198,train_pool
batch_1,19129,CPD_179756457827,palbociclib,7199,train_pool
batch_1,19137,CPD_179756457827,palbociclib,7200,train_pool
batch_1,19159,CPD_179756457827,palbociclib,7201,test
batch_1,19192,CPD_179756457827,palbociclib,7202,train_pool
batch_1,19414,CPD_179756457827,palbociclib,7203,train_pool
batch_1,19449,CPD_179756457827,palbociclib,7204,test
batch_1,19622,CPD_179756457827,palbociclib,7205,train_pool
batch_1,19779,CPD_179756457827,palbociclib,7206,train_pool
batch_1,19844,CPD_179756457827,palbociclib,7207,train_pool
batch_1,19912,CPD_179756457827,palbociclib,7208,train_pool
batch_1,20046,CPD_179756457827,palbociclib,7209,train_pool
batch_1,20416,CPD_179756457827,palbociclib,7210,train_pool
batch_1,20643,CPD_179756457827,palbociclib,7211,test
batch_1,20653,CPD_179756457827,palbociclib,7212,train_pool
batch_1,20810,CPD_179756457827,palbociclib,7213,train_pool
batch_1,20953,CPD_179756457827,palbociclib,7214,train_pool
batch_1,20960,CPD_179756457827,palbociclib,7215,test
batch_1,21021,CPD_179756457827,palbociclib,7216,test
batch_1,21084,CPD_179756457827,palbociclib,7217,train_pool
batch_1,21208,CPD_179756457827,palbociclib,7218,test
batch_1,21341,CPD_179756457827,palbociclib,7219,test
batch_1,21354,CPD_179756457827,palbociclib,7220,train_pool
batch_1,21500,CPD_179756457827,palbociclib,7221,train_pool
batch_1,21558,CPD_179756457827,palbociclib,7222,train_pool
batch_1,21713,CPD_179756457827,palbociclib,7223,train_pool
batch_1,21932,CPD_179756457827,palbociclib,7224,test
batch_1,21953,CPD_179756457827,palbociclib,7225,train_pool
batch_1,22007,CPD_179756457827,palbociclib,7226,train_pool
batch_1,22045,CPD_179756457827,palbociclib,7227,train_pool
batch_1,22105,CPD_179756457827,palbociclib,7228,train_pool
batch_1,22115,CPD_179756457827,palbociclib,7229,test
batch_1,22222,CPD_179756457827,palbociclib,7230,train_pool
batch_1,22230,CPD_179756457827,palbociclib,7231,test
batch_1,22307,CPD_179756457827,palbociclib,7232,train_pool
batch_1,22346,CPD_179756457827,palbociclib,7233,train_pool
batch_1,22350,CPD_179756457827,palbociclib,7234,test
batch_1,22659,CPD_179756457827,palbociclib,7235,train_pool
batch_1,23083,CPD_179756457827,palbociclib,7236,train_pool
batch_1,23378,CPD_179756457827,palbociclib,7237,train_pool
batch_1,23496,CPD_179756457827,palbociclib,7238,train_pool
batch_1,23578,CPD_179756457827,palbociclib,7239,train_pool
batch_1,23671,CPD_179756457827,palbociclib,7240,train_pool
batch_1,23724,CPD_179756457827,palbociclib,7241,test
batch_1,24027,CPD_179756457827,palbociclib,7242,train_pool
batch_1,24176,CPD_179756457827,palbociclib,7243,train_pool
batch_1,24234,CPD_179756457827,palbociclib,7244,test
batch_1,24339,CPD_179756457827,palbociclib,7245,train_pool
batch_1,24347,CPD_179756457827,palbociclib,7246,train_pool
batch_1,24425,CPD_179756457827,palbociclib,7247,train_pool
batch_1,24448,CPD_179756457827,palbociclib,7248,train_pool
batch_1,24476,CPD_179756457827,palbociclib,7249,train_pool
batch_1,24652,CPD_179756457827,palbociclib,7250,train_pool
batch_1,24789,CPD_179756457827,palbociclib,7251,train_pool
batch_1,25288,CPD_179756457827,palbociclib,7252,test
batch_1,25782,CPD_179756457827,palbociclib,7253,train_pool
batch_1,26339,CPD_179756457827,palbociclib,7254,train_pool
batch_1,26981,CPD_179756457827,palbociclib,7255,test
batch_1,27202,CPD_179756457827,palbociclib,7256,test
batch_1,27217,CPD_179756457827,palbociclib,7257,train_pool
batch_1,27239,CPD_179756457827,palbociclib,7258,train_pool
batch_1,27354,CPD_179756457827,palbociclib,7259,train_pool
batch_1,27367,CPD_179756457827,palbociclib,7260,train_pool
batch_1,28361,CPD_179756457827,palbociclib,7261,test
batch_1,28439,CPD_179756457827,palbociclib,7262,train_pool
batch_1,28734,CPD_179756457827,palbociclib,7263,train_pool
batch_1,28760,CPD_179756457827,palbociclib,7264,train_pool
batch_1,28805,CPD_179756457827,palbociclib,7265,test
batch_1,28964,CPD_179756457827,palbociclib,7266,train_pool
batch_1,29101,CPD_179756457827,palbociclib,7267,train_pool
batch_1,29209,CPD_179756457827,palbociclib,7268,train_pool
batch_1,29278,CPD_179756457827,palbociclib,7269,train_pool
batch_1,29327,CPD_179756457827,palbociclib,7270,train_pool
batch_1,29596,CPD_179756457827,palbociclib,7271,train_pool
batch_1,29898,CPD_179756457827,palbociclib,7272,train_pool
batch_1,29977,CPD_179756457827,palbociclib,7273,train_pool
batch_1,30159,CPD_179756457827,palbociclib,7274,train_pool
batch_1,30349,CPD_179756457827,palbociclib,7275,train_pool
batch_1,30418,CPD_179756457827,palbociclib,7276,train_pool
batch_1,30562,CPD_179756457827,palbociclib,7277,train_pool
batch_1,30631,CPD_179756457827,palbociclib,7278,train_pool
batch_1,30674,CPD_179756457827,palbociclib,7279,train_pool
batch_1,30768,CPD_179756457827,palbociclib,7280,train_pool
batch_1,30845,CPD_179756457827,palbociclib,7281,train_pool
batch_1,30961,CPD_179756457827,palbociclib,7282,train_pool
batch_1,31138,CPD_179756457827,palbociclib,7283,train_pool
batch_1,31328,CPD_179756457827,palbociclib,7284,train_pool
batch_1,31565,CPD_179756457827,palbociclib,7285,train_pool
batch_1,31822,CPD_179756457827,palbociclib,7286,test
batch_1,32452,CPD_179756457827,palbociclib,7287,train_pool
batch_1,32737,CPD_179756457827,palbociclib,7288,train_pool
batch_1,32759,CPD_179756457827,palbociclib,7289,train_pool
batch_1,32812,CPD_179756457827,palbociclib,7290,train_pool
batch_1,32917,CPD_179756457827,palbociclib,7291,test
batch_1,33305,CPD_179756457827,palbociclib,7292,train_pool
batch_1,33888,CPD_179756457827,palbociclib,7293,train_pool
batch_1,33927,CPD_179756457827,palbociclib,7294,train_pool
batch_1,34074,CPD_179756457827,palbociclib,7295,train_pool
batch_1,34116,CPD_179756457827,palbociclib,7296,train_pool
batch_1,34261,CPD_179756457827,palbociclib,7297,train_pool
batch_1,34415,CPD_179756457827,palbociclib,7298,test
batch_1,34595,CPD_179756457827,palbociclib,7299,train_pool
batch_1,34995,CPD_179756457827,palbociclib,7300,test
batch_1,35128,CPD_179756457827,palbociclib,7301,train_pool
batch_1,35208,CPD_179756457827,palbociclib,7302,train_pool
batch_1,35314,CPD_179756457827,palbociclib,7303,train_pool
batch_1,35401,CPD_179756457827,palbociclib,7304,train_pool
batch_1,35526,CPD_179756457827,palbociclib,7305,test
batch_1,35540,CPD_179756457827,palbociclib,7306,train_pool
batch_1,35636,CPD_179756457827,palbociclib,7307,train_pool
batch_1,35698,CPD_179756457827,palbociclib,7308,test
batch_1,35887,CPD_179756457827,palbociclib,7309,train_pool
batch_1,36285,CPD_179756457827,palbociclib,7310,train_pool
batch_1,36304,CPD_179756457827,palbociclib,7311,train_pool
batch_1,36371,CPD_179756457827,palbociclib,7312,train_pool
batch_1,36720,CPD_179756457827,palbociclib,7313,train_pool
batch_1,36721,CPD_179756457827,palbociclib,7314,train_pool
batch_1,36783,CPD_179756457827,palbociclib,7315,train_pool
batch_1,36843,CPD_179756457827,palbociclib,7316,train_pool
batch_1,37407,CPD_179756457827,palbociclib,7317,train_pool
batch_1,37692,CPD_179756457827,palbociclib,7318,test
batch_1,37695,CPD_179756457827,palbociclib,7319,train_pool
batch_1,37888,CPD_179756457827,palbociclib,7320,train_pool
batch_1,37949,CPD_179756457827,palbociclib,7321,train_pool
batch_1,38009,CPD_179756457827,palbociclib,7322,train_pool
batch_1,38055,CPD_179756457827,palbociclib,7323,train_pool
batch_1,38126,CPD_179756457827,palbociclib,7324,train_pool
batch_1,38223,CPD_179756457827,palbociclib,7325,train_pool
batch_1,38246,CPD_179756457827,palbociclib,7326,test
batch_1,38275,CPD_179756457827,palbociclib,7327,train_pool
batch_1,38410,CPD_179756457827,palbociclib,7328,train_pool
batch_1,38445,CPD_179756457827,palbociclib,7329,train_pool
batch_1,38670,CPD_179756457827,palbociclib,7330,train_pool
batch_1,38823,CPD_179756457827,palbociclib,7331,train_pool
batch_1,38959,CPD_179756457827,palbociclib,7332,test
batch_1,39091,CPD_179756457827,palbociclib,7333,train_pool
batch_1,39344,CPD_179756457827,palbociclib,7334,train_pool
batch_1,39409,CPD_179756457827,palbociclib,7335,train_pool
batch_1,39448,CPD_179756457827,palbociclib,7336,train_pool
batch_1,39455,CPD_179756457827,palbociclib,7337,train_pool
batch_1,39572,CPD_179756457827,palbociclib,7338,test
batch_1,39598,CPD_179756457827,palbociclib,7339,train_pool
batch_1,39674,CPD_179756457827,palbociclib,7340,test
batch_1,39781,CPD_179756457827,palbociclib,7341,test
batch_1,40441,CPD_179756457827,palbociclib,7342,train_pool
batch_1,40717,CPD_179756457827,palbociclib,7343,train_pool
batch_1,40922,CPD_179756457827,palbociclib,7344,test
batch_1,41202,CPD_179756457827,palbociclib,7345,train_pool
batch_1,41246,CPD_179756457827,palbociclib,7346,test
batch_1,41324,CPD_179756457827,palbociclib,7347,train_pool
batch_1,41414,CPD_179756457827,palbociclib,7348,train_pool
batch_1,41698,CPD_179756457827,palbociclib,7349,train_pool
batch_1,41814,CPD_179756457827,palbociclib,7350,train_pool
batch_1,41875,CPD_179756457827,palbociclib,7351,test
batch_1,41894,CPD_179756457827,palbociclib,7352,train_pool
batch_1,41901,CPD_179756457827,palbociclib,7353,train_pool
batch_1,41909,CPD_179756457827,palbociclib,7354,train_pool
batch_1,42124,CPD_179756457827,palbociclib,7355,train_pool
batch_1,42203,CPD_179756457827,palbociclib,7356,test
batch_1,42422,CPD_179756457827,palbociclib,7357,train_pool
batch_1,42446,CPD_179756457827,palbociclib,7358,train_pool
batch_1,42543,CPD_179756457827,palbociclib,7359,train_pool
batch_1,43014,CPD_179756457827,palbociclib,7360,train_pool
batch_1,43089,CPD_179756457827,palbociclib,7361,test
batch_1,43169,CPD_179756457827,palbociclib,7362,test
batch_1,43323,CPD_179756457827,palbociclib,7363,train_pool
batch_1,43436,CPD_179756457827,palbociclib,7364,train_pool
batch_1,43688,CPD_179756457827,palbociclib,7365,test
batch_1,43821,CPD_179756457827,palbociclib,7366,train_pool
batch_1,44165,CPD_179756457827,palbociclib,7367,train_pool
batch_1,44172,CPD_179756457827,palbociclib,7368,train_pool
batch_1,44885,CPD_179756457827,palbociclib,7369,train_pool
batch_1,44894,CPD_179756457827,palbociclib,7370,train_pool
batch_1,44980,CPD_179756457827,palbociclib,7371,train_pool
batch_1,45203,CPD_179756457827,palbociclib,7372,test
batch_1,45524,CPD_179756457827,palbociclib,7373,train_pool
batch_1,45565,CPD_179756457827,palbociclib,7374,test
batch_1,45616,CPD_179756457827,palbociclib,7375,train_pool
batch_1,46513,CPD_179756457827,palbociclib,7376,test
batch_1,46568,CPD_179756457827,palbociclib,7377,train_pool
batch_1,46911,CPD_179756457827,palbociclib,7378,test
batch_1,46960,CPD_179756457827,palbociclib,7379,train_pool
batch_1,47003,CPD_179756457827,palbociclib,7380,train_pool
batch_1,47523,CPD_179756457827,palbociclib,7381,test
batch_1,47655,CPD_179756457827,palbociclib,7382,train_pool
batch_1,48487,CPD_179756457827,palbociclib,7383,train_pool
batch_1,49077,CPD_179756457827,palbociclib,7384,train_pool
batch_1,241,CPD_104027493525,rucaparib,7385,train_pool
batch_1,266,CPD_104027493525,rucaparib,7386,train_pool
batch_1,1440,CPD_104027493525,rucaparib,7387,train_pool
batch_1,1738,CPD_104027493525,rucaparib,7388,test
batch_1,2566,CPD_104027493525,rucaparib,7389,train_pool
batch_1,2591,CPD_104027493525,rucaparib,7390,train_pool
batch_1,3270,CPD_104027493525,rucaparib,7391,test
batch_1,3296,CPD_104027493525,rucaparib,7392,train_pool
batch_1,3458,CPD_104027493525,rucaparib,7393,test
batch_1,3869,CPD_104027493525,rucaparib,7394,train_pool
batch_1,3907,CPD_104027493525,rucaparib,7395,train_pool
batch_1,4058,CPD_104027493525,rucaparib,7396,train_pool
batch_1,4269,CPD_104027493525,rucaparib,7397,train_pool
batch_1,4607,CPD_104027493525,rucaparib,7398,train_pool
batch_1,4639,CPD_104027493525,rucaparib,7399,train_pool
batch_1,4754,CPD_104027493525,rucaparib,7400,train_pool
batch_1,5120,CPD_104027493525,rucaparib,7401,train_pool
batch_1,5295,CPD_104027493525,rucaparib,7402,train_pool
batch_1,5478,CPD_104027493525,rucaparib,7403,train_pool
batch_1,6317,CPD_104027493525,rucaparib,7404,train_pool
batch_1,6461,CPD_104027493525,rucaparib,7405,train_pool
batch_1,6519,CPD_104027493525,rucaparib,7406,train_pool
batch_1,6691,CPD_104027493525,rucaparib,7407,train_pool
batch_1,6832,CPD_104027493525,rucaparib,7408,train_pool
batch_1,7249,CPD_104027493525,rucaparib,7409,train_pool
batch_1,7665,CPD_104027493525,rucaparib,7410,train_pool
batch_1,7722,CPD_104027493525,rucaparib,7411,train_pool
batch_1,7811,CPD_104027493525,rucaparib,7412,train_pool
batch_1,7992,CPD_104027493525,rucaparib,7413,train_pool
batch_1,8136,CPD_104027493525,rucaparib,7414,train_pool
batch_1,8169,CPD_104027493525,rucaparib,7415,train_pool
batch_1,8201,CPD_104027493525,rucaparib,7416,train_pool
batch_1,8563,CPD_104027493525,rucaparib,7417,train_pool
batch_1,8649,CPD_104027493525,rucaparib,7418,test
batch_1,8833,CPD_104027493525,rucaparib,7419,train_pool
batch_1,8859,CPD_104027493525,rucaparib,7420,train_pool
batch_1,8926,CPD_104027493525,rucaparib,7421,train_pool
batch_1,9051,CPD_104027493525,rucaparib,7422,train_pool
batch_1,9083,CPD_104027493525,rucaparib,7423,train_pool
batch_1,9146,CPD_104027493525,rucaparib,7424,train_pool
batch_1,9188,CPD_104027493525,rucaparib,7425,train_pool
batch_1,9231,CPD_104027493525,rucaparib,7426,train_pool
batch_1,9346,CPD_104027493525,rucaparib,7427,test
batch_1,9731,CPD_104027493525,rucaparib,7428,train_pool
batch_1,9952,CPD_104027493525,rucaparib,7429,test
batch_1,10001,CPD_104027493525,rucaparib,7430,train_pool
batch_1,10050,CPD_104027493525,rucaparib,7431,train_pool
batch_1,10445,CPD_104027493525,rucaparib,7432,train_pool
batch_1,10465,CPD_104027493525,rucaparib,7433,train_pool
batch_1,10493,CPD_104027493525,rucaparib,7434,train_pool
batch_1,10760,CPD_104027493525,rucaparib,7435,test
batch_1,10934,CPD_104027493525,rucaparib,7436,test
batch_1,11237,CPD_104027493525,rucaparib,7437,train_pool
batch_1,11331,CPD_104027493525,rucaparib,7438,train_pool
batch_1,11546,CPD_104027493525,rucaparib,7439,train_pool
batch_1,11813,CPD_104027493525,rucaparib,7440,test
batch_1,11887,CPD_104027493525,rucaparib,7441,train_pool
batch_1,11889,CPD_104027493525,rucaparib,7442,train_pool
batch_1,12081,CPD_104027493525,rucaparib,7443,train_pool
batch_1,12083,CPD_104027493525,rucaparib,7444,train_pool
batch_1,12102,CPD_104027493525,rucaparib,7445,train_pool
batch_1,12175,CPD_104027493525,rucaparib,7446,train_pool
batch_1,12495,CPD_104027493525,rucaparib,7447,train_pool
batch_1,12509,CPD_104027493525,rucaparib,7448,test
batch_1,12964,CPD_104027493525,rucaparib,7449,train_pool
batch_1,13360,CPD_104027493525,rucaparib,7450,train_pool
batch_1,13373,CPD_104027493525,rucaparib,7451,train_pool
batch_1,13429,CPD_104027493525,rucaparib,7452,test
batch_1,13642,CPD_104027493525,rucaparib,7453,train_pool
batch_1,13652,CPD_104027493525,rucaparib,7454,train_pool
batch_1,13678,CPD_104027493525,rucaparib,7455,test
batch_1,13681,CPD_104027493525,rucaparib,7456,train_pool
batch_1,13735,CPD_104027493525,rucaparib,7457,train_pool
batch_1,14018,CPD_104027493525,rucaparib,7458,test
batch_1,14069,CPD_104027493525,rucaparib,7459,train_pool
batch_1,14341,CPD_104027493525,rucaparib,7460,train_pool
batch_1,14653,CPD_104027493525,rucaparib,7461,test
batch_1,15113,CPD_104027493525,rucaparib,7462,train_pool
batch_1,15242,CPD_104027493525,rucaparib,7463,train_pool
batch_1,15246,CPD_104027493525,rucaparib,7464,train_pool
batch_1,15371,CPD_104027493525,rucaparib,7465,train_pool
batch_1,15373,CPD_104027493525,rucaparib,7466,train_pool
batch_1,15484,CPD_104027493525,rucaparib,7467,train_pool
batch_1,15556,CPD_104027493525,rucaparib,7468,test
batch_1,15683,CPD_104027493525,rucaparib,7469,train_pool
batch_1,15691,CPD_104027493525,rucaparib,7470,train_pool
batch_1,15711,CPD_104027493525,rucaparib,7471,train_pool
batch_1,15746,CPD_104027493525,rucaparib,7472,train_pool
batch_1,15985,CPD_104027493525,rucaparib,7473,train_pool
batch_1,16093,CPD_104027493525,rucaparib,7474,test
batch_1,16111,CPD_104027493525,rucaparib,7475,train_pool
batch_1,16329,CPD_104027493525,rucaparib,7476,train_pool
batch_1,16392,CPD_104027493525,rucaparib,7477,train_pool
batch_1,16610,CPD_104027493525,rucaparib,7478,train_pool
batch_1,16624,CPD_104027493525,rucaparib,7479,train_pool
batch_1,16626,CPD_104027493525,rucaparib,7480,test
batch_1,16840,CPD_104027493525,rucaparib,7481,train_pool
batch_1,16846,CPD_104027493525,rucaparib,7482,train_pool
batch_1,16865,CPD_104027493525,rucaparib,7483,train_pool
batch_1,17088,CPD_104027493525,rucaparib,7484,train_pool
batch_1,17183,CPD_104027493525,rucaparib,7485,test
batch_1,17190,CPD_104027493525,rucaparib,7486,train_pool
batch_1,17200,CPD_104027493525,rucaparib,7487,train_pool
batch_1,17253,CPD_104027493525,rucaparib,7488,train_pool
batch_1,17934,CPD_104027493525,rucaparib,7489,train_pool
batch_1,18012,CPD_104027493525,rucaparib,7490,test
batch_1,18239,CPD_104027493525,rucaparib,7491,train_pool
batch_1,18534,CPD_104027493525,rucaparib,7492,train_pool
batch_1,18535,CPD_104027493525,rucaparib,7493,train_pool
batch_1,18609,CPD_104027493525,rucaparib,7494,train_pool
batch_1,19066,CPD_104027493525,rucaparib,7495,train_pool
batch_1,19635,CPD_104027493525,rucaparib,7496,train_pool
batch_1,19846,CPD_104027493525,rucaparib,7497,train_pool
batch_1,19906,CPD_104027493525,rucaparib,7498,test
batch_1,20732,CPD_104027493525,rucaparib,7499,train_pool
batch_1,20751,CPD_104027493525,rucaparib,7500,train_pool
batch_1,20756,CPD_104027493525,rucaparib,7501,train_pool
batch_1,20894,CPD_104027493525,rucaparib,7502,train_pool
batch_1,20933,CPD_104027493525,rucaparib,7503,train_pool
batch_1,21170,CPD_104027493525,rucaparib,7504,train_pool
batch_1,21642,CPD_104027493525,rucaparib,7505,train_pool
batch_1,21845,CPD_104027493525,rucaparib,7506,test
batch_1,21935,CPD_104027493525,rucaparib,7507,train_pool
batch_1,21974,CPD_104027493525,rucaparib,7508,train_pool
batch_1,22078,CPD_104027493525,rucaparib,7509,train_pool
batch_1,22342,CPD_104027493525,rucaparib,7510,train_pool
batch_1,22677,CPD_104027493525,rucaparib,7511,train_pool
batch_1,22747,CPD_104027493525,rucaparib,7512,train_pool
batch_1,22773,CPD_104027493525,rucaparib,7513,train_pool
batch_1,22845,CPD_104027493525,rucaparib,7514,test
batch_1,22936,CPD_104027493525,rucaparib,7515,test
batch_1,23022,CPD_104027493525,rucaparib,7516,train_pool
batch_1,23142,CPD_104027493525,rucaparib,7517,train_pool
batch_1,23195,CPD_104027493525,rucaparib,7518,train_pool
batch_1,23340,CPD_104027493525,rucaparib,7519,test
batch_1,23521,CPD_104027493525,rucaparib,7520,train_pool
batch_1,23651,CPD_104027493525,rucaparib,7521,train_pool
batch_1,23959,CPD_104027493525,rucaparib,7522,test
batch_1,24396,CPD_104027493525,rucaparib,7523,train_pool
batch_1,24471,CPD_104027493525,rucaparib,7524,train_pool
batch_1,24583,CPD_104027493525,rucaparib,7525,train_pool
batch_1,25159,CPD_104027493525,rucaparib,7526,train_pool
batch_1,25215,CPD_104027493525,rucaparib,7527,test
batch_1,25631,CPD_104027493525,rucaparib,7528,train_pool
batch_1,25823,CPD_104027493525,rucaparib,7529,test
batch_1,26286,CPD_104027493525,rucaparib,7530,test
batch_1,26287,CPD_104027493525,rucaparib,7531,train_pool
batch_1,26317,CPD_104027493525,rucaparib,7532,train_pool
batch_1,26393,CPD_104027493525,rucaparib,7533,train_pool
batch_1,26450,CPD_104027493525,rucaparib,7534,train_pool
batch_1,26684,CPD_104027493525,rucaparib,7535,train_pool
batch_1,26994,CPD_104027493525,rucaparib,7536,train_pool
batch_1,27095,CPD_104027493525,rucaparib,7537,train_pool
batch_1,27235,CPD_104027493525,rucaparib,7538,train_pool
batch_1,27314,CPD_104027493525,rucaparib,7539,test
batch_1,27591,CPD_104027493525,rucaparib,7540,train_pool
batch_1,27598,CPD_104027493525,rucaparib,7541,train_pool
batch_1,28049,CPD_104027493525,rucaparib,7542,train_pool
batch_1,28068,CPD_104027493525,rucaparib,7543,train_pool
batch_1,28207,CPD_104027493525,rucaparib,7544,test
batch_1,28521,CPD_104027493525,rucaparib,7545,train_pool
batch_1,28559,CPD_104027493525,rucaparib,7546,train_pool
batch_1,28775,CPD_104027493525,rucaparib,7547,train_pool
batch_1,28791,CPD_104027493525,rucaparib,7548,train_pool
batch_1,28962,CPD_104027493525,rucaparib,7549,train_pool
batch_1,29002,CPD_104027493525,rucaparib,7550,train_pool
batch_1,29164,CPD_104027493525,rucaparib,7551,train_pool
batch_1,29283,CPD_104027493525,rucaparib,7552,test
batch_1,29355,CPD_104027493525,rucaparib,7553,test
batch_1,29636,CPD_104027493525,rucaparib,7554,train_pool
batch_1,29799,CPD_104027493525,rucaparib,7555,train_pool
batch_1,29842,CPD_104027493525,rucaparib,7556,train_pool
batch_1,29895,CPD_104027493525,rucaparib,7557,train_pool
batch_1,30335,CPD_104027493525,rucaparib,7558,test
batch_1,30462,CPD_104027493525,rucaparib,7559,train_pool
batch_1,30516,CPD_104027493525,rucaparib,7560,test
batch_1,30538,CPD_104027493525,rucaparib,7561,train_pool
batch_1,30688,CPD_104027493525,rucaparib,7562,train_pool
batch_1,30707,CPD_104027493525,rucaparib,7563,train_pool
batch_1,30829,CPD_104027493525,rucaparib,7564,test
batch_1,30872,CPD_104027493525,rucaparib,7565,train_pool
batch_1,31040,CPD_104027493525,rucaparib,7566,test
batch_1,31107,CPD_104027493525,rucaparib,7567,train_pool
batch_1,31112,CPD_104027493525,rucaparib,7568,train_pool
batch_1,31140,CPD_104027493525,rucaparib,7569,train_pool
batch_1,31232,CPD_104027493525,rucaparib,7570,train_pool
batch_1,31256,CPD_104027493525,rucaparib,7571,train_pool
batch_1,31385,CPD_104027493525,rucaparib,7572,train_pool
batch_1,31466,CPD_104027493525,rucaparib,7573,train_pool
batch_1,31793,CPD_104027493525,rucaparib,7574,train_pool
batch_1,31862,CPD_104027493525,rucaparib,7575,train_pool
batch_1,31970,CPD_104027493525,rucaparib,7576,train_pool
batch_1,32148,CPD_104027493525,rucaparib,7577,train_pool
batch_1,32460,CPD_104027493525,rucaparib,7578,train_pool
batch_1,32933,CPD_104027493525,rucaparib,7579,train_pool
batch_1,32949,CPD_104027493525,rucaparib,7580,train_pool
batch_1,33288,CPD_104027493525,rucaparib,7581,train_pool
batch_1,33396,CPD_104027493525,rucaparib,7582,train_pool
batch_1,33436,CPD_104027493525,rucaparib,7583,train_pool
batch_1,33603,CPD_104027493525,rucaparib,7584,train_pool
batch_1,33628,CPD_104027493525,rucaparib,7585,train_pool
batch_1,33694,CPD_104027493525,rucaparib,7586,train_pool
batch_1,33704,CPD_104027493525,rucaparib,7587,train_pool
batch_1,34079,CPD_104027493525,rucaparib,7588,train_pool
batch_1,34192,CPD_104027493525,rucaparib,7589,train_pool
batch_1,34249,CPD_104027493525,rucaparib,7590,train_pool
batch_1,34280,CPD_104027493525,rucaparib,7591,test
batch_1,34285,CPD_104027493525,rucaparib,7592,train_pool
batch_1,34555,CPD_104027493525,rucaparib,7593,train_pool
batch_1,34642,CPD_104027493525,rucaparib,7594,train_pool
batch_1,34653,CPD_104027493525,rucaparib,7595,train_pool
batch_1,34661,CPD_104027493525,rucaparib,7596,train_pool
batch_1,34679,CPD_104027493525,rucaparib,7597,train_pool
batch_1,34908,CPD_104027493525,rucaparib,7598,test
batch_1,34958,CPD_104027493525,rucaparib,7599,test
batch_1,35143,CPD_104027493525,rucaparib,7600,train_pool
batch_1,35254,CPD_104027493525,rucaparib,7601,train_pool
batch_1,35403,CPD_104027493525,rucaparib,7602,train_pool
batch_1,35668,CPD_104027493525,rucaparib,7603,test
batch_1,36185,CPD_104027493525,rucaparib,7604,train_pool
batch_1,36240,CPD_104027493525,rucaparib,7605,train_pool
batch_1,36510,CPD_104027493525,rucaparib,7606,train_pool
batch_1,36549,CPD_104027493525,rucaparib,7607,train_pool
batch_1,36703,CPD_104027493525,rucaparib,7608,train_pool
batch_1,36739,CPD_104027493525,rucaparib,7609,test
batch_1,37103,CPD_104027493525,rucaparib,7610,test
batch_1,37326,CPD_104027493525,rucaparib,7611,train_pool
batch_1,37537,CPD_104027493525,rucaparib,7612,train_pool
batch_1,37616,CPD_104027493525,rucaparib,7613,train_pool
batch_1,37762,CPD_104027493525,rucaparib,7614,train_pool
batch_1,37891,CPD_104027493525,rucaparib,7615,train_pool
batch_1,37943,CPD_104027493525,rucaparib,7616,train_pool
batch_1,37966,CPD_104027493525,rucaparib,7617,train_pool
batch_1,38318,CPD_104027493525,rucaparib,7618,test
batch_1,38514,CPD_104027493525,rucaparib,7619,train_pool
batch_1,38544,CPD_104027493525,rucaparib,7620,train_pool
batch_1,38654,CPD_104027493525,rucaparib,7621,train_pool
batch_1,38727,CPD_104027493525,rucaparib,7622,test
batch_1,38791,CPD_104027493525,rucaparib,7623,train_pool
batch_1,38988,CPD_104027493525,rucaparib,7624,test
batch_1,39010,CPD_104027493525,rucaparib,7625,test
batch_1,39020,CPD_104027493525,rucaparib,7626,train_pool
batch_1,39099,CPD_104027493525,rucaparib,7627,train_pool
batch_1,39166,CPD_104027493525,rucaparib,7628,train_pool
batch_1,39438,CPD_104027493525,rucaparib,7629,train_pool
batch_1,39971,CPD_104027493525,rucaparib,7630,test
batch_1,40223,CPD_104027493525,rucaparib,7631,train_pool
batch_1,40433,CPD_104027493525,rucaparib,7632,train_pool
batch_1,40768,CPD_104027493525,rucaparib,7633,test
batch_1,40895,CPD_104027493525,rucaparib,7634,train_pool
batch_1,40914,CPD_104027493525,rucaparib,7635,test
batch_1,40970,CPD_104027493525,rucaparib,7636,test
batch_1,41114,CPD_104027493525,rucaparib,7637,test
batch_1,41346,CPD_104027493525,rucaparib,7638,train_pool
batch_1,41407,CPD_104027493525,rucaparib,7639,train_pool
batch_1,41533,CPD_104027493525,rucaparib,7640,train_pool
batch_1,41677,CPD_104027493525,rucaparib,7641,train_pool
batch_1,41709,CPD_104027493525,rucaparib,7642,train_pool
batch_1,41846,CPD_104027493525,rucaparib,7643,test
batch_1,41900,CPD_104027493525,rucaparib,7644,test
batch_1,41929,CPD_104027493525,rucaparib,7645,train_pool
batch_1,42130,CPD_104027493525,rucaparib,7646,train_pool
batch_1,42586,CPD_104027493525,rucaparib,7647,train_pool
batch_1,42696,CPD_104027493525,rucaparib,7648,train_pool
batch_1,43352,CPD_104027493525,rucaparib,7649,test
batch_1,43982,CPD_104027493525,rucaparib,7650,train_pool
batch_1,44015,CPD_104027493525,rucaparib,7651,train_pool
batch_1,44744,CPD_104027493525,rucaparib,7652,train_pool
batch_1,44952,CPD_104027493525,rucaparib,7653,train_pool
batch_1,45171,CPD_104027493525,rucaparib,7654,train_pool
batch_1,48139,CPD_104027493525,rucaparib,7655,train_pool
batch_1,440,CPD_279017060612,sorafenib,7656,train_pool
batch_1,1657,CPD_279017060612,sorafenib,7657,train_pool
batch_1,1985,CPD_279017060612,sorafenib,7658,train_pool
batch_1,2372,CPD_279017060612,sorafenib,7659,train_pool
batch_1,2894,CPD_279017060612,sorafenib,7660,train_pool
batch_1,3684,CPD_279017060612,sorafenib,7661,train_pool
batch_1,5033,CPD_279017060612,sorafenib,7662,train_pool
batch_1,5399,CPD_279017060612,sorafenib,7663,test
batch_1,5936,CPD_279017060612,sorafenib,7664,train_pool
batch_1,6020,CPD_279017060612,sorafenib,7665,test
batch_1,8052,CPD_279017060612,sorafenib,7666,train_pool
batch_1,8434,CPD_279017060612,sorafenib,7667,train_pool
batch_1,8790,CPD_279017060612,sorafenib,7668,train_pool
batch_1,8856,CPD_279017060612,sorafenib,7669,test
batch_1,9055,CPD_279017060612,sorafenib,7670,train_pool
batch_1,10434,CPD_279017060612,sorafenib,7671,train_pool
batch_1,10896,CPD_279017060612,sorafenib,7672,train_pool
batch_1,11025,CPD_279017060612,sorafenib,7673,test
batch_1,11835,CPD_279017060612,sorafenib,7674,train_pool
batch_1,12256,CPD_279017060612,sorafenib,7675,train_pool
batch_1,13222,CPD_279017060612,sorafenib,7676,train_pool
batch_1,13417,CPD_279017060612,sorafenib,7677,train_pool
batch_1,15328,CPD_279017060612,sorafenib,7678,train_pool
batch_1,15394,CPD_279017060612,sorafenib,7679,train_pool
batch_1,15422,CPD_279017060612,sorafenib,7680,train_pool
batch_1,15855,CPD_279017060612,sorafenib,7681,train_pool
batch_1,16276,CPD_279017060612,sorafenib,7682,train_pool
batch_1,16317,CPD_279017060612,sorafenib,7683,train_pool
batch_1,16445,CPD_279017060612,sorafenib,7684,train_pool
batch_1,16665,CPD_279017060612,sorafenib,7685,train_pool
batch_1,17182,CPD_279017060612,sorafenib,7686,test
batch_1,17323,CPD_279017060612,sorafenib,7687,test
batch_1,17645,CPD_279017060612,sorafenib,7688,test
batch_1,18378,CPD_279017060612,sorafenib,7689,train_pool
batch_1,18979,CPD_279017060612,sorafenib,7690,train_pool
batch_1,19864,CPD_279017060612,sorafenib,7691,train_pool
batch_1,20982,CPD_279017060612,sorafenib,7692,train_pool
batch_1,21118,CPD_279017060612,sorafenib,7693,train_pool
batch_1,21146,CPD_279017060612,sorafenib,7694,train_pool
batch_1,21413,CPD_279017060612,sorafenib,7695,train_pool
batch_1,21637,CPD_279017060612,sorafenib,7696,train_pool
batch_1,21729,CPD_279017060612,sorafenib,7697,train_pool
batch_1,22108,CPD_279017060612,sorafenib,7698,train_pool
batch_1,22363,CPD_279017060612,sorafenib,7699,train_pool
batch_1,22715,CPD_279017060612,sorafenib,7700,train_pool
batch_1,22839,CPD_279017060612,sorafenib,7701,train_pool
batch_1,23385,CPD_279017060612,sorafenib,7702,train_pool
batch_1,23761,CPD_279017060612,sorafenib,7703,train_pool
batch_1,23989,CPD_279017060612,sorafenib,7704,train_pool
batch_1,25330,CPD_279017060612,sorafenib,7705,train_pool
batch_1,25349,CPD_279017060612,sorafenib,7706,train_pool
batch_1,25576,CPD_279017060612,sorafenib,7707,test
batch_1,25740,CPD_279017060612,sorafenib,7708,train_pool
batch_1,25908,CPD_279017060612,sorafenib,7709,test
batch_1,26872,CPD_279017060612,sorafenib,7710,train_pool
batch_1,27645,CPD_279017060612,sorafenib,7711,train_pool
batch_1,27795,CPD_279017060612,sorafenib,7712,test
batch_1,27836,CPD_279017060612,sorafenib,7713,train_pool
batch_1,28319,CPD_279017060612,sorafenib,7714,train_pool
batch_1,28666,CPD_279017060612,sorafenib,7715,test
batch_1,29140,CPD_279017060612,sorafenib,7716,train_pool
batch_1,30098,CPD_279017060612,sorafenib,7717,train_pool
batch_1,30104,CPD_279017060612,sorafenib,7718,train_pool
batch_1,30222,CPD_279017060612,sorafenib,7719,train_pool
batch_1,30584,CPD_279017060612,sorafenib,7720,test
batch_1,30837,CPD_279017060612,sorafenib,7721,train_pool
batch_1,31741,CPD_279017060612,sorafenib,7722,train_pool
batch_1,32195,CPD_279017060612,sorafenib,7723,train_pool
batch_1,32287,CPD_279017060612,sorafenib,7724,train_pool
batch_1,32332,CPD_279017060612,sorafenib,7725,train_pool
batch_1,32361,CPD_279017060612,sorafenib,7726,test
batch_1,32588,CPD_279017060612,sorafenib,7727,test
batch_1,32613,CPD_279017060612,sorafenib,7728,train_pool
batch_1,33314,CPD_279017060612,sorafenib,7729,train_pool
batch_1,33324,CPD_279017060612,sorafenib,7730,train_pool
batch_1,33456,CPD_279017060612,sorafenib,7731,train_pool
batch_1,33630,CPD_279017060612,sorafenib,7732,train_pool
batch_1,33870,CPD_279017060612,sorafenib,7733,train_pool
batch_1,34191,CPD_279017060612,sorafenib,7734,test
batch_1,34739,CPD_279017060612,sorafenib,7735,train_pool
batch_1,35406,CPD_279017060612,sorafenib,7736,train_pool
batch_1,35740,CPD_279017060612,sorafenib,7737,test
batch_1,36256,CPD_279017060612,sorafenib,7738,train_pool
batch_1,36258,CPD_279017060612,sorafenib,7739,train_pool
batch_1,36436,CPD_279017060612,sorafenib,7740,train_pool
batch_1,36605,CPD_279017060612,sorafenib,7741,test
batch_1,36698,CPD_279017060612,sorafenib,7742,train_pool
batch_1,36729,CPD_279017060612,sorafenib,7743,train_pool
batch_1,38545,CPD_279017060612,sorafenib,7744,test
batch_1,38697,CPD_279017060612,sorafenib,7745,train_pool
batch_1,38895,CPD_279017060612,sorafenib,7746,train_pool
batch_1,39574,CPD_279017060612,sorafenib,7747,test
batch_1,39661,CPD_279017060612,sorafenib,7748,train_pool
batch_1,40498,CPD_279017060612,sorafenib,7749,train_pool
batch_1,41567,CPD_279017060612,sorafenib,7750,train_pool
batch_1,43248,CPD_279017060612,sorafenib,7751,train_pool
batch_1,43875,CPD_279017060612,sorafenib,7752,test
batch_1,44005,CPD_279017060612,sorafenib,7753,train_pool
batch_1,44342,CPD_279017060612,sorafenib,7754,train_pool
batch_1,44490,CPD_279017060612,sorafenib,7755,train_pool
batch_1,44860,CPD_279017060612,sorafenib,7756,train_pool
batch_1,45065,CPD_279017060612,sorafenib,7757,test
batch_1,46314,CPD_279017060612,sorafenib,7758,train_pool
batch_1,46824,CPD_279017060612,sorafenib,7759,train_pool
batch_1,46952,CPD_279017060612,sorafenib,7760,train_pool
batch_1,364,CPD_930596955388,veliparib,7761,train_pool
batch_1,554,CPD_930596955388,veliparib,7762,train_pool
batch_1,1932,CPD_930596955388,veliparib,7763,test
batch_1,2567,CPD_930596955388,veliparib,7764,train_pool
batch_1,2860,CPD_930596955388,veliparib,7765,train_pool
batch_1,2868,CPD_930596955388,veliparib,7766,train_pool
batch_1,2872,CPD_930596955388,veliparib,7767,train_pool
batch_1,3192,CPD_930596955388,veliparib,7768,train_pool
batch_1,3228,CPD_930596955388,veliparib,7769,train_pool
batch_1,3919,CPD_930596955388,veliparib,7770,train_pool
batch_1,3937,CPD_930596955388,veliparib,7771,train_pool
batch_1,4069,CPD_930596955388,veliparib,7772,train_pool
batch_1,5384,CPD_930596955388,veliparib,7773,train_pool
batch_1,5518,CPD_930596955388,veliparib,7774,train_pool
batch_1,5625,CPD_930596955388,veliparib,7775,train_pool
batch_1,5756,CPD_930596955388,veliparib,7776,train_pool
batch_1,5918,CPD_930596955388,veliparib,7777,train_pool
batch_1,6164,CPD_930596955388,veliparib,7778,train_pool
batch_1,6279,CPD_930596955388,veliparib,7779,train_pool
batch_1,6773,CPD_930596955388,veliparib,7780,test
batch_1,6856,CPD_930596955388,veliparib,7781,test
batch_1,7043,CPD_930596955388,veliparib,7782,train_pool
batch_1,7124,CPD_930596955388,veliparib,7783,test
batch_1,7158,CPD_930596955388,veliparib,7784,train_pool
batch_1,7365,CPD_930596955388,veliparib,7785,train_pool
batch_1,7653,CPD_930596955388,veliparib,7786,train_pool
batch_1,7738,CPD_930596955388,veliparib,7787,train_pool
batch_1,7977,CPD_930596955388,veliparib,7788,train_pool
batch_1,8010,CPD_930596955388,veliparib,7789,train_pool
batch_1,8026,CPD_930596955388,veliparib,7790,train_pool
batch_1,8190,CPD_930596955388,veliparib,7791,train_pool
batch_1,8324,CPD_930596955388,veliparib,7792,train_pool
batch_1,8348,CPD_930596955388,veliparib,7793,test
batch_1,8577,CPD_930596955388,veliparib,7794,train_pool
batch_1,8726,CPD_930596955388,veliparib,7795,test
batch_1,8928,CPD_930596955388,veliparib,7796,train_pool
batch_1,8970,CPD_930596955388,veliparib,7797,train_pool
batch_1,9069,CPD_930596955388,veliparib,7798,train_pool
batch_1,9533,CPD_930596955388,veliparib,7799,train_pool
batch_1,9551,CPD_930596955388,veliparib,7800,train_pool
batch_1,9649,CPD_930596955388,veliparib,7801,train_pool
batch_1,9960,CPD_930596955388,veliparib,7802,train_pool
batch_1,10073,CPD_930596955388,veliparib,7803,test
batch_1,10314,CPD_930596955388,veliparib,7804,train_pool
batch_1,10549,CPD_930596955388,veliparib,7805,train_pool
batch_1,10551,CPD_930596955388,veliparib,7806,train_pool
batch_1,10690,CPD_930596955388,veliparib,7807,test
batch_1,11001,CPD_930596955388,veliparib,7808,train_pool
batch_1,11118,CPD_930596955388,veliparib,7809,train_pool
batch_1,11490,CPD_930596955388,veliparib,7810,train_pool
batch_1,11509,CPD_930596955388,veliparib,7811,train_pool
batch_1,11739,CPD_930596955388,veliparib,7812,train_pool
batch_1,11938,CPD_930596955388,veliparib,7813,train_pool
batch_1,12133,CPD_930596955388,veliparib,7814,train_pool
batch_1,12207,CPD_930596955388,veliparib,7815,train_pool
batch_1,12529,CPD_930596955388,veliparib,7816,test
batch_1,12892,CPD_930596955388,veliparib,7817,train_pool
batch_1,13118,CPD_930596955388,veliparib,7818,train_pool
batch_1,13664,CPD_930596955388,veliparib,7819,test
batch_1,13964,CPD_930596955388,veliparib,7820,train_pool
batch_1,14186,CPD_930596955388,veliparib,7821,train_pool
batch_1,14378,CPD_930596955388,veliparib,7822,test
batch_1,14557,CPD_930596955388,veliparib,7823,train_pool
batch_1,14812,CPD_930596955388,veliparib,7824,train_pool
batch_1,14815,CPD_930596955388,veliparib,7825,train_pool
batch_1,14837,CPD_930596955388,veliparib,7826,train_pool
batch_1,15410,CPD_930596955388,veliparib,7827,train_pool
batch_1,15537,CPD_930596955388,veliparib,7828,train_pool
batch_1,15812,CPD_930596955388,veliparib,7829,train_pool
batch_1,15892,CPD_930596955388,veliparib,7830,test
batch_1,15995,CPD_930596955388,veliparib,7831,train_pool
batch_1,16172,CPD_930596955388,veliparib,7832,train_pool
batch_1,16437,CPD_930596955388,veliparib,7833,test
batch_1,16501,CPD_930596955388,veliparib,7834,train_pool
batch_1,16656,CPD_930596955388,veliparib,7835,train_pool
batch_1,16683,CPD_930596955388,veliparib,7836,train_pool
batch_1,16735,CPD_930596955388,veliparib,7837,test
batch_1,16736,CPD_930596955388,veliparib,7838,train_pool
batch_1,16765,CPD_930596955388,veliparib,7839,train_pool
batch_1,16795,CPD_930596955388,veliparib,7840,train_pool
batch_1,17042,CPD_930596955388,veliparib,7841,train_pool
batch_1,17159,CPD_930596955388,veliparib,7842,train_pool
batch_1,17333,CPD_930596955388,veliparib,7843,test
batch_1,17380,CPD_930596955388,veliparib,7844,train_pool
batch_1,17546,CPD_930596955388,veliparib,7845,train_pool
batch_1,17558,CPD_930596955388,veliparib,7846,train_pool
batch_1,17778,CPD_930596955388,veliparib,7847,train_pool
batch_1,18220,CPD_930596955388,veliparib,7848,train_pool
batch_1,18353,CPD_930596955388,veliparib,7849,train_pool
batch_1,18377,CPD_930596955388,veliparib,7850,train_pool
batch_1,18447,CPD_930596955388,veliparib,7851,train_pool
batch_1,18687,CPD_930596955388,veliparib,7852,train_pool
batch_1,18816,CPD_930596955388,veliparib,7853,train_pool
batch_1,19001,CPD_930596955388,veliparib,7854,train_pool
batch_1,19009,CPD_930596955388,veliparib,7855,train_pool
batch_1,19292,CPD_930596955388,veliparib,7856,test
batch_1,19300,CPD_930596955388,veliparib,7857,train_pool
batch_1,19325,CPD_930596955388,veliparib,7858,train_pool
batch_1,19403,CPD_930596955388,veliparib,7859,train_pool
batch_1,19573,CPD_930596955388,veliparib,7860,test
batch_1,19582,CPD_930596955388,veliparib,7861,train_pool
batch_1,19800,CPD_930596955388,veliparib,7862,train_pool
batch_1,20335,CPD_930596955388,veliparib,7863,train_pool
batch_1,20488,CPD_930596955388,veliparib,7864,train_pool
batch_1,20495,CPD_930596955388,veliparib,7865,train_pool
batch_1,20861,CPD_930596955388,veliparib,7866,train_pool
batch_1,20920,CPD_930596955388,veliparib,7867,train_pool
batch_1,20985,CPD_930596955388,veliparib,7868,train_pool
batch_1,21034,CPD_930596955388,veliparib,7869,train_pool
batch_1,21109,CPD_930596955388,veliparib,7870,train_pool
batch_1,21326,CPD_930596955388,veliparib,7871,train_pool
batch_1,21608,CPD_930596955388,veliparib,7872,train_pool
batch_1,21638,CPD_930596955388,veliparib,7873,train_pool
batch_1,21697,CPD_930596955388,veliparib,7874,train_pool
batch_1,22581,CPD_930596955388,veliparib,7875,test
batch_1,22664,CPD_930596955388,veliparib,7876,train_pool
batch_1,22850,CPD_930596955388,veliparib,7877,train_pool
batch_1,22913,CPD_930596955388,veliparib,7878,train_pool
batch_1,23283,CPD_930596955388,veliparib,7879,train_pool
batch_1,23692,CPD_930596955388,veliparib,7880,train_pool
batch_1,23767,CPD_930596955388,veliparib,7881,train_pool
batch_1,23979,CPD_930596955388,veliparib,7882,train_pool
batch_1,24204,CPD_930596955388,veliparib,7883,train_pool
batch_1,24411,CPD_930596955388,veliparib,7884,test
batch_1,24994,CPD_930596955388,veliparib,7885,test
batch_1,25035,CPD_930596955388,veliparib,7886,train_pool
batch_1,25154,CPD_930596955388,veliparib,7887,test
batch_1,25205,CPD_930596955388,veliparib,7888,train_pool
batch_1,25338,CPD_930596955388,veliparib,7889,train_pool
batch_1,25369,CPD_930596955388,veliparib,7890,train_pool
batch_1,25548,CPD_930596955388,veliparib,7891,train_pool
batch_1,25776,CPD_930596955388,veliparib,7892,train_pool
batch_1,25981,CPD_930596955388,veliparib,7893,train_pool
batch_1,26059,CPD_930596955388,veliparib,7894,train_pool
batch_1,26413,CPD_930596955388,veliparib,7895,train_pool
batch_1,26685,CPD_930596955388,veliparib,7896,train_pool
batch_1,26819,CPD_930596955388,veliparib,7897,train_pool
batch_1,27027,CPD_930596955388,veliparib,7898,test
batch_1,27116,CPD_930596955388,veliparib,7899,train_pool
batch_1,27153,CPD_930596955388,veliparib,7900,test
batch_1,27472,CPD_930596955388,veliparib,7901,test
batch_1,27910,CPD_930596955388,veliparib,7902,train_pool
batch_1,28234,CPD_930596955388,veliparib,7903,train_pool
batch_1,28427,CPD_930596955388,veliparib,7904,test
batch_1,28466,CPD_930596955388,veliparib,7905,train_pool
batch_1,29078,CPD_930596955388,veliparib,7906,train_pool
batch_1,29256,CPD_930596955388,veliparib,7907,train_pool
batch_1,29391,CPD_930596955388,veliparib,7908,test
batch_1,29551,CPD_930596955388,veliparib,7909,test
batch_1,29674,CPD_930596955388,veliparib,7910,train_pool
batch_1,30435,CPD_930596955388,veliparib,7911,train_pool
batch_1,30503,CPD_930596955388,veliparib,7912,test
batch_1,30621,CPD_930596955388,veliparib,7913,train_pool
batch_1,30675,CPD_930596955388,veliparib,7914,train_pool
batch_1,30690,CPD_930596955388,veliparib,7915,train_pool
batch_1,30728,CPD_930596955388,veliparib,7916,train_pool
batch_1,30729,CPD_930596955388,veliparib,7917,train_pool
batch_1,30823,CPD_930596955388,veliparib,7918,train_pool
batch_1,30925,CPD_930596955388,veliparib,7919,train_pool
batch_1,30965,CPD_930596955388,veliparib,7920,train_pool
batch_1,30972,CPD_930596955388,veliparib,7921,test
batch_1,31212,CPD_930596955388,veliparib,7922,train_pool
batch_1,31298,CPD_930596955388,veliparib,7923,train_pool
batch_1,31383,CPD_930596955388,veliparib,7924,test
batch_1,31561,CPD_930596955388,veliparib,7925,train_pool
batch_1,31724,CPD_930596955388,veliparib,7926,train_pool
batch_1,31825,CPD_930596955388,veliparib,7927,train_pool
batch_1,31850,CPD_930596955388,veliparib,7928,train_pool
batch_1,31926,CPD_930596955388,veliparib,7929,test
batch_1,31940,CPD_930596955388,veliparib,7930,train_pool
batch_1,32126,CPD_930596955388,veliparib,7931,train_pool
batch_1,32394,CPD_930596955388,veliparib,7932,train_pool
batch_1,32438,CPD_930596955388,veliparib,7933,train_pool
batch_1,32685,CPD_930596955388,veliparib,7934,train_pool
batch_1,32707,CPD_930596955388,veliparib,7935,train_pool
batch_1,32924,CPD_930596955388,veliparib,7936,train_pool
batch_1,33186,CPD_930596955388,veliparib,7937,train_pool
batch_1,33228,CPD_930596955388,veliparib,7938,train_pool
batch_1,33321,CPD_930596955388,veliparib,7939,train_pool
batch_1,33382,CPD_930596955388,veliparib,7940,test
batch_1,33814,CPD_930596955388,veliparib,7941,train_pool
batch_1,33867,CPD_930596955388,veliparib,7942,test
batch_1,33901,CPD_930596955388,veliparib,7943,train_pool
batch_1,34117,CPD_930596955388,veliparib,7944,test
batch_1,34302,CPD_930596955388,veliparib,7945,train_pool
batch_1,34536,CPD_930596955388,veliparib,7946,train_pool
batch_1,34745,CPD_930596955388,veliparib,7947,train_pool
batch_1,35023,CPD_930596955388,veliparib,7948,train_pool
batch_1,35361,CPD_930596955388,veliparib,7949,train_pool
batch_1,35659,CPD_930596955388,veliparib,7950,train_pool
batch_1,35706,CPD_930596955388,veliparib,7951,train_pool
batch_1,35927,CPD_930596955388,veliparib,7952,test
batch_1,35960,CPD_930596955388,veliparib,7953,train_pool
batch_1,36073,CPD_930596955388,veliparib,7954,train_pool
batch_1,36123,CPD_930596955388,veliparib,7955,test
batch_1,36162,CPD_930596955388,veliparib,7956,train_pool
batch_1,36169,CPD_930596955388,veliparib,7957,test
batch_1,36424,CPD_930596955388,veliparib,7958,train_pool
batch_1,36499,CPD_930596955388,veliparib,7959,train_pool
batch_1,36553,CPD_930596955388,veliparib,7960,test
batch_1,36732,CPD_930596955388,veliparib,7961,train_pool
batch_1,37031,CPD_930596955388,veliparib,7962,train_pool
batch_1,37715,CPD_930596955388,veliparib,7963,test
batch_1,37865,CPD_930596955388,veliparib,7964,train_pool
batch_1,37998,CPD_930596955388,veliparib,7965,train_pool
batch_1,38032,CPD_930596955388,veliparib,7966,train_pool
batch_1,38481,CPD_930596955388,veliparib,7967,train_pool
batch_1,38583,CPD_930596955388,veliparib,7968,train_pool
batch_1,38651,CPD_930596955388,veliparib,7969,train_pool
batch_1,39049,CPD_930596955388,veliparib,7970,train_pool
batch_1,39059,CPD_930596955388,veliparib,7971,train_pool
batch_1,39100,CPD_930596955388,veliparib,7972,train_pool
batch_1,39114,CPD_930596955388,veliparib,7973,train_pool
batch_1,39549,CPD_930596955388,veliparib,7974,test
batch_1,39882,CPD_930596955388,veliparib,7975,train_pool
batch_1,40496,CPD_930596955388,veliparib,7976,test
batch_1,40532,CPD_930596955388,veliparib,7977,train_pool
batch_1,40860,CPD_930596955388,veliparib,7978,train_pool
batch_1,41027,CPD_930596955388,veliparib,7979,train_pool
batch_1,41192,CPD_930596955388,veliparib,7980,train_pool
batch_1,41315,CPD_930596955388,veliparib,7981,train_pool
batch_1,41429,CPD_930596955388,veliparib,7982,train_pool
batch_1,41873,CPD_930596955388,veliparib,7983,train_pool
batch_1,42108,CPD_930596955388,veliparib,7984,train_pool
batch_1,42238,CPD_930596955388,veliparib,7985,test
batch_1,42415,CPD_930596955388,veliparib,7986,train_pool
batch_1,42569,CPD_930596955388,veliparib,7987,train_pool
batch_1,42623,CPD_930596955388,veliparib,7988,train_pool
batch_1,42624,CPD_930596955388,veliparib,7989,test
batch_1,42934,CPD_930596955388,veliparib,7990,train_pool
batch_1,42950,CPD_930596955388,veliparib,7991,train_pool
batch_1,43533,CPD_930596955388,veliparib,7992,test
batch_1,43786,CPD_930596955388,veliparib,7993,train_pool
batch_1,44238,CPD_930596955388,veliparib,7994,test
batch_1,44320,CPD_930596955388,veliparib,7995,test
batch_1,44400,CPD_930596955388,veliparib,7996,train_pool
batch_1,44606,CPD_930596955388,veliparib,7997,train_pool
batch_1,44649,CPD_930596955388,veliparib,7998,test
batch_1,44726,CPD_930596955388,veliparib,7999,test
batch_1,46537,CPD_930596955388,veliparib,8000,test
batch_1,46687,CPD_930596955388,veliparib,8001,train_pool
batch_1,46767,CPD_930596955388,veliparib,8002,train_pool
batch_1,47596,CPD_930596955388,veliparib,8003,train_pool
batch_2,2096,CPD_727697023490,AZD-3463,8004,train_pool
batch_2,2240,CPD_727697023490,AZD-3463,8005,train_pool
batch_2,4031,CPD_727697023490,AZD-3463,8006,train_pool
batch_2,5995,CPD_727697023490,AZD-3463,8007,test
batch_2,6742,CPD_727697023490,AZD-3463,8008,test
batch_2,7051,CPD_727697023490,AZD-3463,8009,train_pool
batch_2,7273,CPD_727697023490,AZD-3463,8010,train_pool
batch_2,8340,CPD_727697023490,AZD-3463,8011,train_pool
batch_2,8380,CPD_727697023490,AZD-3463,8012,test
batch_2,9915,CPD_727697023490,AZD-3463,8013,test
batch_2,10068,CPD_727697023490,AZD-3463,8014,train_pool
batch_2,11519,CPD_727697023490,AZD-3463,8015,train_pool
batch_2,12132,CPD_727697023490,AZD-3463,8016,train_pool
batch_2,12390,CPD_727697023490,AZD-3463,8017,test
batch_2,12695,CPD_727697023490,AZD-3463,8018,train_pool
batch_2,13378,CPD_727697023490,AZD-3463,8019,train_pool
batch_2,13984,CPD_727697023490,AZD-3463,8020,train_pool
batch_2,14411,CPD_727697023490,AZD-3463,8021,test
batch_2,15039,CPD_727697023490,AZD-3463,8022,train_pool
batch_2,16406,CPD_727697023490,AZD-3463,8023,train_pool
batch_2,17145,CPD_727697023490,AZD-3463,8024,train_pool
batch_2,17252,CPD_727697023490,AZD-3463,8025,train_pool
batch_2,17384,CPD_727697023490,AZD-3463,8026,train_pool
batch_2,18181,CPD_727697023490,AZD-3463,8027,train_pool
batch_2,21544,CPD_727697023490,AZD-3463,8028,train_pool
batch_2,22863,CPD_727697023490,AZD-3463,8029,test
batch_2,22929,CPD_727697023490,AZD-3463,8030,train_pool
batch_2,24389,CPD_727697023490,AZD-3463,8031,train_pool
batch_2,27569,CPD_727697023490,AZD-3463,8032,train_pool
batch_2,27730,CPD_727697023490,AZD-3463,8033,test
batch_2,28056,CPD_727697023490,AZD-3463,8034,train_pool
batch_2,30351,CPD_727697023490,AZD-3463,8035,train_pool
batch_2,30506,CPD_727697023490,AZD-3463,8036,train_pool
batch_2,31164,CPD_727697023490,AZD-3463,8037,train_pool
batch_2,31798,CPD_727697023490,AZD-3463,8038,train_pool
batch_2,33802,CPD_727697023490,AZD-3463,8039,test
batch_2,35820,CPD_727697023490,AZD-3463,8040,train_pool
batch_2,36575,CPD_727697023490,AZD-3463,8041,train_pool
batch_2,36589,CPD_727697023490,AZD-3463,8042,train_pool
batch_2,36760,CPD_727697023490,AZD-3463,8043,test
batch_2,36871,CPD_727697023490,AZD-3463,8044,train_pool
batch_2,37212,CPD_727697023490,AZD-3463,8045,train_pool
batch_2,37314,CPD_727697023490,AZD-3463,8046,train_pool
batch_2,37539,CPD_727697023490,AZD-3463,8047,train_pool
batch_2,37546,CPD_727697023490,AZD-3463,8048,train_pool
batch_2,37607,CPD_727697023490,AZD-3463,8049,test
batch_2,37748,CPD_727697023490,AZD-3463,8050,train_pool
batch_2,37852,CPD_727697023490,AZD-3463,8051,train_pool
batch_2,38027,CPD_727697023490,AZD-3463,8052,test
batch_2,38050,CPD_727697023490,AZD-3463,8053,train_pool
batch_2,38062,CPD_727697023490,AZD-3463,8054,train_pool
batch_2,39005,CPD_727697023490,AZD-3463,8055,train_pool
batch_2,39009,CPD_727697023490,AZD-3463,8056,train_pool
batch_2,40788,CPD_727697023490,AZD-3463,8057,train_pool
batch_2,41528,CPD_727697023490,AZD-3463,8058,train_pool
batch_2,42293,CPD_727697023490,AZD-3463,8059,train_pool
batch_2,42876,CPD_727697023490,AZD-3463,8060,train_pool
batch_2,43907,CPD_727697023490,AZD-3463,8061,train_pool
batch_2,44258,CPD_727697023490,AZD-3463,8062,test
batch_2,45066,CPD_727697023490,AZD-3463,8063,train_pool
batch_2,45913,CPD_727697023490,AZD-3463,8064,train_pool
batch_2,46666,CPD_727697023490,AZD-3463,8065,train_pool
batch_2,46976,CPD_727697023490,AZD-3463,8066,train_pool
batch_2,47788,CPD_727697023490,AZD-3463,8067,train_pool
batch_2,876,CPD_097241972673,AZD-7624,8068,train_pool
batch_2,2294,CPD_097241972673,AZD-7624,8069,train_pool
batch_2,2304,CPD_097241972673,AZD-7624,8070,train_pool
batch_2,2416,CPD_097241972673,AZD-7624,8071,train_pool
batch_2,2776,CPD_097241972673,AZD-7624,8072,train_pool
batch_2,3849,CPD_097241972673,AZD-7624,8073,train_pool
batch_2,4010,CPD_097241972673,AZD-7624,8074,train_pool
batch_2,4165,CPD_097241972673,AZD-7624,8075,train_pool
batch_2,5118,CPD_097241972673,AZD-7624,8076,train_pool
batch_2,5432,CPD_097241972673,AZD-7624,8077,train_pool
batch_2,5476,CPD_097241972673,AZD-7624,8078,test
batch_2,6256,CPD_097241972673,AZD-7624,8079,train_pool
batch_2,6279,CPD_097241972673,AZD-7624,8080,train_pool
batch_2,6428,CPD_097241972673,AZD-7624,8081,train_pool
batch_2,7589,CPD_097241972673,AZD-7624,8082,train_pool
batch_2,7672,CPD_097241972673,AZD-7624,8083,train_pool
batch_2,7862,CPD_097241972673,AZD-7624,8084,train_pool
batch_2,8268,CPD_097241972673,AZD-7624,8085,train_pool
batch_2,8323,CPD_097241972673,AZD-7624,8086,test
batch_2,8871,CPD_097241972673,AZD-7624,8087,test
batch_2,9237,CPD_097241972673,AZD-7624,8088,test
batch_2,9319,CPD_097241972673,AZD-7624,8089,test
batch_2,9787,CPD_097241972673,AZD-7624,8090,train_pool
batch_2,10741,CPD_097241972673,AZD-7624,8091,train_pool
batch_2,10766,CPD_097241972673,AZD-7624,8092,train_pool
batch_2,10854,CPD_097241972673,AZD-7624,8093,train_pool
batch_2,11571,CPD_097241972673,AZD-7624,8094,train_pool
batch_2,11733,CPD_097241972673,AZD-7624,8095,train_pool
batch_2,11935,CPD_097241972673,AZD-7624,8096,test
batch_2,12068,CPD_097241972673,AZD-7624,8097,train_pool
batch_2,12857,CPD_097241972673,AZD-7624,8098,test
batch_2,13215,CPD_097241972673,AZD-7624,8099,train_pool
batch_2,13317,CPD_097241972673,AZD-7624,8100,train_pool
batch_2,13430,CPD_097241972673,AZD-7624,8101,train_pool
batch_2,13522,CPD_097241972673,AZD-7624,8102,train_pool
batch_2,14216,CPD_097241972673,AZD-7624,8103,train_pool
batch_2,14252,CPD_097241972673,AZD-7624,8104,train_pool
batch_2,14297,CPD_097241972673,AZD-7624,8105,train_pool
batch_2,14530,CPD_097241972673,AZD-7624,8106,train_pool
batch_2,14834,CPD_097241972673,AZD-7624,8107,train_pool
batch_2,14914,CPD_097241972673,AZD-7624,8108,train_pool
batch_2,14958,CPD_097241972673,AZD-7624,8109,train_pool
batch_2,15267,CPD_097241972673,AZD-7624,8110,test
batch_2,15821,CPD_097241972673,AZD-7624,8111,test
batch_2,15930,CPD_097241972673,AZD-7624,8112,train_pool
batch_2,16360,CPD_097241972673,AZD-7624,8113,train_pool
batch_2,16561,CPD_097241972673,AZD-7624,8114,train_pool
batch_2,17487,CPD_097241972673,AZD-7624,8115,test
batch_2,17815,CPD_097241972673,AZD-7624,8116,train_pool
batch_2,18038,CPD_097241972673,AZD-7624,8117,train_pool
batch_2,19191,CPD_097241972673,AZD-7624,8118,train_pool
batch_2,19284,CPD_097241972673,AZD-7624,8119,train_pool
batch_2,19672,CPD_097241972673,AZD-7624,8120,test
batch_2,19901,CPD_097241972673,AZD-7624,8121,train_pool
batch_2,21035,CPD_097241972673,AZD-7624,8122,train_pool
batch_2,21179,CPD_097241972673,AZD-7624,8123,train_pool
batch_2,21216,CPD_097241972673,AZD-7624,8124,train_pool
batch_2,21271,CPD_097241972673,AZD-7624,8125,train_pool
batch_2,21389,CPD_097241972673,AZD-7624,8126,train_pool
batch_2,21406,CPD_097241972673,AZD-7624,8127,train_pool
batch_2,21466,CPD_097241972673,AZD-7624,8128,test
batch_2,22104,CPD_097241972673,AZD-7624,8129,train_pool
batch_2,22515,CPD_097241972673,AZD-7624,8130,train_pool
batch_2,22682,CPD_097241972673,AZD-7624,8131,train_pool
batch_2,22864,CPD_097241972673,AZD-7624,8132,train_pool
batch_2,22870,CPD_097241972673,AZD-7624,8133,train_pool
batch_2,22910,CPD_097241972673,AZD-7624,8134,train_pool
batch_2,24740,CPD_097241972673,AZD-7624,8135,train_pool
batch_2,25750,CPD_097241972673,AZD-7624,8136,train_pool
batch_2,26745,CPD_097241972673,AZD-7624,8137,train_pool
batch_2,27178,CPD_097241972673,AZD-7624,8138,test
batch_2,27835,CPD_097241972673,AZD-7624,8139,train_pool
batch_2,28336,CPD_097241972673,AZD-7624,8140,test
batch_2,29126,CPD_097241972673,AZD-7624,8141,train_pool
batch_2,29193,CPD_097241972673,AZD-7624,8142,test
batch_2,29252,CPD_097241972673,AZD-7624,8143,train_pool
batch_2,29872,CPD_097241972673,AZD-7624,8144,train_pool
batch_2,30279,CPD_097241972673,AZD-7624,8145,train_pool
batch_2,30903,CPD_097241972673,AZD-7624,8146,train_pool
batch_2,31084,CPD_097241972673,AZD-7624,8147,train_pool
batch_2,31463,CPD_097241972673,AZD-7624,8148,train_pool
batch_2,31629,CPD_097241972673,AZD-7624,8149,train_pool
batch_2,31653,CPD_097241972673,AZD-7624,8150,test
batch_2,31675,CPD_097241972673,AZD-7624,8151,train_pool
batch_2,31941,CPD_097241972673,AZD-7624,8152,train_pool
batch_2,31946,CPD_097241972673,AZD-7624,8153,train_pool
batch_2,32581,CPD_097241972673,AZD-7624,8154,train_pool
batch_2,32599,CPD_097241972673,AZD-7624,8155,test
batch_2,32814,CPD_097241972673,AZD-7624,8156,test
batch_2,33246,CPD_097241972673,AZD-7624,8157,test
batch_2,33714,CPD_097241972673,AZD-7624,8158,train_pool
batch_2,34086,CPD_097241972673,AZD-7624,8159,train_pool
batch_2,34505,CPD_097241972673,AZD-7624,8160,train_pool
batch_2,34550,CPD_097241972673,AZD-7624,8161,train_pool
batch_2,34761,CPD_097241972673,AZD-7624,8162,test
batch_2,35050,CPD_097241972673,AZD-7624,8163,train_pool
batch_2,35556,CPD_097241972673,AZD-7624,8164,test
batch_2,36176,CPD_097241972673,AZD-7624,8165,train_pool
batch_2,36227,CPD_097241972673,AZD-7624,8166,train_pool
batch_2,36628,CPD_097241972673,AZD-7624,8167,train_pool
batch_2,36770,CPD_097241972673,AZD-7624,8168,train_pool
batch_2,38071,CPD_097241972673,AZD-7624,8169,train_pool
batch_2,38362,CPD_097241972673,AZD-7624,8170,train_pool
batch_2,38407,CPD_097241972673,AZD-7624,8171,train_pool
batch_2,39014,CPD_097241972673,AZD-7624,8172,train_pool
batch_2,39092,CPD_097241972673,AZD-7624,8173,train_pool
batch_2,39116,CPD_097241972673,AZD-7624,8174,train_pool
batch_2,39334,CPD_097241972673,AZD-7624,8175,test
batch_2,39820,CPD_097241972673,AZD-7624,8176,train_pool
batch_2,40172,CPD_097241972673,AZD-7624,8177,train_pool
batch_2,40719,CPD_097241972673,AZD-7624,8178,train_pool
batch_2,41231,CPD_097241972673,AZD-7624,8179,test
batch_2,41276,CPD_097241972673,AZD-7624,8180,train_pool
batch_2,41350,CPD_097241972673,AZD-7624,8181,train_pool
batch_2,41587,CPD_097241972673,AZD-7624,8182,train_pool
batch_2,41931,CPD_097241972673,AZD-7624,8183,test
batch_2,42094,CPD_097241972673,AZD-7624,8184,train_pool
batch_2,43141,CPD_097241972673,AZD-7624,8185,train_pool
batch_2,43283,CPD_097241972673,AZD-7624,8186,train_pool
batch_2,43416,CPD_097241972673,AZD-7624,8187,train_pool
batch_2,43423,CPD_097241972673,AZD-7624,8188,test
batch_2,44570,CPD_097241972673,AZD-7624,8189,train_pool
batch_2,45596,CPD_097241972673,AZD-7624,8190,train_pool
batch_2,45970,CPD_097241972673,AZD-7624,8191,train_pool
batch_2,46457,CPD_097241972673,AZD-7624,8192,train_pool
batch_2,46780,CPD_097241972673,AZD-7624,8193,train_pool
batch_2,47047,CPD_097241972673,AZD-7624,8194,train_pool
batch_2,48692,CPD_097241972673,AZD-7624,8195,test
batch_2,48966,CPD_097241972673,AZD-7624,8196,train_pool
batch_2,49133,CPD_097241972673,AZD-7624,8197,train_pool
batch_2,809,CPD_168135774311,BAY-293,8198,train_pool
batch_2,2098,CPD_168135774311,BAY-293,8199,train_pool
batch_2,2754,CPD_168135774311,BAY-293,8200,train_pool
batch_2,3743,CPD_168135774311,BAY-293,8201,train_pool
batch_2,4378,CPD_168135774311,BAY-293,8202,train_pool
batch_2,4947,CPD_168135774311,BAY-293,8203,train_pool
batch_2,5281,CPD_168135774311,BAY-293,8204,train_pool
batch_2,5820,CPD_168135774311,BAY-293,8205,train_pool
batch_2,7395,CPD_168135774311,BAY-293,8206,train_pool
batch_2,7971,CPD_168135774311,BAY-293,8207,train_pool
batch_2,8056,CPD_168135774311,BAY-293,8208,test
batch_2,8274,CPD_168135774311,BAY-293,8209,train_pool
batch_2,8619,CPD_168135774311,BAY-293,8210,train_pool
batch_2,8654,CPD_168135774311,BAY-293,8211,train_pool
batch_2,8934,CPD_168135774311,BAY-293,8212,train_pool
batch_2,10005,CPD_168135774311,BAY-293,8213,test
batch_2,10640,CPD_168135774311,BAY-293,8214,train_pool
batch_2,10788,CPD_168135774311,BAY-293,8215,test
batch_2,10794,CPD_168135774311,BAY-293,8216,train_pool
batch_2,10847,CPD_168135774311,BAY-293,8217,train_pool
batch_2,11536,CPD_168135774311,BAY-293,8218,train_pool
batch_2,11994,CPD_168135774311,BAY-293,8219,train_pool
batch_2,12150,CPD_168135774311,BAY-293,8220,train_pool
batch_2,12553,CPD_168135774311,BAY-293,8221,train_pool
batch_2,12788,CPD_168135774311,BAY-293,8222,train_pool
batch_2,12959,CPD_168135774311,BAY-293,8223,train_pool
batch_2,12992,CPD_168135774311,BAY-293,8224,train_pool
batch_2,13223,CPD_168135774311,BAY-293,8225,test
batch_2,13715,CPD_168135774311,BAY-293,8226,train_pool
batch_2,13729,CPD_168135774311,BAY-293,8227,test
batch_2,14060,CPD_168135774311,BAY-293,8228,train_pool
batch_2,14127,CPD_168135774311,BAY-293,8229,train_pool
batch_2,15015,CPD_168135774311,BAY-293,8230,train_pool
batch_2,15199,CPD_168135774311,BAY-293,8231,train_pool
batch_2,15841,CPD_168135774311,BAY-293,8232,test
batch_2,15869,CPD_168135774311,BAY-293,8233,train_pool
batch_2,16129,CPD_168135774311,BAY-293,8234,train_pool
batch_2,16741,CPD_168135774311,BAY-293,8235,train_pool
batch_2,16856,CPD_168135774311,BAY-293,8236,test
batch_2,17112,CPD_168135774311,BAY-293,8237,train_pool
batch_2,17335,CPD_168135774311,BAY-293,8238,test
batch_2,17566,CPD_168135774311,BAY-293,8239,test
batch_2,17575,CPD_168135774311,BAY-293,8240,train_pool
batch_2,17620,CPD_168135774311,BAY-293,8241,train_pool
batch_2,17683,CPD_168135774311,BAY-293,8242,train_pool
batch_2,17742,CPD_168135774311,BAY-293,8243,train_pool
batch_2,17949,CPD_168135774311,BAY-293,8244,train_pool
batch_2,18349,CPD_168135774311,BAY-293,8245,train_pool
batch_2,19027,CPD_168135774311,BAY-293,8246,train_pool
batch_2,19164,CPD_168135774311,BAY-293,8247,test
batch_2,19794,CPD_168135774311,BAY-293,8248,train_pool
batch_2,20246,CPD_168135774311,BAY-293,8249,train_pool
batch_2,21316,CPD_168135774311,BAY-293,8250,train_pool
batch_2,21740,CPD_168135774311,BAY-293,8251,test
batch_2,21917,CPD_168135774311,BAY-293,8252,train_pool
batch_2,22398,CPD_168135774311,BAY-293,8253,train_pool
batch_2,23189,CPD_168135774311,BAY-293,8254,test
batch_2,23522,CPD_168135774311,BAY-293,8255,test
batch_2,24604,CPD_168135774311,BAY-293,8256,test
batch_2,24837,CPD_168135774311,BAY-293,8257,train_pool
batch_2,26084,CPD_168135774311,BAY-293,8258,test
batch_2,26085,CPD_168135774311,BAY-293,8259,train_pool
batch_2,26114,CPD_168135774311,BAY-293,8260,train_pool
batch_2,26310,CPD_168135774311,BAY-293,8261,train_pool
batch_2,26459,CPD_168135774311,BAY-293,8262,train_pool
batch_2,26820,CPD_168135774311,BAY-293,8263,test
batch_2,27040,CPD_168135774311,BAY-293,8264,train_pool
batch_2,27722,CPD_168135774311,BAY-293,8265,test
batch_2,28200,CPD_168135774311,BAY-293,8266,train_pool
batch_2,29586,CPD_168135774311,BAY-293,8267,train_pool
batch_2,29641,CPD_168135774311,BAY-293,8268,test
batch_2,29723,CPD_168135774311,BAY-293,8269,train_pool
batch_2,30219,CPD_168135774311,BAY-293,8270,train_pool
batch_2,30665,CPD_168135774311,BAY-293,8271,train_pool
batch_2,31060,CPD_168135774311,BAY-293,8272,train_pool
batch_2,31305,CPD_168135774311,BAY-293,8273,train_pool
batch_2,31710,CPD_168135774311,BAY-293,8274,train_pool
batch_2,31796,CPD_168135774311,BAY-293,8275,train_pool
batch_2,31948,CPD_168135774311,BAY-293,8276,test
batch_2,32836,CPD_168135774311,BAY-293,8277,train_pool
batch_2,33216,CPD_168135774311,BAY-293,8278,train_pool
batch_2,33243,CPD_168135774311,BAY-293,8279,train_pool
batch_2,33651,CPD_168135774311,BAY-293,8280,train_pool
batch_2,34214,CPD_168135774311,BAY-293,8281,train_pool
batch_2,35064,CPD_168135774311,BAY-293,8282,train_pool
batch_2,35102,CPD_168135774311,BAY-293,8283,train_pool
batch_2,35174,CPD_168135774311,BAY-293,8284,train_pool
batch_2,35191,CPD_168135774311,BAY-293,8285,train_pool
batch_2,35260,CPD_168135774311,BAY-293,8286,train_pool
batch_2,35454,CPD_168135774311,BAY-293,8287,train_pool
batch_2,35750,CPD_168135774311,BAY-293,8288,train_pool
batch_2,35981,CPD_168135774311,BAY-293,8289,train_pool
batch_2,36249,CPD_168135774311,BAY-293,8290,train_pool
batch_2,36607,CPD_168135774311,BAY-293,8291,train_pool
batch_2,36827,CPD_168135774311,BAY-293,8292,train_pool
batch_2,37053,CPD_168135774311,BAY-293,8293,train_pool
batch_2,37154,CPD_168135774311,BAY-293,8294,train_pool
batch_2,37261,CPD_168135774311,BAY-293,8295,train_pool
batch_2,37421,CPD_168135774311,BAY-293,8296,train_pool
batch_2,37635,CPD_168135774311,BAY-293,8297,test
batch_2,37889,CPD_168135774311,BAY-293,8298,test
batch_2,37914,CPD_168135774311,BAY-293,8299,train_pool
batch_2,38029,CPD_168135774311,BAY-293,8300,train_pool
batch_2,38276,CPD_168135774311,BAY-293,8301,train_pool
batch_2,38451,CPD_168135774311,BAY-293,8302,train_pool
batch_2,38454,CPD_168135774311,BAY-293,8303,train_pool
batch_2,39194,CPD_168135774311,BAY-293,8304,train_pool
batch_2,39501,CPD_168135774311,BAY-293,8305,train_pool
batch_2,39773,CPD_168135774311,BAY-293,8306,test
batch_2,39865,CPD_168135774311,BAY-293,8307,test
batch_2,40066,CPD_168135774311,BAY-293,8308,train_pool
batch_2,40307,CPD_168135774311,BAY-293,8309,train_pool
batch_2,40549,CPD_168135774311,BAY-293,8310,train_pool
batch_2,41774,CPD_168135774311,BAY-293,8311,train_pool
batch_2,41917,CPD_168135774311,BAY-293,8312,train_pool
batch_2,41951,CPD_168135774311,BAY-293,8313,train_pool
batch_2,42222,CPD_168135774311,BAY-293,8314,train_pool
batch_2,42476,CPD_168135774311,BAY-293,8315,train_pool
batch_2,42882,CPD_168135774311,BAY-293,8316,train_pool
batch_2,42917,CPD_168135774311,BAY-293,8317,train_pool
batch_2,43095,CPD_168135774311,BAY-293,8318,train_pool
batch_2,43829,CPD_168135774311,BAY-293,8319,train_pool
batch_2,44270,CPD_168135774311,BAY-293,8320,train_pool
batch_2,46387,CPD_168135774311,BAY-293,8321,train_pool
batch_2,46412,CPD_168135774311,BAY-293,8322,train_pool
batch_2,46837,CPD_168135774311,BAY-293,8323,train_pool
batch_2,47206,CPD_168135774311,BAY-293,8324,train_pool
batch_2,47518,CPD_168135774311,BAY-293,8325,train_pool
batch_2,48382,CPD_168135774311,BAY-293,8326,test
batch_2,48527,CPD_168135774311,BAY-293,8327,test
batch_2,48529,CPD_168135774311,BAY-293,8328,test
batch_2,2375,CPD_150752035598,BGT226,8329,train_pool
batch_2,2738,CPD_150752035598,BGT226,8330,train_pool
batch_2,3384,CPD_150752035598,BGT226,8331,train_pool
batch_2,5121,CPD_150752035598,BGT226,8332,train_pool
batch_2,5593,CPD_150752035598,BGT226,8333,train_pool
batch_2,6006,CPD_150752035598,BGT226,8334,train_pool
batch_2,6892,CPD_150752035598,BGT226,8335,train_pool
batch_2,7232,CPD_150752035598,BGT226,8336,train_pool
batch_2,9183,CPD_150752035598,BGT226,8337,test
batch_2,11951,CPD_150752035598,BGT226,8338,train_pool
batch_2,12230,CPD_150752035598,BGT226,8339,train_pool
batch_2,12333,CPD_150752035598,BGT226,8340,test
batch_2,13113,CPD_150752035598,BGT226,8341,train_pool
batch_2,13177,CPD_150752035598,BGT226,8342,train_pool
batch_2,14493,CPD_150752035598,BGT226,8343,train_pool
batch_2,14606,CPD_150752035598,BGT226,8344,train_pool
batch_2,15790,CPD_150752035598,BGT226,8345,train_pool
batch_2,16088,CPD_150752035598,BGT226,8346,test
batch_2,16201,CPD_150752035598,BGT226,8347,train_pool
batch_2,16482,CPD_150752035598,BGT226,8348,train_pool
batch_2,16965,CPD_150752035598,BGT226,8349,test
batch_2,17290,CPD_150752035598,BGT226,8350,train_pool
batch_2,17874,CPD_150752035598,BGT226,8351,train_pool
batch_2,19464,CPD_150752035598,BGT226,8352,train_pool
batch_2,21036,CPD_150752035598,BGT226,8353,train_pool
batch_2,21495,CPD_150752035598,BGT226,8354,train_pool
batch_2,22390,CPD_150752035598,BGT226,8355,train_pool
batch_2,23168,CPD_150752035598,BGT226,8356,test
batch_2,23394,CPD_150752035598,BGT226,8357,train_pool
batch_2,24101,CPD_150752035598,BGT226,8358,train_pool
batch_2,27617,CPD_150752035598,BGT226,8359,train_pool
batch_2,27956,CPD_150752035598,BGT226,8360,test
batch_2,28252,CPD_150752035598,BGT226,8361,train_pool
batch_2,29474,CPD_150752035598,BGT226,8362,train_pool
batch_2,31893,CPD_150752035598,BGT226,8363,train_pool
batch_2,32540,CPD_150752035598,BGT226,8364,train_pool
batch_2,33223,CPD_150752035598,BGT226,8365,train_pool
batch_2,33280,CPD_150752035598,BGT226,8366,train_pool
batch_2,34040,CPD_150752035598,BGT226,8367,test
batch_2,34125,CPD_150752035598,BGT226,8368,train_pool
batch_2,34187,CPD_150752035598,BGT226,8369,test
batch_2,34599,CPD_150752035598,BGT226,8370,train_pool
batch_2,35255,CPD_150752035598,BGT226,8371,train_pool
batch_2,35951,CPD_150752035598,BGT226,8372,test
batch_2,36158,CPD_150752035598,BGT226,8373,train_pool
batch_2,36198,CPD_150752035598,BGT226,8374,train_pool
batch_2,36288,CPD_150752035598,BGT226,8375,train_pool
batch_2,36529,CPD_150752035598,BGT226,8376,train_pool
batch_2,41086,CPD_150752035598,BGT226,8377,train_pool
batch_2,41566,CPD_150752035598,BGT226,8378,test
batch_2,41627,CPD_150752035598,BGT226,8379,test
batch_2,42155,CPD_150752035598,BGT226,8380,train_pool
batch_2,44631,CPD_150752035598,BGT226,8381,train_pool
batch_2,48658,CPD_150752035598,BGT226,8382,train_pool
batch_2,703,CPD_027984907598,BMS-509744,8383,train_pool
batch_2,1547,CPD_027984907598,BMS-509744,8384,train_pool
batch_2,1934,CPD_027984907598,BMS-509744,8385,train_pool
batch_2,2708,CPD_027984907598,BMS-509744,8386,train_pool
batch_2,3324,CPD_027984907598,BMS-509744,8387,test
batch_2,3645,CPD_027984907598,BMS-509744,8388,train_pool
batch_2,4124,CPD_027984907598,BMS-509744,8389,train_pool
batch_2,4126,CPD_027984907598,BMS-509744,8390,train_pool
batch_2,4698,CPD_027984907598,BMS-509744,8391,train_pool
batch_2,5276,CPD_027984907598,BMS-509744,8392,train_pool
batch_2,5492,CPD_027984907598,BMS-509744,8393,train_pool
batch_2,5650,CPD_027984907598,BMS-509744,8394,train_pool
batch_2,5911,CPD_027984907598,BMS-509744,8395,train_pool
batch_2,6161,CPD_027984907598,BMS-509744,8396,test
batch_2,6541,CPD_027984907598,BMS-509744,8397,train_pool
batch_2,6745,CPD_027984907598,BMS-509744,8398,train_pool
batch_2,7205,CPD_027984907598,BMS-509744,8399,train_pool
batch_2,8459,CPD_027984907598,BMS-509744,8400,train_pool
batch_2,8503,CPD_027984907598,BMS-509744,8401,train_pool
batch_2,9522,CPD_027984907598,BMS-509744,8402,test
batch_2,10007,CPD_027984907598,BMS-509744,8403,train_pool
batch_2,10236,CPD_027984907598,BMS-509744,8404,train_pool
batch_2,10555,CPD_027984907598,BMS-509744,8405,train_pool
batch_2,11453,CPD_027984907598,BMS-509744,8406,train_pool
batch_2,11821,CPD_027984907598,BMS-509744,8407,train_pool
batch_2,15572,CPD_027984907598,BMS-509744,8408,train_pool
batch_2,16147,CPD_027984907598,BMS-509744,8409,train_pool
batch_2,16769,CPD_027984907598,BMS-509744,8410,train_pool
batch_2,17342,CPD_027984907598,BMS-509744,8411,train_pool
batch_2,17468,CPD_027984907598,BMS-509744,8412,test
batch_2,17547,CPD_027984907598,BMS-509744,8413,test
batch_2,17741,CPD_027984907598,BMS-509744,8414,train_pool
batch_2,18076,CPD_027984907598,BMS-509744,8415,train_pool
batch_2,18123,CPD_027984907598,BMS-509744,8416,train_pool
batch_2,19056,CPD_027984907598,BMS-509744,8417,test
batch_2,19503,CPD_027984907598,BMS-509744,8418,train_pool
batch_2,19845,CPD_027984907598,BMS-509744,8419,train_pool
batch_2,21705,CPD_027984907598,BMS-509744,8420,train_pool
batch_2,22082,CPD_027984907598,BMS-509744,8421,train_pool
batch_2,22189,CPD_027984907598,BMS-509744,8422,train_pool
batch_2,22425,CPD_027984907598,BMS-509744,8423,train_pool
batch_2,22437,CPD_027984907598,BMS-509744,8424,train_pool
batch_2,22859,CPD_027984907598,BMS-509744,8425,train_pool
batch_2,24426,CPD_027984907598,BMS-509744,8426,train_pool
batch_2,26262,CPD_027984907598,BMS-509744,8427,train_pool
batch_2,26893,CPD_027984907598,BMS-509744,8428,test
batch_2,28976,CPD_027984907598,BMS-509744,8429,train_pool
batch_2,29037,CPD_027984907598,BMS-509744,8430,train_pool
batch_2,29268,CPD_027984907598,BMS-509744,8431,test
batch_2,29340,CPD_027984907598,BMS-509744,8432,test
batch_2,30268,CPD_027984907598,BMS-509744,8433,train_pool
batch_2,30957,CPD_027984907598,BMS-509744,8434,train_pool
batch_2,31228,CPD_027984907598,BMS-509744,8435,train_pool
batch_2,32166,CPD_027984907598,BMS-509744,8436,train_pool
batch_2,32691,CPD_027984907598,BMS-509744,8437,train_pool
batch_2,33228,CPD_027984907598,BMS-509744,8438,train_pool
batch_2,33363,CPD_027984907598,BMS-509744,8439,train_pool
batch_2,33805,CPD_027984907598,BMS-509744,8440,train_pool
batch_2,33921,CPD_027984907598,BMS-509744,8441,train_pool
batch_2,34267,CPD_027984907598,BMS-509744,8442,train_pool
batch_2,34287,CPD_027984907598,BMS-509744,8443,train_pool
batch_2,34438,CPD_027984907598,BMS-509744,8444,train_pool
batch_2,34495,CPD_027984907598,BMS-509744,8445,train_pool
batch_2,35731,CPD_027984907598,BMS-509744,8446,train_pool
batch_2,35944,CPD_027984907598,BMS-509744,8447,train_pool
batch_2,36263,CPD_027984907598,BMS-509744,8448,train_pool
batch_2,36520,CPD_027984907598,BMS-509744,8449,test
batch_2,36856,CPD_027984907598,BMS-509744,8450,train_pool
batch_2,37443,CPD_027984907598,BMS-509744,8451,test
batch_2,38154,CPD_027984907598,BMS-509744,8452,train_pool
batch_2,38180,CPD_027984907598,BMS-509744,8453,test
batch_2,39154,CPD_027984907598,BMS-509744,8454,test
batch_2,40678,CPD_027984907598,BMS-509744,8455,train_pool
batch_2,40709,CPD_027984907598,BMS-509744,8456,train_pool
batch_2,40982,CPD_027984907598,BMS-509744,8457,train_pool
batch_2,41713,CPD_027984907598,BMS-509744,8458,test
batch_2,42895,CPD_027984907598,BMS-509744,8459,train_pool
batch_2,45189,CPD_027984907598,BMS-509744,8460,train_pool
batch_2,46311,CPD_027984907598,BMS-509744,8461,test
batch_2,49099,CPD_027984907598,BMS-509744,8462,test
batch_2,49231,CPD_027984907598,BMS-509744,8463,train_pool
batch_2,663,CPD_652873333040,CP-673451,8464,train_pool
batch_2,1639,CPD_652873333040,CP-673451,8465,train_pool
batch_2,2100,CPD_652873333040,CP-673451,8466,train_pool
batch_2,2166,CPD_652873333040,CP-673451,8467,train_pool
batch_2,2418,CPD_652873333040,CP-673451,8468,test
batch_2,2528,CPD_652873333040,CP-673451,8469,train_pool
batch_2,2707,CPD_652873333040,CP-673451,8470,test
batch_2,2882,CPD_652873333040,CP-673451,8471,train_pool
batch_2,4077,CPD_652873333040,CP-673451,8472,train_pool
batch_2,4859,CPD_652873333040,CP-673451,8473,train_pool
batch_2,5188,CPD_652873333040,CP-673451,8474,train_pool
batch_2,5527,CPD_652873333040,CP-673451,8475,train_pool
batch_2,5648,CPD_652873333040,CP-673451,8476,train_pool
batch_2,5864,CPD_652873333040,CP-673451,8477,train_pool
batch_2,6241,CPD_652873333040,CP-673451,8478,train_pool
batch_2,6885,CPD_652873333040,CP-673451,8479,train_pool
batch_2,6926,CPD_652873333040,CP-673451,8480,train_pool
batch_2,7443,CPD_652873333040,CP-673451,8481,train_pool
batch_2,8117,CPD_652873333040,CP-673451,8482,test
batch_2,8844,CPD_652873333040,CP-673451,8483,train_pool
batch_2,8850,CPD_652873333040,CP-673451,8484,train_pool
batch_2,9997,CPD_652873333040,CP-673451,8485,train_pool
batch_2,10554,CPD_652873333040,CP-673451,8486,train_pool
batch_2,11006,CPD_652873333040,CP-673451,8487,train_pool
batch_2,11221,CPD_652873333040,CP-673451,8488,train_pool
batch_2,11729,CPD_652873333040,CP-673451,8489,test
batch_2,11884,CPD_652873333040,CP-673451,8490,test
batch_2,11916,CPD_652873333040,CP-673451,8491,train_pool
batch_2,12044,CPD_652873333040,CP-673451,8492,train_pool
batch_2,12514,CPD_652873333040,CP-673451,8493,train_pool
batch_2,12593,CPD_652873333040,CP-673451,8494,train_pool
batch_2,12639,CPD_652873333040,CP-673451,8495,test
batch_2,13135,CPD_652873333040,CP-673451,8496,test
batch_2,13139,CPD_652873333040,CP-673451,8497,train_pool
batch_2,13728,CPD_652873333040,CP-673451,8498,train_pool
batch_2,13807,CPD_652873333040,CP-673451,8499,train_pool
batch_2,14269,CPD_652873333040,CP-673451,8500,train_pool
batch_2,14771,CPD_652873333040,CP-673451,8501,test
batch_2,14783,CPD_652873333040,CP-673451,8502,train_pool
batch_2,14851,CPD_652873333040,CP-673451,8503,train_pool
batch_2,15151,CPD_652873333040,CP-673451,8504,train_pool
batch_2,15741,CPD_652873333040,CP-673451,8505,train_pool
batch_2,15824,CPD_652873333040,CP-673451,8506,train_pool
batch_2,15923,CPD_652873333040,CP-673451,8507,train_pool
batch_2,16110,CPD_652873333040,CP-673451,8508,train_pool
batch_2,16695,CPD_652873333040,CP-673451,8509,train_pool
batch_2,16777,CPD_652873333040,CP-673451,8510,test
batch_2,16967,CPD_652873333040,CP-673451,8511,train_pool
batch_2,17024,CPD_652873333040,CP-673451,8512,train_pool
batch_2,17624,CPD_652873333040,CP-673451,8513,train_pool
batch_2,18218,CPD_652873333040,CP-673451,8514,train_pool
batch_2,18303,CPD_652873333040,CP-673451,8515,train_pool
batch_2,18431,CPD_652873333040,CP-673451,8516,train_pool
batch_2,19924,CPD_652873333040,CP-673451,8517,train_pool
batch_2,21080,CPD_652873333040,CP-673451,8518,train_pool
batch_2,21373,CPD_652873333040,CP-673451,8519,test
batch_2,21397,CPD_652873333040,CP-673451,8520,train_pool
batch_2,21411,CPD_652873333040,CP-673451,8521,train_pool
batch_2,21599,CPD_652873333040,CP-673451,8522,test
batch_2,22492,CPD_652873333040,CP-673451,8523,test
batch_2,22961,CPD_652873333040,CP-673451,8524,test
batch_2,24498,CPD_652873333040,CP-673451,8525,train_pool
batch_2,24611,CPD_652873333040,CP-673451,8526,train_pool
batch_2,24801,CPD_652873333040,CP-673451,8527,train_pool
batch_2,26129,CPD_652873333040,CP-673451,8528,train_pool
batch_2,26436,CPD_652873333040,CP-673451,8529,train_pool
batch_2,27127,CPD_652873333040,CP-673451,8530,test
batch_2,27236,CPD_652873333040,CP-673451,8531,train_pool
batch_2,28196,CPD_652873333040,CP-673451,8532,train_pool
batch_2,28860,CPD_652873333040,CP-673451,8533,train_pool
batch_2,29112,CPD_652873333040,CP-673451,8534,test
batch_2,29139,CPD_652873333040,CP-673451,8535,train_pool
batch_2,29323,CPD_652873333040,CP-673451,8536,test
batch_2,29572,CPD_652873333040,CP-673451,8537,test
batch_2,29862,CPD_652873333040,CP-673451,8538,train_pool
batch_2,30832,CPD_652873333040,CP-673451,8539,train_pool
batch_2,31418,CPD_652873333040,CP-673451,8540,train_pool
batch_2,31488,CPD_652873333040,CP-673451,8541,train_pool
batch_2,32138,CPD_652873333040,CP-673451,8542,train_pool
batch_2,32396,CPD_652873333040,CP-673451,8543,train_pool
batch_2,32507,CPD_652873333040,CP-673451,8544,train_pool
batch_2,32838,CPD_652873333040,CP-673451,8545,train_pool
batch_2,33063,CPD_652873333040,CP-673451,8546,train_pool
batch_2,33103,CPD_652873333040,CP-673451,8547,train_pool
batch_2,33315,CPD_652873333040,CP-673451,8548,train_pool
batch_2,33570,CPD_652873333040,CP-673451,8549,train_pool
batch_2,34227,CPD_652873333040,CP-673451,8550,train_pool
batch_2,34444,CPD_652873333040,CP-673451,8551,test
batch_2,34849,CPD_652873333040,CP-673451,8552,train_pool
batch_2,35004,CPD_652873333040,CP-673451,8553,train_pool
batch_2,35052,CPD_652873333040,CP-673451,8554,train_pool
batch_2,35486,CPD_652873333040,CP-673451,8555,train_pool
batch_2,35628,CPD_652873333040,CP-673451,8556,train_pool
batch_2,35728,CPD_652873333040,CP-673451,8557,train_pool
batch_2,37312,CPD_652873333040,CP-673451,8558,train_pool
batch_2,37441,CPD_652873333040,CP-673451,8559,train_pool
batch_2,37498,CPD_652873333040,CP-673451,8560,train_pool
batch_2,37636,CPD_652873333040,CP-673451,8561,train_pool
batch_2,38345,CPD_652873333040,CP-673451,8562,train_pool
batch_2,38416,CPD_652873333040,CP-673451,8563,train_pool
batch_2,38598,CPD_652873333040,CP-673451,8564,test
batch_2,39565,CPD_652873333040,CP-673451,8565,test
batch_2,39976,CPD_652873333040,CP-673451,8566,train_pool
batch_2,40106,CPD_652873333040,CP-673451,8567,train_pool
batch_2,40344,CPD_652873333040,CP-673451,8568,train_pool
batch_2,40509,CPD_652873333040,CP-673451,8569,train_pool
batch_2,41526,CPD_652873333040,CP-673451,8570,train_pool
batch_2,41684,CPD_652873333040,CP-673451,8571,train_pool
batch_2,41762,CPD_652873333040,CP-673451,8572,test
batch_2,42291,CPD_652873333040,CP-673451,8573,train_pool
batch_2,42805,CPD_652873333040,CP-673451,8574,train_pool
batch_2,42892,CPD_652873333040,CP-673451,8575,train_pool
batch_2,42959,CPD_652873333040,CP-673451,8576,train_pool
batch_2,43123,CPD_652873333040,CP-673451,8577,train_pool
batch_2,43138,CPD_652873333040,CP-673451,8578,test
batch_2,43207,CPD_652873333040,CP-673451,8579,train_pool
batch_2,43218,CPD_652873333040,CP-673451,8580,test
batch_2,43993,CPD_652873333040,CP-673451,8581,test
batch_2,44027,CPD_652873333040,CP-673451,8582,train_pool
batch_2,44520,CPD_652873333040,CP-673451,8583,train_pool
batch_2,44681,CPD_652873333040,CP-673451,8584,train_pool
batch_2,45785,CPD_652873333040,CP-673451,8585,train_pool
batch_2,45985,CPD_652873333040,CP-673451,8586,train_pool
batch_2,46050,CPD_652873333040,CP-673451,8587,train_pool
batch_2,46148,CPD_652873333040,CP-673451,8588,test
batch_2,46233,CPD_652873333040,CP-673451,8589,train_pool
batch_2,46578,CPD_652873333040,CP-673451,8590,test
batch_2,47028,CPD_652873333040,CP-673451,8591,test
batch_2,47485,CPD_652873333040,CP-673451,8592,train_pool
batch_2,48034,CPD_652873333040,CP-673451,8593,train_pool
batch_2,48164,CPD_652873333040,CP-673451,8594,train_pool
batch_2,48431,CPD_652873333040,CP-673451,8595,train_pool
batch_2,48455,CPD_652873333040,CP-673451,8596,train_pool
batch_2,2427,CPD_326167036106,Capmatinib,8597,train_pool
batch_2,2944,CPD_326167036106,Capmatinib,8598,train_pool
batch_2,3398,CPD_326167036106,Capmatinib,8599,train_pool
batch_2,7977,CPD_326167036106,Capmatinib,8600,train_pool
batch_2,8421,CPD_326167036106,Capmatinib,8601,train_pool
batch_2,10152,CPD_326167036106,Capmatinib,8602,train_pool
batch_2,10643,CPD_326167036106,Capmatinib,8603,train_pool
batch_2,11832,CPD_326167036106,Capmatinib,8604,train_pool
batch_2,11964,CPD_326167036106,Capmatinib,8605,train_pool
batch_2,12424,CPD_326167036106,Capmatinib,8606,train_pool
batch_2,12575,CPD_326167036106,Capmatinib,8607,test
batch_2,12936,CPD_326167036106,Capmatinib,8608,train_pool
batch_2,13818,CPD_326167036106,Capmatinib,8609,train_pool
batch_2,13949,CPD_326167036106,Capmatinib,8610,train_pool
batch_2,14331,CPD_326167036106,Capmatinib,8611,train_pool
batch_2,15597,CPD_326167036106,Capmatinib,8612,test
batch_2,15823,CPD_326167036106,Capmatinib,8613,test
batch_2,15838,CPD_326167036106,Capmatinib,8614,train_pool
batch_2,16304,CPD_326167036106,Capmatinib,8615,train_pool
batch_2,19347,CPD_326167036106,Capmatinib,8616,train_pool
batch_2,21417,CPD_326167036106,Capmatinib,8617,train_pool
batch_2,22193,CPD_326167036106,Capmatinib,8618,train_pool
batch_2,25093,CPD_326167036106,Capmatinib,8619,train_pool
batch_2,26750,CPD_326167036106,Capmatinib,8620,train_pool
batch_2,27451,CPD_326167036106,Capmatinib,8621,train_pool
batch_2,29564,CPD_326167036106,Capmatinib,8622,train_pool
batch_2,31208,CPD_326167036106,Capmatinib,8623,test
batch_2,31689,CPD_326167036106,Capmatinib,8624,train_pool
batch_2,32152,CPD_326167036106,Capmatinib,8625,train_pool
batch_2,33084,CPD_326167036106,Capmatinib,8626,test
batch_2,33286,CPD_326167036106,Capmatinib,8627,train_pool
batch_2,33681,CPD_326167036106,Capmatinib,8628,test
batch_2,34247,CPD_326167036106,Capmatinib,8629,train_pool
batch_2,34518,CPD_326167036106,Capmatinib,8630,test
batch_2,35387,CPD_326167036106,Capmatinib,8631,train_pool
batch_2,36274,CPD_326167036106,Capmatinib,8632,train_pool
batch_2,36825,CPD_326167036106,Capmatinib,8633,train_pool
batch_2,37018,CPD_326167036106,Capmatinib,8634,test
batch_2,38955,CPD_326167036106,Capmatinib,8635,train_pool
batch_2,39527,CPD_326167036106,Capmatinib,8636,train_pool
batch_2,40277,CPD_326167036106,Capmatinib,8637,train_pool
batch_2,42677,CPD_326167036106,Capmatinib,8638,train_pool
batch_2,44437,CPD_326167036106,Capmatinib,8639,train_pool
batch_2,45057,CPD_326167036106,Capmatinib,8640,train_pool
batch_2,46515,CPD_326167036106,Capmatinib,8641,test
batch_2,46637,CPD_326167036106,Capmatinib,8642,train_pool
batch_2,47365,CPD_326167036106,Capmatinib,8643,train_pool
batch_2,47563,CPD_326167036106,Capmatinib,8644,train_pool
batch_2,1313,CPD_471264222636,Crizotinib,8645,test
batch_2,1770,CPD_471264222636,Crizotinib,8646,train_pool
batch_2,1958,CPD_471264222636,Crizotinib,8647,test
batch_2,2225,CPD_471264222636,Crizotinib,8648,train_pool
batch_2,2392,CPD_471264222636,Crizotinib,8649,train_pool
batch_2,2691,CPD_471264222636,Crizotinib,8650,train_pool
batch_2,2721,CPD_471264222636,Crizotinib,8651,train_pool
batch_2,2912,CPD_471264222636,Crizotinib,8652,train_pool
batch_2,3104,CPD_471264222636,Crizotinib,8653,test
batch_2,3425,CPD_471264222636,Crizotinib,8654,train_pool
batch_2,3480,CPD_471264222636,Crizotinib,8655,train_pool
batch_2,3519,CPD_471264222636,Crizotinib,8656,train_pool
batch_2,4046,CPD_471264222636,Crizotinib,8657,test
batch_2,4093,CPD_471264222636,Crizotinib,8658,train_pool
batch_2,4208,CPD_471264222636,Crizotinib,8659,test
batch_2,5115,CPD_471264222636,Crizotinib,8660,train_pool
batch_2,6443,CPD_471264222636,Crizotinib,8661,test
batch_2,6591,CPD_471264222636,Crizotinib,8662,test
batch_2,6971,CPD_471264222636,Crizotinib,8663,train_pool
batch_2,7098,CPD_471264222636,Crizotinib,8664,train_pool
batch_2,7334,CPD_471264222636,Crizotinib,8665,train_pool
batch_2,7479,CPD_471264222636,Crizotinib,8666,train_pool
batch_2,7690,CPD_471264222636,Crizotinib,8667,train_pool
batch_2,8234,CPD_471264222636,Crizotinib,8668,train_pool
batch_2,8237,CPD_471264222636,Crizotinib,8669,train_pool
batch_2,8825,CPD_471264222636,Crizotinib,8670,test
batch_2,8913,CPD_471264222636,Crizotinib,8671,train_pool
batch_2,8982,CPD_471264222636,Crizotinib,8672,train_pool
batch_2,9426,CPD_471264222636,Crizotinib,8673,train_pool
batch_2,9670,CPD_471264222636,Crizotinib,8674,train_pool
batch_2,9804,CPD_471264222636,Crizotinib,8675,train_pool
batch_2,10053,CPD_471264222636,Crizotinib,8676,test
batch_2,10669,CPD_471264222636,Crizotinib,8677,train_pool
batch_2,10913,CPD_471264222636,Crizotinib,8678,train_pool
batch_2,11150,CPD_471264222636,Crizotinib,8679,test
batch_2,11345,CPD_471264222636,Crizotinib,8680,train_pool
batch_2,11355,CPD_471264222636,Crizotinib,8681,train_pool
batch_2,11953,CPD_471264222636,Crizotinib,8682,train_pool
batch_2,12357,CPD_471264222636,Crizotinib,8683,test
batch_2,12451,CPD_471264222636,Crizotinib,8684,test
batch_2,12666,CPD_471264222636,Crizotinib,8685,test
batch_2,12761,CPD_471264222636,Crizotinib,8686,train_pool
batch_2,14013,CPD_471264222636,Crizotinib,8687,train_pool
batch_2,14368,CPD_471264222636,Crizotinib,8688,test
batch_2,14478,CPD_471264222636,Crizotinib,8689,train_pool
batch_2,14614,CPD_471264222636,Crizotinib,8690,train_pool
batch_2,15198,CPD_471264222636,Crizotinib,8691,test
batch_2,15743,CPD_471264222636,Crizotinib,8692,train_pool
batch_2,16066,CPD_471264222636,Crizotinib,8693,train_pool
batch_2,16145,CPD_471264222636,Crizotinib,8694,train_pool
batch_2,16228,CPD_471264222636,Crizotinib,8695,test
batch_2,16698,CPD_471264222636,Crizotinib,8696,train_pool
batch_2,16738,CPD_471264222636,Crizotinib,8697,train_pool
batch_2,17071,CPD_471264222636,Crizotinib,8698,test
batch_2,17421,CPD_471264222636,Crizotinib,8699,train_pool
batch_2,17437,CPD_471264222636,Crizotinib,8700,train_pool
batch_2,17523,CPD_471264222636,Crizotinib,8701,train_pool
batch_2,17524,CPD_471264222636,Crizotinib,8702,train_pool
batch_2,17818,CPD_471264222636,Crizotinib,8703,test
batch_2,18113,CPD_471264222636,Crizotinib,8704,train_pool
batch_2,18231,CPD_471264222636,Crizotinib,8705,train_pool
batch_2,19045,CPD_471264222636,Crizotinib,8706,train_pool
batch_2,19891,CPD_471264222636,Crizotinib,8707,train_pool
batch_2,19992,CPD_471264222636,Crizotinib,8708,train_pool
batch_2,20248,CPD_471264222636,Crizotinib,8709,train_pool
batch_2,21135,CPD_471264222636,Crizotinib,8710,train_pool
batch_2,21257,CPD_471264222636,Crizotinib,8711,test
batch_2,21376,CPD_471264222636,Crizotinib,8712,train_pool
batch_2,21457,CPD_471264222636,Crizotinib,8713,train_pool
batch_2,21831,CPD_471264222636,Crizotinib,8714,test
batch_2,21939,CPD_471264222636,Crizotinib,8715,train_pool
batch_2,22057,CPD_471264222636,Crizotinib,8716,test
batch_2,22363,CPD_471264222636,Crizotinib,8717,train_pool
batch_2,22456,CPD_471264222636,Crizotinib,8718,train_pool
batch_2,23335,CPD_471264222636,Crizotinib,8719,train_pool
batch_2,24179,CPD_471264222636,Crizotinib,8720,train_pool
batch_2,24274,CPD_471264222636,Crizotinib,8721,train_pool
batch_2,24557,CPD_471264222636,Crizotinib,8722,train_pool
batch_2,25041,CPD_471264222636,Crizotinib,8723,train_pool
batch_2,25047,CPD_471264222636,Crizotinib,8724,test
batch_2,26093,CPD_471264222636,Crizotinib,8725,train_pool
batch_2,26117,CPD_471264222636,Crizotinib,8726,train_pool
batch_2,26497,CPD_471264222636,Crizotinib,8727,test
batch_2,27602,CPD_471264222636,Crizotinib,8728,train_pool
batch_2,27692,CPD_471264222636,Crizotinib,8729,test
batch_2,27768,CPD_471264222636,Crizotinib,8730,train_pool
batch_2,27957,CPD_471264222636,Crizotinib,8731,train_pool
batch_2,28167,CPD_471264222636,Crizotinib,8732,train_pool
batch_2,28807,CPD_471264222636,Crizotinib,8733,train_pool
batch_2,29391,CPD_471264222636,Crizotinib,8734,train_pool
batch_2,30187,CPD_471264222636,Crizotinib,8735,train_pool
batch_2,31605,CPD_471264222636,Crizotinib,8736,train_pool
batch_2,31929,CPD_471264222636,Crizotinib,8737,train_pool
batch_2,31964,CPD_471264222636,Crizotinib,8738,train_pool
batch_2,32036,CPD_471264222636,Crizotinib,8739,train_pool
batch_2,32364,CPD_471264222636,Crizotinib,8740,train_pool
batch_2,32471,CPD_471264222636,Crizotinib,8741,test
batch_2,33136,CPD_471264222636,Crizotinib,8742,train_pool
batch_2,33635,CPD_471264222636,Crizotinib,8743,test
batch_2,33875,CPD_471264222636,Crizotinib,8744,train_pool
batch_2,34147,CPD_471264222636,Crizotinib,8745,train_pool
batch_2,34434,CPD_471264222636,Crizotinib,8746,train_pool
batch_2,34626,CPD_471264222636,Crizotinib,8747,train_pool
batch_2,34883,CPD_471264222636,Crizotinib,8748,train_pool
batch_2,35024,CPD_471264222636,Crizotinib,8749,train_pool
batch_2,35337,CPD_471264222636,Crizotinib,8750,train_pool
batch_2,35354,CPD_471264222636,Crizotinib,8751,train_pool
batch_2,35408,CPD_471264222636,Crizotinib,8752,train_pool
batch_2,35523,CPD_471264222636,Crizotinib,8753,train_pool
batch_2,35590,CPD_471264222636,Crizotinib,8754,train_pool
batch_2,35678,CPD_471264222636,Crizotinib,8755,train_pool
batch_2,36153,CPD_471264222636,Crizotinib,8756,train_pool
batch_2,36233,CPD_471264222636,Crizotinib,8757,test
batch_2,36693,CPD_471264222636,Crizotinib,8758,train_pool
batch_2,36798,CPD_471264222636,Crizotinib,8759,train_pool
batch_2,36824,CPD_471264222636,Crizotinib,8760,test
batch_2,37119,CPD_471264222636,Crizotinib,8761,train_pool
batch_2,37796,CPD_471264222636,Crizotinib,8762,test
batch_2,37989,CPD_471264222636,Crizotinib,8763,train_pool
batch_2,38230,CPD_471264222636,Crizotinib,8764,train_pool
batch_2,38852,CPD_471264222636,Crizotinib,8765,train_pool
batch_2,39085,CPD_471264222636,Crizotinib,8766,train_pool
batch_2,39390,CPD_471264222636,Crizotinib,8767,train_pool
batch_2,40061,CPD_471264222636,Crizotinib,8768,train_pool
batch_2,40777,CPD_471264222636,Crizotinib,8769,train_pool
batch_2,40877,CPD_471264222636,Crizotinib,8770,train_pool
batch_2,41035,CPD_471264222636,Crizotinib,8771,train_pool
batch_2,41169,CPD_471264222636,Crizotinib,8772,train_pool
batch_2,41491,CPD_471264222636,Crizotinib,8773,train_pool
batch_2,41737,CPD_471264222636,Crizotinib,8774,train_pool
batch_2,42109,CPD_471264222636,Crizotinib,8775,train_pool
batch_2,42573,CPD_471264222636,Crizotinib,8776,train_pool
batch_2,43256,CPD_471264222636,Crizotinib,8777,train_pool
batch_2,43338,CPD_471264222636,Crizotinib,8778,train_pool
batch_2,43421,CPD_471264222636,Crizotinib,8779,train_pool
batch_2,43863,CPD_471264222636,Crizotinib,8780,train_pool
batch_2,44355,CPD_471264222636,Crizotinib,8781,train_pool
batch_2,45005,CPD_471264222636,Crizotinib,8782,train_pool
batch_2,46470,CPD_471264222636,Crizotinib,8783,train_pool
batch_2,46859,CPD_471264222636,Crizotinib,8784,train_pool
batch_2,46927,CPD_471264222636,Crizotinib,8785,train_pool
batch_2,47153,CPD_471264222636,Crizotinib,8786,train_pool
batch_2,48186,CPD_471264222636,Crizotinib,8787,train_pool
batch_2,1458,CPD_771491795323,GCN2-IN-7,8788,train_pool
batch_2,2370,CPD_771491795323,GCN2-IN-7,8789,train_pool
batch_2,2613,CPD_771491795323,GCN2-IN-7,8790,train_pool
batch_2,2806,CPD_771491795323,GCN2-IN-7,8791,train_pool
batch_2,3039,CPD_771491795323,GCN2-IN-7,8792,test
batch_2,3110,CPD_771491795323,GCN2-IN-7,8793,train_pool
batch_2,5801,CPD_771491795323,GCN2-IN-7,8794,train_pool
batch_2,6031,CPD_771491795323,GCN2-IN-7,8795,train_pool
batch_2,6087,CPD_771491795323,GCN2-IN-7,8796,train_pool
batch_2,6117,CPD_771491795323,GCN2-IN-7,8797,train_pool
batch_2,6785,CPD_771491795323,GCN2-IN-7,8798,train_pool
batch_2,8114,CPD_771491795323,GCN2-IN-7,8799,test
batch_2,8349,CPD_771491795323,GCN2-IN-7,8800,test
batch_2,8486,CPD_771491795323,GCN2-IN-7,8801,train_pool
batch_2,8859,CPD_771491795323,GCN2-IN-7,8802,train_pool
batch_2,9662,CPD_771491795323,GCN2-IN-7,8803,train_pool
batch_2,10392,CPD_771491795323,GCN2-IN-7,8804,train_pool
batch_2,11528,CPD_771491795323,GCN2-IN-7,8805,test
batch_2,11738,CPD_771491795323,GCN2-IN-7,8806,train_pool
batch_2,12398,CPD_771491795323,GCN2-IN-7,8807,train_pool
batch_2,12557,CPD_771491795323,GCN2-IN-7,8808,train_pool
batch_2,13082,CPD_771491795323,GCN2-IN-7,8809,train_pool
batch_2,13964,CPD_771491795323,GCN2-IN-7,8810,train_pool
batch_2,14057,CPD_771491795323,GCN2-IN-7,8811,train_pool
batch_2,14956,CPD_771491795323,GCN2-IN-7,8812,train_pool
batch_2,15546,CPD_771491795323,GCN2-IN-7,8813,train_pool
batch_2,16153,CPD_771491795323,GCN2-IN-7,8814,train_pool
batch_2,16742,CPD_771491795323,GCN2-IN-7,8815,train_pool
batch_2,18230,CPD_771491795323,GCN2-IN-7,8816,train_pool
batch_2,18407,CPD_771491795323,GCN2-IN-7,8817,test
batch_2,18415,CPD_771491795323,GCN2-IN-7,8818,train_pool
batch_2,18667,CPD_771491795323,GCN2-IN-7,8819,train_pool
batch_2,19367,CPD_771491795323,GCN2-IN-7,8820,train_pool
batch_2,19370,CPD_771491795323,GCN2-IN-7,8821,train_pool
batch_2,20018,CPD_771491795323,GCN2-IN-7,8822,train_pool
batch_2,21037,CPD_771491795323,GCN2-IN-7,8823,train_pool
batch_2,21569,CPD_771491795323,GCN2-IN-7,8824,train_pool
batch_2,21620,CPD_771491795323,GCN2-IN-7,8825,test
batch_2,22834,CPD_771491795323,GCN2-IN-7,8826,train_pool
batch_2,23161,CPD_771491795323,GCN2-IN-7,8827,test
batch_2,24126,CPD_771491795323,GCN2-IN-7,8828,train_pool
batch_2,24151,CPD_771491795323,GCN2-IN-7,8829,train_pool
batch_2,24760,CPD_771491795323,GCN2-IN-7,8830,train_pool
batch_2,26719,CPD_771491795323,GCN2-IN-7,8831,test
batch_2,26756,CPD_771491795323,GCN2-IN-7,8832,train_pool
batch_2,27357,CPD_771491795323,GCN2-IN-7,8833,train_pool
batch_2,28185,CPD_771491795323,GCN2-IN-7,8834,train_pool
batch_2,28731,CPD_771491795323,GCN2-IN-7,8835,train_pool
batch_2,28872,CPD_771491795323,GCN2-IN-7,8836,train_pool
batch_2,30202,CPD_771491795323,GCN2-IN-7,8837,test
batch_2,31052,CPD_771491795323,GCN2-IN-7,8838,test
batch_2,31639,CPD_771491795323,GCN2-IN-7,8839,test
batch_2,32578,CPD_771491795323,GCN2-IN-7,8840,train_pool
batch_2,33596,CPD_771491795323,GCN2-IN-7,8841,train_pool
batch_2,34032,CPD_771491795323,GCN2-IN-7,8842,train_pool
batch_2,34328,CPD_771491795323,GCN2-IN-7,8843,train_pool
batch_2,34888,CPD_771491795323,GCN2-IN-7,8844,train_pool
batch_2,35234,CPD_771491795323,GCN2-IN-7,8845,train_pool
batch_2,35304,CPD_771491795323,GCN2-IN-7,8846,test
batch_2,35488,CPD_771491795323,GCN2-IN-7,8847,train_pool
batch_2,35564,CPD_771491795323,GCN2-IN-7,8848,test
batch_2,35751,CPD_771491795323,GCN2-IN-7,8849,test
batch_2,36673,CPD_771491795323,GCN2-IN-7,8850,train_pool
batch_2,38104,CPD_771491795323,GCN2-IN-7,8851,train_pool
batch_2,38822,CPD_771491795323,GCN2-IN-7,8852,train_pool
batch_2,40348,CPD_771491795323,GCN2-IN-7,8853,test
batch_2,40560,CPD_771491795323,GCN2-IN-7,8854,train_pool
batch_2,41031,CPD_771491795323,GCN2-IN-7,8855,train_pool
batch_2,41172,CPD_771491795323,GCN2-IN-7,8856,train_pool
batch_2,41519,CPD_771491795323,GCN2-IN-7,8857,train_pool
batch_2,42277,CPD_771491795323,GCN2-IN-7,8858,train_pool
batch_2,42795,CPD_771491795323,GCN2-IN-7,8859,train_pool
batch_2,45215,CPD_771491795323,GCN2-IN-7,8860,test
batch_2,45425,CPD_771491795323,GCN2-IN-7,8861,train_pool
batch_2,45447,CPD_771491795323,GCN2-IN-7,8862,train_pool
batch_2,45506,CPD_771491795323,GCN2-IN-7,8863,train_pool
batch_2,45552,CPD_771491795323,GCN2-IN-7,8864,train_pool
batch_2,45710,CPD_771491795323,GCN2-IN-7,8865,train_pool
batch_2,45891,CPD_771491795323,GCN2-IN-7,8866,train_pool
batch_2,45937,CPD_771491795323,GCN2-IN-7,8867,train_pool
batch_2,46021,CPD_771491795323,GCN2-IN-7,8868,train_pool
batch_2,49128,CPD_771491795323,GCN2-IN-7,8869,train_pool
batch_2,200,CPD_849358895118,GSK126,8870,train_pool
batch_2,226,CPD_849358895118,GSK126,8871,train_pool
batch_2,710,CPD_849358895118,GSK126,8872,train_pool
batch_2,1227,CPD_849358895118,GSK126,8873,train_pool
batch_2,2227,CPD_849358895118,GSK126,8874,train_pool
batch_2,2656,CPD_849358895118,GSK126,8875,train_pool
batch_2,3214,CPD_849358895118,GSK126,8876,train_pool
batch_2,4912,CPD_849358895118,GSK126,8877,train_pool
batch_2,5920,CPD_849358895118,GSK126,8878,train_pool
batch_2,7043,CPD_849358895118,GSK126,8879,test
batch_2,7167,CPD_849358895118,GSK126,8880,test
batch_2,7175,CPD_849358895118,GSK126,8881,train_pool
batch_2,7271,CPD_849358895118,GSK126,8882,train_pool
batch_2,7350,CPD_849358895118,GSK126,8883,train_pool
batch_2,8093,CPD_849358895118,GSK126,8884,test
batch_2,8701,CPD_849358895118,GSK126,8885,train_pool
batch_2,8875,CPD_849358895118,GSK126,8886,train_pool
batch_2,8879,CPD_849358895118,GSK126,8887,train_pool
batch_2,9010,CPD_849358895118,GSK126,8888,train_pool
batch_2,10379,CPD_849358895118,GSK126,8889,train_pool
batch_2,10587,CPD_849358895118,GSK126,8890,train_pool
batch_2,11413,CPD_849358895118,GSK126,8891,train_pool
batch_2,11437,CPD_849358895118,GSK126,8892,train_pool
batch_2,11448,CPD_849358895118,GSK126,8893,train_pool
batch_2,11773,CPD_849358895118,GSK126,8894,train_pool
batch_2,11802,CPD_849358895118,GSK126,8895,train_pool
batch_2,12209,CPD_849358895118,GSK126,8896,train_pool
batch_2,12528,CPD_849358895118,GSK126,8897,train_pool
batch_2,12692,CPD_849358895118,GSK126,8898,train_pool
batch_2,12732,CPD_849358895118,GSK126,8899,test
batch_2,13026,CPD_849358895118,GSK126,8900,train_pool
batch_2,13201,CPD_849358895118,GSK126,8901,train_pool
batch_2,13843,CPD_849358895118,GSK126,8902,train_pool
batch_2,13986,CPD_849358895118,GSK126,8903,train_pool
batch_2,14064,CPD_849358895118,GSK126,8904,train_pool
batch_2,14274,CPD_849358895118,GSK126,8905,test
batch_2,14483,CPD_849358895118,GSK126,8906,train_pool
batch_2,15303,CPD_849358895118,GSK126,8907,train_pool
batch_2,15801,CPD_849358895118,GSK126,8908,test
batch_2,15882,CPD_849358895118,GSK126,8909,train_pool
batch_2,15981,CPD_849358895118,GSK126,8910,test
batch_2,16047,CPD_849358895118,GSK126,8911,train_pool
batch_2,16339,CPD_849358895118,GSK126,8912,test
batch_2,16809,CPD_849358895118,GSK126,8913,test
batch_2,17753,CPD_849358895118,GSK126,8914,train_pool
batch_2,17861,CPD_849358895118,GSK126,8915,train_pool
batch_2,18474,CPD_849358895118,GSK126,8916,test
batch_2,18659,CPD_849358895118,GSK126,8917,train_pool
batch_2,19087,CPD_849358895118,GSK126,8918,test
batch_2,19341,CPD_849358895118,GSK126,8919,train_pool
batch_2,19392,CPD_849358895118,GSK126,8920,train_pool
batch_2,19398,CPD_849358895118,GSK126,8921,train_pool
batch_2,19461,CPD_849358895118,GSK126,8922,train_pool
batch_2,20077,CPD_849358895118,GSK126,8923,train_pool
batch_2,20191,CPD_849358895118,GSK126,8924,train_pool
batch_2,21175,CPD_849358895118,GSK126,8925,train_pool
batch_2,21535,CPD_849358895118,GSK126,8926,test
batch_2,21573,CPD_849358895118,GSK126,8927,train_pool
batch_2,22521,CPD_849358895118,GSK126,8928,train_pool
batch_2,22906,CPD_849358895118,GSK126,8929,test
batch_2,22944,CPD_849358895118,GSK126,8930,train_pool
batch_2,23371,CPD_849358895118,GSK126,8931,train_pool
batch_2,23958,CPD_849358895118,GSK126,8932,test
batch_2,24249,CPD_849358895118,GSK126,8933,train_pool
batch_2,24722,CPD_849358895118,GSK126,8934,test
batch_2,26748,CPD_849358895118,GSK126,8935,train_pool
batch_2,27900,CPD_849358895118,GSK126,8936,train_pool
batch_2,27922,CPD_849358895118,GSK126,8937,train_pool
batch_2,28513,CPD_849358895118,GSK126,8938,train_pool
batch_2,28568,CPD_849358895118,GSK126,8939,train_pool
batch_2,28841,CPD_849358895118,GSK126,8940,train_pool
batch_2,28906,CPD_849358895118,GSK126,8941,train_pool
batch_2,29204,CPD_849358895118,GSK126,8942,train_pool
batch_2,29397,CPD_849358895118,GSK126,8943,train_pool
batch_2,29489,CPD_849358895118,GSK126,8944,train_pool
batch_2,29501,CPD_849358895118,GSK126,8945,train_pool
batch_2,29725,CPD_849358895118,GSK126,8946,test
batch_2,29891,CPD_849358895118,GSK126,8947,train_pool
batch_2,29967,CPD_849358895118,GSK126,8948,train_pool
batch_2,30123,CPD_849358895118,GSK126,8949,test
batch_2,30666,CPD_849358895118,GSK126,8950,train_pool
batch_2,31241,CPD_849358895118,GSK126,8951,train_pool
batch_2,31267,CPD_849358895118,GSK126,8952,test
batch_2,32253,CPD_849358895118,GSK126,8953,test
batch_2,32356,CPD_849358895118,GSK126,8954,test
batch_2,32876,CPD_849358895118,GSK126,8955,train_pool
batch_2,33517,CPD_849358895118,GSK126,8956,train_pool
batch_2,33529,CPD_849358895118,GSK126,8957,train_pool
batch_2,33797,CPD_849358895118,GSK126,8958,train_pool
batch_2,33911,CPD_849358895118,GSK126,8959,train_pool
batch_2,34334,CPD_849358895118,GSK126,8960,train_pool
batch_2,34463,CPD_849358895118,GSK126,8961,train_pool
batch_2,34663,CPD_849358895118,GSK126,8962,train_pool
batch_2,34765,CPD_849358895118,GSK126,8963,train_pool
batch_2,34941,CPD_849358895118,GSK126,8964,train_pool
batch_2,35379,CPD_849358895118,GSK126,8965,train_pool
batch_2,35768,CPD_849358895118,GSK126,8966,train_pool
batch_2,36349,CPD_849358895118,GSK126,8967,train_pool
batch_2,37395,CPD_849358895118,GSK126,8968,train_pool
batch_2,37645,CPD_849358895118,GSK126,8969,train_pool
batch_2,37750,CPD_849358895118,GSK126,8970,train_pool
batch_2,37799,CPD_849358895118,GSK126,8971,train_pool
batch_2,37868,CPD_849358895118,GSK126,8972,train_pool
batch_2,37942,CPD_849358895118,GSK126,8973,train_pool
batch_2,37953,CPD_849358895118,GSK126,8974,train_pool
batch_2,38326,CPD_849358895118,GSK126,8975,train_pool
batch_2,38721,CPD_849358895118,GSK126,8976,train_pool
batch_2,39035,CPD_849358895118,GSK126,8977,train_pool
batch_2,39082,CPD_849358895118,GSK126,8978,train_pool
batch_2,39180,CPD_849358895118,GSK126,8979,train_pool
batch_2,39232,CPD_849358895118,GSK126,8980,train_pool
batch_2,39454,CPD_849358895118,GSK126,8981,train_pool
batch_2,39900,CPD_849358895118,GSK126,8982,train_pool
batch_2,40184,CPD_849358895118,GSK126,8983,test
batch_2,40308,CPD_849358895118,GSK126,8984,train_pool
batch_2,40449,CPD_849358895118,GSK126,8985,train_pool
batch_2,41390,CPD_849358895118,GSK126,8986,test
batch_2,41393,CPD_849358895118,GSK126,8987,test
batch_2,41980,CPD_849358895118,GSK126,8988,train_pool
batch_2,42030,CPD_849358895118,GSK126,8989,test
batch_2,43160,CPD_849358895118,GSK126,8990,train_pool
batch_2,43250,CPD_849358895118,GSK126,8991,train_pool
batch_2,43262,CPD_849358895118,GSK126,8992,train_pool
batch_2,43660,CPD_849358895118,GSK126,8993,test
batch_2,45089,CPD_849358895118,GSK126,8994,test
batch_2,45668,CPD_849358895118,GSK126,8995,train_pool
batch_2,45736,CPD_849358895118,GSK126,8996,train_pool
batch_2,45859,CPD_849358895118,GSK126,8997,train_pool
batch_2,46267,CPD_849358895118,GSK126,8998,train_pool
batch_2,46554,CPD_849358895118,GSK126,8999,train_pool
batch_2,47735,CPD_849358895118,GSK126,9000,train_pool
batch_2,48939,CPD_849358895118,GSK126,9001,train_pool
batch_2,878,CPD_014302469794,HTH-01-015,9002,train_pool
batch_2,1941,CPD_014302469794,HTH-01-015,9003,train_pool
batch_2,2185,CPD_014302469794,HTH-01-015,9004,test
batch_2,2342,CPD_014302469794,HTH-01-015,9005,train_pool
batch_2,2523,CPD_014302469794,HTH-01-015,9006,train_pool
batch_2,2682,CPD_014302469794,HTH-01-015,9007,train_pool
batch_2,2756,CPD_014302469794,HTH-01-015,9008,train_pool
batch_2,2820,CPD_014302469794,HTH-01-015,9009,test
batch_2,3086,CPD_014302469794,HTH-01-015,9010,train_pool
batch_2,3484,CPD_014302469794,HTH-01-015,9011,train_pool
batch_2,5114,CPD_014302469794,HTH-01-015,9012,train_pool
batch_2,5701,CPD_014302469794,HTH-01-015,9013,train_pool
batch_2,6448,CPD_014302469794,HTH-01-015,9014,train_pool
batch_2,7488,CPD_014302469794,HTH-01-015,9015,test
batch_2,7601,CPD_014302469794,HTH-01-015,9016,train_pool
batch_2,8104,CPD_014302469794,HTH-01-015,9017,test
batch_2,8149,CPD_014302469794,HTH-01-015,9018,test
batch_2,9182,CPD_014302469794,HTH-01-015,9019,train_pool
batch_2,10114,CPD_014302469794,HTH-01-015,9020,train_pool
batch_2,10221,CPD_014302469794,HTH-01-015,9021,test
batch_2,10336,CPD_014302469794,HTH-01-015,9022,train_pool
batch_2,10438,CPD_014302469794,HTH-01-015,9023,test
batch_2,10575,CPD_014302469794,HTH-01-015,9024,test
batch_2,10667,CPD_014302469794,HTH-01-015,9025,train_pool
batch_2,10705,CPD_014302469794,HTH-01-015,9026,train_pool
batch_2,11391,CPD_014302469794,HTH-01-015,9027,train_pool
batch_2,11791,CPD_014302469794,HTH-01-015,9028,train_pool
batch_2,12512,CPD_014302469794,HTH-01-015,9029,train_pool
batch_2,13057,CPD_014302469794,HTH-01-015,9030,train_pool
batch_2,13077,CPD_014302469794,HTH-01-015,9031,train_pool
batch_2,13219,CPD_014302469794,HTH-01-015,9032,train_pool
batch_2,13282,CPD_014302469794,HTH-01-015,9033,test
batch_2,14197,CPD_014302469794,HTH-01-015,9034,train_pool
batch_2,14532,CPD_014302469794,HTH-01-015,9035,train_pool
batch_2,14574,CPD_014302469794,HTH-01-015,9036,train_pool
batch_2,14718,CPD_014302469794,HTH-01-015,9037,train_pool
batch_2,15053,CPD_014302469794,HTH-01-015,9038,train_pool
batch_2,15713,CPD_014302469794,HTH-01-015,9039,train_pool
batch_2,15724,CPD_014302469794,HTH-01-015,9040,train_pool
batch_2,15835,CPD_014302469794,HTH-01-015,9041,train_pool
batch_2,15921,CPD_014302469794,HTH-01-015,9042,train_pool
batch_2,16141,CPD_014302469794,HTH-01-015,9043,train_pool
batch_2,16538,CPD_014302469794,HTH-01-015,9044,train_pool
batch_2,17956,CPD_014302469794,HTH-01-015,9045,train_pool
batch_2,18000,CPD_014302469794,HTH-01-015,9046,train_pool
batch_2,18250,CPD_014302469794,HTH-01-015,9047,train_pool
batch_2,18335,CPD_014302469794,HTH-01-015,9048,train_pool
batch_2,18446,CPD_014302469794,HTH-01-015,9049,train_pool
batch_2,19298,CPD_014302469794,HTH-01-015,9050,test
batch_2,19377,CPD_014302469794,HTH-01-015,9051,train_pool
batch_2,19910,CPD_014302469794,HTH-01-015,9052,test
batch_2,20202,CPD_014302469794,HTH-01-015,9053,train_pool
batch_2,21106,CPD_014302469794,HTH-01-015,9054,train_pool
batch_2,22182,CPD_014302469794,HTH-01-015,9055,train_pool
batch_2,22916,CPD_014302469794,HTH-01-015,9056,train_pool
batch_2,24097,CPD_014302469794,HTH-01-015,9057,train_pool
batch_2,24361,CPD_014302469794,HTH-01-015,9058,train_pool
batch_2,24363,CPD_014302469794,HTH-01-015,9059,train_pool
batch_2,24369,CPD_014302469794,HTH-01-015,9060,train_pool
batch_2,24525,CPD_014302469794,HTH-01-015,9061,test
batch_2,24753,CPD_014302469794,HTH-01-015,9062,train_pool
batch_2,26253,CPD_014302469794,HTH-01-015,9063,train_pool
batch_2,27762,CPD_014302469794,HTH-01-015,9064,train_pool
batch_2,29118,CPD_014302469794,HTH-01-015,9065,train_pool
batch_2,29398,CPD_014302469794,HTH-01-015,9066,test
batch_2,29430,CPD_014302469794,HTH-01-015,9067,train_pool
batch_2,29509,CPD_014302469794,HTH-01-015,9068,train_pool
batch_2,30799,CPD_014302469794,HTH-01-015,9069,train_pool
batch_2,31003,CPD_014302469794,HTH-01-015,9070,train_pool
batch_2,31033,CPD_014302469794,HTH-01-015,9071,test
batch_2,31777,CPD_014302469794,HTH-01-015,9072,train_pool
batch_2,32551,CPD_014302469794,HTH-01-015,9073,train_pool
batch_2,32928,CPD_014302469794,HTH-01-015,9074,train_pool
batch_2,33364,CPD_014302469794,HTH-01-015,9075,train_pool
batch_2,33479,CPD_014302469794,HTH-01-015,9076,train_pool
batch_2,34093,CPD_014302469794,HTH-01-015,9077,train_pool
batch_2,34519,CPD_014302469794,HTH-01-015,9078,train_pool
batch_2,35023,CPD_014302469794,HTH-01-015,9079,train_pool
batch_2,35898,CPD_014302469794,HTH-01-015,9080,test
batch_2,36068,CPD_014302469794,HTH-01-015,9081,test
batch_2,36371,CPD_014302469794,HTH-01-015,9082,test
batch_2,36515,CPD_014302469794,HTH-01-015,9083,train_pool
batch_2,36886,CPD_014302469794,HTH-01-015,9084,test
batch_2,37275,CPD_014302469794,HTH-01-015,9085,train_pool
batch_2,37784,CPD_014302469794,HTH-01-015,9086,train_pool
batch_2,38303,CPD_014302469794,HTH-01-015,9087,train_pool
batch_2,39249,CPD_014302469794,HTH-01-015,9088,train_pool
batch_2,39375,CPD_014302469794,HTH-01-015,9089,train_pool
batch_2,39715,CPD_014302469794,HTH-01-015,9090,train_pool
batch_2,40970,CPD_014302469794,HTH-01-015,9091,test
batch_2,41549,CPD_014302469794,HTH-01-015,9092,test
batch_2,41824,CPD_014302469794,HTH-01-015,9093,train_pool
batch_2,41856,CPD_014302469794,HTH-01-015,9094,train_pool
batch_2,41996,CPD_014302469794,HTH-01-015,9095,test
batch_2,42207,CPD_014302469794,HTH-01-015,9096,train_pool
batch_2,42543,CPD_014302469794,HTH-01-015,9097,train_pool
batch_2,42808,CPD_014302469794,HTH-01-015,9098,train_pool
batch_2,42931,CPD_014302469794,HTH-01-015,9099,train_pool
batch_2,42994,CPD_014302469794,HTH-01-015,9100,train_pool
batch_2,43680,CPD_014302469794,HTH-01-015,9101,train_pool
batch_2,43820,CPD_014302469794,HTH-01-015,9102,train_pool
batch_2,44509,CPD_014302469794,HTH-01-015,9103,train_pool
batch_2,44822,CPD_014302469794,HTH-01-015,9104,train_pool
batch_2,44913,CPD_014302469794,HTH-01-015,9105,train_pool
batch_2,45771,CPD_014302469794,HTH-01-015,9106,train_pool
batch_2,45790,CPD_014302469794,HTH-01-015,9107,test
batch_2,45862,CPD_014302469794,HTH-01-015,9108,train_pool
batch_2,46579,CPD_014302469794,HTH-01-015,9109,train_pool
batch_2,47285,CPD_014302469794,HTH-01-015,9110,train_pool
batch_2,47662,CPD_014302469794,HTH-01-015,9111,train_pool
batch_2,47692,CPD_014302469794,HTH-01-015,9112,train_pool
batch_2,47845,CPD_014302469794,HTH-01-015,9113,train_pool
batch_2,48352,CPD_014302469794,HTH-01-015,9114,test
batch_2,2313,CPD_360434106630,IRAK inhibitor 1,9115,train_pool
batch_2,2398,CPD_360434106630,IRAK inhibitor 1,9116,test
batch_2,3665,CPD_360434106630,IRAK inhibitor 1,9117,test
batch_2,3986,CPD_360434106630,IRAK inhibitor 1,9118,train_pool
batch_2,4876,CPD_360434106630,IRAK inhibitor 1,9119,train_pool
batch_2,5110,CPD_360434106630,IRAK inhibitor 1,9120,train_pool
batch_2,5292,CPD_360434106630,IRAK inhibitor 1,9121,train_pool
batch_2,5368,CPD_360434106630,IRAK inhibitor 1,9122,train_pool
batch_2,5679,CPD_360434106630,IRAK inhibitor 1,9123,train_pool
batch_2,6000,CPD_360434106630,IRAK inhibitor 1,9124,train_pool
batch_2,6513,CPD_360434106630,IRAK inhibitor 1,9125,train_pool
batch_2,6641,CPD_360434106630,IRAK inhibitor 1,9126,train_pool
batch_2,6672,CPD_360434106630,IRAK inhibitor 1,9127,train_pool
batch_2,6756,CPD_360434106630,IRAK inhibitor 1,9128,train_pool
batch_2,6905,CPD_360434106630,IRAK inhibitor 1,9129,train_pool
batch_2,6965,CPD_360434106630,IRAK inhibitor 1,9130,train_pool
batch_2,7713,CPD_360434106630,IRAK inhibitor 1,9131,train_pool
batch_2,8061,CPD_360434106630,IRAK inhibitor 1,9132,train_pool
batch_2,8414,CPD_360434106630,IRAK inhibitor 1,9133,train_pool
batch_2,10386,CPD_360434106630,IRAK inhibitor 1,9134,train_pool
batch_2,11044,CPD_360434106630,IRAK inhibitor 1,9135,train_pool
batch_2,11134,CPD_360434106630,IRAK inhibitor 1,9136,train_pool
batch_2,12136,CPD_360434106630,IRAK inhibitor 1,9137,train_pool
batch_2,12337,CPD_360434106630,IRAK inhibitor 1,9138,train_pool
batch_2,12378,CPD_360434106630,IRAK inhibitor 1,9139,train_pool
batch_2,13593,CPD_360434106630,IRAK inhibitor 1,9140,test
batch_2,13759,CPD_360434106630,IRAK inhibitor 1,9141,train_pool
batch_2,14295,CPD_360434106630,IRAK inhibitor 1,9142,test
batch_2,14422,CPD_360434106630,IRAK inhibitor 1,9143,train_pool
batch_2,14630,CPD_360434106630,IRAK inhibitor 1,9144,test
batch_2,14746,CPD_360434106630,IRAK inhibitor 1,9145,train_pool
batch_2,14784,CPD_360434106630,IRAK inhibitor 1,9146,train_pool
batch_2,15390,CPD_360434106630,IRAK inhibitor 1,9147,test
batch_2,15812,CPD_360434106630,IRAK inhibitor 1,9148,train_pool
batch_2,16050,CPD_360434106630,IRAK inhibitor 1,9149,train_pool
batch_2,16421,CPD_360434106630,IRAK inhibitor 1,9150,train_pool
batch_2,17221,CPD_360434106630,IRAK inhibitor 1,9151,train_pool
batch_2,17223,CPD_360434106630,IRAK inhibitor 1,9152,train_pool
batch_2,17309,CPD_360434106630,IRAK inhibitor 1,9153,train_pool
batch_2,17798,CPD_360434106630,IRAK inhibitor 1,9154,train_pool
batch_2,18099,CPD_360434106630,IRAK inhibitor 1,9155,train_pool
batch_2,18433,CPD_360434106630,IRAK inhibitor 1,9156,train_pool
batch_2,18985,CPD_360434106630,IRAK inhibitor 1,9157,test
batch_2,19040,CPD_360434106630,IRAK inhibitor 1,9158,train_pool
batch_2,19127,CPD_360434106630,IRAK inhibitor 1,9159,train_pool
batch_2,19138,CPD_360434106630,IRAK inhibitor 1,9160,train_pool
batch_2,19659,CPD_360434106630,IRAK inhibitor 1,9161,test
batch_2,19697,CPD_360434106630,IRAK inhibitor 1,9162,train_pool
batch_2,19770,CPD_360434106630,IRAK inhibitor 1,9163,test
batch_2,19884,CPD_360434106630,IRAK inhibitor 1,9164,train_pool
batch_2,21303,CPD_360434106630,IRAK inhibitor 1,9165,train_pool
batch_2,24205,CPD_360434106630,IRAK inhibitor 1,9166,train_pool
batch_2,24564,CPD_360434106630,IRAK inhibitor 1,9167,train_pool
batch_2,26368,CPD_360434106630,IRAK inhibitor 1,9168,test
batch_2,26465,CPD_360434106630,IRAK inhibitor 1,9169,train_pool
batch_2,27605,CPD_360434106630,IRAK inhibitor 1,9170,train_pool
batch_2,28305,CPD_360434106630,IRAK inhibitor 1,9171,test
batch_2,28494,CPD_360434106630,IRAK inhibitor 1,9172,test
batch_2,28515,CPD_360434106630,IRAK inhibitor 1,9173,train_pool
batch_2,28899,CPD_360434106630,IRAK inhibitor 1,9174,train_pool
batch_2,29173,CPD_360434106630,IRAK inhibitor 1,9175,train_pool
batch_2,29793,CPD_360434106630,IRAK inhibitor 1,9176,train_pool
batch_2,30674,CPD_360434106630,IRAK inhibitor 1,9177,train_pool
batch_2,31177,CPD_360434106630,IRAK inhibitor 1,9178,train_pool
batch_2,31504,CPD_360434106630,IRAK inhibitor 1,9179,test
batch_2,32345,CPD_360434106630,IRAK inhibitor 1,9180,train_pool
batch_2,32526,CPD_360434106630,IRAK inhibitor 1,9181,train_pool
batch_2,32645,CPD_360434106630,IRAK inhibitor 1,9182,train_pool
batch_2,33039,CPD_360434106630,IRAK inhibitor 1,9183,train_pool
batch_2,33162,CPD_360434106630,IRAK inhibitor 1,9184,train_pool
batch_2,33346,CPD_360434106630,IRAK inhibitor 1,9185,train_pool
batch_2,33458,CPD_360434106630,IRAK inhibitor 1,9186,train_pool
batch_2,33761,CPD_360434106630,IRAK inhibitor 1,9187,train_pool
batch_2,34048,CPD_360434106630,IRAK inhibitor 1,9188,train_pool
batch_2,34123,CPD_360434106630,IRAK inhibitor 1,9189,train_pool
batch_2,34186,CPD_360434106630,IRAK inhibitor 1,9190,train_pool
batch_2,34369,CPD_360434106630,IRAK inhibitor 1,9191,train_pool
batch_2,34497,CPD_360434106630,IRAK inhibitor 1,9192,train_pool
batch_2,34582,CPD_360434106630,IRAK inhibitor 1,9193,train_pool
batch_2,35435,CPD_360434106630,IRAK inhibitor 1,9194,train_pool
batch_2,35623,CPD_360434106630,IRAK inhibitor 1,9195,test
batch_2,35793,CPD_360434106630,IRAK inhibitor 1,9196,train_pool
batch_2,36040,CPD_360434106630,IRAK inhibitor 1,9197,train_pool
batch_2,36309,CPD_360434106630,IRAK inhibitor 1,9198,train_pool
batch_2,36591,CPD_360434106630,IRAK inhibitor 1,9199,train_pool
batch_2,36681,CPD_360434106630,IRAK inhibitor 1,9200,train_pool
batch_2,36933,CPD_360434106630,IRAK inhibitor 1,9201,train_pool
batch_2,37691,CPD_360434106630,IRAK inhibitor 1,9202,train_pool
batch_2,38076,CPD_360434106630,IRAK inhibitor 1,9203,train_pool
batch_2,38464,CPD_360434106630,IRAK inhibitor 1,9204,train_pool
batch_2,38482,CPD_360434106630,IRAK inhibitor 1,9205,train_pool
batch_2,38496,CPD_360434106630,IRAK inhibitor 1,9206,test
batch_2,38872,CPD_360434106630,IRAK inhibitor 1,9207,train_pool
batch_2,39106,CPD_360434106630,IRAK inhibitor 1,9208,test
batch_2,39231,CPD_360434106630,IRAK inhibitor 1,9209,train_pool
batch_2,39779,CPD_360434106630,IRAK inhibitor 1,9210,train_pool
batch_2,39999,CPD_360434106630,IRAK inhibitor 1,9211,train_pool
batch_2,40039,CPD_360434106630,IRAK inhibitor 1,9212,train_pool
batch_2,40894,CPD_360434106630,IRAK inhibitor 1,9213,train_pool
batch_2,41250,CPD_360434106630,IRAK inhibitor 1,9214,train_pool
batch_2,41715,CPD_360434106630,IRAK inhibitor 1,9215,train_pool
batch_2,41810,CPD_360434106630,IRAK inhibitor 1,9216,test
batch_2,41991,CPD_360434106630,IRAK inhibitor 1,9217,test
batch_2,43297,CPD_360434106630,IRAK inhibitor 1,9218,test
batch_2,43393,CPD_360434106630,IRAK inhibitor 1,9219,train_pool
batch_2,43622,CPD_360434106630,IRAK inhibitor 1,9220,test
batch_2,44039,CPD_360434106630,IRAK inhibitor 1,9221,train_pool
batch_2,44225,CPD_360434106630,IRAK inhibitor 1,9222,test
batch_2,44670,CPD_360434106630,IRAK inhibitor 1,9223,train_pool
batch_2,44816,CPD_360434106630,IRAK inhibitor 1,9224,test
batch_2,45585,CPD_360434106630,IRAK inhibitor 1,9225,train_pool
batch_2,45606,CPD_360434106630,IRAK inhibitor 1,9226,train_pool
batch_2,46058,CPD_360434106630,IRAK inhibitor 1,9227,test
batch_2,46428,CPD_360434106630,IRAK inhibitor 1,9228,train_pool
batch_2,46608,CPD_360434106630,IRAK inhibitor 1,9229,train_pool
batch_2,47511,CPD_360434106630,IRAK inhibitor 1,9230,test
batch_2,47774,CPD_360434106630,IRAK inhibitor 1,9231,train_pool
batch_2,47998,CPD_360434106630,IRAK inhibitor 1,9232,train_pool
batch_2,48238,CPD_360434106630,IRAK inhibitor 1,9233,train_pool
batch_2,48460,CPD_360434106630,IRAK inhibitor 1,9234,train_pool
batch_2,835,CPD_978689160853,JAB-3068,9235,train_pool
batch_2,2428,CPD_978689160853,JAB-3068,9236,train_pool
batch_2,2530,CPD_978689160853,JAB-3068,9237,train_pool
batch_2,2670,CPD_978689160853,JAB-3068,9238,train_pool
batch_2,3637,CPD_978689160853,JAB-3068,9239,train_pool
batch_2,5599,CPD_978689160853,JAB-3068,9240,train_pool
batch_2,5834,CPD_978689160853,JAB-3068,9241,train_pool
batch_2,5984,CPD_978689160853,JAB-3068,9242,train_pool
batch_2,6075,CPD_978689160853,JAB-3068,9243,train_pool
batch_2,7018,CPD_978689160853,JAB-3068,9244,train_pool
batch_2,7345,CPD_978689160853,JAB-3068,9245,train_pool
batch_2,8968,CPD_978689160853,JAB-3068,9246,train_pool
batch_2,9299,CPD_978689160853,JAB-3068,9247,train_pool
batch_2,9731,CPD_978689160853,JAB-3068,9248,train_pool
batch_2,10353,CPD_978689160853,JAB-3068,9249,train_pool
batch_2,10629,CPD_978689160853,JAB-3068,9250,train_pool
batch_2,10789,CPD_978689160853,JAB-3068,9251,train_pool
batch_2,10910,CPD_978689160853,JAB-3068,9252,train_pool
batch_2,11557,CPD_978689160853,JAB-3068,9253,test
batch_2,11973,CPD_978689160853,JAB-3068,9254,train_pool
batch_2,12786,CPD_978689160853,JAB-3068,9255,test
batch_2,13875,CPD_978689160853,JAB-3068,9256,train_pool
batch_2,13891,CPD_978689160853,JAB-3068,9257,test
batch_2,14215,CPD_978689160853,JAB-3068,9258,train_pool
batch_2,15164,CPD_978689160853,JAB-3068,9259,train_pool
batch_2,16167,CPD_978689160853,JAB-3068,9260,train_pool
batch_2,16169,CPD_978689160853,JAB-3068,9261,train_pool
batch_2,16527,CPD_978689160853,JAB-3068,9262,train_pool
batch_2,16706,CPD_978689160853,JAB-3068,9263,train_pool
batch_2,17583,CPD_978689160853,JAB-3068,9264,train_pool
batch_2,17936,CPD_978689160853,JAB-3068,9265,train_pool
batch_2,18048,CPD_978689160853,JAB-3068,9266,train_pool
batch_2,18229,CPD_978689160853,JAB-3068,9267,test
batch_2,18350,CPD_978689160853,JAB-3068,9268,train_pool
batch_2,18481,CPD_978689160853,JAB-3068,9269,train_pool
batch_2,19469,CPD_978689160853,JAB-3068,9270,train_pool
batch_2,19505,CPD_978689160853,JAB-3068,9271,train_pool
batch_2,19670,CPD_978689160853,JAB-3068,9272,test
batch_2,20431,CPD_978689160853,JAB-3068,9273,train_pool
batch_2,21156,CPD_978689160853,JAB-3068,9274,train_pool
batch_2,21896,CPD_978689160853,JAB-3068,9275,test
batch_2,24897,CPD_978689160853,JAB-3068,9276,test
batch_2,26092,CPD_978689160853,JAB-3068,9277,train_pool
batch_2,26695,CPD_978689160853,JAB-3068,9278,test
batch_2,27427,CPD_978689160853,JAB-3068,9279,train_pool
batch_2,28035,CPD_978689160853,JAB-3068,9280,test
batch_2,28815,CPD_978689160853,JAB-3068,9281,test
batch_2,28819,CPD_978689160853,JAB-3068,9282,test
batch_2,29032,CPD_978689160853,JAB-3068,9283,train_pool
batch_2,29450,CPD_978689160853,JAB-3068,9284,train_pool
batch_2,30485,CPD_978689160853,JAB-3068,9285,train_pool
batch_2,32492,CPD_978689160853,JAB-3068,9286,test
batch_2,32902,CPD_978689160853,JAB-3068,9287,train_pool
batch_2,33237,CPD_978689160853,JAB-3068,9288,train_pool
batch_2,33581,CPD_978689160853,JAB-3068,9289,train_pool
batch_2,34104,CPD_978689160853,JAB-3068,9290,train_pool
batch_2,35168,CPD_978689160853,JAB-3068,9291,train_pool
batch_2,35684,CPD_978689160853,JAB-3068,9292,train_pool
batch_2,35710,CPD_978689160853,JAB-3068,9293,train_pool
batch_2,35972,CPD_978689160853,JAB-3068,9294,train_pool
batch_2,36056,CPD_978689160853,JAB-3068,9295,train_pool
batch_2,36106,CPD_978689160853,JAB-3068,9296,train_pool
batch_2,36221,CPD_978689160853,JAB-3068,9297,train_pool
batch_2,36240,CPD_978689160853,JAB-3068,9298,train_pool
batch_2,38252,CPD_978689160853,JAB-3068,9299,train_pool
batch_2,38510,CPD_978689160853,JAB-3068,9300,train_pool
batch_2,38727,CPD_978689160853,JAB-3068,9301,train_pool
batch_2,38790,CPD_978689160853,JAB-3068,9302,test
batch_2,39197,CPD_978689160853,JAB-3068,9303,test
batch_2,39286,CPD_978689160853,JAB-3068,9304,train_pool
batch_2,40257,CPD_978689160853,JAB-3068,9305,train_pool
batch_2,40435,CPD_978689160853,JAB-3068,9306,train_pool
batch_2,40476,CPD_978689160853,JAB-3068,9307,train_pool
batch_2,40535,CPD_978689160853,JAB-3068,9308,train_pool
batch_2,40545,CPD_978689160853,JAB-3068,9309,train_pool
batch_2,40548,CPD_978689160853,JAB-3068,9310,train_pool
batch_2,40812,CPD_978689160853,JAB-3068,9311,train_pool
batch_2,41082,CPD_978689160853,JAB-3068,9312,train_pool
batch_2,41161,CPD_978689160853,JAB-3068,9313,train_pool
batch_2,41650,CPD_978689160853,JAB-3068,9314,train_pool
batch_2,41934,CPD_978689160853,JAB-3068,9315,test
batch_2,42358,CPD_978689160853,JAB-3068,9316,test
batch_2,42474,CPD_978689160853,JAB-3068,9317,train_pool
batch_2,42712,CPD_978689160853,JAB-3068,9318,train_pool
batch_2,43336,CPD_978689160853,JAB-3068,9319,train_pool
batch_2,43471,CPD_978689160853,JAB-3068,9320,train_pool
batch_2,45705,CPD_978689160853,JAB-3068,9321,test
batch_2,46294,CPD_978689160853,JAB-3068,9322,test
batch_2,46307,CPD_978689160853,JAB-3068,9323,train_pool
batch_2,47764,CPD_978689160853,JAB-3068,9324,train_pool
batch_2,47918,CPD_978689160853,JAB-3068,9325,train_pool
batch_2,47977,CPD_978689160853,JAB-3068,9326,test
batch_2,48659,CPD_978689160853,JAB-3068,9327,train_pool
batch_2,355,CPD_859937920157,KME-2780,9328,train_pool
batch_2,3256,CPD_859937920157,KME-2780,9329,test
batch_2,3717,CPD_859937920157,KME-2780,9330,train_pool
batch_2,4389,CPD_859937920157,KME-2780,9331,train_pool
batch_2,4853,CPD_859937920157,KME-2780,9332,train_pool
batch_2,5134,CPD_859937920157,KME-2780,9333,train_pool
batch_2,5483,CPD_859937920157,KME-2780,9334,train_pool
batch_2,5591,CPD_859937920157,KME-2780,9335,train_pool
batch_2,5975,CPD_859937920157,KME-2780,9336,train_pool
batch_2,6400,CPD_859937920157,KME-2780,9337,train_pool
batch_2,7065,CPD_859937920157,KME-2780,9338,train_pool
batch_2,7257,CPD_859937920157,KME-2780,9339,train_pool
batch_2,7425,CPD_859937920157,KME-2780,9340,train_pool
batch_2,7581,CPD_859937920157,KME-2780,9341,train_pool
batch_2,7893,CPD_859937920157,KME-2780,9342,train_pool
batch_2,7921,CPD_859937920157,KME-2780,9343,train_pool
batch_2,8671,CPD_859937920157,KME-2780,9344,test
batch_2,8741,CPD_859937920157,KME-2780,9345,test
batch_2,9772,CPD_859937920157,KME-2780,9346,train_pool
batch_2,10192,CPD_859937920157,KME-2780,9347,train_pool
batch_2,10608,CPD_859937920157,KME-2780,9348,test
batch_2,10763,CPD_859937920157,KME-2780,9349,test
batch_2,10825,CPD_859937920157,KME-2780,9350,train_pool
batch_2,10929,CPD_859937920157,KME-2780,9351,train_pool
batch_2,11078,CPD_859937920157,KME-2780,9352,train_pool
batch_2,11319,CPD_859937920157,KME-2780,9353,train_pool
batch_2,11845,CPD_859937920157,KME-2780,9354,train_pool
batch_2,11862,CPD_859937920157,KME-2780,9355,train_pool
batch_2,11925,CPD_859937920157,KME-2780,9356,test
batch_2,11940,CPD_859937920157,KME-2780,9357,test
batch_2,11972,CPD_859937920157,KME-2780,9358,train_pool
batch_2,12446,CPD_859937920157,KME-2780,9359,test
batch_2,12458,CPD_859937920157,KME-2780,9360,train_pool
batch_2,12542,CPD_859937920157,KME-2780,9361,train_pool
batch_2,13751,CPD_859937920157,KME-2780,9362,train_pool
batch_2,14044,CPD_859937920157,KME-2780,9363,train_pool
batch_2,14633,CPD_859937920157,KME-2780,9364,test
batch_2,15294,CPD_859937920157,KME-2780,9365,test
batch_2,15953,CPD_859937920157,KME-2780,9366,train_pool
batch_2,16101,CPD_859937920157,KME-2780,9367,train_pool
batch_2,16350,CPD_859937920157,KME-2780,9368,train_pool
batch_2,17090,CPD_859937920157,KME-2780,9369,train_pool
batch_2,17190,CPD_859937920157,KME-2780,9370,train_pool
batch_2,17702,CPD_859937920157,KME-2780,9371,train_pool
batch_2,17775,CPD_859937920157,KME-2780,9372,train_pool
batch_2,17828,CPD_859937920157,KME-2780,9373,test
batch_2,18023,CPD_859937920157,KME-2780,9374,train_pool
batch_2,19110,CPD_859937920157,KME-2780,9375,train_pool
batch_2,19222,CPD_859937920157,KME-2780,9376,train_pool
batch_2,19428,CPD_859937920157,KME-2780,9377,train_pool
batch_2,19695,CPD_859937920157,KME-2780,9378,train_pool
batch_2,19840,CPD_859937920157,KME-2780,9379,train_pool
batch_2,19948,CPD_859937920157,KME-2780,9380,train_pool
batch_2,20347,CPD_859937920157,KME-2780,9381,train_pool
batch_2,20417,CPD_859937920157,KME-2780,9382,train_pool
batch_2,21247,CPD_859937920157,KME-2780,9383,train_pool
batch_2,21264,CPD_859937920157,KME-2780,9384,train_pool
batch_2,21441,CPD_859937920157,KME-2780,9385,train_pool
batch_2,21490,CPD_859937920157,KME-2780,9386,train_pool
batch_2,21713,CPD_859937920157,KME-2780,9387,train_pool
batch_2,21956,CPD_859937920157,KME-2780,9388,test
batch_2,22064,CPD_859937920157,KME-2780,9389,train_pool
batch_2,22702,CPD_859937920157,KME-2780,9390,train_pool
batch_2,24030,CPD_859937920157,KME-2780,9391,train_pool
batch_2,24040,CPD_859937920157,KME-2780,9392,test
batch_2,25188,CPD_859937920157,KME-2780,9393,train_pool
batch_2,25785,CPD_859937920157,KME-2780,9394,train_pool
batch_2,26193,CPD_859937920157,KME-2780,9395,train_pool
batch_2,27854,CPD_859937920157,KME-2780,9396,train_pool
batch_2,28182,CPD_859937920157,KME-2780,9397,train_pool
batch_2,29654,CPD_859937920157,KME-2780,9398,train_pool
batch_2,30106,CPD_859937920157,KME-2780,9399,train_pool
batch_2,30623,CPD_859937920157,KME-2780,9400,train_pool
batch_2,30653,CPD_859937920157,KME-2780,9401,train_pool
batch_2,32334,CPD_859937920157,KME-2780,9402,train_pool
batch_2,32355,CPD_859937920157,KME-2780,9403,train_pool
batch_2,32573,CPD_859937920157,KME-2780,9404,train_pool
batch_2,33054,CPD_859937920157,KME-2780,9405,train_pool
batch_2,33109,CPD_859937920157,KME-2780,9406,train_pool
batch_2,33321,CPD_859937920157,KME-2780,9407,test
batch_2,33648,CPD_859937920157,KME-2780,9408,test
batch_2,34266,CPD_859937920157,KME-2780,9409,train_pool
batch_2,35388,CPD_859937920157,KME-2780,9410,train_pool
batch_2,35416,CPD_859937920157,KME-2780,9411,test
batch_2,35445,CPD_859937920157,KME-2780,9412,train_pool
batch_2,35854,CPD_859937920157,KME-2780,9413,train_pool
batch_2,35918,CPD_859937920157,KME-2780,9414,train_pool
batch_2,36102,CPD_859937920157,KME-2780,9415,test
batch_2,36294,CPD_859937920157,KME-2780,9416,train_pool
batch_2,36876,CPD_859937920157,KME-2780,9417,train_pool
batch_2,37535,CPD_859937920157,KME-2780,9418,train_pool
batch_2,37713,CPD_859937920157,KME-2780,9419,train_pool
batch_2,37930,CPD_859937920157,KME-2780,9420,train_pool
batch_2,38419,CPD_859937920157,KME-2780,9421,train_pool
batch_2,38586,CPD_859937920157,KME-2780,9422,train_pool
batch_2,38915,CPD_859937920157,KME-2780,9423,train_pool
batch_2,38972,CPD_859937920157,KME-2780,9424,test
batch_2,39081,CPD_859937920157,KME-2780,9425,train_pool
batch_2,39311,CPD_859937920157,KME-2780,9426,train_pool
batch_2,40013,CPD_859937920157,KME-2780,9427,train_pool
batch_2,40226,CPD_859937920157,KME-2780,9428,test
batch_2,40618,CPD_859937920157,KME-2780,9429,train_pool
batch_2,41051,CPD_859937920157,KME-2780,9430,train_pool
batch_2,41392,CPD_859937920157,KME-2780,9431,test
batch_2,41646,CPD_859937920157,KME-2780,9432,train_pool
batch_2,41819,CPD_859937920157,KME-2780,9433,test
batch_2,41831,CPD_859937920157,KME-2780,9434,train_pool
batch_2,42062,CPD_859937920157,KME-2780,9435,train_pool
batch_2,42602,CPD_859937920157,KME-2780,9436,train_pool
batch_2,43069,CPD_859937920157,KME-2780,9437,train_pool
batch_2,43569,CPD_859937920157,KME-2780,9438,test
batch_2,43593,CPD_859937920157,KME-2780,9439,train_pool
batch_2,43761,CPD_859937920157,KME-2780,9440,train_pool
batch_2,43800,CPD_859937920157,KME-2780,9441,train_pool
batch_2,44085,CPD_859937920157,KME-2780,9442,test
batch_2,44159,CPD_859937920157,KME-2780,9443,train_pool
batch_2,44381,CPD_859937920157,KME-2780,9444,train_pool
batch_2,44818,CPD_859937920157,KME-2780,9445,train_pool
batch_2,45304,CPD_859937920157,KME-2780,9446,test
batch_2,45754,CPD_859937920157,KME-2780,9447,train_pool
batch_2,46775,CPD_859937920157,KME-2780,9448,train_pool
batch_2,49302,CPD_859937920157,KME-2780,9449,train_pool
batch_2,2172,CPD_570860546420,MK2-IN-1,9450,train_pool
batch_2,2253,CPD_570860546420,MK2-IN-1,9451,train_pool
batch_2,2687,CPD_570860546420,MK2-IN-1,9452,train_pool
batch_2,2874,CPD_570860546420,MK2-IN-1,9453,test
batch_2,4069,CPD_570860546420,MK2-IN-1,9454,train_pool
batch_2,4654,CPD_570860546420,MK2-IN-1,9455,train_pool
batch_2,5504,CPD_570860546420,MK2-IN-1,9456,train_pool
batch_2,6342,CPD_570860546420,MK2-IN-1,9457,train_pool
batch_2,6454,CPD_570860546420,MK2-IN-1,9458,train_pool
batch_2,7067,CPD_570860546420,MK2-IN-1,9459,train_pool
batch_2,7247,CPD_570860546420,MK2-IN-1,9460,train_pool
batch_2,7478,CPD_570860546420,MK2-IN-1,9461,train_pool
batch_2,7659,CPD_570860546420,MK2-IN-1,9462,train_pool
batch_2,8748,CPD_570860546420,MK2-IN-1,9463,train_pool
batch_2,9839,CPD_570860546420,MK2-IN-1,9464,train_pool
batch_2,9973,CPD_570860546420,MK2-IN-1,9465,train_pool
batch_2,10222,CPD_570860546420,MK2-IN-1,9466,train_pool
batch_2,10542,CPD_570860546420,MK2-IN-1,9467,train_pool
batch_2,10552,CPD_570860546420,MK2-IN-1,9468,test
batch_2,11472,CPD_570860546420,MK2-IN-1,9469,train_pool
batch_2,11787,CPD_570860546420,MK2-IN-1,9470,train_pool
batch_2,11924,CPD_570860546420,MK2-IN-1,9471,train_pool
batch_2,13196,CPD_570860546420,MK2-IN-1,9472,train_pool
batch_2,16679,CPD_570860546420,MK2-IN-1,9473,train_pool
batch_2,19757,CPD_570860546420,MK2-IN-1,9474,train_pool
batch_2,20022,CPD_570860546420,MK2-IN-1,9475,test
batch_2,21546,CPD_570860546420,MK2-IN-1,9476,train_pool
batch_2,21554,CPD_570860546420,MK2-IN-1,9477,train_pool
batch_2,21628,CPD_570860546420,MK2-IN-1,9478,train_pool
batch_2,21866,CPD_570860546420,MK2-IN-1,9479,test
batch_2,22223,CPD_570860546420,MK2-IN-1,9480,train_pool
batch_2,24713,CPD_570860546420,MK2-IN-1,9481,test
batch_2,27482,CPD_570860546420,MK2-IN-1,9482,test
batch_2,27833,CPD_570860546420,MK2-IN-1,9483,test
batch_2,29653,CPD_570860546420,MK2-IN-1,9484,test
batch_2,30146,CPD_570860546420,MK2-IN-1,9485,train_pool
batch_2,30150,CPD_570860546420,MK2-IN-1,9486,test
batch_2,31037,CPD_570860546420,MK2-IN-1,9487,train_pool
batch_2,32442,CPD_570860546420,MK2-IN-1,9488,test
batch_2,32446,CPD_570860546420,MK2-IN-1,9489,train_pool
batch_2,32517,CPD_570860546420,MK2-IN-1,9490,train_pool
batch_2,33319,CPD_570860546420,MK2-IN-1,9491,train_pool
batch_2,33579,CPD_570860546420,MK2-IN-1,9492,train_pool
batch_2,34003,CPD_570860546420,MK2-IN-1,9493,train_pool
batch_2,34145,CPD_570860546420,MK2-IN-1,9494,train_pool
batch_2,34240,CPD_570860546420,MK2-IN-1,9495,train_pool
batch_2,34394,CPD_570860546420,MK2-IN-1,9496,train_pool
batch_2,34634,CPD_570860546420,MK2-IN-1,9497,train_pool
batch_2,36368,CPD_570860546420,MK2-IN-1,9498,test
batch_2,37078,CPD_570860546420,MK2-IN-1,9499,train_pool
batch_2,38133,CPD_570860546420,MK2-IN-1,9500,train_pool
batch_2,38268,CPD_570860546420,MK2-IN-1,9501,train_pool
batch_2,38291,CPD_570860546420,MK2-IN-1,9502,train_pool
batch_2,38664,CPD_570860546420,MK2-IN-1,9503,train_pool
batch_2,39632,CPD_570860546420,MK2-IN-1,9504,train_pool
batch_2,39759,CPD_570860546420,MK2-IN-1,9505,test
batch_2,40518,CPD_570860546420,MK2-IN-1,9506,train_pool
batch_2,41000,CPD_570860546420,MK2-IN-1,9507,train_pool
batch_2,41920,CPD_570860546420,MK2-IN-1,9508,train_pool
batch_2,42095,CPD_570860546420,MK2-IN-1,9509,train_pool
batch_2,42790,CPD_570860546420,MK2-IN-1,9510,test
batch_2,43155,CPD_570860546420,MK2-IN-1,9511,train_pool
batch_2,45058,CPD_570860546420,MK2-IN-1,9512,train_pool
batch_2,46210,CPD_570860546420,MK2-IN-1,9513,train_pool
batch_2,46277,CPD_570860546420,MK2-IN-1,9514,train_pool
batch_2,46295,CPD_570860546420,MK2-IN-1,9515,train_pool
batch_2,49097,CPD_570860546420,MK2-IN-1,9516,train_pool
batch_2,2739,CPD_780406670572,MSC1094308,9517,train_pool
batch_2,2779,CPD_780406670572,MSC1094308,9518,train_pool
batch_2,3422,CPD_780406670572,MSC1094308,9519,train_pool
batch_2,5541,CPD_780406670572,MSC1094308,9520,train_pool
batch_2,6102,CPD_780406670572,MSC1094308,9521,train_pool
batch_2,7131,CPD_780406670572,MSC1094308,9522,train_pool
batch_2,7900,CPD_780406670572,MSC1094308,9523,test
batch_2,9158,CPD_780406670572,MSC1094308,9524,test
batch_2,10241,CPD_780406670572,MSC1094308,9525,train_pool
batch_2,10504,CPD_780406670572,MSC1094308,9526,test
batch_2,11879,CPD_780406670572,MSC1094308,9527,train_pool
batch_2,14021,CPD_780406670572,MSC1094308,9528,test
batch_2,15082,CPD_780406670572,MSC1094308,9529,train_pool
batch_2,15873,CPD_780406670572,MSC1094308,9530,train_pool
batch_2,15918,CPD_780406670572,MSC1094308,9531,train_pool
batch_2,16099,CPD_780406670572,MSC1094308,9532,train_pool
batch_2,16593,CPD_780406670572,MSC1094308,9533,train_pool
batch_2,16799,CPD_780406670572,MSC1094308,9534,train_pool
batch_2,17676,CPD_780406670572,MSC1094308,9535,train_pool
batch_2,17679,CPD_780406670572,MSC1094308,9536,train_pool
batch_2,19150,CPD_780406670572,MSC1094308,9537,train_pool
batch_2,20076,CPD_780406670572,MSC1094308,9538,train_pool
batch_2,23142,CPD_780406670572,MSC1094308,9539,train_pool
batch_2,23390,CPD_780406670572,MSC1094308,9540,train_pool
batch_2,24583,CPD_780406670572,MSC1094308,9541,train_pool
batch_2,24798,CPD_780406670572,MSC1094308,9542,test
batch_2,30226,CPD_780406670572,MSC1094308,9543,train_pool
batch_2,30712,CPD_780406670572,MSC1094308,9544,test
batch_2,33459,CPD_780406670572,MSC1094308,9545,train_pool
batch_2,36099,CPD_780406670572,MSC1094308,9546,train_pool
batch_2,36558,CPD_780406670572,MSC1094308,9547,train_pool
batch_2,38243,CPD_780406670572,MSC1094308,9548,test
batch_2,39511,CPD_780406670572,MSC1094308,9549,train_pool
batch_2,40530,CPD_780406670572,MSC1094308,9550,train_pool
batch_2,41756,CPD_780406670572,MSC1094308,9551,train_pool
batch_2,42525,CPD_780406670572,MSC1094308,9552,train_pool
batch_2,43535,CPD_780406670572,MSC1094308,9553,train_pool
batch_2,44709,CPD_780406670572,MSC1094308,9554,test
batch_2,45505,CPD_780406670572,MSC1094308,9555,train_pool
batch_2,46162,CPD_780406670572,MSC1094308,9556,train_pool
batch_2,46653,CPD_780406670572,MSC1094308,9557,train_pool
batch_2,48339,CPD_780406670572,MSC1094308,9558,train_pool
batch_2,664,CPD_351179563828,N-deshydroxyethyl dasatinib,9559,train_pool
batch_2,2645,CPD_351179563828,N-deshydroxyethyl dasatinib,9560,train_pool
batch_2,4012,CPD_351179563828,N-deshydroxyethyl dasatinib,9561,train_pool
batch_2,5399,CPD_351179563828,N-deshydroxyethyl dasatinib,9562,test
batch_2,6313,CPD_351179563828,N-deshydroxyethyl dasatinib,9563,train_pool
batch_2,6532,CPD_351179563828,N-deshydroxyethyl dasatinib,9564,train_pool
batch_2,6735,CPD_351179563828,N-deshydroxyethyl dasatinib,9565,train_pool
batch_2,6977,CPD_351179563828,N-deshydroxyethyl dasatinib,9566,train_pool
batch_2,7373,CPD_351179563828,N-deshydroxyethyl dasatinib,9567,train_pool
batch_2,8089,CPD_351179563828,N-deshydroxyethyl dasatinib,9568,train_pool
batch_2,8281,CPD_351179563828,N-deshydroxyethyl dasatinib,9569,train_pool
batch_2,8614,CPD_351179563828,N-deshydroxyethyl dasatinib,9570,test
batch_2,9805,CPD_351179563828,N-deshydroxyethyl dasatinib,9571,train_pool
batch_2,9897,CPD_351179563828,N-deshydroxyethyl dasatinib,9572,test
batch_2,9898,CPD_351179563828,N-deshydroxyethyl dasatinib,9573,train_pool
batch_2,10064,CPD_351179563828,N-deshydroxyethyl dasatinib,9574,train_pool
batch_2,10526,CPD_351179563828,N-deshydroxyethyl dasatinib,9575,train_pool
batch_2,10720,CPD_351179563828,N-deshydroxyethyl dasatinib,9576,train_pool
batch_2,11164,CPD_351179563828,N-deshydroxyethyl dasatinib,9577,test
batch_2,11365,CPD_351179563828,N-deshydroxyethyl dasatinib,9578,train_pool
batch_2,11859,CPD_351179563828,N-deshydroxyethyl dasatinib,9579,train_pool
batch_2,12026,CPD_351179563828,N-deshydroxyethyl dasatinib,9580,test
batch_2,12464,CPD_351179563828,N-deshydroxyethyl dasatinib,9581,test
batch_2,12508,CPD_351179563828,N-deshydroxyethyl dasatinib,9582,train_pool
batch_2,12878,CPD_351179563828,N-deshydroxyethyl dasatinib,9583,train_pool
batch_2,13297,CPD_351179563828,N-deshydroxyethyl dasatinib,9584,train_pool
batch_2,14046,CPD_351179563828,N-deshydroxyethyl dasatinib,9585,train_pool
batch_2,14409,CPD_351179563828,N-deshydroxyethyl dasatinib,9586,train_pool
batch_2,14638,CPD_351179563828,N-deshydroxyethyl dasatinib,9587,train_pool
batch_2,15212,CPD_351179563828,N-deshydroxyethyl dasatinib,9588,train_pool
batch_2,15760,CPD_351179563828,N-deshydroxyethyl dasatinib,9589,train_pool
batch_2,16081,CPD_351179563828,N-deshydroxyethyl dasatinib,9590,train_pool
batch_2,16184,CPD_351179563828,N-deshydroxyethyl dasatinib,9591,test
batch_2,16382,CPD_351179563828,N-deshydroxyethyl dasatinib,9592,train_pool
batch_2,16383,CPD_351179563828,N-deshydroxyethyl dasatinib,9593,train_pool
batch_2,16618,CPD_351179563828,N-deshydroxyethyl dasatinib,9594,train_pool
batch_2,16749,CPD_351179563828,N-deshydroxyethyl dasatinib,9595,train_pool
batch_2,17504,CPD_351179563828,N-deshydroxyethyl dasatinib,9596,train_pool
batch_2,19292,CPD_351179563828,N-deshydroxyethyl dasatinib,9597,train_pool
batch_2,19444,CPD_351179563828,N-deshydroxyethyl dasatinib,9598,train_pool
batch_2,21446,CPD_351179563828,N-deshydroxyethyl dasatinib,9599,test
batch_2,21447,CPD_351179563828,N-deshydroxyethyl dasatinib,9600,train_pool
batch_2,21789,CPD_351179563828,N-deshydroxyethyl dasatinib,9601,train_pool
batch_2,21800,CPD_351179563828,N-deshydroxyethyl dasatinib,9602,train_pool
batch_2,22199,CPD_351179563828,N-deshydroxyethyl dasatinib,9603,train_pool
batch_2,24839,CPD_351179563828,N-deshydroxyethyl dasatinib,9604,train_pool
batch_2,24863,CPD_351179563828,N-deshydroxyethyl dasatinib,9605,test
batch_2,26077,CPD_351179563828,N-deshydroxyethyl dasatinib,9606,train_pool
batch_2,26152,CPD_351179563828,N-deshydroxyethyl dasatinib,9607,train_pool
batch_2,26574,CPD_351179563828,N-deshydroxyethyl dasatinib,9608,train_pool
batch_2,27118,CPD_351179563828,N-deshydroxyethyl dasatinib,9609,train_pool
batch_2,27616,CPD_351179563828,N-deshydroxyethyl dasatinib,9610,train_pool
batch_2,29186,CPD_351179563828,N-deshydroxyethyl dasatinib,9611,train_pool
batch_2,29313,CPD_351179563828,N-deshydroxyethyl dasatinib,9612,train_pool
batch_2,29433,CPD_351179563828,N-deshydroxyethyl dasatinib,9613,train_pool
batch_2,30033,CPD_351179563828,N-deshydroxyethyl dasatinib,9614,train_pool
batch_2,31515,CPD_351179563828,N-deshydroxyethyl dasatinib,9615,train_pool
batch_2,32528,CPD_351179563828,N-deshydroxyethyl dasatinib,9616,train_pool
batch_2,32822,CPD_351179563828,N-deshydroxyethyl dasatinib,9617,train_pool
batch_2,33289,CPD_351179563828,N-deshydroxyethyl dasatinib,9618,train_pool
batch_2,34236,CPD_351179563828,N-deshydroxyethyl dasatinib,9619,train_pool
batch_2,34398,CPD_351179563828,N-deshydroxyethyl dasatinib,9620,train_pool
batch_2,34458,CPD_351179563828,N-deshydroxyethyl dasatinib,9621,train_pool
batch_2,34608,CPD_351179563828,N-deshydroxyethyl dasatinib,9622,train_pool
batch_2,34933,CPD_351179563828,N-deshydroxyethyl dasatinib,9623,train_pool
batch_2,35044,CPD_351179563828,N-deshydroxyethyl dasatinib,9624,train_pool
batch_2,35054,CPD_351179563828,N-deshydroxyethyl dasatinib,9625,test
batch_2,35170,CPD_351179563828,N-deshydroxyethyl dasatinib,9626,train_pool
batch_2,35219,CPD_351179563828,N-deshydroxyethyl dasatinib,9627,train_pool
batch_2,35515,CPD_351179563828,N-deshydroxyethyl dasatinib,9628,train_pool
batch_2,35545,CPD_351179563828,N-deshydroxyethyl dasatinib,9629,test
batch_2,35943,CPD_351179563828,N-deshydroxyethyl dasatinib,9630,train_pool
batch_2,36121,CPD_351179563828,N-deshydroxyethyl dasatinib,9631,test
batch_2,36417,CPD_351179563828,N-deshydroxyethyl dasatinib,9632,train_pool
batch_2,36485,CPD_351179563828,N-deshydroxyethyl dasatinib,9633,train_pool
batch_2,37032,CPD_351179563828,N-deshydroxyethyl dasatinib,9634,test
batch_2,37757,CPD_351179563828,N-deshydroxyethyl dasatinib,9635,test
batch_2,38016,CPD_351179563828,N-deshydroxyethyl dasatinib,9636,train_pool
batch_2,38967,CPD_351179563828,N-deshydroxyethyl dasatinib,9637,test
batch_2,38996,CPD_351179563828,N-deshydroxyethyl dasatinib,9638,test
batch_2,40105,CPD_351179563828,N-deshydroxyethyl dasatinib,9639,test
batch_2,41423,CPD_351179563828,N-deshydroxyethyl dasatinib,9640,train_pool
batch_2,41584,CPD_351179563828,N-deshydroxyethyl dasatinib,9641,train_pool
batch_2,41685,CPD_351179563828,N-deshydroxyethyl dasatinib,9642,train_pool
batch_2,41784,CPD_351179563828,N-deshydroxyethyl dasatinib,9643,train_pool
batch_2,41840,CPD_351179563828,N-deshydroxyethyl dasatinib,9644,test
batch_2,42101,CPD_351179563828,N-deshydroxyethyl dasatinib,9645,train_pool
batch_2,42601,CPD_351179563828,N-deshydroxyethyl dasatinib,9646,train_pool
batch_2,43381,CPD_351179563828,N-deshydroxyethyl dasatinib,9647,train_pool
batch_2,43885,CPD_351179563828,N-deshydroxyethyl dasatinib,9648,train_pool
batch_2,44275,CPD_351179563828,N-deshydroxyethyl dasatinib,9649,train_pool
batch_2,44338,CPD_351179563828,N-deshydroxyethyl dasatinib,9650,test
batch_2,44415,CPD_351179563828,N-deshydroxyethyl dasatinib,9651,train_pool
batch_2,44934,CPD_351179563828,N-deshydroxyethyl dasatinib,9652,train_pool
batch_2,45575,CPD_351179563828,N-deshydroxyethyl dasatinib,9653,train_pool
batch_2,45777,CPD_351179563828,N-deshydroxyethyl dasatinib,9654,train_pool
batch_2,45932,CPD_351179563828,N-deshydroxyethyl dasatinib,9655,train_pool
batch_2,46029,CPD_351179563828,N-deshydroxyethyl dasatinib,9656,train_pool
batch_2,46385,CPD_351179563828,N-deshydroxyethyl dasatinib,9657,test
batch_2,46953,CPD_351179563828,N-deshydroxyethyl dasatinib,9658,train_pool
batch_2,47069,CPD_351179563828,N-deshydroxyethyl dasatinib,9659,train_pool
batch_2,48059,CPD_351179563828,N-deshydroxyethyl dasatinib,9660,train_pool
batch_2,48103,CPD_351179563828,N-deshydroxyethyl dasatinib,9661,test
batch_2,48355,CPD_351179563828,N-deshydroxyethyl dasatinib,9662,train_pool
batch_2,1551,CPD_029002508615,SMARCA ligand 1,9663,test
batch_2,1778,CPD_029002508615,SMARCA ligand 1,9664,train_pool
batch_2,1937,CPD_029002508615,SMARCA ligand 1,9665,train_pool
batch_2,2161,CPD_029002508615,SMARCA ligand 1,9666,train_pool
batch_2,2173,CPD_029002508615,SMARCA ligand 1,9667,test
batch_2,2563,CPD_029002508615,SMARCA ligand 1,9668,train_pool
batch_2,2750,CPD_029002508615,SMARCA ligand 1,9669,test
batch_2,3428,CPD_029002508615,SMARCA ligand 1,9670,train_pool
batch_2,5644,CPD_029002508615,SMARCA ligand 1,9671,train_pool
batch_2,5945,CPD_029002508615,SMARCA ligand 1,9672,test
batch_2,5990,CPD_029002508615,SMARCA ligand 1,9673,train_pool
batch_2,6276,CPD_029002508615,SMARCA ligand 1,9674,train_pool
batch_2,6364,CPD_029002508615,SMARCA ligand 1,9675,train_pool
batch_2,6397,CPD_029002508615,SMARCA ligand 1,9676,train_pool
batch_2,6531,CPD_029002508615,SMARCA ligand 1,9677,test
batch_2,7119,CPD_029002508615,SMARCA ligand 1,9678,train_pool
batch_2,7792,CPD_029002508615,SMARCA ligand 1,9679,train_pool
batch_2,8223,CPD_029002508615,SMARCA ligand 1,9680,train_pool
batch_2,8265,CPD_029002508615,SMARCA ligand 1,9681,train_pool
batch_2,8478,CPD_029002508615,SMARCA ligand 1,9682,train_pool
batch_2,8645,CPD_029002508615,SMARCA ligand 1,9683,train_pool
batch_2,9293,CPD_029002508615,SMARCA ligand 1,9684,test
batch_2,9967,CPD_029002508615,SMARCA ligand 1,9685,train_pool
batch_2,10043,CPD_029002508615,SMARCA ligand 1,9686,train_pool
batch_2,10193,CPD_029002508615,SMARCA ligand 1,9687,train_pool
batch_2,10327,CPD_029002508615,SMARCA ligand 1,9688,train_pool
batch_2,10341,CPD_029002508615,SMARCA ligand 1,9689,train_pool
batch_2,11072,CPD_029002508615,SMARCA ligand 1,9690,train_pool
batch_2,11076,CPD_029002508615,SMARCA ligand 1,9691,train_pool
batch_2,11239,CPD_029002508615,SMARCA ligand 1,9692,test
batch_2,11274,CPD_029002508615,SMARCA ligand 1,9693,test
batch_2,11330,CPD_029002508615,SMARCA ligand 1,9694,train_pool
batch_2,11532,CPD_029002508615,SMARCA ligand 1,9695,train_pool
batch_2,11625,CPD_029002508615,SMARCA ligand 1,9696,train_pool
batch_2,11700,CPD_029002508615,SMARCA ligand 1,9697,train_pool
batch_2,11819,CPD_029002508615,SMARCA ligand 1,9698,test
batch_2,11866,CPD_029002508615,SMARCA ligand 1,9699,test
batch_2,12763,CPD_029002508615,SMARCA ligand 1,9700,train_pool
batch_2,12895,CPD_029002508615,SMARCA ligand 1,9701,test
batch_2,12905,CPD_029002508615,SMARCA ligand 1,9702,train_pool
batch_2,13070,CPD_029002508615,SMARCA ligand 1,9703,train_pool
batch_2,13645,CPD_029002508615,SMARCA ligand 1,9704,train_pool
batch_2,14105,CPD_029002508615,SMARCA ligand 1,9705,train_pool
batch_2,14122,CPD_029002508615,SMARCA ligand 1,9706,test
batch_2,14505,CPD_029002508615,SMARCA ligand 1,9707,train_pool
batch_2,14691,CPD_029002508615,SMARCA ligand 1,9708,train_pool
batch_2,14845,CPD_029002508615,SMARCA ligand 1,9709,train_pool
batch_2,15061,CPD_029002508615,SMARCA ligand 1,9710,train_pool
batch_2,15187,CPD_029002508615,SMARCA ligand 1,9711,train_pool
batch_2,15680,CPD_029002508615,SMARCA ligand 1,9712,train_pool
batch_2,15811,CPD_029002508615,SMARCA ligand 1,9713,train_pool
batch_2,16314,CPD_029002508615,SMARCA ligand 1,9714,train_pool
batch_2,16425,CPD_029002508615,SMARCA ligand 1,9715,test
batch_2,16721,CPD_029002508615,SMARCA ligand 1,9716,train_pool
batch_2,17617,CPD_029002508615,SMARCA ligand 1,9717,test
batch_2,17762,CPD_029002508615,SMARCA ligand 1,9718,train_pool
batch_2,18137,CPD_029002508615,SMARCA ligand 1,9719,test
batch_2,19307,CPD_029002508615,SMARCA ligand 1,9720,train_pool
batch_2,19420,CPD_029002508615,SMARCA ligand 1,9721,train_pool
batch_2,19773,CPD_029002508615,SMARCA ligand 1,9722,train_pool
batch_2,20902,CPD_029002508615,SMARCA ligand 1,9723,train_pool
batch_2,21010,CPD_029002508615,SMARCA ligand 1,9724,train_pool
batch_2,21055,CPD_029002508615,SMARCA ligand 1,9725,train_pool
batch_2,21487,CPD_029002508615,SMARCA ligand 1,9726,train_pool
batch_2,21533,CPD_029002508615,SMARCA ligand 1,9727,train_pool
batch_2,21684,CPD_029002508615,SMARCA ligand 1,9728,train_pool
batch_2,22357,CPD_029002508615,SMARCA ligand 1,9729,train_pool
batch_2,22695,CPD_029002508615,SMARCA ligand 1,9730,train_pool
batch_2,22769,CPD_029002508615,SMARCA ligand 1,9731,train_pool
batch_2,24244,CPD_029002508615,SMARCA ligand 1,9732,train_pool
batch_2,24702,CPD_029002508615,SMARCA ligand 1,9733,train_pool
batch_2,24796,CPD_029002508615,SMARCA ligand 1,9734,train_pool
batch_2,25032,CPD_029002508615,SMARCA ligand 1,9735,train_pool
batch_2,25535,CPD_029002508615,SMARCA ligand 1,9736,train_pool
batch_2,25740,CPD_029002508615,SMARCA ligand 1,9737,train_pool
batch_2,26515,CPD_029002508615,SMARCA ligand 1,9738,train_pool
batch_2,26808,CPD_029002508615,SMARCA ligand 1,9739,test
batch_2,27376,CPD_029002508615,SMARCA ligand 1,9740,test
batch_2,27498,CPD_029002508615,SMARCA ligand 1,9741,train_pool
batch_2,27786,CPD_029002508615,SMARCA ligand 1,9742,train_pool
batch_2,27999,CPD_029002508615,SMARCA ligand 1,9743,train_pool
batch_2,28275,CPD_029002508615,SMARCA ligand 1,9744,train_pool
batch_2,28480,CPD_029002508615,SMARCA ligand 1,9745,train_pool
batch_2,29074,CPD_029002508615,SMARCA ligand 1,9746,train_pool
batch_2,29244,CPD_029002508615,SMARCA ligand 1,9747,train_pool
batch_2,29412,CPD_029002508615,SMARCA ligand 1,9748,train_pool
batch_2,29789,CPD_029002508615,SMARCA ligand 1,9749,train_pool
batch_2,29843,CPD_029002508615,SMARCA ligand 1,9750,train_pool
batch_2,29858,CPD_029002508615,SMARCA ligand 1,9751,train_pool
batch_2,30595,CPD_029002508615,SMARCA ligand 1,9752,train_pool
batch_2,30688,CPD_029002508615,SMARCA ligand 1,9753,train_pool
batch_2,31015,CPD_029002508615,SMARCA ligand 1,9754,train_pool
batch_2,31655,CPD_029002508615,SMARCA ligand 1,9755,test
batch_2,31995,CPD_029002508615,SMARCA ligand 1,9756,train_pool
batch_2,32224,CPD_029002508615,SMARCA ligand 1,9757,test
batch_2,32409,CPD_029002508615,SMARCA ligand 1,9758,train_pool
batch_2,33233,CPD_029002508615,SMARCA ligand 1,9759,train_pool
batch_2,33448,CPD_029002508615,SMARCA ligand 1,9760,train_pool
batch_2,33525,CPD_029002508615,SMARCA ligand 1,9761,train_pool
batch_2,34082,CPD_029002508615,SMARCA ligand 1,9762,train_pool
batch_2,34297,CPD_029002508615,SMARCA ligand 1,9763,test
batch_2,34365,CPD_029002508615,SMARCA ligand 1,9764,train_pool
batch_2,34509,CPD_029002508615,SMARCA ligand 1,9765,train_pool
batch_2,34951,CPD_029002508615,SMARCA ligand 1,9766,train_pool
batch_2,35335,CPD_029002508615,SMARCA ligand 1,9767,test
batch_2,35514,CPD_029002508615,SMARCA ligand 1,9768,train_pool
batch_2,35539,CPD_029002508615,SMARCA ligand 1,9769,train_pool
batch_2,36523,CPD_029002508615,SMARCA ligand 1,9770,train_pool
batch_2,36632,CPD_029002508615,SMARCA ligand 1,9771,train_pool
batch_2,37360,CPD_029002508615,SMARCA ligand 1,9772,train_pool
batch_2,37722,CPD_029002508615,SMARCA ligand 1,9773,test
batch_2,38003,CPD_029002508615,SMARCA ligand 1,9774,train_pool
batch_2,38116,CPD_029002508615,SMARCA ligand 1,9775,train_pool
batch_2,38275,CPD_029002508615,SMARCA ligand 1,9776,train_pool
batch_2,38427,CPD_029002508615,SMARCA ligand 1,9777,train_pool
batch_2,38641,CPD_029002508615,SMARCA ligand 1,9778,train_pool
batch_2,38817,CPD_029002508615,SMARCA ligand 1,9779,train_pool
batch_2,38880,CPD_029002508615,SMARCA ligand 1,9780,train_pool
batch_2,38983,CPD_029002508615,SMARCA ligand 1,9781,train_pool
batch_2,39295,CPD_029002508615,SMARCA ligand 1,9782,test
batch_2,39345,CPD_029002508615,SMARCA ligand 1,9783,train_pool
batch_2,39832,CPD_029002508615,SMARCA ligand 1,9784,train_pool
batch_2,39882,CPD_029002508615,SMARCA ligand 1,9785,train_pool
batch_2,40430,CPD_029002508615,SMARCA ligand 1,9786,train_pool
batch_2,40606,CPD_029002508615,SMARCA ligand 1,9787,train_pool
batch_2,40754,CPD_029002508615,SMARCA ligand 1,9788,train_pool
batch_2,41069,CPD_029002508615,SMARCA ligand 1,9789,train_pool
batch_2,41138,CPD_029002508615,SMARCA ligand 1,9790,train_pool
batch_2,41156,CPD_029002508615,SMARCA ligand 1,9791,train_pool
batch_2,41311,CPD_029002508615,SMARCA ligand 1,9792,train_pool
batch_2,41690,CPD_029002508615,SMARCA ligand 1,9793,train_pool
batch_2,41786,CPD_029002508615,SMARCA ligand 1,9794,test
batch_2,41915,CPD_029002508615,SMARCA ligand 1,9795,train_pool
batch_2,41928,CPD_029002508615,SMARCA ligand 1,9796,test
batch_2,42527,CPD_029002508615,SMARCA ligand 1,9797,train_pool
batch_2,42585,CPD_029002508615,SMARCA ligand 1,9798,test
batch_2,43403,CPD_029002508615,SMARCA ligand 1,9799,train_pool
batch_2,43522,CPD_029002508615,SMARCA ligand 1,9800,train_pool
batch_2,44178,CPD_029002508615,SMARCA ligand 1,9801,test
batch_2,45024,CPD_029002508615,SMARCA ligand 1,9802,train_pool
batch_2,45025,CPD_029002508615,SMARCA ligand 1,9803,train_pool
batch_2,46068,CPD_029002508615,SMARCA ligand 1,9804,train_pool
batch_2,46269,CPD_029002508615,SMARCA ligand 1,9805,test
batch_2,46558,CPD_029002508615,SMARCA ligand 1,9806,train_pool
batch_2,46597,CPD_029002508615,SMARCA ligand 1,9807,test
batch_2,46691,CPD_029002508615,SMARCA ligand 1,9808,train_pool
batch_2,46784,CPD_029002508615,SMARCA ligand 1,9809,train_pool
batch_2,46788,CPD_029002508615,SMARCA ligand 1,9810,train_pool
batch_2,46873,CPD_029002508615,SMARCA ligand 1,9811,test
batch_2,47525,CPD_029002508615,SMARCA ligand 1,9812,train_pool
batch_2,48084,CPD_029002508615,SMARCA ligand 1,9813,train_pool
batch_2,48115,CPD_029002508615,SMARCA ligand 1,9814,train_pool
batch_2,2126,CPD_780270304878,STC-15,9815,train_pool
batch_2,2275,CPD_780270304878,STC-15,9816,train_pool
batch_2,2276,CPD_780270304878,STC-15,9817,train_pool
batch_2,2650,CPD_780270304878,STC-15,9818,train_pool
batch_2,2805,CPD_780270304878,STC-15,9819,train_pool
batch_2,2885,CPD_780270304878,STC-15,9820,train_pool
batch_2,2895,CPD_780270304878,STC-15,9821,train_pool
batch_2,3090,CPD_780270304878,STC-15,9822,train_pool
batch_2,3730,CPD_780270304878,STC-15,9823,test
batch_2,5893,CPD_780270304878,STC-15,9824,train_pool
batch_2,6022,CPD_780270304878,STC-15,9825,train_pool
batch_2,6275,CPD_780270304878,STC-15,9826,train_pool
batch_2,6434,CPD_780270304878,STC-15,9827,train_pool
batch_2,6459,CPD_780270304878,STC-15,9828,train_pool
batch_2,6477,CPD_780270304878,STC-15,9829,train_pool
batch_2,7006,CPD_780270304878,STC-15,9830,train_pool
batch_2,7304,CPD_780270304878,STC-15,9831,train_pool
batch_2,7812,CPD_780270304878,STC-15,9832,test
batch_2,7877,CPD_780270304878,STC-15,9833,test
batch_2,9279,CPD_780270304878,STC-15,9834,train_pool
batch_2,9411,CPD_780270304878,STC-15,9835,train_pool
batch_2,9504,CPD_780270304878,STC-15,9836,test
batch_2,9749,CPD_780270304878,STC-15,9837,train_pool
batch_2,10801,CPD_780270304878,STC-15,9838,train_pool
batch_2,10828,CPD_780270304878,STC-15,9839,train_pool
batch_2,10915,CPD_780270304878,STC-15,9840,train_pool
batch_2,11191,CPD_780270304878,STC-15,9841,train_pool
batch_2,11328,CPD_780270304878,STC-15,9842,train_pool
batch_2,11482,CPD_780270304878,STC-15,9843,train_pool
batch_2,11594,CPD_780270304878,STC-15,9844,train_pool
batch_2,11641,CPD_780270304878,STC-15,9845,train_pool
batch_2,11709,CPD_780270304878,STC-15,9846,test
batch_2,12197,CPD_780270304878,STC-15,9847,train_pool
batch_2,12647,CPD_780270304878,STC-15,9848,train_pool
batch_2,13037,CPD_780270304878,STC-15,9849,train_pool
batch_2,13148,CPD_780270304878,STC-15,9850,train_pool
batch_2,13812,CPD_780270304878,STC-15,9851,train_pool
batch_2,14071,CPD_780270304878,STC-15,9852,train_pool
batch_2,14660,CPD_780270304878,STC-15,9853,train_pool
batch_2,14735,CPD_780270304878,STC-15,9854,train_pool
batch_2,14815,CPD_780270304878,STC-15,9855,train_pool
batch_2,14966,CPD_780270304878,STC-15,9856,test
batch_2,15085,CPD_780270304878,STC-15,9857,train_pool
batch_2,15382,CPD_780270304878,STC-15,9858,test
batch_2,15436,CPD_780270304878,STC-15,9859,test
batch_2,15545,CPD_780270304878,STC-15,9860,train_pool
batch_2,15585,CPD_780270304878,STC-15,9861,train_pool
batch_2,15851,CPD_780270304878,STC-15,9862,train_pool
batch_2,16511,CPD_780270304878,STC-15,9863,train_pool
batch_2,16512,CPD_780270304878,STC-15,9864,test
batch_2,16576,CPD_780270304878,STC-15,9865,train_pool
batch_2,16899,CPD_780270304878,STC-15,9866,test
batch_2,17760,CPD_780270304878,STC-15,9867,train_pool
batch_2,18138,CPD_780270304878,STC-15,9868,test
batch_2,18153,CPD_780270304878,STC-15,9869,train_pool
batch_2,18273,CPD_780270304878,STC-15,9870,train_pool
batch_2,19310,CPD_780270304878,STC-15,9871,test
batch_2,19699,CPD_780270304878,STC-15,9872,test
batch_2,19736,CPD_780270304878,STC-15,9873,train_pool
batch_2,19814,CPD_780270304878,STC-15,9874,train_pool
batch_2,19996,CPD_780270304878,STC-15,9875,train_pool
batch_2,21263,CPD_780270304878,STC-15,9876,train_pool
batch_2,21810,CPD_780270304878,STC-15,9877,train_pool
batch_2,22601,CPD_780270304878,STC-15,9878,train_pool
batch_2,22673,CPD_780270304878,STC-15,9879,test
batch_2,23193,CPD_780270304878,STC-15,9880,train_pool
batch_2,24087,CPD_780270304878,STC-15,9881,train_pool
batch_2,24193,CPD_780270304878,STC-15,9882,test
batch_2,24323,CPD_780270304878,STC-15,9883,train_pool
batch_2,24586,CPD_780270304878,STC-15,9884,train_pool
batch_2,24841,CPD_780270304878,STC-15,9885,test
batch_2,26346,CPD_780270304878,STC-15,9886,test
batch_2,26476,CPD_780270304878,STC-15,9887,train_pool
batch_2,26575,CPD_780270304878,STC-15,9888,test
batch_2,27402,CPD_780270304878,STC-15,9889,train_pool
batch_2,27993,CPD_780270304878,STC-15,9890,train_pool
batch_2,28239,CPD_780270304878,STC-15,9891,train_pool
batch_2,29146,CPD_780270304878,STC-15,9892,test
batch_2,29573,CPD_780270304878,STC-15,9893,train_pool
batch_2,30930,CPD_780270304878,STC-15,9894,train_pool
batch_2,31441,CPD_780270304878,STC-15,9895,train_pool
batch_2,31852,CPD_780270304878,STC-15,9896,train_pool
batch_2,32357,CPD_780270304878,STC-15,9897,train_pool
batch_2,32677,CPD_780270304878,STC-15,9898,train_pool
batch_2,32886,CPD_780270304878,STC-15,9899,train_pool
batch_2,33316,CPD_780270304878,STC-15,9900,train_pool
batch_2,33379,CPD_780270304878,STC-15,9901,train_pool
batch_2,33977,CPD_780270304878,STC-15,9902,test
batch_2,34135,CPD_780270304878,STC-15,9903,train_pool
batch_2,34362,CPD_780270304878,STC-15,9904,train_pool
batch_2,34799,CPD_780270304878,STC-15,9905,test
batch_2,35202,CPD_780270304878,STC-15,9906,train_pool
batch_2,35437,CPD_780270304878,STC-15,9907,train_pool
batch_2,35484,CPD_780270304878,STC-15,9908,train_pool
batch_2,35651,CPD_780270304878,STC-15,9909,train_pool
batch_2,35806,CPD_780270304878,STC-15,9910,train_pool
batch_2,36245,CPD_780270304878,STC-15,9911,train_pool
batch_2,36256,CPD_780270304878,STC-15,9912,train_pool
batch_2,36473,CPD_780270304878,STC-15,9913,train_pool
batch_2,36548,CPD_780270304878,STC-15,9914,test
batch_2,37065,CPD_780270304878,STC-15,9915,train_pool
batch_2,37414,CPD_780270304878,STC-15,9916,train_pool
batch_2,37599,CPD_780270304878,STC-15,9917,train_pool
batch_2,37638,CPD_780270304878,STC-15,9918,train_pool
batch_2,37668,CPD_780270304878,STC-15,9919,train_pool
batch_2,38187,CPD_780270304878,STC-15,9920,train_pool
batch_2,38583,CPD_780270304878,STC-15,9921,train_pool
batch_2,38936,CPD_780270304878,STC-15,9922,train_pool
batch_2,39131,CPD_780270304878,STC-15,9923,train_pool
batch_2,39594,CPD_780270304878,STC-15,9924,train_pool
batch_2,39670,CPD_780270304878,STC-15,9925,test
batch_2,39729,CPD_780270304878,STC-15,9926,train_pool
batch_2,39785,CPD_780270304878,STC-15,9927,train_pool
batch_2,40159,CPD_780270304878,STC-15,9928,train_pool
batch_2,40624,CPD_780270304878,STC-15,9929,train_pool
batch_2,41014,CPD_780270304878,STC-15,9930,train_pool
batch_2,41107,CPD_780270304878,STC-15,9931,train_pool
batch_2,41324,CPD_780270304878,STC-15,9932,test
batch_2,41851,CPD_780270304878,STC-15,9933,train_pool
batch_2,41950,CPD_780270304878,STC-15,9934,train_pool
batch_2,42288,CPD_780270304878,STC-15,9935,test
batch_2,42710,CPD_780270304878,STC-15,9936,train_pool
batch_2,42833,CPD_780270304878,STC-15,9937,train_pool
batch_2,43666,CPD_780270304878,STC-15,9938,train_pool
batch_2,43762,CPD_780270304878,STC-15,9939,train_pool
batch_2,43960,CPD_780270304878,STC-15,9940,train_pool
batch_2,44413,CPD_780270304878,STC-15,9941,train_pool
batch_2,44665,CPD_780270304878,STC-15,9942,train_pool
batch_2,45044,CPD_780270304878,STC-15,9943,train_pool
batch_2,45559,CPD_780270304878,STC-15,9944,train_pool
batch_2,45689,CPD_780270304878,STC-15,9945,train_pool
batch_2,45897,CPD_780270304878,STC-15,9946,train_pool
batch_2,46193,CPD_780270304878,STC-15,9947,test
batch_2,47567,CPD_780270304878,STC-15,9948,train_pool
batch_2,48016,CPD_780270304878,STC-15,9949,train_pool
batch_2,48062,CPD_780270304878,STC-15,9950,train_pool
batch_2,48450,CPD_780270304878,STC-15,9951,test
batch_2,48635,CPD_780270304878,STC-15,9952,train_pool
batch_2,48974,CPD_780270304878,STC-15,9953,train_pool
batch_2,49079,CPD_780270304878,STC-15,9954,test
batch_2,2042,CPD_430449302192,STM2457,9955,train_pool
batch_2,2908,CPD_430449302192,STM2457,9956,train_pool
batch_2,3525,CPD_430449302192,STM2457,9957,train_pool
batch_2,3830,CPD_430449302192,STM2457,9958,train_pool
batch_2,4480,CPD_430449302192,STM2457,9959,train_pool
batch_2,4771,CPD_430449302192,STM2457,9960,train_pool
batch_2,5052,CPD_430449302192,STM2457,9961,train_pool
batch_2,5418,CPD_430449302192,STM2457,9962,train_pool
batch_2,8427,CPD_430449302192,STM2457,9963,train_pool
batch_2,8469,CPD_430449302192,STM2457,9964,train_pool
batch_2,8990,CPD_430449302192,STM2457,9965,train_pool
batch_2,10215,CPD_430449302192,STM2457,9966,train_pool
batch_2,10345,CPD_430449302192,STM2457,9967,train_pool
batch_2,11464,CPD_430449302192,STM2457,9968,train_pool
batch_2,12712,CPD_430449302192,STM2457,9969,train_pool
batch_2,12799,CPD_430449302192,STM2457,9970,train_pool
batch_2,12995,CPD_430449302192,STM2457,9971,test
batch_2,14369,CPD_430449302192,STM2457,9972,train_pool
batch_2,14946,CPD_430449302192,STM2457,9973,train_pool
batch_2,15816,CPD_430449302192,STM2457,9974,train_pool
batch_2,16936,CPD_430449302192,STM2457,9975,train_pool
batch_2,17644,CPD_430449302192,STM2457,9976,test
batch_2,17717,CPD_430449302192,STM2457,9977,train_pool
batch_2,17773,CPD_430449302192,STM2457,9978,train_pool
batch_2,17780,CPD_430449302192,STM2457,9979,train_pool
batch_2,18219,CPD_430449302192,STM2457,9980,train_pool
batch_2,19338,CPD_430449302192,STM2457,9981,test
batch_2,19397,CPD_430449302192,STM2457,9982,train_pool
batch_2,19644,CPD_430449302192,STM2457,9983,train_pool
batch_2,19849,CPD_430449302192,STM2457,9984,train_pool
batch_2,21039,CPD_430449302192,STM2457,9985,train_pool
batch_2,21675,CPD_430449302192,STM2457,9986,test
batch_2,22478,CPD_430449302192,STM2457,9987,train_pool
batch_2,22850,CPD_430449302192,STM2457,9988,test
batch_2,24627,CPD_430449302192,STM2457,9989,train_pool
batch_2,24707,CPD_430449302192,STM2457,9990,test
batch_2,24901,CPD_430449302192,STM2457,9991,train_pool
batch_2,26337,CPD_430449302192,STM2457,9992,test
batch_2,26502,CPD_430449302192,STM2457,9993,train_pool
batch_2,27866,CPD_430449302192,STM2457,9994,train_pool
batch_2,28075,CPD_430449302192,STM2457,9995,train_pool
batch_2,29257,CPD_430449302192,STM2457,9996,test
batch_2,29576,CPD_430449302192,STM2457,9997,test
batch_2,29627,CPD_430449302192,STM2457,9998,train_pool
batch_2,30362,CPD_430449302192,STM2457,9999,train_pool
batch_2,31092,CPD_430449302192,STM2457,10000,train_pool
batch_2,31297,CPD_430449302192,STM2457,10001,train_pool
batch_2,32100,CPD_430449302192,STM2457,10002,train_pool
batch_2,32136,CPD_430449302192,STM2457,10003,train_pool
batch_2,32999,CPD_430449302192,STM2457,10004,train_pool
batch_2,33186,CPD_430449302192,STM2457,10005,test
batch_2,34053,CPD_430449302192,STM2457,10006,train_pool
batch_2,34203,CPD_430449302192,STM2457,10007,train_pool
batch_2,34949,CPD_430449302192,STM2457,10008,train_pool
batch_2,35698,CPD_430449302192,STM2457,10009,test
batch_2,35860,CPD_430449302192,STM2457,10010,train_pool
batch_2,36630,CPD_430449302192,STM2457,10011,train_pool
batch_2,36806,CPD_430449302192,STM2457,10012,train_pool
batch_2,37408,CPD_430449302192,STM2457,10013,test
batch_2,37601,CPD_430449302192,STM2457,10014,train_pool
batch_2,38443,CPD_430449302192,STM2457,10015,train_pool
batch_2,38794,CPD_430449302192,STM2457,10016,train_pool
batch_2,39170,CPD_430449302192,STM2457,10017,train_pool
batch_2,40675,CPD_430449302192,STM2457,10018,train_pool
batch_2,40755,CPD_430449302192,STM2457,10019,train_pool
batch_2,41049,CPD_430449302192,STM2457,10020,train_pool
batch_2,41591,CPD_430449302192,STM2457,10021,train_pool
batch_2,41763,CPD_430449302192,STM2457,10022,test
batch_2,42076,CPD_430449302192,STM2457,10023,test
batch_2,43275,CPD_430449302192,STM2457,10024,train_pool
batch_2,43327,CPD_430449302192,STM2457,10025,train_pool
batch_2,43427,CPD_430449302192,STM2457,10026,train_pool
batch_2,43468,CPD_430449302192,STM2457,10027,train_pool
batch_2,44299,CPD_430449302192,STM2457,10028,train_pool
batch_2,45362,CPD_430449302192,STM2457,10029,train_pool
batch_2,45727,CPD_430449302192,STM2457,10030,train_pool
batch_2,46829,CPD_430449302192,STM2457,10031,train_pool
batch_2,46860,CPD_430449302192,STM2457,10032,train_pool
batch_2,46992,CPD_430449302192,STM2457,10033,train_pool
batch_2,47201,CPD_430449302192,STM2457,10034,test
batch_2,47489,CPD_430449302192,STM2457,10035,test
batch_2,48479,CPD_430449302192,STM2457,10036,train_pool
batch_2,2605,CPD_144607136087,XL019,10037,train_pool
batch_2,3154,CPD_144607136087,XL019,10038,train_pool
batch_2,3934,CPD_144607136087,XL019,10039,test
batch_2,3953,CPD_144607136087,XL019,10040,train_pool
batch_2,4302,CPD_144607136087,XL019,10041,train_pool
batch_2,4761,CPD_144607136087,XL019,10042,train_pool
batch_2,5054,CPD_144607136087,XL019,10043,train_pool
batch_2,5917,CPD_144607136087,XL019,10044,train_pool
batch_2,5943,CPD_144607136087,XL019,10045,train_pool
batch_2,6220,CPD_144607136087,XL019,10046,train_pool
batch_2,6309,CPD_144607136087,XL019,10047,train_pool
batch_2,6447,CPD_144607136087,XL019,10048,train_pool
batch_2,6677,CPD_144607136087,XL019,10049,train_pool
batch_2,6725,CPD_144607136087,XL019,10050,train_pool
batch_2,7047,CPD_144607136087,XL019,10051,train_pool
batch_2,7112,CPD_144607136087,XL019,10052,train_pool
batch_2,7337,CPD_144607136087,XL019,10053,test
batch_2,7736,CPD_144607136087,XL019,10054,train_pool
batch_2,9671,CPD_144607136087,XL019,10055,train_pool
batch_2,9700,CPD_144607136087,XL019,10056,train_pool
batch_2,10035,CPD_144607136087,XL019,10057,train_pool
batch_2,10212,CPD_144607136087,XL019,10058,train_pool
batch_2,10395,CPD_144607136087,XL019,10059,train_pool
batch_2,11635,CPD_144607136087,XL019,10060,train_pool
batch_2,11863,CPD_144607136087,XL019,10061,train_pool
batch_2,12307,CPD_144607136087,XL019,10062,test
batch_2,12625,CPD_144607136087,XL019,10063,train_pool
batch_2,12773,CPD_144607136087,XL019,10064,train_pool
batch_2,13087,CPD_144607136087,XL019,10065,train_pool
batch_2,13866,CPD_144607136087,XL019,10066,train_pool
batch_2,14818,CPD_144607136087,XL019,10067,test
batch_2,14932,CPD_144607136087,XL019,10068,test
batch_2,14996,CPD_144607136087,XL019,10069,train_pool
batch_2,15070,CPD_144607136087,XL019,10070,train_pool
batch_2,15213,CPD_144607136087,XL019,10071,train_pool
batch_2,15859,CPD_144607136087,XL019,10072,train_pool
batch_2,16504,CPD_144607136087,XL019,10073,train_pool
batch_2,16506,CPD_144607136087,XL019,10074,train_pool
batch_2,16995,CPD_144607136087,XL019,10075,train_pool
batch_2,17267,CPD_144607136087,XL019,10076,train_pool
batch_2,17681,CPD_144607136087,XL019,10077,train_pool
batch_2,17727,CPD_144607136087,XL019,10078,train_pool
batch_2,19729,CPD_144607136087,XL019,10079,train_pool
batch_2,19791,CPD_144607136087,XL019,10080,train_pool
batch_2,19806,CPD_144607136087,XL019,10081,train_pool
batch_2,20214,CPD_144607136087,XL019,10082,train_pool
batch_2,21144,CPD_144607136087,XL019,10083,test
batch_2,21563,CPD_144607136087,XL019,10084,train_pool
batch_2,22131,CPD_144607136087,XL019,10085,train_pool
batch_2,23057,CPD_144607136087,XL019,10086,test
batch_2,23136,CPD_144607136087,XL019,10087,train_pool
batch_2,24078,CPD_144607136087,XL019,10088,train_pool
batch_2,24149,CPD_144607136087,XL019,10089,test
batch_2,26286,CPD_144607136087,XL019,10090,test
batch_2,26674,CPD_144607136087,XL019,10091,train_pool
batch_2,27604,CPD_144607136087,XL019,10092,test
batch_2,27619,CPD_144607136087,XL019,10093,train_pool
batch_2,28648,CPD_144607136087,XL019,10094,test
batch_2,29363,CPD_144607136087,XL019,10095,test
batch_2,29615,CPD_144607136087,XL019,10096,train_pool
batch_2,30084,CPD_144607136087,XL019,10097,train_pool
batch_2,31154,CPD_144607136087,XL019,10098,test
batch_2,31299,CPD_144607136087,XL019,10099,train_pool
batch_2,31926,CPD_144607136087,XL019,10100,test
batch_2,32178,CPD_144607136087,XL019,10101,train_pool
batch_2,32454,CPD_144607136087,XL019,10102,train_pool
batch_2,33281,CPD_144607136087,XL019,10103,train_pool
batch_2,33490,CPD_144607136087,XL019,10104,train_pool
batch_2,34572,CPD_144607136087,XL019,10105,train_pool
batch_2,34869,CPD_144607136087,XL019,10106,train_pool
batch_2,35230,CPD_144607136087,XL019,10107,train_pool
batch_2,35307,CPD_144607136087,XL019,10108,train_pool
batch_2,35810,CPD_144607136087,XL019,10109,train_pool
batch_2,35872,CPD_144607136087,XL019,10110,train_pool
batch_2,35921,CPD_144607136087,XL019,10111,test
batch_2,36341,CPD_144607136087,XL019,10112,train_pool
batch_2,36711,CPD_144607136087,XL019,10113,train_pool
batch_2,36757,CPD_144607136087,XL019,10114,train_pool
batch_2,36820,CPD_144607136087,XL019,10115,train_pool
batch_2,37655,CPD_144607136087,XL019,10116,train_pool
batch_2,38048,CPD_144607136087,XL019,10117,train_pool
batch_2,38153,CPD_144607136087,XL019,10118,train_pool
batch_2,38244,CPD_144607136087,XL019,10119,train_pool
batch_2,38320,CPD_144607136087,XL019,10120,train_pool
batch_2,38689,CPD_144607136087,XL019,10121,train_pool
batch_2,38909,CPD_144607136087,XL019,10122,test
batch_2,38921,CPD_144607136087,XL019,10123,train_pool
batch_2,39026,CPD_144607136087,XL019,10124,train_pool
batch_2,39422,CPD_144607136087,XL019,10125,train_pool
batch_2,39438,CPD_144607136087,XL019,10126,train_pool
batch_2,40068,CPD_144607136087,XL019,10127,test
batch_2,40261,CPD_144607136087,XL019,10128,train_pool
batch_2,41065,CPD_144607136087,XL019,10129,train_pool
batch_2,41132,CPD_144607136087,XL019,10130,train_pool
batch_2,41778,CPD_144607136087,XL019,10131,test
batch_2,43111,CPD_144607136087,XL019,10132,train_pool
batch_2,43113,CPD_144607136087,XL019,10133,train_pool
batch_2,43166,CPD_144607136087,XL019,10134,train_pool
batch_2,43337,CPD_144607136087,XL019,10135,test
batch_2,43366,CPD_144607136087,XL019,10136,test
batch_2,44082,CPD_144607136087,XL019,10137,train_pool
batch_2,44151,CPD_144607136087,XL019,10138,test
batch_2,44572,CPD_144607136087,XL019,10139,train_pool
batch_2,44708,CPD_144607136087,XL019,10140,train_pool
batch_2,46054,CPD_144607136087,XL019,10141,train_pool
batch_2,46235,CPD_144607136087,XL019,10142,train_pool
batch_2,46460,CPD_144607136087,XL019,10143,train_pool
batch_2,46618,CPD_144607136087,XL019,10144,train_pool
batch_2,46878,CPD_144607136087,XL019,10145,train_pool
batch_2,48184,CPD_144607136087,XL019,10146,test
batch_2,2081,CPD_204680181321,ZF135/MRTX-1719,10147,train_pool
batch_2,2257,CPD_204680181321,ZF135/MRTX-1719,10148,train_pool
batch_2,2534,CPD_204680181321,ZF135/MRTX-1719,10149,test
batch_2,2762,CPD_204680181321,ZF135/MRTX-1719,10150,train_pool
batch_2,3279,CPD_204680181321,ZF135/MRTX-1719,10151,train_pool
batch_2,4676,CPD_204680181321,ZF135/MRTX-1719,10152,test
batch_2,5721,CPD_204680181321,ZF135/MRTX-1719,10153,train_pool
batch_2,6362,CPD_204680181321,ZF135/MRTX-1719,10154,train_pool
batch_2,7037,CPD_204680181321,ZF135/MRTX-1719,10155,train_pool
batch_2,7160,CPD_204680181321,ZF135/MRTX-1719,10156,train_pool
batch_2,7242,CPD_204680181321,ZF135/MRTX-1719,10157,train_pool
batch_2,9256,CPD_204680181321,ZF135/MRTX-1719,10158,train_pool
batch_2,9549,CPD_204680181321,ZF135/MRTX-1719,10159,train_pool
batch_2,9661,CPD_204680181321,ZF135/MRTX-1719,10160,train_pool
batch_2,10240,CPD_204680181321,ZF135/MRTX-1719,10161,train_pool
batch_2,10304,CPD_204680181321,ZF135/MRTX-1719,10162,test
batch_2,10393,CPD_204680181321,ZF135/MRTX-1719,10163,train_pool
batch_2,10484,CPD_204680181321,ZF135/MRTX-1719,10164,train_pool
batch_2,10971,CPD_204680181321,ZF135/MRTX-1719,10165,train_pool
batch_2,11487,CPD_204680181321,ZF135/MRTX-1719,10166,train_pool
batch_2,11784,CPD_204680181321,ZF135/MRTX-1719,10167,train_pool
batch_2,11992,CPD_204680181321,ZF135/MRTX-1719,10168,train_pool
batch_2,12040,CPD_204680181321,ZF135/MRTX-1719,10169,train_pool
batch_2,12891,CPD_204680181321,ZF135/MRTX-1719,10170,train_pool
batch_2,12985,CPD_204680181321,ZF135/MRTX-1719,10171,train_pool
batch_2,13130,CPD_204680181321,ZF135/MRTX-1719,10172,train_pool
batch_2,13163,CPD_204680181321,ZF135/MRTX-1719,10173,train_pool
batch_2,13256,CPD_204680181321,ZF135/MRTX-1719,10174,test
batch_2,14653,CPD_204680181321,ZF135/MRTX-1719,10175,train_pool
batch_2,14695,CPD_204680181321,ZF135/MRTX-1719,10176,train_pool
batch_2,14741,CPD_204680181321,ZF135/MRTX-1719,10177,train_pool
batch_2,14886,CPD_204680181321,ZF135/MRTX-1719,10178,train_pool
batch_2,15131,CPD_204680181321,ZF135/MRTX-1719,10179,train_pool
batch_2,16132,CPD_204680181321,ZF135/MRTX-1719,10180,test
batch_2,16292,CPD_204680181321,ZF135/MRTX-1719,10181,test
batch_2,16392,CPD_204680181321,ZF135/MRTX-1719,10182,train_pool
batch_2,16854,CPD_204680181321,ZF135/MRTX-1719,10183,train_pool
batch_2,17276,CPD_204680181321,ZF135/MRTX-1719,10184,test
batch_2,17433,CPD_204680181321,ZF135/MRTX-1719,10185,train_pool
batch_2,17538,CPD_204680181321,ZF135/MRTX-1719,10186,train_pool
batch_2,17876,CPD_204680181321,ZF135/MRTX-1719,10187,test
batch_2,19062,CPD_204680181321,ZF135/MRTX-1719,10188,train_pool
batch_2,19073,CPD_204680181321,ZF135/MRTX-1719,10189,train_pool
batch_2,19198,CPD_204680181321,ZF135/MRTX-1719,10190,train_pool
batch_2,19245,CPD_204680181321,ZF135/MRTX-1719,10191,train_pool
batch_2,19475,CPD_204680181321,ZF135/MRTX-1719,10192,train_pool
batch_2,19643,CPD_204680181321,ZF135/MRTX-1719,10193,train_pool
batch_2,19680,CPD_204680181321,ZF135/MRTX-1719,10194,test
batch_2,19747,CPD_204680181321,ZF135/MRTX-1719,10195,train_pool
batch_2,19904,CPD_204680181321,ZF135/MRTX-1719,10196,train_pool
batch_2,20029,CPD_204680181321,ZF135/MRTX-1719,10197,train_pool
batch_2,21556,CPD_204680181321,ZF135/MRTX-1719,10198,train_pool
batch_2,21832,CPD_204680181321,ZF135/MRTX-1719,10199,train_pool
batch_2,22476,CPD_204680181321,ZF135/MRTX-1719,10200,train_pool
batch_2,24550,CPD_204680181321,ZF135/MRTX-1719,10201,train_pool
batch_2,24717,CPD_204680181321,ZF135/MRTX-1719,10202,train_pool
batch_2,24834,CPD_204680181321,ZF135/MRTX-1719,10203,train_pool
batch_2,25118,CPD_204680181321,ZF135/MRTX-1719,10204,test
batch_2,25152,CPD_204680181321,ZF135/MRTX-1719,10205,test
batch_2,25204,CPD_204680181321,ZF135/MRTX-1719,10206,test
batch_2,25799,CPD_204680181321,ZF135/MRTX-1719,10207,train_pool
batch_2,26086,CPD_204680181321,ZF135/MRTX-1719,10208,test
batch_2,26409,CPD_204680181321,ZF135/MRTX-1719,10209,train_pool
batch_2,27807,CPD_204680181321,ZF135/MRTX-1719,10210,test
batch_2,27813,CPD_204680181321,ZF135/MRTX-1719,10211,test
batch_2,30286,CPD_204680181321,ZF135/MRTX-1719,10212,train_pool
batch_2,30884,CPD_204680181321,ZF135/MRTX-1719,10213,train_pool
batch_2,31338,CPD_204680181321,ZF135/MRTX-1719,10214,train_pool
batch_2,31420,CPD_204680181321,ZF135/MRTX-1719,10215,train_pool
batch_2,34645,CPD_204680181321,ZF135/MRTX-1719,10216,train_pool
batch_2,34659,CPD_204680181321,ZF135/MRTX-1719,10217,train_pool
batch_2,34785,CPD_204680181321,ZF135/MRTX-1719,10218,train_pool
batch_2,35712,CPD_204680181321,ZF135/MRTX-1719,10219,train_pool
batch_2,35896,CPD_204680181321,ZF135/MRTX-1719,10220,test
batch_2,36449,CPD_204680181321,ZF135/MRTX-1719,10221,test
batch_2,36726,CPD_204680181321,ZF135/MRTX-1719,10222,train_pool
batch_2,36962,CPD_204680181321,ZF135/MRTX-1719,10223,test
batch_2,37069,CPD_204680181321,ZF135/MRTX-1719,10224,train_pool
batch_2,37229,CPD_204680181321,ZF135/MRTX-1719,10225,train_pool
batch_2,37333,CPD_204680181321,ZF135/MRTX-1719,10226,train_pool
batch_2,37663,CPD_204680181321,ZF135/MRTX-1719,10227,train_pool
batch_2,38387,CPD_204680181321,ZF135/MRTX-1719,10228,train_pool
batch_2,39012,CPD_204680181321,ZF135/MRTX-1719,10229,train_pool
batch_2,39280,CPD_204680181321,ZF135/MRTX-1719,10230,train_pool
batch_2,39315,CPD_204680181321,ZF135/MRTX-1719,10231,train_pool
batch_2,39452,CPD_204680181321,ZF135/MRTX-1719,10232,train_pool
batch_2,39458,CPD_204680181321,ZF135/MRTX-1719,10233,train_pool
batch_2,40365,CPD_204680181321,ZF135/MRTX-1719,10234,train_pool
batch_2,41126,CPD_204680181321,ZF135/MRTX-1719,10235,train_pool
batch_2,41610,CPD_204680181321,ZF135/MRTX-1719,10236,train_pool
batch_2,42524,CPD_204680181321,ZF135/MRTX-1719,10237,train_pool
batch_2,42864,CPD_204680181321,ZF135/MRTX-1719,10238,train_pool
batch_2,42924,CPD_204680181321,ZF135/MRTX-1719,10239,train_pool
batch_2,42929,CPD_204680181321,ZF135/MRTX-1719,10240,train_pool
batch_2,44692,CPD_204680181321,ZF135/MRTX-1719,10241,test
batch_2,45324,CPD_204680181321,ZF135/MRTX-1719,10242,train_pool
batch_2,45534,CPD_204680181321,ZF135/MRTX-1719,10243,train_pool
batch_2,46940,CPD_204680181321,ZF135/MRTX-1719,10244,train_pool
batch_2,47078,CPD_204680181321,ZF135/MRTX-1719,10245,train_pool
batch_2,47269,CPD_204680181321,ZF135/MRTX-1719,10246,test
batch_2,47809,CPD_204680181321,ZF135/MRTX-1719,10247,train_pool
batch_2,47864,CPD_204680181321,ZF135/MRTX-1719,10248,train_pool
batch_2,2487,CPD_317738115337,ZM336372,10249,test
batch_2,3197,CPD_317738115337,ZM336372,10250,train_pool
batch_2,4936,CPD_317738115337,ZM336372,10251,train_pool
batch_2,7365,CPD_317738115337,ZM336372,10252,train_pool
batch_2,7410,CPD_317738115337,ZM336372,10253,train_pool
batch_2,8398,CPD_317738115337,ZM336372,10254,test
batch_2,9673,CPD_317738115337,ZM336372,10255,test
batch_2,9723,CPD_317738115337,ZM336372,10256,test
batch_2,9770,CPD_317738115337,ZM336372,10257,train_pool
batch_2,10055,CPD_317738115337,ZM336372,10258,train_pool
batch_2,10772,CPD_317738115337,ZM336372,10259,train_pool
batch_2,10800,CPD_317738115337,ZM336372,10260,test
batch_2,11520,CPD_317738115337,ZM336372,10261,train_pool
batch_2,11541,CPD_317738115337,ZM336372,10262,train_pool
batch_2,12830,CPD_317738115337,ZM336372,10263,train_pool
batch_2,14527,CPD_317738115337,ZM336372,10264,train_pool
batch_2,14971,CPD_317738115337,ZM336372,10265,train_pool
batch_2,15258,CPD_317738115337,ZM336372,10266,train_pool
batch_2,16178,CPD_317738115337,ZM336372,10267,train_pool
batch_2,17183,CPD_317738115337,ZM336372,10268,train_pool
batch_2,17674,CPD_317738115337,ZM336372,10269,train_pool
batch_2,19385,CPD_317738115337,ZM336372,10270,train_pool
batch_2,19846,CPD_317738115337,ZM336372,10271,train_pool
batch_2,21024,CPD_317738115337,ZM336372,10272,test
batch_2,22024,CPD_317738115337,ZM336372,10273,test
batch_2,22457,CPD_317738115337,ZM336372,10274,test
batch_2,24626,CPD_317738115337,ZM336372,10275,train_pool
batch_2,26520,CPD_317738115337,ZM336372,10276,train_pool
batch_2,28153,CPD_317738115337,ZM336372,10277,train_pool
batch_2,29322,CPD_317738115337,ZM336372,10278,train_pool
batch_2,29740,CPD_317738115337,ZM336372,10279,train_pool
batch_2,29856,CPD_317738115337,ZM336372,10280,train_pool
batch_2,30149,CPD_317738115337,ZM336372,10281,train_pool
batch_2,30203,CPD_317738115337,ZM336372,10282,train_pool
batch_2,30227,CPD_317738115337,ZM336372,10283,train_pool
batch_2,31656,CPD_317738115337,ZM336372,10284,train_pool
batch_2,32180,CPD_317738115337,ZM336372,10285,train_pool
batch_2,32451,CPD_317738115337,ZM336372,10286,train_pool
batch_2,32626,CPD_317738115337,ZM336372,10287,train_pool
batch_2,33403,CPD_317738115337,ZM336372,10288,train_pool
batch_2,33583,CPD_317738115337,ZM336372,10289,train_pool
batch_2,34106,CPD_317738115337,ZM336372,10290,train_pool
batch_2,34469,CPD_317738115337,ZM336372,10291,train_pool
batch_2,34801,CPD_317738115337,ZM336372,10292,train_pool
batch_2,35007,CPD_317738115337,ZM336372,10293,test
batch_2,35998,CPD_317738115337,ZM336372,10294,train_pool
batch_2,36183,CPD_317738115337,ZM336372,10295,test
batch_2,36714,CPD_317738115337,ZM336372,10296,train_pool
batch_2,36755,CPD_317738115337,ZM336372,10297,train_pool
batch_2,37057,CPD_317738115337,ZM336372,10298,train_pool
batch_2,37839,CPD_317738115337,ZM336372,10299,train_pool
batch_2,38128,CPD_317738115337,ZM336372,10300,train_pool
batch_2,39552,CPD_317738115337,ZM336372,10301,train_pool
batch_2,40621,CPD_317738115337,ZM336372,10302,train_pool
batch_2,41806,CPD_317738115337,ZM336372,10303,train_pool
batch_2,42081,CPD_317738115337,ZM336372,10304,train_pool
batch_2,43414,CPD_317738115337,ZM336372,10305,train_pool
batch_2,44585,CPD_317738115337,ZM336372,10306,train_pool
batch_2,45694,CPD_317738115337,ZM336372,10307,train_pool
batch_2,46072,CPD_317738115337,ZM336372,10308,test
batch_2,46241,CPD_317738115337,ZM336372,10309,test
batch_2,48086,CPD_317738115337,ZM336372,10310,train_pool
batch_2,49066,CPD_317738115337,ZM336372,10311,train_pool
batch_2,1120,CPD_137861888137,aloperine,10312,train_pool
batch_2,2008,CPD_137861888137,aloperine,10313,test
batch_2,2301,CPD_137861888137,aloperine,10314,train_pool
batch_2,2633,CPD_137861888137,aloperine,10315,train_pool
batch_2,3799,CPD_137861888137,aloperine,10316,test
batch_2,3863,CPD_137861888137,aloperine,10317,train_pool
batch_2,4017,CPD_137861888137,aloperine,10318,train_pool
batch_2,4664,CPD_137861888137,aloperine,10319,train_pool
batch_2,5484,CPD_137861888137,aloperine,10320,train_pool
batch_2,5494,CPD_137861888137,aloperine,10321,train_pool
batch_2,6222,CPD_137861888137,aloperine,10322,train_pool
batch_2,6316,CPD_137861888137,aloperine,10323,train_pool
batch_2,7313,CPD_137861888137,aloperine,10324,train_pool
batch_2,7592,CPD_137861888137,aloperine,10325,train_pool
batch_2,8186,CPD_137861888137,aloperine,10326,train_pool
batch_2,8555,CPD_137861888137,aloperine,10327,train_pool
batch_2,8615,CPD_137861888137,aloperine,10328,train_pool
batch_2,9211,CPD_137861888137,aloperine,10329,train_pool
batch_2,9439,CPD_137861888137,aloperine,10330,train_pool
batch_2,9918,CPD_137861888137,aloperine,10331,train_pool
batch_2,10143,CPD_137861888137,aloperine,10332,test
batch_2,10469,CPD_137861888137,aloperine,10333,train_pool
batch_2,10530,CPD_137861888137,aloperine,10334,test
batch_2,11070,CPD_137861888137,aloperine,10335,train_pool
batch_2,11128,CPD_137861888137,aloperine,10336,train_pool
batch_2,12417,CPD_137861888137,aloperine,10337,train_pool
batch_2,12669,CPD_137861888137,aloperine,10338,train_pool
batch_2,12964,CPD_137861888137,aloperine,10339,train_pool
batch_2,14704,CPD_137861888137,aloperine,10340,train_pool
batch_2,14831,CPD_137861888137,aloperine,10341,train_pool
batch_2,14857,CPD_137861888137,aloperine,10342,test
batch_2,15309,CPD_137861888137,aloperine,10343,train_pool
batch_2,16023,CPD_137861888137,aloperine,10344,test
batch_2,16239,CPD_137861888137,aloperine,10345,train_pool
batch_2,17150,CPD_137861888137,aloperine,10346,train_pool
batch_2,17661,CPD_137861888137,aloperine,10347,test
batch_2,17799,CPD_137861888137,aloperine,10348,train_pool
batch_2,20992,CPD_137861888137,aloperine,10349,train_pool
batch_2,22026,CPD_137861888137,aloperine,10350,train_pool
batch_2,24757,CPD_137861888137,aloperine,10351,train_pool
batch_2,25212,CPD_137861888137,aloperine,10352,train_pool
batch_2,26601,CPD_137861888137,aloperine,10353,test
batch_2,26783,CPD_137861888137,aloperine,10354,train_pool
batch_2,26798,CPD_137861888137,aloperine,10355,train_pool
batch_2,26951,CPD_137861888137,aloperine,10356,train_pool
batch_2,27545,CPD_137861888137,aloperine,10357,train_pool
batch_2,29607,CPD_137861888137,aloperine,10358,test
batch_2,29632,CPD_137861888137,aloperine,10359,train_pool
batch_2,30816,CPD_137861888137,aloperine,10360,train_pool
batch_2,31285,CPD_137861888137,aloperine,10361,test
batch_2,31624,CPD_137861888137,aloperine,10362,train_pool
batch_2,31643,CPD_137861888137,aloperine,10363,train_pool
batch_2,32731,CPD_137861888137,aloperine,10364,train_pool
batch_2,33008,CPD_137861888137,aloperine,10365,train_pool
batch_2,33991,CPD_137861888137,aloperine,10366,train_pool
batch_2,34289,CPD_137861888137,aloperine,10367,train_pool
batch_2,34422,CPD_137861888137,aloperine,10368,train_pool
batch_2,34480,CPD_137861888137,aloperine,10369,train_pool
batch_2,35214,CPD_137861888137,aloperine,10370,train_pool
batch_2,35753,CPD_137861888137,aloperine,10371,train_pool
batch_2,36205,CPD_137861888137,aloperine,10372,test
batch_2,36232,CPD_137861888137,aloperine,10373,train_pool
batch_2,36497,CPD_137861888137,aloperine,10374,train_pool
batch_2,36501,CPD_137861888137,aloperine,10375,test
batch_2,36561,CPD_137861888137,aloperine,10376,train_pool
batch_2,36701,CPD_137861888137,aloperine,10377,train_pool
batch_2,36970,CPD_137861888137,aloperine,10378,test
batch_2,38049,CPD_137861888137,aloperine,10379,train_pool
batch_2,39182,CPD_137861888137,aloperine,10380,train_pool
batch_2,39347,CPD_137861888137,aloperine,10381,train_pool
batch_2,39397,CPD_137861888137,aloperine,10382,train_pool
batch_2,39470,CPD_137861888137,aloperine,10383,train_pool
batch_2,40052,CPD_137861888137,aloperine,10384,train_pool
batch_2,40102,CPD_137861888137,aloperine,10385,test
batch_2,41008,CPD_137861888137,aloperine,10386,train_pool
batch_2,42784,CPD_137861888137,aloperine,10387,train_pool
batch_2,43078,CPD_137861888137,aloperine,10388,train_pool
batch_2,44163,CPD_137861888137,aloperine,10389,train_pool
batch_2,44744,CPD_137861888137,aloperine,10390,train_pool
batch_2,45986,CPD_137861888137,aloperine,10391,train_pool
batch_2,46201,CPD_137861888137,aloperine,10392,train_pool
batch_2,46603,CPD_137861888137,aloperine,10393,test
batch_2,47085,CPD_137861888137,aloperine,10394,test
batch_2,47088,CPD_137861888137,aloperine,10395,train_pool
batch_2,48342,CPD_137861888137,aloperine,10396,train_pool
batch_2,48522,CPD_137861888137,aloperine,10397,test
batch_2,49375,CPD_137861888137,aloperine,10398,train_pool
batch_2,296,CPD_236412001094,ceritinib,10399,test
batch_2,1126,CPD_236412001094,ceritinib,10400,train_pool
batch_2,2943,CPD_236412001094,ceritinib,10401,test
batch_2,3211,CPD_236412001094,ceritinib,10402,train_pool
batch_2,4817,CPD_236412001094,ceritinib,10403,train_pool
batch_2,5974,CPD_236412001094,ceritinib,10404,train_pool
batch_2,5976,CPD_236412001094,ceritinib,10405,train_pool
batch_2,6088,CPD_236412001094,ceritinib,10406,train_pool
batch_2,6186,CPD_236412001094,ceritinib,10407,train_pool
batch_2,6267,CPD_236412001094,ceritinib,10408,train_pool
batch_2,6638,CPD_236412001094,ceritinib,10409,test
batch_2,7339,CPD_236412001094,ceritinib,10410,train_pool
batch_2,7376,CPD_236412001094,ceritinib,10411,train_pool
batch_2,7551,CPD_236412001094,ceritinib,10412,train_pool
batch_2,7793,CPD_236412001094,ceritinib,10413,train_pool
batch_2,7888,CPD_236412001094,ceritinib,10414,train_pool
batch_2,7932,CPD_236412001094,ceritinib,10415,train_pool
batch_2,8297,CPD_236412001094,ceritinib,10416,train_pool
batch_2,8814,CPD_236412001094,ceritinib,10417,test
batch_2,8822,CPD_236412001094,ceritinib,10418,train_pool
batch_2,9986,CPD_236412001094,ceritinib,10419,train_pool
batch_2,11527,CPD_236412001094,ceritinib,10420,train_pool
batch_2,11646,CPD_236412001094,ceritinib,10421,test
batch_2,11682,CPD_236412001094,ceritinib,10422,train_pool
batch_2,11808,CPD_236412001094,ceritinib,10423,train_pool
batch_2,11956,CPD_236412001094,ceritinib,10424,train_pool
batch_2,13138,CPD_236412001094,ceritinib,10425,train_pool
batch_2,13174,CPD_236412001094,ceritinib,10426,train_pool
batch_2,13471,CPD_236412001094,ceritinib,10427,train_pool
batch_2,13905,CPD_236412001094,ceritinib,10428,train_pool
batch_2,13969,CPD_236412001094,ceritinib,10429,train_pool
batch_2,14902,CPD_236412001094,ceritinib,10430,test
batch_2,15991,CPD_236412001094,ceritinib,10431,train_pool
batch_2,17820,CPD_236412001094,ceritinib,10432,test
batch_2,17903,CPD_236412001094,ceritinib,10433,test
batch_2,18345,CPD_236412001094,ceritinib,10434,train_pool
batch_2,19387,CPD_236412001094,ceritinib,10435,test
batch_2,20910,CPD_236412001094,ceritinib,10436,test
batch_2,22368,CPD_236412001094,ceritinib,10437,train_pool
batch_2,22754,CPD_236412001094,ceritinib,10438,train_pool
batch_2,26331,CPD_236412001094,ceritinib,10439,train_pool
batch_2,26446,CPD_236412001094,ceritinib,10440,train_pool
batch_2,26505,CPD_236412001094,ceritinib,10441,train_pool
batch_2,27703,CPD_236412001094,ceritinib,10442,train_pool
batch_2,27821,CPD_236412001094,ceritinib,10443,train_pool
batch_2,27995,CPD_236412001094,ceritinib,10444,train_pool
batch_2,28495,CPD_236412001094,ceritinib,10445,train_pool
batch_2,28506,CPD_236412001094,ceritinib,10446,train_pool
batch_2,28861,CPD_236412001094,ceritinib,10447,test
batch_2,29717,CPD_236412001094,ceritinib,10448,train_pool
batch_2,30338,CPD_236412001094,ceritinib,10449,train_pool
batch_2,30922,CPD_236412001094,ceritinib,10450,test
batch_2,31805,CPD_236412001094,ceritinib,10451,train_pool
batch_2,33188,CPD_236412001094,ceritinib,10452,train_pool
batch_2,33427,CPD_236412001094,ceritinib,10453,train_pool
batch_2,33819,CPD_236412001094,ceritinib,10454,train_pool
batch_2,34100,CPD_236412001094,ceritinib,10455,train_pool
batch_2,34309,CPD_236412001094,ceritinib,10456,train_pool
batch_2,35277,CPD_236412001094,ceritinib,10457,test
batch_2,35616,CPD_236412001094,ceritinib,10458,train_pool
batch_2,35840,CPD_236412001094,ceritinib,10459,train_pool
batch_2,37492,CPD_236412001094,ceritinib,10460,test
batch_2,37747,CPD_236412001094,ceritinib,10461,train_pool
batch_2,37872,CPD_236412001094,ceritinib,10462,train_pool
batch_2,38763,CPD_236412001094,ceritinib,10463,test
batch_2,38989,CPD_236412001094,ceritinib,10464,train_pool
batch_2,39710,CPD_236412001094,ceritinib,10465,train_pool
batch_2,40193,CPD_236412001094,ceritinib,10466,train_pool
batch_2,41070,CPD_236412001094,ceritinib,10467,train_pool
batch_2,41297,CPD_236412001094,ceritinib,10468,train_pool
batch_2,41325,CPD_236412001094,ceritinib,10469,train_pool
batch_2,42594,CPD_236412001094,ceritinib,10470,train_pool
batch_2,43788,CPD_236412001094,ceritinib,10471,train_pool
batch_2,44995,CPD_236412001094,ceritinib,10472,test
batch_2,45148,CPD_236412001094,ceritinib,10473,train_pool
batch_2,45187,CPD_236412001094,ceritinib,10474,train_pool
batch_2,45243,CPD_236412001094,ceritinib,10475,test
batch_2,45760,CPD_236412001094,ceritinib,10476,train_pool
batch_2,45883,CPD_236412001094,ceritinib,10477,train_pool
batch_2,46960,CPD_236412001094,ceritinib,10478,train_pool
batch_2,47149,CPD_236412001094,ceritinib,10479,train_pool
batch_2,47257,CPD_236412001094,ceritinib,10480,train_pool
batch_2,48801,CPD_236412001094,ceritinib,10481,train_pool
batch_2,520,CPD_549558202917,cobimetinib,10482,train_pool
batch_2,2775,CPD_549558202917,cobimetinib,10483,test
batch_2,2826,CPD_549558202917,cobimetinib,10484,train_pool
batch_2,3259,CPD_549558202917,cobimetinib,10485,train_pool
batch_2,3897,CPD_549558202917,cobimetinib,10486,test
batch_2,3949,CPD_549558202917,cobimetinib,10487,train_pool
batch_2,5203,CPD_549558202917,cobimetinib,10488,train_pool
batch_2,5606,CPD_549558202917,cobimetinib,10489,train_pool
batch_2,6693,CPD_549558202917,cobimetinib,10490,train_pool
batch_2,6872,CPD_549558202917,cobimetinib,10491,train_pool
batch_2,7947,CPD_549558202917,cobimetinib,10492,test
batch_2,8231,CPD_549558202917,cobimetinib,10493,train_pool
batch_2,9114,CPD_549558202917,cobimetinib,10494,train_pool
batch_2,10329,CPD_549558202917,cobimetinib,10495,train_pool
batch_2,10742,CPD_549558202917,cobimetinib,10496,train_pool
batch_2,11591,CPD_549558202917,cobimetinib,10497,train_pool
batch_2,11750,CPD_549558202917,cobimetinib,10498,train_pool
batch_2,12117,CPD_549558202917,cobimetinib,10499,train_pool
batch_2,12366,CPD_549558202917,cobimetinib,10500,train_pool
batch_2,13173,CPD_549558202917,cobimetinib,10501,train_pool
batch_2,13999,CPD_549558202917,cobimetinib,10502,train_pool
batch_2,14420,CPD_549558202917,cobimetinib,10503,train_pool
batch_2,14435,CPD_549558202917,cobimetinib,10504,train_pool
batch_2,14897,CPD_549558202917,cobimetinib,10505,train_pool
batch_2,15152,CPD_549558202917,cobimetinib,10506,train_pool
batch_2,15989,CPD_549558202917,cobimetinib,10507,train_pool
batch_2,16335,CPD_549558202917,cobimetinib,10508,test
batch_2,17508,CPD_549558202917,cobimetinib,10509,train_pool
batch_2,17631,CPD_549558202917,cobimetinib,10510,train_pool
batch_2,18026,CPD_549558202917,cobimetinib,10511,train_pool
batch_2,18664,CPD_549558202917,cobimetinib,10512,train_pool
batch_2,19088,CPD_549558202917,cobimetinib,10513,train_pool
batch_2,21044,CPD_549558202917,cobimetinib,10514,train_pool
batch_2,21262,CPD_549558202917,cobimetinib,10515,train_pool
batch_2,21716,CPD_549558202917,cobimetinib,10516,test
batch_2,22887,CPD_549558202917,cobimetinib,10517,train_pool
batch_2,22904,CPD_549558202917,cobimetinib,10518,train_pool
batch_2,23345,CPD_549558202917,cobimetinib,10519,train_pool
batch_2,23837,CPD_549558202917,cobimetinib,10520,train_pool
batch_2,23897,CPD_549558202917,cobimetinib,10521,train_pool
batch_2,24003,CPD_549558202917,cobimetinib,10522,train_pool
batch_2,24354,CPD_549558202917,cobimetinib,10523,train_pool
batch_2,24430,CPD_549558202917,cobimetinib,10524,train_pool
batch_2,26225,CPD_549558202917,cobimetinib,10525,train_pool
batch_2,26252,CPD_549558202917,cobimetinib,10526,train_pool
batch_2,27781,CPD_549558202917,cobimetinib,10527,train_pool
batch_2,27991,CPD_549558202917,cobimetinib,10528,test
batch_2,28403,CPD_549558202917,cobimetinib,10529,train_pool
batch_2,29395,CPD_549558202917,cobimetinib,10530,test
batch_2,29597,CPD_549558202917,cobimetinib,10531,train_pool
batch_2,32034,CPD_549558202917,cobimetinib,10532,train_pool
batch_2,32163,CPD_549558202917,cobimetinib,10533,train_pool
batch_2,32361,CPD_549558202917,cobimetinib,10534,train_pool
batch_2,32850,CPD_549558202917,cobimetinib,10535,test
batch_2,33156,CPD_549558202917,cobimetinib,10536,train_pool
batch_2,33207,CPD_549558202917,cobimetinib,10537,test
batch_2,33412,CPD_549558202917,cobimetinib,10538,train_pool
batch_2,34270,CPD_549558202917,cobimetinib,10539,train_pool
batch_2,34399,CPD_549558202917,cobimetinib,10540,test
batch_2,34492,CPD_549558202917,cobimetinib,10541,train_pool
batch_2,34534,CPD_549558202917,cobimetinib,10542,train_pool
batch_2,34871,CPD_549558202917,cobimetinib,10543,train_pool
batch_2,35302,CPD_549558202917,cobimetinib,10544,train_pool
batch_2,35848,CPD_549558202917,cobimetinib,10545,test
batch_2,36027,CPD_549558202917,cobimetinib,10546,train_pool
batch_2,36852,CPD_549558202917,cobimetinib,10547,train_pool
batch_2,37129,CPD_549558202917,cobimetinib,10548,train_pool
batch_2,37227,CPD_549558202917,cobimetinib,10549,train_pool
batch_2,37523,CPD_549558202917,cobimetinib,10550,train_pool
batch_2,38570,CPD_549558202917,cobimetinib,10551,test
batch_2,38973,CPD_549558202917,cobimetinib,10552,train_pool
batch_2,39010,CPD_549558202917,cobimetinib,10553,train_pool
batch_2,39150,CPD_549558202917,cobimetinib,10554,train_pool
batch_2,39221,CPD_549558202917,cobimetinib,10555,train_pool
batch_2,39624,CPD_549558202917,cobimetinib,10556,test
batch_2,40238,CPD_549558202917,cobimetinib,10557,train_pool
batch_2,42468,CPD_549558202917,cobimetinib,10558,test
batch_2,43232,CPD_549558202917,cobimetinib,10559,train_pool
batch_2,44137,CPD_549558202917,cobimetinib,10560,test
batch_2,44476,CPD_549558202917,cobimetinib,10561,train_pool
batch_2,45996,CPD_549558202917,cobimetinib,10562,train_pool
batch_2,46189,CPD_549558202917,cobimetinib,10563,test
batch_2,46447,CPD_549558202917,cobimetinib,10564,train_pool
batch_2,48106,CPD_549558202917,cobimetinib,10565,test
batch_2,48156,CPD_549558202917,cobimetinib,10566,train_pool
batch_2,1560,CPD_908424475140,derazantinib,10567,train_pool
batch_2,2314,CPD_908424475140,derazantinib,10568,train_pool
batch_2,2490,CPD_908424475140,derazantinib,10569,train_pool
batch_2,3057,CPD_908424475140,derazantinib,10570,train_pool
batch_2,4768,CPD_908424475140,derazantinib,10571,test
batch_2,4810,CPD_908424475140,derazantinib,10572,train_pool
batch_2,4895,CPD_908424475140,derazantinib,10573,train_pool
batch_2,5969,CPD_908424475140,derazantinib,10574,test
batch_2,6003,CPD_908424475140,derazantinib,10575,test
batch_2,6227,CPD_908424475140,derazantinib,10576,train_pool
batch_2,6650,CPD_908424475140,derazantinib,10577,train_pool
batch_2,7107,CPD_908424475140,derazantinib,10578,train_pool
batch_2,7184,CPD_908424475140,derazantinib,10579,train_pool
batch_2,7213,CPD_908424475140,derazantinib,10580,train_pool
batch_2,7311,CPD_908424475140,derazantinib,10581,train_pool
batch_2,7582,CPD_908424475140,derazantinib,10582,train_pool
batch_2,7676,CPD_908424475140,derazantinib,10583,test
batch_2,8586,CPD_908424475140,derazantinib,10584,test
batch_2,8896,CPD_908424475140,derazantinib,10585,test
batch_2,8965,CPD_908424475140,derazantinib,10586,train_pool
batch_2,9026,CPD_908424475140,derazantinib,10587,test
batch_2,9043,CPD_908424475140,derazantinib,10588,train_pool
batch_2,13226,CPD_908424475140,derazantinib,10589,train_pool
batch_2,14095,CPD_908424475140,derazantinib,10590,train_pool
batch_2,14705,CPD_908424475140,derazantinib,10591,test
batch_2,15393,CPD_908424475140,derazantinib,10592,train_pool
batch_2,15606,CPD_908424475140,derazantinib,10593,test
batch_2,16616,CPD_908424475140,derazantinib,10594,train_pool
batch_2,16746,CPD_908424475140,derazantinib,10595,test
batch_2,17194,CPD_908424475140,derazantinib,10596,train_pool
batch_2,17471,CPD_908424475140,derazantinib,10597,train_pool
batch_2,17771,CPD_908424475140,derazantinib,10598,train_pool
batch_2,17790,CPD_908424475140,derazantinib,10599,test
batch_2,18434,CPD_908424475140,derazantinib,10600,train_pool
batch_2,19166,CPD_908424475140,derazantinib,10601,train_pool
batch_2,19248,CPD_908424475140,derazantinib,10602,train_pool
batch_2,20190,CPD_908424475140,derazantinib,10603,train_pool
batch_2,20987,CPD_908424475140,derazantinib,10604,train_pool
batch_2,22518,CPD_908424475140,derazantinib,10605,train_pool
batch_2,22684,CPD_908424475140,derazantinib,10606,test
batch_2,23154,CPD_908424475140,derazantinib,10607,train_pool
batch_2,24691,CPD_908424475140,derazantinib,10608,train_pool
batch_2,25181,CPD_908424475140,derazantinib,10609,train_pool
batch_2,26188,CPD_908424475140,derazantinib,10610,train_pool
batch_2,26731,CPD_908424475140,derazantinib,10611,train_pool
batch_2,27033,CPD_908424475140,derazantinib,10612,train_pool
batch_2,28206,CPD_908424475140,derazantinib,10613,test
batch_2,29155,CPD_908424475140,derazantinib,10614,train_pool
batch_2,29210,CPD_908424475140,derazantinib,10615,train_pool
batch_2,29358,CPD_908424475140,derazantinib,10616,train_pool
batch_2,29600,CPD_908424475140,derazantinib,10617,train_pool
batch_2,29882,CPD_908424475140,derazantinib,10618,train_pool
batch_2,29975,CPD_908424475140,derazantinib,10619,train_pool
batch_2,29994,CPD_908424475140,derazantinib,10620,train_pool
batch_2,30193,CPD_908424475140,derazantinib,10621,train_pool
batch_2,30692,CPD_908424475140,derazantinib,10622,test
batch_2,31069,CPD_908424475140,derazantinib,10623,train_pool
batch_2,31166,CPD_908424475140,derazantinib,10624,train_pool
batch_2,31197,CPD_908424475140,derazantinib,10625,train_pool
batch_2,31601,CPD_908424475140,derazantinib,10626,test
batch_2,32601,CPD_908424475140,derazantinib,10627,train_pool
batch_2,33170,CPD_908424475140,derazantinib,10628,test
batch_2,33866,CPD_908424475140,derazantinib,10629,train_pool
batch_2,34262,CPD_908424475140,derazantinib,10630,train_pool
batch_2,34393,CPD_908424475140,derazantinib,10631,train_pool
batch_2,34504,CPD_908424475140,derazantinib,10632,train_pool
batch_2,34651,CPD_908424475140,derazantinib,10633,train_pool
batch_2,35145,CPD_908424475140,derazantinib,10634,train_pool
batch_2,36107,CPD_908424475140,derazantinib,10635,train_pool
batch_2,36374,CPD_908424475140,derazantinib,10636,train_pool
batch_2,37024,CPD_908424475140,derazantinib,10637,train_pool
batch_2,37146,CPD_908424475140,derazantinib,10638,train_pool
batch_2,37272,CPD_908424475140,derazantinib,10639,train_pool
batch_2,39414,CPD_908424475140,derazantinib,10640,train_pool
batch_2,39656,CPD_908424475140,derazantinib,10641,train_pool
batch_2,39848,CPD_908424475140,derazantinib,10642,train_pool
batch_2,40732,CPD_908424475140,derazantinib,10643,train_pool
batch_2,40905,CPD_908424475140,derazantinib,10644,train_pool
batch_2,41010,CPD_908424475140,derazantinib,10645,train_pool
batch_2,41725,CPD_908424475140,derazantinib,10646,train_pool
batch_2,43368,CPD_908424475140,derazantinib,10647,train_pool
batch_2,43438,CPD_908424475140,derazantinib,10648,train_pool
batch_2,44259,CPD_908424475140,derazantinib,10649,train_pool
batch_2,44446,CPD_908424475140,derazantinib,10650,test
batch_2,44693,CPD_908424475140,derazantinib,10651,test
batch_2,45611,CPD_908424475140,derazantinib,10652,train_pool
batch_2,46635,CPD_908424475140,derazantinib,10653,train_pool
batch_2,47021,CPD_908424475140,derazantinib,10654,train_pool
batch_2,48387,CPD_908424475140,derazantinib,10655,train_pool
batch_2,742,CPD_548023859323,endoxifen,10656,train_pool
batch_2,2226,CPD_548023859323,endoxifen,10657,train_pool
batch_2,2771,CPD_548023859323,endoxifen,10658,train_pool
batch_2,3317,CPD_548023859323,endoxifen,10659,train_pool
batch_2,3356,CPD_548023859323,endoxifen,10660,train_pool
batch_2,4405,CPD_548023859323,endoxifen,10661,test
batch_2,4527,CPD_548023859323,endoxifen,10662,train_pool
batch_2,5179,CPD_548023859323,endoxifen,10663,train_pool
batch_2,5486,CPD_548023859323,endoxifen,10664,train_pool
batch_2,5496,CPD_548023859323,endoxifen,10665,train_pool
batch_2,5572,CPD_548023859323,endoxifen,10666,test
batch_2,5700,CPD_548023859323,endoxifen,10667,train_pool
batch_2,5765,CPD_548023859323,endoxifen,10668,train_pool
batch_2,6753,CPD_548023859323,endoxifen,10669,test
batch_2,7490,CPD_548023859323,endoxifen,10670,train_pool
batch_2,7829,CPD_548023859323,endoxifen,10671,train_pool
batch_2,8021,CPD_548023859323,endoxifen,10672,train_pool
batch_2,8318,CPD_548023859323,endoxifen,10673,train_pool
batch_2,8546,CPD_548023859323,endoxifen,10674,train_pool
batch_2,8991,CPD_548023859323,endoxifen,10675,train_pool
batch_2,9007,CPD_548023859323,endoxifen,10676,train_pool
batch_2,9125,CPD_548023859323,endoxifen,10677,train_pool
batch_2,10397,CPD_548023859323,endoxifen,10678,train_pool
batch_2,10571,CPD_548023859323,endoxifen,10679,train_pool
batch_2,11439,CPD_548023859323,endoxifen,10680,train_pool
batch_2,11647,CPD_548023859323,endoxifen,10681,train_pool
batch_2,12027,CPD_548023859323,endoxifen,10682,test
batch_2,12047,CPD_548023859323,endoxifen,10683,train_pool
batch_2,12827,CPD_548023859323,endoxifen,10684,test
batch_2,13117,CPD_548023859323,endoxifen,10685,train_pool
batch_2,14348,CPD_548023859323,endoxifen,10686,test
batch_2,14395,CPD_548023859323,endoxifen,10687,train_pool
batch_2,14512,CPD_548023859323,endoxifen,10688,train_pool
batch_2,15119,CPD_548023859323,endoxifen,10689,train_pool
batch_2,15183,CPD_548023859323,endoxifen,10690,train_pool
batch_2,15362,CPD_548023859323,endoxifen,10691,train_pool
batch_2,16142,CPD_548023859323,endoxifen,10692,train_pool
batch_2,16226,CPD_548023859323,endoxifen,10693,train_pool
batch_2,16802,CPD_548023859323,endoxifen,10694,test
batch_2,17038,CPD_548023859323,endoxifen,10695,train_pool
batch_2,17159,CPD_548023859323,endoxifen,10696,train_pool
batch_2,18144,CPD_548023859323,endoxifen,10697,train_pool
batch_2,18502,CPD_548023859323,endoxifen,10698,train_pool
batch_2,19276,CPD_548023859323,endoxifen,10699,train_pool
batch_2,19460,CPD_548023859323,endoxifen,10700,train_pool
batch_2,19761,CPD_548023859323,endoxifen,10701,train_pool
batch_2,20014,CPD_548023859323,endoxifen,10702,train_pool
batch_2,20052,CPD_548023859323,endoxifen,10703,train_pool
batch_2,20415,CPD_548023859323,endoxifen,10704,train_pool
batch_2,20919,CPD_548023859323,endoxifen,10705,train_pool
batch_2,21840,CPD_548023859323,endoxifen,10706,train_pool
batch_2,21890,CPD_548023859323,endoxifen,10707,train_pool
batch_2,21932,CPD_548023859323,endoxifen,10708,train_pool
batch_2,21951,CPD_548023859323,endoxifen,10709,train_pool
batch_2,22617,CPD_548023859323,endoxifen,10710,train_pool
batch_2,24268,CPD_548023859323,endoxifen,10711,train_pool
batch_2,24342,CPD_548023859323,endoxifen,10712,test
batch_2,25264,CPD_548023859323,endoxifen,10713,train_pool
batch_2,26272,CPD_548023859323,endoxifen,10714,train_pool
batch_2,26482,CPD_548023859323,endoxifen,10715,train_pool
batch_2,27370,CPD_548023859323,endoxifen,10716,train_pool
batch_2,27531,CPD_548023859323,endoxifen,10717,train_pool
batch_2,27801,CPD_548023859323,endoxifen,10718,test
batch_2,28148,CPD_548023859323,endoxifen,10719,test
batch_2,28558,CPD_548023859323,endoxifen,10720,test
batch_2,29686,CPD_548023859323,endoxifen,10721,train_pool
batch_2,29795,CPD_548023859323,endoxifen,10722,test
batch_2,29852,CPD_548023859323,endoxifen,10723,train_pool
batch_2,30721,CPD_548023859323,endoxifen,10724,train_pool
batch_2,31527,CPD_548023859323,endoxifen,10725,test
batch_2,32030,CPD_548023859323,endoxifen,10726,train_pool
batch_2,32278,CPD_548023859323,endoxifen,10727,train_pool
batch_2,32580,CPD_548023859323,endoxifen,10728,train_pool
batch_2,32987,CPD_548023859323,endoxifen,10729,train_pool
batch_2,33213,CPD_548023859323,endoxifen,10730,train_pool
batch_2,33438,CPD_548023859323,endoxifen,10731,train_pool
batch_2,33484,CPD_548023859323,endoxifen,10732,train_pool
batch_2,33967,CPD_548023859323,endoxifen,10733,train_pool
batch_2,34047,CPD_548023859323,endoxifen,10734,train_pool
batch_2,34522,CPD_548023859323,endoxifen,10735,test
batch_2,34627,CPD_548023859323,endoxifen,10736,train_pool
batch_2,35093,CPD_548023859323,endoxifen,10737,train_pool
batch_2,35249,CPD_548023859323,endoxifen,10738,train_pool
batch_2,35971,CPD_548023859323,endoxifen,10739,test
batch_2,36058,CPD_548023859323,endoxifen,10740,test
batch_2,36423,CPD_548023859323,endoxifen,10741,train_pool
batch_2,36692,CPD_548023859323,endoxifen,10742,train_pool
batch_2,36819,CPD_548023859323,endoxifen,10743,train_pool
batch_2,37110,CPD_548023859323,endoxifen,10744,train_pool
batch_2,37615,CPD_548023859323,endoxifen,10745,train_pool
batch_2,37911,CPD_548023859323,endoxifen,10746,train_pool
batch_2,38024,CPD_548023859323,endoxifen,10747,train_pool
batch_2,38255,CPD_548023859323,endoxifen,10748,train_pool
batch_2,38988,CPD_548023859323,endoxifen,10749,train_pool
batch_2,39166,CPD_548023859323,endoxifen,10750,test
batch_2,39310,CPD_548023859323,endoxifen,10751,train_pool
batch_2,39718,CPD_548023859323,endoxifen,10752,train_pool
batch_2,39801,CPD_548023859323,endoxifen,10753,train_pool
batch_2,40248,CPD_548023859323,endoxifen,10754,train_pool
batch_2,40885,CPD_548023859323,endoxifen,10755,train_pool
batch_2,41011,CPD_548023859323,endoxifen,10756,test
batch_2,41194,CPD_548023859323,endoxifen,10757,test
batch_2,41217,CPD_548023859323,endoxifen,10758,train_pool
batch_2,41616,CPD_548023859323,endoxifen,10759,test
batch_2,42566,CPD_548023859323,endoxifen,10760,train_pool
batch_2,43943,CPD_548023859323,endoxifen,10761,test
batch_2,44015,CPD_548023859323,endoxifen,10762,train_pool
batch_2,44958,CPD_548023859323,endoxifen,10763,train_pool
batch_2,45046,CPD_548023859323,endoxifen,10764,train_pool
batch_2,45206,CPD_548023859323,endoxifen,10765,test
batch_2,45924,CPD_548023859323,endoxifen,10766,train_pool
batch_2,46548,CPD_548023859323,endoxifen,10767,test
batch_2,46919,CPD_548023859323,endoxifen,10768,train_pool
batch_2,46946,CPD_548023859323,endoxifen,10769,train_pool
batch_2,47002,CPD_548023859323,endoxifen,10770,test
batch_2,47484,CPD_548023859323,endoxifen,10771,train_pool
batch_2,48740,CPD_548023859323,endoxifen,10772,train_pool
batch_2,49265,CPD_548023859323,endoxifen,10773,train_pool
batch_2,547,CPD_056284183052,fexagratinib,10774,train_pool
batch_2,1334,CPD_056284183052,fexagratinib,10775,train_pool
batch_2,1542,CPD_056284183052,fexagratinib,10776,train_pool
batch_2,2823,CPD_056284183052,fexagratinib,10777,train_pool
batch_2,2913,CPD_056284183052,fexagratinib,10778,train_pool
batch_2,3424,CPD_056284183052,fexagratinib,10779,train_pool
batch_2,4612,CPD_056284183052,fexagratinib,10780,test
batch_2,5225,CPD_056284183052,fexagratinib,10781,train_pool
batch_2,5373,CPD_056284183052,fexagratinib,10782,train_pool
batch_2,5848,CPD_056284183052,fexagratinib,10783,test
batch_2,6376,CPD_056284183052,fexagratinib,10784,train_pool
batch_2,6467,CPD_056284183052,fexagratinib,10785,train_pool
batch_2,7188,CPD_056284183052,fexagratinib,10786,train_pool
batch_2,8004,CPD_056284183052,fexagratinib,10787,train_pool
batch_2,8180,CPD_056284183052,fexagratinib,10788,train_pool
batch_2,9033,CPD_056284183052,fexagratinib,10789,train_pool
batch_2,10296,CPD_056284183052,fexagratinib,10790,test
batch_2,10374,CPD_056284183052,fexagratinib,10791,test
batch_2,10452,CPD_056284183052,fexagratinib,10792,train_pool
batch_2,10563,CPD_056284183052,fexagratinib,10793,test
batch_2,11029,CPD_056284183052,fexagratinib,10794,train_pool
batch_2,11312,CPD_056284183052,fexagratinib,10795,train_pool
batch_2,12203,CPD_056284183052,fexagratinib,10796,train_pool
batch_2,14039,CPD_056284183052,fexagratinib,10797,train_pool
batch_2,14419,CPD_056284183052,fexagratinib,10798,test
batch_2,14681,CPD_056284183052,fexagratinib,10799,test
batch_2,14707,CPD_056284183052,fexagratinib,10800,test
batch_2,16083,CPD_056284183052,fexagratinib,10801,train_pool
batch_2,16369,CPD_056284183052,fexagratinib,10802,train_pool
batch_2,16417,CPD_056284183052,fexagratinib,10803,train_pool
batch_2,17646,CPD_056284183052,fexagratinib,10804,train_pool
batch_2,17669,CPD_056284183052,fexagratinib,10805,train_pool
batch_2,17836,CPD_056284183052,fexagratinib,10806,train_pool
batch_2,17842,CPD_056284183052,fexagratinib,10807,train_pool
batch_2,18130,CPD_056284183052,fexagratinib,10808,train_pool
batch_2,18237,CPD_056284183052,fexagratinib,10809,train_pool
batch_2,19206,CPD_056284183052,fexagratinib,10810,train_pool
batch_2,19210,CPD_056284183052,fexagratinib,10811,train_pool
batch_2,19813,CPD_056284183052,fexagratinib,10812,train_pool
batch_2,19923,CPD_056284183052,fexagratinib,10813,train_pool
batch_2,21269,CPD_056284183052,fexagratinib,10814,train_pool
batch_2,21431,CPD_056284183052,fexagratinib,10815,train_pool
batch_2,22095,CPD_056284183052,fexagratinib,10816,test
batch_2,22226,CPD_056284183052,fexagratinib,10817,train_pool
batch_2,23202,CPD_056284183052,fexagratinib,10818,train_pool
batch_2,26801,CPD_056284183052,fexagratinib,10819,train_pool
batch_2,27669,CPD_056284183052,fexagratinib,10820,train_pool
batch_2,27909,CPD_056284183052,fexagratinib,10821,train_pool
batch_2,29021,CPD_056284183052,fexagratinib,10822,train_pool
batch_2,29444,CPD_056284183052,fexagratinib,10823,train_pool
batch_2,29561,CPD_056284183052,fexagratinib,10824,test
batch_2,29921,CPD_056284183052,fexagratinib,10825,train_pool
batch_2,31339,CPD_056284183052,fexagratinib,10826,train_pool
batch_2,31687,CPD_056284183052,fexagratinib,10827,train_pool
batch_2,31699,CPD_056284183052,fexagratinib,10828,train_pool
batch_2,31758,CPD_056284183052,fexagratinib,10829,train_pool
batch_2,32682,CPD_056284183052,fexagratinib,10830,train_pool
batch_2,32720,CPD_056284183052,fexagratinib,10831,train_pool
batch_2,32978,CPD_056284183052,fexagratinib,10832,train_pool
batch_2,32995,CPD_056284183052,fexagratinib,10833,train_pool
batch_2,34429,CPD_056284183052,fexagratinib,10834,train_pool
batch_2,34553,CPD_056284183052,fexagratinib,10835,test
batch_2,36016,CPD_056284183052,fexagratinib,10836,train_pool
batch_2,36110,CPD_056284183052,fexagratinib,10837,train_pool
batch_2,36474,CPD_056284183052,fexagratinib,10838,train_pool
batch_2,37134,CPD_056284183052,fexagratinib,10839,train_pool
batch_2,37316,CPD_056284183052,fexagratinib,10840,train_pool
batch_2,37341,CPD_056284183052,fexagratinib,10841,train_pool
batch_2,38776,CPD_056284183052,fexagratinib,10842,train_pool
batch_2,38811,CPD_056284183052,fexagratinib,10843,train_pool
batch_2,39520,CPD_056284183052,fexagratinib,10844,train_pool
batch_2,39688,CPD_056284183052,fexagratinib,10845,train_pool
batch_2,39849,CPD_056284183052,fexagratinib,10846,train_pool
batch_2,40245,CPD_056284183052,fexagratinib,10847,train_pool
batch_2,40684,CPD_056284183052,fexagratinib,10848,test
batch_2,40910,CPD_056284183052,fexagratinib,10849,train_pool
batch_2,41474,CPD_056284183052,fexagratinib,10850,train_pool
batch_2,42018,CPD_056284183052,fexagratinib,10851,train_pool
batch_2,42160,CPD_056284183052,fexagratinib,10852,test
batch_2,42736,CPD_056284183052,fexagratinib,10853,test
batch_2,43453,CPD_056284183052,fexagratinib,10854,test
batch_2,43562,CPD_056284183052,fexagratinib,10855,train_pool
batch_2,43747,CPD_056284183052,fexagratinib,10856,train_pool
batch_2,43865,CPD_056284183052,fexagratinib,10857,train_pool
batch_2,45114,CPD_056284183052,fexagratinib,10858,test
batch_2,45866,CPD_056284183052,fexagratinib,10859,train_pool
batch_2,45998,CPD_056284183052,fexagratinib,10860,train_pool
batch_2,46437,CPD_056284183052,fexagratinib,10861,test
batch_2,47497,CPD_056284183052,fexagratinib,10862,train_pool
batch_2,47709,CPD_056284183052,fexagratinib,10863,train_pool
batch_2,48143,CPD_056284183052,fexagratinib,10864,test
batch_2,48291,CPD_056284183052,fexagratinib,10865,train_pool
batch_2,48476,CPD_056284183052,fexagratinib,10866,test
batch_2,2232,CPD_167907273288,lapatinib,10867,test
batch_2,2346,CPD_167907273288,lapatinib,10868,train_pool
batch_2,2819,CPD_167907273288,lapatinib,10869,train_pool
batch_2,3001,CPD_167907273288,lapatinib,10870,test
batch_2,4056,CPD_167907273288,lapatinib,10871,train_pool
batch_2,5108,CPD_167907273288,lapatinib,10872,test
batch_2,5244,CPD_167907273288,lapatinib,10873,test
batch_2,5407,CPD_167907273288,lapatinib,10874,train_pool
batch_2,5784,CPD_167907273288,lapatinib,10875,train_pool
batch_2,5863,CPD_167907273288,lapatinib,10876,train_pool
batch_2,6545,CPD_167907273288,lapatinib,10877,train_pool
batch_2,8013,CPD_167907273288,lapatinib,10878,train_pool
batch_2,8210,CPD_167907273288,lapatinib,10879,train_pool
batch_2,8641,CPD_167907273288,lapatinib,10880,train_pool
batch_2,9323,CPD_167907273288,lapatinib,10881,train_pool
batch_2,9755,CPD_167907273288,lapatinib,10882,train_pool
batch_2,10120,CPD_167907273288,lapatinib,10883,train_pool
batch_2,10207,CPD_167907273288,lapatinib,10884,train_pool
batch_2,10514,CPD_167907273288,lapatinib,10885,test
batch_2,11657,CPD_167907273288,lapatinib,10886,train_pool
batch_2,13711,CPD_167907273288,lapatinib,10887,train_pool
batch_2,14077,CPD_167907273288,lapatinib,10888,train_pool
batch_2,14871,CPD_167907273288,lapatinib,10889,test
batch_2,15986,CPD_167907273288,lapatinib,10890,test
batch_2,16017,CPD_167907273288,lapatinib,10891,train_pool
batch_2,16356,CPD_167907273288,lapatinib,10892,test
batch_2,16525,CPD_167907273288,lapatinib,10893,train_pool
batch_2,17838,CPD_167907273288,lapatinib,10894,train_pool
batch_2,19213,CPD_167907273288,lapatinib,10895,test
batch_2,19312,CPD_167907273288,lapatinib,10896,train_pool
batch_2,19524,CPD_167907273288,lapatinib,10897,test
batch_2,19694,CPD_167907273288,lapatinib,10898,test
batch_2,19758,CPD_167907273288,lapatinib,10899,train_pool
batch_2,19966,CPD_167907273288,lapatinib,10900,train_pool
batch_2,20048,CPD_167907273288,lapatinib,10901,train_pool
batch_2,20323,CPD_167907273288,lapatinib,10902,train_pool
batch_2,21538,CPD_167907273288,lapatinib,10903,train_pool
batch_2,21842,CPD_167907273288,lapatinib,10904,train_pool
batch_2,22397,CPD_167907273288,lapatinib,10905,test
batch_2,22752,CPD_167907273288,lapatinib,10906,train_pool
batch_2,24103,CPD_167907273288,lapatinib,10907,train_pool
batch_2,24873,CPD_167907273288,lapatinib,10908,train_pool
batch_2,25763,CPD_167907273288,lapatinib,10909,train_pool
batch_2,27133,CPD_167907273288,lapatinib,10910,train_pool
batch_2,28094,CPD_167907273288,lapatinib,10911,train_pool
batch_2,29272,CPD_167907273288,lapatinib,10912,test
batch_2,29360,CPD_167907273288,lapatinib,10913,test
batch_2,29660,CPD_167907273288,lapatinib,10914,train_pool
batch_2,30071,CPD_167907273288,lapatinib,10915,train_pool
batch_2,30530,CPD_167907273288,lapatinib,10916,train_pool
batch_2,31145,CPD_167907273288,lapatinib,10917,train_pool
batch_2,31221,CPD_167907273288,lapatinib,10918,train_pool
batch_2,32256,CPD_167907273288,lapatinib,10919,train_pool
batch_2,32391,CPD_167907273288,lapatinib,10920,test
batch_2,32494,CPD_167907273288,lapatinib,10921,train_pool
batch_2,32630,CPD_167907273288,lapatinib,10922,train_pool
batch_2,32837,CPD_167907273288,lapatinib,10923,train_pool
batch_2,33046,CPD_167907273288,lapatinib,10924,train_pool
batch_2,33454,CPD_167907273288,lapatinib,10925,train_pool
batch_2,33643,CPD_167907273288,lapatinib,10926,train_pool
batch_2,34202,CPD_167907273288,lapatinib,10927,train_pool
batch_2,34255,CPD_167907273288,lapatinib,10928,train_pool
batch_2,34316,CPD_167907273288,lapatinib,10929,test
batch_2,36393,CPD_167907273288,lapatinib,10930,train_pool
batch_2,36795,CPD_167907273288,lapatinib,10931,train_pool
batch_2,36868,CPD_167907273288,lapatinib,10932,test
batch_2,36872,CPD_167907273288,lapatinib,10933,train_pool
batch_2,37036,CPD_167907273288,lapatinib,10934,train_pool
batch_2,37612,CPD_167907273288,lapatinib,10935,train_pool
batch_2,37996,CPD_167907273288,lapatinib,10936,train_pool
batch_2,38992,CPD_167907273288,lapatinib,10937,train_pool
batch_2,39738,CPD_167907273288,lapatinib,10938,train_pool
batch_2,40290,CPD_167907273288,lapatinib,10939,train_pool
batch_2,40603,CPD_167907273288,lapatinib,10940,train_pool
batch_2,40813,CPD_167907273288,lapatinib,10941,test
batch_2,40881,CPD_167907273288,lapatinib,10942,train_pool
batch_2,41501,CPD_167907273288,lapatinib,10943,train_pool
batch_2,42420,CPD_167907273288,lapatinib,10944,train_pool
batch_2,43143,CPD_167907273288,lapatinib,10945,train_pool
batch_2,44721,CPD_167907273288,lapatinib,10946,train_pool
batch_2,45418,CPD_167907273288,lapatinib,10947,train_pool
batch_2,45616,CPD_167907273288,lapatinib,10948,train_pool
batch_2,45888,CPD_167907273288,lapatinib,10949,train_pool
batch_2,46244,CPD_167907273288,lapatinib,10950,train_pool
batch_2,46263,CPD_167907273288,lapatinib,10951,train_pool
batch_2,46402,CPD_167907273288,lapatinib,10952,test
batch_2,46422,CPD_167907273288,lapatinib,10953,train_pool
batch_2,46452,CPD_167907273288,lapatinib,10954,train_pool
batch_2,46537,CPD_167907273288,lapatinib,10955,train_pool
batch_2,46726,CPD_167907273288,lapatinib,10956,train_pool
batch_2,46826,CPD_167907273288,lapatinib,10957,train_pool
batch_2,47068,CPD_167907273288,lapatinib,10958,train_pool
batch_2,48141,CPD_167907273288,lapatinib,10959,train_pool
batch_2,48194,CPD_167907273288,lapatinib,10960,train_pool
batch_2,48586,CPD_167907273288,lapatinib,10961,train_pool
batch_2,48791,CPD_167907273288,lapatinib,10962,train_pool
batch_2,1325,CPD_483004848109,momelotinib/CYT387,10963,train_pool
batch_2,2156,CPD_483004848109,momelotinib/CYT387,10964,test
batch_2,2751,CPD_483004848109,momelotinib/CYT387,10965,train_pool
batch_2,3009,CPD_483004848109,momelotinib/CYT387,10966,train_pool
batch_2,3106,CPD_483004848109,momelotinib/CYT387,10967,train_pool
batch_2,3483,CPD_483004848109,momelotinib/CYT387,10968,test
batch_2,3568,CPD_483004848109,momelotinib/CYT387,10969,test
batch_2,4100,CPD_483004848109,momelotinib/CYT387,10970,train_pool
batch_2,4143,CPD_483004848109,momelotinib/CYT387,10971,train_pool
batch_2,5348,CPD_483004848109,momelotinib/CYT387,10972,train_pool
batch_2,5931,CPD_483004848109,momelotinib/CYT387,10973,test
batch_2,6209,CPD_483004848109,momelotinib/CYT387,10974,test
batch_2,6517,CPD_483004848109,momelotinib/CYT387,10975,train_pool
batch_2,6673,CPD_483004848109,momelotinib/CYT387,10976,train_pool
batch_2,6720,CPD_483004848109,momelotinib/CYT387,10977,train_pool
batch_2,7103,CPD_483004848109,momelotinib/CYT387,10978,train_pool
batch_2,7498,CPD_483004848109,momelotinib/CYT387,10979,train_pool
batch_2,7786,CPD_483004848109,momelotinib/CYT387,10980,train_pool
batch_2,7809,CPD_483004848109,momelotinib/CYT387,10981,train_pool
batch_2,8308,CPD_483004848109,momelotinib/CYT387,10982,train_pool
batch_2,9894,CPD_483004848109,momelotinib/CYT387,10983,train_pool
batch_2,10220,CPD_483004848109,momelotinib/CYT387,10984,test
batch_2,10671,CPD_483004848109,momelotinib/CYT387,10985,train_pool
batch_2,10691,CPD_483004848109,momelotinib/CYT387,10986,test
batch_2,10740,CPD_483004848109,momelotinib/CYT387,10987,train_pool
batch_2,11317,CPD_483004848109,momelotinib/CYT387,10988,train_pool
batch_2,11928,CPD_483004848109,momelotinib/CYT387,10989,train_pool
batch_2,13242,CPD_483004848109,momelotinib/CYT387,10990,train_pool
batch_2,13334,CPD_483004848109,momelotinib/CYT387,10991,train_pool
batch_2,13365,CPD_483004848109,momelotinib/CYT387,10992,train_pool
batch_2,13834,CPD_483004848109,momelotinib/CYT387,10993,train_pool
batch_2,14664,CPD_483004848109,momelotinib/CYT387,10994,train_pool
batch_2,15928,CPD_483004848109,momelotinib/CYT387,10995,train_pool
batch_2,16318,CPD_483004848109,momelotinib/CYT387,10996,train_pool
batch_2,17136,CPD_483004848109,momelotinib/CYT387,10997,train_pool
batch_2,17226,CPD_483004848109,momelotinib/CYT387,10998,test
batch_2,22165,CPD_483004848109,momelotinib/CYT387,10999,train_pool
batch_2,22187,CPD_483004848109,momelotinib/CYT387,11000,train_pool
batch_2,22455,CPD_483004848109,momelotinib/CYT387,11001,train_pool
batch_2,22668,CPD_483004848109,momelotinib/CYT387,11002,train_pool
batch_2,22809,CPD_483004848109,momelotinib/CYT387,11003,train_pool
batch_2,23431,CPD_483004848109,momelotinib/CYT387,11004,train_pool
batch_2,24565,CPD_483004848109,momelotinib/CYT387,11005,train_pool
batch_2,24860,CPD_483004848109,momelotinib/CYT387,11006,train_pool
batch_2,26043,CPD_483004848109,momelotinib/CYT387,11007,test
batch_2,26250,CPD_483004848109,momelotinib/CYT387,11008,train_pool
batch_2,26319,CPD_483004848109,momelotinib/CYT387,11009,train_pool
batch_2,26454,CPD_483004848109,momelotinib/CYT387,11010,train_pool
batch_2,27508,CPD_483004848109,momelotinib/CYT387,11011,train_pool
batch_2,28882,CPD_483004848109,momelotinib/CYT387,11012,test
batch_2,29854,CPD_483004848109,momelotinib/CYT387,11013,train_pool
batch_2,31490,CPD_483004848109,momelotinib/CYT387,11014,train_pool
batch_2,31616,CPD_483004848109,momelotinib/CYT387,11015,train_pool
batch_2,32389,CPD_483004848109,momelotinib/CYT387,11016,train_pool
batch_2,32912,CPD_483004848109,momelotinib/CYT387,11017,test
batch_2,33283,CPD_483004848109,momelotinib/CYT387,11018,train_pool
batch_2,33340,CPD_483004848109,momelotinib/CYT387,11019,train_pool
batch_2,33417,CPD_483004848109,momelotinib/CYT387,11020,train_pool
batch_2,34152,CPD_483004848109,momelotinib/CYT387,11021,train_pool
batch_2,34248,CPD_483004848109,momelotinib/CYT387,11022,test
batch_2,34620,CPD_483004848109,momelotinib/CYT387,11023,train_pool
batch_2,34953,CPD_483004848109,momelotinib/CYT387,11024,train_pool
batch_2,35398,CPD_483004848109,momelotinib/CYT387,11025,train_pool
batch_2,35428,CPD_483004848109,momelotinib/CYT387,11026,test
batch_2,35607,CPD_483004848109,momelotinib/CYT387,11027,train_pool
batch_2,36790,CPD_483004848109,momelotinib/CYT387,11028,train_pool
batch_2,36994,CPD_483004848109,momelotinib/CYT387,11029,test
batch_2,37929,CPD_483004848109,momelotinib/CYT387,11030,train_pool
batch_2,38223,CPD_483004848109,momelotinib/CYT387,11031,train_pool
batch_2,38507,CPD_483004848109,momelotinib/CYT387,11032,train_pool
batch_2,39078,CPD_483004848109,momelotinib/CYT387,11033,train_pool
batch_2,39267,CPD_483004848109,momelotinib/CYT387,11034,train_pool
batch_2,40098,CPD_483004848109,momelotinib/CYT387,11035,train_pool
batch_2,40376,CPD_483004848109,momelotinib/CYT387,11036,test
batch_2,41090,CPD_483004848109,momelotinib/CYT387,11037,train_pool
batch_2,41218,CPD_483004848109,momelotinib/CYT387,11038,test
batch_2,41647,CPD_483004848109,momelotinib/CYT387,11039,train_pool
batch_2,42355,CPD_483004848109,momelotinib/CYT387,11040,train_pool
batch_2,42755,CPD_483004848109,momelotinib/CYT387,11041,train_pool
batch_2,43252,CPD_483004848109,momelotinib/CYT387,11042,test
batch_2,43548,CPD_483004848109,momelotinib/CYT387,11043,train_pool
batch_2,43939,CPD_483004848109,momelotinib/CYT387,11044,train_pool
batch_2,44032,CPD_483004848109,momelotinib/CYT387,11045,train_pool
batch_2,44795,CPD_483004848109,momelotinib/CYT387,11046,train_pool
batch_2,45191,CPD_483004848109,momelotinib/CYT387,11047,train_pool
batch_2,47379,CPD_483004848109,momelotinib/CYT387,11048,train_pool
batch_2,47457,CPD_483004848109,momelotinib/CYT387,11049,train_pool
batch_2,47908,CPD_483004848109,momelotinib/CYT387,11050,test
batch_2,47979,CPD_483004848109,momelotinib/CYT387,11051,train_pool
batch_2,48069,CPD_483004848109,momelotinib/CYT387,11052,train_pool
batch_2,48468,CPD_483004848109,momelotinib/CYT387,11053,train_pool
batch_2,171,CPD_179756457827,palbociclib,11054,train_pool
batch_2,619,CPD_179756457827,palbociclib,11055,train_pool
batch_2,1780,CPD_179756457827,palbociclib,11056,train_pool
batch_2,2309,CPD_179756457827,palbociclib,11057,train_pool
batch_2,2539,CPD_179756457827,palbociclib,11058,train_pool
batch_2,2852,CPD_179756457827,palbociclib,11059,train_pool
batch_2,3078,CPD_179756457827,palbociclib,11060,train_pool
batch_2,3917,CPD_179756457827,palbociclib,11061,train_pool
batch_2,4290,CPD_179756457827,palbociclib,11062,train_pool
batch_2,4978,CPD_179756457827,palbociclib,11063,train_pool
batch_2,5099,CPD_179756457827,palbociclib,11064,train_pool
batch_2,5257,CPD_179756457827,palbociclib,11065,train_pool
batch_2,5613,CPD_179756457827,palbociclib,11066,train_pool
batch_2,5627,CPD_179756457827,palbociclib,11067,test
batch_2,6176,CPD_179756457827,palbociclib,11068,train_pool
batch_2,6271,CPD_179756457827,palbociclib,11069,test
batch_2,6483,CPD_179756457827,palbociclib,11070,test
batch_2,6779,CPD_179756457827,palbociclib,11071,test
batch_2,6782,CPD_179756457827,palbociclib,11072,test
batch_2,6805,CPD_179756457827,palbociclib,11073,train_pool
batch_2,7014,CPD_179756457827,palbociclib,11074,train_pool
batch_2,7036,CPD_179756457827,palbociclib,11075,train_pool
batch_2,7272,CPD_179756457827,palbociclib,11076,train_pool
batch_2,8135,CPD_179756457827,palbociclib,11077,train_pool
batch_2,8437,CPD_179756457827,palbociclib,11078,test
batch_2,8612,CPD_179756457827,palbociclib,11079,train_pool
batch_2,8661,CPD_179756457827,palbociclib,11080,train_pool
batch_2,8789,CPD_179756457827,palbociclib,11081,test
batch_2,8969,CPD_179756457827,palbociclib,11082,train_pool
batch_2,9070,CPD_179756457827,palbociclib,11083,train_pool
batch_2,10065,CPD_179756457827,palbociclib,11084,train_pool
batch_2,10102,CPD_179756457827,palbociclib,11085,test
batch_2,10115,CPD_179756457827,palbociclib,11086,train_pool
batch_2,10652,CPD_179756457827,palbociclib,11087,train_pool
batch_2,11277,CPD_179756457827,palbociclib,11088,test
batch_2,11430,CPD_179756457827,palbociclib,11089,train_pool
batch_2,11466,CPD_179756457827,palbociclib,11090,train_pool
batch_2,12599,CPD_179756457827,palbociclib,11091,test
batch_2,12776,CPD_179756457827,palbociclib,11092,train_pool
batch_2,13010,CPD_179756457827,palbociclib,11093,train_pool
batch_2,13050,CPD_179756457827,palbociclib,11094,test
batch_2,13209,CPD_179756457827,palbociclib,11095,train_pool
batch_2,13289,CPD_179756457827,palbociclib,11096,train_pool
batch_2,13880,CPD_179756457827,palbociclib,11097,test
batch_2,13940,CPD_179756457827,palbociclib,11098,train_pool
batch_2,13991,CPD_179756457827,palbociclib,11099,train_pool
batch_2,14135,CPD_179756457827,palbociclib,11100,train_pool
batch_2,15016,CPD_179756457827,palbociclib,11101,train_pool
batch_2,15055,CPD_179756457827,palbociclib,11102,train_pool
batch_2,15068,CPD_179756457827,palbociclib,11103,train_pool
batch_2,15190,CPD_179756457827,palbociclib,11104,train_pool
batch_2,15521,CPD_179756457827,palbociclib,11105,train_pool
batch_2,15605,CPD_179756457827,palbociclib,11106,train_pool
batch_2,15756,CPD_179756457827,palbociclib,11107,train_pool
batch_2,16016,CPD_179756457827,palbociclib,11108,train_pool
batch_2,16036,CPD_179756457827,palbociclib,11109,train_pool
batch_2,17225,CPD_179756457827,palbociclib,11110,train_pool
batch_2,17723,CPD_179756457827,palbociclib,11111,train_pool
batch_2,17801,CPD_179756457827,palbociclib,11112,train_pool
batch_2,18002,CPD_179756457827,palbociclib,11113,train_pool
batch_2,18134,CPD_179756457827,palbociclib,11114,train_pool
batch_2,18189,CPD_179756457827,palbociclib,11115,train_pool
batch_2,18679,CPD_179756457827,palbociclib,11116,train_pool
batch_2,19272,CPD_179756457827,palbociclib,11117,train_pool
batch_2,19707,CPD_179756457827,palbociclib,11118,train_pool
batch_2,21522,CPD_179756457827,palbociclib,11119,train_pool
batch_2,22233,CPD_179756457827,palbociclib,11120,train_pool
batch_2,22366,CPD_179756457827,palbociclib,11121,test
batch_2,23665,CPD_179756457827,palbociclib,11122,train_pool
batch_2,24526,CPD_179756457827,palbociclib,11123,train_pool
batch_2,26079,CPD_179756457827,palbociclib,11124,train_pool
batch_2,26764,CPD_179756457827,palbociclib,11125,train_pool
batch_2,27428,CPD_179756457827,palbociclib,11126,test
batch_2,27509,CPD_179756457827,palbociclib,11127,test
batch_2,28080,CPD_179756457827,palbociclib,11128,test
batch_2,28176,CPD_179756457827,palbociclib,11129,train_pool
batch_2,29177,CPD_179756457827,palbociclib,11130,train_pool
batch_2,29479,CPD_179756457827,palbociclib,11131,train_pool
batch_2,30096,CPD_179756457827,palbociclib,11132,train_pool
batch_2,30271,CPD_179756457827,palbociclib,11133,train_pool
batch_2,31459,CPD_179756457827,palbociclib,11134,test
batch_2,31469,CPD_179756457827,palbociclib,11135,test
batch_2,31562,CPD_179756457827,palbociclib,11136,train_pool
batch_2,31708,CPD_179756457827,palbociclib,11137,train_pool
batch_2,32088,CPD_179756457827,palbociclib,11138,train_pool
batch_2,33151,CPD_179756457827,palbociclib,11139,train_pool
batch_2,33252,CPD_179756457827,palbociclib,11140,train_pool
batch_2,33654,CPD_179756457827,palbociclib,11141,train_pool
batch_2,33872,CPD_179756457827,palbociclib,11142,train_pool
batch_2,34099,CPD_179756457827,palbociclib,11143,train_pool
batch_2,34511,CPD_179756457827,palbociclib,11144,train_pool
batch_2,34705,CPD_179756457827,palbociclib,11145,train_pool
batch_2,34943,CPD_179756457827,palbociclib,11146,test
batch_2,34968,CPD_179756457827,palbociclib,11147,train_pool
batch_2,35071,CPD_179756457827,palbociclib,11148,train_pool
batch_2,35150,CPD_179756457827,palbociclib,11149,train_pool
batch_2,35604,CPD_179756457827,palbociclib,11150,train_pool
batch_2,35730,CPD_179756457827,palbociclib,11151,train_pool
batch_2,35787,CPD_179756457827,palbociclib,11152,test
batch_2,35789,CPD_179756457827,palbociclib,11153,test
batch_2,36231,CPD_179756457827,palbociclib,11154,train_pool
batch_2,37195,CPD_179756457827,palbociclib,11155,train_pool
batch_2,38193,CPD_179756457827,palbociclib,11156,train_pool
batch_2,38353,CPD_179756457827,palbociclib,11157,test
batch_2,38514,CPD_179756457827,palbociclib,11158,train_pool
batch_2,38576,CPD_179756457827,palbociclib,11159,train_pool
batch_2,38969,CPD_179756457827,palbociclib,11160,train_pool
batch_2,39076,CPD_179756457827,palbociclib,11161,train_pool
batch_2,39133,CPD_179756457827,palbociclib,11162,test
batch_2,39376,CPD_179756457827,palbociclib,11163,train_pool
batch_2,39571,CPD_179756457827,palbociclib,11164,train_pool
batch_2,39580,CPD_179756457827,palbociclib,11165,train_pool
batch_2,39964,CPD_179756457827,palbociclib,11166,train_pool
batch_2,40112,CPD_179756457827,palbociclib,11167,train_pool
batch_2,41201,CPD_179756457827,palbociclib,11168,train_pool
batch_2,42518,CPD_179756457827,palbociclib,11169,train_pool
batch_2,42782,CPD_179756457827,palbociclib,11170,train_pool
batch_2,42850,CPD_179756457827,palbociclib,11171,train_pool
batch_2,43019,CPD_179756457827,palbociclib,11172,train_pool
batch_2,43105,CPD_179756457827,palbociclib,11173,train_pool
batch_2,43933,CPD_179756457827,palbociclib,11174,test
batch_2,44749,CPD_179756457827,palbociclib,11175,train_pool
batch_2,44892,CPD_179756457827,palbociclib,11176,train_pool
batch_2,44905,CPD_179756457827,palbociclib,11177,train_pool
batch_2,45069,CPD_179756457827,palbociclib,11178,train_pool
batch_2,45083,CPD_179756457827,palbociclib,11179,train_pool
batch_2,45807,CPD_179756457827,palbociclib,11180,train_pool
batch_2,46539,CPD_179756457827,palbociclib,11181,test
batch_2,47440,CPD_179756457827,palbociclib,11182,test
batch_2,48795,CPD_179756457827,palbociclib,11183,train_pool
batch_2,49261,CPD_179756457827,palbociclib,11184,train_pool
batch_2,3230,CPD_104027493525,rucaparib,11185,train_pool
batch_2,3503,CPD_104027493525,rucaparib,11186,train_pool
batch_2,4275,CPD_104027493525,rucaparib,11187,train_pool
batch_2,4634,CPD_104027493525,rucaparib,11188,train_pool
batch_2,5162,CPD_104027493525,rucaparib,11189,train_pool
batch_2,5539,CPD_104027493525,rucaparib,11190,train_pool
batch_2,6164,CPD_104027493525,rucaparib,11191,train_pool
batch_2,6312,CPD_104027493525,rucaparib,11192,test
batch_2,6577,CPD_104027493525,rucaparib,11193,test
batch_2,6736,CPD_104027493525,rucaparib,11194,train_pool
batch_2,6859,CPD_104027493525,rucaparib,11195,train_pool
batch_2,7100,CPD_104027493525,rucaparib,11196,train_pool
batch_2,7207,CPD_104027493525,rucaparib,11197,test
batch_2,7860,CPD_104027493525,rucaparib,11198,train_pool
batch_2,8170,CPD_104027493525,rucaparib,11199,train_pool
batch_2,8304,CPD_104027493525,rucaparib,11200,test
batch_2,8564,CPD_104027493525,rucaparib,11201,train_pool
batch_2,8827,CPD_104027493525,rucaparib,11202,train_pool
batch_2,9249,CPD_104027493525,rucaparib,11203,test
batch_2,9761,CPD_104027493525,rucaparib,11204,train_pool
batch_2,9816,CPD_104027493525,rucaparib,11205,train_pool
batch_2,10136,CPD_104027493525,rucaparib,11206,train_pool
batch_2,10299,CPD_104027493525,rucaparib,11207,train_pool
batch_2,10582,CPD_104027493525,rucaparib,11208,train_pool
batch_2,10862,CPD_104027493525,rucaparib,11209,test
batch_2,10995,CPD_104027493525,rucaparib,11210,test
batch_2,11174,CPD_104027493525,rucaparib,11211,train_pool
batch_2,11314,CPD_104027493525,rucaparib,11212,train_pool
batch_2,11525,CPD_104027493525,rucaparib,11213,train_pool
batch_2,11731,CPD_104027493525,rucaparib,11214,train_pool
batch_2,11896,CPD_104027493525,rucaparib,11215,train_pool
batch_2,12185,CPD_104027493525,rucaparib,11216,train_pool
batch_2,12383,CPD_104027493525,rucaparib,11217,train_pool
batch_2,12414,CPD_104027493525,rucaparib,11218,test
batch_2,12426,CPD_104027493525,rucaparib,11219,test
batch_2,12510,CPD_104027493525,rucaparib,11220,train_pool
batch_2,12671,CPD_104027493525,rucaparib,11221,train_pool
batch_2,12814,CPD_104027493525,rucaparib,11222,train_pool
batch_2,12865,CPD_104027493525,rucaparib,11223,train_pool
batch_2,12908,CPD_104027493525,rucaparib,11224,train_pool
batch_2,13120,CPD_104027493525,rucaparib,11225,test
batch_2,13158,CPD_104027493525,rucaparib,11226,train_pool
batch_2,13849,CPD_104027493525,rucaparib,11227,test
batch_2,14150,CPD_104027493525,rucaparib,11228,train_pool
batch_2,14752,CPD_104027493525,rucaparib,11229,train_pool
batch_2,15047,CPD_104027493525,rucaparib,11230,train_pool
batch_2,15075,CPD_104027493525,rucaparib,11231,train_pool
batch_2,15080,CPD_104027493525,rucaparib,11232,test
batch_2,15232,CPD_104027493525,rucaparib,11233,train_pool
batch_2,16584,CPD_104027493525,rucaparib,11234,test
batch_2,16810,CPD_104027493525,rucaparib,11235,train_pool
batch_2,17408,CPD_104027493525,rucaparib,11236,train_pool
batch_2,17560,CPD_104027493525,rucaparib,11237,train_pool
batch_2,17601,CPD_104027493525,rucaparib,11238,train_pool
batch_2,18399,CPD_104027493525,rucaparib,11239,train_pool
batch_2,18477,CPD_104027493525,rucaparib,11240,train_pool
batch_2,19620,CPD_104027493525,rucaparib,11241,train_pool
batch_2,20394,CPD_104027493525,rucaparib,11242,test
batch_2,20709,CPD_104027493525,rucaparib,11243,train_pool
batch_2,21336,CPD_104027493525,rucaparib,11244,train_pool
batch_2,21640,CPD_104027493525,rucaparib,11245,train_pool
batch_2,21722,CPD_104027493525,rucaparib,11246,train_pool
batch_2,24333,CPD_104027493525,rucaparib,11247,test
batch_2,24645,CPD_104027493525,rucaparib,11248,train_pool
batch_2,26153,CPD_104027493525,rucaparib,11249,train_pool
batch_2,27822,CPD_104027493525,rucaparib,11250,train_pool
batch_2,28493,CPD_104027493525,rucaparib,11251,train_pool
batch_2,29197,CPD_104027493525,rucaparib,11252,train_pool
batch_2,31094,CPD_104027493525,rucaparib,11253,test
batch_2,31546,CPD_104027493525,rucaparib,11254,train_pool
batch_2,31726,CPD_104027493525,rucaparib,11255,train_pool
batch_2,31947,CPD_104027493525,rucaparib,11256,train_pool
batch_2,31961,CPD_104027493525,rucaparib,11257,train_pool
batch_2,33324,CPD_104027493525,rucaparib,11258,train_pool
batch_2,33370,CPD_104027493525,rucaparib,11259,test
batch_2,33712,CPD_104027493525,rucaparib,11260,train_pool
batch_2,34410,CPD_104027493525,rucaparib,11261,train_pool
batch_2,34416,CPD_104027493525,rucaparib,11262,train_pool
batch_2,34449,CPD_104027493525,rucaparib,11263,train_pool
batch_2,34526,CPD_104027493525,rucaparib,11264,test
batch_2,34900,CPD_104027493525,rucaparib,11265,train_pool
batch_2,35864,CPD_104027493525,rucaparib,11266,test
batch_2,36187,CPD_104027493525,rucaparib,11267,train_pool
batch_2,36507,CPD_104027493525,rucaparib,11268,train_pool
batch_2,36564,CPD_104027493525,rucaparib,11269,train_pool
batch_2,36709,CPD_104027493525,rucaparib,11270,train_pool
batch_2,36961,CPD_104027493525,rucaparib,11271,train_pool
batch_2,37732,CPD_104027493525,rucaparib,11272,train_pool
batch_2,37993,CPD_104027493525,rucaparib,11273,train_pool
batch_2,38055,CPD_104027493525,rucaparib,11274,train_pool
batch_2,38197,CPD_104027493525,rucaparib,11275,train_pool
batch_2,38768,CPD_104027493525,rucaparib,11276,test
batch_2,38938,CPD_104027493525,rucaparib,11277,train_pool
batch_2,40137,CPD_104027493525,rucaparib,11278,train_pool
batch_2,40142,CPD_104027493525,rucaparib,11279,train_pool
batch_2,41284,CPD_104027493525,rucaparib,11280,train_pool
batch_2,41357,CPD_104027493525,rucaparib,11281,train_pool
batch_2,41388,CPD_104027493525,rucaparib,11282,train_pool
batch_2,41404,CPD_104027493525,rucaparib,11283,test
batch_2,41723,CPD_104027493525,rucaparib,11284,train_pool
batch_2,42558,CPD_104027493525,rucaparib,11285,train_pool
batch_2,42609,CPD_104027493525,rucaparib,11286,train_pool
batch_2,43219,CPD_104027493525,rucaparib,11287,test
batch_2,43580,CPD_104027493525,rucaparib,11288,train_pool
batch_2,43702,CPD_104027493525,rucaparib,11289,train_pool
batch_2,44364,CPD_104027493525,rucaparib,11290,train_pool
batch_2,44406,CPD_104027493525,rucaparib,11291,train_pool
batch_2,45000,CPD_104027493525,rucaparib,11292,train_pool
batch_2,45125,CPD_104027493525,rucaparib,11293,train_pool
batch_2,45278,CPD_104027493525,rucaparib,11294,train_pool
batch_2,45537,CPD_104027493525,rucaparib,11295,train_pool
batch_2,46216,CPD_104027493525,rucaparib,11296,train_pool
batch_2,46532,CPD_104027493525,rucaparib,11297,train_pool
batch_2,47097,CPD_104027493525,rucaparib,11298,test
batch_2,47940,CPD_104027493525,rucaparib,11299,train_pool
batch_2,2121,CPD_279017060612,sorafenib,11300,train_pool
batch_2,2581,CPD_279017060612,sorafenib,11301,train_pool
batch_2,5551,CPD_279017060612,sorafenib,11302,train_pool
batch_2,7596,CPD_279017060612,sorafenib,11303,train_pool
batch_2,8854,CPD_279017060612,sorafenib,11304,train_pool
batch_2,10319,CPD_279017060612,sorafenib,11305,train_pool
batch_2,10553,CPD_279017060612,sorafenib,11306,train_pool
batch_2,10732,CPD_279017060612,sorafenib,11307,test
batch_2,12467,CPD_279017060612,sorafenib,11308,train_pool
batch_2,12843,CPD_279017060612,sorafenib,11309,test
batch_2,14050,CPD_279017060612,sorafenib,11310,train_pool
batch_2,15078,CPD_279017060612,sorafenib,11311,train_pool
batch_2,15728,CPD_279017060612,sorafenib,11312,test
batch_2,16371,CPD_279017060612,sorafenib,11313,train_pool
batch_2,17914,CPD_279017060612,sorafenib,11314,train_pool
batch_2,22489,CPD_279017060612,sorafenib,11315,train_pool
batch_2,26196,CPD_279017060612,sorafenib,11316,test
batch_2,28218,CPD_279017060612,sorafenib,11317,train_pool
batch_2,29035,CPD_279017060612,sorafenib,11318,train_pool
batch_2,29445,CPD_279017060612,sorafenib,11319,test
batch_2,30003,CPD_279017060612,sorafenib,11320,train_pool
batch_2,30236,CPD_279017060612,sorafenib,11321,test
batch_2,31763,CPD_279017060612,sorafenib,11322,train_pool
batch_2,34158,CPD_279017060612,sorafenib,11323,train_pool
batch_2,34359,CPD_279017060612,sorafenib,11324,train_pool
batch_2,36451,CPD_279017060612,sorafenib,11325,train_pool
batch_2,36719,CPD_279017060612,sorafenib,11326,train_pool
batch_2,37159,CPD_279017060612,sorafenib,11327,train_pool
batch_2,39225,CPD_279017060612,sorafenib,11328,train_pool
batch_2,39868,CPD_279017060612,sorafenib,11329,train_pool
batch_2,40008,CPD_279017060612,sorafenib,11330,train_pool
batch_2,40953,CPD_279017060612,sorafenib,11331,train_pool
batch_2,44736,CPD_279017060612,sorafenib,11332,train_pool
batch_2,45659,CPD_279017060612,sorafenib,11333,test
batch_2,45946,CPD_279017060612,sorafenib,11334,test
batch_2,46236,CPD_279017060612,sorafenib,11335,train_pool
batch_2,46349,CPD_279017060612,sorafenib,11336,train_pool
batch_2,46839,CPD_279017060612,sorafenib,11337,train_pool
batch_2,46840,CPD_279017060612,sorafenib,11338,train_pool
batch_2,48940,CPD_279017060612,sorafenib,11339,train_pool
batch_2,1884,CPD_930596955388,veliparib,11340,train_pool
batch_2,2671,CPD_930596955388,veliparib,11341,train_pool
batch_2,3937,CPD_930596955388,veliparib,11342,train_pool
batch_2,4744,CPD_930596955388,veliparib,11343,train_pool
batch_2,5377,CPD_930596955388,veliparib,11344,train_pool
batch_2,5777,CPD_930596955388,veliparib,11345,test
batch_2,5849,CPD_930596955388,veliparib,11346,train_pool
batch_2,6004,CPD_930596955388,veliparib,11347,test
batch_2,6615,CPD_930596955388,veliparib,11348,train_pool
batch_2,7503,CPD_930596955388,veliparib,11349,train_pool
batch_2,7524,CPD_930596955388,veliparib,11350,test
batch_2,7919,CPD_930596955388,veliparib,11351,train_pool
batch_2,8008,CPD_930596955388,veliparib,11352,train_pool
batch_2,8287,CPD_930596955388,veliparib,11353,test
batch_2,8384,CPD_930596955388,veliparib,11354,train_pool
batch_2,8666,CPD_930596955388,veliparib,11355,train_pool
batch_2,9535,CPD_930596955388,veliparib,11356,train_pool
batch_2,9966,CPD_930596955388,veliparib,11357,train_pool
batch_2,10306,CPD_930596955388,veliparib,11358,test
batch_2,10479,CPD_930596955388,veliparib,11359,train_pool
batch_2,10838,CPD_930596955388,veliparib,11360,train_pool
batch_2,10859,CPD_930596955388,veliparib,11361,train_pool
batch_2,10958,CPD_930596955388,veliparib,11362,train_pool
batch_2,11231,CPD_930596955388,veliparib,11363,train_pool
batch_2,11334,CPD_930596955388,veliparib,11364,train_pool
batch_2,12343,CPD_930596955388,veliparib,11365,train_pool
batch_2,13218,CPD_930596955388,veliparib,11366,train_pool
batch_2,13321,CPD_930596955388,veliparib,11367,train_pool
batch_2,14134,CPD_930596955388,veliparib,11368,train_pool
batch_2,15291,CPD_930596955388,veliparib,11369,train_pool
batch_2,15342,CPD_930596955388,veliparib,11370,train_pool
batch_2,15961,CPD_930596955388,veliparib,11371,test
batch_2,16014,CPD_930596955388,veliparib,11372,train_pool
batch_2,16782,CPD_930596955388,veliparib,11373,train_pool
batch_2,17012,CPD_930596955388,veliparib,11374,train_pool
batch_2,17147,CPD_930596955388,veliparib,11375,train_pool
batch_2,17442,CPD_930596955388,veliparib,11376,train_pool
batch_2,17584,CPD_930596955388,veliparib,11377,train_pool
batch_2,22498,CPD_930596955388,veliparib,11378,test
batch_2,22499,CPD_930596955388,veliparib,11379,train_pool
batch_2,22793,CPD_930596955388,veliparib,11380,train_pool
batch_2,24288,CPD_930596955388,veliparib,11381,train_pool
batch_2,25056,CPD_930596955388,veliparib,11382,test
batch_2,25748,CPD_930596955388,veliparib,11383,train_pool
batch_2,27130,CPD_930596955388,veliparib,11384,train_pool
batch_2,27239,CPD_930596955388,veliparib,11385,train_pool
batch_2,27921,CPD_930596955388,veliparib,11386,train_pool
batch_2,28047,CPD_930596955388,veliparib,11387,train_pool
batch_2,28799,CPD_930596955388,veliparib,11388,test
batch_2,29316,CPD_930596955388,veliparib,11389,train_pool
batch_2,29591,CPD_930596955388,veliparib,11390,test
batch_2,29696,CPD_930596955388,veliparib,11391,train_pool
batch_2,29771,CPD_930596955388,veliparib,11392,train_pool
batch_2,29866,CPD_930596955388,veliparib,11393,test
batch_2,31401,CPD_930596955388,veliparib,11394,train_pool
batch_2,31833,CPD_930596955388,veliparib,11395,train_pool
batch_2,32642,CPD_930596955388,veliparib,11396,test
batch_2,32714,CPD_930596955388,veliparib,11397,train_pool
batch_2,32830,CPD_930596955388,veliparib,11398,train_pool
batch_2,33089,CPD_930596955388,veliparib,11399,test
batch_2,33719,CPD_930596955388,veliparib,11400,train_pool
batch_2,34512,CPD_930596955388,veliparib,11401,train_pool
batch_2,34648,CPD_930596955388,veliparib,11402,train_pool
batch_2,35281,CPD_930596955388,veliparib,11403,train_pool
batch_2,35498,CPD_930596955388,veliparib,11404,train_pool
batch_2,35511,CPD_930596955388,veliparib,11405,test
batch_2,36026,CPD_930596955388,veliparib,11406,train_pool
batch_2,36830,CPD_930596955388,veliparib,11407,train_pool
batch_2,37557,CPD_930596955388,veliparib,11408,train_pool
batch_2,38485,CPD_930596955388,veliparib,11409,train_pool
batch_2,39160,CPD_930596955388,veliparib,11410,test
batch_2,39922,CPD_930596955388,veliparib,11411,train_pool
batch_2,40129,CPD_930596955388,veliparib,11412,train_pool
batch_2,40144,CPD_930596955388,veliparib,11413,train_pool
batch_2,40235,CPD_930596955388,veliparib,11414,train_pool
batch_2,40406,CPD_930596955388,veliparib,11415,train_pool
batch_2,40423,CPD_930596955388,veliparib,11416,test
batch_2,40857,CPD_930596955388,veliparib,11417,train_pool
batch_2,41642,CPD_930596955388,veliparib,11418,test
batch_2,41906,CPD_930596955388,veliparib,11419,train_pool
batch_2,42589,CPD_930596955388,veliparib,11420,train_pool
batch_2,42624,CPD_930596955388,veliparib,11421,train_pool
batch_2,43108,CPD_930596955388,veliparib,11422,train_pool
batch_2,43287,CPD_930596955388,veliparib,11423,test
batch_2,43552,CPD_930596955388,veliparib,11424,train_pool
batch_2,43697,CPD_930596955388,veliparib,11425,test
batch_2,45021,CPD_930596955388,veliparib,11426,train_pool
batch_2,45901,CPD_930596955388,veliparib,11427,train_pool
batch_2,47158,CPD_930596955388,veliparib,11428,train_pool
batch_2,47678,CPD_930596955388,veliparib,11429,train_pool
batch_2,47759,CPD_930596955388,veliparib,11430,train_pool
batch_2,47820,CPD_930596955388,veliparib,11431,train_pool
batch_2,48462,CPD_930596955388,veliparib,11432,train_pool
batch_2,48525,CPD_930596955388,veliparib,11433,train_pool
batch_2,49233,CPD_930596955388,veliparib,11434,train_pool
