train_size,replicate,arm,shuffle_index,sample_seed,permutation_seed,test_wells,strata,rna_coordinate,pearson,r2
350,0,exact_pair,-1,20295915,,2287,70,D00,0.010899565253277592,-0.2712678626635079
350,0,exact_pair,-1,20295915,,2287,70,D01,-0.0037743650542990895,-0.2456111744775622
350,0,exact_pair,-1,20295915,,2287,70,D02,-0.008762890056733494,-0.2603623605846985
350,0,exact_pair,-1,20295915,,2287,70,D03,0.04797833565015323,-0.12337301001984113
350,0,exact_pair,-1,20295915,,2287,70,D04,0.026647971623911918,-0.2909804279462176
350,0,exact_pair,-1,20295915,,2287,70,D05,0.2070508503586493,-0.10758322317700908
350,0,exact_pair,-1,20295915,,2287,70,D06,0.0394091043061654,-0.1554993136560514
350,0,exact_pair,-1,20295915,,2287,70,D07,0.02202187283718892,-0.26338438283597143
350,0,exact_pair,-1,20295915,,2287,70,D08,0.030891770036902706,-0.19991872167999047
350,0,exact_pair,-1,20295915,,2287,70,D09,0.013124512125727624,-0.22825070114702628
350,0,exact_pair,-1,20295915,,2287,70,D10,0.0353403842630966,-0.18953277328698004
350,0,exact_pair,-1,20295915,,2287,70,D11,-0.02268785425714315,-0.27956047843255094
350,0,exact_pair,-1,20295915,,2287,70,D12,-0.02366015867455818,-0.2311797969720144
350,0,exact_pair,-1,20295915,,2287,70,D13,0.07890273992488453,-0.1713101172246354
350,0,exact_pair,-1,20295915,,2287,70,D14,0.07149840240755845,-0.16291202164674257
350,0,exact_pair,-1,20295915,,2287,70,D15,-0.012913931530309822,-0.3293604761968294
350,0,exact_pair,-1,20295915,,2287,70,D16,0.009299923846841614,-0.2746054441492649
350,0,exact_pair,-1,20295915,,2287,70,D17,0.026379985495355314,-0.1701341827598737
350,0,exact_pair,-1,20295915,,2287,70,D18,0.10029619082615324,-0.15022880193464427
350,0,exact_pair,-1,20295915,,2287,70,D19,0.051844954703048354,-0.14305919265429123
350,0,exact_pair,-1,20295915,,2287,70,D20,-0.04873254880777394,-0.2755522563036106
350,0,exact_pair,-1,20295915,,2287,70,D21,0.10487945009883205,-0.21860523382553354
350,0,exact_pair,-1,20295915,,2287,70,D22,0.13079590361496476,-0.10751115000810296
350,0,exact_pair,-1,20295915,,2287,70,D23,0.027172329437303935,-0.2797421371854387
350,0,exact_pair,-1,20295915,,2287,70,D24,0.15899056070904474,-0.13710328963861285
350,0,exact_pair,-1,20295915,,2287,70,D25,0.1497236386612578,-0.19558601119103458
350,0,exact_pair,-1,20295915,,2287,70,D26,-0.033986029310874695,-0.3045508312507237
350,0,exact_pair,-1,20295915,,2287,70,D27,0.025530590221679608,-0.28700480114755345
350,0,exact_pair,-1,20295915,,2287,70,D28,0.040289916778507524,-0.1796846255056248
350,0,exact_pair,-1,20295915,,2287,70,D29,0.04068650264991753,-0.20009320959699184
350,0,exact_pair,-1,20295915,,2287,70,D30,0.059315032541089746,-0.22965095178949424
350,0,exact_pair,-1,20295915,,2287,70,D31,0.062396059423269146,-0.15366849358084744
350,0,within_control_batch_shuffle,0,20295915,21295915.0,2287,70,D00,0.0034787704658675914,-0.28375428645145373
350,0,within_control_batch_shuffle,0,20295915,21295915.0,2287,70,D01,0.02448030746623688,-0.19606879058821947
350,0,within_control_batch_shuffle,0,20295915,21295915.0,2287,70,D02,-0.02817444552673907,-0.2496342378875751
350,0,within_control_batch_shuffle,0,20295915,21295915.0,2287,70,D03,0.0768823254481494,-0.1861016514409224
350,0,within_control_batch_shuffle,0,20295915,21295915.0,2287,70,D04,-0.054680121204796456,-0.31359047023964504
350,0,within_control_batch_shuffle,0,20295915,21295915.0,2287,70,D05,-0.006611509936103674,-0.20964082557648722
350,0,within_control_batch_shuffle,0,20295915,21295915.0,2287,70,D06,-0.017635003638682693,-0.2763679717554681
350,0,within_control_batch_shuffle,0,20295915,21295915.0,2287,70,D07,-0.053695374460372515,-0.3523130090110509
350,0,within_control_batch_shuffle,0,20295915,21295915.0,2287,70,D08,0.0007405685865816421,-0.23005500023892655
350,0,within_control_batch_shuffle,0,20295915,21295915.0,2287,70,D09,0.05939624475589812,-0.18756873684068043
350,0,within_control_batch_shuffle,0,20295915,21295915.0,2287,70,D10,0.016821945630789842,-0.18887162438182603
350,0,within_control_batch_shuffle,0,20295915,21295915.0,2287,70,D11,0.01846015405448849,-0.16960181965503174
350,0,within_control_batch_shuffle,0,20295915,21295915.0,2287,70,D12,0.005778172046963247,-0.19686973433802057
350,0,within_control_batch_shuffle,0,20295915,21295915.0,2287,70,D13,-0.01269118843119737,-0.20506973037148613
350,0,within_control_batch_shuffle,0,20295915,21295915.0,2287,70,D14,-0.019531574562565962,-0.23557540700259527
350,0,within_control_batch_shuffle,0,20295915,21295915.0,2287,70,D15,-0.008167188606990797,-0.22108923260153235
350,0,within_control_batch_shuffle,0,20295915,21295915.0,2287,70,D16,0.032631311928190014,-0.22801452032695413
350,0,within_control_batch_shuffle,0,20295915,21295915.0,2287,70,D17,-0.0009966645661616442,-0.22283806452176114
350,0,within_control_batch_shuffle,0,20295915,21295915.0,2287,70,D18,0.04771877760150788,-0.24240268696862044
350,0,within_control_batch_shuffle,0,20295915,21295915.0,2287,70,D19,0.0006192066176814379,-0.2111899209946817
350,0,within_control_batch_shuffle,0,20295915,21295915.0,2287,70,D20,-0.02313308522376418,-0.23720036581248372
350,0,within_control_batch_shuffle,0,20295915,21295915.0,2287,70,D21,-0.021799989359015018,-0.26471072990930766
350,0,within_control_batch_shuffle,0,20295915,21295915.0,2287,70,D22,-0.006013548831876405,-0.2332160409023205
350,0,within_control_batch_shuffle,0,20295915,21295915.0,2287,70,D23,0.05275657441345671,-0.14576697660841798
350,0,within_control_batch_shuffle,0,20295915,21295915.0,2287,70,D24,-0.004070549258356006,-0.21488177157020827
350,0,within_control_batch_shuffle,0,20295915,21295915.0,2287,70,D25,0.008502544645338011,-0.22020090359737443
350,0,within_control_batch_shuffle,0,20295915,21295915.0,2287,70,D26,0.014680222120228485,-0.3083491814412087
350,0,within_control_batch_shuffle,0,20295915,21295915.0,2287,70,D27,0.04541873282174639,-0.23347765759318895
350,0,within_control_batch_shuffle,0,20295915,21295915.0,2287,70,D28,-0.04097252738114282,-0.27634988967658747
350,0,within_control_batch_shuffle,0,20295915,21295915.0,2287,70,D29,0.06519911414381684,-0.1188534058636217
350,0,within_control_batch_shuffle,0,20295915,21295915.0,2287,70,D30,-0.014081047408206206,-0.25393861255591954
350,0,within_control_batch_shuffle,0,20295915,21295915.0,2287,70,D31,0.09964962066008362,-0.131135908022467
350,0,within_control_batch_shuffle,1,20295915,21295916.0,2287,70,D00,0.051039333531814425,-0.1716323310697525
350,0,within_control_batch_shuffle,1,20295915,21295916.0,2287,70,D01,-0.011999541043672875,-0.2557201928235113
350,0,within_control_batch_shuffle,1,20295915,21295916.0,2287,70,D02,-0.05274490168229462,-0.38778609268479114
350,0,within_control_batch_shuffle,1,20295915,21295916.0,2287,70,D03,-0.014183494093260654,-0.24293683902835816
350,0,within_control_batch_shuffle,1,20295915,21295916.0,2287,70,D04,0.032963014016176566,-0.18793608468376344
350,0,within_control_batch_shuffle,1,20295915,21295916.0,2287,70,D05,0.007479455638246032,-0.187837674685845
350,0,within_control_batch_shuffle,1,20295915,21295916.0,2287,70,D06,-0.010730172747534978,-0.19533178133145923
350,0,within_control_batch_shuffle,1,20295915,21295916.0,2287,70,D07,0.0019085824293773935,-0.34738858262435746
350,0,within_control_batch_shuffle,1,20295915,21295916.0,2287,70,D08,-0.05115483936187022,-0.27432741490257273
350,0,within_control_batch_shuffle,1,20295915,21295916.0,2287,70,D09,0.05730023118587946,-0.16093602165537968
350,0,within_control_batch_shuffle,1,20295915,21295916.0,2287,70,D10,0.01350180377687869,-0.256324798943647
350,0,within_control_batch_shuffle,1,20295915,21295916.0,2287,70,D11,0.02692305283586914,-0.25375499709746374
350,0,within_control_batch_shuffle,1,20295915,21295916.0,2287,70,D12,-0.028450980780065936,-0.20559050453363192
350,0,within_control_batch_shuffle,1,20295915,21295916.0,2287,70,D13,0.0337461828865116,-0.21793145530667601
350,0,within_control_batch_shuffle,1,20295915,21295916.0,2287,70,D14,-0.017404986878802105,-0.3323072199923085
350,0,within_control_batch_shuffle,1,20295915,21295916.0,2287,70,D15,-0.004810135690757811,-0.22087059078582394
350,0,within_control_batch_shuffle,1,20295915,21295916.0,2287,70,D16,-0.021896888277980055,-0.2647004580085395
350,0,within_control_batch_shuffle,1,20295915,21295916.0,2287,70,D17,0.01302421023106476,-0.17126565176154473
350,0,within_control_batch_shuffle,1,20295915,21295916.0,2287,70,D18,-0.015106442306554247,-0.37078234284900957
350,0,within_control_batch_shuffle,1,20295915,21295916.0,2287,70,D19,-0.03322548087305544,-0.2677506798889089
350,0,within_control_batch_shuffle,1,20295915,21295916.0,2287,70,D20,-0.018075667802793165,-0.2998868472259608
350,0,within_control_batch_shuffle,1,20295915,21295916.0,2287,70,D21,0.03782065332387997,-0.218211757777377
350,0,within_control_batch_shuffle,1,20295915,21295916.0,2287,70,D22,-0.024460342883182957,-0.28661718629643085
350,0,within_control_batch_shuffle,1,20295915,21295916.0,2287,70,D23,-0.02331053103517744,-0.2649630643747243
350,0,within_control_batch_shuffle,1,20295915,21295916.0,2287,70,D24,0.022219415694640754,-0.20473689978854082
350,0,within_control_batch_shuffle,1,20295915,21295916.0,2287,70,D25,-0.026834604547797465,-0.3184096782506245
350,0,within_control_batch_shuffle,1,20295915,21295916.0,2287,70,D26,0.048707109490745804,-0.2080045073408534
350,0,within_control_batch_shuffle,1,20295915,21295916.0,2287,70,D27,-0.03350025670318754,-0.26065875755803547
350,0,within_control_batch_shuffle,1,20295915,21295916.0,2287,70,D28,-0.061081362881273506,-0.3106673250858971
350,0,within_control_batch_shuffle,1,20295915,21295916.0,2287,70,D29,0.003946787471683694,-0.23525306148851266
350,0,within_control_batch_shuffle,1,20295915,21295916.0,2287,70,D30,0.039504956592762444,-0.24942898302731842
350,0,within_control_batch_shuffle,1,20295915,21295916.0,2287,70,D31,0.015374779140644685,-0.2191717726558624
350,0,within_control_batch_shuffle,2,20295915,21295917.0,2287,70,D00,-0.02611251850627044,-0.24440073052866618
350,0,within_control_batch_shuffle,2,20295915,21295917.0,2287,70,D01,-0.00038646134364293377,-0.19003538013125598
350,0,within_control_batch_shuffle,2,20295915,21295917.0,2287,70,D02,-0.03422439786531252,-0.3397698728352492
350,0,within_control_batch_shuffle,2,20295915,21295917.0,2287,70,D03,0.0176006305653848,-0.1792588330235192
350,0,within_control_batch_shuffle,2,20295915,21295917.0,2287,70,D04,-0.052495744079503165,-0.3604461291541392
350,0,within_control_batch_shuffle,2,20295915,21295917.0,2287,70,D05,0.07538140139104223,-0.11861122071042862
350,0,within_control_batch_shuffle,2,20295915,21295917.0,2287,70,D06,0.024965145003949477,-0.25806229684594584
350,0,within_control_batch_shuffle,2,20295915,21295917.0,2287,70,D07,0.055778049533236465,-0.14724058973181542
350,0,within_control_batch_shuffle,2,20295915,21295917.0,2287,70,D08,-0.005251573384911512,-0.220333795569297
350,0,within_control_batch_shuffle,2,20295915,21295917.0,2287,70,D09,-0.0212967411657496,-0.2353562374515954
350,0,within_control_batch_shuffle,2,20295915,21295917.0,2287,70,D10,-0.006160064332500646,-0.2679144773992128
350,0,within_control_batch_shuffle,2,20295915,21295917.0,2287,70,D11,-0.028086467480570067,-0.2477137486465204
350,0,within_control_batch_shuffle,2,20295915,21295917.0,2287,70,D12,0.00755435234561493,-0.20376909287575096
350,0,within_control_batch_shuffle,2,20295915,21295917.0,2287,70,D13,-0.06532525286146583,-0.2419609047333806
350,0,within_control_batch_shuffle,2,20295915,21295917.0,2287,70,D14,-0.03990479976747727,-0.27748770850160254
350,0,within_control_batch_shuffle,2,20295915,21295917.0,2287,70,D15,0.02640479762423158,-0.2906342563156725
350,0,within_control_batch_shuffle,2,20295915,21295917.0,2287,70,D16,0.019468818769143158,-0.25763055926126555
350,0,within_control_batch_shuffle,2,20295915,21295917.0,2287,70,D17,0.03999427835737262,-0.15046285242279
350,0,within_control_batch_shuffle,2,20295915,21295917.0,2287,70,D18,0.0023545431989089143,-0.24874259706664037
350,0,within_control_batch_shuffle,2,20295915,21295917.0,2287,70,D19,-0.015394998293979974,-0.17456470957699666
350,0,within_control_batch_shuffle,2,20295915,21295917.0,2287,70,D20,0.026147234246989292,-0.23556310598119645
350,0,within_control_batch_shuffle,2,20295915,21295917.0,2287,70,D21,-0.06787975881242998,-0.35830011664973815
350,0,within_control_batch_shuffle,2,20295915,21295917.0,2287,70,D22,-0.01815674478219824,-0.3100700564584744
350,0,within_control_batch_shuffle,2,20295915,21295917.0,2287,70,D23,0.00917979964942413,-0.24756032397822203
350,0,within_control_batch_shuffle,2,20295915,21295917.0,2287,70,D24,-0.05473940144316591,-0.31515515582411546
350,0,within_control_batch_shuffle,2,20295915,21295917.0,2287,70,D25,-0.015303201885789975,-0.23359502497392315
350,0,within_control_batch_shuffle,2,20295915,21295917.0,2287,70,D26,-0.007908972675798754,-0.3355427932521493
350,0,within_control_batch_shuffle,2,20295915,21295917.0,2287,70,D27,-0.027494976517889496,-0.2889796835166212
350,0,within_control_batch_shuffle,2,20295915,21295917.0,2287,70,D28,-0.010474424265459352,-0.24105443363956858
350,0,within_control_batch_shuffle,2,20295915,21295917.0,2287,70,D29,-0.08923594553171492,-0.33260205658341024
350,0,within_control_batch_shuffle,2,20295915,21295917.0,2287,70,D30,-0.03770696500788112,-0.2584695443108702
350,0,within_control_batch_shuffle,2,20295915,21295917.0,2287,70,D31,-0.05402591316717837,-0.3081819045305718
350,0,within_control_batch_shuffle,3,20295915,21295918.0,2287,70,D00,0.0025167402390716283,-0.3276488575071712
350,0,within_control_batch_shuffle,3,20295915,21295918.0,2287,70,D01,0.008223668579829863,-0.18328318387113463
350,0,within_control_batch_shuffle,3,20295915,21295918.0,2287,70,D02,0.07021841096984555,-0.19823596375814034
350,0,within_control_batch_shuffle,3,20295915,21295918.0,2287,70,D03,0.004326207527361467,-0.16744203880953945
350,0,within_control_batch_shuffle,3,20295915,21295918.0,2287,70,D04,0.034764520018742015,-0.27573925784478837
350,0,within_control_batch_shuffle,3,20295915,21295918.0,2287,70,D05,0.006180157603621936,-0.2419396256291788
350,0,within_control_batch_shuffle,3,20295915,21295918.0,2287,70,D06,0.007228847606391381,-0.253625789515443
350,0,within_control_batch_shuffle,3,20295915,21295918.0,2287,70,D07,0.05939832240356133,-0.1361202956725447
350,0,within_control_batch_shuffle,3,20295915,21295918.0,2287,70,D08,-0.044858092211812896,-0.27352174755574943
350,0,within_control_batch_shuffle,3,20295915,21295918.0,2287,70,D09,0.031203721671909622,-0.1586281479949403
350,0,within_control_batch_shuffle,3,20295915,21295918.0,2287,70,D10,0.05512908573651605,-0.21238151511143655
350,0,within_control_batch_shuffle,3,20295915,21295918.0,2287,70,D11,-0.012206039449113826,-0.2471855033154573
350,0,within_control_batch_shuffle,3,20295915,21295918.0,2287,70,D12,0.017680779731467495,-0.2391085130307502
350,0,within_control_batch_shuffle,3,20295915,21295918.0,2287,70,D13,0.07360341021383088,-0.17680655081158037
350,0,within_control_batch_shuffle,3,20295915,21295918.0,2287,70,D14,-0.021195830263302406,-0.31957933006987616
350,0,within_control_batch_shuffle,3,20295915,21295918.0,2287,70,D15,0.05658774562320534,-0.1758649371046348
350,0,within_control_batch_shuffle,3,20295915,21295918.0,2287,70,D16,0.030499820839221915,-0.18476973654840112
350,0,within_control_batch_shuffle,3,20295915,21295918.0,2287,70,D17,0.01655674591542441,-0.17909718764847304
350,0,within_control_batch_shuffle,3,20295915,21295918.0,2287,70,D18,-0.046545318728855874,-0.3590164946474965
350,0,within_control_batch_shuffle,3,20295915,21295918.0,2287,70,D19,0.006608108080985216,-0.23122228407555934
350,0,within_control_batch_shuffle,3,20295915,21295918.0,2287,70,D20,0.02936366873564843,-0.20095931241027598
350,0,within_control_batch_shuffle,3,20295915,21295918.0,2287,70,D21,0.003657161810773553,-0.2572412678795062
350,0,within_control_batch_shuffle,3,20295915,21295918.0,2287,70,D22,0.049714555061779374,-0.21121953042399455
350,0,within_control_batch_shuffle,3,20295915,21295918.0,2287,70,D23,0.045314359537917806,-0.22102210895745444
350,0,within_control_batch_shuffle,3,20295915,21295918.0,2287,70,D24,-0.022914698365044225,-0.2840335371794005
350,0,within_control_batch_shuffle,3,20295915,21295918.0,2287,70,D25,0.01650355651501819,-0.2251129333075037
350,0,within_control_batch_shuffle,3,20295915,21295918.0,2287,70,D26,0.04682323629941261,-0.18351063678653046
350,0,within_control_batch_shuffle,3,20295915,21295918.0,2287,70,D27,0.022266755556375823,-0.3273680862888193
350,0,within_control_batch_shuffle,3,20295915,21295918.0,2287,70,D28,0.006498482777443517,-0.23196580737139816
350,0,within_control_batch_shuffle,3,20295915,21295918.0,2287,70,D29,0.06114118216205295,-0.20952544698681574
350,0,within_control_batch_shuffle,3,20295915,21295918.0,2287,70,D30,-0.02088696464805301,-0.3227816845755911
350,0,within_control_batch_shuffle,3,20295915,21295918.0,2287,70,D31,0.015756410471684867,-0.2501968067082292
350,0,within_control_batch_shuffle,4,20295915,21295919.0,2287,70,D00,0.027903223978402752,-0.1863079322364769
350,0,within_control_batch_shuffle,4,20295915,21295919.0,2287,70,D01,-0.006495284268414081,-0.24735269687072203
350,0,within_control_batch_shuffle,4,20295915,21295919.0,2287,70,D02,-0.004501916568992154,-0.2039971706161654
350,0,within_control_batch_shuffle,4,20295915,21295919.0,2287,70,D03,-0.004507926751382836,-0.1935124181696406
350,0,within_control_batch_shuffle,4,20295915,21295919.0,2287,70,D04,0.006078936682424659,-0.29519822527168804
350,0,within_control_batch_shuffle,4,20295915,21295919.0,2287,70,D05,0.024576782250101965,-0.2034978871160995
350,0,within_control_batch_shuffle,4,20295915,21295919.0,2287,70,D06,0.03145154922089617,-0.20883422389381967
350,0,within_control_batch_shuffle,4,20295915,21295919.0,2287,70,D07,0.01610437106744321,-0.26746865440468337
350,0,within_control_batch_shuffle,4,20295915,21295919.0,2287,70,D08,0.008974532194525587,-0.20243811239378973
350,0,within_control_batch_shuffle,4,20295915,21295919.0,2287,70,D09,-0.009497041631687141,-0.22179194691844928
350,0,within_control_batch_shuffle,4,20295915,21295919.0,2287,70,D10,-0.004522940445030973,-0.2728728586073652
350,0,within_control_batch_shuffle,4,20295915,21295919.0,2287,70,D11,-0.008205303887766476,-0.17832182274292085
350,0,within_control_batch_shuffle,4,20295915,21295919.0,2287,70,D12,0.04783576283548137,-0.16362273591582932
350,0,within_control_batch_shuffle,4,20295915,21295919.0,2287,70,D13,-0.04550398857511762,-0.2966243733127789
350,0,within_control_batch_shuffle,4,20295915,21295919.0,2287,70,D14,-0.04016125072957006,-0.3183054696483443
350,0,within_control_batch_shuffle,4,20295915,21295919.0,2287,70,D15,-0.02463273172683537,-0.3215365601160287
350,0,within_control_batch_shuffle,4,20295915,21295919.0,2287,70,D16,-0.019496637267573502,-0.24681330617966069
350,0,within_control_batch_shuffle,4,20295915,21295919.0,2287,70,D17,0.030679617327050265,-0.2256577853605879
350,0,within_control_batch_shuffle,4,20295915,21295919.0,2287,70,D18,0.04995196531284044,-0.2015289895979231
350,0,within_control_batch_shuffle,4,20295915,21295919.0,2287,70,D19,0.0033008822125109747,-0.20767791432510108
350,0,within_control_batch_shuffle,4,20295915,21295919.0,2287,70,D20,-0.048893787215638466,-0.19841860827080127
350,0,within_control_batch_shuffle,4,20295915,21295919.0,2287,70,D21,-0.04623709345108369,-0.2903108559713481
350,0,within_control_batch_shuffle,4,20295915,21295919.0,2287,70,D22,0.028580280442808463,-0.24776121117557937
350,0,within_control_batch_shuffle,4,20295915,21295919.0,2287,70,D23,0.032952507016126904,-0.16506071405992517
350,0,within_control_batch_shuffle,4,20295915,21295919.0,2287,70,D24,0.04908933462842695,-0.19016257884286802
350,0,within_control_batch_shuffle,4,20295915,21295919.0,2287,70,D25,-0.013811581874505796,-0.33172313566445255
350,0,within_control_batch_shuffle,4,20295915,21295919.0,2287,70,D26,0.006477498789529575,-0.18902486772996596
350,0,within_control_batch_shuffle,4,20295915,21295919.0,2287,70,D27,0.04675340833670626,-0.25873284767987315
350,0,within_control_batch_shuffle,4,20295915,21295919.0,2287,70,D28,-0.018207583130436095,-0.25035662678584436
350,0,within_control_batch_shuffle,4,20295915,21295919.0,2287,70,D29,0.0013500583413377598,-0.2765173781025283
350,0,within_control_batch_shuffle,4,20295915,21295919.0,2287,70,D30,0.04566074442525708,-0.25851847282245055
350,0,within_control_batch_shuffle,4,20295915,21295919.0,2287,70,D31,0.01115678201503186,-0.29229285624123835
350,1,exact_pair,-1,20295916,,2287,70,D00,0.06162402395083571,-0.18185070394436753
350,1,exact_pair,-1,20295916,,2287,70,D01,0.026509211833118787,-0.24740748109247312
350,1,exact_pair,-1,20295916,,2287,70,D02,0.00742143327843409,-0.31116201051944725
350,1,exact_pair,-1,20295916,,2287,70,D03,-0.02567464013150479,-0.20691929346333704
350,1,exact_pair,-1,20295916,,2287,70,D04,-0.02264510773063213,-0.28689470857318655
350,1,exact_pair,-1,20295916,,2287,70,D05,0.13213507049631226,-0.25093467217202314
350,1,exact_pair,-1,20295916,,2287,70,D06,0.01289189319931777,-0.1941587846226358
350,1,exact_pair,-1,20295916,,2287,70,D07,0.07187605461107761,-0.24656851267467728
350,1,exact_pair,-1,20295916,,2287,70,D08,0.07882681604423883,-0.2540317286238105
350,1,exact_pair,-1,20295916,,2287,70,D09,-0.020294199460591425,-0.323390219906055
350,1,exact_pair,-1,20295916,,2287,70,D10,0.006273199921170841,-0.22583664493765165
350,1,exact_pair,-1,20295916,,2287,70,D11,0.02616327418044939,-0.20985364878392243
350,1,exact_pair,-1,20295916,,2287,70,D12,0.0011675058113694062,-0.28609681471627657
350,1,exact_pair,-1,20295916,,2287,70,D13,0.14138786359846808,-0.14001831338720194
350,1,exact_pair,-1,20295916,,2287,70,D14,-0.019122599169130935,-0.33707799591928067
350,1,exact_pair,-1,20295916,,2287,70,D15,0.040954215858652936,-0.23760054812207887
350,1,exact_pair,-1,20295916,,2287,70,D16,0.038013227686816135,-0.23472897785052282
350,1,exact_pair,-1,20295916,,2287,70,D17,-0.0339813771258728,-0.2367665180678482
350,1,exact_pair,-1,20295916,,2287,70,D18,0.033457497548375556,-0.3367753916039635
350,1,exact_pair,-1,20295916,,2287,70,D19,0.03493812385677576,-0.20749583902324686
350,1,exact_pair,-1,20295916,,2287,70,D20,-0.0010953524956090561,-0.2655766964478634
350,1,exact_pair,-1,20295916,,2287,70,D21,0.11309444624190623,-0.13866585502373052
350,1,exact_pair,-1,20295916,,2287,70,D22,0.04247869764673635,-0.20773585119425442
350,1,exact_pair,-1,20295916,,2287,70,D23,0.1210216603187692,-0.13813589366053836
350,1,exact_pair,-1,20295916,,2287,70,D24,0.09533135844200143,-0.21628113749433298
350,1,exact_pair,-1,20295916,,2287,70,D25,0.15303602841411432,-0.10788184275376134
350,1,exact_pair,-1,20295916,,2287,70,D26,0.03193846674236028,-0.19674789624617173
350,1,exact_pair,-1,20295916,,2287,70,D27,-0.00028304940029449054,-0.2551275758046454
350,1,exact_pair,-1,20295916,,2287,70,D28,0.025110199712223644,-0.29257066821710276
350,1,exact_pair,-1,20295916,,2287,70,D29,0.024423038672944812,-0.2637232928273172
350,1,exact_pair,-1,20295916,,2287,70,D30,0.06900109226535549,-0.2741638507342017
350,1,exact_pair,-1,20295916,,2287,70,D31,0.029986425693176517,-0.15968954806612623
350,1,within_control_batch_shuffle,0,20295916,21295916.0,2287,70,D00,0.01076572912968048,-0.2378181497415972
350,1,within_control_batch_shuffle,0,20295916,21295916.0,2287,70,D01,-0.03052624453794592,-0.30531043658310564
350,1,within_control_batch_shuffle,0,20295916,21295916.0,2287,70,D02,-0.06286018648228642,-0.4603841045046291
350,1,within_control_batch_shuffle,0,20295916,21295916.0,2287,70,D03,0.049181337955082026,-0.18119391186185263
350,1,within_control_batch_shuffle,0,20295916,21295916.0,2287,70,D04,-0.037846847913324023,-0.304779369525245
350,1,within_control_batch_shuffle,0,20295916,21295916.0,2287,70,D05,-0.029524104268108708,-0.23702856173744946
350,1,within_control_batch_shuffle,0,20295916,21295916.0,2287,70,D06,0.018282523996547537,-0.14509845393049625
350,1,within_control_batch_shuffle,0,20295916,21295916.0,2287,70,D07,-0.030658266721386235,-0.3265432454389532
350,1,within_control_batch_shuffle,0,20295916,21295916.0,2287,70,D08,0.0029170601685692727,-0.234860103037821
350,1,within_control_batch_shuffle,0,20295916,21295916.0,2287,70,D09,-0.017148456605382303,-0.2985650219014815
350,1,within_control_batch_shuffle,0,20295916,21295916.0,2287,70,D10,-0.035933407364174476,-0.25700565974245504
350,1,within_control_batch_shuffle,0,20295916,21295916.0,2287,70,D11,-0.023805982201024343,-0.2845137368412791
350,1,within_control_batch_shuffle,0,20295916,21295916.0,2287,70,D12,-0.02487345823729607,-0.3030997243797475
350,1,within_control_batch_shuffle,0,20295916,21295916.0,2287,70,D13,0.015630018208866534,-0.1932066014603373
350,1,within_control_batch_shuffle,0,20295916,21295916.0,2287,70,D14,-0.010296338318468233,-0.2539942767289207
350,1,within_control_batch_shuffle,0,20295916,21295916.0,2287,70,D15,-0.010206201147020554,-0.2226623736805884
350,1,within_control_batch_shuffle,0,20295916,21295916.0,2287,70,D16,-0.016411259245978704,-0.19603525284534773
350,1,within_control_batch_shuffle,0,20295916,21295916.0,2287,70,D17,-0.02574391853157544,-0.23553050585547175
350,1,within_control_batch_shuffle,0,20295916,21295916.0,2287,70,D18,-0.005514650704327967,-0.28627561303654225
350,1,within_control_batch_shuffle,0,20295916,21295916.0,2287,70,D19,0.07846082711168882,-0.16086704044902733
350,1,within_control_batch_shuffle,0,20295916,21295916.0,2287,70,D20,0.03380627646059256,-0.2034452203007726
350,1,within_control_batch_shuffle,0,20295916,21295916.0,2287,70,D21,-0.026985628422173873,-0.19142640127941202
350,1,within_control_batch_shuffle,0,20295916,21295916.0,2287,70,D22,0.017558239751243824,-0.17028985824093157
350,1,within_control_batch_shuffle,0,20295916,21295916.0,2287,70,D23,-0.0661725650945492,-0.27154656884949
350,1,within_control_batch_shuffle,0,20295916,21295916.0,2287,70,D24,-0.023244135115809233,-0.29329826795487945
350,1,within_control_batch_shuffle,0,20295916,21295916.0,2287,70,D25,0.060517455714983494,-0.14350255133259138
350,1,within_control_batch_shuffle,0,20295916,21295916.0,2287,70,D26,-0.04395948376651627,-0.35926845778769434
350,1,within_control_batch_shuffle,0,20295916,21295916.0,2287,70,D27,0.010722964024462803,-0.25472715876411645
350,1,within_control_batch_shuffle,0,20295916,21295916.0,2287,70,D28,-0.010178877872117582,-0.24434113169738336
350,1,within_control_batch_shuffle,0,20295916,21295916.0,2287,70,D29,-0.056562574226876695,-0.21390688328074736
350,1,within_control_batch_shuffle,0,20295916,21295916.0,2287,70,D30,-0.04228521458302672,-0.3158690409163911
350,1,within_control_batch_shuffle,0,20295916,21295916.0,2287,70,D31,0.0434239530758557,-0.15114806903015499
350,1,within_control_batch_shuffle,1,20295916,21295917.0,2287,70,D00,-0.050256482416421173,-0.30092350287136704
350,1,within_control_batch_shuffle,1,20295916,21295917.0,2287,70,D01,-0.03955017362711139,-0.31315712136324336
350,1,within_control_batch_shuffle,1,20295916,21295917.0,2287,70,D02,0.007569913829804801,-0.33773657123501066
350,1,within_control_batch_shuffle,1,20295916,21295917.0,2287,70,D03,0.012958771369093356,-0.21205380858661527
350,1,within_control_batch_shuffle,1,20295916,21295917.0,2287,70,D04,0.014562284306136944,-0.26466541427017054
350,1,within_control_batch_shuffle,1,20295916,21295917.0,2287,70,D05,0.017164340326869643,-0.2113420137596249
350,1,within_control_batch_shuffle,1,20295916,21295917.0,2287,70,D06,0.023504327835816404,-0.19820120101571126
350,1,within_control_batch_shuffle,1,20295916,21295917.0,2287,70,D07,0.00539798350209672,-0.270392283230912
350,1,within_control_batch_shuffle,1,20295916,21295917.0,2287,70,D08,-0.03538451128939654,-0.24255531067334446
350,1,within_control_batch_shuffle,1,20295916,21295917.0,2287,70,D09,-0.03133687469268901,-0.30268202514374654
350,1,within_control_batch_shuffle,1,20295916,21295917.0,2287,70,D10,0.03843289461906693,-0.2447288434240511
350,1,within_control_batch_shuffle,1,20295916,21295917.0,2287,70,D11,-0.04628715665341199,-0.37191788194746644
350,1,within_control_batch_shuffle,1,20295916,21295917.0,2287,70,D12,0.006946310149358879,-0.26071711728444846
350,1,within_control_batch_shuffle,1,20295916,21295917.0,2287,70,D13,0.012946135634551215,-0.16355972692947618
350,1,within_control_batch_shuffle,1,20295916,21295917.0,2287,70,D14,0.05545796765093825,-0.22271234627050784
350,1,within_control_batch_shuffle,1,20295916,21295917.0,2287,70,D15,-0.012600334682199428,-0.34543686235242665
350,1,within_control_batch_shuffle,1,20295916,21295917.0,2287,70,D16,-0.006758463921405191,-0.23886584668645883
350,1,within_control_batch_shuffle,1,20295916,21295917.0,2287,70,D17,0.009876366333320157,-0.1740188131498943
350,1,within_control_batch_shuffle,1,20295916,21295917.0,2287,70,D18,-0.009649463290925198,-0.3719275766149934
350,1,within_control_batch_shuffle,1,20295916,21295917.0,2287,70,D19,0.026060169265984943,-0.2559770968509285
350,1,within_control_batch_shuffle,1,20295916,21295917.0,2287,70,D20,0.038953067751043485,-0.23663411033654036
350,1,within_control_batch_shuffle,1,20295916,21295917.0,2287,70,D21,0.028234382904982498,-0.18137587445225956
350,1,within_control_batch_shuffle,1,20295916,21295917.0,2287,70,D22,-0.03537833922669484,-0.3145737610271089
350,1,within_control_batch_shuffle,1,20295916,21295917.0,2287,70,D23,-0.06810849748354145,-0.326671886059948
350,1,within_control_batch_shuffle,1,20295916,21295917.0,2287,70,D24,-0.06930585625072382,-0.31836953962322223
350,1,within_control_batch_shuffle,1,20295916,21295917.0,2287,70,D25,0.09051714123561232,-0.14462747047715419
350,1,within_control_batch_shuffle,1,20295916,21295917.0,2287,70,D26,0.0016486107236848824,-0.2788862584491558
350,1,within_control_batch_shuffle,1,20295916,21295917.0,2287,70,D27,-0.008194252972799528,-0.23769738542266827
350,1,within_control_batch_shuffle,1,20295916,21295917.0,2287,70,D28,0.0499120953558923,-0.1918779362545333
350,1,within_control_batch_shuffle,1,20295916,21295917.0,2287,70,D29,0.018263302666453058,-0.1455143714126368
350,1,within_control_batch_shuffle,1,20295916,21295917.0,2287,70,D30,-0.05972036621596552,-0.3602986329356026
350,1,within_control_batch_shuffle,1,20295916,21295917.0,2287,70,D31,0.0018356319727461943,-0.23560683686149897
350,1,within_control_batch_shuffle,2,20295916,21295918.0,2287,70,D00,-0.05368840030000933,-0.33038944262557424
350,1,within_control_batch_shuffle,2,20295916,21295918.0,2287,70,D01,-0.06445068810337223,-0.28447303385220524
350,1,within_control_batch_shuffle,2,20295916,21295918.0,2287,70,D02,-0.010823117690588614,-0.32801017640590313
350,1,within_control_batch_shuffle,2,20295916,21295918.0,2287,70,D03,-0.037543165647120375,-0.2348498445563385
350,1,within_control_batch_shuffle,2,20295916,21295918.0,2287,70,D04,-0.015653726600212244,-0.3036030609345235
350,1,within_control_batch_shuffle,2,20295916,21295918.0,2287,70,D05,0.018511591586010494,-0.23927194220639025
350,1,within_control_batch_shuffle,2,20295916,21295918.0,2287,70,D06,0.034097951915883294,-0.1617674118911394
350,1,within_control_batch_shuffle,2,20295916,21295918.0,2287,70,D07,-0.013269843251906763,-0.36904496959856115
350,1,within_control_batch_shuffle,2,20295916,21295918.0,2287,70,D08,-0.026023295102872334,-0.28042358091521
350,1,within_control_batch_shuffle,2,20295916,21295918.0,2287,70,D09,-0.014273438864958979,-0.19350374554138638
350,1,within_control_batch_shuffle,2,20295916,21295918.0,2287,70,D10,-0.016926659691359886,-0.26076490483146086
350,1,within_control_batch_shuffle,2,20295916,21295918.0,2287,70,D11,0.004921598249250933,-0.27561294209585285
350,1,within_control_batch_shuffle,2,20295916,21295918.0,2287,70,D12,0.04419965047948353,-0.1861303475609546
350,1,within_control_batch_shuffle,2,20295916,21295918.0,2287,70,D13,-0.013356368101667212,-0.25352754003465505
350,1,within_control_batch_shuffle,2,20295916,21295918.0,2287,70,D14,-0.02086683507782342,-0.3149337883817005
350,1,within_control_batch_shuffle,2,20295916,21295918.0,2287,70,D15,-0.04149996125760082,-0.285989833972782
350,1,within_control_batch_shuffle,2,20295916,21295918.0,2287,70,D16,0.03460464402943673,-0.18350113409349134
350,1,within_control_batch_shuffle,2,20295916,21295918.0,2287,70,D17,0.018212471245506342,-0.19274195718527176
350,1,within_control_batch_shuffle,2,20295916,21295918.0,2287,70,D18,-0.03234228772758383,-0.40317368313337587
350,1,within_control_batch_shuffle,2,20295916,21295918.0,2287,70,D19,0.002006258107715624,-0.16061714643211533
350,1,within_control_batch_shuffle,2,20295916,21295918.0,2287,70,D20,0.01747105332533373,-0.2545888305911206
350,1,within_control_batch_shuffle,2,20295916,21295918.0,2287,70,D21,0.0530038299809486,-0.1874392620092713
350,1,within_control_batch_shuffle,2,20295916,21295918.0,2287,70,D22,-0.02109222831291596,-0.19408695053748248
350,1,within_control_batch_shuffle,2,20295916,21295918.0,2287,70,D23,0.07758293493957764,-0.1921654103777275
350,1,within_control_batch_shuffle,2,20295916,21295918.0,2287,70,D24,0.05627645097945066,-0.17782711877668067
350,1,within_control_batch_shuffle,2,20295916,21295918.0,2287,70,D25,0.02571053445800262,-0.1476237650825667
350,1,within_control_batch_shuffle,2,20295916,21295918.0,2287,70,D26,-0.023616459209359595,-0.19770323941310708
350,1,within_control_batch_shuffle,2,20295916,21295918.0,2287,70,D27,-0.023188623455839982,-0.2255444853342301
350,1,within_control_batch_shuffle,2,20295916,21295918.0,2287,70,D28,-0.03564414855265843,-0.3605822859374248
350,1,within_control_batch_shuffle,2,20295916,21295918.0,2287,70,D29,0.012153466583585407,-0.1848805543378167
350,1,within_control_batch_shuffle,2,20295916,21295918.0,2287,70,D30,-0.07719270208814047,-0.3881502524022773
350,1,within_control_batch_shuffle,2,20295916,21295918.0,2287,70,D31,-0.009013551942225964,-0.18107573004921385
350,1,within_control_batch_shuffle,3,20295916,21295919.0,2287,70,D00,-0.037772564301949293,-0.22906953838291555
350,1,within_control_batch_shuffle,3,20295916,21295919.0,2287,70,D01,0.012280915574722879,-0.2360647496327486
350,1,within_control_batch_shuffle,3,20295916,21295919.0,2287,70,D02,-0.018734566961885763,-0.2998700587176817
350,1,within_control_batch_shuffle,3,20295916,21295919.0,2287,70,D03,-0.08121379343165805,-0.34402591731589216
350,1,within_control_batch_shuffle,3,20295916,21295919.0,2287,70,D04,0.03340391013434559,-0.2213736921299574
350,1,within_control_batch_shuffle,3,20295916,21295919.0,2287,70,D05,0.038020380105702516,-0.13735347749574967
350,1,within_control_batch_shuffle,3,20295916,21295919.0,2287,70,D06,0.018753883416216262,-0.15948584548182088
350,1,within_control_batch_shuffle,3,20295916,21295919.0,2287,70,D07,-0.02075480466642441,-0.32601179414042303
350,1,within_control_batch_shuffle,3,20295916,21295919.0,2287,70,D08,-0.11386234324351059,-0.42505990286526774
350,1,within_control_batch_shuffle,3,20295916,21295919.0,2287,70,D09,-0.01031234310659708,-0.3359883706491471
350,1,within_control_batch_shuffle,3,20295916,21295919.0,2287,70,D10,-0.0253362738223217,-0.249325264515595
350,1,within_control_batch_shuffle,3,20295916,21295919.0,2287,70,D11,-0.018838930145010147,-0.2684116626466573
350,1,within_control_batch_shuffle,3,20295916,21295919.0,2287,70,D12,-0.026292043847384216,-0.21560069842472496
350,1,within_control_batch_shuffle,3,20295916,21295919.0,2287,70,D13,0.005261971175638997,-0.2608940939690756
350,1,within_control_batch_shuffle,3,20295916,21295919.0,2287,70,D14,-0.024981942203519764,-0.28921104578177714
350,1,within_control_batch_shuffle,3,20295916,21295919.0,2287,70,D15,-0.013473443560000343,-0.27483716971198957
350,1,within_control_batch_shuffle,3,20295916,21295919.0,2287,70,D16,0.007568057170549644,-0.2236484943874093
350,1,within_control_batch_shuffle,3,20295916,21295919.0,2287,70,D17,-0.05265998594748069,-0.30501363577024687
350,1,within_control_batch_shuffle,3,20295916,21295919.0,2287,70,D18,0.010874052486481683,-0.26744531172226615
350,1,within_control_batch_shuffle,3,20295916,21295919.0,2287,70,D19,-0.015262838472831436,-0.20714042233275132
350,1,within_control_batch_shuffle,3,20295916,21295919.0,2287,70,D20,-0.04499005540469505,-0.3395646486479986
350,1,within_control_batch_shuffle,3,20295916,21295919.0,2287,70,D21,-0.011382698783435015,-0.19922236220154432
350,1,within_control_batch_shuffle,3,20295916,21295919.0,2287,70,D22,-0.012654523883413767,-0.22680155188883067
350,1,within_control_batch_shuffle,3,20295916,21295919.0,2287,70,D23,-0.005162715947230359,-0.2307762550351422
350,1,within_control_batch_shuffle,3,20295916,21295919.0,2287,70,D24,-0.017393232407640135,-0.2760951604664128
350,1,within_control_batch_shuffle,3,20295916,21295919.0,2287,70,D25,0.04360460704437843,-0.16676784950319679
350,1,within_control_batch_shuffle,3,20295916,21295919.0,2287,70,D26,-0.06713929888177793,-0.24750708809616673
350,1,within_control_batch_shuffle,3,20295916,21295919.0,2287,70,D27,-0.011346961321550232,-0.20755639120596747
350,1,within_control_batch_shuffle,3,20295916,21295919.0,2287,70,D28,-0.020254604246182084,-0.23617821082630241
350,1,within_control_batch_shuffle,3,20295916,21295919.0,2287,70,D29,-0.02822822163252973,-0.2634175826071121
350,1,within_control_batch_shuffle,3,20295916,21295919.0,2287,70,D30,-0.024892161078068863,-0.32421076637227775
350,1,within_control_batch_shuffle,3,20295916,21295919.0,2287,70,D31,-0.029589935840077537,-0.29406082556645496
350,1,within_control_batch_shuffle,4,20295916,21295920.0,2287,70,D00,-0.007333605560195205,-0.22826356984023
350,1,within_control_batch_shuffle,4,20295916,21295920.0,2287,70,D01,-0.02755126945523408,-0.36370892809495237
350,1,within_control_batch_shuffle,4,20295916,21295920.0,2287,70,D02,-0.021570702878343073,-0.42437793051378314
350,1,within_control_batch_shuffle,4,20295916,21295920.0,2287,70,D03,-0.04055494416176008,-0.23007428976462818
350,1,within_control_batch_shuffle,4,20295916,21295920.0,2287,70,D04,0.06580143095997232,-0.16840133679254432
350,1,within_control_batch_shuffle,4,20295916,21295920.0,2287,70,D05,-0.09406741497097353,-0.4265916138988326
350,1,within_control_batch_shuffle,4,20295916,21295920.0,2287,70,D06,-0.03477183401375606,-0.25732107639144153
350,1,within_control_batch_shuffle,4,20295916,21295920.0,2287,70,D07,-0.06997346690767993,-0.37967965593515496
350,1,within_control_batch_shuffle,4,20295916,21295920.0,2287,70,D08,-0.025141268854774065,-0.30220725188342645
350,1,within_control_batch_shuffle,4,20295916,21295920.0,2287,70,D09,-0.003942117114037186,-0.2626168224188905
350,1,within_control_batch_shuffle,4,20295916,21295920.0,2287,70,D10,-0.016713994741116952,-0.3230180604088948
350,1,within_control_batch_shuffle,4,20295916,21295920.0,2287,70,D11,-0.040256089395065524,-0.2522874899611125
350,1,within_control_batch_shuffle,4,20295916,21295920.0,2287,70,D12,0.0035657300371886116,-0.23592844614338904
350,1,within_control_batch_shuffle,4,20295916,21295920.0,2287,70,D13,0.04845157937107908,-0.15076305569045934
350,1,within_control_batch_shuffle,4,20295916,21295920.0,2287,70,D14,-0.032190722306736655,-0.28603477396207766
350,1,within_control_batch_shuffle,4,20295916,21295920.0,2287,70,D15,-0.03994984228637333,-0.45177601190232664
350,1,within_control_batch_shuffle,4,20295916,21295920.0,2287,70,D16,-0.016833572536191412,-0.268863831089307
350,1,within_control_batch_shuffle,4,20295916,21295920.0,2287,70,D17,0.021362524411941496,-0.3271967153365689
350,1,within_control_batch_shuffle,4,20295916,21295920.0,2287,70,D18,-0.050935581479194934,-0.3757300111990318
350,1,within_control_batch_shuffle,4,20295916,21295920.0,2287,70,D19,0.04205224840059731,-0.25220539201668535
350,1,within_control_batch_shuffle,4,20295916,21295920.0,2287,70,D20,-0.0862475834031062,-0.38675083138080946
350,1,within_control_batch_shuffle,4,20295916,21295920.0,2287,70,D21,-0.049039093988448655,-0.26742567595637556
350,1,within_control_batch_shuffle,4,20295916,21295920.0,2287,70,D22,0.018968250496547816,-0.3089610173703483
350,1,within_control_batch_shuffle,4,20295916,21295920.0,2287,70,D23,-0.060171643922877584,-0.3707075435300926
350,1,within_control_batch_shuffle,4,20295916,21295920.0,2287,70,D24,-0.04750629448653567,-0.2632669482120038
350,1,within_control_batch_shuffle,4,20295916,21295920.0,2287,70,D25,0.07309377857856571,-0.17026188745622162
350,1,within_control_batch_shuffle,4,20295916,21295920.0,2287,70,D26,0.005811745315193737,-0.4029841045273663
350,1,within_control_batch_shuffle,4,20295916,21295920.0,2287,70,D27,-0.0401305088777865,-0.21584240834019863
350,1,within_control_batch_shuffle,4,20295916,21295920.0,2287,70,D28,0.00877654370998998,-0.21880989522621763
350,1,within_control_batch_shuffle,4,20295916,21295920.0,2287,70,D29,-0.001375885629297739,-0.2784104321101508
350,1,within_control_batch_shuffle,4,20295916,21295920.0,2287,70,D30,-0.007865928906652832,-0.4758152819644157
350,1,within_control_batch_shuffle,4,20295916,21295920.0,2287,70,D31,0.0050032424381172705,-0.1942579469253285
350,2,exact_pair,-1,20295917,,2287,70,D00,0.06999665622874142,-0.19761329020638652
350,2,exact_pair,-1,20295917,,2287,70,D01,0.06994584285875532,-0.22690674843949288
350,2,exact_pair,-1,20295917,,2287,70,D02,0.11507361832275631,-0.08642867752979844
350,2,exact_pair,-1,20295917,,2287,70,D03,0.00865261404653309,-0.2656657135694813
350,2,exact_pair,-1,20295917,,2287,70,D04,0.03859129183678338,-0.15557227439083365
350,2,exact_pair,-1,20295917,,2287,70,D05,0.15746954253421783,-0.16489216184106303
350,2,exact_pair,-1,20295917,,2287,70,D06,0.00709536845913063,-0.20775626822793125
350,2,exact_pair,-1,20295917,,2287,70,D07,0.023565803630962508,-0.24230129773533227
350,2,exact_pair,-1,20295917,,2287,70,D08,0.01207370772843152,-0.3285065408895571
350,2,exact_pair,-1,20295917,,2287,70,D09,0.02804962251296435,-0.18633360445464042
350,2,exact_pair,-1,20295917,,2287,70,D10,-0.014226878183708672,-0.23153733928036724
350,2,exact_pair,-1,20295917,,2287,70,D11,-0.00963431334866233,-0.31715384040678507
350,2,exact_pair,-1,20295917,,2287,70,D12,-0.046980470965091774,-0.27782013082548884
350,2,exact_pair,-1,20295917,,2287,70,D13,0.04303685326064412,-0.17018760621939233
350,2,exact_pair,-1,20295917,,2287,70,D14,0.041477184172589394,-0.16117849739836743
350,2,exact_pair,-1,20295917,,2287,70,D15,0.04316113947975678,-0.2166508527586566
350,2,exact_pair,-1,20295917,,2287,70,D16,0.07270385557502218,-0.17599967506019154
350,2,exact_pair,-1,20295917,,2287,70,D17,0.05126322769201987,-0.18227060542968987
350,2,exact_pair,-1,20295917,,2287,70,D18,0.10933080963138657,-0.1744839711079038
350,2,exact_pair,-1,20295917,,2287,70,D19,0.06673768496493042,-0.20106145454660163
350,2,exact_pair,-1,20295917,,2287,70,D20,0.003921749905456597,-0.16484170461725145
350,2,exact_pair,-1,20295917,,2287,70,D21,0.08486993331219506,-0.19219095924157403
350,2,exact_pair,-1,20295917,,2287,70,D22,0.10186086232195316,-0.19844325008637154
350,2,exact_pair,-1,20295917,,2287,70,D23,0.0787198576667035,-0.15967268735736218
350,2,exact_pair,-1,20295917,,2287,70,D24,0.11435146242854907,-0.2636712580994687
350,2,exact_pair,-1,20295917,,2287,70,D25,0.12095162584370307,-0.15185310404239294
350,2,exact_pair,-1,20295917,,2287,70,D26,0.055331039908395885,-0.1863230811527059
350,2,exact_pair,-1,20295917,,2287,70,D27,-0.009645160683353938,-0.20723760364914257
350,2,exact_pair,-1,20295917,,2287,70,D28,0.019389536218404068,-0.2792511511684128
350,2,exact_pair,-1,20295917,,2287,70,D29,0.11631599358606153,-0.1247975234565839
350,2,exact_pair,-1,20295917,,2287,70,D30,0.042431910604786786,-0.26321337053787497
350,2,exact_pair,-1,20295917,,2287,70,D31,0.03972554542510927,-0.18975648991282013
350,2,within_control_batch_shuffle,0,20295917,21295917.0,2287,70,D00,-0.006294182157562928,-0.2750618076489162
350,2,within_control_batch_shuffle,0,20295917,21295917.0,2287,70,D01,0.033964749249793105,-0.21800174329806055
350,2,within_control_batch_shuffle,0,20295917,21295917.0,2287,70,D02,-0.012584391792408086,-0.24345273804432055
350,2,within_control_batch_shuffle,0,20295917,21295917.0,2287,70,D03,0.039112532445515,-0.20127359347881502
350,2,within_control_batch_shuffle,0,20295917,21295917.0,2287,70,D04,0.05176052719976912,-0.14021020915848825
350,2,within_control_batch_shuffle,0,20295917,21295917.0,2287,70,D05,0.007979596909554984,-0.2525587849804747
350,2,within_control_batch_shuffle,0,20295917,21295917.0,2287,70,D06,0.030929897314450904,-0.16015457456091786
350,2,within_control_batch_shuffle,0,20295917,21295917.0,2287,70,D07,-0.027345686562387526,-0.2977983244604385
350,2,within_control_batch_shuffle,0,20295917,21295917.0,2287,70,D08,-0.04299614532410356,-0.31367136661740425
350,2,within_control_batch_shuffle,0,20295917,21295917.0,2287,70,D09,-0.01408264201747489,-0.2118553720474452
350,2,within_control_batch_shuffle,0,20295917,21295917.0,2287,70,D10,0.008371016007775114,-0.18434451816516995
350,2,within_control_batch_shuffle,0,20295917,21295917.0,2287,70,D11,-0.01272090041220393,-0.21613640229007047
350,2,within_control_batch_shuffle,0,20295917,21295917.0,2287,70,D12,-0.0005496889117919383,-0.1861633152906932
350,2,within_control_batch_shuffle,0,20295917,21295917.0,2287,70,D13,0.0314757114766014,-0.24007051572119598
350,2,within_control_batch_shuffle,0,20295917,21295917.0,2287,70,D14,-0.017097320807053697,-0.23198621348769444
350,2,within_control_batch_shuffle,0,20295917,21295917.0,2287,70,D15,0.026130790728297756,-0.23022779528190007
350,2,within_control_batch_shuffle,0,20295917,21295917.0,2287,70,D16,-0.012016095467579343,-0.1897305573572896
350,2,within_control_batch_shuffle,0,20295917,21295917.0,2287,70,D17,0.012105604961447278,-0.20862676270586022
350,2,within_control_batch_shuffle,0,20295917,21295917.0,2287,70,D18,-0.030472274258411734,-0.2775193552917259
350,2,within_control_batch_shuffle,0,20295917,21295917.0,2287,70,D19,-0.0009484585406904977,-0.20614805404385494
350,2,within_control_batch_shuffle,0,20295917,21295917.0,2287,70,D20,-0.036629547134626995,-0.23547684609163788
350,2,within_control_batch_shuffle,0,20295917,21295917.0,2287,70,D21,-0.0026503696828748353,-0.2735165749761139
350,2,within_control_batch_shuffle,0,20295917,21295917.0,2287,70,D22,-0.007279700471149742,-0.22599208139582583
350,2,within_control_batch_shuffle,0,20295917,21295917.0,2287,70,D23,0.00509699218818147,-0.13241002227590726
350,2,within_control_batch_shuffle,0,20295917,21295917.0,2287,70,D24,-0.04993601878059075,-0.3790103473663633
350,2,within_control_batch_shuffle,0,20295917,21295917.0,2287,70,D25,-0.07923009600599877,-0.31605902246000994
350,2,within_control_batch_shuffle,0,20295917,21295917.0,2287,70,D26,-0.03486211039261411,-0.2674487687501268
350,2,within_control_batch_shuffle,0,20295917,21295917.0,2287,70,D27,0.01959351128196771,-0.26754408870028024
350,2,within_control_batch_shuffle,0,20295917,21295917.0,2287,70,D28,0.012389664631521254,-0.1998202638322497
350,2,within_control_batch_shuffle,0,20295917,21295917.0,2287,70,D29,-0.033899644763738426,-0.3108857242670551
350,2,within_control_batch_shuffle,0,20295917,21295917.0,2287,70,D30,-0.011316335805009466,-0.2795005099702348
350,2,within_control_batch_shuffle,0,20295917,21295917.0,2287,70,D31,0.0369079080732175,-0.20897728784747205
350,2,within_control_batch_shuffle,1,20295917,21295918.0,2287,70,D00,-0.05699810208821016,-0.2788725838805801
350,2,within_control_batch_shuffle,1,20295917,21295918.0,2287,70,D01,-0.0665424304853798,-0.36363981470308726
350,2,within_control_batch_shuffle,1,20295917,21295918.0,2287,70,D02,-0.054261802653811315,-0.26158390328177683
350,2,within_control_batch_shuffle,1,20295917,21295918.0,2287,70,D03,-0.06329577244450131,-0.2574680756204881
350,2,within_control_batch_shuffle,1,20295917,21295918.0,2287,70,D04,-0.006520894225690869,-0.17927920375622808
350,2,within_control_batch_shuffle,1,20295917,21295918.0,2287,70,D05,-0.12327878086797708,-0.4238559883122286
350,2,within_control_batch_shuffle,1,20295917,21295918.0,2287,70,D06,-0.0527935670400482,-0.2610775789765791
350,2,within_control_batch_shuffle,1,20295917,21295918.0,2287,70,D07,-0.007231202783944789,-0.28508532005151244
350,2,within_control_batch_shuffle,1,20295917,21295918.0,2287,70,D08,0.11774903474832804,-0.13183782202606387
350,2,within_control_batch_shuffle,1,20295917,21295918.0,2287,70,D09,0.047755234797182355,-0.19573210464283597
350,2,within_control_batch_shuffle,1,20295917,21295918.0,2287,70,D10,0.041934958772112216,-0.170202260878608
350,2,within_control_batch_shuffle,1,20295917,21295918.0,2287,70,D11,0.022683446109176286,-0.2147798060560897
350,2,within_control_batch_shuffle,1,20295917,21295918.0,2287,70,D12,-0.022803946421159304,-0.2748773545123657
350,2,within_control_batch_shuffle,1,20295917,21295918.0,2287,70,D13,0.003545093827060224,-0.2422752988010768
350,2,within_control_batch_shuffle,1,20295917,21295918.0,2287,70,D14,6.662868687709941e-05,-0.1864656012993262
350,2,within_control_batch_shuffle,1,20295917,21295918.0,2287,70,D15,-0.026431915835504402,-0.3480198740313385
350,2,within_control_batch_shuffle,1,20295917,21295918.0,2287,70,D16,-0.00808810275366705,-0.20912421645850365
350,2,within_control_batch_shuffle,1,20295917,21295918.0,2287,70,D17,0.05261380238745114,-0.24179010586507843
350,2,within_control_batch_shuffle,1,20295917,21295918.0,2287,70,D18,0.005955991561213233,-0.35841242645498883
350,2,within_control_batch_shuffle,1,20295917,21295918.0,2287,70,D19,0.06767063873754496,-0.2358072260234143
350,2,within_control_batch_shuffle,1,20295917,21295918.0,2287,70,D20,0.01181959585210099,-0.20692074936888005
350,2,within_control_batch_shuffle,1,20295917,21295918.0,2287,70,D21,-0.0137499800795683,-0.21717907796137514
350,2,within_control_batch_shuffle,1,20295917,21295918.0,2287,70,D22,0.004533092123427398,-0.24397815719352378
350,2,within_control_batch_shuffle,1,20295917,21295918.0,2287,70,D23,-0.013038936514085987,-0.2559974276452437
350,2,within_control_batch_shuffle,1,20295917,21295918.0,2287,70,D24,0.014510712513081885,-0.36180644360103664
350,2,within_control_batch_shuffle,1,20295917,21295918.0,2287,70,D25,0.05016837717578703,-0.17755620599370414
350,2,within_control_batch_shuffle,1,20295917,21295918.0,2287,70,D26,-0.04201041455644137,-0.3547050799356646
350,2,within_control_batch_shuffle,1,20295917,21295918.0,2287,70,D27,-0.00461890915113828,-0.2276889103544324
350,2,within_control_batch_shuffle,1,20295917,21295918.0,2287,70,D28,0.01085396161480013,-0.251041816142515
350,2,within_control_batch_shuffle,1,20295917,21295918.0,2287,70,D29,0.025228944966339643,-0.18326056577963956
350,2,within_control_batch_shuffle,1,20295917,21295918.0,2287,70,D30,0.022486622616876173,-0.2559298432352741
350,2,within_control_batch_shuffle,1,20295917,21295918.0,2287,70,D31,-0.04392663599176687,-0.31001884325377627
350,2,within_control_batch_shuffle,2,20295917,21295919.0,2287,70,D00,0.0494762418854629,-0.18597266100879994
350,2,within_control_batch_shuffle,2,20295917,21295919.0,2287,70,D01,-0.03795818924530744,-0.2168250348206313
350,2,within_control_batch_shuffle,2,20295917,21295919.0,2287,70,D02,0.11143655490975518,-0.1324465048855008
350,2,within_control_batch_shuffle,2,20295917,21295919.0,2287,70,D03,-0.01222409830675533,-0.1864357426182215
350,2,within_control_batch_shuffle,2,20295917,21295919.0,2287,70,D04,0.03139716932752084,-0.1468949846820553
350,2,within_control_batch_shuffle,2,20295917,21295919.0,2287,70,D05,0.001823884345571891,-0.29249671167944014
350,2,within_control_batch_shuffle,2,20295917,21295919.0,2287,70,D06,0.016265332684453824,-0.19732019985289417
350,2,within_control_batch_shuffle,2,20295917,21295919.0,2287,70,D07,0.03147635091648382,-0.26173253771751037
350,2,within_control_batch_shuffle,2,20295917,21295919.0,2287,70,D08,0.002682382660661336,-0.29071079633048735
350,2,within_control_batch_shuffle,2,20295917,21295919.0,2287,70,D09,0.005699182335497173,-0.21519081988899447
350,2,within_control_batch_shuffle,2,20295917,21295919.0,2287,70,D10,0.011658266078521953,-0.20362927400725117
350,2,within_control_batch_shuffle,2,20295917,21295919.0,2287,70,D11,0.058369536071963865,-0.14915846233037033
350,2,within_control_batch_shuffle,2,20295917,21295919.0,2287,70,D12,-0.020332922076160942,-0.28021807436463986
350,2,within_control_batch_shuffle,2,20295917,21295919.0,2287,70,D13,-0.04015113583652514,-0.2648858015280451
350,2,within_control_batch_shuffle,2,20295917,21295919.0,2287,70,D14,-0.011500882530250379,-0.21039991902127753
350,2,within_control_batch_shuffle,2,20295917,21295919.0,2287,70,D15,0.06014761319498029,-0.18199033229098194
350,2,within_control_batch_shuffle,2,20295917,21295919.0,2287,70,D16,-0.0627409088310067,-0.34371438204398497
350,2,within_control_batch_shuffle,2,20295917,21295919.0,2287,70,D17,0.028759928458670956,-0.24918059929015057
350,2,within_control_batch_shuffle,2,20295917,21295919.0,2287,70,D18,-0.042810832757976154,-0.36612116904961867
350,2,within_control_batch_shuffle,2,20295917,21295919.0,2287,70,D19,0.026445742932081642,-0.22470716442409167
350,2,within_control_batch_shuffle,2,20295917,21295919.0,2287,70,D20,0.047932196048129046,-0.19114928789037133
350,2,within_control_batch_shuffle,2,20295917,21295919.0,2287,70,D21,0.06679232789994935,-0.17107853526691863
350,2,within_control_batch_shuffle,2,20295917,21295919.0,2287,70,D22,-0.07281741454136516,-0.2797054616336516
350,2,within_control_batch_shuffle,2,20295917,21295919.0,2287,70,D23,0.04988228234582055,-0.1409688598804797
350,2,within_control_batch_shuffle,2,20295917,21295919.0,2287,70,D24,-0.05652686027973395,-0.36016283661537885
350,2,within_control_batch_shuffle,2,20295917,21295919.0,2287,70,D25,-0.020622562354033966,-0.22258818676986225
350,2,within_control_batch_shuffle,2,20295917,21295919.0,2287,70,D26,0.04193511705917426,-0.1954470838487432
350,2,within_control_batch_shuffle,2,20295917,21295919.0,2287,70,D27,0.00691428639891573,-0.23542970665285323
350,2,within_control_batch_shuffle,2,20295917,21295919.0,2287,70,D28,0.0161219898915152,-0.24804864100070634
350,2,within_control_batch_shuffle,2,20295917,21295919.0,2287,70,D29,-0.010256231555478123,-0.2248883815984708
350,2,within_control_batch_shuffle,2,20295917,21295919.0,2287,70,D30,-0.03543785693306618,-0.28021572432029807
350,2,within_control_batch_shuffle,2,20295917,21295919.0,2287,70,D31,-0.031301325948581635,-0.3480071387678647
350,2,within_control_batch_shuffle,3,20295917,21295920.0,2287,70,D00,0.010588954287246106,-0.29767140715432805
350,2,within_control_batch_shuffle,3,20295917,21295920.0,2287,70,D01,-0.037724885507044635,-0.2432737534274576
350,2,within_control_batch_shuffle,3,20295917,21295920.0,2287,70,D02,-0.029155250667175128,-0.2133591051057353
350,2,within_control_batch_shuffle,3,20295917,21295920.0,2287,70,D03,-0.0032411035119327327,-0.21969977596416124
350,2,within_control_batch_shuffle,3,20295917,21295920.0,2287,70,D04,-0.07232889707082728,-0.29130241669475065
350,2,within_control_batch_shuffle,3,20295917,21295920.0,2287,70,D05,0.033027829905587926,-0.22279882644191185
350,2,within_control_batch_shuffle,3,20295917,21295920.0,2287,70,D06,-0.0053994643999841635,-0.2612403120230806
350,2,within_control_batch_shuffle,3,20295917,21295920.0,2287,70,D07,-0.01292189222155234,-0.3143607800106327
350,2,within_control_batch_shuffle,3,20295917,21295920.0,2287,70,D08,0.08112415070970962,-0.18146493651259243
350,2,within_control_batch_shuffle,3,20295917,21295920.0,2287,70,D09,0.005850112072808412,-0.2854172854155288
350,2,within_control_batch_shuffle,3,20295917,21295920.0,2287,70,D10,-0.026561388903463743,-0.31374144875512155
350,2,within_control_batch_shuffle,3,20295917,21295920.0,2287,70,D11,-0.0552892273215697,-0.2779573671127429
350,2,within_control_batch_shuffle,3,20295917,21295920.0,2287,70,D12,-0.031249519969322494,-0.2900767722938504
350,2,within_control_batch_shuffle,3,20295917,21295920.0,2287,70,D13,0.0011701884333724056,-0.266412966266278
350,2,within_control_batch_shuffle,3,20295917,21295920.0,2287,70,D14,0.02338705298010572,-0.168718680036265
350,2,within_control_batch_shuffle,3,20295917,21295920.0,2287,70,D15,-0.01471386746089051,-0.2500745598848282
350,2,within_control_batch_shuffle,3,20295917,21295920.0,2287,70,D16,0.03216132447254852,-0.183464735560384
350,2,within_control_batch_shuffle,3,20295917,21295920.0,2287,70,D17,0.008527696191246707,-0.2997365651250563
350,2,within_control_batch_shuffle,3,20295917,21295920.0,2287,70,D18,0.0038771614434763434,-0.23651354709430228
350,2,within_control_batch_shuffle,3,20295917,21295920.0,2287,70,D19,0.030344730841538447,-0.28199183388542814
350,2,within_control_batch_shuffle,3,20295917,21295920.0,2287,70,D20,0.017899397943466108,-0.13525150514289708
350,2,within_control_batch_shuffle,3,20295917,21295920.0,2287,70,D21,-0.08279495719242494,-0.2575326365586261
350,2,within_control_batch_shuffle,3,20295917,21295920.0,2287,70,D22,-0.022389855568265258,-0.32883838018596334
350,2,within_control_batch_shuffle,3,20295917,21295920.0,2287,70,D23,0.015923057411343325,-0.17735111111097202
350,2,within_control_batch_shuffle,3,20295917,21295920.0,2287,70,D24,0.04661885504013004,-0.25849946780329014
350,2,within_control_batch_shuffle,3,20295917,21295920.0,2287,70,D25,-0.02277555585300866,-0.22138031561329097
350,2,within_control_batch_shuffle,3,20295917,21295920.0,2287,70,D26,-0.08840657986057515,-0.2940532166949519
350,2,within_control_batch_shuffle,3,20295917,21295920.0,2287,70,D27,0.013974416271403589,-0.20913380179728813
350,2,within_control_batch_shuffle,3,20295917,21295920.0,2287,70,D28,-0.004280776585159079,-0.22767969576520497
350,2,within_control_batch_shuffle,3,20295917,21295920.0,2287,70,D29,0.002921136604824574,-0.2039838755948571
350,2,within_control_batch_shuffle,3,20295917,21295920.0,2287,70,D30,0.007433572195250019,-0.3271394306444495
350,2,within_control_batch_shuffle,3,20295917,21295920.0,2287,70,D31,-0.06142895943854144,-0.3113654857665673
350,2,within_control_batch_shuffle,4,20295917,21295921.0,2287,70,D00,-0.005310291904269321,-0.3150073767291519
350,2,within_control_batch_shuffle,4,20295917,21295921.0,2287,70,D01,0.0231640900020901,-0.21918318291012695
350,2,within_control_batch_shuffle,4,20295917,21295921.0,2287,70,D02,-0.1038031751917779,-0.33969962300057666
350,2,within_control_batch_shuffle,4,20295917,21295921.0,2287,70,D03,-0.0475763530851673,-0.29560042243037166
350,2,within_control_batch_shuffle,4,20295917,21295921.0,2287,70,D04,0.03896394022613864,-0.1367465973114621
350,2,within_control_batch_shuffle,4,20295917,21295921.0,2287,70,D05,0.07296724661165462,-0.24504760589890573
350,2,within_control_batch_shuffle,4,20295917,21295921.0,2287,70,D06,-0.024606300598968966,-0.235259246697046
350,2,within_control_batch_shuffle,4,20295917,21295921.0,2287,70,D07,0.03904400001180038,-0.20336018921511645
350,2,within_control_batch_shuffle,4,20295917,21295921.0,2287,70,D08,0.0036858180872768537,-0.2531023005236619
350,2,within_control_batch_shuffle,4,20295917,21295921.0,2287,70,D09,0.005567330145669778,-0.23625940587676109
350,2,within_control_batch_shuffle,4,20295917,21295921.0,2287,70,D10,0.009170286798295615,-0.20774827393500428
350,2,within_control_batch_shuffle,4,20295917,21295921.0,2287,70,D11,-0.030985539700729127,-0.2383210128119524
350,2,within_control_batch_shuffle,4,20295917,21295921.0,2287,70,D12,-0.03955303281587842,-0.21686529014213307
350,2,within_control_batch_shuffle,4,20295917,21295921.0,2287,70,D13,0.006635778564848299,-0.20813435843762673
350,2,within_control_batch_shuffle,4,20295917,21295921.0,2287,70,D14,0.034515899168943154,-0.1981117293145156
350,2,within_control_batch_shuffle,4,20295917,21295921.0,2287,70,D15,-0.07135242308194778,-0.3479792283248093
350,2,within_control_batch_shuffle,4,20295917,21295921.0,2287,70,D16,0.019594324636724225,-0.2129554379965244
350,2,within_control_batch_shuffle,4,20295917,21295921.0,2287,70,D17,-0.012864508384011767,-0.3449767249008533
350,2,within_control_batch_shuffle,4,20295917,21295921.0,2287,70,D18,-0.02410361323126133,-0.3101524597739125
350,2,within_control_batch_shuffle,4,20295917,21295921.0,2287,70,D19,-0.0047512179088846935,-0.2502031850839146
350,2,within_control_batch_shuffle,4,20295917,21295921.0,2287,70,D20,-0.022830354727674817,-0.23578616679826658
350,2,within_control_batch_shuffle,4,20295917,21295921.0,2287,70,D21,0.008300440767955192,-0.23406700542060577
350,2,within_control_batch_shuffle,4,20295917,21295921.0,2287,70,D22,-0.000677639531479634,-0.2615102257803108
350,2,within_control_batch_shuffle,4,20295917,21295921.0,2287,70,D23,0.0003491015603342767,-0.22665402696828774
350,2,within_control_batch_shuffle,4,20295917,21295921.0,2287,70,D24,0.05652154740626212,-0.235787506257207
350,2,within_control_batch_shuffle,4,20295917,21295921.0,2287,70,D25,-0.021388736156198386,-0.2590376523365081
350,2,within_control_batch_shuffle,4,20295917,21295921.0,2287,70,D26,-0.03521991735067113,-0.31796964262085115
350,2,within_control_batch_shuffle,4,20295917,21295921.0,2287,70,D27,-0.05895982123909735,-0.36483736809936906
350,2,within_control_batch_shuffle,4,20295917,21295921.0,2287,70,D28,-0.04316147287627142,-0.3421132274831604
350,2,within_control_batch_shuffle,4,20295917,21295921.0,2287,70,D29,-0.03921248787862439,-0.3265502849758932
350,2,within_control_batch_shuffle,4,20295917,21295921.0,2287,70,D30,-0.029639817681246346,-0.33137870494248745
350,2,within_control_batch_shuffle,4,20295917,21295921.0,2287,70,D31,-0.044545732893742467,-0.3440672796456359
1000,0,exact_pair,-1,20360915,,2287,70,D00,0.07874244512971897,-0.06859777632318731
1000,0,exact_pair,-1,20360915,,2287,70,D01,0.0218995179673222,-0.15011141695350783
1000,0,exact_pair,-1,20360915,,2287,70,D02,0.06309939687274121,-0.1403292670893328
1000,0,exact_pair,-1,20360915,,2287,70,D03,0.06100695564370263,-0.09250325368001988
1000,0,exact_pair,-1,20360915,,2287,70,D04,0.044406644911185525,-0.09253497973334524
1000,0,exact_pair,-1,20360915,,2287,70,D05,0.24570646831269266,-0.011366407597283024
1000,0,exact_pair,-1,20360915,,2287,70,D06,0.01707620508057976,-0.12668251754080262
1000,0,exact_pair,-1,20360915,,2287,70,D07,0.07026565220708578,-0.08596105679568522
1000,0,exact_pair,-1,20360915,,2287,70,D08,0.07984371967078335,-0.0941085000526416
1000,0,exact_pair,-1,20360915,,2287,70,D09,0.06233703880657514,-0.05942946275412608
1000,0,exact_pair,-1,20360915,,2287,70,D10,0.01763360759165152,-0.12381306983006524
1000,0,exact_pair,-1,20360915,,2287,70,D11,0.016057393295858924,-0.12918330221924101
1000,0,exact_pair,-1,20360915,,2287,70,D12,0.04052160953087902,-0.11230859184761144
1000,0,exact_pair,-1,20360915,,2287,70,D13,0.06747392653753817,-0.09219884332496031
1000,0,exact_pair,-1,20360915,,2287,70,D14,0.06364358990536706,-0.08752708291352973
1000,0,exact_pair,-1,20360915,,2287,70,D15,0.02613845138468634,-0.13837494465049738
1000,0,exact_pair,-1,20360915,,2287,70,D16,-0.0012248370179214398,-0.1588140409490566
1000,0,exact_pair,-1,20360915,,2287,70,D17,0.008894987924294476,-0.10346430701172271
1000,0,exact_pair,-1,20360915,,2287,70,D18,0.135177542245375,-0.06568115962150767
1000,0,exact_pair,-1,20360915,,2287,70,D19,0.03420074004645568,-0.10845457575029926
1000,0,exact_pair,-1,20360915,,2287,70,D20,-0.03359809328425491,-0.2206491447348149
1000,0,exact_pair,-1,20360915,,2287,70,D21,0.1769807958377673,-0.03303943798633591
1000,0,exact_pair,-1,20360915,,2287,70,D22,0.0778164448123801,-0.13454138964872397
1000,0,exact_pair,-1,20360915,,2287,70,D23,0.1342077824066256,-0.0640738056094623
1000,0,exact_pair,-1,20360915,,2287,70,D24,0.18507696837781695,-0.02608843391943827
1000,0,exact_pair,-1,20360915,,2287,70,D25,0.1752248689020875,-0.029432434312504974
1000,0,exact_pair,-1,20360915,,2287,70,D26,0.042502889945788866,-0.1091751274946986
1000,0,exact_pair,-1,20360915,,2287,70,D27,0.009352709800696888,-0.11521075023228322
1000,0,exact_pair,-1,20360915,,2287,70,D28,0.04032108714474461,-0.10662629397716761
1000,0,exact_pair,-1,20360915,,2287,70,D29,0.09098626318673782,-0.08996812610509286
1000,0,exact_pair,-1,20360915,,2287,70,D30,0.12049676935334364,-0.08208168796904536
1000,0,exact_pair,-1,20360915,,2287,70,D31,0.14103781936962553,-0.05402911415229461
1000,0,within_control_batch_shuffle,0,20360915,21360915.0,2287,70,D00,-0.016548200494863535,-0.14677893329943048
1000,0,within_control_batch_shuffle,0,20360915,21360915.0,2287,70,D01,0.022001564162065092,-0.1163860250147073
1000,0,within_control_batch_shuffle,0,20360915,21360915.0,2287,70,D02,0.07193139093631717,-0.07970044964287548
1000,0,within_control_batch_shuffle,0,20360915,21360915.0,2287,70,D03,-0.018545609658591162,-0.11001834326403714
1000,0,within_control_batch_shuffle,0,20360915,21360915.0,2287,70,D04,0.04229908087717951,-0.09779854120269027
1000,0,within_control_batch_shuffle,0,20360915,21360915.0,2287,70,D05,-0.0275176408415538,-0.16197267878192023
1000,0,within_control_batch_shuffle,0,20360915,21360915.0,2287,70,D06,-0.008346721261459043,-0.10306738994722986
1000,0,within_control_batch_shuffle,0,20360915,21360915.0,2287,70,D07,-0.014734815903083056,-0.12859628893521724
1000,0,within_control_batch_shuffle,0,20360915,21360915.0,2287,70,D08,0.00513129733465612,-0.10175065891696766
1000,0,within_control_batch_shuffle,0,20360915,21360915.0,2287,70,D09,-0.01124951548112411,-0.11935341756035012
1000,0,within_control_batch_shuffle,0,20360915,21360915.0,2287,70,D10,-0.011992820421249373,-0.12290190332517748
1000,0,within_control_batch_shuffle,0,20360915,21360915.0,2287,70,D11,-0.0037927840512026506,-0.13603864251582576
1000,0,within_control_batch_shuffle,0,20360915,21360915.0,2287,70,D12,0.04010172773463958,-0.101729492475227
1000,0,within_control_batch_shuffle,0,20360915,21360915.0,2287,70,D13,-0.03905529206767585,-0.144563914128375
1000,0,within_control_batch_shuffle,0,20360915,21360915.0,2287,70,D14,0.037756773443392455,-0.08871582601187766
1000,0,within_control_batch_shuffle,0,20360915,21360915.0,2287,70,D15,-0.016855926198164298,-0.1694278446170605
1000,0,within_control_batch_shuffle,0,20360915,21360915.0,2287,70,D16,-0.020007452568455673,-0.13492696643628932
1000,0,within_control_batch_shuffle,0,20360915,21360915.0,2287,70,D17,0.0038332934636616475,-0.11320771389181283
1000,0,within_control_batch_shuffle,0,20360915,21360915.0,2287,70,D18,-0.01503729765904308,-0.12608765685978174
1000,0,within_control_batch_shuffle,0,20360915,21360915.0,2287,70,D19,-0.02532978256755464,-0.11450507034114432
1000,0,within_control_batch_shuffle,0,20360915,21360915.0,2287,70,D20,-0.012796685287518124,-0.12808986961056723
1000,0,within_control_batch_shuffle,0,20360915,21360915.0,2287,70,D21,0.02654853507650461,-0.08960111397445014
1000,0,within_control_batch_shuffle,0,20360915,21360915.0,2287,70,D22,-0.026465537368436043,-0.15470517601282796
1000,0,within_control_batch_shuffle,0,20360915,21360915.0,2287,70,D23,0.02572849731015002,-0.11071153934077671
1000,0,within_control_batch_shuffle,0,20360915,21360915.0,2287,70,D24,-0.026214259752459702,-0.17727076910676143
1000,0,within_control_batch_shuffle,0,20360915,21360915.0,2287,70,D25,-0.0019320484990099608,-0.114667499753635
1000,0,within_control_batch_shuffle,0,20360915,21360915.0,2287,70,D26,-0.028033077261296165,-0.13073859857656078
1000,0,within_control_batch_shuffle,0,20360915,21360915.0,2287,70,D27,0.03694899832299928,-0.12305558918356385
1000,0,within_control_batch_shuffle,0,20360915,21360915.0,2287,70,D28,0.01917737286209147,-0.0992578928639225
1000,0,within_control_batch_shuffle,0,20360915,21360915.0,2287,70,D29,0.0364181770991842,-0.09454218013212623
1000,0,within_control_batch_shuffle,0,20360915,21360915.0,2287,70,D30,0.0270472217883976,-0.12566046184206758
1000,0,within_control_batch_shuffle,0,20360915,21360915.0,2287,70,D31,0.03499928970913913,-0.07825388885692552
1000,0,within_control_batch_shuffle,1,20360915,21360916.0,2287,70,D00,0.016428367585695925,-0.10388333012915352
1000,0,within_control_batch_shuffle,1,20360915,21360916.0,2287,70,D01,0.045007363973084184,-0.08367019991851254
1000,0,within_control_batch_shuffle,1,20360915,21360916.0,2287,70,D02,-0.02793818080773176,-0.1620592695757881
1000,0,within_control_batch_shuffle,1,20360915,21360916.0,2287,70,D03,-0.0011255818469321068,-0.11396050031972926
1000,0,within_control_batch_shuffle,1,20360915,21360916.0,2287,70,D04,0.03322718639401361,-0.08607885267574256
1000,0,within_control_batch_shuffle,1,20360915,21360916.0,2287,70,D05,-0.05108707557836321,-0.15460473368525585
1000,0,within_control_batch_shuffle,1,20360915,21360916.0,2287,70,D06,-0.01129759595692442,-0.13050058633134798
1000,0,within_control_batch_shuffle,1,20360915,21360916.0,2287,70,D07,-0.02126826793168017,-0.13049720014946797
1000,0,within_control_batch_shuffle,1,20360915,21360916.0,2287,70,D08,0.03543851986906234,-0.0829004665650972
1000,0,within_control_batch_shuffle,1,20360915,21360916.0,2287,70,D09,0.0086143009818417,-0.08749651254835977
1000,0,within_control_batch_shuffle,1,20360915,21360916.0,2287,70,D10,-0.03790108277069603,-0.15555715089102895
1000,0,within_control_batch_shuffle,1,20360915,21360916.0,2287,70,D11,-0.028934139052341695,-0.15196140622967902
1000,0,within_control_batch_shuffle,1,20360915,21360916.0,2287,70,D12,0.003526343880530148,-0.11644227213423486
1000,0,within_control_batch_shuffle,1,20360915,21360916.0,2287,70,D13,0.05845304042365783,-0.08083250624577443
1000,0,within_control_batch_shuffle,1,20360915,21360916.0,2287,70,D14,-0.0013570002605972364,-0.10731293395231711
1000,0,within_control_batch_shuffle,1,20360915,21360916.0,2287,70,D15,-0.02449736119223902,-0.13698070697284748
1000,0,within_control_batch_shuffle,1,20360915,21360916.0,2287,70,D16,-0.023322452714687757,-0.1462231355353607
1000,0,within_control_batch_shuffle,1,20360915,21360916.0,2287,70,D17,-0.0014477550712995383,-0.1432652735271538
1000,0,within_control_batch_shuffle,1,20360915,21360916.0,2287,70,D18,-0.0007768478989590265,-0.12432516936384674
1000,0,within_control_batch_shuffle,1,20360915,21360916.0,2287,70,D19,0.032211681252648255,-0.09557665605111443
1000,0,within_control_batch_shuffle,1,20360915,21360916.0,2287,70,D20,-0.05152124633540584,-0.16649696980916806
1000,0,within_control_batch_shuffle,1,20360915,21360916.0,2287,70,D21,-0.009372146022771298,-0.10976785765215746
1000,0,within_control_batch_shuffle,1,20360915,21360916.0,2287,70,D22,0.0547095011994576,-0.08295776940494881
1000,0,within_control_batch_shuffle,1,20360915,21360916.0,2287,70,D23,0.016270974778387796,-0.11711594722270235
1000,0,within_control_batch_shuffle,1,20360915,21360916.0,2287,70,D24,-0.032927672556247546,-0.16723170915745955
1000,0,within_control_batch_shuffle,1,20360915,21360916.0,2287,70,D25,0.004433537356095803,-0.09983559005957021
1000,0,within_control_batch_shuffle,1,20360915,21360916.0,2287,70,D26,-0.004840558990708236,-0.12799160077630134
1000,0,within_control_batch_shuffle,1,20360915,21360916.0,2287,70,D27,-0.03128658188129243,-0.1835569803110293
1000,0,within_control_batch_shuffle,1,20360915,21360916.0,2287,70,D28,-0.04232679722305768,-0.1470921239693872
1000,0,within_control_batch_shuffle,1,20360915,21360916.0,2287,70,D29,0.06260904367912398,-0.08157423731258184
1000,0,within_control_batch_shuffle,1,20360915,21360916.0,2287,70,D30,-0.0046598530462801015,-0.14458363954752285
1000,0,within_control_batch_shuffle,1,20360915,21360916.0,2287,70,D31,0.04437771228157147,-0.09239446882170044
1000,0,within_control_batch_shuffle,2,20360915,21360917.0,2287,70,D00,-0.011447973969478113,-0.12213214596997313
1000,0,within_control_batch_shuffle,2,20360915,21360917.0,2287,70,D01,0.014891103036126844,-0.09657865092470197
1000,0,within_control_batch_shuffle,2,20360915,21360917.0,2287,70,D02,-0.010088012952333247,-0.1526015352592689
1000,0,within_control_batch_shuffle,2,20360915,21360917.0,2287,70,D03,0.02899285628427389,-0.07570649144365982
1000,0,within_control_batch_shuffle,2,20360915,21360917.0,2287,70,D04,0.016871593412070427,-0.08046730881454778
1000,0,within_control_batch_shuffle,2,20360915,21360917.0,2287,70,D05,0.03114988248742386,-0.09230620363749575
1000,0,within_control_batch_shuffle,2,20360915,21360917.0,2287,70,D06,0.008863863749373415,-0.12449288028774341
1000,0,within_control_batch_shuffle,2,20360915,21360917.0,2287,70,D07,0.013207913630760404,-0.10757329552990913
1000,0,within_control_batch_shuffle,2,20360915,21360917.0,2287,70,D08,0.007170581656276154,-0.12784978507768074
1000,0,within_control_batch_shuffle,2,20360915,21360917.0,2287,70,D09,-0.017183957934972884,-0.11422577422393854
1000,0,within_control_batch_shuffle,2,20360915,21360917.0,2287,70,D10,-0.018687205299160507,-0.14116229545741232
1000,0,within_control_batch_shuffle,2,20360915,21360917.0,2287,70,D11,0.0451109233765258,-0.10454715926880498
1000,0,within_control_batch_shuffle,2,20360915,21360917.0,2287,70,D12,-0.06181532583907251,-0.15862829646930865
1000,0,within_control_batch_shuffle,2,20360915,21360917.0,2287,70,D13,0.010249790170707767,-0.1326254207397659
1000,0,within_control_batch_shuffle,2,20360915,21360917.0,2287,70,D14,0.011270120357842207,-0.09223943050472316
1000,0,within_control_batch_shuffle,2,20360915,21360917.0,2287,70,D15,0.029660710998615503,-0.11057436555071654
1000,0,within_control_batch_shuffle,2,20360915,21360917.0,2287,70,D16,-0.0020679329795935866,-0.13362679817086787
1000,0,within_control_batch_shuffle,2,20360915,21360917.0,2287,70,D17,-0.03539295577923062,-0.14734916515469365
1000,0,within_control_batch_shuffle,2,20360915,21360917.0,2287,70,D18,0.015461305280220557,-0.12710908547057542
1000,0,within_control_batch_shuffle,2,20360915,21360917.0,2287,70,D19,0.018486670737908162,-0.1016068120354996
1000,0,within_control_batch_shuffle,2,20360915,21360917.0,2287,70,D20,0.026621396094329522,-0.09706342285136893
1000,0,within_control_batch_shuffle,2,20360915,21360917.0,2287,70,D21,0.0638663138016354,-0.0618868786670046
1000,0,within_control_batch_shuffle,2,20360915,21360917.0,2287,70,D22,-0.025038132542013824,-0.16223297258072278
1000,0,within_control_batch_shuffle,2,20360915,21360917.0,2287,70,D23,0.08289495304503215,-0.07986210194641452
1000,0,within_control_batch_shuffle,2,20360915,21360917.0,2287,70,D24,-0.0010938091563096046,-0.15375022851532472
1000,0,within_control_batch_shuffle,2,20360915,21360917.0,2287,70,D25,0.04747824772511254,-0.08237593717114855
1000,0,within_control_batch_shuffle,2,20360915,21360917.0,2287,70,D26,-0.026411331752331332,-0.14878513703075424
1000,0,within_control_batch_shuffle,2,20360915,21360917.0,2287,70,D27,0.013811306409275562,-0.10607922879000187
1000,0,within_control_batch_shuffle,2,20360915,21360917.0,2287,70,D28,0.008779851156143475,-0.10408021865618733
1000,0,within_control_batch_shuffle,2,20360915,21360917.0,2287,70,D29,-0.014446048497621931,-0.11872556321161665
1000,0,within_control_batch_shuffle,2,20360915,21360917.0,2287,70,D30,0.028863073447390183,-0.16629331210025944
1000,0,within_control_batch_shuffle,2,20360915,21360917.0,2287,70,D31,0.00018772224722724955,-0.11116621787928227
1000,0,within_control_batch_shuffle,3,20360915,21360918.0,2287,70,D00,0.02139501850917103,-0.09389551133207852
1000,0,within_control_batch_shuffle,3,20360915,21360918.0,2287,70,D01,-0.01018166681237335,-0.1657102239235857
1000,0,within_control_batch_shuffle,3,20360915,21360918.0,2287,70,D02,-0.009988324179749977,-0.16412323441175536
1000,0,within_control_batch_shuffle,3,20360915,21360918.0,2287,70,D03,0.005498036300567671,-0.1040866177931512
1000,0,within_control_batch_shuffle,3,20360915,21360918.0,2287,70,D04,-0.016940344558383856,-0.1084913101284477
1000,0,within_control_batch_shuffle,3,20360915,21360918.0,2287,70,D05,-0.010941725930542967,-0.12252809196024184
1000,0,within_control_batch_shuffle,3,20360915,21360918.0,2287,70,D06,0.04781908178807943,-0.09658876073810041
1000,0,within_control_batch_shuffle,3,20360915,21360918.0,2287,70,D07,-0.009798413490922109,-0.10336157890978215
1000,0,within_control_batch_shuffle,3,20360915,21360918.0,2287,70,D08,0.028794813249459282,-0.08782836753965051
1000,0,within_control_batch_shuffle,3,20360915,21360918.0,2287,70,D09,0.006951811090198235,-0.0956621192525291
1000,0,within_control_batch_shuffle,3,20360915,21360918.0,2287,70,D10,0.03372855210273762,-0.09411421457526536
1000,0,within_control_batch_shuffle,3,20360915,21360918.0,2287,70,D11,-0.02814930921213538,-0.1435954875472818
1000,0,within_control_batch_shuffle,3,20360915,21360918.0,2287,70,D12,0.008595528108679872,-0.13075369713512575
1000,0,within_control_batch_shuffle,3,20360915,21360918.0,2287,70,D13,-0.0222744220215617,-0.14079017679001193
1000,0,within_control_batch_shuffle,3,20360915,21360918.0,2287,70,D14,0.02574927693507624,-0.08330774971933286
1000,0,within_control_batch_shuffle,3,20360915,21360918.0,2287,70,D15,-0.017130391539510282,-0.14967043089036425
1000,0,within_control_batch_shuffle,3,20360915,21360918.0,2287,70,D16,-0.028402907570623734,-0.18056700865433717
1000,0,within_control_batch_shuffle,3,20360915,21360918.0,2287,70,D17,-0.016807393801881544,-0.12439874984271992
1000,0,within_control_batch_shuffle,3,20360915,21360918.0,2287,70,D18,-0.03776692810679715,-0.16236383643236985
1000,0,within_control_batch_shuffle,3,20360915,21360918.0,2287,70,D19,0.013512707454770007,-0.09109819266628394
1000,0,within_control_batch_shuffle,3,20360915,21360918.0,2287,70,D20,0.01378670340277582,-0.13198873241912756
1000,0,within_control_batch_shuffle,3,20360915,21360918.0,2287,70,D21,-0.007847414223654566,-0.1113059393297331
1000,0,within_control_batch_shuffle,3,20360915,21360918.0,2287,70,D22,0.026315962505187935,-0.12066715566338582
1000,0,within_control_batch_shuffle,3,20360915,21360918.0,2287,70,D23,-0.002260589105538007,-0.14672106645518657
1000,0,within_control_batch_shuffle,3,20360915,21360918.0,2287,70,D24,-0.057385792527591545,-0.1755662366590034
1000,0,within_control_batch_shuffle,3,20360915,21360918.0,2287,70,D25,0.013540202020074325,-0.1247955955601121
1000,0,within_control_batch_shuffle,3,20360915,21360918.0,2287,70,D26,0.013133545930365451,-0.15019892354355924
1000,0,within_control_batch_shuffle,3,20360915,21360918.0,2287,70,D27,0.03168905460138038,-0.11031121943558109
1000,0,within_control_batch_shuffle,3,20360915,21360918.0,2287,70,D28,-0.01871280588580743,-0.12093483024010077
1000,0,within_control_batch_shuffle,3,20360915,21360918.0,2287,70,D29,0.0003991510363818801,-0.12428514008174041
1000,0,within_control_batch_shuffle,3,20360915,21360918.0,2287,70,D30,0.07095258785525979,-0.10765086226242593
1000,0,within_control_batch_shuffle,3,20360915,21360918.0,2287,70,D31,-0.03833918692558035,-0.11127624393959623
1000,0,within_control_batch_shuffle,4,20360915,21360919.0,2287,70,D00,0.0015345219949506254,-0.1271198616215301
1000,0,within_control_batch_shuffle,4,20360915,21360919.0,2287,70,D01,-0.019438678492939985,-0.16815368493052008
1000,0,within_control_batch_shuffle,4,20360915,21360919.0,2287,70,D02,-0.02988121095928938,-0.15816754028416513
1000,0,within_control_batch_shuffle,4,20360915,21360919.0,2287,70,D03,-0.043367443387530645,-0.15416272310441248
1000,0,within_control_batch_shuffle,4,20360915,21360919.0,2287,70,D04,0.02342371447128456,-0.0975909374582522
1000,0,within_control_batch_shuffle,4,20360915,21360919.0,2287,70,D05,-0.016976661824795587,-0.12262722659212466
1000,0,within_control_batch_shuffle,4,20360915,21360919.0,2287,70,D06,-0.014723162736418922,-0.14149645991272752
1000,0,within_control_batch_shuffle,4,20360915,21360919.0,2287,70,D07,0.008464677538110577,-0.09795883951279372
1000,0,within_control_batch_shuffle,4,20360915,21360919.0,2287,70,D08,-0.01683158467152423,-0.1571877925541092
1000,0,within_control_batch_shuffle,4,20360915,21360919.0,2287,70,D09,0.015267044099595577,-0.10901311729134444
1000,0,within_control_batch_shuffle,4,20360915,21360919.0,2287,70,D10,-0.01156833237300712,-0.12735183543779738
1000,0,within_control_batch_shuffle,4,20360915,21360919.0,2287,70,D11,-0.007236800820151488,-0.12806955959143385
1000,0,within_control_batch_shuffle,4,20360915,21360919.0,2287,70,D12,0.05191650791505927,-0.07164692833243458
1000,0,within_control_batch_shuffle,4,20360915,21360919.0,2287,70,D13,-0.01688271531353629,-0.173773723789433
1000,0,within_control_batch_shuffle,4,20360915,21360919.0,2287,70,D14,-0.01569075671110234,-0.10789353329247375
1000,0,within_control_batch_shuffle,4,20360915,21360919.0,2287,70,D15,-0.04401075044275213,-0.15035308852650986
1000,0,within_control_batch_shuffle,4,20360915,21360919.0,2287,70,D16,0.035635837453511794,-0.08205778718450008
1000,0,within_control_batch_shuffle,4,20360915,21360919.0,2287,70,D17,-0.017709714750056282,-0.11770277563351494
1000,0,within_control_batch_shuffle,4,20360915,21360919.0,2287,70,D18,0.02392038745921246,-0.12051608715377116
1000,0,within_control_batch_shuffle,4,20360915,21360919.0,2287,70,D19,-0.014206795217359226,-0.1100020769291723
1000,0,within_control_batch_shuffle,4,20360915,21360919.0,2287,70,D20,0.012118693046921604,-0.12002249869694159
1000,0,within_control_batch_shuffle,4,20360915,21360919.0,2287,70,D21,0.04979196106220477,-0.06932853808069162
1000,0,within_control_batch_shuffle,4,20360915,21360919.0,2287,70,D22,0.04721591166381844,-0.11608014646903042
1000,0,within_control_batch_shuffle,4,20360915,21360919.0,2287,70,D23,-0.03158332739013884,-0.135323029341204
1000,0,within_control_batch_shuffle,4,20360915,21360919.0,2287,70,D24,-0.025682879569625932,-0.1419134539335145
1000,0,within_control_batch_shuffle,4,20360915,21360919.0,2287,70,D25,0.008911086384195714,-0.1259688375595569
1000,0,within_control_batch_shuffle,4,20360915,21360919.0,2287,70,D26,-0.03031271847136868,-0.13759601003529331
1000,0,within_control_batch_shuffle,4,20360915,21360919.0,2287,70,D27,0.03977257031064016,-0.08358206153535552
1000,0,within_control_batch_shuffle,4,20360915,21360919.0,2287,70,D28,-0.032794705535433746,-0.14141926544731898
1000,0,within_control_batch_shuffle,4,20360915,21360919.0,2287,70,D29,0.0195605641939669,-0.12805311724715196
1000,0,within_control_batch_shuffle,4,20360915,21360919.0,2287,70,D30,-0.006776015696605496,-0.1406916706016459
1000,0,within_control_batch_shuffle,4,20360915,21360919.0,2287,70,D31,-0.02281915740316589,-0.14708559818083589
1000,1,exact_pair,-1,20360916,,2287,70,D00,0.07222611697262439,-0.07497810080358525
1000,1,exact_pair,-1,20360916,,2287,70,D01,0.05336705587629051,-0.09497741925411929
1000,1,exact_pair,-1,20360916,,2287,70,D02,0.09034230429858764,-0.1152069631024919
1000,1,exact_pair,-1,20360916,,2287,70,D03,0.06616102568595501,-0.08382387786534173
1000,1,exact_pair,-1,20360916,,2287,70,D04,0.03435156457713382,-0.08289145646100526
1000,1,exact_pair,-1,20360916,,2287,70,D05,0.24889148828725652,0.021078473065595515
1000,1,exact_pair,-1,20360916,,2287,70,D06,0.045267762702906555,-0.09920515084251713
1000,1,exact_pair,-1,20360916,,2287,70,D07,0.06238381806532033,-0.09850900101347415
1000,1,exact_pair,-1,20360916,,2287,70,D08,0.07704437839416839,-0.08044179171016674
1000,1,exact_pair,-1,20360916,,2287,70,D09,0.08501446401400851,-0.06781977956708185
1000,1,exact_pair,-1,20360916,,2287,70,D10,0.021305842521765542,-0.13790916080607918
1000,1,exact_pair,-1,20360916,,2287,70,D11,0.07123653196811251,-0.0963901599319732
1000,1,exact_pair,-1,20360916,,2287,70,D12,0.06445521835747298,-0.07109652765938912
1000,1,exact_pair,-1,20360916,,2287,70,D13,0.10596214419621086,-0.0520980856000961
1000,1,exact_pair,-1,20360916,,2287,70,D14,0.07273114382585451,-0.07960748913779425
1000,1,exact_pair,-1,20360916,,2287,70,D15,0.027855104073933743,-0.1171799585793154
1000,1,exact_pair,-1,20360916,,2287,70,D16,-0.006324416625560366,-0.17319737472291452
1000,1,exact_pair,-1,20360916,,2287,70,D17,0.058067953648977044,-0.07628305373069444
1000,1,exact_pair,-1,20360916,,2287,70,D18,0.07981681687016116,-0.11213743792420305
1000,1,exact_pair,-1,20360916,,2287,70,D19,0.055792088450998444,-0.09588572652815341
1000,1,exact_pair,-1,20360916,,2287,70,D20,0.07046755846988591,-0.080539188497039
1000,1,exact_pair,-1,20360916,,2287,70,D21,0.22512699378486006,0.010002519617269168
1000,1,exact_pair,-1,20360916,,2287,70,D22,0.10756406041897557,-0.0916590330439091
1000,1,exact_pair,-1,20360916,,2287,70,D23,0.10944851777931935,-0.09058851791929534
1000,1,exact_pair,-1,20360916,,2287,70,D24,0.1094897277996216,-0.1176360612597116
1000,1,exact_pair,-1,20360916,,2287,70,D25,0.23570673074710397,0.02453798027486831
1000,1,exact_pair,-1,20360916,,2287,70,D26,0.0511504259118084,-0.13100525957601894
1000,1,exact_pair,-1,20360916,,2287,70,D27,0.03256361130464295,-0.10881246945559053
1000,1,exact_pair,-1,20360916,,2287,70,D28,0.06502575788178146,-0.08327884980706157
1000,1,exact_pair,-1,20360916,,2287,70,D29,0.08813870834701559,-0.06371878481101279
1000,1,exact_pair,-1,20360916,,2287,70,D30,0.13327589823768798,-0.07069769478345878
1000,1,exact_pair,-1,20360916,,2287,70,D31,0.12200232020841328,-0.08982741591172916
1000,1,within_control_batch_shuffle,0,20360916,21360916.0,2287,70,D00,-0.024621536690386768,-0.13027740994388015
1000,1,within_control_batch_shuffle,0,20360916,21360916.0,2287,70,D01,0.0174085218731548,-0.11157869706051793
1000,1,within_control_batch_shuffle,0,20360916,21360916.0,2287,70,D02,0.012623284502440591,-0.10326175863024445
1000,1,within_control_batch_shuffle,0,20360916,21360916.0,2287,70,D03,-0.029310329372982998,-0.12504841137729428
1000,1,within_control_batch_shuffle,0,20360916,21360916.0,2287,70,D04,0.05045239760789461,-0.11432658785029615
1000,1,within_control_batch_shuffle,0,20360916,21360916.0,2287,70,D05,0.08507506024559136,-0.0658893885812255
1000,1,within_control_batch_shuffle,0,20360916,21360916.0,2287,70,D06,0.033433998496520796,-0.11250742641440481
1000,1,within_control_batch_shuffle,0,20360916,21360916.0,2287,70,D07,0.03532513144230062,-0.08374350767312566
1000,1,within_control_batch_shuffle,0,20360916,21360916.0,2287,70,D08,-0.03974699188743045,-0.15314348494491226
1000,1,within_control_batch_shuffle,0,20360916,21360916.0,2287,70,D09,0.03864573286325053,-0.08985886444379543
1000,1,within_control_batch_shuffle,0,20360916,21360916.0,2287,70,D10,-0.0636860372365323,-0.139257102091781
1000,1,within_control_batch_shuffle,0,20360916,21360916.0,2287,70,D11,0.025726517165472994,-0.10719200099617954
1000,1,within_control_batch_shuffle,0,20360916,21360916.0,2287,70,D12,0.00639753569214703,-0.10170175408972226
1000,1,within_control_batch_shuffle,0,20360916,21360916.0,2287,70,D13,0.009686292191734896,-0.10980120110338287
1000,1,within_control_batch_shuffle,0,20360916,21360916.0,2287,70,D14,-0.0038775465458066967,-0.13677209443420235
1000,1,within_control_batch_shuffle,0,20360916,21360916.0,2287,70,D15,0.011517088880509205,-0.11980316916502787
1000,1,within_control_batch_shuffle,0,20360916,21360916.0,2287,70,D16,-0.01931210275046429,-0.14575495880846145
1000,1,within_control_batch_shuffle,0,20360916,21360916.0,2287,70,D17,0.0015785709418690182,-0.10209728921931016
1000,1,within_control_batch_shuffle,0,20360916,21360916.0,2287,70,D18,-0.03656777456219744,-0.14658196283859692
1000,1,within_control_batch_shuffle,0,20360916,21360916.0,2287,70,D19,-0.015490883533091833,-0.1459471600326412
1000,1,within_control_batch_shuffle,0,20360916,21360916.0,2287,70,D20,-0.0011898194723214501,-0.13605920688165685
1000,1,within_control_batch_shuffle,0,20360916,21360916.0,2287,70,D21,-0.03636554836135211,-0.1335112940234846
1000,1,within_control_batch_shuffle,0,20360916,21360916.0,2287,70,D22,0.00435922562619841,-0.1324884230470318
1000,1,within_control_batch_shuffle,0,20360916,21360916.0,2287,70,D23,0.07685001906822982,-0.0556914101068231
1000,1,within_control_batch_shuffle,0,20360916,21360916.0,2287,70,D24,-0.06743076811301535,-0.20283683087799376
1000,1,within_control_batch_shuffle,0,20360916,21360916.0,2287,70,D25,0.021463581562607442,-0.10897040710772243
1000,1,within_control_batch_shuffle,0,20360916,21360916.0,2287,70,D26,0.019283072473051964,-0.09864306724232663
1000,1,within_control_batch_shuffle,0,20360916,21360916.0,2287,70,D27,-0.05131826532220061,-0.12592555836415764
1000,1,within_control_batch_shuffle,0,20360916,21360916.0,2287,70,D28,0.04501808221461289,-0.08517702385412651
1000,1,within_control_batch_shuffle,0,20360916,21360916.0,2287,70,D29,-0.0395509954837968,-0.15127744374650942
1000,1,within_control_batch_shuffle,0,20360916,21360916.0,2287,70,D30,0.04506685358500732,-0.10768362800797626
1000,1,within_control_batch_shuffle,0,20360916,21360916.0,2287,70,D31,-0.028608161612269995,-0.13384094492176124
1000,1,within_control_batch_shuffle,1,20360916,21360917.0,2287,70,D00,0.010753569269205595,-0.13980342165876491
1000,1,within_control_batch_shuffle,1,20360916,21360917.0,2287,70,D01,-0.03543675100698454,-0.17464376464016396
1000,1,within_control_batch_shuffle,1,20360916,21360917.0,2287,70,D02,0.00926368041611422,-0.11619132930107945
1000,1,within_control_batch_shuffle,1,20360916,21360917.0,2287,70,D03,-0.01584052988603106,-0.15421065805691758
1000,1,within_control_batch_shuffle,1,20360916,21360917.0,2287,70,D04,0.03018522368179215,-0.09384564023725117
1000,1,within_control_batch_shuffle,1,20360916,21360917.0,2287,70,D05,-0.01663559114435742,-0.14352579860187653
1000,1,within_control_batch_shuffle,1,20360916,21360917.0,2287,70,D06,-0.00511094641193359,-0.11597730218925917
1000,1,within_control_batch_shuffle,1,20360916,21360917.0,2287,70,D07,0.00778621905204349,-0.10548238872757754
1000,1,within_control_batch_shuffle,1,20360916,21360917.0,2287,70,D08,0.048837262915052006,-0.08440561679680147
1000,1,within_control_batch_shuffle,1,20360916,21360917.0,2287,70,D09,0.010961459245866502,-0.11902685779366862
1000,1,within_control_batch_shuffle,1,20360916,21360917.0,2287,70,D10,-0.0015165888498168468,-0.12174680563809703
1000,1,within_control_batch_shuffle,1,20360916,21360917.0,2287,70,D11,-0.017164377895279012,-0.16362458106296085
1000,1,within_control_batch_shuffle,1,20360916,21360917.0,2287,70,D12,-0.024228166536603438,-0.10716543543656676
1000,1,within_control_batch_shuffle,1,20360916,21360917.0,2287,70,D13,0.020261062863473664,-0.10024858396888492
1000,1,within_control_batch_shuffle,1,20360916,21360917.0,2287,70,D14,0.013323385087623598,-0.13787787651464734
1000,1,within_control_batch_shuffle,1,20360916,21360917.0,2287,70,D15,-0.002376617442567866,-0.13302699527422357
1000,1,within_control_batch_shuffle,1,20360916,21360917.0,2287,70,D16,0.021492308286816437,-0.11027540106249778
1000,1,within_control_batch_shuffle,1,20360916,21360917.0,2287,70,D17,-0.03693472574703025,-0.16628432530632709
1000,1,within_control_batch_shuffle,1,20360916,21360917.0,2287,70,D18,0.046761915694578556,-0.10634541030107192
1000,1,within_control_batch_shuffle,1,20360916,21360917.0,2287,70,D19,-0.02857512487064071,-0.13096102140884236
1000,1,within_control_batch_shuffle,1,20360916,21360917.0,2287,70,D20,-0.03435402419314975,-0.17663808948503812
1000,1,within_control_batch_shuffle,1,20360916,21360917.0,2287,70,D21,0.012863111208665684,-0.08113219119340243
1000,1,within_control_batch_shuffle,1,20360916,21360917.0,2287,70,D22,0.006775155001025792,-0.10598652612937398
1000,1,within_control_batch_shuffle,1,20360916,21360917.0,2287,70,D23,0.012452769212566389,-0.12478537707654414
1000,1,within_control_batch_shuffle,1,20360916,21360917.0,2287,70,D24,-0.003548184500994009,-0.13619140475246927
1000,1,within_control_batch_shuffle,1,20360916,21360917.0,2287,70,D25,0.004594614033081509,-0.10694029648703096
1000,1,within_control_batch_shuffle,1,20360916,21360917.0,2287,70,D26,0.04843055587544731,-0.07667353520917297
1000,1,within_control_batch_shuffle,1,20360916,21360917.0,2287,70,D27,0.05858095246415239,-0.08664813945507932
1000,1,within_control_batch_shuffle,1,20360916,21360917.0,2287,70,D28,-0.005445297179430367,-0.14160545682951753
1000,1,within_control_batch_shuffle,1,20360916,21360917.0,2287,70,D29,0.03399151647267337,-0.0919429478959477
1000,1,within_control_batch_shuffle,1,20360916,21360917.0,2287,70,D30,-0.0522659188080796,-0.1658803243191671
1000,1,within_control_batch_shuffle,1,20360916,21360917.0,2287,70,D31,0.004543323644948692,-0.14465949405193723
1000,1,within_control_batch_shuffle,2,20360916,21360918.0,2287,70,D00,0.04049022704164642,-0.09270795623120542
1000,1,within_control_batch_shuffle,2,20360916,21360918.0,2287,70,D01,0.04751769047963935,-0.09511199226550837
1000,1,within_control_batch_shuffle,2,20360916,21360918.0,2287,70,D02,0.05420013340920763,-0.0843302493347442
1000,1,within_control_batch_shuffle,2,20360916,21360918.0,2287,70,D03,-0.03259558400405976,-0.136873594181532
1000,1,within_control_batch_shuffle,2,20360916,21360918.0,2287,70,D04,-0.028913397665115324,-0.15929263321707765
1000,1,within_control_batch_shuffle,2,20360916,21360918.0,2287,70,D05,-0.015322533075204892,-0.12699702256363832
1000,1,within_control_batch_shuffle,2,20360916,21360918.0,2287,70,D06,-0.004964909325100491,-0.12437015437317678
1000,1,within_control_batch_shuffle,2,20360916,21360918.0,2287,70,D07,0.030286121767077474,-0.13458319085231385
1000,1,within_control_batch_shuffle,2,20360916,21360918.0,2287,70,D08,-0.015361201416644462,-0.13110747408238788
1000,1,within_control_batch_shuffle,2,20360916,21360918.0,2287,70,D09,-0.027206778117932626,-0.15976034617786938
1000,1,within_control_batch_shuffle,2,20360916,21360918.0,2287,70,D10,-0.07551349463790494,-0.18875082756514594
1000,1,within_control_batch_shuffle,2,20360916,21360918.0,2287,70,D11,-0.0008176002395712823,-0.1234392565472342
1000,1,within_control_batch_shuffle,2,20360916,21360918.0,2287,70,D12,0.03413633545320072,-0.059756733480401225
1000,1,within_control_batch_shuffle,2,20360916,21360918.0,2287,70,D13,0.05316178991007546,-0.07150420813051528
1000,1,within_control_batch_shuffle,2,20360916,21360918.0,2287,70,D14,-0.025057550466463612,-0.15387579124676676
1000,1,within_control_batch_shuffle,2,20360916,21360918.0,2287,70,D15,0.025886068013961552,-0.09607172650302198
1000,1,within_control_batch_shuffle,2,20360916,21360918.0,2287,70,D16,0.013898865339116221,-0.11521534915359943
1000,1,within_control_batch_shuffle,2,20360916,21360918.0,2287,70,D17,0.016780484268112312,-0.08386028910052667
1000,1,within_control_batch_shuffle,2,20360916,21360918.0,2287,70,D18,-0.008094347676664879,-0.15768868506427247
1000,1,within_control_batch_shuffle,2,20360916,21360918.0,2287,70,D19,0.02339522173969718,-0.1324407973217525
1000,1,within_control_batch_shuffle,2,20360916,21360918.0,2287,70,D20,-0.07826353656323473,-0.16514872662923508
1000,1,within_control_batch_shuffle,2,20360916,21360918.0,2287,70,D21,0.006945018581712737,-0.11292326023919608
1000,1,within_control_batch_shuffle,2,20360916,21360918.0,2287,70,D22,0.024698040602845573,-0.1383318231938766
1000,1,within_control_batch_shuffle,2,20360916,21360918.0,2287,70,D23,0.02042864753179791,-0.0959077165114206
1000,1,within_control_batch_shuffle,2,20360916,21360918.0,2287,70,D24,-0.031025406573090736,-0.16929877497114942
1000,1,within_control_batch_shuffle,2,20360916,21360918.0,2287,70,D25,0.010150391642104094,-0.08911833435691752
1000,1,within_control_batch_shuffle,2,20360916,21360918.0,2287,70,D26,-0.027943903149534852,-0.1317947659687868
1000,1,within_control_batch_shuffle,2,20360916,21360918.0,2287,70,D27,-0.00491262844986555,-0.10904081530506526
1000,1,within_control_batch_shuffle,2,20360916,21360918.0,2287,70,D28,-0.01707771924764914,-0.13958770659315323
1000,1,within_control_batch_shuffle,2,20360916,21360918.0,2287,70,D29,0.0007284295627127889,-0.13332382211986915
1000,1,within_control_batch_shuffle,2,20360916,21360918.0,2287,70,D30,-0.029242061962007664,-0.16249178176768808
1000,1,within_control_batch_shuffle,2,20360916,21360918.0,2287,70,D31,0.02694402968411373,-0.10327763567336823
1000,1,within_control_batch_shuffle,3,20360916,21360919.0,2287,70,D00,0.05481684631051052,-0.08325350192326453
1000,1,within_control_batch_shuffle,3,20360916,21360919.0,2287,70,D01,-0.030145590806243253,-0.17739458897056193
1000,1,within_control_batch_shuffle,3,20360916,21360919.0,2287,70,D02,0.012121141241129153,-0.11876762215809467
1000,1,within_control_batch_shuffle,3,20360916,21360919.0,2287,70,D03,0.016996530406916736,-0.09404745659109737
1000,1,within_control_batch_shuffle,3,20360916,21360919.0,2287,70,D04,-0.039486963610306916,-0.1510610113434978
1000,1,within_control_batch_shuffle,3,20360916,21360919.0,2287,70,D05,-0.013874058919378061,-0.12815866711449342
1000,1,within_control_batch_shuffle,3,20360916,21360919.0,2287,70,D06,-0.0142181189204716,-0.1068033340378638
1000,1,within_control_batch_shuffle,3,20360916,21360919.0,2287,70,D07,-0.05255103926811636,-0.1569712440002391
1000,1,within_control_batch_shuffle,3,20360916,21360919.0,2287,70,D08,0.011228344444016878,-0.10257080202799052
1000,1,within_control_batch_shuffle,3,20360916,21360919.0,2287,70,D09,0.024383834665971996,-0.10072663543223559
1000,1,within_control_batch_shuffle,3,20360916,21360919.0,2287,70,D10,0.031050838421679734,-0.09522832893552935
1000,1,within_control_batch_shuffle,3,20360916,21360919.0,2287,70,D11,0.015342945023358751,-0.09941160538628124
1000,1,within_control_batch_shuffle,3,20360916,21360919.0,2287,70,D12,-0.00395275746443082,-0.11221440050295706
1000,1,within_control_batch_shuffle,3,20360916,21360919.0,2287,70,D13,0.0016163656421227213,-0.11539080189770634
1000,1,within_control_batch_shuffle,3,20360916,21360919.0,2287,70,D14,-0.02789149305600705,-0.18087107945617187
1000,1,within_control_batch_shuffle,3,20360916,21360919.0,2287,70,D15,0.0037175709061898167,-0.11221136594008208
1000,1,within_control_batch_shuffle,3,20360916,21360919.0,2287,70,D16,-0.04492213198550029,-0.13634934324726888
1000,1,within_control_batch_shuffle,3,20360916,21360919.0,2287,70,D17,-0.01898462653733882,-0.1359237891510734
1000,1,within_control_batch_shuffle,3,20360916,21360919.0,2287,70,D18,0.008893443926232278,-0.12087506949594795
1000,1,within_control_batch_shuffle,3,20360916,21360919.0,2287,70,D19,0.038391291792086724,-0.09538863768138484
1000,1,within_control_batch_shuffle,3,20360916,21360919.0,2287,70,D20,0.008265237250605724,-0.13546549384780637
1000,1,within_control_batch_shuffle,3,20360916,21360919.0,2287,70,D21,-0.04600971922875269,-0.15802143496703658
1000,1,within_control_batch_shuffle,3,20360916,21360919.0,2287,70,D22,0.02319755272935013,-0.12841602251802398
1000,1,within_control_batch_shuffle,3,20360916,21360919.0,2287,70,D23,-0.06986547698750777,-0.18105865118543818
1000,1,within_control_batch_shuffle,3,20360916,21360919.0,2287,70,D24,0.043496519477443873,-0.0794586308621843
1000,1,within_control_batch_shuffle,3,20360916,21360919.0,2287,70,D25,-0.010941496418649657,-0.09343507264988538
1000,1,within_control_batch_shuffle,3,20360916,21360919.0,2287,70,D26,-0.015338040594028724,-0.14297355071463613
1000,1,within_control_batch_shuffle,3,20360916,21360919.0,2287,70,D27,0.05623945772825937,-0.08359853383540905
1000,1,within_control_batch_shuffle,3,20360916,21360919.0,2287,70,D28,-0.042467715375837156,-0.17546230077917047
1000,1,within_control_batch_shuffle,3,20360916,21360919.0,2287,70,D29,0.01790609967422513,-0.11515671436306674
1000,1,within_control_batch_shuffle,3,20360916,21360919.0,2287,70,D30,-0.020875208830166983,-0.13816752633014273
1000,1,within_control_batch_shuffle,3,20360916,21360919.0,2287,70,D31,0.022724026098176673,-0.11022135015277335
1000,1,within_control_batch_shuffle,4,20360916,21360920.0,2287,70,D00,-0.007285615888288538,-0.13350616513511393
1000,1,within_control_batch_shuffle,4,20360916,21360920.0,2287,70,D01,0.016029823265620413,-0.11667611110589027
1000,1,within_control_batch_shuffle,4,20360916,21360920.0,2287,70,D02,-0.003071363028562973,-0.13528627299704343
1000,1,within_control_batch_shuffle,4,20360916,21360920.0,2287,70,D03,0.025023961902990603,-0.09759942086771423
1000,1,within_control_batch_shuffle,4,20360916,21360920.0,2287,70,D04,-0.019871141152141177,-0.11594176186136251
1000,1,within_control_batch_shuffle,4,20360916,21360920.0,2287,70,D05,0.08341344545666474,-0.08109147372360681
1000,1,within_control_batch_shuffle,4,20360916,21360920.0,2287,70,D06,-0.0017957829862413751,-0.1231138822495621
1000,1,within_control_batch_shuffle,4,20360916,21360920.0,2287,70,D07,0.028137627001775238,-0.11294617802394913
1000,1,within_control_batch_shuffle,4,20360916,21360920.0,2287,70,D08,0.019363324380954394,-0.10971395876273271
1000,1,within_control_batch_shuffle,4,20360916,21360920.0,2287,70,D09,-0.047993264905696484,-0.1416145866488212
1000,1,within_control_batch_shuffle,4,20360916,21360920.0,2287,70,D10,-0.03255531237587914,-0.13325325573773572
1000,1,within_control_batch_shuffle,4,20360916,21360920.0,2287,70,D11,0.0030690268109446577,-0.13869073319976088
1000,1,within_control_batch_shuffle,4,20360916,21360920.0,2287,70,D12,-0.029491293575556212,-0.11220068158875818
1000,1,within_control_batch_shuffle,4,20360916,21360920.0,2287,70,D13,-0.04036068936079465,-0.15972919334159164
1000,1,within_control_batch_shuffle,4,20360916,21360920.0,2287,70,D14,0.049467528082737605,-0.07583216587631236
1000,1,within_control_batch_shuffle,4,20360916,21360920.0,2287,70,D15,0.03863025089054608,-0.11116378382904091
1000,1,within_control_batch_shuffle,4,20360916,21360920.0,2287,70,D16,-0.004938482880946595,-0.1319235501982461
1000,1,within_control_batch_shuffle,4,20360916,21360920.0,2287,70,D17,0.03595776628772706,-0.09050237169810482
1000,1,within_control_batch_shuffle,4,20360916,21360920.0,2287,70,D18,-0.0008210123166884422,-0.10615184254103016
1000,1,within_control_batch_shuffle,4,20360916,21360920.0,2287,70,D19,-0.029817841857260392,-0.12105723111254374
1000,1,within_control_batch_shuffle,4,20360916,21360920.0,2287,70,D20,0.007988344442497488,-0.13814972182598684
1000,1,within_control_batch_shuffle,4,20360916,21360920.0,2287,70,D21,0.08811512041488641,-0.04909679068261408
1000,1,within_control_batch_shuffle,4,20360916,21360920.0,2287,70,D22,0.012925206419220812,-0.11868921639732322
1000,1,within_control_batch_shuffle,4,20360916,21360920.0,2287,70,D23,0.005948657688018033,-0.11725737965714678
1000,1,within_control_batch_shuffle,4,20360916,21360920.0,2287,70,D24,-0.08331368022596053,-0.2123412667295943
1000,1,within_control_batch_shuffle,4,20360916,21360920.0,2287,70,D25,0.026362877520343053,-0.09600574858727984
1000,1,within_control_batch_shuffle,4,20360916,21360920.0,2287,70,D26,-0.027239938640177805,-0.12113061216215448
1000,1,within_control_batch_shuffle,4,20360916,21360920.0,2287,70,D27,-0.019393576335987824,-0.12271191629148426
1000,1,within_control_batch_shuffle,4,20360916,21360920.0,2287,70,D28,0.01348128317541944,-0.10629429983777938
1000,1,within_control_batch_shuffle,4,20360916,21360920.0,2287,70,D29,-0.046603804944016336,-0.1559444039960396
1000,1,within_control_batch_shuffle,4,20360916,21360920.0,2287,70,D30,0.023792195252109682,-0.10052456252398656
1000,1,within_control_batch_shuffle,4,20360916,21360920.0,2287,70,D31,-0.018833051446537744,-0.1387674217056598
1000,2,exact_pair,-1,20360917,,2287,70,D00,0.03190502083511414,-0.12234277151430417
1000,2,exact_pair,-1,20360917,,2287,70,D01,-0.005594092959365938,-0.11606261983590183
1000,2,exact_pair,-1,20360917,,2287,70,D02,0.019766150798010525,-0.12155567462943817
1000,2,exact_pair,-1,20360917,,2287,70,D03,0.07391738291184526,-0.0801915079331812
1000,2,exact_pair,-1,20360917,,2287,70,D04,0.02581845829687758,-0.118609353526264
1000,2,exact_pair,-1,20360917,,2287,70,D05,0.27618054681917403,0.025513017400137228
1000,2,exact_pair,-1,20360917,,2287,70,D06,0.08508106306267324,-0.06522662499957566
1000,2,exact_pair,-1,20360917,,2287,70,D07,0.0738884636548237,-0.11461183082449633
1000,2,exact_pair,-1,20360917,,2287,70,D08,0.059203259699522476,-0.09986498258345877
1000,2,exact_pair,-1,20360917,,2287,70,D09,-0.013757937864969622,-0.16585856113630015
1000,2,exact_pair,-1,20360917,,2287,70,D10,0.07493716848109346,-0.08128235297800201
1000,2,exact_pair,-1,20360917,,2287,70,D11,0.044790279796376675,-0.09947347347337443
1000,2,exact_pair,-1,20360917,,2287,70,D12,0.011086784139054893,-0.08889406232958352
1000,2,exact_pair,-1,20360917,,2287,70,D13,0.07220858686684595,-0.09230972555131678
1000,2,exact_pair,-1,20360917,,2287,70,D14,0.016521076987077978,-0.10528071704391873
1000,2,exact_pair,-1,20360917,,2287,70,D15,0.057645932789019465,-0.0897785939722977
1000,2,exact_pair,-1,20360917,,2287,70,D16,0.02240527278356478,-0.14150444567495302
1000,2,exact_pair,-1,20360917,,2287,70,D17,0.04380444544554174,-0.07099136519528315
1000,2,exact_pair,-1,20360917,,2287,70,D18,0.09130151532012558,-0.1318195612599442
1000,2,exact_pair,-1,20360917,,2287,70,D19,0.07703064734778624,-0.05567871113523548
1000,2,exact_pair,-1,20360917,,2287,70,D20,0.04170979092058857,-0.1007778532544732
1000,2,exact_pair,-1,20360917,,2287,70,D21,0.1684274789046993,-0.012563335539741871
1000,2,exact_pair,-1,20360917,,2287,70,D22,0.1423493711128385,-0.05658103179446927
1000,2,exact_pair,-1,20360917,,2287,70,D23,0.13419871888572454,-0.045733723875681864
1000,2,exact_pair,-1,20360917,,2287,70,D24,0.1434284902401019,-0.055920442212157306
1000,2,exact_pair,-1,20360917,,2287,70,D25,0.16990711968319644,-0.04105483679561983
1000,2,exact_pair,-1,20360917,,2287,70,D26,0.039793748938451785,-0.10599475716265672
1000,2,exact_pair,-1,20360917,,2287,70,D27,0.006632374930814967,-0.08708605617870235
1000,2,exact_pair,-1,20360917,,2287,70,D28,-0.02543913851895062,-0.1450853509197112
1000,2,exact_pair,-1,20360917,,2287,70,D29,0.08848002490532558,-0.09346623895894401
1000,2,exact_pair,-1,20360917,,2287,70,D30,0.13506474017215103,-0.03726287166141318
1000,2,exact_pair,-1,20360917,,2287,70,D31,0.09641298761722031,-0.06930683331450216
1000,2,within_control_batch_shuffle,0,20360917,21360917.0,2287,70,D00,-0.037746331919615864,-0.1613163173798502
1000,2,within_control_batch_shuffle,0,20360917,21360917.0,2287,70,D01,0.00800900137564021,-0.14212440317534036
1000,2,within_control_batch_shuffle,0,20360917,21360917.0,2287,70,D02,-0.04995055134350307,-0.1860336408855352
1000,2,within_control_batch_shuffle,0,20360917,21360917.0,2287,70,D03,-0.022676586604197174,-0.1397332947400931
1000,2,within_control_batch_shuffle,0,20360917,21360917.0,2287,70,D04,-0.01166718984839902,-0.14485905310133074
1000,2,within_control_batch_shuffle,0,20360917,21360917.0,2287,70,D05,0.0247840407367969,-0.12274380117964068
1000,2,within_control_batch_shuffle,0,20360917,21360917.0,2287,70,D06,0.0419670369872363,-0.10583861852800469
1000,2,within_control_batch_shuffle,0,20360917,21360917.0,2287,70,D07,0.03074766941997962,-0.09911142421124786
1000,2,within_control_batch_shuffle,0,20360917,21360917.0,2287,70,D08,-0.02917326752388012,-0.17506731321845126
1000,2,within_control_batch_shuffle,0,20360917,21360917.0,2287,70,D09,-0.01318092603797086,-0.12641525526979414
1000,2,within_control_batch_shuffle,0,20360917,21360917.0,2287,70,D10,0.008729820802208875,-0.09798886028992615
1000,2,within_control_batch_shuffle,0,20360917,21360917.0,2287,70,D11,0.006338848861976558,-0.14807829488646296
1000,2,within_control_batch_shuffle,0,20360917,21360917.0,2287,70,D12,-0.06124780221135108,-0.13716773657105152
1000,2,within_control_batch_shuffle,0,20360917,21360917.0,2287,70,D13,0.03712735348351151,-0.15127337003434738
1000,2,within_control_batch_shuffle,0,20360917,21360917.0,2287,70,D14,-0.039436337392377216,-0.14323545129501114
1000,2,within_control_batch_shuffle,0,20360917,21360917.0,2287,70,D15,0.027929113468345125,-0.11309110697130609
1000,2,within_control_batch_shuffle,0,20360917,21360917.0,2287,70,D16,0.0011771939004115459,-0.11603242971771799
1000,2,within_control_batch_shuffle,0,20360917,21360917.0,2287,70,D17,0.05257037063982428,-0.07604977676283986
1000,2,within_control_batch_shuffle,0,20360917,21360917.0,2287,70,D18,-0.00495558890811432,-0.12725145935548365
1000,2,within_control_batch_shuffle,0,20360917,21360917.0,2287,70,D19,0.06706721136291897,-0.04745331347107218
1000,2,within_control_batch_shuffle,0,20360917,21360917.0,2287,70,D20,-0.05374439161279026,-0.15684328223244148
1000,2,within_control_batch_shuffle,0,20360917,21360917.0,2287,70,D21,-0.029895989116198493,-0.15820811356613174
1000,2,within_control_batch_shuffle,0,20360917,21360917.0,2287,70,D22,-0.015618198919899877,-0.1495966961893227
1000,2,within_control_batch_shuffle,0,20360917,21360917.0,2287,70,D23,-0.03395178731993248,-0.17654585317492733
1000,2,within_control_batch_shuffle,0,20360917,21360917.0,2287,70,D24,0.013615054850154296,-0.14247581875096071
1000,2,within_control_batch_shuffle,0,20360917,21360917.0,2287,70,D25,-0.014172003247405435,-0.15232481513670848
1000,2,within_control_batch_shuffle,0,20360917,21360917.0,2287,70,D26,-0.003498054519211561,-0.15119463528569188
1000,2,within_control_batch_shuffle,0,20360917,21360917.0,2287,70,D27,-0.04687969202942857,-0.12003411208767978
1000,2,within_control_batch_shuffle,0,20360917,21360917.0,2287,70,D28,-0.03268768182381388,-0.11872403871536874
1000,2,within_control_batch_shuffle,0,20360917,21360917.0,2287,70,D29,-0.011248460201114863,-0.13054735736722378
1000,2,within_control_batch_shuffle,0,20360917,21360917.0,2287,70,D30,-0.004221191458725969,-0.11347714833439038
1000,2,within_control_batch_shuffle,0,20360917,21360917.0,2287,70,D31,-0.011230642265901283,-0.12598920064032137
1000,2,within_control_batch_shuffle,1,20360917,21360918.0,2287,70,D00,-0.021148873324101577,-0.14860299657769627
1000,2,within_control_batch_shuffle,1,20360917,21360918.0,2287,70,D01,0.01091743849309346,-0.11107104814268753
1000,2,within_control_batch_shuffle,1,20360917,21360918.0,2287,70,D02,0.023628798073532076,-0.11695854200324418
1000,2,within_control_batch_shuffle,1,20360917,21360918.0,2287,70,D03,0.06555338766490831,-0.0775200584502378
1000,2,within_control_batch_shuffle,1,20360917,21360918.0,2287,70,D04,-0.028738267255007683,-0.14729147115435448
1000,2,within_control_batch_shuffle,1,20360917,21360918.0,2287,70,D05,0.011245428780694646,-0.13493806117106932
1000,2,within_control_batch_shuffle,1,20360917,21360918.0,2287,70,D06,-0.024227651902895945,-0.1113969741651688
1000,2,within_control_batch_shuffle,1,20360917,21360918.0,2287,70,D07,-0.004228291306423769,-0.15978965314594573
1000,2,within_control_batch_shuffle,1,20360917,21360918.0,2287,70,D08,0.024784229557108968,-0.12342767382150877
1000,2,within_control_batch_shuffle,1,20360917,21360918.0,2287,70,D09,0.011334484309584116,-0.12169322922184
1000,2,within_control_batch_shuffle,1,20360917,21360918.0,2287,70,D10,0.031633263779750974,-0.09493522829824008
1000,2,within_control_batch_shuffle,1,20360917,21360918.0,2287,70,D11,0.06082906388539429,-0.0959650325609318
1000,2,within_control_batch_shuffle,1,20360917,21360918.0,2287,70,D12,0.044630518818613504,-0.06974577940205307
1000,2,within_control_batch_shuffle,1,20360917,21360918.0,2287,70,D13,-0.01598205423504223,-0.1600033283410267
1000,2,within_control_batch_shuffle,1,20360917,21360918.0,2287,70,D14,-0.06991392167181851,-0.17671604332237378
1000,2,within_control_batch_shuffle,1,20360917,21360918.0,2287,70,D15,0.020410045684907424,-0.11921973927373108
1000,2,within_control_batch_shuffle,1,20360917,21360918.0,2287,70,D16,-0.021058288627204335,-0.1410896447444141
1000,2,within_control_batch_shuffle,1,20360917,21360918.0,2287,70,D17,0.010239551902574447,-0.09747364161745531
1000,2,within_control_batch_shuffle,1,20360917,21360918.0,2287,70,D18,-0.013140792247473634,-0.1323027700026782
1000,2,within_control_batch_shuffle,1,20360917,21360918.0,2287,70,D19,-0.029691405222704827,-0.12908514688375394
1000,2,within_control_batch_shuffle,1,20360917,21360918.0,2287,70,D20,0.049913774937065725,-0.08201632616947618
1000,2,within_control_batch_shuffle,1,20360917,21360918.0,2287,70,D21,0.004375585075407431,-0.10357283358883085
1000,2,within_control_batch_shuffle,1,20360917,21360918.0,2287,70,D22,0.030780407368556122,-0.10425441118915901
1000,2,within_control_batch_shuffle,1,20360917,21360918.0,2287,70,D23,-0.018923780619447144,-0.15267580861232966
1000,2,within_control_batch_shuffle,1,20360917,21360918.0,2287,70,D24,0.014118822601761512,-0.11738350230214611
1000,2,within_control_batch_shuffle,1,20360917,21360918.0,2287,70,D25,0.03046344269407805,-0.10860631584154601
1000,2,within_control_batch_shuffle,1,20360917,21360918.0,2287,70,D26,-0.00852824775708632,-0.1376017408878898
1000,2,within_control_batch_shuffle,1,20360917,21360918.0,2287,70,D27,0.0023050978253366075,-0.10146886144511424
1000,2,within_control_batch_shuffle,1,20360917,21360918.0,2287,70,D28,0.02428762083759464,-0.10426341065526379
1000,2,within_control_batch_shuffle,1,20360917,21360918.0,2287,70,D29,0.04217894865098608,-0.09202619486855701
1000,2,within_control_batch_shuffle,1,20360917,21360918.0,2287,70,D30,0.010140255981413182,-0.12510963659536967
1000,2,within_control_batch_shuffle,1,20360917,21360918.0,2287,70,D31,-0.03858605705804577,-0.14516805935180987
1000,2,within_control_batch_shuffle,2,20360917,21360919.0,2287,70,D00,0.006559105865853339,-0.1224807681448914
1000,2,within_control_batch_shuffle,2,20360917,21360919.0,2287,70,D01,-0.025701086063952553,-0.13469587051749832
1000,2,within_control_batch_shuffle,2,20360917,21360919.0,2287,70,D02,-0.023079064959068807,-0.15196146696473622
1000,2,within_control_batch_shuffle,2,20360917,21360919.0,2287,70,D03,0.05502586725806919,-0.09853481509635964
1000,2,within_control_batch_shuffle,2,20360917,21360919.0,2287,70,D04,-0.018604357001959317,-0.14576826176319302
1000,2,within_control_batch_shuffle,2,20360917,21360919.0,2287,70,D05,0.024319162833716976,-0.1209707961494817
1000,2,within_control_batch_shuffle,2,20360917,21360919.0,2287,70,D06,0.0065660825177745194,-0.13408651593058596
1000,2,within_control_batch_shuffle,2,20360917,21360919.0,2287,70,D07,-0.025579901299930093,-0.13568371183076722
1000,2,within_control_batch_shuffle,2,20360917,21360919.0,2287,70,D08,0.005255534132845043,-0.12420508860987023
1000,2,within_control_batch_shuffle,2,20360917,21360919.0,2287,70,D09,0.0026147653594913505,-0.10867041550683632
1000,2,within_control_batch_shuffle,2,20360917,21360919.0,2287,70,D10,0.021734215763631763,-0.10129276995567715
1000,2,within_control_batch_shuffle,2,20360917,21360919.0,2287,70,D11,0.0066743512528898655,-0.11003789051322532
1000,2,within_control_batch_shuffle,2,20360917,21360919.0,2287,70,D12,0.03597830875988915,-0.0738616955498057
1000,2,within_control_batch_shuffle,2,20360917,21360919.0,2287,70,D13,0.011631922616942078,-0.11644862098646103
1000,2,within_control_batch_shuffle,2,20360917,21360919.0,2287,70,D14,-0.011863257374083237,-0.13183944245961943
1000,2,within_control_batch_shuffle,2,20360917,21360919.0,2287,70,D15,0.006553357826822539,-0.1395120196622499
1000,2,within_control_batch_shuffle,2,20360917,21360919.0,2287,70,D16,0.018957024399717488,-0.0919235918777559
1000,2,within_control_batch_shuffle,2,20360917,21360919.0,2287,70,D17,-0.0016524474554103427,-0.14354876516808268
1000,2,within_control_batch_shuffle,2,20360917,21360919.0,2287,70,D18,0.048070348756225185,-0.0927597740377033
1000,2,within_control_batch_shuffle,2,20360917,21360919.0,2287,70,D19,0.04525288247542579,-0.0873498841540834
1000,2,within_control_batch_shuffle,2,20360917,21360919.0,2287,70,D20,-0.019348049113271853,-0.14546839839026315
1000,2,within_control_batch_shuffle,2,20360917,21360919.0,2287,70,D21,-0.00045238320943368,-0.11036304638314198
1000,2,within_control_batch_shuffle,2,20360917,21360919.0,2287,70,D22,-0.017462769196987638,-0.13499982854484616
1000,2,within_control_batch_shuffle,2,20360917,21360919.0,2287,70,D23,-0.05108677294889782,-0.16551260605746143
1000,2,within_control_batch_shuffle,2,20360917,21360919.0,2287,70,D24,0.049421764857753736,-0.11315390755225274
1000,2,within_control_batch_shuffle,2,20360917,21360919.0,2287,70,D25,0.03951427044285666,-0.05271017160566016
1000,2,within_control_batch_shuffle,2,20360917,21360919.0,2287,70,D26,-0.0008286083069189913,-0.1400451066513282
1000,2,within_control_batch_shuffle,2,20360917,21360919.0,2287,70,D27,0.035496937400108945,-0.08915694332018065
1000,2,within_control_batch_shuffle,2,20360917,21360919.0,2287,70,D28,-0.035291518865115015,-0.12801208899508887
1000,2,within_control_batch_shuffle,2,20360917,21360919.0,2287,70,D29,0.0533061985937006,-0.08888686151635805
1000,2,within_control_batch_shuffle,2,20360917,21360919.0,2287,70,D30,-0.021639052411096926,-0.1442040335838295
1000,2,within_control_batch_shuffle,2,20360917,21360919.0,2287,70,D31,-0.024880580348480834,-0.13191139104041905
1000,2,within_control_batch_shuffle,3,20360917,21360920.0,2287,70,D00,-0.051474445329047415,-0.17063868974175378
1000,2,within_control_batch_shuffle,3,20360917,21360920.0,2287,70,D01,0.007510206572961054,-0.12660807280968145
1000,2,within_control_batch_shuffle,3,20360917,21360920.0,2287,70,D02,0.012679408044070074,-0.14108596372421722
1000,2,within_control_batch_shuffle,3,20360917,21360920.0,2287,70,D03,0.008240148306601762,-0.13732112823645748
1000,2,within_control_batch_shuffle,3,20360917,21360920.0,2287,70,D04,0.0011847513098083415,-0.13532870232615313
1000,2,within_control_batch_shuffle,3,20360917,21360920.0,2287,70,D05,0.05855402940984051,-0.07497564758809405
1000,2,within_control_batch_shuffle,3,20360917,21360920.0,2287,70,D06,-0.021003636343667066,-0.12688286921886704
1000,2,within_control_batch_shuffle,3,20360917,21360920.0,2287,70,D07,0.033286246421380616,-0.15125722982338852
1000,2,within_control_batch_shuffle,3,20360917,21360920.0,2287,70,D08,0.018648676439110848,-0.1114541403890763
1000,2,within_control_batch_shuffle,3,20360917,21360920.0,2287,70,D09,0.015974455677036127,-0.13160180522032516
1000,2,within_control_batch_shuffle,3,20360917,21360920.0,2287,70,D10,-0.020280706958194002,-0.15446859135784186
1000,2,within_control_batch_shuffle,3,20360917,21360920.0,2287,70,D11,0.042529161981706795,-0.08808024336805587
1000,2,within_control_batch_shuffle,3,20360917,21360920.0,2287,70,D12,0.005644288571339266,-0.11260926066129562
1000,2,within_control_batch_shuffle,3,20360917,21360920.0,2287,70,D13,0.01031956658263271,-0.13145944628439832
1000,2,within_control_batch_shuffle,3,20360917,21360920.0,2287,70,D14,-0.017359390845087593,-0.13823310991231041
1000,2,within_control_batch_shuffle,3,20360917,21360920.0,2287,70,D15,0.04267694603147003,-0.11411697681398358
1000,2,within_control_batch_shuffle,3,20360917,21360920.0,2287,70,D16,0.0695964356777688,-0.06402635197940265
1000,2,within_control_batch_shuffle,3,20360917,21360920.0,2287,70,D17,0.011171924823327496,-0.10634116235356417
1000,2,within_control_batch_shuffle,3,20360917,21360920.0,2287,70,D18,-0.007002815358911208,-0.12149206119734401
1000,2,within_control_batch_shuffle,3,20360917,21360920.0,2287,70,D19,0.013651697091937635,-0.0834998024128204
1000,2,within_control_batch_shuffle,3,20360917,21360920.0,2287,70,D20,0.027589696266132172,-0.13788874745673407
1000,2,within_control_batch_shuffle,3,20360917,21360920.0,2287,70,D21,-0.0032867582337148347,-0.12530823639382627
1000,2,within_control_batch_shuffle,3,20360917,21360920.0,2287,70,D22,0.0248099826905083,-0.11676607499422942
1000,2,within_control_batch_shuffle,3,20360917,21360920.0,2287,70,D23,0.03751174412522535,-0.10892061154222077
1000,2,within_control_batch_shuffle,3,20360917,21360920.0,2287,70,D24,0.05458817504249344,-0.07563211065616748
1000,2,within_control_batch_shuffle,3,20360917,21360920.0,2287,70,D25,-0.00717096498382617,-0.15556034826578036
1000,2,within_control_batch_shuffle,3,20360917,21360920.0,2287,70,D26,-0.028115045583065473,-0.144263415529583
1000,2,within_control_batch_shuffle,3,20360917,21360920.0,2287,70,D27,-0.007289854525652392,-0.0995010414776778
1000,2,within_control_batch_shuffle,3,20360917,21360920.0,2287,70,D28,0.03453525472871657,-0.08583126961388987
1000,2,within_control_batch_shuffle,3,20360917,21360920.0,2287,70,D29,-0.029172469131868183,-0.12124920045673249
1000,2,within_control_batch_shuffle,3,20360917,21360920.0,2287,70,D30,-0.043560024896342565,-0.16891552051366698
1000,2,within_control_batch_shuffle,3,20360917,21360920.0,2287,70,D31,-0.03206304979014206,-0.13697344707590342
1000,2,within_control_batch_shuffle,4,20360917,21360921.0,2287,70,D00,-0.0059771880707375465,-0.11499073647227709
1000,2,within_control_batch_shuffle,4,20360917,21360921.0,2287,70,D01,0.016840438099449354,-0.12020880355615149
1000,2,within_control_batch_shuffle,4,20360917,21360921.0,2287,70,D02,0.06926159710296917,-0.11379843760802189
1000,2,within_control_batch_shuffle,4,20360917,21360921.0,2287,70,D03,0.05307173389140596,-0.11732231368782431
1000,2,within_control_batch_shuffle,4,20360917,21360921.0,2287,70,D04,-0.0168654209232928,-0.13399709232877677
1000,2,within_control_batch_shuffle,4,20360917,21360921.0,2287,70,D05,-0.01982252451780979,-0.1207113706255889
1000,2,within_control_batch_shuffle,4,20360917,21360921.0,2287,70,D06,0.04199433738461382,-0.09224373275006026
1000,2,within_control_batch_shuffle,4,20360917,21360921.0,2287,70,D07,0.011713899814246897,-0.14220483128784012
1000,2,within_control_batch_shuffle,4,20360917,21360921.0,2287,70,D08,0.0016420447899425789,-0.13902947994526738
1000,2,within_control_batch_shuffle,4,20360917,21360921.0,2287,70,D09,0.009339521083732805,-0.11195829588853945
1000,2,within_control_batch_shuffle,4,20360917,21360921.0,2287,70,D10,0.04326351701833895,-0.08361416050869597
1000,2,within_control_batch_shuffle,4,20360917,21360921.0,2287,70,D11,-0.03478064225203711,-0.155464505469479
1000,2,within_control_batch_shuffle,4,20360917,21360921.0,2287,70,D12,0.050059828869300584,-0.0830787758545819
1000,2,within_control_batch_shuffle,4,20360917,21360921.0,2287,70,D13,-0.03147319950623635,-0.18226865914940138
1000,2,within_control_batch_shuffle,4,20360917,21360921.0,2287,70,D14,0.002381396366571557,-0.16185437869948083
1000,2,within_control_batch_shuffle,4,20360917,21360921.0,2287,70,D15,0.01260519338004969,-0.14248324305587023
1000,2,within_control_batch_shuffle,4,20360917,21360921.0,2287,70,D16,-0.020114934815532774,-0.1826228582495244
1000,2,within_control_batch_shuffle,4,20360917,21360921.0,2287,70,D17,-0.025752609821977815,-0.1340126918675577
1000,2,within_control_batch_shuffle,4,20360917,21360921.0,2287,70,D18,0.0016123177912379183,-0.16307202999570314
1000,2,within_control_batch_shuffle,4,20360917,21360921.0,2287,70,D19,-0.01817011741678203,-0.10757029637012638
1000,2,within_control_batch_shuffle,4,20360917,21360921.0,2287,70,D20,0.050399168581376774,-0.11752393011766227
1000,2,within_control_batch_shuffle,4,20360917,21360921.0,2287,70,D21,0.07474699058083159,-0.07965904055324513
1000,2,within_control_batch_shuffle,4,20360917,21360921.0,2287,70,D22,0.0320403933957339,-0.11719732370329639
1000,2,within_control_batch_shuffle,4,20360917,21360921.0,2287,70,D23,0.02708188486824292,-0.1371265770205421
1000,2,within_control_batch_shuffle,4,20360917,21360921.0,2287,70,D24,-0.03846762503718327,-0.20063545798035665
1000,2,within_control_batch_shuffle,4,20360917,21360921.0,2287,70,D25,-0.005482863122385021,-0.12172267557270633
1000,2,within_control_batch_shuffle,4,20360917,21360921.0,2287,70,D26,0.017679017717494253,-0.1271195672174008
1000,2,within_control_batch_shuffle,4,20360917,21360921.0,2287,70,D27,-0.005320103629657597,-0.11170952446894633
1000,2,within_control_batch_shuffle,4,20360917,21360921.0,2287,70,D28,0.0008872577529055253,-0.13242097057557167
1000,2,within_control_batch_shuffle,4,20360917,21360921.0,2287,70,D29,0.02338932679900662,-0.0973563633770771
1000,2,within_control_batch_shuffle,4,20360917,21360921.0,2287,70,D30,0.0017814882792755759,-0.1516479479495807
1000,2,within_control_batch_shuffle,4,20360917,21360921.0,2287,70,D31,-0.040620074266458875,-0.14570768769968168
3000,0,exact_pair,-1,20560915,,2287,70,D00,0.09087227391841449,-0.02626476090273666
3000,0,exact_pair,-1,20560915,,2287,70,D01,0.006707763538730316,-0.08243267050937875
3000,0,exact_pair,-1,20560915,,2287,70,D02,0.1160575585147075,-0.05233490310197131
3000,0,exact_pair,-1,20560915,,2287,70,D03,0.07985212868810634,-0.032836318599472225
3000,0,exact_pair,-1,20560915,,2287,70,D04,0.025836426901493088,-0.04727823254271901
3000,0,exact_pair,-1,20560915,,2287,70,D05,0.2812392104307985,0.049431015552985236
3000,0,exact_pair,-1,20560915,,2287,70,D06,0.052633495731249064,-0.0418498954077251
3000,0,exact_pair,-1,20560915,,2287,70,D07,0.07498117124685928,-0.0498563769273741
3000,0,exact_pair,-1,20560915,,2287,70,D08,0.10177283794500712,-0.03757062585529014
3000,0,exact_pair,-1,20560915,,2287,70,D09,0.08420096104876242,-0.025959722339308877
3000,0,exact_pair,-1,20560915,,2287,70,D10,0.10461207159257058,-0.03582464111478245
3000,0,exact_pair,-1,20560915,,2287,70,D11,0.05909819284420147,-0.042062072943375384
3000,0,exact_pair,-1,20560915,,2287,70,D12,0.03608838970574873,-0.042553978181735674
3000,0,exact_pair,-1,20560915,,2287,70,D13,0.10712823296633396,-0.01621503191673579
3000,0,exact_pair,-1,20560915,,2287,70,D14,0.0207441169158204,-0.060581736694631294
3000,0,exact_pair,-1,20560915,,2287,70,D15,0.09218979487988564,-0.037562621265549545
3000,0,exact_pair,-1,20560915,,2287,70,D16,0.06534098783126804,-0.05247727090754073
3000,0,exact_pair,-1,20560915,,2287,70,D17,0.0823449903510142,-0.026305334330726238
3000,0,exact_pair,-1,20560915,,2287,70,D18,0.16563129747747957,-0.007911610675906289
3000,0,exact_pair,-1,20560915,,2287,70,D19,0.08064900796297553,-0.02345300511128845
3000,0,exact_pair,-1,20560915,,2287,70,D20,0.027576378825700756,-0.06332812784161157
3000,0,exact_pair,-1,20560915,,2287,70,D21,0.2433911432981152,0.045635324463426885
3000,0,exact_pair,-1,20560915,,2287,70,D22,0.1631962660701594,-0.004871417254359134
3000,0,exact_pair,-1,20560915,,2287,70,D23,0.1869065761720792,-0.0020407676582530065
3000,0,exact_pair,-1,20560915,,2287,70,D24,0.17621599897612242,-0.0142077532664735
3000,0,exact_pair,-1,20560915,,2287,70,D25,0.2221157877772779,0.027058914422683156
3000,0,exact_pair,-1,20560915,,2287,70,D26,0.035084519727738704,-0.0560457303617119
3000,0,exact_pair,-1,20560915,,2287,70,D27,0.07323592263511017,-0.0445648387530182
3000,0,exact_pair,-1,20560915,,2287,70,D28,0.0631535383270353,-0.038376348345781075
3000,0,exact_pair,-1,20560915,,2287,70,D29,0.11942027697337151,-0.024360774594402557
3000,0,exact_pair,-1,20560915,,2287,70,D30,0.13523229087605118,-0.017963483342009035
3000,0,exact_pair,-1,20560915,,2287,70,D31,0.14115501757881843,-0.006526514210656753
3000,0,within_control_batch_shuffle,0,20560915,21560915.0,2287,70,D00,-0.010578756166914047,-0.053459485061286394
3000,0,within_control_batch_shuffle,0,20560915,21560915.0,2287,70,D01,-0.0008445453691595219,-0.058276937339182266
3000,0,within_control_batch_shuffle,0,20560915,21560915.0,2287,70,D02,-0.030906630211608537,-0.06692894735423449
3000,0,within_control_batch_shuffle,0,20560915,21560915.0,2287,70,D03,-0.0216859177677008,-0.06725554406562928
3000,0,within_control_batch_shuffle,0,20560915,21560915.0,2287,70,D04,0.0014109723044207492,-0.06328935681139392
3000,0,within_control_batch_shuffle,0,20560915,21560915.0,2287,70,D05,0.008478027812319027,-0.06283140493466277
3000,0,within_control_batch_shuffle,0,20560915,21560915.0,2287,70,D06,-0.004326645467551903,-0.053319917962409535
3000,0,within_control_batch_shuffle,0,20560915,21560915.0,2287,70,D07,0.013555581866885064,-0.057878949381998224
3000,0,within_control_batch_shuffle,0,20560915,21560915.0,2287,70,D08,-0.014999666965577075,-0.06824820328345549
3000,0,within_control_batch_shuffle,0,20560915,21560915.0,2287,70,D09,0.05685076625783939,-0.031138351011269494
3000,0,within_control_batch_shuffle,0,20560915,21560915.0,2287,70,D10,-0.003019006030876685,-0.08131033808562771
3000,0,within_control_batch_shuffle,0,20560915,21560915.0,2287,70,D11,0.03647871119154153,-0.049537174722460664
3000,0,within_control_batch_shuffle,0,20560915,21560915.0,2287,70,D12,-0.013319898683628976,-0.05685865910084842
3000,0,within_control_batch_shuffle,0,20560915,21560915.0,2287,70,D13,-0.02268810671033536,-0.06322297832258084
3000,0,within_control_batch_shuffle,0,20560915,21560915.0,2287,70,D14,-0.0012455606933926948,-0.0697854453318103
3000,0,within_control_batch_shuffle,0,20560915,21560915.0,2287,70,D15,0.002461858276387168,-0.06050938041962661
3000,0,within_control_batch_shuffle,0,20560915,21560915.0,2287,70,D16,0.020905504905845907,-0.044472890819391875
3000,0,within_control_batch_shuffle,0,20560915,21560915.0,2287,70,D17,-0.011204585668549346,-0.05953964470903994
3000,0,within_control_batch_shuffle,0,20560915,21560915.0,2287,70,D18,-0.012065772519864435,-0.07559398887240687
3000,0,within_control_batch_shuffle,0,20560915,21560915.0,2287,70,D19,-0.024928424231673924,-0.062292431084665756
3000,0,within_control_batch_shuffle,0,20560915,21560915.0,2287,70,D20,-0.06404270918372183,-0.09962009835239116
3000,0,within_control_batch_shuffle,0,20560915,21560915.0,2287,70,D21,-0.02196976598217103,-0.058491091704229614
3000,0,within_control_batch_shuffle,0,20560915,21560915.0,2287,70,D22,0.03851492214678113,-0.04532766820966416
3000,0,within_control_batch_shuffle,0,20560915,21560915.0,2287,70,D23,0.06231998988344849,-0.03724454154985324
3000,0,within_control_batch_shuffle,0,20560915,21560915.0,2287,70,D24,0.02696267889278944,-0.05728874104178261
3000,0,within_control_batch_shuffle,0,20560915,21560915.0,2287,70,D25,0.004042235646132843,-0.056308617178496334
3000,0,within_control_batch_shuffle,0,20560915,21560915.0,2287,70,D26,-0.07311051664518423,-0.09304183360172669
3000,0,within_control_batch_shuffle,0,20560915,21560915.0,2287,70,D27,0.010220042716508646,-0.070422142523904
3000,0,within_control_batch_shuffle,0,20560915,21560915.0,2287,70,D28,0.0001240035547770164,-0.05953781889557219
3000,0,within_control_batch_shuffle,0,20560915,21560915.0,2287,70,D29,-0.028499990891351783,-0.07644910405664462
3000,0,within_control_batch_shuffle,0,20560915,21560915.0,2287,70,D30,0.013369733682906663,-0.07331912847802569
3000,0,within_control_batch_shuffle,0,20560915,21560915.0,2287,70,D31,0.00800464301060693,-0.0582266648980001
3000,0,within_control_batch_shuffle,1,20560915,21560916.0,2287,70,D00,-0.0064809226001501154,-0.0622539580141761
3000,0,within_control_batch_shuffle,1,20560915,21560916.0,2287,70,D01,-0.02705909423503804,-0.06476817266411916
3000,0,within_control_batch_shuffle,1,20560915,21560916.0,2287,70,D02,-0.06256390612357968,-0.08929986351960051
3000,0,within_control_batch_shuffle,1,20560915,21560916.0,2287,70,D03,0.031458604298170836,-0.04016325489383843
3000,0,within_control_batch_shuffle,1,20560915,21560916.0,2287,70,D04,0.029146396106891567,-0.05591305696935933
3000,0,within_control_batch_shuffle,1,20560915,21560916.0,2287,70,D05,0.036590009811519685,-0.03984440009772472
3000,0,within_control_batch_shuffle,1,20560915,21560916.0,2287,70,D06,0.04269608324216182,-0.04542371097351361
3000,0,within_control_batch_shuffle,1,20560915,21560916.0,2287,70,D07,0.033207298019358344,-0.051847117212487026
3000,0,within_control_batch_shuffle,1,20560915,21560916.0,2287,70,D08,-0.03519177586935833,-0.08604021887018698
3000,0,within_control_batch_shuffle,1,20560915,21560916.0,2287,70,D09,-0.002890181751656974,-0.04804122597707683
3000,0,within_control_batch_shuffle,1,20560915,21560916.0,2287,70,D10,-0.025532748984439982,-0.07303322613297025
3000,0,within_control_batch_shuffle,1,20560915,21560916.0,2287,70,D11,-0.03898601585627156,-0.08302008609777967
3000,0,within_control_batch_shuffle,1,20560915,21560916.0,2287,70,D12,0.0385616927273183,-0.031125358983656204
3000,0,within_control_batch_shuffle,1,20560915,21560916.0,2287,70,D13,-0.015249811963323328,-0.06421008403430473
3000,0,within_control_batch_shuffle,1,20560915,21560916.0,2287,70,D14,0.016378529713816765,-0.0480873791502856
3000,0,within_control_batch_shuffle,1,20560915,21560916.0,2287,70,D15,-0.04443086282669114,-0.08575744473271785
3000,0,within_control_batch_shuffle,1,20560915,21560916.0,2287,70,D16,0.05635561772052349,-0.03878867722516666
3000,0,within_control_batch_shuffle,1,20560915,21560916.0,2287,70,D17,-0.029969489621151407,-0.06558150166915011
3000,0,within_control_batch_shuffle,1,20560915,21560916.0,2287,70,D18,-0.06342190204941472,-0.10376837338018685
3000,0,within_control_batch_shuffle,1,20560915,21560916.0,2287,70,D19,-0.02119414655479422,-0.076529112875662
3000,0,within_control_batch_shuffle,1,20560915,21560916.0,2287,70,D20,-0.007941866263236518,-0.0614123060925591
3000,0,within_control_batch_shuffle,1,20560915,21560916.0,2287,70,D21,0.008335627928507146,-0.059600672083359285
3000,0,within_control_batch_shuffle,1,20560915,21560916.0,2287,70,D22,0.037252822843950414,-0.04335085938470029
3000,0,within_control_batch_shuffle,1,20560915,21560916.0,2287,70,D23,-0.013129794709464822,-0.06317919790451065
3000,0,within_control_batch_shuffle,1,20560915,21560916.0,2287,70,D24,-0.018576617217000272,-0.07627224106096864
3000,0,within_control_batch_shuffle,1,20560915,21560916.0,2287,70,D25,-0.025645794257492072,-0.07611888638014874
3000,0,within_control_batch_shuffle,1,20560915,21560916.0,2287,70,D26,-0.04701671598466061,-0.07673686884393205
3000,0,within_control_batch_shuffle,1,20560915,21560916.0,2287,70,D27,-0.014865103248782086,-0.06621219624517982
3000,0,within_control_batch_shuffle,1,20560915,21560916.0,2287,70,D28,-0.007059847951925999,-0.05208557310292106
3000,0,within_control_batch_shuffle,1,20560915,21560916.0,2287,70,D29,-0.03821052950171482,-0.08440790862632008
3000,0,within_control_batch_shuffle,1,20560915,21560916.0,2287,70,D30,-0.01578877562404668,-0.06742427091016356
3000,0,within_control_batch_shuffle,1,20560915,21560916.0,2287,70,D31,0.03797188666062616,-0.030692713653828196
3000,0,within_control_batch_shuffle,2,20560915,21560917.0,2287,70,D00,-0.011151460006375187,-0.06254337603450622
3000,0,within_control_batch_shuffle,2,20560915,21560917.0,2287,70,D01,-0.03863730290425314,-0.06659362284841164
3000,0,within_control_batch_shuffle,2,20560915,21560917.0,2287,70,D02,0.00531372135569652,-0.06935107594908407
3000,0,within_control_batch_shuffle,2,20560915,21560917.0,2287,70,D03,-0.005112507744539947,-0.06915940760972616
3000,0,within_control_batch_shuffle,2,20560915,21560917.0,2287,70,D04,0.002332760852678914,-0.05538528293191014
3000,0,within_control_batch_shuffle,2,20560915,21560917.0,2287,70,D05,-0.013233633549038872,-0.061491671488027144
3000,0,within_control_batch_shuffle,2,20560915,21560917.0,2287,70,D06,-0.00011611009742792483,-0.07037158302870195
3000,0,within_control_batch_shuffle,2,20560915,21560917.0,2287,70,D07,-0.0042723628208692225,-0.07031662830346375
3000,0,within_control_batch_shuffle,2,20560915,21560917.0,2287,70,D08,0.027591010931967135,-0.06484850344222681
3000,0,within_control_batch_shuffle,2,20560915,21560917.0,2287,70,D09,-0.006904165272978649,-0.0628511472870501
3000,0,within_control_batch_shuffle,2,20560915,21560917.0,2287,70,D10,0.06358400577792618,-0.03591012332772059
3000,0,within_control_batch_shuffle,2,20560915,21560917.0,2287,70,D11,0.01749868768340185,-0.052746782464631714
3000,0,within_control_batch_shuffle,2,20560915,21560917.0,2287,70,D12,-0.0029956634937860194,-0.06669401630999117
3000,0,within_control_batch_shuffle,2,20560915,21560917.0,2287,70,D13,-0.03846470695459363,-0.07345735258014585
3000,0,within_control_batch_shuffle,2,20560915,21560917.0,2287,70,D14,0.011355652811825259,-0.06728360780937281
3000,0,within_control_batch_shuffle,2,20560915,21560917.0,2287,70,D15,-0.00549051551904728,-0.07187081392559413
3000,0,within_control_batch_shuffle,2,20560915,21560917.0,2287,70,D16,0.018214120972014795,-0.058356534586578857
3000,0,within_control_batch_shuffle,2,20560915,21560917.0,2287,70,D17,-0.023813649363872372,-0.06880004418230468
3000,0,within_control_batch_shuffle,2,20560915,21560917.0,2287,70,D18,-0.002101606319178423,-0.06793547831621205
3000,0,within_control_batch_shuffle,2,20560915,21560917.0,2287,70,D19,-0.003008317979118347,-0.05075220858098062
3000,0,within_control_batch_shuffle,2,20560915,21560917.0,2287,70,D20,-0.010994205543426878,-0.07107758191984703
3000,0,within_control_batch_shuffle,2,20560915,21560917.0,2287,70,D21,0.024629245923967823,-0.04954935205230693
3000,0,within_control_batch_shuffle,2,20560915,21560917.0,2287,70,D22,-0.01331038315943747,-0.07537310443789735
3000,0,within_control_batch_shuffle,2,20560915,21560917.0,2287,70,D23,0.026992371811371242,-0.05041642380154099
3000,0,within_control_batch_shuffle,2,20560915,21560917.0,2287,70,D24,-0.01229686203233502,-0.07551610287294275
3000,0,within_control_batch_shuffle,2,20560915,21560917.0,2287,70,D25,0.010861842127959665,-0.05416954589580647
3000,0,within_control_batch_shuffle,2,20560915,21560917.0,2287,70,D26,0.030653392894676515,-0.05216012720790686
3000,0,within_control_batch_shuffle,2,20560915,21560917.0,2287,70,D27,-0.011148095956433526,-0.05658034590666916
3000,0,within_control_batch_shuffle,2,20560915,21560917.0,2287,70,D28,0.008555169102139723,-0.04359074880056779
3000,0,within_control_batch_shuffle,2,20560915,21560917.0,2287,70,D29,-0.011213558652018393,-0.06475447455357863
3000,0,within_control_batch_shuffle,2,20560915,21560917.0,2287,70,D30,0.05558909359949906,-0.04299413511058425
3000,0,within_control_batch_shuffle,2,20560915,21560917.0,2287,70,D31,0.018217460161714275,-0.06097830398493831
3000,0,within_control_batch_shuffle,3,20560915,21560918.0,2287,70,D00,0.00786456061854809,-0.050661371166040636
3000,0,within_control_batch_shuffle,3,20560915,21560918.0,2287,70,D01,0.04840249415341083,-0.04209333259175674
3000,0,within_control_batch_shuffle,3,20560915,21560918.0,2287,70,D02,0.01790608203053836,-0.06737722649721722
3000,0,within_control_batch_shuffle,3,20560915,21560918.0,2287,70,D03,0.028376993151624254,-0.04517354280657426
3000,0,within_control_batch_shuffle,3,20560915,21560918.0,2287,70,D04,0.00683109959046534,-0.05692852167865592
3000,0,within_control_batch_shuffle,3,20560915,21560918.0,2287,70,D05,-0.042617928813489,-0.08361393858157817
3000,0,within_control_batch_shuffle,3,20560915,21560918.0,2287,70,D06,0.010478669075159918,-0.062163858040856335
3000,0,within_control_batch_shuffle,3,20560915,21560918.0,2287,70,D07,0.017155517122008117,-0.055633846817765065
3000,0,within_control_batch_shuffle,3,20560915,21560918.0,2287,70,D08,0.018134330787759268,-0.054041419844852445
3000,0,within_control_batch_shuffle,3,20560915,21560918.0,2287,70,D09,-0.018771320010252404,-0.0819869157570694
3000,0,within_control_batch_shuffle,3,20560915,21560918.0,2287,70,D10,0.03092332935995082,-0.05210801690475497
3000,0,within_control_batch_shuffle,3,20560915,21560918.0,2287,70,D11,0.012666707993508079,-0.058240070766957475
3000,0,within_control_batch_shuffle,3,20560915,21560918.0,2287,70,D12,-0.03589820298549917,-0.07044923492747013
3000,0,within_control_batch_shuffle,3,20560915,21560918.0,2287,70,D13,-0.009033259872841528,-0.059037196097828426
3000,0,within_control_batch_shuffle,3,20560915,21560918.0,2287,70,D14,0.032233595855960154,-0.04578656789927904
3000,0,within_control_batch_shuffle,3,20560915,21560918.0,2287,70,D15,0.02048719988671414,-0.05226369943935749
3000,0,within_control_batch_shuffle,3,20560915,21560918.0,2287,70,D16,0.01846443053651991,-0.05429518920506804
3000,0,within_control_batch_shuffle,3,20560915,21560918.0,2287,70,D17,-0.03796909901524809,-0.07039373810495553
3000,0,within_control_batch_shuffle,3,20560915,21560918.0,2287,70,D18,-0.011552922955600935,-0.07333617968972428
3000,0,within_control_batch_shuffle,3,20560915,21560918.0,2287,70,D19,0.04059208654658483,-0.03674541689801014
3000,0,within_control_batch_shuffle,3,20560915,21560918.0,2287,70,D20,-0.008633085810730122,-0.06551772037551129
3000,0,within_control_batch_shuffle,3,20560915,21560918.0,2287,70,D21,0.00955328600133462,-0.057065685245906383
3000,0,within_control_batch_shuffle,3,20560915,21560918.0,2287,70,D22,-0.01641638429768347,-0.08254067937706666
3000,0,within_control_batch_shuffle,3,20560915,21560918.0,2287,70,D23,0.004841393925401961,-0.06032518278443
3000,0,within_control_batch_shuffle,3,20560915,21560918.0,2287,70,D24,-0.04086899051817404,-0.10377285900401478
3000,0,within_control_batch_shuffle,3,20560915,21560918.0,2287,70,D25,0.027343938934845866,-0.03878322025427594
3000,0,within_control_batch_shuffle,3,20560915,21560918.0,2287,70,D26,-0.030297173189435943,-0.07918341415089158
3000,0,within_control_batch_shuffle,3,20560915,21560918.0,2287,70,D27,-0.03340430575271384,-0.07069031856162478
3000,0,within_control_batch_shuffle,3,20560915,21560918.0,2287,70,D28,0.03211060311419161,-0.04256710838556432
3000,0,within_control_batch_shuffle,3,20560915,21560918.0,2287,70,D29,-0.0023755077337234537,-0.064119083102669
3000,0,within_control_batch_shuffle,3,20560915,21560918.0,2287,70,D30,0.025234923730375333,-0.05078614928313563
3000,0,within_control_batch_shuffle,3,20560915,21560918.0,2287,70,D31,-0.016634642172440265,-0.06233812786214843
3000,0,within_control_batch_shuffle,4,20560915,21560919.0,2287,70,D00,0.00853491990528519,-0.05551698167589003
3000,0,within_control_batch_shuffle,4,20560915,21560919.0,2287,70,D01,0.016974540304412894,-0.04214306507630505
3000,0,within_control_batch_shuffle,4,20560915,21560919.0,2287,70,D02,0.05822297130546658,-0.03159960754652036
3000,0,within_control_batch_shuffle,4,20560915,21560919.0,2287,70,D03,0.02646140532620839,-0.044115429151609487
3000,0,within_control_batch_shuffle,4,20560915,21560919.0,2287,70,D04,-0.017502874757995862,-0.07649934660752233
3000,0,within_control_batch_shuffle,4,20560915,21560919.0,2287,70,D05,0.008005256247568208,-0.06700028625725829
3000,0,within_control_batch_shuffle,4,20560915,21560919.0,2287,70,D06,-0.00664475500759514,-0.06908231896882033
3000,0,within_control_batch_shuffle,4,20560915,21560919.0,2287,70,D07,0.004522789621758868,-0.06287698592406943
3000,0,within_control_batch_shuffle,4,20560915,21560919.0,2287,70,D08,0.027063387161825034,-0.06172289316409163
3000,0,within_control_batch_shuffle,4,20560915,21560919.0,2287,70,D09,0.01975428297881982,-0.05536960423729731
3000,0,within_control_batch_shuffle,4,20560915,21560919.0,2287,70,D10,-0.0015224323369864253,-0.0641800842327227
3000,0,within_control_batch_shuffle,4,20560915,21560919.0,2287,70,D11,0.012500979503480305,-0.05812580280866486
3000,0,within_control_batch_shuffle,4,20560915,21560919.0,2287,70,D12,0.025048481604570228,-0.04213792214413492
3000,0,within_control_batch_shuffle,4,20560915,21560919.0,2287,70,D13,-0.023764491841462395,-0.06963072730774145
3000,0,within_control_batch_shuffle,4,20560915,21560919.0,2287,70,D14,0.001190534355518268,-0.05501980224636016
3000,0,within_control_batch_shuffle,4,20560915,21560919.0,2287,70,D15,-0.00015844607108620435,-0.06455885018698582
3000,0,within_control_batch_shuffle,4,20560915,21560919.0,2287,70,D16,0.007655337805468558,-0.06191052243581474
3000,0,within_control_batch_shuffle,4,20560915,21560919.0,2287,70,D17,-0.011459391727851957,-0.06665439732042966
3000,0,within_control_batch_shuffle,4,20560915,21560919.0,2287,70,D18,-0.03697791757613609,-0.0908100149592852
3000,0,within_control_batch_shuffle,4,20560915,21560919.0,2287,70,D19,0.04149892339493454,-0.0354420039311123
3000,0,within_control_batch_shuffle,4,20560915,21560919.0,2287,70,D20,-0.007999639179313301,-0.07477635704274
3000,0,within_control_batch_shuffle,4,20560915,21560919.0,2287,70,D21,-0.00095044387662366,-0.08205925811294268
3000,0,within_control_batch_shuffle,4,20560915,21560919.0,2287,70,D22,0.01607471042941239,-0.05505332401727214
3000,0,within_control_batch_shuffle,4,20560915,21560919.0,2287,70,D23,-0.03826139206843889,-0.08412316777697537
3000,0,within_control_batch_shuffle,4,20560915,21560919.0,2287,70,D24,0.009469543354889214,-0.0684235612480677
3000,0,within_control_batch_shuffle,4,20560915,21560919.0,2287,70,D25,0.0015239785846321396,-0.06162955804854575
3000,0,within_control_batch_shuffle,4,20560915,21560919.0,2287,70,D26,0.030366179690466094,-0.04899291769440728
3000,0,within_control_batch_shuffle,4,20560915,21560919.0,2287,70,D27,0.005173880743725163,-0.06451915975616429
3000,0,within_control_batch_shuffle,4,20560915,21560919.0,2287,70,D28,0.0012794684949609637,-0.05432667882351594
3000,0,within_control_batch_shuffle,4,20560915,21560919.0,2287,70,D29,0.048906177809983686,-0.03990641236247039
3000,0,within_control_batch_shuffle,4,20560915,21560919.0,2287,70,D30,-0.03799328702349366,-0.11911090968644977
3000,0,within_control_batch_shuffle,4,20560915,21560919.0,2287,70,D31,0.06583963895685664,-0.025863989961324663
3000,1,exact_pair,-1,20560916,,2287,70,D00,0.039933392979015596,-0.043016557304178304
3000,1,exact_pair,-1,20560916,,2287,70,D01,0.047722011110110464,-0.06276637836257981
3000,1,exact_pair,-1,20560916,,2287,70,D02,0.10174507694418276,-0.0525107057819405
3000,1,exact_pair,-1,20560916,,2287,70,D03,0.10471537846457468,-0.03149208325271191
3000,1,exact_pair,-1,20560916,,2287,70,D04,0.020501215201126778,-0.06276762568232641
3000,1,exact_pair,-1,20560916,,2287,70,D05,0.2913174181242623,0.06928337794505568
3000,1,exact_pair,-1,20560916,,2287,70,D06,0.05301895286638507,-0.03963149466899396
3000,1,exact_pair,-1,20560916,,2287,70,D07,0.10210333954278666,-0.03343738524586626
3000,1,exact_pair,-1,20560916,,2287,70,D08,0.08310236051224557,-0.07880695800251214
3000,1,exact_pair,-1,20560916,,2287,70,D09,0.00984008563871427,-0.06336332173757975
3000,1,exact_pair,-1,20560916,,2287,70,D10,0.08129107452713032,-0.048743991638333206
3000,1,exact_pair,-1,20560916,,2287,70,D11,0.062219087926664474,-0.056663450601576404
3000,1,exact_pair,-1,20560916,,2287,70,D12,0.051889261363287226,-0.04330155589313134
3000,1,exact_pair,-1,20560916,,2287,70,D13,0.11834448020408335,-0.015939823042372403
3000,1,exact_pair,-1,20560916,,2287,70,D14,0.046719603386541866,-0.04704750934041724
3000,1,exact_pair,-1,20560916,,2287,70,D15,0.0715106557070984,-0.06115742725444573
3000,1,exact_pair,-1,20560916,,2287,70,D16,0.06655269156746389,-0.049959816927839684
3000,1,exact_pair,-1,20560916,,2287,70,D17,0.05260368714258429,-0.040206575464863725
3000,1,exact_pair,-1,20560916,,2287,70,D18,0.17267549446520067,-0.00040423782118703677
3000,1,exact_pair,-1,20560916,,2287,70,D19,0.05967748166735875,-0.03415239786037949
3000,1,exact_pair,-1,20560916,,2287,70,D20,0.020802862381109715,-0.06481081781767895
3000,1,exact_pair,-1,20560916,,2287,70,D21,0.2028795769553012,0.020473876584138462
3000,1,exact_pair,-1,20560916,,2287,70,D22,0.1383943240929386,-0.016839799943273892
3000,1,exact_pair,-1,20560916,,2287,70,D23,0.1967113829012653,0.004008065833638885
3000,1,exact_pair,-1,20560916,,2287,70,D24,0.15513267214127824,-0.017510851510311953
3000,1,exact_pair,-1,20560916,,2287,70,D25,0.24538386911110113,0.040973186430842246
3000,1,exact_pair,-1,20560916,,2287,70,D26,0.024439461336304404,-0.07236165112031556
3000,1,exact_pair,-1,20560916,,2287,70,D27,0.07075253308739708,-0.050178980767574766
3000,1,exact_pair,-1,20560916,,2287,70,D28,0.07317426680629925,-0.023182143051400317
3000,1,exact_pair,-1,20560916,,2287,70,D29,0.10221165955731931,-0.029824044553679485
3000,1,exact_pair,-1,20560916,,2287,70,D30,0.12122887856558849,-0.042199228835778646
3000,1,exact_pair,-1,20560916,,2287,70,D31,0.15658660965726887,0.004634690147908405
3000,1,within_control_batch_shuffle,0,20560916,21560916.0,2287,70,D00,0.048901452625421664,-0.03559013101296271
3000,1,within_control_batch_shuffle,0,20560916,21560916.0,2287,70,D01,0.04860240237494184,-0.051677629822072024
3000,1,within_control_batch_shuffle,0,20560916,21560916.0,2287,70,D02,-0.020936437680429142,-0.07676548195470057
3000,1,within_control_batch_shuffle,0,20560916,21560916.0,2287,70,D03,-0.00970693250616642,-0.06299639842834504
3000,1,within_control_batch_shuffle,0,20560916,21560916.0,2287,70,D04,0.01854168498219724,-0.05148349255059381
3000,1,within_control_batch_shuffle,0,20560916,21560916.0,2287,70,D05,-0.003817673857745465,-0.0622274489265946
3000,1,within_control_batch_shuffle,0,20560916,21560916.0,2287,70,D06,0.022485263385594836,-0.05592449722666526
3000,1,within_control_batch_shuffle,0,20560916,21560916.0,2287,70,D07,0.022779592892568225,-0.05641867814508039
3000,1,within_control_batch_shuffle,0,20560916,21560916.0,2287,70,D08,-0.0015650581536310292,-0.05993371168771455
3000,1,within_control_batch_shuffle,0,20560916,21560916.0,2287,70,D09,-0.018856540259782114,-0.07028860931851288
3000,1,within_control_batch_shuffle,0,20560916,21560916.0,2287,70,D10,-0.009214481242071087,-0.07062422278139535
3000,1,within_control_batch_shuffle,0,20560916,21560916.0,2287,70,D11,0.028895543863786444,-0.048501950475407174
3000,1,within_control_batch_shuffle,0,20560916,21560916.0,2287,70,D12,-0.029750857267213937,-0.06802190192315005
3000,1,within_control_batch_shuffle,0,20560916,21560916.0,2287,70,D13,0.04947388092630447,-0.03029648277307917
3000,1,within_control_batch_shuffle,0,20560916,21560916.0,2287,70,D14,-0.008695034208040653,-0.06649383452005853
3000,1,within_control_batch_shuffle,0,20560916,21560916.0,2287,70,D15,-0.0006998643673718017,-0.061528537260370886
3000,1,within_control_batch_shuffle,0,20560916,21560916.0,2287,70,D16,0.0049605258443772005,-0.054707179918142446
3000,1,within_control_batch_shuffle,0,20560916,21560916.0,2287,70,D17,0.03372909987934818,-0.049301599917942696
3000,1,within_control_batch_shuffle,0,20560916,21560916.0,2287,70,D18,-0.002096213727230297,-0.05096714862854346
3000,1,within_control_batch_shuffle,0,20560916,21560916.0,2287,70,D19,-0.05205855137784694,-0.07277824327859772
3000,1,within_control_batch_shuffle,0,20560916,21560916.0,2287,70,D20,0.001384905654664641,-0.05448851232546548
3000,1,within_control_batch_shuffle,0,20560916,21560916.0,2287,70,D21,0.0010892294411081332,-0.05898150957688886
3000,1,within_control_batch_shuffle,0,20560916,21560916.0,2287,70,D22,-0.01975304841393796,-0.07663925866587151
3000,1,within_control_batch_shuffle,0,20560916,21560916.0,2287,70,D23,-0.004953652991605483,-0.05622576292822634
3000,1,within_control_batch_shuffle,0,20560916,21560916.0,2287,70,D24,-0.006026841680580383,-0.0762403864016743
3000,1,within_control_batch_shuffle,0,20560916,21560916.0,2287,70,D25,-0.024391963225852638,-0.06362032348949032
3000,1,within_control_batch_shuffle,0,20560916,21560916.0,2287,70,D26,0.019360195007512584,-0.0500856696327634
3000,1,within_control_batch_shuffle,0,20560916,21560916.0,2287,70,D27,-0.019551852315373076,-0.06227773628729327
3000,1,within_control_batch_shuffle,0,20560916,21560916.0,2287,70,D28,0.003400297724743026,-0.06735292911099466
3000,1,within_control_batch_shuffle,0,20560916,21560916.0,2287,70,D29,0.013672848825115142,-0.06517886871188572
3000,1,within_control_batch_shuffle,0,20560916,21560916.0,2287,70,D30,0.00791911051118191,-0.0693599400284528
3000,1,within_control_batch_shuffle,0,20560916,21560916.0,2287,70,D31,0.03193919733753206,-0.03795049557411878
3000,1,within_control_batch_shuffle,1,20560916,21560917.0,2287,70,D00,-0.013499740038389151,-0.06444033485030265
3000,1,within_control_batch_shuffle,1,20560916,21560917.0,2287,70,D01,0.0005127665941567621,-0.0789754677735075
3000,1,within_control_batch_shuffle,1,20560916,21560917.0,2287,70,D02,0.01045332857147574,-0.054789868979912004
3000,1,within_control_batch_shuffle,1,20560916,21560917.0,2287,70,D03,0.011251993160861059,-0.05317005901995664
3000,1,within_control_batch_shuffle,1,20560916,21560917.0,2287,70,D04,0.019661769565865246,-0.05290378128090456
3000,1,within_control_batch_shuffle,1,20560916,21560917.0,2287,70,D05,0.018092942635676946,-0.05589437491802074
3000,1,within_control_batch_shuffle,1,20560916,21560917.0,2287,70,D06,-0.0171701541825075,-0.06871969978839587
3000,1,within_control_batch_shuffle,1,20560916,21560917.0,2287,70,D07,-0.014950445577655945,-0.06973448614066657
3000,1,within_control_batch_shuffle,1,20560916,21560917.0,2287,70,D08,0.02220688310142229,-0.06251160336034145
3000,1,within_control_batch_shuffle,1,20560916,21560917.0,2287,70,D09,0.004406293562748533,-0.06677787692790393
3000,1,within_control_batch_shuffle,1,20560916,21560917.0,2287,70,D10,-0.00018326001866622815,-0.06315489230911986
3000,1,within_control_batch_shuffle,1,20560916,21560917.0,2287,70,D11,-0.009151643100472541,-0.07896391014983428
3000,1,within_control_batch_shuffle,1,20560916,21560917.0,2287,70,D12,-0.03308659368678063,-0.07196134315946456
3000,1,within_control_batch_shuffle,1,20560916,21560917.0,2287,70,D13,0.03118490391930097,-0.044237960527719666
3000,1,within_control_batch_shuffle,1,20560916,21560917.0,2287,70,D14,0.006242849091042407,-0.05764199015810312
3000,1,within_control_batch_shuffle,1,20560916,21560917.0,2287,70,D15,0.007296018825081106,-0.05867400156253866
3000,1,within_control_batch_shuffle,1,20560916,21560917.0,2287,70,D16,-0.010833161642414584,-0.06101329821490897
3000,1,within_control_batch_shuffle,1,20560916,21560917.0,2287,70,D17,-0.0010256295221343485,-0.06385740660732653
3000,1,within_control_batch_shuffle,1,20560916,21560917.0,2287,70,D18,-0.045323756607178786,-0.07888506561335107
3000,1,within_control_batch_shuffle,1,20560916,21560917.0,2287,70,D19,-0.004142933941914495,-0.053488073025981686
3000,1,within_control_batch_shuffle,1,20560916,21560917.0,2287,70,D20,0.02509191499376037,-0.054570133229667306
3000,1,within_control_batch_shuffle,1,20560916,21560917.0,2287,70,D21,0.021511103367653196,-0.055384031129266376
3000,1,within_control_batch_shuffle,1,20560916,21560917.0,2287,70,D22,-0.0022670231373653612,-0.06069104921333435
3000,1,within_control_batch_shuffle,1,20560916,21560917.0,2287,70,D23,0.05334426101498852,-0.037088937295463476
3000,1,within_control_batch_shuffle,1,20560916,21560917.0,2287,70,D24,-0.04256478745852152,-0.08412081996075882
3000,1,within_control_batch_shuffle,1,20560916,21560917.0,2287,70,D25,-0.015269797514213587,-0.06459789598552623
3000,1,within_control_batch_shuffle,1,20560916,21560917.0,2287,70,D26,-0.033071346143464346,-0.074644470625572
3000,1,within_control_batch_shuffle,1,20560916,21560917.0,2287,70,D27,-0.0035374029551823428,-0.05700176004175472
3000,1,within_control_batch_shuffle,1,20560916,21560917.0,2287,70,D28,0.010349770170051452,-0.06609842651568743
3000,1,within_control_batch_shuffle,1,20560916,21560917.0,2287,70,D29,0.04549104020038594,-0.04447964100129598
3000,1,within_control_batch_shuffle,1,20560916,21560917.0,2287,70,D30,0.007994979499148043,-0.07376945834473747
3000,1,within_control_batch_shuffle,1,20560916,21560917.0,2287,70,D31,-0.05196368391676488,-0.07994905705181887
3000,1,within_control_batch_shuffle,2,20560916,21560918.0,2287,70,D00,-0.0027769120804040314,-0.04934733743217179
3000,1,within_control_batch_shuffle,2,20560916,21560918.0,2287,70,D01,-0.00217967348195822,-0.06773493309975276
3000,1,within_control_batch_shuffle,2,20560916,21560918.0,2287,70,D02,-0.0028216414559704664,-0.07807295770756406
3000,1,within_control_batch_shuffle,2,20560916,21560918.0,2287,70,D03,0.005423306556622262,-0.05375784232931191
3000,1,within_control_batch_shuffle,2,20560916,21560918.0,2287,70,D04,0.02530140475010086,-0.06042611380586593
3000,1,within_control_batch_shuffle,2,20560916,21560918.0,2287,70,D05,-0.02982297380320394,-0.08025683897411717
3000,1,within_control_batch_shuffle,2,20560916,21560918.0,2287,70,D06,0.008794859529530965,-0.055806998089042326
3000,1,within_control_batch_shuffle,2,20560916,21560918.0,2287,70,D07,-0.0031757092812834545,-0.06150099380965268
3000,1,within_control_batch_shuffle,2,20560916,21560918.0,2287,70,D08,0.011985317501263922,-0.060158118410527095
3000,1,within_control_batch_shuffle,2,20560916,21560918.0,2287,70,D09,-0.006987787984031627,-0.07088109785487129
3000,1,within_control_batch_shuffle,2,20560916,21560918.0,2287,70,D10,0.02854441910010297,-0.0450984022576848
3000,1,within_control_batch_shuffle,2,20560916,21560918.0,2287,70,D11,-0.03222654559233924,-0.0771562799733807
3000,1,within_control_batch_shuffle,2,20560916,21560918.0,2287,70,D12,0.006790989288654203,-0.05885111787198394
3000,1,within_control_batch_shuffle,2,20560916,21560918.0,2287,70,D13,-0.011715258146575461,-0.07082242496304092
3000,1,within_control_batch_shuffle,2,20560916,21560918.0,2287,70,D14,0.004732201526334489,-0.04973025230540373
3000,1,within_control_batch_shuffle,2,20560916,21560918.0,2287,70,D15,0.025168577414814538,-0.04622724963184943
3000,1,within_control_batch_shuffle,2,20560916,21560918.0,2287,70,D16,0.01158278394734366,-0.05626470611650136
3000,1,within_control_batch_shuffle,2,20560916,21560918.0,2287,70,D17,-0.006821575515737295,-0.06692795356959169
3000,1,within_control_batch_shuffle,2,20560916,21560918.0,2287,70,D18,-0.03244037014138519,-0.0751313135301308
3000,1,within_control_batch_shuffle,2,20560916,21560918.0,2287,70,D19,-0.01555885901395038,-0.0650879813909504
3000,1,within_control_batch_shuffle,2,20560916,21560918.0,2287,70,D20,-0.005473436403951851,-0.04929470865259078
3000,1,within_control_batch_shuffle,2,20560916,21560918.0,2287,70,D21,-0.0029539459158792088,-0.05884330596136822
3000,1,within_control_batch_shuffle,2,20560916,21560918.0,2287,70,D22,0.004000427417201081,-0.05753161139543983
3000,1,within_control_batch_shuffle,2,20560916,21560918.0,2287,70,D23,-0.013099331407852178,-0.0795819209337334
3000,1,within_control_batch_shuffle,2,20560916,21560918.0,2287,70,D24,0.012359789657176799,-0.06179068191722181
3000,1,within_control_batch_shuffle,2,20560916,21560918.0,2287,70,D25,0.07126335363019845,-0.018436219353443306
3000,1,within_control_batch_shuffle,2,20560916,21560918.0,2287,70,D26,0.018119219662219504,-0.06144739097393592
3000,1,within_control_batch_shuffle,2,20560916,21560918.0,2287,70,D27,0.006737645497243168,-0.05560879719035583
3000,1,within_control_batch_shuffle,2,20560916,21560918.0,2287,70,D28,-0.004739918087552634,-0.06724897437409116
3000,1,within_control_batch_shuffle,2,20560916,21560918.0,2287,70,D29,0.030381945814797653,-0.04918626386355518
3000,1,within_control_batch_shuffle,2,20560916,21560918.0,2287,70,D30,-0.007509612598799739,-0.08213446229354915
3000,1,within_control_batch_shuffle,2,20560916,21560918.0,2287,70,D31,-0.0399875195824286,-0.07466946590726575
3000,1,within_control_batch_shuffle,3,20560916,21560919.0,2287,70,D00,0.0429855345217599,-0.03509799597057284
3000,1,within_control_batch_shuffle,3,20560916,21560919.0,2287,70,D01,-0.02219646235400938,-0.07925875076514499
3000,1,within_control_batch_shuffle,3,20560916,21560919.0,2287,70,D02,-0.0014367931042735297,-0.07032736278648688
3000,1,within_control_batch_shuffle,3,20560916,21560919.0,2287,70,D03,-0.035082387525072534,-0.07510963318736752
3000,1,within_control_batch_shuffle,3,20560916,21560919.0,2287,70,D04,-0.023098024572625213,-0.06604331442175115
3000,1,within_control_batch_shuffle,3,20560916,21560919.0,2287,70,D05,0.04376294727139072,-0.03982654371768479
3000,1,within_control_batch_shuffle,3,20560916,21560919.0,2287,70,D06,0.045419458331827076,-0.04035966610118913
3000,1,within_control_batch_shuffle,3,20560916,21560919.0,2287,70,D07,0.011709396897217403,-0.05396722187870173
3000,1,within_control_batch_shuffle,3,20560916,21560919.0,2287,70,D08,0.017269001232017862,-0.0602845835714807
3000,1,within_control_batch_shuffle,3,20560916,21560919.0,2287,70,D09,0.04114850300756724,-0.030087293065512943
3000,1,within_control_batch_shuffle,3,20560916,21560919.0,2287,70,D10,0.0034126886624867626,-0.06368740555077945
3000,1,within_control_batch_shuffle,3,20560916,21560919.0,2287,70,D11,-0.02160683928364835,-0.077731985850926
3000,1,within_control_batch_shuffle,3,20560916,21560919.0,2287,70,D12,-0.020384425013673595,-0.06256102243405137
3000,1,within_control_batch_shuffle,3,20560916,21560919.0,2287,70,D13,0.0016628757763920343,-0.05313198157975463
3000,1,within_control_batch_shuffle,3,20560916,21560919.0,2287,70,D14,-0.029343302364484566,-0.07767835452125071
3000,1,within_control_batch_shuffle,3,20560916,21560919.0,2287,70,D15,-0.027833265101441497,-0.0816257556546931
3000,1,within_control_batch_shuffle,3,20560916,21560919.0,2287,70,D16,-0.0020520701347480305,-0.05939112292808191
3000,1,within_control_batch_shuffle,3,20560916,21560919.0,2287,70,D17,-0.03148125857463422,-0.06221285813036914
3000,1,within_control_batch_shuffle,3,20560916,21560919.0,2287,70,D18,0.017433332019180507,-0.04365414131101142
3000,1,within_control_batch_shuffle,3,20560916,21560919.0,2287,70,D19,-0.020092627238659212,-0.056874016870745336
3000,1,within_control_batch_shuffle,3,20560916,21560919.0,2287,70,D20,-0.05682125954004266,-0.0804327841727357
3000,1,within_control_batch_shuffle,3,20560916,21560919.0,2287,70,D21,0.029681845494057835,-0.041285388417271696
3000,1,within_control_batch_shuffle,3,20560916,21560919.0,2287,70,D22,0.031713216336582466,-0.03820500274289884
3000,1,within_control_batch_shuffle,3,20560916,21560919.0,2287,70,D23,-0.029415763957103516,-0.08408212975226537
3000,1,within_control_batch_shuffle,3,20560916,21560919.0,2287,70,D24,-0.007573124440059274,-0.07648451209686291
3000,1,within_control_batch_shuffle,3,20560916,21560919.0,2287,70,D25,0.012967674887418805,-0.05279648051279051
3000,1,within_control_batch_shuffle,3,20560916,21560919.0,2287,70,D26,-0.045592389236267246,-0.08775638489143267
3000,1,within_control_batch_shuffle,3,20560916,21560919.0,2287,70,D27,-0.012523908280553397,-0.07398211160319224
3000,1,within_control_batch_shuffle,3,20560916,21560919.0,2287,70,D28,-0.007729547345537198,-0.06094645835103485
3000,1,within_control_batch_shuffle,3,20560916,21560919.0,2287,70,D29,0.04691914718186608,-0.034579519740971065
3000,1,within_control_batch_shuffle,3,20560916,21560919.0,2287,70,D30,0.01284832011028116,-0.0856891704745335
3000,1,within_control_batch_shuffle,3,20560916,21560919.0,2287,70,D31,0.03300802216659708,-0.036236682708342904
3000,1,within_control_batch_shuffle,4,20560916,21560920.0,2287,70,D00,0.007440259676394046,-0.05636441378261381
3000,1,within_control_batch_shuffle,4,20560916,21560920.0,2287,70,D01,-0.01128775599150911,-0.06996737900752326
3000,1,within_control_batch_shuffle,4,20560916,21560920.0,2287,70,D02,0.001355993906682929,-0.06642969256507358
3000,1,within_control_batch_shuffle,4,20560916,21560920.0,2287,70,D03,-0.011352995833015727,-0.055736113632997464
3000,1,within_control_batch_shuffle,4,20560916,21560920.0,2287,70,D04,0.015640165203675845,-0.04912093039980703
3000,1,within_control_batch_shuffle,4,20560916,21560920.0,2287,70,D05,-0.007017995664825744,-0.06000069626808391
3000,1,within_control_batch_shuffle,4,20560916,21560920.0,2287,70,D06,0.009488975176434605,-0.053232618983790614
3000,1,within_control_batch_shuffle,4,20560916,21560920.0,2287,70,D07,-0.035655977328132096,-0.09216623588689932
3000,1,within_control_batch_shuffle,4,20560916,21560920.0,2287,70,D08,0.023619495785134146,-0.04459563612158024
3000,1,within_control_batch_shuffle,4,20560916,21560920.0,2287,70,D09,-0.02840521997490036,-0.06309896802382542
3000,1,within_control_batch_shuffle,4,20560916,21560920.0,2287,70,D10,0.021728686027808003,-0.05216729380731455
3000,1,within_control_batch_shuffle,4,20560916,21560920.0,2287,70,D11,0.02251335964520808,-0.0586868284654376
3000,1,within_control_batch_shuffle,4,20560916,21560920.0,2287,70,D12,-0.016894590146246023,-0.06410970449578834
3000,1,within_control_batch_shuffle,4,20560916,21560920.0,2287,70,D13,-0.047785666320049144,-0.08528659554143614
3000,1,within_control_batch_shuffle,4,20560916,21560920.0,2287,70,D14,-0.010969209210782677,-0.05679598982466616
3000,1,within_control_batch_shuffle,4,20560916,21560920.0,2287,70,D15,-0.001955153619076452,-0.05911542317307239
3000,1,within_control_batch_shuffle,4,20560916,21560920.0,2287,70,D16,-0.009918281496377473,-0.06873371856943855
3000,1,within_control_batch_shuffle,4,20560916,21560920.0,2287,70,D17,-0.015471118125914509,-0.0621508511510549
3000,1,within_control_batch_shuffle,4,20560916,21560920.0,2287,70,D18,0.011364922634316045,-0.05739925729559214
3000,1,within_control_batch_shuffle,4,20560916,21560920.0,2287,70,D19,0.03804070677954386,-0.033527554305357254
3000,1,within_control_batch_shuffle,4,20560916,21560920.0,2287,70,D20,-0.03583899090343706,-0.07898205374636014
3000,1,within_control_batch_shuffle,4,20560916,21560920.0,2287,70,D21,-0.00946979098871768,-0.06027457322752716
3000,1,within_control_batch_shuffle,4,20560916,21560920.0,2287,70,D22,-0.002061560889705153,-0.05135880665542958
3000,1,within_control_batch_shuffle,4,20560916,21560920.0,2287,70,D23,-0.00032895748419613924,-0.06482145285776109
3000,1,within_control_batch_shuffle,4,20560916,21560920.0,2287,70,D24,0.006267416578055057,-0.05820891447114329
3000,1,within_control_batch_shuffle,4,20560916,21560920.0,2287,70,D25,-0.03505915381977195,-0.06299147366608326
3000,1,within_control_batch_shuffle,4,20560916,21560920.0,2287,70,D26,-0.023766621317875707,-0.0721763089757328
3000,1,within_control_batch_shuffle,4,20560916,21560920.0,2287,70,D27,-0.010224808567952194,-0.0652112955398989
3000,1,within_control_batch_shuffle,4,20560916,21560920.0,2287,70,D28,-0.02597421847788467,-0.06720579283956174
3000,1,within_control_batch_shuffle,4,20560916,21560920.0,2287,70,D29,-0.02589869415085614,-0.07205966010710774
3000,1,within_control_batch_shuffle,4,20560916,21560920.0,2287,70,D30,-0.09289663050993255,-0.12188396221444853
3000,1,within_control_batch_shuffle,4,20560916,21560920.0,2287,70,D31,0.024852076999571152,-0.04346295791048749
3000,2,exact_pair,-1,20560917,,2287,70,D00,0.05871034650119469,-0.03825822321164818
3000,2,exact_pair,-1,20560917,,2287,70,D01,0.04564384598387836,-0.058428249546261135
3000,2,exact_pair,-1,20560917,,2287,70,D02,0.10716302990560721,-0.028765147054317763
3000,2,exact_pair,-1,20560917,,2287,70,D03,0.11582096050304574,-0.023896100586339175
3000,2,exact_pair,-1,20560917,,2287,70,D04,0.041263421154978164,-0.06131768599879295
3000,2,exact_pair,-1,20560917,,2287,70,D05,0.288323909091996,0.06650645636386388
3000,2,exact_pair,-1,20560917,,2287,70,D06,0.07745284283156212,-0.033919750048124975
3000,2,exact_pair,-1,20560917,,2287,70,D07,0.06789563715204117,-0.05328934858858814
3000,2,exact_pair,-1,20560917,,2287,70,D08,0.11592185153203555,-0.031220258797133527
3000,2,exact_pair,-1,20560917,,2287,70,D09,0.04179301707353839,-0.0497474429007827
3000,2,exact_pair,-1,20560917,,2287,70,D10,0.06326911266681863,-0.05420368820234689
3000,2,exact_pair,-1,20560917,,2287,70,D11,0.06488880383052978,-0.04488520466536228
3000,2,exact_pair,-1,20560917,,2287,70,D12,0.05507259056993895,-0.0330243674111097
3000,2,exact_pair,-1,20560917,,2287,70,D13,0.13327276189918577,-0.008477185514695451
3000,2,exact_pair,-1,20560917,,2287,70,D14,0.013418806792682899,-0.06311581011457701
3000,2,exact_pair,-1,20560917,,2287,70,D15,0.05412282459258087,-0.04794868302810684
3000,2,exact_pair,-1,20560917,,2287,70,D16,0.012480877064015412,-0.06332212440772111
3000,2,exact_pair,-1,20560917,,2287,70,D17,0.07544800075733221,-0.034642641561211995
3000,2,exact_pair,-1,20560917,,2287,70,D18,0.15679266991175747,-0.013160162363857308
3000,2,exact_pair,-1,20560917,,2287,70,D19,0.04870997255963689,-0.04238742031702025
3000,2,exact_pair,-1,20560917,,2287,70,D20,0.01592185784682199,-0.07174755270507971
3000,2,exact_pair,-1,20560917,,2287,70,D21,0.24092360425773926,0.03847234060734317
3000,2,exact_pair,-1,20560917,,2287,70,D22,0.17698297287176568,0.011163499657362186
3000,2,exact_pair,-1,20560917,,2287,70,D23,0.1770345582704198,-0.0027214749828274876
3000,2,exact_pair,-1,20560917,,2287,70,D24,0.1935725393666577,0.011412285384298393
3000,2,exact_pair,-1,20560917,,2287,70,D25,0.24089433376844427,0.033890118949894465
3000,2,exact_pair,-1,20560917,,2287,70,D26,0.043501899553904044,-0.051337149419611317
3000,2,exact_pair,-1,20560917,,2287,70,D27,0.047279855334592814,-0.05215759377152063
3000,2,exact_pair,-1,20560917,,2287,70,D28,0.035898335017102025,-0.04434150375985291
3000,2,exact_pair,-1,20560917,,2287,70,D29,0.13515734726378711,-0.017516566580589865
3000,2,exact_pair,-1,20560917,,2287,70,D30,0.11468501571847808,-0.033313785228293424
3000,2,exact_pair,-1,20560917,,2287,70,D31,0.1687593147918056,0.0019861051476850466
3000,2,within_control_batch_shuffle,0,20560917,21560917.0,2287,70,D00,-0.014673478131142588,-0.0754815769193371
3000,2,within_control_batch_shuffle,0,20560917,21560917.0,2287,70,D01,-0.018096849319251936,-0.06998472628456143
3000,2,within_control_batch_shuffle,0,20560917,21560917.0,2287,70,D02,0.01625820378086566,-0.061454475422717536
3000,2,within_control_batch_shuffle,0,20560917,21560917.0,2287,70,D03,-0.016042166572400898,-0.07160728493375657
3000,2,within_control_batch_shuffle,0,20560917,21560917.0,2287,70,D04,-0.029451236912936052,-0.07868527702833639
3000,2,within_control_batch_shuffle,0,20560917,21560917.0,2287,70,D05,-0.052960381302040054,-0.09307560559540384
3000,2,within_control_batch_shuffle,0,20560917,21560917.0,2287,70,D06,-0.0033767078642125995,-0.06357503389176
3000,2,within_control_batch_shuffle,0,20560917,21560917.0,2287,70,D07,-0.02356872298003592,-0.07924360787379259
3000,2,within_control_batch_shuffle,0,20560917,21560917.0,2287,70,D08,0.00993896419628723,-0.06827952618371258
3000,2,within_control_batch_shuffle,0,20560917,21560917.0,2287,70,D09,0.003532646925652787,-0.058054340249974246
3000,2,within_control_batch_shuffle,0,20560917,21560917.0,2287,70,D10,-0.03399200179720208,-0.0811768385441951
3000,2,within_control_batch_shuffle,0,20560917,21560917.0,2287,70,D11,-0.021077354149386204,-0.0834421350338026
3000,2,within_control_batch_shuffle,0,20560917,21560917.0,2287,70,D12,0.005291080572508562,-0.05886858610926282
3000,2,within_control_batch_shuffle,0,20560917,21560917.0,2287,70,D13,-0.013040491468492722,-0.06715110662646606
3000,2,within_control_batch_shuffle,0,20560917,21560917.0,2287,70,D14,0.011732373324011518,-0.05023546915642818
3000,2,within_control_batch_shuffle,0,20560917,21560917.0,2287,70,D15,-0.04026494961344256,-0.0964625851494898
3000,2,within_control_batch_shuffle,0,20560917,21560917.0,2287,70,D16,0.030906679700399252,-0.04524661785620365
3000,2,within_control_batch_shuffle,0,20560917,21560917.0,2287,70,D17,-0.005594529430589141,-0.06265915896277985
3000,2,within_control_batch_shuffle,0,20560917,21560917.0,2287,70,D18,0.006093498437876342,-0.0735805559895486
3000,2,within_control_batch_shuffle,0,20560917,21560917.0,2287,70,D19,-0.011984748554030557,-0.05953161956427966
3000,2,within_control_batch_shuffle,0,20560917,21560917.0,2287,70,D20,-0.02123928869158032,-0.08055461838083833
3000,2,within_control_batch_shuffle,0,20560917,21560917.0,2287,70,D21,-0.027280287370026985,-0.07756686358063125
3000,2,within_control_batch_shuffle,0,20560917,21560917.0,2287,70,D22,-0.02257744669890772,-0.07726617451033246
3000,2,within_control_batch_shuffle,0,20560917,21560917.0,2287,70,D23,0.012339816197875891,-0.05453621160009159
3000,2,within_control_batch_shuffle,0,20560917,21560917.0,2287,70,D24,-0.06217452143684859,-0.09824046880854298
3000,2,within_control_batch_shuffle,0,20560917,21560917.0,2287,70,D25,0.03997412442748439,-0.03761211631954331
3000,2,within_control_batch_shuffle,0,20560917,21560917.0,2287,70,D26,-0.04066309371370668,-0.08121746693951226
3000,2,within_control_batch_shuffle,0,20560917,21560917.0,2287,70,D27,0.05297263397413141,-0.031620204596400914
3000,2,within_control_batch_shuffle,0,20560917,21560917.0,2287,70,D28,-0.025692385319323423,-0.0701849352052546
3000,2,within_control_batch_shuffle,0,20560917,21560917.0,2287,70,D29,0.01522039545324558,-0.05332128101349132
3000,2,within_control_batch_shuffle,0,20560917,21560917.0,2287,70,D30,0.007178348679630687,-0.05985180247665589
3000,2,within_control_batch_shuffle,0,20560917,21560917.0,2287,70,D31,-0.031245613226729668,-0.08203909649297203
3000,2,within_control_batch_shuffle,1,20560917,21560918.0,2287,70,D00,-0.001768187567897489,-0.06047047735186162
3000,2,within_control_batch_shuffle,1,20560917,21560918.0,2287,70,D01,-0.029479125201395253,-0.07620316709677688
3000,2,within_control_batch_shuffle,1,20560917,21560918.0,2287,70,D02,0.02354079526785239,-0.054414920381004706
3000,2,within_control_batch_shuffle,1,20560917,21560918.0,2287,70,D03,-0.016786341243680288,-0.060107276601320425
3000,2,within_control_batch_shuffle,1,20560917,21560918.0,2287,70,D04,0.00253712472584003,-0.06690451396406072
3000,2,within_control_batch_shuffle,1,20560917,21560918.0,2287,70,D05,-0.0071491602228227775,-0.06878065491474628
3000,2,within_control_batch_shuffle,1,20560917,21560918.0,2287,70,D06,0.026529026562275584,-0.044630768548887145
3000,2,within_control_batch_shuffle,1,20560917,21560918.0,2287,70,D07,0.03976206434305105,-0.03873738884088662
3000,2,within_control_batch_shuffle,1,20560917,21560918.0,2287,70,D08,0.020817908266313738,-0.054652186147897686
3000,2,within_control_batch_shuffle,1,20560917,21560918.0,2287,70,D09,0.012895410450480144,-0.045762926240463964
3000,2,within_control_batch_shuffle,1,20560917,21560918.0,2287,70,D10,-0.0004421304131460094,-0.05117339890772099
3000,2,within_control_batch_shuffle,1,20560917,21560918.0,2287,70,D11,-0.012927570124370832,-0.06997314445676506
3000,2,within_control_batch_shuffle,1,20560917,21560918.0,2287,70,D12,0.0061860980141222556,-0.044797535196071214
3000,2,within_control_batch_shuffle,1,20560917,21560918.0,2287,70,D13,0.010563179563628197,-0.06751460762412287
3000,2,within_control_batch_shuffle,1,20560917,21560918.0,2287,70,D14,0.007187337583038472,-0.053517540517697304
3000,2,within_control_batch_shuffle,1,20560917,21560918.0,2287,70,D15,0.014547104269642673,-0.055360981172070334
3000,2,within_control_batch_shuffle,1,20560917,21560918.0,2287,70,D16,-0.013092536217324353,-0.057207026785845105
3000,2,within_control_batch_shuffle,1,20560917,21560918.0,2287,70,D17,-0.02449523206683164,-0.06825106312111262
3000,2,within_control_batch_shuffle,1,20560917,21560918.0,2287,70,D18,-0.0010552674987961898,-0.06709419187807453
3000,2,within_control_batch_shuffle,1,20560917,21560918.0,2287,70,D19,-0.03854902944620036,-0.07524131000741052
3000,2,within_control_batch_shuffle,1,20560917,21560918.0,2287,70,D20,-0.021856001585667015,-0.06847090569780367
3000,2,within_control_batch_shuffle,1,20560917,21560918.0,2287,70,D21,-0.045751231072115615,-0.08108373991400386
3000,2,within_control_batch_shuffle,1,20560917,21560918.0,2287,70,D22,0.0011451298162686863,-0.060165993419457164
3000,2,within_control_batch_shuffle,1,20560917,21560918.0,2287,70,D23,-0.0044699218075731975,-0.0698418940687322
3000,2,within_control_batch_shuffle,1,20560917,21560918.0,2287,70,D24,-0.04768194301106812,-0.08662026167267434
3000,2,within_control_batch_shuffle,1,20560917,21560918.0,2287,70,D25,-0.012464572068224728,-0.06351940903435027
3000,2,within_control_batch_shuffle,1,20560917,21560918.0,2287,70,D26,-0.05363099536311977,-0.08870726888047087
3000,2,within_control_batch_shuffle,1,20560917,21560918.0,2287,70,D27,0.013187835946714946,-0.05215426934843603
3000,2,within_control_batch_shuffle,1,20560917,21560918.0,2287,70,D28,-0.018142948141763034,-0.06655902321532747
3000,2,within_control_batch_shuffle,1,20560917,21560918.0,2287,70,D29,0.0014857806580327504,-0.05764651670917309
3000,2,within_control_batch_shuffle,1,20560917,21560918.0,2287,70,D30,-0.031780302419311846,-0.08896454943949927
3000,2,within_control_batch_shuffle,1,20560917,21560918.0,2287,70,D31,0.013444901986584991,-0.05533075453913461
3000,2,within_control_batch_shuffle,2,20560917,21560919.0,2287,70,D00,0.00911294532474054,-0.04580154516703816
3000,2,within_control_batch_shuffle,2,20560917,21560919.0,2287,70,D01,0.01972260674735497,-0.06006367995262907
3000,2,within_control_batch_shuffle,2,20560917,21560919.0,2287,70,D02,0.05090708881541346,-0.044453296263863296
3000,2,within_control_batch_shuffle,2,20560917,21560919.0,2287,70,D03,-0.007823830325259556,-0.07068529331403473
3000,2,within_control_batch_shuffle,2,20560917,21560919.0,2287,70,D04,0.011491913950384366,-0.04653984104568698
3000,2,within_control_batch_shuffle,2,20560917,21560919.0,2287,70,D05,0.004403748125413449,-0.0681287162779538
3000,2,within_control_batch_shuffle,2,20560917,21560919.0,2287,70,D06,-0.011203525045057085,-0.05889864521052757
3000,2,within_control_batch_shuffle,2,20560917,21560919.0,2287,70,D07,0.006130989529837242,-0.0642669182059239
3000,2,within_control_batch_shuffle,2,20560917,21560919.0,2287,70,D08,0.020542262421170812,-0.04890370804393207
3000,2,within_control_batch_shuffle,2,20560917,21560919.0,2287,70,D09,0.02412674112744131,-0.0563882761105321
3000,2,within_control_batch_shuffle,2,20560917,21560919.0,2287,70,D10,-0.017503754072648703,-0.07463871941673017
3000,2,within_control_batch_shuffle,2,20560917,21560919.0,2287,70,D11,0.02259300992569689,-0.05751677729851701
3000,2,within_control_batch_shuffle,2,20560917,21560919.0,2287,70,D12,0.015569101797588344,-0.04303976188630698
3000,2,within_control_batch_shuffle,2,20560917,21560919.0,2287,70,D13,0.048711717937333726,-0.040148895056111966
3000,2,within_control_batch_shuffle,2,20560917,21560919.0,2287,70,D14,0.012616788740158525,-0.049217193317401264
3000,2,within_control_batch_shuffle,2,20560917,21560919.0,2287,70,D15,0.004587627940654006,-0.08510861938234582
3000,2,within_control_batch_shuffle,2,20560917,21560919.0,2287,70,D16,-0.006234532809105859,-0.07544414909564279
3000,2,within_control_batch_shuffle,2,20560917,21560919.0,2287,70,D17,0.009675963366066066,-0.05450161692355482
3000,2,within_control_batch_shuffle,2,20560917,21560919.0,2287,70,D18,-0.0008954886054380525,-0.06968548369447247
3000,2,within_control_batch_shuffle,2,20560917,21560919.0,2287,70,D19,0.004641927972083901,-0.05752699850322629
3000,2,within_control_batch_shuffle,2,20560917,21560919.0,2287,70,D20,-0.028064575680943265,-0.09148724307196088
3000,2,within_control_batch_shuffle,2,20560917,21560919.0,2287,70,D21,-0.025176565371908887,-0.0878354961281762
3000,2,within_control_batch_shuffle,2,20560917,21560919.0,2287,70,D22,-0.022093973799447914,-0.07010534237560107
3000,2,within_control_batch_shuffle,2,20560917,21560919.0,2287,70,D23,0.031485620854929904,-0.059817624752459775
3000,2,within_control_batch_shuffle,2,20560917,21560919.0,2287,70,D24,0.05201803235234146,-0.030540489293794826
3000,2,within_control_batch_shuffle,2,20560917,21560919.0,2287,70,D25,0.0035292150640589617,-0.06650769626937203
3000,2,within_control_batch_shuffle,2,20560917,21560919.0,2287,70,D26,0.029238751430690834,-0.06754792366992013
3000,2,within_control_batch_shuffle,2,20560917,21560919.0,2287,70,D27,0.010477083276665274,-0.04559404625187202
3000,2,within_control_batch_shuffle,2,20560917,21560919.0,2287,70,D28,-0.01015051411580264,-0.0652155456410719
3000,2,within_control_batch_shuffle,2,20560917,21560919.0,2287,70,D29,0.007532167911821079,-0.07108315229645923
3000,2,within_control_batch_shuffle,2,20560917,21560919.0,2287,70,D30,-0.022970300217506203,-0.082531102227825
3000,2,within_control_batch_shuffle,2,20560917,21560919.0,2287,70,D31,0.008208281127640571,-0.056028319348867095
3000,2,within_control_batch_shuffle,3,20560917,21560920.0,2287,70,D00,0.016410953954823438,-0.05137644975853073
3000,2,within_control_batch_shuffle,3,20560917,21560920.0,2287,70,D01,0.018317311117907135,-0.04971879028307802
3000,2,within_control_batch_shuffle,3,20560917,21560920.0,2287,70,D02,0.02665929745999693,-0.04166367614881761
3000,2,within_control_batch_shuffle,3,20560917,21560920.0,2287,70,D03,0.0004397213527123136,-0.05584535895086207
3000,2,within_control_batch_shuffle,3,20560917,21560920.0,2287,70,D04,-0.04581395365020203,-0.08701614176449124
3000,2,within_control_batch_shuffle,3,20560917,21560920.0,2287,70,D05,-0.03223949591984877,-0.075430201331677
3000,2,within_control_batch_shuffle,3,20560917,21560920.0,2287,70,D06,-0.01244116379084838,-0.06487235198667096
3000,2,within_control_batch_shuffle,3,20560917,21560920.0,2287,70,D07,0.0012781766954175814,-0.08461786812965522
3000,2,within_control_batch_shuffle,3,20560917,21560920.0,2287,70,D08,-0.01796904574727091,-0.07720515242403914
3000,2,within_control_batch_shuffle,3,20560917,21560920.0,2287,70,D09,0.0007090423533813549,-0.059490095017233235
3000,2,within_control_batch_shuffle,3,20560917,21560920.0,2287,70,D10,-0.0007006337359290479,-0.05169333055710523
3000,2,within_control_batch_shuffle,3,20560917,21560920.0,2287,70,D11,-0.005669963386195222,-0.060336779688175746
3000,2,within_control_batch_shuffle,3,20560917,21560920.0,2287,70,D12,0.057256158883398314,-0.023625981885907477
3000,2,within_control_batch_shuffle,3,20560917,21560920.0,2287,70,D13,-0.05523797225445796,-0.09129251132666183
3000,2,within_control_batch_shuffle,3,20560917,21560920.0,2287,70,D14,-0.027045974420360247,-0.0660404969197046
3000,2,within_control_batch_shuffle,3,20560917,21560920.0,2287,70,D15,0.01876773363548286,-0.05081952848627691
3000,2,within_control_batch_shuffle,3,20560917,21560920.0,2287,70,D16,-0.006706717873233288,-0.0686745600608849
3000,2,within_control_batch_shuffle,3,20560917,21560920.0,2287,70,D17,-0.005076491461308285,-0.07065623428968615
3000,2,within_control_batch_shuffle,3,20560917,21560920.0,2287,70,D18,0.05146113320115028,-0.033047899528712676
3000,2,within_control_batch_shuffle,3,20560917,21560920.0,2287,70,D19,-0.009570788674662283,-0.054107010954591805
3000,2,within_control_batch_shuffle,3,20560917,21560920.0,2287,70,D20,-0.013369925524358322,-0.05651915198735624
3000,2,within_control_batch_shuffle,3,20560917,21560920.0,2287,70,D21,0.005776936724904678,-0.054389551375555456
3000,2,within_control_batch_shuffle,3,20560917,21560920.0,2287,70,D22,0.018942656354679375,-0.045705886067395785
3000,2,within_control_batch_shuffle,3,20560917,21560920.0,2287,70,D23,0.03056297740535958,-0.0382184301030406
3000,2,within_control_batch_shuffle,3,20560917,21560920.0,2287,70,D24,0.003990978319863327,-0.06242014056957501
3000,2,within_control_batch_shuffle,3,20560917,21560920.0,2287,70,D25,-0.058507024848752615,-0.09374903184766925
3000,2,within_control_batch_shuffle,3,20560917,21560920.0,2287,70,D26,-0.02775207915450323,-0.07154311642621258
3000,2,within_control_batch_shuffle,3,20560917,21560920.0,2287,70,D27,-0.0023131236583981796,-0.053174342484832327
3000,2,within_control_batch_shuffle,3,20560917,21560920.0,2287,70,D28,0.0006657600104533508,-0.055634871529675056
3000,2,within_control_batch_shuffle,3,20560917,21560920.0,2287,70,D29,0.003187431635606107,-0.07136584748755781
3000,2,within_control_batch_shuffle,3,20560917,21560920.0,2287,70,D30,-0.0411183968906324,-0.08810240617448017
3000,2,within_control_batch_shuffle,3,20560917,21560920.0,2287,70,D31,0.042220334382802975,-0.03512640665234468
3000,2,within_control_batch_shuffle,4,20560917,21560921.0,2287,70,D00,0.019932974603498906,-0.04893439314278103
3000,2,within_control_batch_shuffle,4,20560917,21560921.0,2287,70,D01,0.004786570732117439,-0.055354715381186415
3000,2,within_control_batch_shuffle,4,20560917,21560921.0,2287,70,D02,-0.03737200934082901,-0.07557137414030168
3000,2,within_control_batch_shuffle,4,20560917,21560921.0,2287,70,D03,-0.010609261593501236,-0.059522570841947786
3000,2,within_control_batch_shuffle,4,20560917,21560921.0,2287,70,D04,0.027538688183610677,-0.037429016697087425
3000,2,within_control_batch_shuffle,4,20560917,21560921.0,2287,70,D05,-0.037413978831053955,-0.08023516994744351
3000,2,within_control_batch_shuffle,4,20560917,21560921.0,2287,70,D06,0.007414321343652148,-0.056214978608015054
3000,2,within_control_batch_shuffle,4,20560917,21560921.0,2287,70,D07,-0.005038638530358544,-0.06654517285646122
3000,2,within_control_batch_shuffle,4,20560917,21560921.0,2287,70,D08,-0.0014814943217678486,-0.06570541284015707
3000,2,within_control_batch_shuffle,4,20560917,21560921.0,2287,70,D09,-0.009015189904274294,-0.06400651750605268
3000,2,within_control_batch_shuffle,4,20560917,21560921.0,2287,70,D10,0.01505228486857685,-0.04912366784919331
3000,2,within_control_batch_shuffle,4,20560917,21560921.0,2287,70,D11,-0.005980409608787242,-0.06607783044466609
3000,2,within_control_batch_shuffle,4,20560917,21560921.0,2287,70,D12,-0.004638969070012343,-0.05535641509955691
3000,2,within_control_batch_shuffle,4,20560917,21560921.0,2287,70,D13,-0.023229590524056647,-0.07524244293463322
3000,2,within_control_batch_shuffle,4,20560917,21560921.0,2287,70,D14,-0.0029280180044962763,-0.05582575395168354
3000,2,within_control_batch_shuffle,4,20560917,21560921.0,2287,70,D15,-0.05093214476299443,-0.08460880805798521
3000,2,within_control_batch_shuffle,4,20560917,21560921.0,2287,70,D16,-0.029375813270331747,-0.07267615312544273
3000,2,within_control_batch_shuffle,4,20560917,21560921.0,2287,70,D17,0.004640326535219225,-0.054732943059959016
3000,2,within_control_batch_shuffle,4,20560917,21560921.0,2287,70,D18,0.03346968017174867,-0.04502857770462687
3000,2,within_control_batch_shuffle,4,20560917,21560921.0,2287,70,D19,0.046407473454608536,-0.029793796107177917
3000,2,within_control_batch_shuffle,4,20560917,21560921.0,2287,70,D20,-0.027547514897623523,-0.06975874053569542
3000,2,within_control_batch_shuffle,4,20560917,21560921.0,2287,70,D21,-0.00918082664127819,-0.06606475119973099
3000,2,within_control_batch_shuffle,4,20560917,21560921.0,2287,70,D22,-0.002649953096445966,-0.04671218832870472
3000,2,within_control_batch_shuffle,4,20560917,21560921.0,2287,70,D23,-0.015709140808850476,-0.06747476080565074
3000,2,within_control_batch_shuffle,4,20560917,21560921.0,2287,70,D24,-0.020790113751334216,-0.08527778868594904
3000,2,within_control_batch_shuffle,4,20560917,21560921.0,2287,70,D25,-0.015453865887422176,-0.07440319484732094
3000,2,within_control_batch_shuffle,4,20560917,21560921.0,2287,70,D26,-0.04930489906672937,-0.08410064836538544
3000,2,within_control_batch_shuffle,4,20560917,21560921.0,2287,70,D27,0.033654629741680174,-0.037864625090739734
3000,2,within_control_batch_shuffle,4,20560917,21560921.0,2287,70,D28,-0.019839917535664692,-0.05783596942235514
3000,2,within_control_batch_shuffle,4,20560917,21560921.0,2287,70,D29,-0.018829373563611623,-0.06962345613241427
3000,2,within_control_batch_shuffle,4,20560917,21560921.0,2287,70,D30,0.002763168380991854,-0.06315682609385798
3000,2,within_control_batch_shuffle,4,20560917,21560921.0,2287,70,D31,0.00554913974099202,-0.06068925157202165
8000,0,exact_pair,-1,21060915,,2287,70,D00,0.08069491598059628,-0.013845026131016791
8000,0,exact_pair,-1,21060915,,2287,70,D01,0.05845929427300882,-0.025096293059158503
8000,0,exact_pair,-1,21060915,,2287,70,D02,0.12190178229907775,-0.007498154029111248
8000,0,exact_pair,-1,21060915,,2287,70,D03,0.11638172688535643,-0.0016013507977155061
8000,0,exact_pair,-1,21060915,,2287,70,D04,0.06591658378733832,-0.0208894165180451
8000,0,exact_pair,-1,21060915,,2287,70,D05,0.31745482014285664,0.09297573227508804
8000,0,exact_pair,-1,21060915,,2287,70,D06,0.09431772784255692,-0.00342372040593375
8000,0,exact_pair,-1,21060915,,2287,70,D07,0.09470837404412272,-0.015947548574169135
8000,0,exact_pair,-1,21060915,,2287,70,D08,0.09575318044392636,-0.020596542602197898
8000,0,exact_pair,-1,21060915,,2287,70,D09,0.06805922726549618,-0.015413290978219418
8000,0,exact_pair,-1,21060915,,2287,70,D10,0.10163168242508758,-0.013910340190158355
8000,0,exact_pair,-1,21060915,,2287,70,D11,0.076029044171031,-0.012881287053227553
8000,0,exact_pair,-1,21060915,,2287,70,D12,0.06355730456485421,-0.015289150234611748
8000,0,exact_pair,-1,21060915,,2287,70,D13,0.14088178933784568,0.006681821076574668
8000,0,exact_pair,-1,21060915,,2287,70,D14,0.0539134129558753,-0.02033300791480297
8000,0,exact_pair,-1,21060915,,2287,70,D15,0.10233642467162213,-0.005603142597700561
8000,0,exact_pair,-1,21060915,,2287,70,D16,0.04115698154443652,-0.029339241286234774
8000,0,exact_pair,-1,21060915,,2287,70,D17,0.11453813586705591,0.0031267151205777166
8000,0,exact_pair,-1,21060915,,2287,70,D18,0.18576021864566525,0.02021188414984232
8000,0,exact_pair,-1,21060915,,2287,70,D19,0.08583016972033025,-0.007533528305829318
8000,0,exact_pair,-1,21060915,,2287,70,D20,0.03489527320620854,-0.03214124666564211
8000,0,exact_pair,-1,21060915,,2287,70,D21,0.2486045534011265,0.05359815133650281
8000,0,exact_pair,-1,21060915,,2287,70,D22,0.20163377654702985,0.03181617965609873
8000,0,exact_pair,-1,21060915,,2287,70,D23,0.21597254470839153,0.03936671498108879
8000,0,exact_pair,-1,21060915,,2287,70,D24,0.2209127399440831,0.0351920264212916
8000,0,exact_pair,-1,21060915,,2287,70,D25,0.27293377026418414,0.06797481652152293
8000,0,exact_pair,-1,21060915,,2287,70,D26,0.06035998911220871,-0.01764140329704733
8000,0,exact_pair,-1,21060915,,2287,70,D27,0.05824344795105664,-0.022539371587785517
8000,0,exact_pair,-1,21060915,,2287,70,D28,0.08326373378446712,-0.009090035789885098
8000,0,exact_pair,-1,21060915,,2287,70,D29,0.15659669828599102,0.007945454607366509
8000,0,exact_pair,-1,21060915,,2287,70,D30,0.15129560041778456,0.0010191745171650446
8000,0,exact_pair,-1,21060915,,2287,70,D31,0.17982709857722526,0.02238364914373725
8000,0,within_control_batch_shuffle,0,21060915,22060915.0,2287,70,D00,-0.012223055967354774,-0.030776609301172764
8000,0,within_control_batch_shuffle,0,21060915,22060915.0,2287,70,D01,0.014246448040534604,-0.02102232265757986
8000,0,within_control_batch_shuffle,0,21060915,22060915.0,2287,70,D02,0.021914004432603964,-0.02804984955858103
8000,0,within_control_batch_shuffle,0,21060915,22060915.0,2287,70,D03,0.009371848878210067,-0.02394893841796608
8000,0,within_control_batch_shuffle,0,21060915,22060915.0,2287,70,D04,-0.02849639430663052,-0.04226503787077451
8000,0,within_control_batch_shuffle,0,21060915,22060915.0,2287,70,D05,-0.039518711774529036,-0.0360252090798987
8000,0,within_control_batch_shuffle,0,21060915,22060915.0,2287,70,D06,-0.001064985402075557,-0.02965421824962866
8000,0,within_control_batch_shuffle,0,21060915,22060915.0,2287,70,D07,0.005311849570377541,-0.033540822450788044
8000,0,within_control_batch_shuffle,0,21060915,22060915.0,2287,70,D08,0.0005387845778176435,-0.032489576399589826
8000,0,within_control_batch_shuffle,0,21060915,22060915.0,2287,70,D09,0.02037480927182143,-0.02574387371829867
8000,0,within_control_batch_shuffle,0,21060915,22060915.0,2287,70,D10,-0.004530325934436776,-0.03465593173276882
8000,0,within_control_batch_shuffle,0,21060915,22060915.0,2287,70,D11,0.06175189237724195,-0.008000007591126401
8000,0,within_control_batch_shuffle,0,21060915,22060915.0,2287,70,D12,0.002986477762196025,-0.02557825798484714
8000,0,within_control_batch_shuffle,0,21060915,22060915.0,2287,70,D13,0.03205691250268813,-0.02108607325338907
8000,0,within_control_batch_shuffle,0,21060915,22060915.0,2287,70,D14,-0.017215579731143075,-0.036064801319556805
8000,0,within_control_batch_shuffle,0,21060915,22060915.0,2287,70,D15,0.019260472303366034,-0.02195936322214509
8000,0,within_control_batch_shuffle,0,21060915,22060915.0,2287,70,D16,0.009611781808240539,-0.027970256792555048
8000,0,within_control_batch_shuffle,0,21060915,22060915.0,2287,70,D17,-0.0033023884746041956,-0.02590056860227863
8000,0,within_control_batch_shuffle,0,21060915,22060915.0,2287,70,D18,-0.020133351008448156,-0.03843924027919443
8000,0,within_control_batch_shuffle,0,21060915,22060915.0,2287,70,D19,0.03077583615976114,-0.017458188612988534
8000,0,within_control_batch_shuffle,0,21060915,22060915.0,2287,70,D20,0.026889803644441043,-0.02624489017945253
8000,0,within_control_batch_shuffle,0,21060915,22060915.0,2287,70,D21,-0.07113202416468299,-0.055472057926461815
8000,0,within_control_batch_shuffle,0,21060915,22060915.0,2287,70,D22,-0.011826001365092705,-0.03575189287581004
8000,0,within_control_batch_shuffle,0,21060915,22060915.0,2287,70,D23,0.013263265253455472,-0.030008031163857085
8000,0,within_control_batch_shuffle,0,21060915,22060915.0,2287,70,D24,-0.015853400009660793,-0.035821297577321776
8000,0,within_control_batch_shuffle,0,21060915,22060915.0,2287,70,D25,-0.006591328588089254,-0.034278401804144654
8000,0,within_control_batch_shuffle,0,21060915,22060915.0,2287,70,D26,0.01660403948900682,-0.02374678411709019
8000,0,within_control_batch_shuffle,0,21060915,22060915.0,2287,70,D27,0.04223148763403022,-0.020721581513983844
8000,0,within_control_batch_shuffle,0,21060915,22060915.0,2287,70,D28,0.018712204027043336,-0.024299448155268744
8000,0,within_control_batch_shuffle,0,21060915,22060915.0,2287,70,D29,-0.028087585655700485,-0.050934286312606325
8000,0,within_control_batch_shuffle,0,21060915,22060915.0,2287,70,D30,0.01360731047304216,-0.03977646579179073
8000,0,within_control_batch_shuffle,0,21060915,22060915.0,2287,70,D31,-0.0165074838095749,-0.030253159990651035
8000,0,within_control_batch_shuffle,1,21060915,22060916.0,2287,70,D00,0.016234114697630357,-0.023794521918558686
8000,0,within_control_batch_shuffle,1,21060915,22060916.0,2287,70,D01,0.005622391462941815,-0.02904645319208199
8000,0,within_control_batch_shuffle,1,21060915,22060916.0,2287,70,D02,0.007622264505683354,-0.035961462269549216
8000,0,within_control_batch_shuffle,1,21060915,22060916.0,2287,70,D03,0.018384429526887472,-0.02650560830266424
8000,0,within_control_batch_shuffle,1,21060915,22060916.0,2287,70,D04,-0.012287844753490876,-0.03675665337989842
8000,0,within_control_batch_shuffle,1,21060915,22060916.0,2287,70,D05,0.02882890342727936,-0.025005653596053667
8000,0,within_control_batch_shuffle,1,21060915,22060916.0,2287,70,D06,-0.03912159146793653,-0.053342563528197884
8000,0,within_control_batch_shuffle,1,21060915,22060916.0,2287,70,D07,-0.03672285773344425,-0.051308059648400794
8000,0,within_control_batch_shuffle,1,21060915,22060916.0,2287,70,D08,-0.004919253714519295,-0.03042706934333661
8000,0,within_control_batch_shuffle,1,21060915,22060916.0,2287,70,D09,0.003985936283291713,-0.029923027109589162
8000,0,within_control_batch_shuffle,1,21060915,22060916.0,2287,70,D10,-0.03678823344762353,-0.04689119922758156
8000,0,within_control_batch_shuffle,1,21060915,22060916.0,2287,70,D11,-0.04038646827882687,-0.05275845818260638
8000,0,within_control_batch_shuffle,1,21060915,22060916.0,2287,70,D12,-0.0099637900658217,-0.029937412222855952
8000,0,within_control_batch_shuffle,1,21060915,22060916.0,2287,70,D13,0.020228946841145904,-0.02523206462079397
8000,0,within_control_batch_shuffle,1,21060915,22060916.0,2287,70,D14,-0.03464590812431048,-0.03929918858729775
8000,0,within_control_batch_shuffle,1,21060915,22060916.0,2287,70,D15,-0.035666566728447265,-0.048945161613907606
8000,0,within_control_batch_shuffle,1,21060915,22060916.0,2287,70,D16,0.002832853522646115,-0.03009686438390813
8000,0,within_control_batch_shuffle,1,21060915,22060916.0,2287,70,D17,0.029283572720695986,-0.02203321929426605
8000,0,within_control_batch_shuffle,1,21060915,22060916.0,2287,70,D18,0.03356354632412132,-0.024069785099532837
8000,0,within_control_batch_shuffle,1,21060915,22060916.0,2287,70,D19,-0.03159368880336615,-0.03882172834039688
8000,0,within_control_batch_shuffle,1,21060915,22060916.0,2287,70,D20,-0.007680642066293327,-0.03966400995459374
8000,0,within_control_batch_shuffle,1,21060915,22060916.0,2287,70,D21,0.04301632186797429,-0.013976331377999918
8000,0,within_control_batch_shuffle,1,21060915,22060916.0,2287,70,D22,-0.006555314913546349,-0.031521743227831855
8000,0,within_control_batch_shuffle,1,21060915,22060916.0,2287,70,D23,0.020541472704375036,-0.02982212042826249
8000,0,within_control_batch_shuffle,1,21060915,22060916.0,2287,70,D24,0.030312568132467188,-0.02248775958101401
8000,0,within_control_batch_shuffle,1,21060915,22060916.0,2287,70,D25,-0.02863624431359067,-0.03728307632353656
8000,0,within_control_batch_shuffle,1,21060915,22060916.0,2287,70,D26,-0.017079864052947143,-0.03878612200117382
8000,0,within_control_batch_shuffle,1,21060915,22060916.0,2287,70,D27,0.014067993508075504,-0.02442781252898696
8000,0,within_control_batch_shuffle,1,21060915,22060916.0,2287,70,D28,-0.03035353405521512,-0.041226008327432284
8000,0,within_control_batch_shuffle,1,21060915,22060916.0,2287,70,D29,-0.005726897005133931,-0.03385312617043468
8000,0,within_control_batch_shuffle,1,21060915,22060916.0,2287,70,D30,-0.03168890034724764,-0.04973851846969746
8000,0,within_control_batch_shuffle,1,21060915,22060916.0,2287,70,D31,-0.017866422558417427,-0.037658041483850546
8000,0,within_control_batch_shuffle,2,21060915,22060917.0,2287,70,D00,-0.033464382679037466,-0.0448829572320395
8000,0,within_control_batch_shuffle,2,21060915,22060917.0,2287,70,D01,-0.011298683566228674,-0.03449085678792252
8000,0,within_control_batch_shuffle,2,21060915,22060917.0,2287,70,D02,0.04336084975153406,-0.018172868595170533
8000,0,within_control_batch_shuffle,2,21060915,22060917.0,2287,70,D03,0.03752172764655936,-0.021388351629954894
8000,0,within_control_batch_shuffle,2,21060915,22060917.0,2287,70,D04,-0.004634500545194584,-0.03456181688595561
8000,0,within_control_batch_shuffle,2,21060915,22060917.0,2287,70,D05,-0.04493613183620324,-0.04164204684510908
8000,0,within_control_batch_shuffle,2,21060915,22060917.0,2287,70,D06,-0.014711832672954638,-0.029360322326976274
8000,0,within_control_batch_shuffle,2,21060915,22060917.0,2287,70,D07,0.007963290093201517,-0.03223842223810003
8000,0,within_control_batch_shuffle,2,21060915,22060917.0,2287,70,D08,0.021029287573974407,-0.026192243743501153
8000,0,within_control_batch_shuffle,2,21060915,22060917.0,2287,70,D09,-0.0021880443975412465,-0.03706418771134756
8000,0,within_control_batch_shuffle,2,21060915,22060917.0,2287,70,D10,-0.003530553654395444,-0.03600405187766742
8000,0,within_control_batch_shuffle,2,21060915,22060917.0,2287,70,D11,-0.026410500191978235,-0.04440262190444466
8000,0,within_control_batch_shuffle,2,21060915,22060917.0,2287,70,D12,-0.019073429351569287,-0.03686760307654158
8000,0,within_control_batch_shuffle,2,21060915,22060917.0,2287,70,D13,-0.04943740597896317,-0.043254992827649996
8000,0,within_control_batch_shuffle,2,21060915,22060917.0,2287,70,D14,-0.014935708261942482,-0.03487393021230156
8000,0,within_control_batch_shuffle,2,21060915,22060917.0,2287,70,D15,0.006281299634895531,-0.030701998393958263
8000,0,within_control_batch_shuffle,2,21060915,22060917.0,2287,70,D16,-0.017733783799781674,-0.03817563815736413
8000,0,within_control_batch_shuffle,2,21060915,22060917.0,2287,70,D17,-0.046355423032194656,-0.04158053674933648
8000,0,within_control_batch_shuffle,2,21060915,22060917.0,2287,70,D18,0.03402874734622648,-0.02068877504868838
8000,0,within_control_batch_shuffle,2,21060915,22060917.0,2287,70,D19,0.01668698196109302,-0.019151707431604992
8000,0,within_control_batch_shuffle,2,21060915,22060917.0,2287,70,D20,0.011924384033754178,-0.029961716641217384
8000,0,within_control_batch_shuffle,2,21060915,22060917.0,2287,70,D21,-0.00917481114972323,-0.032610017785454026
8000,0,within_control_batch_shuffle,2,21060915,22060917.0,2287,70,D22,0.03044413985390703,-0.020412545334610233
8000,0,within_control_batch_shuffle,2,21060915,22060917.0,2287,70,D23,-0.0036587259629539274,-0.0321674503003877
8000,0,within_control_batch_shuffle,2,21060915,22060917.0,2287,70,D24,0.025442669361462642,-0.020461381670348944
8000,0,within_control_batch_shuffle,2,21060915,22060917.0,2287,70,D25,0.006663617098354392,-0.02886121626836502
8000,0,within_control_batch_shuffle,2,21060915,22060917.0,2287,70,D26,0.0019595588976997667,-0.035223480612360136
8000,0,within_control_batch_shuffle,2,21060915,22060917.0,2287,70,D27,-0.028575520840288433,-0.032813965343432505
8000,0,within_control_batch_shuffle,2,21060915,22060917.0,2287,70,D28,0.05399587745816856,-0.011561074281934536
8000,0,within_control_batch_shuffle,2,21060915,22060917.0,2287,70,D29,0.04936440375750935,-0.02035258202883039
8000,0,within_control_batch_shuffle,2,21060915,22060917.0,2287,70,D30,-0.03238428477794249,-0.04905944760745795
8000,0,within_control_batch_shuffle,2,21060915,22060917.0,2287,70,D31,0.004436705356263996,-0.028417340378877
8000,0,within_control_batch_shuffle,3,21060915,22060918.0,2287,70,D00,0.002604416562299073,-0.03039831631514911
8000,0,within_control_batch_shuffle,3,21060915,22060918.0,2287,70,D01,0.03047641182580444,-0.01971461916261852
8000,0,within_control_batch_shuffle,3,21060915,22060918.0,2287,70,D02,0.07160787718508042,-0.007896163142532941
8000,0,within_control_batch_shuffle,3,21060915,22060918.0,2287,70,D03,0.011618997193455868,-0.02587703539358044
8000,0,within_control_batch_shuffle,3,21060915,22060918.0,2287,70,D04,-0.0024110424575023346,-0.026579210552382326
8000,0,within_control_batch_shuffle,3,21060915,22060918.0,2287,70,D05,-0.0022720728402110435,-0.025423707519771632
8000,0,within_control_batch_shuffle,3,21060915,22060918.0,2287,70,D06,-0.019879180048941625,-0.037614924594380206
8000,0,within_control_batch_shuffle,3,21060915,22060918.0,2287,70,D07,-0.013362363483956105,-0.0401974634319302
8000,0,within_control_batch_shuffle,3,21060915,22060918.0,2287,70,D08,-0.016350472923055987,-0.03536450676084546
8000,0,within_control_batch_shuffle,3,21060915,22060918.0,2287,70,D09,0.035297406950564304,-0.016351100684439013
8000,0,within_control_batch_shuffle,3,21060915,22060918.0,2287,70,D10,0.02667189071162799,-0.02036205015178627
8000,0,within_control_batch_shuffle,3,21060915,22060918.0,2287,70,D11,0.02863275617697966,-0.01878205201628269
8000,0,within_control_batch_shuffle,3,21060915,22060918.0,2287,70,D12,-0.029333573342266505,-0.03864783520792425
8000,0,within_control_batch_shuffle,3,21060915,22060918.0,2287,70,D13,0.007148301019511915,-0.025857418236566954
8000,0,within_control_batch_shuffle,3,21060915,22060918.0,2287,70,D14,0.01889128377330831,-0.022215219291005672
8000,0,within_control_batch_shuffle,3,21060915,22060918.0,2287,70,D15,0.07164176450493966,-0.006457150330899886
8000,0,within_control_batch_shuffle,3,21060915,22060918.0,2287,70,D16,0.02482741379720686,-0.022586154282282722
8000,0,within_control_batch_shuffle,3,21060915,22060918.0,2287,70,D17,0.004233839373110349,-0.03163617560403176
8000,0,within_control_batch_shuffle,3,21060915,22060918.0,2287,70,D18,-0.031896691142203094,-0.03891021144770046
8000,0,within_control_batch_shuffle,3,21060915,22060918.0,2287,70,D19,0.02299583006828886,-0.022376534697205575
8000,0,within_control_batch_shuffle,3,21060915,22060918.0,2287,70,D20,-0.0062216527356665895,-0.03144863564451761
8000,0,within_control_batch_shuffle,3,21060915,22060918.0,2287,70,D21,0.005819872006902052,-0.02741315689455881
8000,0,within_control_batch_shuffle,3,21060915,22060918.0,2287,70,D22,0.014619214256894832,-0.030878084899153446
8000,0,within_control_batch_shuffle,3,21060915,22060918.0,2287,70,D23,0.03925498225723203,-0.01759713929916784
8000,0,within_control_batch_shuffle,3,21060915,22060918.0,2287,70,D24,-0.0024058549048742526,-0.02999732875422967
8000,0,within_control_batch_shuffle,3,21060915,22060918.0,2287,70,D25,0.021776864382168738,-0.019430292604774246
8000,0,within_control_batch_shuffle,3,21060915,22060918.0,2287,70,D26,0.04265102565608628,-0.01472539843842835
8000,0,within_control_batch_shuffle,3,21060915,22060918.0,2287,70,D27,-0.01706141658498763,-0.03545348888556488
8000,0,within_control_batch_shuffle,3,21060915,22060918.0,2287,70,D28,-0.007756608786534191,-0.032153048792118
8000,0,within_control_batch_shuffle,3,21060915,22060918.0,2287,70,D29,0.033318120387356244,-0.020464171927148334
8000,0,within_control_batch_shuffle,3,21060915,22060918.0,2287,70,D30,-0.019566382057732798,-0.04511479238214511
8000,0,within_control_batch_shuffle,3,21060915,22060918.0,2287,70,D31,0.010073264925103353,-0.026796829261051203
8000,0,within_control_batch_shuffle,4,21060915,22060919.0,2287,70,D00,-0.03201227458020734,-0.03926910869765643
8000,0,within_control_batch_shuffle,4,21060915,22060919.0,2287,70,D01,0.041268234351650654,-0.013653622448204894
8000,0,within_control_batch_shuffle,4,21060915,22060919.0,2287,70,D02,-0.024016899934061562,-0.04176463846614831
8000,0,within_control_batch_shuffle,4,21060915,22060919.0,2287,70,D03,0.024741876983643236,-0.01668473618658206
8000,0,within_control_batch_shuffle,4,21060915,22060919.0,2287,70,D04,-0.01453133790551057,-0.02622152488940155
8000,0,within_control_batch_shuffle,4,21060915,22060919.0,2287,70,D05,-0.04877022571953027,-0.05281193460094458
8000,0,within_control_batch_shuffle,4,21060915,22060919.0,2287,70,D06,-0.03925833265606766,-0.043133765214407704
8000,0,within_control_batch_shuffle,4,21060915,22060919.0,2287,70,D07,-0.0070565187354011795,-0.034763333577298994
8000,0,within_control_batch_shuffle,4,21060915,22060919.0,2287,70,D08,0.006840896779319695,-0.02775087418464417
8000,0,within_control_batch_shuffle,4,21060915,22060919.0,2287,70,D09,0.0077753540823935425,-0.029897686864634787
8000,0,within_control_batch_shuffle,4,21060915,22060919.0,2287,70,D10,-0.041228864845836224,-0.054883086662752545
8000,0,within_control_batch_shuffle,4,21060915,22060919.0,2287,70,D11,-0.008264906508259702,-0.03215944968882023
8000,0,within_control_batch_shuffle,4,21060915,22060919.0,2287,70,D12,0.010825117779855276,-0.02493467569084218
8000,0,within_control_batch_shuffle,4,21060915,22060919.0,2287,70,D13,0.00755627682212914,-0.024638109226933658
8000,0,within_control_batch_shuffle,4,21060915,22060919.0,2287,70,D14,-0.00987452444977165,-0.0298889093939243
8000,0,within_control_batch_shuffle,4,21060915,22060919.0,2287,70,D15,-0.05428080720840937,-0.0465604275289635
8000,0,within_control_batch_shuffle,4,21060915,22060919.0,2287,70,D16,0.005330984053272272,-0.02524587900090358
8000,0,within_control_batch_shuffle,4,21060915,22060919.0,2287,70,D17,0.005660301523255417,-0.024121944813966234
8000,0,within_control_batch_shuffle,4,21060915,22060919.0,2287,70,D18,0.020956758896141587,-0.025463954831792757
8000,0,within_control_batch_shuffle,4,21060915,22060919.0,2287,70,D19,-0.013730306263213723,-0.04011617641346765
8000,0,within_control_batch_shuffle,4,21060915,22060919.0,2287,70,D20,-0.023629926467657686,-0.03350412022911664
8000,0,within_control_batch_shuffle,4,21060915,22060919.0,2287,70,D21,0.013324386432653232,-0.020731907104367675
8000,0,within_control_batch_shuffle,4,21060915,22060919.0,2287,70,D22,0.007463020430236862,-0.030086349450708205
8000,0,within_control_batch_shuffle,4,21060915,22060919.0,2287,70,D23,-0.028248181910500818,-0.03989642077140787
8000,0,within_control_batch_shuffle,4,21060915,22060919.0,2287,70,D24,0.023224040124485874,-0.024427993599827946
8000,0,within_control_batch_shuffle,4,21060915,22060919.0,2287,70,D25,0.021909071325871828,-0.021269455807475968
8000,0,within_control_batch_shuffle,4,21060915,22060919.0,2287,70,D26,-0.02254639241124006,-0.03965836117225141
8000,0,within_control_batch_shuffle,4,21060915,22060919.0,2287,70,D27,0.008030342206729033,-0.03016583032785558
8000,0,within_control_batch_shuffle,4,21060915,22060919.0,2287,70,D28,-0.012546380135347892,-0.037354372311214634
8000,0,within_control_batch_shuffle,4,21060915,22060919.0,2287,70,D29,-0.004210218387622947,-0.03117829901011482
8000,0,within_control_batch_shuffle,4,21060915,22060919.0,2287,70,D30,0.019614041635759513,-0.028886228769064326
8000,0,within_control_batch_shuffle,4,21060915,22060919.0,2287,70,D31,-0.010610325881884472,-0.034519168178999804
8000,1,exact_pair,-1,21060916,,2287,70,D00,0.0838683915397969,-0.00932654645873443
8000,1,exact_pair,-1,21060916,,2287,70,D01,0.06576313259881365,-0.023374867473886285
8000,1,exact_pair,-1,21060916,,2287,70,D02,0.12113471279043474,-0.0061948030602365645
8000,1,exact_pair,-1,21060916,,2287,70,D03,0.11453373766090415,-0.0029941411221012793
8000,1,exact_pair,-1,21060916,,2287,70,D04,0.07159112531091959,-0.016140277440775286
8000,1,exact_pair,-1,21060916,,2287,70,D05,0.314437256917393,0.09261683387507647
8000,1,exact_pair,-1,21060916,,2287,70,D06,0.08729200776371893,-0.005795892595146679
8000,1,exact_pair,-1,21060916,,2287,70,D07,0.09912016437099735,-0.01514674308574615
8000,1,exact_pair,-1,21060916,,2287,70,D08,0.10591044295292343,-0.017494046569905386
8000,1,exact_pair,-1,21060916,,2287,70,D09,0.05830075329013898,-0.019600717958167868
8000,1,exact_pair,-1,21060916,,2287,70,D10,0.09144328936442613,-0.01967432815281378
8000,1,exact_pair,-1,21060916,,2287,70,D11,0.07062466875840183,-0.016181424514690734
8000,1,exact_pair,-1,21060916,,2287,70,D12,0.06997461779153254,-0.011344333087512037
8000,1,exact_pair,-1,21060916,,2287,70,D13,0.14210118479689435,0.006615017481532703
8000,1,exact_pair,-1,21060916,,2287,70,D14,0.047509618094304845,-0.02268416329968459
8000,1,exact_pair,-1,21060916,,2287,70,D15,0.08789445917281964,-0.010366399988025465
8000,1,exact_pair,-1,21060916,,2287,70,D16,0.04869811148413218,-0.026084267482610723
8000,1,exact_pair,-1,21060916,,2287,70,D17,0.11833405142706149,0.005954740120899249
8000,1,exact_pair,-1,21060916,,2287,70,D18,0.1798951692724445,0.016153938186220462
8000,1,exact_pair,-1,21060916,,2287,70,D19,0.08801169421445014,-0.00833528475061196
8000,1,exact_pair,-1,21060916,,2287,70,D20,0.04588104887860267,-0.031213446447132087
8000,1,exact_pair,-1,21060916,,2287,70,D21,0.24801010381328237,0.05473678423695394
8000,1,exact_pair,-1,21060916,,2287,70,D22,0.20181522508060407,0.03392712620040994
8000,1,exact_pair,-1,21060916,,2287,70,D23,0.20491008488113985,0.03211911632346198
8000,1,exact_pair,-1,21060916,,2287,70,D24,0.2113022464558311,0.030736216500833913
8000,1,exact_pair,-1,21060916,,2287,70,D25,0.26799025539872035,0.06453076272108194
8000,1,exact_pair,-1,21060916,,2287,70,D26,0.05356668906748324,-0.016650396331371553
8000,1,exact_pair,-1,21060916,,2287,70,D27,0.07899362933919395,-0.012670306577378554
8000,1,exact_pair,-1,21060916,,2287,70,D28,0.09649502856802385,-0.00341952563984127
8000,1,exact_pair,-1,21060916,,2287,70,D29,0.16117745519625828,0.012978103083172154
8000,1,exact_pair,-1,21060916,,2287,70,D30,0.16046292648377727,0.006623999760055788
8000,1,exact_pair,-1,21060916,,2287,70,D31,0.18094091573040894,0.024761995821450555
8000,1,within_control_batch_shuffle,0,21060916,22060916.0,2287,70,D00,-0.002198801545985058,-0.0302783947842733
8000,1,within_control_batch_shuffle,0,21060916,22060916.0,2287,70,D01,0.02242236079024328,-0.02168803952460263
8000,1,within_control_batch_shuffle,0,21060916,22060916.0,2287,70,D02,-0.027256910451583204,-0.04964319933162309
8000,1,within_control_batch_shuffle,0,21060916,22060916.0,2287,70,D03,0.024740133264613766,-0.02321868353743506
8000,1,within_control_batch_shuffle,0,21060916,22060916.0,2287,70,D04,0.023991659221260397,-0.02291654344743521
8000,1,within_control_batch_shuffle,0,21060916,22060916.0,2287,70,D05,-0.018788231033805614,-0.03533907807103387
8000,1,within_control_batch_shuffle,0,21060916,22060916.0,2287,70,D06,-0.0019100453384546519,-0.030547689679115253
8000,1,within_control_batch_shuffle,0,21060916,22060916.0,2287,70,D07,0.017632002825633243,-0.030719458371146757
8000,1,within_control_batch_shuffle,0,21060916,22060916.0,2287,70,D08,0.00936408527998961,-0.028692207026323135
8000,1,within_control_batch_shuffle,0,21060916,22060916.0,2287,70,D09,0.006647305367067593,-0.025051128384238286
8000,1,within_control_batch_shuffle,0,21060916,22060916.0,2287,70,D10,0.015316986229150863,-0.029418924891179588
8000,1,within_control_batch_shuffle,0,21060916,22060916.0,2287,70,D11,-0.019847433942324817,-0.040264715449921384
8000,1,within_control_batch_shuffle,0,21060916,22060916.0,2287,70,D12,0.011546891838278913,-0.024187853655467606
8000,1,within_control_batch_shuffle,0,21060916,22060916.0,2287,70,D13,0.007585305380017413,-0.030510680442360494
8000,1,within_control_batch_shuffle,0,21060916,22060916.0,2287,70,D14,0.018053679574311504,-0.0206028650031278
8000,1,within_control_batch_shuffle,0,21060916,22060916.0,2287,70,D15,0.029047779468870723,-0.022901580012095524
8000,1,within_control_batch_shuffle,0,21060916,22060916.0,2287,70,D16,-0.004947950912492289,-0.033925883047292826
8000,1,within_control_batch_shuffle,0,21060916,22060916.0,2287,70,D17,0.03787428386536576,-0.01756443498093896
8000,1,within_control_batch_shuffle,0,21060916,22060916.0,2287,70,D18,0.06215965578672736,-0.00918239443680502
8000,1,within_control_batch_shuffle,0,21060916,22060916.0,2287,70,D19,-0.0006591195040327477,-0.027282010202198226
8000,1,within_control_batch_shuffle,0,21060916,22060916.0,2287,70,D20,-0.03176439525968188,-0.046282647284708656
8000,1,within_control_batch_shuffle,0,21060916,22060916.0,2287,70,D21,-0.0006639214467965522,-0.02654300906899243
8000,1,within_control_batch_shuffle,0,21060916,22060916.0,2287,70,D22,0.022179409864788228,-0.028815093297963612
8000,1,within_control_batch_shuffle,0,21060916,22060916.0,2287,70,D23,0.004137688095520683,-0.02515170713343351
8000,1,within_control_batch_shuffle,0,21060916,22060916.0,2287,70,D24,0.003823205291201082,-0.03385792462708448
8000,1,within_control_batch_shuffle,0,21060916,22060916.0,2287,70,D25,-0.05163420431562,-0.04368771394719295
8000,1,within_control_batch_shuffle,0,21060916,22060916.0,2287,70,D26,-0.013157409845776843,-0.036806761113717945
8000,1,within_control_batch_shuffle,0,21060916,22060916.0,2287,70,D27,-0.02513882660023421,-0.042011319803786584
8000,1,within_control_batch_shuffle,0,21060916,22060916.0,2287,70,D28,0.010278111062490772,-0.025677720286504835
8000,1,within_control_batch_shuffle,0,21060916,22060916.0,2287,70,D29,0.027247940001136513,-0.024416586113053418
8000,1,within_control_batch_shuffle,0,21060916,22060916.0,2287,70,D30,-0.00813736822016344,-0.04218977163571824
8000,1,within_control_batch_shuffle,0,21060916,22060916.0,2287,70,D31,0.004879496067706122,-0.029020672622592558
8000,1,within_control_batch_shuffle,1,21060916,22060917.0,2287,70,D00,0.030325161699840026,-0.01895600334617109
8000,1,within_control_batch_shuffle,1,21060916,22060917.0,2287,70,D01,-0.0038869399519706714,-0.03729276326213671
8000,1,within_control_batch_shuffle,1,21060916,22060917.0,2287,70,D02,0.0012953832014643734,-0.03267648712919713
8000,1,within_control_batch_shuffle,1,21060916,22060917.0,2287,70,D03,-0.013136029843211413,-0.03777997696787394
8000,1,within_control_batch_shuffle,1,21060916,22060917.0,2287,70,D04,-0.08156586392532743,-0.06394624238650692
8000,1,within_control_batch_shuffle,1,21060916,22060917.0,2287,70,D05,-0.007544379837075349,-0.03374089655337942
8000,1,within_control_batch_shuffle,1,21060916,22060917.0,2287,70,D06,-0.007437735929487713,-0.03280201546874095
8000,1,within_control_batch_shuffle,1,21060916,22060917.0,2287,70,D07,-0.007957338281848657,-0.037273570762792696
8000,1,within_control_batch_shuffle,1,21060916,22060917.0,2287,70,D08,0.0211091911748949,-0.029996692693998073
8000,1,within_control_batch_shuffle,1,21060916,22060917.0,2287,70,D09,0.023619227797602716,-0.020046747173422697
8000,1,within_control_batch_shuffle,1,21060916,22060917.0,2287,70,D10,-0.006241015978361923,-0.035888945547593476
8000,1,within_control_batch_shuffle,1,21060916,22060917.0,2287,70,D11,0.03297761142101603,-0.02059205148929233
8000,1,within_control_batch_shuffle,1,21060916,22060917.0,2287,70,D12,-0.05798102618406731,-0.044509052539732474
8000,1,within_control_batch_shuffle,1,21060916,22060917.0,2287,70,D13,0.038277366996382435,-0.015858381335284832
8000,1,within_control_batch_shuffle,1,21060916,22060917.0,2287,70,D14,-0.022724447492811377,-0.031693933376211625
8000,1,within_control_batch_shuffle,1,21060916,22060917.0,2287,70,D15,0.062164215633935094,-0.00682889656625707
8000,1,within_control_batch_shuffle,1,21060916,22060917.0,2287,70,D16,0.03348310199313684,-0.017351565714571304
8000,1,within_control_batch_shuffle,1,21060916,22060917.0,2287,70,D17,-0.020025214222436246,-0.0337003298782208
8000,1,within_control_batch_shuffle,1,21060916,22060917.0,2287,70,D18,-0.014890562246187924,-0.03879800206208084
8000,1,within_control_batch_shuffle,1,21060916,22060917.0,2287,70,D19,-0.008890959386773398,-0.029643412419246395
8000,1,within_control_batch_shuffle,1,21060916,22060917.0,2287,70,D20,-0.013488939221820269,-0.03661694802184923
8000,1,within_control_batch_shuffle,1,21060916,22060917.0,2287,70,D21,0.06526276263388087,-0.005640818150465465
8000,1,within_control_batch_shuffle,1,21060916,22060917.0,2287,70,D22,0.023790200568047915,-0.023318567472335072
8000,1,within_control_batch_shuffle,1,21060916,22060917.0,2287,70,D23,-0.00876763401474673,-0.029082258192028698
8000,1,within_control_batch_shuffle,1,21060916,22060917.0,2287,70,D24,-0.03278116639043442,-0.051087422162834795
8000,1,within_control_batch_shuffle,1,21060916,22060917.0,2287,70,D25,0.024232221325957374,-0.022504133659405623
8000,1,within_control_batch_shuffle,1,21060916,22060917.0,2287,70,D26,-0.02584699146061856,-0.03998373423559998
8000,1,within_control_batch_shuffle,1,21060916,22060917.0,2287,70,D27,-0.0008639515797075806,-0.035422765922152655
8000,1,within_control_batch_shuffle,1,21060916,22060917.0,2287,70,D28,0.024658040125342482,-0.021429801109254187
8000,1,within_control_batch_shuffle,1,21060916,22060917.0,2287,70,D29,0.022957169455185725,-0.020536513658734767
8000,1,within_control_batch_shuffle,1,21060916,22060917.0,2287,70,D30,0.009585324188081576,-0.03487526217999415
8000,1,within_control_batch_shuffle,1,21060916,22060917.0,2287,70,D31,0.0150871453634132,-0.02379389958612177
8000,1,within_control_batch_shuffle,2,21060916,22060918.0,2287,70,D00,0.04271185146978594,-0.016086369095325903
8000,1,within_control_batch_shuffle,2,21060916,22060918.0,2287,70,D01,0.010040639191722914,-0.02392275226504692
8000,1,within_control_batch_shuffle,2,21060916,22060918.0,2287,70,D02,-0.016335049126624694,-0.03453797756545307
8000,1,within_control_batch_shuffle,2,21060916,22060918.0,2287,70,D03,0.025934655323227442,-0.019440068475349737
8000,1,within_control_batch_shuffle,2,21060916,22060918.0,2287,70,D04,0.02282334272795378,-0.019470586963154624
8000,1,within_control_batch_shuffle,2,21060916,22060918.0,2287,70,D05,0.03807302392245576,-0.014367474693273818
8000,1,within_control_batch_shuffle,2,21060916,22060918.0,2287,70,D06,-0.044008796481157415,-0.04549893639630942
8000,1,within_control_batch_shuffle,2,21060916,22060918.0,2287,70,D07,0.033717008385216574,-0.02154876510961845
8000,1,within_control_batch_shuffle,2,21060916,22060918.0,2287,70,D08,-0.017108770001007804,-0.041195383533780605
8000,1,within_control_batch_shuffle,2,21060916,22060918.0,2287,70,D09,0.00177019145375585,-0.02626928924688543
8000,1,within_control_batch_shuffle,2,21060916,22060918.0,2287,70,D10,0.01957029353576436,-0.019744600188324357
8000,1,within_control_batch_shuffle,2,21060916,22060918.0,2287,70,D11,0.02475517402032543,-0.017218737654498106
8000,1,within_control_batch_shuffle,2,21060916,22060918.0,2287,70,D12,0.012176696076284335,-0.022917320951093778
8000,1,within_control_batch_shuffle,2,21060916,22060918.0,2287,70,D13,0.010126177215668523,-0.02350437055611243
8000,1,within_control_batch_shuffle,2,21060916,22060918.0,2287,70,D14,0.01217145618532615,-0.021449364527293957
8000,1,within_control_batch_shuffle,2,21060916,22060918.0,2287,70,D15,-0.0021097452957928096,-0.031065195514134336
8000,1,within_control_batch_shuffle,2,21060916,22060918.0,2287,70,D16,0.040864113980521886,-0.018889335927991135
8000,1,within_control_batch_shuffle,2,21060916,22060918.0,2287,70,D17,-0.017241716355376066,-0.03128994525999107
8000,1,within_control_batch_shuffle,2,21060916,22060918.0,2287,70,D18,-0.0163726781934173,-0.03404462549325693
8000,1,within_control_batch_shuffle,2,21060916,22060918.0,2287,70,D19,0.002674933190211526,-0.022097766515347006
8000,1,within_control_batch_shuffle,2,21060916,22060918.0,2287,70,D20,0.019436682695360474,-0.025743690684264964
8000,1,within_control_batch_shuffle,2,21060916,22060918.0,2287,70,D21,0.002989176963747766,-0.02585320789754686
8000,1,within_control_batch_shuffle,2,21060916,22060918.0,2287,70,D22,0.0032814870243723627,-0.026588533590428787
8000,1,within_control_batch_shuffle,2,21060916,22060918.0,2287,70,D23,-0.03197361050564595,-0.03634920846538048
8000,1,within_control_batch_shuffle,2,21060916,22060918.0,2287,70,D24,0.01432951738967923,-0.030283329032266604
8000,1,within_control_batch_shuffle,2,21060916,22060918.0,2287,70,D25,0.06245703799292817,-0.0074340345389873885
8000,1,within_control_batch_shuffle,2,21060916,22060918.0,2287,70,D26,0.024893943033945518,-0.021289058715622478
8000,1,within_control_batch_shuffle,2,21060916,22060918.0,2287,70,D27,-0.007097140047628399,-0.034845252384328784
8000,1,within_control_batch_shuffle,2,21060916,22060918.0,2287,70,D28,-0.00012436285214160255,-0.02729179856523478
8000,1,within_control_batch_shuffle,2,21060916,22060918.0,2287,70,D29,-0.034932127933478475,-0.039226273607142925
8000,1,within_control_batch_shuffle,2,21060916,22060918.0,2287,70,D30,-0.030098197898959136,-0.05055955267322165
8000,1,within_control_batch_shuffle,2,21060916,22060918.0,2287,70,D31,-0.036805632028732105,-0.03585858549762344
8000,1,within_control_batch_shuffle,3,21060916,22060919.0,2287,70,D00,-0.004606529538409567,-0.0317240820018303
8000,1,within_control_batch_shuffle,3,21060916,22060919.0,2287,70,D01,0.0006517074613990401,-0.026723785016775414
8000,1,within_control_batch_shuffle,3,21060916,22060919.0,2287,70,D02,0.01884102902514539,-0.029062039877203683
8000,1,within_control_batch_shuffle,3,21060916,22060919.0,2287,70,D03,0.021057379321971274,-0.020623910687056934
8000,1,within_control_batch_shuffle,3,21060916,22060919.0,2287,70,D04,0.0008543344567480577,-0.028914893287901977
8000,1,within_control_batch_shuffle,3,21060916,22060919.0,2287,70,D05,-0.01016158200907819,-0.036680395418309475
8000,1,within_control_batch_shuffle,3,21060916,22060919.0,2287,70,D06,0.005615438778011394,-0.026627902207727594
8000,1,within_control_batch_shuffle,3,21060916,22060919.0,2287,70,D07,-0.0010126077654274124,-0.04133798403067157
8000,1,within_control_batch_shuffle,3,21060916,22060919.0,2287,70,D08,-0.015411856353263734,-0.04329495650076631
8000,1,within_control_batch_shuffle,3,21060916,22060919.0,2287,70,D09,0.002305318786664158,-0.034847517862687694
8000,1,within_control_batch_shuffle,3,21060916,22060919.0,2287,70,D10,-0.05235999547226093,-0.053947822218419095
8000,1,within_control_batch_shuffle,3,21060916,22060919.0,2287,70,D11,0.05902958162758837,-0.013052663103866768
8000,1,within_control_batch_shuffle,3,21060916,22060919.0,2287,70,D12,0.040461373967124854,-0.013256420015477444
8000,1,within_control_batch_shuffle,3,21060916,22060919.0,2287,70,D13,0.010725053143758953,-0.024873409716841932
8000,1,within_control_batch_shuffle,3,21060916,22060919.0,2287,70,D14,-0.02671239683018225,-0.035721071318115305
8000,1,within_control_batch_shuffle,3,21060916,22060919.0,2287,70,D15,0.0027059455321966465,-0.03200368139889487
8000,1,within_control_batch_shuffle,3,21060916,22060919.0,2287,70,D16,0.0056731853424651715,-0.031909934804973616
8000,1,within_control_batch_shuffle,3,21060916,22060919.0,2287,70,D17,-0.0012771313933788234,-0.03129213630523964
8000,1,within_control_batch_shuffle,3,21060916,22060919.0,2287,70,D18,-0.009954773291750296,-0.04042139453961435
8000,1,within_control_batch_shuffle,3,21060916,22060919.0,2287,70,D19,-0.0026962889416635312,-0.024509762205443764
8000,1,within_control_batch_shuffle,3,21060916,22060919.0,2287,70,D20,-0.04306090770065227,-0.05376565724903615
8000,1,within_control_batch_shuffle,3,21060916,22060919.0,2287,70,D21,-0.052615198002630786,-0.04741134570267924
8000,1,within_control_batch_shuffle,3,21060916,22060919.0,2287,70,D22,0.0052136202303173455,-0.029046395700733196
8000,1,within_control_batch_shuffle,3,21060916,22060919.0,2287,70,D23,0.00464296890956908,-0.035051095459196935
8000,1,within_control_batch_shuffle,3,21060916,22060919.0,2287,70,D24,0.01864049105552861,-0.025169378786525476
8000,1,within_control_batch_shuffle,3,21060916,22060919.0,2287,70,D25,-0.01194800744297939,-0.03352642188028865
8000,1,within_control_batch_shuffle,3,21060916,22060919.0,2287,70,D26,-0.008268593112810373,-0.03556068244514066
8000,1,within_control_batch_shuffle,3,21060916,22060919.0,2287,70,D27,0.003214942631028464,-0.027646550047841334
8000,1,within_control_batch_shuffle,3,21060916,22060919.0,2287,70,D28,-0.004561372869817747,-0.03570935345152915
8000,1,within_control_batch_shuffle,3,21060916,22060919.0,2287,70,D29,0.02454305847264407,-0.025539158625681457
8000,1,within_control_batch_shuffle,3,21060916,22060919.0,2287,70,D30,-0.05440955839992726,-0.05846415622822332
8000,1,within_control_batch_shuffle,3,21060916,22060919.0,2287,70,D31,-0.02574237150178917,-0.03736069721891311
8000,1,within_control_batch_shuffle,4,21060916,22060920.0,2287,70,D00,-0.021962245720827403,-0.036116864476537724
8000,1,within_control_batch_shuffle,4,21060916,22060920.0,2287,70,D01,0.026449907235168005,-0.022411859564432035
8000,1,within_control_batch_shuffle,4,21060916,22060920.0,2287,70,D02,-0.03509212808044757,-0.04607886578864173
8000,1,within_control_batch_shuffle,4,21060916,22060920.0,2287,70,D03,-0.0022683075907088796,-0.03315529063254119
8000,1,within_control_batch_shuffle,4,21060916,22060920.0,2287,70,D04,0.03318078253080647,-0.017303780566180427
8000,1,within_control_batch_shuffle,4,21060916,22060920.0,2287,70,D05,0.020666843885546318,-0.02439896390418217
8000,1,within_control_batch_shuffle,4,21060916,22060920.0,2287,70,D06,0.0025035325686791374,-0.026298384407946074
8000,1,within_control_batch_shuffle,4,21060916,22060920.0,2287,70,D07,-0.015019124676299954,-0.04292652225480631
8000,1,within_control_batch_shuffle,4,21060916,22060920.0,2287,70,D08,-0.01078988445752912,-0.044787032511499625
8000,1,within_control_batch_shuffle,4,21060916,22060920.0,2287,70,D09,-0.006641916695510615,-0.030319571009437496
8000,1,within_control_batch_shuffle,4,21060916,22060920.0,2287,70,D10,0.010257013147022122,-0.02821743066628013
8000,1,within_control_batch_shuffle,4,21060916,22060920.0,2287,70,D11,0.03863966040934255,-0.017141786244545987
8000,1,within_control_batch_shuffle,4,21060916,22060920.0,2287,70,D12,0.02833164401086368,-0.01747182930287483
8000,1,within_control_batch_shuffle,4,21060916,22060920.0,2287,70,D13,0.02674518324814358,-0.021899079559810852
8000,1,within_control_batch_shuffle,4,21060916,22060920.0,2287,70,D14,0.021516519898695633,-0.023378229188992794
8000,1,within_control_batch_shuffle,4,21060916,22060920.0,2287,70,D15,-0.010750837492824215,-0.038655725417136244
8000,1,within_control_batch_shuffle,4,21060916,22060920.0,2287,70,D16,-0.014333191996683701,-0.04096771314621939
8000,1,within_control_batch_shuffle,4,21060916,22060920.0,2287,70,D17,0.0319721373474439,-0.01752970844741819
8000,1,within_control_batch_shuffle,4,21060916,22060920.0,2287,70,D18,0.01711582190102082,-0.027661605302955916
8000,1,within_control_batch_shuffle,4,21060916,22060920.0,2287,70,D19,0.010252648783633286,-0.024857480724526537
8000,1,within_control_batch_shuffle,4,21060916,22060920.0,2287,70,D20,-0.018378479258790482,-0.043477146930425814
8000,1,within_control_batch_shuffle,4,21060916,22060920.0,2287,70,D21,-0.029389572364624774,-0.03707225518414203
8000,1,within_control_batch_shuffle,4,21060916,22060920.0,2287,70,D22,0.02380247199119067,-0.021945046157004766
8000,1,within_control_batch_shuffle,4,21060916,22060920.0,2287,70,D23,-0.008238193279371973,-0.03789254893954119
8000,1,within_control_batch_shuffle,4,21060916,22060920.0,2287,70,D24,0.0021771875002836345,-0.03411156095394996
8000,1,within_control_batch_shuffle,4,21060916,22060920.0,2287,70,D25,-0.04148441081263602,-0.043893566572985376
8000,1,within_control_batch_shuffle,4,21060916,22060920.0,2287,70,D26,-0.015546265970466386,-0.037631686970724276
8000,1,within_control_batch_shuffle,4,21060916,22060920.0,2287,70,D27,-0.026277004069108933,-0.037374848238475256
8000,1,within_control_batch_shuffle,4,21060916,22060920.0,2287,70,D28,0.018130779249762686,-0.022302232344340478
8000,1,within_control_batch_shuffle,4,21060916,22060920.0,2287,70,D29,0.044356021366821013,-0.01463574655357025
8000,1,within_control_batch_shuffle,4,21060916,22060920.0,2287,70,D30,0.0038049786261903024,-0.04234776503334414
8000,1,within_control_batch_shuffle,4,21060916,22060920.0,2287,70,D31,-0.023650241793720952,-0.03522089868546452
8000,2,exact_pair,-1,21060917,,2287,70,D00,0.0940684657097274,-0.00642125711712227
8000,2,exact_pair,-1,21060917,,2287,70,D01,0.0599866709760734,-0.0256448422912241
8000,2,exact_pair,-1,21060917,,2287,70,D02,0.11992359425564807,-0.0028412676312588037
8000,2,exact_pair,-1,21060917,,2287,70,D03,0.1108402281314846,-0.00511804049598652
8000,2,exact_pair,-1,21060917,,2287,70,D04,0.07088317368810197,-0.018855301286317294
8000,2,exact_pair,-1,21060917,,2287,70,D05,0.31231961470770414,0.09072551803625262
8000,2,exact_pair,-1,21060917,,2287,70,D06,0.09559672874642053,-0.0017975456765777498
8000,2,exact_pair,-1,21060917,,2287,70,D07,0.10938096165358928,-0.011842400653676366
8000,2,exact_pair,-1,21060917,,2287,70,D08,0.09843087679771255,-0.02307450399897859
8000,2,exact_pair,-1,21060917,,2287,70,D09,0.07640815382379983,-0.012640314767899063
8000,2,exact_pair,-1,21060917,,2287,70,D10,0.09376662029276503,-0.019738554088299276
8000,2,exact_pair,-1,21060917,,2287,70,D11,0.06936456718634491,-0.013781552258993024
8000,2,exact_pair,-1,21060917,,2287,70,D12,0.06420131123987027,-0.01290168634275668
8000,2,exact_pair,-1,21060917,,2287,70,D13,0.1432347035332412,0.005614254920520034
8000,2,exact_pair,-1,21060917,,2287,70,D14,0.06357294516918117,-0.01188408270660557
8000,2,exact_pair,-1,21060917,,2287,70,D15,0.10127152685816646,-0.003672142906144371
8000,2,exact_pair,-1,21060917,,2287,70,D16,0.0522455976306801,-0.025884994260284344
8000,2,exact_pair,-1,21060917,,2287,70,D17,0.11020278441737867,0.0020875528721649994
8000,2,exact_pair,-1,21060917,,2287,70,D18,0.19097686597141972,0.0238537893241062
8000,2,exact_pair,-1,21060917,,2287,70,D19,0.08613351002671739,-0.009312281824733759
8000,2,exact_pair,-1,21060917,,2287,70,D20,0.045964371166142735,-0.025250117536103733
8000,2,exact_pair,-1,21060917,,2287,70,D21,0.2509634116155267,0.05442891814853801
8000,2,exact_pair,-1,21060917,,2287,70,D22,0.20155922427182782,0.03262422041085988
8000,2,exact_pair,-1,21060917,,2287,70,D23,0.20630245023619317,0.034769062777435744
8000,2,exact_pair,-1,21060917,,2287,70,D24,0.22011535171101979,0.03546534375506172
8000,2,exact_pair,-1,21060917,,2287,70,D25,0.26814542810578895,0.06548266914440315
8000,2,exact_pair,-1,21060917,,2287,70,D26,0.05689367008844945,-0.014440520976526594
8000,2,exact_pair,-1,21060917,,2287,70,D27,0.08149674473177361,-0.011401869207621651
8000,2,exact_pair,-1,21060917,,2287,70,D28,0.09703641227687482,-0.003593545718141744
8000,2,exact_pair,-1,21060917,,2287,70,D29,0.15712976429661688,0.01039121770532947
8000,2,exact_pair,-1,21060917,,2287,70,D30,0.1641481760572558,0.008236635441136064
8000,2,exact_pair,-1,21060917,,2287,70,D31,0.16678687165057746,0.015608132541168773
8000,2,within_control_batch_shuffle,0,21060917,22060917.0,2287,70,D00,-0.06591608698903738,-0.05278391784253533
8000,2,within_control_batch_shuffle,0,21060917,22060917.0,2287,70,D01,-0.03393013770911595,-0.044832753640322354
8000,2,within_control_batch_shuffle,0,21060917,22060917.0,2287,70,D02,0.03431495457298488,-0.017526212079753245
8000,2,within_control_batch_shuffle,0,21060917,22060917.0,2287,70,D03,0.0027382407958427804,-0.027595992387559054
8000,2,within_control_batch_shuffle,0,21060917,22060917.0,2287,70,D04,-0.0474298306021137,-0.04763949564769332
8000,2,within_control_batch_shuffle,0,21060917,22060917.0,2287,70,D05,0.013264800650991535,-0.03369037489587967
8000,2,within_control_batch_shuffle,0,21060917,22060917.0,2287,70,D06,0.047893341089178955,-0.009618262433862546
8000,2,within_control_batch_shuffle,0,21060917,22060917.0,2287,70,D07,-0.01956011118840568,-0.04334436565021638
8000,2,within_control_batch_shuffle,0,21060917,22060917.0,2287,70,D08,-0.0471231520698125,-0.05203074955067666
8000,2,within_control_batch_shuffle,0,21060917,22060917.0,2287,70,D09,-0.032021783476907456,-0.04396477506384344
8000,2,within_control_batch_shuffle,0,21060917,22060917.0,2287,70,D10,-0.0033969131040521515,-0.037598001190279895
8000,2,within_control_batch_shuffle,0,21060917,22060917.0,2287,70,D11,0.008722112397969266,-0.024736316466773323
8000,2,within_control_batch_shuffle,0,21060917,22060917.0,2287,70,D12,0.0026248641430459217,-0.02850608690041434
8000,2,within_control_batch_shuffle,0,21060917,22060917.0,2287,70,D13,0.008244092011224093,-0.028227242962865162
8000,2,within_control_batch_shuffle,0,21060917,22060917.0,2287,70,D14,0.022651877299249414,-0.020497996506178007
8000,2,within_control_batch_shuffle,0,21060917,22060917.0,2287,70,D15,0.0009400842006780583,-0.03052944754037168
8000,2,within_control_batch_shuffle,0,21060917,22060917.0,2287,70,D16,0.010280109193446222,-0.028075160897982787
8000,2,within_control_batch_shuffle,0,21060917,22060917.0,2287,70,D17,-0.029594234072247122,-0.04178474314809222
8000,2,within_control_batch_shuffle,0,21060917,22060917.0,2287,70,D18,0.03015257723071038,-0.021273767121830378
8000,2,within_control_batch_shuffle,0,21060917,22060917.0,2287,70,D19,-0.05425398232471096,-0.046459080347304615
8000,2,within_control_batch_shuffle,0,21060917,22060917.0,2287,70,D20,0.0031805092072707416,-0.031959494133127375
8000,2,within_control_batch_shuffle,0,21060917,22060917.0,2287,70,D21,0.005539201523374375,-0.028045884478318683
8000,2,within_control_batch_shuffle,0,21060917,22060917.0,2287,70,D22,-0.005382447691195209,-0.03146357697687607
8000,2,within_control_batch_shuffle,0,21060917,22060917.0,2287,70,D23,-0.05249652078610396,-0.05350932832008315
8000,2,within_control_batch_shuffle,0,21060917,22060917.0,2287,70,D24,-0.00588873154027885,-0.03500998023167923
8000,2,within_control_batch_shuffle,0,21060917,22060917.0,2287,70,D25,0.005107421020876078,-0.026820473235821263
8000,2,within_control_batch_shuffle,0,21060917,22060917.0,2287,70,D26,0.005995675941182134,-0.029787611353718768
8000,2,within_control_batch_shuffle,0,21060917,22060917.0,2287,70,D27,-0.03992755050923195,-0.045663364536356
8000,2,within_control_batch_shuffle,0,21060917,22060917.0,2287,70,D28,0.016944679639579092,-0.02378743338183642
8000,2,within_control_batch_shuffle,0,21060917,22060917.0,2287,70,D29,-0.003776320816077671,-0.031782790868699395
8000,2,within_control_batch_shuffle,0,21060917,22060917.0,2287,70,D30,0.02739339097804612,-0.02910040155075455
8000,2,within_control_batch_shuffle,0,21060917,22060917.0,2287,70,D31,0.03479251401698813,-0.020061895572190513
8000,2,within_control_batch_shuffle,1,21060917,22060918.0,2287,70,D00,-0.016929519270013575,-0.03398534993903146
8000,2,within_control_batch_shuffle,1,21060917,22060918.0,2287,70,D01,0.029416822738898757,-0.019908429622759405
8000,2,within_control_batch_shuffle,1,21060917,22060918.0,2287,70,D02,-0.018323440117323123,-0.03760020825155874
8000,2,within_control_batch_shuffle,1,21060917,22060918.0,2287,70,D03,-0.007673123000739469,-0.027945757351102607
8000,2,within_control_batch_shuffle,1,21060917,22060918.0,2287,70,D04,0.008138018987835735,-0.024305609314407395
8000,2,within_control_batch_shuffle,1,21060917,22060918.0,2287,70,D05,0.025666150993950875,-0.02452219066747552
8000,2,within_control_batch_shuffle,1,21060917,22060918.0,2287,70,D06,-0.014906140829725734,-0.03208367395945744
8000,2,within_control_batch_shuffle,1,21060917,22060918.0,2287,70,D07,-0.012620756408819444,-0.03563079638363709
8000,2,within_control_batch_shuffle,1,21060917,22060918.0,2287,70,D08,0.0194997832760386,-0.025187597221205893
8000,2,within_control_batch_shuffle,1,21060917,22060918.0,2287,70,D09,-0.010126137536778532,-0.034671394412301826
8000,2,within_control_batch_shuffle,1,21060917,22060918.0,2287,70,D10,0.029461609219860702,-0.024045131249888385
8000,2,within_control_batch_shuffle,1,21060917,22060918.0,2287,70,D11,-0.0006588039453641288,-0.032502502658780186
8000,2,within_control_batch_shuffle,1,21060917,22060918.0,2287,70,D12,0.017216518887862936,-0.02010977274887149
8000,2,within_control_batch_shuffle,1,21060917,22060918.0,2287,70,D13,-0.03788911677724511,-0.04612607607438712
8000,2,within_control_batch_shuffle,1,21060917,22060918.0,2287,70,D14,-0.058316196081237524,-0.04836182480504059
8000,2,within_control_batch_shuffle,1,21060917,22060918.0,2287,70,D15,-0.011020293897868082,-0.03811763840566473
8000,2,within_control_batch_shuffle,1,21060917,22060918.0,2287,70,D16,0.0016477087487966548,-0.026768053318073637
8000,2,within_control_batch_shuffle,1,21060917,22060918.0,2287,70,D17,-0.018327324193715095,-0.03519260348241171
8000,2,within_control_batch_shuffle,1,21060917,22060918.0,2287,70,D18,0.0311967772093566,-0.021072628242416513
8000,2,within_control_batch_shuffle,1,21060917,22060918.0,2287,70,D19,0.033204114406621514,-0.01975962493744765
8000,2,within_control_batch_shuffle,1,21060917,22060918.0,2287,70,D20,-0.02210945205836541,-0.04481415281603596
8000,2,within_control_batch_shuffle,1,21060917,22060918.0,2287,70,D21,-0.013158310358379104,-0.02778328426102039
8000,2,within_control_batch_shuffle,1,21060917,22060918.0,2287,70,D22,0.020690897931193587,-0.03010715900661487
8000,2,within_control_batch_shuffle,1,21060917,22060918.0,2287,70,D23,-0.026326399318985387,-0.0426745131731161
8000,2,within_control_batch_shuffle,1,21060917,22060918.0,2287,70,D24,0.00459614606317355,-0.028473301350304014
8000,2,within_control_batch_shuffle,1,21060917,22060918.0,2287,70,D25,-0.03216560984892392,-0.03514550089288493
8000,2,within_control_batch_shuffle,1,21060917,22060918.0,2287,70,D26,-0.04723500784581225,-0.044984058394911486
8000,2,within_control_batch_shuffle,1,21060917,22060918.0,2287,70,D27,0.010501997814725725,-0.025366261663226863
8000,2,within_control_batch_shuffle,1,21060917,22060918.0,2287,70,D28,0.002448495645857879,-0.02821991213122632
8000,2,within_control_batch_shuffle,1,21060917,22060918.0,2287,70,D29,0.009820935918272279,-0.03262066125151897
8000,2,within_control_batch_shuffle,1,21060917,22060918.0,2287,70,D30,0.017043327027412472,-0.033027699511202435
8000,2,within_control_batch_shuffle,1,21060917,22060918.0,2287,70,D31,0.017230372996168277,-0.021432644728243133
8000,2,within_control_batch_shuffle,2,21060917,22060919.0,2287,70,D00,0.016274171323485694,-0.02631329824530204
8000,2,within_control_batch_shuffle,2,21060917,22060919.0,2287,70,D01,-0.03441994768827736,-0.04448222293565873
8000,2,within_control_batch_shuffle,2,21060917,22060919.0,2287,70,D02,0.03777070828126161,-0.014035376851916137
8000,2,within_control_batch_shuffle,2,21060917,22060919.0,2287,70,D03,-0.01635006038631925,-0.036559186997903614
8000,2,within_control_batch_shuffle,2,21060917,22060919.0,2287,70,D04,0.0044005963537686,-0.028020980488454583
8000,2,within_control_batch_shuffle,2,21060917,22060919.0,2287,70,D05,-0.019218009649915407,-0.0384573491706961
8000,2,within_control_batch_shuffle,2,21060917,22060919.0,2287,70,D06,0.018466266964013333,-0.02175461769225495
8000,2,within_control_batch_shuffle,2,21060917,22060919.0,2287,70,D07,-0.012560679223418239,-0.033585078394466006
8000,2,within_control_batch_shuffle,2,21060917,22060919.0,2287,70,D08,0.016549745761925107,-0.027746442799672755
8000,2,within_control_batch_shuffle,2,21060917,22060919.0,2287,70,D09,0.03730781695529473,-0.01857601181476709
8000,2,within_control_batch_shuffle,2,21060917,22060919.0,2287,70,D10,-0.02812331074426974,-0.039171858578394225
8000,2,within_control_batch_shuffle,2,21060917,22060919.0,2287,70,D11,-0.016669328854261378,-0.0355757492091795
8000,2,within_control_batch_shuffle,2,21060917,22060919.0,2287,70,D12,0.01120840356832335,-0.02136253157573864
8000,2,within_control_batch_shuffle,2,21060917,22060919.0,2287,70,D13,-0.016783449019970132,-0.04063550689984008
8000,2,within_control_batch_shuffle,2,21060917,22060919.0,2287,70,D14,0.029024744536995488,-0.022477481792191112
8000,2,within_control_batch_shuffle,2,21060917,22060919.0,2287,70,D15,0.003475506286366339,-0.02223607247009851
8000,2,within_control_batch_shuffle,2,21060917,22060919.0,2287,70,D16,-0.014565209627775575,-0.03595535865507049
8000,2,within_control_batch_shuffle,2,21060917,22060919.0,2287,70,D17,0.003484208215018585,-0.02630400309627956
8000,2,within_control_batch_shuffle,2,21060917,22060919.0,2287,70,D18,0.015777802246873182,-0.02632938624689385
8000,2,within_control_batch_shuffle,2,21060917,22060919.0,2287,70,D19,-0.0004541352805414423,-0.029726302398610516
8000,2,within_control_batch_shuffle,2,21060917,22060919.0,2287,70,D20,-0.025605303046867853,-0.03922246443825972
8000,2,within_control_batch_shuffle,2,21060917,22060919.0,2287,70,D21,-0.029599496354142548,-0.04025215462072684
8000,2,within_control_batch_shuffle,2,21060917,22060919.0,2287,70,D22,0.0142062332029762,-0.025180675624157045
8000,2,within_control_batch_shuffle,2,21060917,22060919.0,2287,70,D23,-0.02806195809605407,-0.037248858984073596
8000,2,within_control_batch_shuffle,2,21060917,22060919.0,2287,70,D24,0.01123641362974397,-0.03199506582238154
8000,2,within_control_batch_shuffle,2,21060917,22060919.0,2287,70,D25,-0.02466214047365843,-0.036695789511767885
8000,2,within_control_batch_shuffle,2,21060917,22060919.0,2287,70,D26,0.035352614200891246,-0.019990258972261588
8000,2,within_control_batch_shuffle,2,21060917,22060919.0,2287,70,D27,0.006391667984981757,-0.022796005278916898
8000,2,within_control_batch_shuffle,2,21060917,22060919.0,2287,70,D28,-0.016624747269454374,-0.038600338285909475
8000,2,within_control_batch_shuffle,2,21060917,22060919.0,2287,70,D29,0.040648609800453865,-0.01863009818596506
8000,2,within_control_batch_shuffle,2,21060917,22060919.0,2287,70,D30,-0.022947117899690984,-0.049444115967636426
8000,2,within_control_batch_shuffle,2,21060917,22060919.0,2287,70,D31,0.011558645998721064,-0.024241931362734226
8000,2,within_control_batch_shuffle,3,21060917,22060920.0,2287,70,D00,0.012554587923205098,-0.02612715731159465
8000,2,within_control_batch_shuffle,3,21060917,22060920.0,2287,70,D01,-0.003155423438995886,-0.03571339170077659
8000,2,within_control_batch_shuffle,3,21060917,22060920.0,2287,70,D02,0.03377425873206163,-0.019973725056043223
8000,2,within_control_batch_shuffle,3,21060917,22060920.0,2287,70,D03,-0.01771486013207015,-0.03893211734687907
8000,2,within_control_batch_shuffle,3,21060917,22060920.0,2287,70,D04,0.06009849833761565,-0.008687627468318748
8000,2,within_control_batch_shuffle,3,21060917,22060920.0,2287,70,D05,0.013373542186359262,-0.030034557208304724
8000,2,within_control_batch_shuffle,3,21060917,22060920.0,2287,70,D06,-0.008450544264082796,-0.03323923199858303
8000,2,within_control_batch_shuffle,3,21060917,22060920.0,2287,70,D07,-0.010618815156709985,-0.039846392510704653
8000,2,within_control_batch_shuffle,3,21060917,22060920.0,2287,70,D08,-0.02268458363296441,-0.03914180402138223
8000,2,within_control_batch_shuffle,3,21060917,22060920.0,2287,70,D09,0.0018706140230921903,-0.02877442468353486
8000,2,within_control_batch_shuffle,3,21060917,22060920.0,2287,70,D10,-0.05563497450960497,-0.04625712016038652
8000,2,within_control_batch_shuffle,3,21060917,22060920.0,2287,70,D11,0.01179366897956334,-0.02663306936048926
8000,2,within_control_batch_shuffle,3,21060917,22060920.0,2287,70,D12,0.04304506047300531,-0.012950974476554578
8000,2,within_control_batch_shuffle,3,21060917,22060920.0,2287,70,D13,0.009926345148833894,-0.03509735508581868
8000,2,within_control_batch_shuffle,3,21060917,22060920.0,2287,70,D14,-0.009908195751013352,-0.036791545614091925
8000,2,within_control_batch_shuffle,3,21060917,22060920.0,2287,70,D15,0.006548402610695528,-0.028243460555984035
8000,2,within_control_batch_shuffle,3,21060917,22060920.0,2287,70,D16,-0.02077237484762264,-0.04545074042421393
8000,2,within_control_batch_shuffle,3,21060917,22060920.0,2287,70,D17,0.006184852906808269,-0.027041886193420517
8000,2,within_control_batch_shuffle,3,21060917,22060920.0,2287,70,D18,0.024824043029617927,-0.023705078825589698
8000,2,within_control_batch_shuffle,3,21060917,22060920.0,2287,70,D19,-0.01657432027676962,-0.032585413358106496
8000,2,within_control_batch_shuffle,3,21060917,22060920.0,2287,70,D20,-0.04565125764662339,-0.048020360424448016
8000,2,within_control_batch_shuffle,3,21060917,22060920.0,2287,70,D21,-0.012426293460604207,-0.03424237146923059
8000,2,within_control_batch_shuffle,3,21060917,22060920.0,2287,70,D22,0.04714637376896257,-0.0162758834419221
8000,2,within_control_batch_shuffle,3,21060917,22060920.0,2287,70,D23,-0.014284767438924146,-0.04216852894471068
8000,2,within_control_batch_shuffle,3,21060917,22060920.0,2287,70,D24,0.02474840308145414,-0.020395446741973577
8000,2,within_control_batch_shuffle,3,21060917,22060920.0,2287,70,D25,-0.004861753468698209,-0.02653680857646723
8000,2,within_control_batch_shuffle,3,21060917,22060920.0,2287,70,D26,-0.02031378918608454,-0.034775851404742264
8000,2,within_control_batch_shuffle,3,21060917,22060920.0,2287,70,D27,0.007157027480295425,-0.026812434055316636
8000,2,within_control_batch_shuffle,3,21060917,22060920.0,2287,70,D28,-0.057143184455563066,-0.05074050742008773
8000,2,within_control_batch_shuffle,3,21060917,22060920.0,2287,70,D29,0.009076358680733383,-0.03200657407984986
8000,2,within_control_batch_shuffle,3,21060917,22060920.0,2287,70,D30,0.03348578167393574,-0.025673276334038153
8000,2,within_control_batch_shuffle,3,21060917,22060920.0,2287,70,D31,0.003005136682407446,-0.02696064171839696
8000,2,within_control_batch_shuffle,4,21060917,22060921.0,2287,70,D00,0.0017146417674463457,-0.02840852295946683
8000,2,within_control_batch_shuffle,4,21060917,22060921.0,2287,70,D01,0.0010430935222055942,-0.03597349878931233
8000,2,within_control_batch_shuffle,4,21060917,22060921.0,2287,70,D02,0.011338737747495794,-0.027189678989358423
8000,2,within_control_batch_shuffle,4,21060917,22060921.0,2287,70,D03,0.0039598194096000325,-0.02639338976666572
8000,2,within_control_batch_shuffle,4,21060917,22060921.0,2287,70,D04,0.00037723414366291983,-0.032700933258361875
8000,2,within_control_batch_shuffle,4,21060917,22060921.0,2287,70,D05,0.031869986589968834,-0.019728699931570892
8000,2,within_control_batch_shuffle,4,21060917,22060921.0,2287,70,D06,-0.008467755443016908,-0.029740966396160085
8000,2,within_control_batch_shuffle,4,21060917,22060921.0,2287,70,D07,0.01261948738017173,-0.03693262711058476
8000,2,within_control_batch_shuffle,4,21060917,22060921.0,2287,70,D08,-0.0035422005393510887,-0.033144235472182704
8000,2,within_control_batch_shuffle,4,21060917,22060921.0,2287,70,D09,-0.01797442094650638,-0.036193943530737904
8000,2,within_control_batch_shuffle,4,21060917,22060921.0,2287,70,D10,-0.040234292012485795,-0.04599579360640127
8000,2,within_control_batch_shuffle,4,21060917,22060921.0,2287,70,D11,0.007106795877008427,-0.020744476393302014
8000,2,within_control_batch_shuffle,4,21060917,22060921.0,2287,70,D12,-0.02307455998137651,-0.03563664885081108
8000,2,within_control_batch_shuffle,4,21060917,22060921.0,2287,70,D13,0.027802469393380925,-0.02510969361508919
8000,2,within_control_batch_shuffle,4,21060917,22060921.0,2287,70,D14,0.02830588135650584,-0.018225640464096582
8000,2,within_control_batch_shuffle,4,21060917,22060921.0,2287,70,D15,0.015716770707949395,-0.027183765082752886
8000,2,within_control_batch_shuffle,4,21060917,22060921.0,2287,70,D16,-0.0017867521649344584,-0.0362683396272232
8000,2,within_control_batch_shuffle,4,21060917,22060921.0,2287,70,D17,0.00819268461305105,-0.029880839375599155
8000,2,within_control_batch_shuffle,4,21060917,22060921.0,2287,70,D18,0.030669255952745767,-0.02243210184966693
8000,2,within_control_batch_shuffle,4,21060917,22060921.0,2287,70,D19,-0.026181589418962904,-0.034066121079705525
8000,2,within_control_batch_shuffle,4,21060917,22060921.0,2287,70,D20,-0.014511722027673507,-0.041558276362732904
8000,2,within_control_batch_shuffle,4,21060917,22060921.0,2287,70,D21,0.017075969673297785,-0.028220522672451454
8000,2,within_control_batch_shuffle,4,21060917,22060921.0,2287,70,D22,0.0432904897748408,-0.017751546467340562
8000,2,within_control_batch_shuffle,4,21060917,22060921.0,2287,70,D23,-0.009872438611667495,-0.03329222779258734
8000,2,within_control_batch_shuffle,4,21060917,22060921.0,2287,70,D24,-0.009763864422096844,-0.03857884332597106
8000,2,within_control_batch_shuffle,4,21060917,22060921.0,2287,70,D25,-0.0039020030517715244,-0.02853519102749158
8000,2,within_control_batch_shuffle,4,21060917,22060921.0,2287,70,D26,0.0034873970941222627,-0.03163154658602019
8000,2,within_control_batch_shuffle,4,21060917,22060921.0,2287,70,D27,0.009284300161348256,-0.029092740946113915
8000,2,within_control_batch_shuffle,4,21060917,22060921.0,2287,70,D28,-0.0221551670350849,-0.035503695953664316
8000,2,within_control_batch_shuffle,4,21060917,22060921.0,2287,70,D29,-0.007816677390058955,-0.03621612464446211
8000,2,within_control_batch_shuffle,4,21060917,22060921.0,2287,70,D30,-0.013083917344442614,-0.04433422007682286
8000,2,within_control_batch_shuffle,4,21060917,22060921.0,2287,70,D31,-0.01623432949984643,-0.033712385521843524
